game_id,away_team_id,home_team_id,away_team,home_team,date,location,stadium,start,end,leaguegame,duration,attend,temp,wind,weather,ref,ump,line,lj,bj,fj,sj,posteam,down,togo,spot,context,play_id,tokens,desc,newcontext,play_type,clock,oob,first_down_with,score,away_score_post,home_score_post,turnover,drive_number,drive_vh,drive_team,drive_start,drive_end,drive_plays,drive_yards,drive_top,drive_start_how,drive_start_qtr,drive_start_time,drive_start_spot,drive_end_how,drive_end_qtr,drive_end_time,drive_end_spot,drive_rz
2021_02_FG_SS,FG,SS,Frankfurt Galaxy,Stuttgart Surge,6/27/2021,Stuttgart,Gazi-Stadion,15:00,18:05,Y,2:05,750,26 C,no wind,partly cloudy,M. Scholz,D. Clemence,S. Heimerdinger,A. Ortmann,J. Scott,C. Beckmann,Y. Hamiko,FG,1,10,FG35,"V,1,10,V35","0,1,0","CMT:FG wins toss, elects to receive, SS to defend W goal","FG wins toss, elects to receive, SS to defend W goal","V,1,10,V35",NA,NA,0,NA,0,0,0,NA,0,NA,NA,NA,NA,NA,NA,NA,NA,NA,NA,NA,NA,NA,NA,NA,NA
2021_02_FG_SS,FG,SS,Frankfurt Galaxy,Stuttgart Surge,6/27/2021,Stuttgart,Gazi-Stadion,15:00,18:05,Y,2:05,750,26 C,no wind,partly cloudy,M. Scholz,D. Clemence,S. Heimerdinger,A. Ortmann,J. Scott,C. Beckmann,Y. Hamiko,FG,1,10,FG35,"V,1,10,V35","0,2,1","SPOT:H,H35,N",SS ball on SS35.,"H,1,10,H35",NA,NA,0,NA,0,0,0,NA,0,NA,NA,NA,NA,NA,NA,NA,NA,NA,NA,NA,NA,NA,NA,NA,NA
2021_02_FG_SS,FG,SS,Frankfurt Galaxy,Stuttgart Surge,6/27/2021,Stuttgart,Gazi-Stadion,15:00,18:05,Y,2:05,750,26 C,no wind,partly cloudy,M. Scholz,D. Clemence,S. Heimerdinger,A. Ortmann,J. Scott,C. Beckmann,Y. Hamiko,SS,1,10,SS35,"H,1,10,H35","0,3,2","KO:3,V00 TB:","T. Bronn kickoff 65 yards to the FG0, touchback.","V,1,10,V25",kick_off,NA,0,NA,0,0,0,NA,0,NA,NA,NA,NA,NA,NA,NA,NA,NA,NA,NA,NA,NA,NA,NA,NA
2021_02_FG_SS,FG,SS,Frankfurt Galaxy,Stuttgart Surge,6/27/2021,Stuttgart,Gazi-Stadion,15:00,18:05,Y,2:05,750,26 C,no wind,partly cloudy,M. Scholz,D. Clemence,S. Heimerdinger,A. Ortmann,J. Scott,C. Beckmann,Y. Hamiko,FG,1,10,FG25,"V,1,10,V25","1,1,3","{DRIVE}:15:00 PASS:7,C,84,V31 OB:","FRANKFURT GALAXY drive start at 15:00, J. Sullivan pass complete to C. Sow for 6 yards to the FG31, out-of-bounds.","V,2,4,V31",pass,15:00,1,NA,0,0,0,NA,1,V,FG,"KO,1,15:00,25","TD,1,09:01,100",9,75,5:59,KO,1,15:00,FG25,TD,1,09:01,SS00,1
2021_02_FG_SS,FG,SS,Frankfurt Galaxy,Stuttgart Surge,6/27/2021,Stuttgart,Gazi-Stadion,15:00,18:05,Y,2:05,750,26 C,no wind,partly cloudy,M. Scholz,D. Clemence,S. Heimerdinger,A. Ortmann,J. Scott,C. Beckmann,Y. Hamiko,FG,2,4,FG31,"V,2,4,V31","1,2,4","PASS:7,C,84,V27 OB: PEN:V,OH,A,TM,V16,N NOPLAY:","J. Sullivan pass complete to C. Sow for loss of 4 yards to the FG27, out-of-bounds, PENALTY FG OH 15 yards to the FG16, NO PLAY.","V,2,19,V16",penalty,NA,1,NA,0,0,0,NA,1,V,FG,"KO,1,15:00,25","TD,1,09:01,100",9,75,5:59,KO,1,15:00,FG25,TD,1,09:01,SS00,1
2021_02_FG_SS,FG,SS,Frankfurt Galaxy,Stuttgart Surge,6/27/2021,Stuttgart,Gazi-Stadion,15:00,18:05,Y,2:05,750,26 C,no wind,partly cloudy,M. Scholz,D. Clemence,S. Heimerdinger,A. Ortmann,J. Scott,C. Beckmann,Y. Hamiko,FG,2,19,FG16,"V,2,19,V16","1,3,5","RUSH:7,V27, OB:","J. Sullivan rush for 11 yards to the FG27, out-of-bounds.","V,3,8,V27",rush,NA,1,NA,0,0,0,NA,1,V,FG,"KO,1,15:00,25","TD,1,09:01,100",9,75,5:59,KO,1,15:00,FG25,TD,1,09:01,SS00,1
2021_02_FG_SS,FG,SS,Frankfurt Galaxy,Stuttgart Surge,6/27/2021,Stuttgart,Gazi-Stadion,15:00,18:05,Y,2:05,750,26 C,no wind,partly cloudy,M. Scholz,D. Clemence,S. Heimerdinger,A. Ortmann,J. Scott,C. Beckmann,Y. Hamiko,FG,3,8,FG27,"V,3,8,V27","1,4,6","RUSH:7,H48, TACK:8","J. Sullivan rush for 25 yards to the SS48, 1ST DOWN FG (V. Ferrier).","V,1,10,H48",rush,NA,0,rush,0,0,0,NA,1,V,FG,"KO,1,15:00,25","TD,1,09:01,100",9,75,5:59,KO,1,15:00,FG25,TD,1,09:01,SS00,1
2021_02_FG_SS,FG,SS,Frankfurt Galaxy,Stuttgart Surge,6/27/2021,Stuttgart,Gazi-Stadion,15:00,18:05,Y,2:05,750,26 C,no wind,partly cloudy,M. Scholz,D. Clemence,S. Heimerdinger,A. Ortmann,J. Scott,C. Beckmann,Y. Hamiko,FG,1,10,SS48,"V,1,10,H48","1,5,7","RUSH:21,H48, OB:","G. Adams rush for no gain to the SS48, out-of-bounds.","V,2,10,H48",rush,NA,1,NA,0,0,0,NA,1,V,FG,"KO,1,15:00,25","TD,1,09:01,100",9,75,5:59,KO,1,15:00,FG25,TD,1,09:01,SS00,1
2021_02_FG_SS,FG,SS,Frankfurt Galaxy,Stuttgart Surge,6/27/2021,Stuttgart,Gazi-Stadion,15:00,18:05,Y,2:05,750,26 C,no wind,partly cloudy,M. Scholz,D. Clemence,S. Heimerdinger,A. Ortmann,J. Scott,C. Beckmann,Y. Hamiko,FG,2,10,SS48,"V,2,10,H48","1,6,8","PASS:7,C,82,H43 TACK:23 PEN:V,UH,A,75,V42,N NOPLAY:","J. Sullivan pass complete to H. Schwarz for 5 yards to the SS43 (M. Dabo), PENALTY FG illegal use of hands (J. Christensen) 10 yards to the FG42, NO PLAY.","V,2,20,V42",penalty,NA,0,NA,0,0,0,NA,1,V,FG,"KO,1,15:00,25","TD,1,09:01,100",9,75,5:59,KO,1,15:00,FG25,TD,1,09:01,SS00,1
2021_02_FG_SS,FG,SS,Frankfurt Galaxy,Stuttgart Surge,6/27/2021,Stuttgart,Gazi-Stadion,15:00,18:05,Y,2:05,750,26 C,no wind,partly cloudy,M. Scholz,D. Clemence,S. Heimerdinger,A. Ortmann,J. Scott,C. Beckmann,Y. Hamiko,FG,2,20,FG42,"V,2,20,V42","1,7,9","PASS:7,C,86,H19 TACK:33","J. Sullivan pass complete to L. Regler for 39 yards to the SS19, 1ST DOWN FG (B. Wenzler).","V,1,10,H19",pass,NA,0,pass,0,0,0,NA,1,V,FG,"KO,1,15:00,25","TD,1,09:01,100",9,75,5:59,KO,1,15:00,FG25,TD,1,09:01,SS00,1
2021_02_FG_SS,FG,SS,Frankfurt Galaxy,Stuttgart Surge,6/27/2021,Stuttgart,Gazi-Stadion,15:00,18:05,Y,2:05,750,26 C,no wind,partly cloudy,M. Scholz,D. Clemence,S. Heimerdinger,A. Ortmann,J. Scott,C. Beckmann,Y. Hamiko,FG,1,10,SS19,"V,1,10,H19","1,8,10","PASS:7,I,86,*",J. Sullivan pass incomplete to L. Regler.,"V,2,10,H19",pass,NA,0,NA,0,0,0,NA,1,V,FG,"KO,1,15:00,25","TD,1,09:01,100",9,75,5:59,KO,1,15:00,FG25,TD,1,09:01,SS00,1
2021_02_FG_SS,FG,SS,Frankfurt Galaxy,Stuttgart Surge,6/27/2021,Stuttgart,Gazi-Stadion,15:00,18:05,Y,2:05,750,26 C,no wind,partly cloudy,M. Scholz,D. Clemence,S. Heimerdinger,A. Ortmann,J. Scott,C. Beckmann,Y. Hamiko,FG,2,10,SS19,"V,2,10,H19","1,9,11","PASS:7,S,TM,H21 SACK:91,98",J. Sullivan sacked for loss of 2 yards to the SS21 (F. Haufe;M. Fuerst).,"V,3,12,H21",pass,NA,0,NA,0,0,0,NA,1,V,FG,"KO,1,15:00,25","TD,1,09:01,100",9,75,5:59,KO,1,15:00,FG25,TD,1,09:01,SS00,1
2021_02_FG_SS,FG,SS,Frankfurt Galaxy,Stuttgart Surge,6/27/2021,Stuttgart,Gazi-Stadion,15:00,18:05,Y,2:05,750,26 C,no wind,partly cloudy,M. Scholz,D. Clemence,S. Heimerdinger,A. Ortmann,J. Scott,C. Beckmann,Y. Hamiko,FG,3,12,SS21,"V,3,12,H21","1,10,12","PASS:7,C,84,H02 OB:","J. Sullivan pass complete to C. Sow for 19 yards to the SS2, 1ST DOWN FG, out-of-bounds.","V,1,0,H02",pass,NA,1,pass,0,0,0,NA,1,V,FG,"KO,1,15:00,25","TD,1,09:01,100",9,75,5:59,KO,1,15:00,FG25,TD,1,09:01,SS00,1
2021_02_FG_SS,FG,SS,Frankfurt Galaxy,Stuttgart Surge,6/27/2021,Stuttgart,Gazi-Stadion,15:00,18:05,Y,2:05,750,26 C,no wind,partly cloudy,M. Scholz,D. Clemence,S. Heimerdinger,A. Ortmann,J. Scott,C. Beckmann,Y. Hamiko,FG,1,0,SS02,"V,1,0,H02","1,11,13","RUSH:21,H00, T:09:01","G. Adams rush for 2 yards to the SS0, 1ST DOWN FG, TOUCHDOWN, clock 09:01.","V,1,10,H15",rush,09:01,0,rush,1,6,0,NA,1,V,FG,"KO,1,15:00,25","TD,1,09:01,100",9,75,5:59,KO,1,15:00,FG25,TD,1,09:01,SS00,1
2021_02_FG_SS,FG,SS,Frankfurt Galaxy,Stuttgart Surge,6/27/2021,Stuttgart,Gazi-Stadion,15:00,18:05,Y,2:05,750,26 C,no wind,partly cloudy,M. Scholz,D. Clemence,S. Heimerdinger,A. Ortmann,J. Scott,C. Beckmann,Y. Hamiko,FG,1,10,SS15,"V,1,10,H15","1,12,14","PAT:K,15,G",M. Siemssen kick attempt good.,"V,1,0,V35",pat,NA,0,NA,1,7,0,NA,1,V,FG,"KO,1,15:00,25","TD,1,09:01,100",9,75,5:59,KO,1,15:00,FG25,TD,1,09:01,SS00,1
2021_02_FG_SS,FG,SS,Frankfurt Galaxy,Stuttgart Surge,6/27/2021,Stuttgart,Gazi-Stadion,15:00,18:05,Y,2:05,750,26 C,no wind,partly cloudy,M. Scholz,D. Clemence,S. Heimerdinger,A. Ortmann,J. Scott,C. Beckmann,Y. Hamiko,FG,1,0,FG35,"V,1,0,V35","1,13,15","KO:19,V35 TB:","N. Strahmann kickoff 0 yards to the FG35, touchback.","H,1,10,H25",kick_off,NA,0,NA,0,7,0,NA,1,V,FG,"KO,1,15:00,25","TD,1,09:01,100",9,75,5:59,KO,1,15:00,FG25,TD,1,09:01,SS00,1
2021_02_FG_SS,FG,SS,Frankfurt Galaxy,Stuttgart Surge,6/27/2021,Stuttgart,Gazi-Stadion,15:00,18:05,Y,2:05,750,26 C,no wind,partly cloudy,M. Scholz,D. Clemence,S. Heimerdinger,A. Ortmann,J. Scott,C. Beckmann,Y. Hamiko,SS,1,10,SS25,"H,1,10,H25","2,1,16",{DRIVE}:09:01,STUTTGART SURGE drive start at 09:01.,"H,1,10,H25",NA,09:01,0,NA,0,7,0,NA,2,H,SS,"KO,1,09:01,25","PUNT,1,07:00,28",3,3,2:01,KO,1,09:01,SS25,PUNT,1,07:00,SS28,NA
2021_02_FG_SS,FG,SS,Frankfurt Galaxy,Stuttgart Surge,6/27/2021,Stuttgart,Gazi-Stadion,15:00,18:05,Y,2:05,750,26 C,no wind,partly cloudy,M. Scholz,D. Clemence,S. Heimerdinger,A. Ortmann,J. Scott,C. Beckmann,Y. Hamiko,SS,1,10,SS25,"H,1,10,H25","2,2,17","RUSH:7,H27, TACK:41",T. Edel rush for 2 yards to the SS27 (S. Gauthier).,"H,2,8,H27",rush,NA,0,NA,0,7,0,NA,2,H,SS,"KO,1,09:01,25","PUNT,1,07:00,28",3,3,2:01,KO,1,09:01,SS25,PUNT,1,07:00,SS28,NA
2021_02_FG_SS,FG,SS,Frankfurt Galaxy,Stuttgart Surge,6/27/2021,Stuttgart,Gazi-Stadion,15:00,18:05,Y,2:05,750,26 C,no wind,partly cloudy,M. Scholz,D. Clemence,S. Heimerdinger,A. Ortmann,J. Scott,C. Beckmann,Y. Hamiko,SS,2,8,SS27,"H,2,8,H27","2,3,18","PASS:6,C,4,H33",J. Wright pass complete to A. Eitel for 6 yards to the SS33.,"H,3,2,H33",pass,NA,0,NA,0,7,0,NA,2,H,SS,"KO,1,09:01,25","PUNT,1,07:00,28",3,3,2:01,KO,1,09:01,SS25,PUNT,1,07:00,SS28,NA
2021_02_FG_SS,FG,SS,Frankfurt Galaxy,Stuttgart Surge,6/27/2021,Stuttgart,Gazi-Stadion,15:00,18:05,Y,2:05,750,26 C,no wind,partly cloudy,M. Scholz,D. Clemence,S. Heimerdinger,A. Ortmann,J. Scott,C. Beckmann,Y. Hamiko,SS,3,2,SS33,"H,3,2,H33","2,4,19","PEN:H,DG,A,6,H28,N",PENALTY SS delay of game (J. Wright) 5 yards to the SS28.,"H,3,7,H28",penalty,NA,0,NA,0,7,0,NA,2,H,SS,"KO,1,09:01,25","PUNT,1,07:00,28",3,3,2:01,KO,1,09:01,SS25,PUNT,1,07:00,SS28,NA
2021_02_FG_SS,FG,SS,Frankfurt Galaxy,Stuttgart Surge,6/27/2021,Stuttgart,Gazi-Stadion,15:00,18:05,Y,2:05,750,26 C,no wind,partly cloudy,M. Scholz,D. Clemence,S. Heimerdinger,A. Ortmann,J. Scott,C. Beckmann,Y. Hamiko,SS,3,7,SS28,"H,3,7,H28","2,5,20","PASS:6,I,14,*",J. Wright pass incomplete to L. Geyer.,"H,4,7,H28",pass,NA,0,NA,0,7,0,NA,2,H,SS,"KO,1,09:01,25","PUNT,1,07:00,28",3,3,2:01,KO,1,09:01,SS25,PUNT,1,07:00,SS28,NA
2021_02_FG_SS,FG,SS,Frankfurt Galaxy,Stuttgart Surge,6/27/2021,Stuttgart,Gazi-Stadion,15:00,18:05,Y,2:05,750,26 C,no wind,partly cloudy,M. Scholz,D. Clemence,S. Heimerdinger,A. Ortmann,J. Scott,C. Beckmann,Y. Hamiko,SS,4,7,SS28,"H,4,7,H28","2,6,21","PUNT:3,V27",T. Bronn punt 45 yards to the FG27.,"V,1,10,V27",punt,NA,0,NA,0,7,0,NA,2,H,SS,"KO,1,09:01,25","PUNT,1,07:00,28",3,3,2:01,KO,1,09:01,SS25,PUNT,1,07:00,SS28,NA
2021_02_FG_SS,FG,SS,Frankfurt Galaxy,Stuttgart Surge,6/27/2021,Stuttgart,Gazi-Stadion,15:00,18:05,Y,2:05,750,26 C,no wind,partly cloudy,M. Scholz,D. Clemence,S. Heimerdinger,A. Ortmann,J. Scott,C. Beckmann,Y. Hamiko,FG,1,10,FG27,"V,1,10,V27","3,1,22",{DRIVE}:07:00,FRANKFURT GALAXY drive start at 07:00.,"V,1,10,V27",NA,07:00,0,NA,0,7,0,NA,3,V,FG,"PUNT,1,07:00,27","TD,1,05:45,100",3,73,1:15,PUNT,1,07:00,FG27,TD,1,05:45,SS00,1
2021_02_FG_SS,FG,SS,Frankfurt Galaxy,Stuttgart Surge,6/27/2021,Stuttgart,Gazi-Stadion,15:00,18:05,Y,2:05,750,26 C,no wind,partly cloudy,M. Scholz,D. Clemence,S. Heimerdinger,A. Ortmann,J. Scott,C. Beckmann,Y. Hamiko,FG,1,10,FG27,"V,1,10,V27","3,2,23","RUSH:21,V33, TACK:20 PEN:V,OH,A,77,V17,N NOPLAY:","G. Adams rush for 6 yards to the FG33 (D. Warren), PENALTY FG OH (Y. Kiehl) 10 yards to the FG17, NO PLAY.","V,1,20,V17",penalty,NA,0,NA,0,7,0,NA,3,V,FG,"PUNT,1,07:00,27","TD,1,05:45,100",3,73,1:15,PUNT,1,07:00,FG27,TD,1,05:45,SS00,1
2021_02_FG_SS,FG,SS,Frankfurt Galaxy,Stuttgart Surge,6/27/2021,Stuttgart,Gazi-Stadion,15:00,18:05,Y,2:05,750,26 C,no wind,partly cloudy,M. Scholz,D. Clemence,S. Heimerdinger,A. Ortmann,J. Scott,C. Beckmann,Y. Hamiko,FG,1,20,FG17,"V,1,20,V17","3,3,24","RUSH:21,V24, TACK:98,55 PEN:H,FMM,A,55,V39,1","G. Adams rush for 7 yards to the FG24 (M. Fuerst;D. Gratza), PENALTY SS FMM (D. Gratza) 15 yards to the FG39, 1ST DOWN FG.","V,1,10,V39",rush,NA,0,penalty,0,7,0,NA,3,V,FG,"PUNT,1,07:00,27","TD,1,05:45,100",3,73,1:15,PUNT,1,07:00,FG27,TD,1,05:45,SS00,1
2021_02_FG_SS,FG,SS,Frankfurt Galaxy,Stuttgart Surge,6/27/2021,Stuttgart,Gazi-Stadion,15:00,18:05,Y,2:05,750,26 C,no wind,partly cloudy,M. Scholz,D. Clemence,S. Heimerdinger,A. Ortmann,J. Scott,C. Beckmann,Y. Hamiko,FG,1,10,FG39,"V,1,10,V39","3,4,25","D:1,10 RUSH:21,H01, TACK:23","1st and 10, G. Adams rush for 60 yards to the SS1, 1ST DOWN FG (M. Dabo).","V,1,0,H01",rush,NA,0,rush,0,7,0,NA,3,V,FG,"PUNT,1,07:00,27","TD,1,05:45,100",3,73,1:15,PUNT,1,07:00,FG27,TD,1,05:45,SS00,1
2021_02_FG_SS,FG,SS,Frankfurt Galaxy,Stuttgart Surge,6/27/2021,Stuttgart,Gazi-Stadion,15:00,18:05,Y,2:05,750,26 C,no wind,partly cloudy,M. Scholz,D. Clemence,S. Heimerdinger,A. Ortmann,J. Scott,C. Beckmann,Y. Hamiko,FG,1,0,SS01,"V,1,0,H01","3,5,26","RUSH:21,H00, T:05:45","G. Adams rush for 1 yard to the SS0, 1ST DOWN FG, TOUCHDOWN, clock 05:45.","V,1,10,H15",rush,05:45,0,rush,1,13,0,NA,3,V,FG,"PUNT,1,07:00,27","TD,1,05:45,100",3,73,1:15,PUNT,1,07:00,FG27,TD,1,05:45,SS00,1
2021_02_FG_SS,FG,SS,Frankfurt Galaxy,Stuttgart Surge,6/27/2021,Stuttgart,Gazi-Stadion,15:00,18:05,Y,2:05,750,26 C,no wind,partly cloudy,M. Scholz,D. Clemence,S. Heimerdinger,A. Ortmann,J. Scott,C. Beckmann,Y. Hamiko,FG,1,10,SS15,"V,1,10,H15","3,6,27","PAT:K,15,M",M. Siemssen kick attempt failed.,"V,1,0,V35",pat,NA,0,NA,0,13,0,NA,3,V,FG,"PUNT,1,07:00,27","TD,1,05:45,100",3,73,1:15,PUNT,1,07:00,FG27,TD,1,05:45,SS00,1
2021_02_FG_SS,FG,SS,Frankfurt Galaxy,Stuttgart Surge,6/27/2021,Stuttgart,Gazi-Stadion,15:00,18:05,Y,2:05,750,26 C,no wind,partly cloudy,M. Scholz,D. Clemence,S. Heimerdinger,A. Ortmann,J. Scott,C. Beckmann,Y. Hamiko,FG,1,0,FG35,"V,1,0,V35","3,7,28","KO:19,H01 RET:23,H21 TACK:59","N. Strahmann kickoff 64 yards to the SS1, M. Dabo return 20 yards to the SS21 (R. Warkentin).","H,1,10,H21",kick_off,NA,0,NA,0,13,0,NA,3,V,FG,"PUNT,1,07:00,27","TD,1,05:45,100",3,73,1:15,PUNT,1,07:00,FG27,TD,1,05:45,SS00,1
2021_02_FG_SS,FG,SS,Frankfurt Galaxy,Stuttgart Surge,6/27/2021,Stuttgart,Gazi-Stadion,15:00,18:05,Y,2:05,750,26 C,no wind,partly cloudy,M. Scholz,D. Clemence,S. Heimerdinger,A. Ortmann,J. Scott,C. Beckmann,Y. Hamiko,SS,1,10,SS21,"H,1,10,H21","4,1,29",{DRIVE}:05:45,STUTTGART SURGE drive start at 05:45.,"H,1,10,H21",NA,05:45,0,NA,0,13,0,NA,4,H,SS,"KO,1,05:45,21","PUNT,1,04:02,26",3,5,1:43,KO,1,05:45,SS21,PUNT,1,04:02,SS26,NA
2021_02_FG_SS,FG,SS,Frankfurt Galaxy,Stuttgart Surge,6/27/2021,Stuttgart,Gazi-Stadion,15:00,18:05,Y,2:05,750,26 C,no wind,partly cloudy,M. Scholz,D. Clemence,S. Heimerdinger,A. Ortmann,J. Scott,C. Beckmann,Y. Hamiko,SS,1,10,SS21,"H,1,10,H21","4,2,30","RUSH:27,H25, TACK:40",S. Shannon rush for 4 yards to the SS25 (K. King).,"H,2,6,H25",rush,NA,0,NA,0,13,0,NA,4,H,SS,"KO,1,05:45,21","PUNT,1,04:02,26",3,5,1:43,KO,1,05:45,SS21,PUNT,1,04:02,SS26,NA
2021_02_FG_SS,FG,SS,Frankfurt Galaxy,Stuttgart Surge,6/27/2021,Stuttgart,Gazi-Stadion,15:00,18:05,Y,2:05,750,26 C,no wind,partly cloudy,M. Scholz,D. Clemence,S. Heimerdinger,A. Ortmann,J. Scott,C. Beckmann,Y. Hamiko,SS,2,6,SS25,"H,2,6,H25","4,3,31","RUSH:27,H26, TACK:97",S. Shannon rush for 1 yard to the SS26 (W. Drew).,"H,3,5,H26",rush,NA,0,NA,0,13,0,NA,4,H,SS,"KO,1,05:45,21","PUNT,1,04:02,26",3,5,1:43,KO,1,05:45,SS21,PUNT,1,04:02,SS26,NA
2021_02_FG_SS,FG,SS,Frankfurt Galaxy,Stuttgart Surge,6/27/2021,Stuttgart,Gazi-Stadion,15:00,18:05,Y,2:05,750,26 C,no wind,partly cloudy,M. Scholz,D. Clemence,S. Heimerdinger,A. Ortmann,J. Scott,C. Beckmann,Y. Hamiko,SS,3,5,SS26,"H,3,5,H26","4,4,32","PASS:6,I,4,*",J. Wright pass incomplete to A. Eitel.,"H,4,5,H26",pass,NA,0,NA,0,13,0,NA,4,H,SS,"KO,1,05:45,21","PUNT,1,04:02,26",3,5,1:43,KO,1,05:45,SS21,PUNT,1,04:02,SS26,NA
2021_02_FG_SS,FG,SS,Frankfurt Galaxy,Stuttgart Surge,6/27/2021,Stuttgart,Gazi-Stadion,15:00,18:05,Y,2:05,750,26 C,no wind,partly cloudy,M. Scholz,D. Clemence,S. Heimerdinger,A. Ortmann,J. Scott,C. Beckmann,Y. Hamiko,SS,4,5,SS26,"H,4,5,H26","4,5,33","PUNT:3,V50",T. Bronn punt 24 yards to the 50 yardline.,"V,1,10,V50",punt,NA,0,NA,0,13,0,NA,4,H,SS,"KO,1,05:45,21","PUNT,1,04:02,26",3,5,1:43,KO,1,05:45,SS21,PUNT,1,04:02,SS26,NA
2021_02_FG_SS,FG,SS,Frankfurt Galaxy,Stuttgart Surge,6/27/2021,Stuttgart,Gazi-Stadion,15:00,18:05,Y,2:05,750,26 C,no wind,partly cloudy,M. Scholz,D. Clemence,S. Heimerdinger,A. Ortmann,J. Scott,C. Beckmann,Y. Hamiko,FG,1,10,FG50,"V,1,10,V50","5,1,34",{DRIVE}:04:02,FRANKFURT GALAXY drive start at 04:02.,"V,1,10,V50",NA,04:02,0,NA,0,13,0,NA,5,V,FG,"PUNT,1,04:02,50","TD,2,13:20,100",10,50,5:42,PUNT,1,04:02,FG50,TD,2,13:20,SS00,1
2021_02_FG_SS,FG,SS,Frankfurt Galaxy,Stuttgart Surge,6/27/2021,Stuttgart,Gazi-Stadion,15:00,18:05,Y,2:05,750,26 C,no wind,partly cloudy,M. Scholz,D. Clemence,S. Heimerdinger,A. Ortmann,J. Scott,C. Beckmann,Y. Hamiko,FG,1,10,FG50,"V,1,10,V50","5,2,35","RUSH:21,H42, TACK:44,31",G. Adams rush for 8 yards to the SS42 (J. Mbala;N. Wenzelburger).,"V,2,2,H42",rush,NA,0,NA,0,13,0,NA,5,V,FG,"PUNT,1,04:02,50","TD,2,13:20,100",10,50,5:42,PUNT,1,04:02,FG50,TD,2,13:20,SS00,1
2021_02_FG_SS,FG,SS,Frankfurt Galaxy,Stuttgart Surge,6/27/2021,Stuttgart,Gazi-Stadion,15:00,18:05,Y,2:05,750,26 C,no wind,partly cloudy,M. Scholz,D. Clemence,S. Heimerdinger,A. Ortmann,J. Scott,C. Beckmann,Y. Hamiko,FG,2,2,SS42,"V,2,2,H42","5,3,36","PASS:7,C,84,H34 TACK:33","J. Sullivan pass complete to C. Sow for 8 yards to the SS34, 1ST DOWN FG (B. Wenzler).","V,1,10,H34",pass,NA,0,pass,0,13,0,NA,5,V,FG,"PUNT,1,04:02,50","TD,2,13:20,100",10,50,5:42,PUNT,1,04:02,FG50,TD,2,13:20,SS00,1
2021_02_FG_SS,FG,SS,Frankfurt Galaxy,Stuttgart Surge,6/27/2021,Stuttgart,Gazi-Stadion,15:00,18:05,Y,2:05,750,26 C,no wind,partly cloudy,M. Scholz,D. Clemence,S. Heimerdinger,A. Ortmann,J. Scott,C. Beckmann,Y. Hamiko,FG,1,10,SS34,"V,1,10,H34","5,4,37","RUSH:7,H27, TACK:31,8",J. Sullivan rush for 7 yards to the SS27 (N. Wenzelburger;V. Ferrier).,"V,2,3,H27",rush,NA,0,NA,0,13,0,NA,5,V,FG,"PUNT,1,04:02,50","TD,2,13:20,100",10,50,5:42,PUNT,1,04:02,FG50,TD,2,13:20,SS00,1
2021_02_FG_SS,FG,SS,Frankfurt Galaxy,Stuttgart Surge,6/27/2021,Stuttgart,Gazi-Stadion,15:00,18:05,Y,2:05,750,26 C,no wind,partly cloudy,M. Scholz,D. Clemence,S. Heimerdinger,A. Ortmann,J. Scott,C. Beckmann,Y. Hamiko,FG,2,3,SS27,"V,2,3,H27","5,5,38","RUSH:22,H23, TACK:44","G. Ameln rush for 4 yards to the SS23, 1ST DOWN FG (J. Mbala).","V,1,10,H23",rush,NA,0,rush,0,13,0,NA,5,V,FG,"PUNT,1,04:02,50","TD,2,13:20,100",10,50,5:42,PUNT,1,04:02,FG50,TD,2,13:20,SS00,1
2021_02_FG_SS,FG,SS,Frankfurt Galaxy,Stuttgart Surge,6/27/2021,Stuttgart,Gazi-Stadion,15:00,18:05,Y,2:05,750,26 C,no wind,partly cloudy,M. Scholz,D. Clemence,S. Heimerdinger,A. Ortmann,J. Scott,C. Beckmann,Y. Hamiko,FG,1,10,SS23,"V,1,10,H23","5,6,39","PASS:7,C,84,H09 TACK:31,8","J. Sullivan pass complete to C. Sow for 14 yards to the SS9, 1ST DOWN FG (N. Wenzelburger;V. Ferrier).","V,1,0,H09",pass,NA,0,pass,0,13,0,NA,5,V,FG,"PUNT,1,04:02,50","TD,2,13:20,100",10,50,5:42,PUNT,1,04:02,FG50,TD,2,13:20,SS00,1
2021_02_FG_SS,FG,SS,Frankfurt Galaxy,Stuttgart Surge,6/27/2021,Stuttgart,Gazi-Stadion,15:00,18:05,Y,2:05,750,26 C,no wind,partly cloudy,M. Scholz,D. Clemence,S. Heimerdinger,A. Ortmann,J. Scott,C. Beckmann,Y. Hamiko,FG,1,0,SS09,"V,1,0,H09","5,7,40","PASS:7,C,13,H06 TACK:33",J. Sullivan pass complete to M. Rutsch for 3 yards to the SS6 (B. Wenzler).,"V,2,0,H06",pass,NA,0,NA,0,13,0,NA,5,V,FG,"PUNT,1,04:02,50","TD,2,13:20,100",10,50,5:42,PUNT,1,04:02,FG50,TD,2,13:20,SS00,1
2021_02_FG_SS,FG,SS,Frankfurt Galaxy,Stuttgart Surge,6/27/2021,Stuttgart,Gazi-Stadion,15:00,18:05,Y,2:05,750,26 C,no wind,partly cloudy,M. Scholz,D. Clemence,S. Heimerdinger,A. Ortmann,J. Scott,C. Beckmann,Y. Hamiko,FG,2,0,SS06,"V,2,0,H06","5,8,41",Q:2 T:15:00,"Start of 2nd quarter, clock 15:00.","V,2,0,H06",NA,15:00,0,NA,0,13,0,NA,5,V,FG,"PUNT,1,04:02,50","TD,2,13:20,100",10,50,5:42,PUNT,1,04:02,FG50,TD,2,13:20,SS00,1
2021_02_FG_SS,FG,SS,Frankfurt Galaxy,Stuttgart Surge,6/27/2021,Stuttgart,Gazi-Stadion,15:00,18:05,Y,2:05,750,26 C,no wind,partly cloudy,M. Scholz,D. Clemence,S. Heimerdinger,A. Ortmann,J. Scott,C. Beckmann,Y. Hamiko,FG,2,0,SS06,"V,2,0,H06","5,9,42","PASS:7,I,19,*",J. Sullivan pass incomplete to N. Strahmann.,"V,3,0,H06",pass,NA,0,NA,0,13,0,NA,5,V,FG,"PUNT,1,04:02,50","TD,2,13:20,100",10,50,5:42,PUNT,1,04:02,FG50,TD,2,13:20,SS00,1
2021_02_FG_SS,FG,SS,Frankfurt Galaxy,Stuttgart Surge,6/27/2021,Stuttgart,Gazi-Stadion,15:00,18:05,Y,2:05,750,26 C,no wind,partly cloudy,M. Scholz,D. Clemence,S. Heimerdinger,A. Ortmann,J. Scott,C. Beckmann,Y. Hamiko,FG,3,0,SS06,"V,3,0,H06","5,10,43","PASS:7,I,84,* PEN:H,UNR,A,31,H03,1 NOPLAY:","J. Sullivan pass incomplete to C. Sow, PENALTY SS UNR (N. Wenzelburger) 3 yards to the SS3, 1ST DOWN FG, NO PLAY.","V,1,0,H03",penalty,NA,0,penalty,0,13,0,NA,5,V,FG,"PUNT,1,04:02,50","TD,2,13:20,100",10,50,5:42,PUNT,1,04:02,FG50,TD,2,13:20,SS00,1
2021_02_FG_SS,FG,SS,Frankfurt Galaxy,Stuttgart Surge,6/27/2021,Stuttgart,Gazi-Stadion,15:00,18:05,Y,2:05,750,26 C,no wind,partly cloudy,M. Scholz,D. Clemence,S. Heimerdinger,A. Ortmann,J. Scott,C. Beckmann,Y. Hamiko,FG,1,0,SS03,"V,1,0,H03","5,11,44","RUSH:45,H01, TACK:45",Ma. Schmidt rush for 2 yards to the SS1 (N. Hamulic).,"V,2,0,H01",rush,NA,0,NA,0,13,0,NA,5,V,FG,"PUNT,1,04:02,50","TD,2,13:20,100",10,50,5:42,PUNT,1,04:02,FG50,TD,2,13:20,SS00,1
2021_02_FG_SS,FG,SS,Frankfurt Galaxy,Stuttgart Surge,6/27/2021,Stuttgart,Gazi-Stadion,15:00,18:05,Y,2:05,750,26 C,no wind,partly cloudy,M. Scholz,D. Clemence,S. Heimerdinger,A. Ortmann,J. Scott,C. Beckmann,Y. Hamiko,FG,2,0,SS01,"V,2,0,H01","5,12,45","RUSH:21,H01, TACK:31,8",G. Adams rush for no gain to the SS1 (N. Wenzelburger;V. Ferrier).,"V,3,0,H01",rush,NA,0,NA,0,13,0,NA,5,V,FG,"PUNT,1,04:02,50","TD,2,13:20,100",10,50,5:42,PUNT,1,04:02,FG50,TD,2,13:20,SS00,1
2021_02_FG_SS,FG,SS,Frankfurt Galaxy,Stuttgart Surge,6/27/2021,Stuttgart,Gazi-Stadion,15:00,18:05,Y,2:05,750,26 C,no wind,partly cloudy,M. Scholz,D. Clemence,S. Heimerdinger,A. Ortmann,J. Scott,C. Beckmann,Y. Hamiko,FG,3,0,SS01,"V,3,0,H01","5,13,46","PASS:7,C,13,H00 T:13:20","J. Sullivan pass complete to M. Rutsch for 1 yard to the SS0, 1ST DOWN FG, TOUCHDOWN, clock 13:20.","V,1,10,H15",pass,13:20,0,pass,1,19,0,NA,5,V,FG,"PUNT,1,04:02,50","TD,2,13:20,100",10,50,5:42,PUNT,1,04:02,FG50,TD,2,13:20,SS00,1
2021_02_FG_SS,FG,SS,Frankfurt Galaxy,Stuttgart Surge,6/27/2021,Stuttgart,Gazi-Stadion,15:00,18:05,Y,2:05,750,26 C,no wind,partly cloudy,M. Scholz,D. Clemence,S. Heimerdinger,A. Ortmann,J. Scott,C. Beckmann,Y. Hamiko,FG,1,10,SS15,"V,1,10,H15","5,14,47","PAT:K,15,G",M. Siemssen kick attempt good.,"V,1,0,V35",pat,NA,0,NA,1,20,0,NA,5,V,FG,"PUNT,1,04:02,50","TD,2,13:20,100",10,50,5:42,PUNT,1,04:02,FG50,TD,2,13:20,SS00,1
2021_02_FG_SS,FG,SS,Frankfurt Galaxy,Stuttgart Surge,6/27/2021,Stuttgart,Gazi-Stadion,15:00,18:05,Y,2:05,750,26 C,no wind,partly cloudy,M. Scholz,D. Clemence,S. Heimerdinger,A. Ortmann,J. Scott,C. Beckmann,Y. Hamiko,FG,1,0,FG35,"V,1,0,V35","5,15,48","KO:19,H00 TB:","N. Strahmann kickoff 65 yards to the SS0, touchback.","H,1,10,H25",kick_off,NA,0,NA,0,20,0,NA,5,V,FG,"PUNT,1,04:02,50","TD,2,13:20,100",10,50,5:42,PUNT,1,04:02,FG50,TD,2,13:20,SS00,1
2021_02_FG_SS,FG,SS,Frankfurt Galaxy,Stuttgart Surge,6/27/2021,Stuttgart,Gazi-Stadion,15:00,18:05,Y,2:05,750,26 C,no wind,partly cloudy,M. Scholz,D. Clemence,S. Heimerdinger,A. Ortmann,J. Scott,C. Beckmann,Y. Hamiko,SS,1,10,SS25,"H,1,10,H25","6,1,49",{DRIVE}:13:20,STUTTGART SURGE drive start at 13:20.,"H,1,10,H25",NA,13:20,0,NA,0,20,0,NA,6,H,SS,"KO,2,13:20,25","PUNT,2,10:12,37",6,12,3:08,KO,2,13:20,SS25,PUNT,2,10:12,SS37,NA
2021_02_FG_SS,FG,SS,Frankfurt Galaxy,Stuttgart Surge,6/27/2021,Stuttgart,Gazi-Stadion,15:00,18:05,Y,2:05,750,26 C,no wind,partly cloudy,M. Scholz,D. Clemence,S. Heimerdinger,A. Ortmann,J. Scott,C. Beckmann,Y. Hamiko,SS,1,10,SS25,"H,1,10,H25","6,2,50","PASS:6,C,5,H30 TACK:46,56",J. Wright pass complete to D. Meza for 5 yards to the SS30 (O. Ogbevoen;S. Silva Gomez).,"H,2,5,H30",pass,NA,0,NA,0,20,0,NA,6,H,SS,"KO,2,13:20,25","PUNT,2,10:12,37",6,12,3:08,KO,2,13:20,SS25,PUNT,2,10:12,SS37,NA
2021_02_FG_SS,FG,SS,Frankfurt Galaxy,Stuttgart Surge,6/27/2021,Stuttgart,Gazi-Stadion,15:00,18:05,Y,2:05,750,26 C,no wind,partly cloudy,M. Scholz,D. Clemence,S. Heimerdinger,A. Ortmann,J. Scott,C. Beckmann,Y. Hamiko,SS,2,5,SS30,"H,2,5,H30","6,3,51","PASS:6,I,TM,*",J. Wright pass incomplete.,"H,3,5,H30",pass,NA,0,NA,0,20,0,NA,6,H,SS,"KO,2,13:20,25","PUNT,2,10:12,37",6,12,3:08,KO,2,13:20,SS25,PUNT,2,10:12,SS37,NA
2021_02_FG_SS,FG,SS,Frankfurt Galaxy,Stuttgart Surge,6/27/2021,Stuttgart,Gazi-Stadion,15:00,18:05,Y,2:05,750,26 C,no wind,partly cloudy,M. Scholz,D. Clemence,S. Heimerdinger,A. Ortmann,J. Scott,C. Beckmann,Y. Hamiko,SS,3,5,SS30,"H,3,5,H30","6,4,52","PASS:6,C,87,H36 TACK:14","J. Wright pass complete to D. Rofalski for 6 yards to the SS36, 1ST DOWN SS (J. Poznanski).","H,1,10,H36",pass,NA,0,pass,0,20,0,NA,6,H,SS,"KO,2,13:20,25","PUNT,2,10:12,37",6,12,3:08,KO,2,13:20,SS25,PUNT,2,10:12,SS37,NA
2021_02_FG_SS,FG,SS,Frankfurt Galaxy,Stuttgart Surge,6/27/2021,Stuttgart,Gazi-Stadion,15:00,18:05,Y,2:05,750,26 C,no wind,partly cloudy,M. Scholz,D. Clemence,S. Heimerdinger,A. Ortmann,J. Scott,C. Beckmann,Y. Hamiko,SS,1,10,SS36,"H,1,10,H36","6,5,53","RUSH:41,H36, TACK:40",B. Yankson rush for no gain to the SS36 (K. King).,"H,2,10,H36",rush,NA,0,NA,0,20,0,NA,6,H,SS,"KO,2,13:20,25","PUNT,2,10:12,37",6,12,3:08,KO,2,13:20,SS25,PUNT,2,10:12,SS37,NA
2021_02_FG_SS,FG,SS,Frankfurt Galaxy,Stuttgart Surge,6/27/2021,Stuttgart,Gazi-Stadion,15:00,18:05,Y,2:05,750,26 C,no wind,partly cloudy,M. Scholz,D. Clemence,S. Heimerdinger,A. Ortmann,J. Scott,C. Beckmann,Y. Hamiko,SS,2,10,SS36,"H,2,10,H36","6,6,54","RUSH:6,H37, OB: PEN:H,UNS,O PEN:V,UNS,O","J. Wright rush for 1 yard to the SS37, out-of-bounds, PENALTY SS UNS off-setting, PENALTY FG UNS off-setting.","H,3,9,H37",rush,NA,1,NA,0,20,0,NA,6,H,SS,"KO,2,13:20,25","PUNT,2,10:12,37",6,12,3:08,KO,2,13:20,SS25,PUNT,2,10:12,SS37,NA
2021_02_FG_SS,FG,SS,Frankfurt Galaxy,Stuttgart Surge,6/27/2021,Stuttgart,Gazi-Stadion,15:00,18:05,Y,2:05,750,26 C,no wind,partly cloudy,M. Scholz,D. Clemence,S. Heimerdinger,A. Ortmann,J. Scott,C. Beckmann,Y. Hamiko,SS,3,9,SS37,"H,3,9,H37","6,7,55","PASS:6,I,14,*",J. Wright pass incomplete to L. Geyer.,"H,4,9,H37",pass,NA,0,NA,0,20,0,NA,6,H,SS,"KO,2,13:20,25","PUNT,2,10:12,37",6,12,3:08,KO,2,13:20,SS25,PUNT,2,10:12,SS37,NA
2021_02_FG_SS,FG,SS,Frankfurt Galaxy,Stuttgart Surge,6/27/2021,Stuttgart,Gazi-Stadion,15:00,18:05,Y,2:05,750,26 C,no wind,partly cloudy,M. Scholz,D. Clemence,S. Heimerdinger,A. Ortmann,J. Scott,C. Beckmann,Y. Hamiko,SS,4,9,SS37,"H,4,9,H37","6,8,56","PUNT:3,V31 RET:25,V44","T. Bronn punt 32 yards to the FG31, B. Barnes return 13 yards to the FG44.","V,1,10,V44",punt,NA,0,NA,0,20,0,NA,6,H,SS,"KO,2,13:20,25","PUNT,2,10:12,37",6,12,3:08,KO,2,13:20,SS25,PUNT,2,10:12,SS37,NA
2021_02_FG_SS,FG,SS,Frankfurt Galaxy,Stuttgart Surge,6/27/2021,Stuttgart,Gazi-Stadion,15:00,18:05,Y,2:05,750,26 C,no wind,partly cloudy,M. Scholz,D. Clemence,S. Heimerdinger,A. Ortmann,J. Scott,C. Beckmann,Y. Hamiko,FG,1,10,FG44,"V,1,10,V44","7,1,57",{DRIVE}:10:12,FRANKFURT GALAXY drive start at 10:12.,"V,1,10,V44",NA,10:12,0,NA,0,20,0,NA,7,V,FG,"PUNT,2,10:12,44","FGA,2,05:17,79",9,35,4:55,PUNT,2,10:12,FG44,FGA,2,05:17,SS21,NA
2021_02_FG_SS,FG,SS,Frankfurt Galaxy,Stuttgart Surge,6/27/2021,Stuttgart,Gazi-Stadion,15:00,18:05,Y,2:05,750,26 C,no wind,partly cloudy,M. Scholz,D. Clemence,S. Heimerdinger,A. Ortmann,J. Scott,C. Beckmann,Y. Hamiko,FG,1,10,FG44,"V,1,10,V44","7,2,58","RUSH:21,H48, TACK:44,97",G. Adams rush for 8 yards to the SS48 (J. Mbala;P. Ungericht).,"V,2,2,H48",rush,NA,0,NA,0,20,0,NA,7,V,FG,"PUNT,2,10:12,44","FGA,2,05:17,79",9,35,4:55,PUNT,2,10:12,FG44,FGA,2,05:17,SS21,NA
2021_02_FG_SS,FG,SS,Frankfurt Galaxy,Stuttgart Surge,6/27/2021,Stuttgart,Gazi-Stadion,15:00,18:05,Y,2:05,750,26 C,no wind,partly cloudy,M. Scholz,D. Clemence,S. Heimerdinger,A. Ortmann,J. Scott,C. Beckmann,Y. Hamiko,FG,2,2,SS48,"V,2,2,H48","7,3,59","RUSH:21,H45, TACK:92","G. Adams rush for 3 yards to the SS45, 1ST DOWN FG (T. Burkhardt).","V,1,10,H45",rush,NA,0,rush,0,20,0,NA,7,V,FG,"PUNT,2,10:12,44","FGA,2,05:17,79",9,35,4:55,PUNT,2,10:12,FG44,FGA,2,05:17,SS21,NA
2021_02_FG_SS,FG,SS,Frankfurt Galaxy,Stuttgart Surge,6/27/2021,Stuttgart,Gazi-Stadion,15:00,18:05,Y,2:05,750,26 C,no wind,partly cloudy,M. Scholz,D. Clemence,S. Heimerdinger,A. Ortmann,J. Scott,C. Beckmann,Y. Hamiko,FG,1,10,SS45,"V,1,10,H45","7,4,60","PASS:7,I,85,* BRUP:8",J. Sullivan pass incomplete to M. Hachenberg (V. Ferrier).,"V,2,10,H45",pass,NA,0,NA,0,20,0,NA,7,V,FG,"PUNT,2,10:12,44","FGA,2,05:17,79",9,35,4:55,PUNT,2,10:12,FG44,FGA,2,05:17,SS21,NA
2021_02_FG_SS,FG,SS,Frankfurt Galaxy,Stuttgart Surge,6/27/2021,Stuttgart,Gazi-Stadion,15:00,18:05,Y,2:05,750,26 C,no wind,partly cloudy,M. Scholz,D. Clemence,S. Heimerdinger,A. Ortmann,J. Scott,C. Beckmann,Y. Hamiko,FG,2,10,SS45,"V,2,10,H45","7,5,61","PASS:7,C,21,H42 TACK:20,44",J. Sullivan pass complete to G. Adams for 3 yards to the SS42 (D. Warren;J. Mbala).,"V,3,7,H42",pass,NA,0,NA,0,20,0,NA,7,V,FG,"PUNT,2,10:12,44","FGA,2,05:17,79",9,35,4:55,PUNT,2,10:12,FG44,FGA,2,05:17,SS21,NA
2021_02_FG_SS,FG,SS,Frankfurt Galaxy,Stuttgart Surge,6/27/2021,Stuttgart,Gazi-Stadion,15:00,18:05,Y,2:05,750,26 C,no wind,partly cloudy,M. Scholz,D. Clemence,S. Heimerdinger,A. Ortmann,J. Scott,C. Beckmann,Y. Hamiko,FG,3,7,SS42,"V,3,7,H42","7,6,62","PASS:7,I,84,* PEN:H,DOF,O PEN:V,OH,O NOPLAY:","J. Sullivan pass incomplete to C. Sow, PENALTY SS DOF off-setting, PENALTY FG OH off-setting, NO PLAY.","V,3,7,H42",penalty,NA,0,NA,0,20,0,NA,7,V,FG,"PUNT,2,10:12,44","FGA,2,05:17,79",9,35,4:55,PUNT,2,10:12,FG44,FGA,2,05:17,SS21,NA
2021_02_FG_SS,FG,SS,Frankfurt Galaxy,Stuttgart Surge,6/27/2021,Stuttgart,Gazi-Stadion,15:00,18:05,Y,2:05,750,26 C,no wind,partly cloudy,M. Scholz,D. Clemence,S. Heimerdinger,A. Ortmann,J. Scott,C. Beckmann,Y. Hamiko,FG,3,7,SS42,"V,3,7,H42","7,7,63","PASS:7,C,19,H28 TACK:44,8","J. Sullivan pass complete to N. Strahmann for 14 yards to the SS28, 1ST DOWN FG (J. Mbala;V. Ferrier).","V,1,10,H28",pass,NA,0,pass,0,20,0,NA,7,V,FG,"PUNT,2,10:12,44","FGA,2,05:17,79",9,35,4:55,PUNT,2,10:12,FG44,FGA,2,05:17,SS21,NA
2021_02_FG_SS,FG,SS,Frankfurt Galaxy,Stuttgart Surge,6/27/2021,Stuttgart,Gazi-Stadion,15:00,18:05,Y,2:05,750,26 C,no wind,partly cloudy,M. Scholz,D. Clemence,S. Heimerdinger,A. Ortmann,J. Scott,C. Beckmann,Y. Hamiko,FG,1,10,SS28,"V,1,10,H28","7,8,64","RUSH:21,H27, TACK:20",G. Adams rush for 1 yard to the SS27 (D. Warren).,"V,2,9,H27",rush,NA,0,NA,0,20,0,NA,7,V,FG,"PUNT,2,10:12,44","FGA,2,05:17,79",9,35,4:55,PUNT,2,10:12,FG44,FGA,2,05:17,SS21,NA
2021_02_FG_SS,FG,SS,Frankfurt Galaxy,Stuttgart Surge,6/27/2021,Stuttgart,Gazi-Stadion,15:00,18:05,Y,2:05,750,26 C,no wind,partly cloudy,M. Scholz,D. Clemence,S. Heimerdinger,A. Ortmann,J. Scott,C. Beckmann,Y. Hamiko,FG,2,9,SS27,"V,2,9,H27","7,9,65","PASS:7,C,19,H22 TACK:44,8",J. Sullivan pass complete to N. Strahmann for 5 yards to the SS22 (J. Mbala;V. Ferrier).,"V,3,4,H22",pass,NA,0,NA,0,20,0,NA,7,V,FG,"PUNT,2,10:12,44","FGA,2,05:17,79",9,35,4:55,PUNT,2,10:12,FG44,FGA,2,05:17,SS21,NA
2021_02_FG_SS,FG,SS,Frankfurt Galaxy,Stuttgart Surge,6/27/2021,Stuttgart,Gazi-Stadion,15:00,18:05,Y,2:05,750,26 C,no wind,partly cloudy,M. Scholz,D. Clemence,S. Heimerdinger,A. Ortmann,J. Scott,C. Beckmann,Y. Hamiko,FG,3,4,SS22,"V,3,4,H22","7,10,66","RUSH:7,H21, TACK:20",J. Sullivan rush for 1 yard to the SS21 (D. Warren).,"V,4,3,H21",rush,NA,0,NA,0,20,0,NA,7,V,FG,"PUNT,2,10:12,44","FGA,2,05:17,79",9,35,4:55,PUNT,2,10:12,FG44,FGA,2,05:17,SS21,NA
2021_02_FG_SS,FG,SS,Frankfurt Galaxy,Stuttgart Surge,6/27/2021,Stuttgart,Gazi-Stadion,15:00,18:05,Y,2:05,750,26 C,no wind,partly cloudy,M. Scholz,D. Clemence,S. Heimerdinger,A. Ortmann,J. Scott,C. Beckmann,Y. Hamiko,FG,4,3,SS21,"V,4,3,H21","7,11,67","FGA:15,37,M,H27,L T:05:17","M. Siemssen field goal attempt from 37 MISSED - wide left, spot at SS27, clock 05:17.","H,1,10,H27",field_goal,05:17,0,NA,0,20,0,NA,7,V,FG,"PUNT,2,10:12,44","FGA,2,05:17,79",9,35,4:55,PUNT,2,10:12,FG44,FGA,2,05:17,SS21,NA
2021_02_FG_SS,FG,SS,Frankfurt Galaxy,Stuttgart Surge,6/27/2021,Stuttgart,Gazi-Stadion,15:00,18:05,Y,2:05,750,26 C,no wind,partly cloudy,M. Scholz,D. Clemence,S. Heimerdinger,A. Ortmann,J. Scott,C. Beckmann,Y. Hamiko,SS,1,10,SS27,"H,1,10,H27","8,1,68",{DRIVE}:05:17,STUTTGART SURGE drive start at 05:17.,"H,1,10,H27",NA,05:17,0,NA,0,20,0,NA,8,H,SS,"FGA,2,05:17,27","PUNT,2,04:37,29",3,2,0:40,FGA,2,05:17,SS27,PUNT,2,04:37,SS29,NA
2021_02_FG_SS,FG,SS,Frankfurt Galaxy,Stuttgart Surge,6/27/2021,Stuttgart,Gazi-Stadion,15:00,18:05,Y,2:05,750,26 C,no wind,partly cloudy,M. Scholz,D. Clemence,S. Heimerdinger,A. Ortmann,J. Scott,C. Beckmann,Y. Hamiko,SS,1,10,SS27,"H,1,10,H27","8,2,69","PASS:6,I,5,*",J. Wright pass incomplete to D. Meza.,"H,2,10,H27",pass,NA,0,NA,0,20,0,NA,8,H,SS,"FGA,2,05:17,27","PUNT,2,04:37,29",3,2,0:40,FGA,2,05:17,SS27,PUNT,2,04:37,SS29,NA
2021_02_FG_SS,FG,SS,Frankfurt Galaxy,Stuttgart Surge,6/27/2021,Stuttgart,Gazi-Stadion,15:00,18:05,Y,2:05,750,26 C,no wind,partly cloudy,M. Scholz,D. Clemence,S. Heimerdinger,A. Ortmann,J. Scott,C. Beckmann,Y. Hamiko,SS,2,10,SS27,"H,2,10,H27","8,3,70","RUSH:26,H29, TACK:90",R. Pein rush for 2 yards to the SS29 (M. Hor).,"H,3,8,H29",rush,NA,0,NA,0,20,0,NA,8,H,SS,"FGA,2,05:17,27","PUNT,2,04:37,29",3,2,0:40,FGA,2,05:17,SS27,PUNT,2,04:37,SS29,NA
2021_02_FG_SS,FG,SS,Frankfurt Galaxy,Stuttgart Surge,6/27/2021,Stuttgart,Gazi-Stadion,15:00,18:05,Y,2:05,750,26 C,no wind,partly cloudy,M. Scholz,D. Clemence,S. Heimerdinger,A. Ortmann,J. Scott,C. Beckmann,Y. Hamiko,SS,3,8,SS29,"H,3,8,H29","8,4,71","PASS:6,I,TM,*",J. Wright pass incomplete.,"H,4,8,H29",pass,NA,0,NA,0,20,0,NA,8,H,SS,"FGA,2,05:17,27","PUNT,2,04:37,29",3,2,0:40,FGA,2,05:17,SS27,PUNT,2,04:37,SS29,NA
2021_02_FG_SS,FG,SS,Frankfurt Galaxy,Stuttgart Surge,6/27/2021,Stuttgart,Gazi-Stadion,15:00,18:05,Y,2:05,750,26 C,no wind,partly cloudy,M. Scholz,D. Clemence,S. Heimerdinger,A. Ortmann,J. Scott,C. Beckmann,Y. Hamiko,SS,4,8,SS29,"H,4,8,H29","8,5,72","PUNT:3,V45",T. Bronn punt 26 yards to the FG45.,"V,1,10,V45",punt,NA,0,NA,0,20,0,NA,8,H,SS,"FGA,2,05:17,27","PUNT,2,04:37,29",3,2,0:40,FGA,2,05:17,SS27,PUNT,2,04:37,SS29,NA
2021_02_FG_SS,FG,SS,Frankfurt Galaxy,Stuttgart Surge,6/27/2021,Stuttgart,Gazi-Stadion,15:00,18:05,Y,2:05,750,26 C,no wind,partly cloudy,M. Scholz,D. Clemence,S. Heimerdinger,A. Ortmann,J. Scott,C. Beckmann,Y. Hamiko,FG,1,10,FG45,"V,1,10,V45","9,1,73",{DRIVE}:04:37,FRANKFURT GALAXY drive start at 04:37.,"V,1,10,V45",NA,04:37,0,NA,0,20,0,NA,9,V,FG,"PUNT,2,04:37,45","PUNT,2,02:08,48",3,3,2:29,PUNT,2,04:37,FG45,PUNT,2,02:08,FG48,NA
2021_02_FG_SS,FG,SS,Frankfurt Galaxy,Stuttgart Surge,6/27/2021,Stuttgart,Gazi-Stadion,15:00,18:05,Y,2:05,750,26 C,no wind,partly cloudy,M. Scholz,D. Clemence,S. Heimerdinger,A. Ortmann,J. Scott,C. Beckmann,Y. Hamiko,FG,1,10,FG45,"V,1,10,V45","9,2,74","RUSH:21,V43, TACK:98",G. Adams rush for loss of 2 yards to the FG43 (M. Fuerst).,"V,2,12,V43",rush,NA,0,NA,0,20,0,NA,9,V,FG,"PUNT,2,04:37,45","PUNT,2,02:08,48",3,3,2:29,PUNT,2,04:37,FG45,PUNT,2,02:08,FG48,NA
2021_02_FG_SS,FG,SS,Frankfurt Galaxy,Stuttgart Surge,6/27/2021,Stuttgart,Gazi-Stadion,15:00,18:05,Y,2:05,750,26 C,no wind,partly cloudy,M. Scholz,D. Clemence,S. Heimerdinger,A. Ortmann,J. Scott,C. Beckmann,Y. Hamiko,FG,2,12,FG43,"V,2,12,V43","9,3,75","PASS:7,C,19,V48 TACK:20",J. Sullivan pass complete to N. Strahmann for 5 yards to the FG48 (D. Warren).,"V,3,7,V48",pass,NA,0,NA,0,20,0,NA,9,V,FG,"PUNT,2,04:37,45","PUNT,2,02:08,48",3,3,2:29,PUNT,2,04:37,FG45,PUNT,2,02:08,FG48,NA
2021_02_FG_SS,FG,SS,Frankfurt Galaxy,Stuttgart Surge,6/27/2021,Stuttgart,Gazi-Stadion,15:00,18:05,Y,2:05,750,26 C,no wind,partly cloudy,M. Scholz,D. Clemence,S. Heimerdinger,A. Ortmann,J. Scott,C. Beckmann,Y. Hamiko,FG,3,7,FG48,"V,3,7,V48","9,4,76","PASS:7,C,21,V48 TACK:44,31",J. Sullivan pass complete to G. Adams for no gain to the FG48 (J. Mbala;N. Wenzelburger).,"V,4,7,V48",pass,NA,0,NA,0,20,0,NA,9,V,FG,"PUNT,2,04:37,45","PUNT,2,02:08,48",3,3,2:29,PUNT,2,04:37,FG45,PUNT,2,02:08,FG48,NA
2021_02_FG_SS,FG,SS,Frankfurt Galaxy,Stuttgart Surge,6/27/2021,Stuttgart,Gazi-Stadion,15:00,18:05,Y,2:05,750,26 C,no wind,partly cloudy,M. Scholz,D. Clemence,S. Heimerdinger,A. Ortmann,J. Scott,C. Beckmann,Y. Hamiko,FG,4,7,FG48,"V,4,7,V48","9,5,77","PUNT:82,H08 OB:","H. Schwarz punt 44 yards to the SS8, out-of-bounds.","H,1,10,H08",punt,NA,1,NA,0,20,0,NA,9,V,FG,"PUNT,2,04:37,45","PUNT,2,02:08,48",3,3,2:29,PUNT,2,04:37,FG45,PUNT,2,02:08,FG48,NA
2021_02_FG_SS,FG,SS,Frankfurt Galaxy,Stuttgart Surge,6/27/2021,Stuttgart,Gazi-Stadion,15:00,18:05,Y,2:05,750,26 C,no wind,partly cloudy,M. Scholz,D. Clemence,S. Heimerdinger,A. Ortmann,J. Scott,C. Beckmann,Y. Hamiko,SS,1,10,SS08,"H,1,10,H08","10,1,78",{DRIVE}:02:08,STUTTGART SURGE drive start at 02:08.,"H,1,10,H08",NA,02:08,0,NA,0,20,0,NA,10,H,SS,"PUNT,2,02:08,8","DOWNS,2,01:01,45",6,37,1:07,PUNT,2,02:08,SS08,DOWNS,2,01:01,SS45,NA
2021_02_FG_SS,FG,SS,Frankfurt Galaxy,Stuttgart Surge,6/27/2021,Stuttgart,Gazi-Stadion,15:00,18:05,Y,2:05,750,26 C,no wind,partly cloudy,M. Scholz,D. Clemence,S. Heimerdinger,A. Ortmann,J. Scott,C. Beckmann,Y. Hamiko,SS,1,10,SS08,"H,1,10,H08","10,2,79","PASS:6,C,14,H25 TACK:28","J. Wright pass complete to L. Geyer for 17 yards to the SS25, 1ST DOWN SS (S. Otto).","H,1,10,H25",pass,NA,0,pass,0,20,0,NA,10,H,SS,"PUNT,2,02:08,8","DOWNS,2,01:01,45",6,37,1:07,PUNT,2,02:08,SS08,DOWNS,2,01:01,SS45,NA
2021_02_FG_SS,FG,SS,Frankfurt Galaxy,Stuttgart Surge,6/27/2021,Stuttgart,Gazi-Stadion,15:00,18:05,Y,2:05,750,26 C,no wind,partly cloudy,M. Scholz,D. Clemence,S. Heimerdinger,A. Ortmann,J. Scott,C. Beckmann,Y. Hamiko,SS,1,10,SS25,"H,1,10,H25","10,3,80","RUSH:6,H41, TACK:94,14","J. Wright rush for 16 yards to the SS41, 1ST DOWN SS (C. Udegbe;J. Poznanski).","H,1,10,H41",rush,NA,0,rush,0,20,0,NA,10,H,SS,"PUNT,2,02:08,8","DOWNS,2,01:01,45",6,37,1:07,PUNT,2,02:08,SS08,DOWNS,2,01:01,SS45,NA
2021_02_FG_SS,FG,SS,Frankfurt Galaxy,Stuttgart Surge,6/27/2021,Stuttgart,Gazi-Stadion,15:00,18:05,Y,2:05,750,26 C,no wind,partly cloudy,M. Scholz,D. Clemence,S. Heimerdinger,A. Ortmann,J. Scott,C. Beckmann,Y. Hamiko,SS,1,10,SS41,"H,1,10,H41","10,4,81","PASS:6,I,4,*",J. Wright pass incomplete to A. Eitel.,"H,2,10,H41",pass,NA,0,NA,0,20,0,NA,10,H,SS,"PUNT,2,02:08,8","DOWNS,2,01:01,45",6,37,1:07,PUNT,2,02:08,SS08,DOWNS,2,01:01,SS45,NA
2021_02_FG_SS,FG,SS,Frankfurt Galaxy,Stuttgart Surge,6/27/2021,Stuttgart,Gazi-Stadion,15:00,18:05,Y,2:05,750,26 C,no wind,partly cloudy,M. Scholz,D. Clemence,S. Heimerdinger,A. Ortmann,J. Scott,C. Beckmann,Y. Hamiko,SS,2,10,SS41,"H,2,10,H41","10,5,82","RUSH:6,H45, TACK:46,56",J. Wright rush for 4 yards to the SS45 (O. Ogbevoen;S. Silva Gomez).,"H,3,6,H45",rush,NA,0,NA,0,20,0,NA,10,H,SS,"PUNT,2,02:08,8","DOWNS,2,01:01,45",6,37,1:07,PUNT,2,02:08,SS08,DOWNS,2,01:01,SS45,NA
2021_02_FG_SS,FG,SS,Frankfurt Galaxy,Stuttgart Surge,6/27/2021,Stuttgart,Gazi-Stadion,15:00,18:05,Y,2:05,750,26 C,no wind,partly cloudy,M. Scholz,D. Clemence,S. Heimerdinger,A. Ortmann,J. Scott,C. Beckmann,Y. Hamiko,SS,3,6,SS45,"H,3,6,H45","10,6,83",TOUT:V T:01:11,"Timeout Frankfurt Galaxy, clock 01:11.","H,3,6,H45",NA,01:11,0,NA,0,20,0,NA,10,H,SS,"PUNT,2,02:08,8","DOWNS,2,01:01,45",6,37,1:07,PUNT,2,02:08,SS08,DOWNS,2,01:01,SS45,NA
2021_02_FG_SS,FG,SS,Frankfurt Galaxy,Stuttgart Surge,6/27/2021,Stuttgart,Gazi-Stadion,15:00,18:05,Y,2:05,750,26 C,no wind,partly cloudy,M. Scholz,D. Clemence,S. Heimerdinger,A. Ortmann,J. Scott,C. Beckmann,Y. Hamiko,SS,3,6,SS45,"H,3,6,H45","10,7,84","PASS:6,I,TM,*",J. Wright pass incomplete.,"H,4,6,H45",pass,NA,0,NA,0,20,0,NA,10,H,SS,"PUNT,2,02:08,8","DOWNS,2,01:01,45",6,37,1:07,PUNT,2,02:08,SS08,DOWNS,2,01:01,SS45,NA
2021_02_FG_SS,FG,SS,Frankfurt Galaxy,Stuttgart Surge,6/27/2021,Stuttgart,Gazi-Stadion,15:00,18:05,Y,2:05,750,26 C,no wind,partly cloudy,M. Scholz,D. Clemence,S. Heimerdinger,A. Ortmann,J. Scott,C. Beckmann,Y. Hamiko,SS,4,6,SS45,"H,4,6,H45","10,8,85","PASS:6,I,17,*",J. Wright pass incomplete to P. Floeser.,"V,1,10,H45",pass,NA,0,NA,0,20,0,NA,10,H,SS,"PUNT,2,02:08,8","DOWNS,2,01:01,45",6,37,1:07,PUNT,2,02:08,SS08,DOWNS,2,01:01,SS45,NA
2021_02_FG_SS,FG,SS,Frankfurt Galaxy,Stuttgart Surge,6/27/2021,Stuttgart,Gazi-Stadion,15:00,18:05,Y,2:05,750,26 C,no wind,partly cloudy,M. Scholz,D. Clemence,S. Heimerdinger,A. Ortmann,J. Scott,C. Beckmann,Y. Hamiko,FG,1,10,SS45,"V,1,10,H45","11,1,86",{DRIVE}:01:01,FRANKFURT GALAXY drive start at 01:01.,"V,1,10,H45",NA,01:01,0,NA,0,20,0,NA,11,V,FG,"DOWNS,2,01:01,55","TD,2,00:26,100",5,45,0:35,DOWNS,2,01:01,SS45,TD,2,00:26,SS00,1
2021_02_FG_SS,FG,SS,Frankfurt Galaxy,Stuttgart Surge,6/27/2021,Stuttgart,Gazi-Stadion,15:00,18:05,Y,2:05,750,26 C,no wind,partly cloudy,M. Scholz,D. Clemence,S. Heimerdinger,A. Ortmann,J. Scott,C. Beckmann,Y. Hamiko,FG,1,10,SS45,"V,1,10,H45","11,2,87","PASS:7,C,82,H42 TACK:23",J. Sullivan pass complete to H. Schwarz for 3 yards to the SS42 (M. Dabo).,"V,2,7,H42",pass,NA,0,NA,0,20,0,NA,11,V,FG,"DOWNS,2,01:01,55","TD,2,00:26,100",5,45,0:35,DOWNS,2,01:01,SS45,TD,2,00:26,SS00,1
2021_02_FG_SS,FG,SS,Frankfurt Galaxy,Stuttgart Surge,6/27/2021,Stuttgart,Gazi-Stadion,15:00,18:05,Y,2:05,750,26 C,no wind,partly cloudy,M. Scholz,D. Clemence,S. Heimerdinger,A. Ortmann,J. Scott,C. Beckmann,Y. Hamiko,FG,2,7,SS42,"V,2,7,H42","11,3,88","RUSH:7,H37, TACK:20",J. Sullivan rush for 5 yards to the SS37 (D. Warren).,"V,3,2,H37",rush,NA,0,NA,0,20,0,NA,11,V,FG,"DOWNS,2,01:01,55","TD,2,00:26,100",5,45,0:35,DOWNS,2,01:01,SS45,TD,2,00:26,SS00,1
2021_02_FG_SS,FG,SS,Frankfurt Galaxy,Stuttgart Surge,6/27/2021,Stuttgart,Gazi-Stadion,15:00,18:05,Y,2:05,750,26 C,no wind,partly cloudy,M. Scholz,D. Clemence,S. Heimerdinger,A. Ortmann,J. Scott,C. Beckmann,Y. Hamiko,FG,3,2,SS37,"V,3,2,H37","11,4,89",TOUT:V T:00:45,"Timeout Frankfurt Galaxy, clock 00:45.","V,3,2,H37",NA,00:45,0,NA,0,20,0,NA,11,V,FG,"DOWNS,2,01:01,55","TD,2,00:26,100",5,45,0:35,DOWNS,2,01:01,SS45,TD,2,00:26,SS00,1
2021_02_FG_SS,FG,SS,Frankfurt Galaxy,Stuttgart Surge,6/27/2021,Stuttgart,Gazi-Stadion,15:00,18:05,Y,2:05,750,26 C,no wind,partly cloudy,M. Scholz,D. Clemence,S. Heimerdinger,A. Ortmann,J. Scott,C. Beckmann,Y. Hamiko,FG,3,2,SS37,"V,3,2,H37","11,5,90","PASS:7,C,86,H02 TACK:23 PEN:H,DOF,D","J. Sullivan pass complete to L. Regler for 35 yards to the SS2, 1ST DOWN FG (M. Dabo), PENALTY SS DOF declined.","V,1,0,H02",pass,NA,0,pass,0,20,0,NA,11,V,FG,"DOWNS,2,01:01,55","TD,2,00:26,100",5,45,0:35,DOWNS,2,01:01,SS45,TD,2,00:26,SS00,1
2021_02_FG_SS,FG,SS,Frankfurt Galaxy,Stuttgart Surge,6/27/2021,Stuttgart,Gazi-Stadion,15:00,18:05,Y,2:05,750,26 C,no wind,partly cloudy,M. Scholz,D. Clemence,S. Heimerdinger,A. Ortmann,J. Scott,C. Beckmann,Y. Hamiko,FG,1,0,SS02,"V,1,0,H02","11,6,91",TOUT:V T:00:37,"Timeout Frankfurt Galaxy, clock 00:37.","V,1,0,H02",NA,00:37,0,NA,0,20,0,NA,11,V,FG,"DOWNS,2,01:01,55","TD,2,00:26,100",5,45,0:35,DOWNS,2,01:01,SS45,TD,2,00:26,SS00,1
2021_02_FG_SS,FG,SS,Frankfurt Galaxy,Stuttgart Surge,6/27/2021,Stuttgart,Gazi-Stadion,15:00,18:05,Y,2:05,750,26 C,no wind,partly cloudy,M. Scholz,D. Clemence,S. Heimerdinger,A. Ortmann,J. Scott,C. Beckmann,Y. Hamiko,FG,1,0,SS02,"V,1,0,H02","11,7,92","RUSH:7,H07, OB:","J. Sullivan rush for loss of 5 yards to the SS7, out-of-bounds.","V,2,0,H07",rush,NA,1,NA,0,20,0,NA,11,V,FG,"DOWNS,2,01:01,55","TD,2,00:26,100",5,45,0:35,DOWNS,2,01:01,SS45,TD,2,00:26,SS00,1
2021_02_FG_SS,FG,SS,Frankfurt Galaxy,Stuttgart Surge,6/27/2021,Stuttgart,Gazi-Stadion,15:00,18:05,Y,2:05,750,26 C,no wind,partly cloudy,M. Scholz,D. Clemence,S. Heimerdinger,A. Ortmann,J. Scott,C. Beckmann,Y. Hamiko,FG,2,0,SS07,"V,2,0,H07","11,8,93","PASS:7,C,86,H00 T:00:26","J. Sullivan pass complete to L. Regler for 7 yards to the SS0, 1ST DOWN FG, TOUCHDOWN, clock 00:26.","V,1,10,H15",pass,00:26,0,pass,1,26,0,NA,11,V,FG,"DOWNS,2,01:01,55","TD,2,00:26,100",5,45,0:35,DOWNS,2,01:01,SS45,TD,2,00:26,SS00,1
2021_02_FG_SS,FG,SS,Frankfurt Galaxy,Stuttgart Surge,6/27/2021,Stuttgart,Gazi-Stadion,15:00,18:05,Y,2:05,750,26 C,no wind,partly cloudy,M. Scholz,D. Clemence,S. Heimerdinger,A. Ortmann,J. Scott,C. Beckmann,Y. Hamiko,FG,1,10,SS15,"V,1,10,H15","11,9,94","PAT:K,15,G",M. Siemssen kick attempt good.,"V,1,0,V35",pat,NA,0,NA,1,27,0,NA,11,V,FG,"DOWNS,2,01:01,55","TD,2,00:26,100",5,45,0:35,DOWNS,2,01:01,SS45,TD,2,00:26,SS00,1
2021_02_FG_SS,FG,SS,Frankfurt Galaxy,Stuttgart Surge,6/27/2021,Stuttgart,Gazi-Stadion,15:00,18:05,Y,2:05,750,26 C,no wind,partly cloudy,M. Scholz,D. Clemence,S. Heimerdinger,A. Ortmann,J. Scott,C. Beckmann,Y. Hamiko,FG,1,0,FG35,"V,1,0,V35","11,10,95","KO:19,H00 RET:4,H31 TACK:85 PEN:V,FMM,A,85,H46,1 D:1,10 SPOT:H,H46,Y","N. Strahmann kickoff 65 yards to the SS0, A. Eitel return 31 yards to the SS31 (M. Hachenberg), PENALTY FG FMM (M. Hachenberg) 15 yards to the SS46, 1st and 10, SS ball on SS46.","H,1,10,H46",kick_off,NA,0,NA,0,27,0,NA,11,V,FG,"DOWNS,2,01:01,55","TD,2,00:26,100",5,45,0:35,DOWNS,2,01:01,SS45,TD,2,00:26,SS00,1
2021_02_FG_SS,FG,SS,Frankfurt Galaxy,Stuttgart Surge,6/27/2021,Stuttgart,Gazi-Stadion,15:00,18:05,Y,2:05,750,26 C,no wind,partly cloudy,M. Scholz,D. Clemence,S. Heimerdinger,A. Ortmann,J. Scott,C. Beckmann,Y. Hamiko,SS,1,10,SS46,"H,1,10,H46","12,1,96",{DRIVE}:00:19,STUTTGART SURGE drive start at 00:19.,"H,1,10,H46",NA,00:19,0,NA,0,27,0,NA,12,V,FG,"KO,2,00:19,35","HALF,2,00:00,35",3,0,0:19,KO,2,00:19,FG35,HALF,2,00:00,FG35,NA
2021_02_FG_SS,FG,SS,Frankfurt Galaxy,Stuttgart Surge,6/27/2021,Stuttgart,Gazi-Stadion,15:00,18:05,Y,2:05,750,26 C,no wind,partly cloudy,M. Scholz,D. Clemence,S. Heimerdinger,A. Ortmann,J. Scott,C. Beckmann,Y. Hamiko,SS,1,10,SS46,"H,1,10,H46","12,2,97","PASS:6,C,87,V40 TACK:41,29","J. Wright pass complete to D. Rofalski for 14 yards to the FG40, 1ST DOWN SS (S. Gauthier;M. Riepe).","H,1,10,V40",pass,NA,0,pass,0,27,0,NA,12,V,FG,"KO,2,00:19,35","HALF,2,00:00,35",3,0,0:19,KO,2,00:19,FG35,HALF,2,00:00,FG35,NA
2021_02_FG_SS,FG,SS,Frankfurt Galaxy,Stuttgart Surge,6/27/2021,Stuttgart,Gazi-Stadion,15:00,18:05,Y,2:05,750,26 C,no wind,partly cloudy,M. Scholz,D. Clemence,S. Heimerdinger,A. Ortmann,J. Scott,C. Beckmann,Y. Hamiko,SS,1,10,FG40,"H,1,10,V40","12,3,98","RUSH:6,V26, OB:","J. Wright rush for 14 yards to the FG26, 1ST DOWN SS, out-of-bounds.","H,1,10,V26",rush,NA,1,rush,0,27,0,NA,12,V,FG,"KO,2,00:19,35","HALF,2,00:00,35",3,0,0:19,KO,2,00:19,FG35,HALF,2,00:00,FG35,NA
2021_02_FG_SS,FG,SS,Frankfurt Galaxy,Stuttgart Surge,6/27/2021,Stuttgart,Gazi-Stadion,15:00,18:05,Y,2:05,750,26 C,no wind,partly cloudy,M. Scholz,D. Clemence,S. Heimerdinger,A. Ortmann,J. Scott,C. Beckmann,Y. Hamiko,SS,1,10,FG26,"H,1,10,V26","12,4,99","PASS:6,I,17,*",J. Wright pass incomplete to P. Floeser.,"H,2,10,V26",pass,NA,0,NA,0,27,0,NA,12,V,FG,"KO,2,00:19,35","HALF,2,00:00,35",3,0,0:19,KO,2,00:19,FG35,HALF,2,00:00,FG35,NA
2021_02_FG_SS,FG,SS,Frankfurt Galaxy,Stuttgart Surge,6/27/2021,Stuttgart,Gazi-Stadion,15:00,18:05,Y,2:05,750,26 C,no wind,partly cloudy,M. Scholz,D. Clemence,S. Heimerdinger,A. Ortmann,J. Scott,C. Beckmann,Y. Hamiko,SS,2,10,FG26,"H,2,10,V26","12,5,100",HALF: T:00:00,"End of half, clock 00:00.","H,2,10,V26",NA,00:00,0,NA,0,27,0,NA,12,V,FG,"KO,2,00:19,35","HALF,2,00:00,35",3,0,0:19,KO,2,00:19,FG35,HALF,2,00:00,FG35,NA
2021_02_FG_SS,FG,SS,Frankfurt Galaxy,Stuttgart Surge,6/27/2021,Stuttgart,Gazi-Stadion,15:00,18:05,Y,2:05,750,26 C,no wind,partly cloudy,M. Scholz,D. Clemence,S. Heimerdinger,A. Ortmann,J. Scott,C. Beckmann,Y. Hamiko,SS,2,10,FG26,"H,2,10,V26","12,6,101",Q:3 T:15:00,"Start of 3rd quarter, clock 15:00.","H,2,10,V26",NA,15:00,0,NA,0,27,0,NA,12,V,FG,"KO,2,00:19,35","HALF,2,00:00,35",3,0,0:19,KO,2,00:19,FG35,HALF,2,00:00,FG35,NA
2021_02_FG_SS,FG,SS,Frankfurt Galaxy,Stuttgart Surge,6/27/2021,Stuttgart,Gazi-Stadion,15:00,18:05,Y,2:05,750,26 C,no wind,partly cloudy,M. Scholz,D. Clemence,S. Heimerdinger,A. Ortmann,J. Scott,C. Beckmann,Y. Hamiko,SS,2,10,FG26,"H,2,10,V26","12,7,102","SPOT:V,V35,Y",FG ball on FG35.,"V,2,10,V35",NA,NA,0,NA,0,27,0,NA,12,V,FG,"KO,2,00:19,35","HALF,2,00:00,35",3,0,0:19,KO,2,00:19,FG35,HALF,2,00:00,FG35,NA
2021_02_FG_SS,FG,SS,Frankfurt Galaxy,Stuttgart Surge,6/27/2021,Stuttgart,Gazi-Stadion,15:00,18:05,Y,2:05,750,26 C,no wind,partly cloudy,M. Scholz,D. Clemence,S. Heimerdinger,A. Ortmann,J. Scott,C. Beckmann,Y. Hamiko,FG,2,10,FG35,"V,2,10,V35","12,8,103","KO:19,H00 TB:","N. Strahmann kickoff 65 yards to the SS0, touchback.","H,1,10,H25",kick_off,NA,0,NA,0,27,0,NA,12,V,FG,"KO,2,00:19,35","HALF,2,00:00,35",3,0,0:19,KO,2,00:19,FG35,HALF,2,00:00,FG35,NA
2021_02_FG_SS,FG,SS,Frankfurt Galaxy,Stuttgart Surge,6/27/2021,Stuttgart,Gazi-Stadion,15:00,18:05,Y,2:05,750,26 C,no wind,partly cloudy,M. Scholz,D. Clemence,S. Heimerdinger,A. Ortmann,J. Scott,C. Beckmann,Y. Hamiko,SS,1,10,SS25,"H,1,10,H25","13,1,104",{DRIVE}:15:00,STUTTGART SURGE drive start at 15:00.,"H,1,10,H25",NA,15:00,0,NA,0,27,0,NA,13,H,SS,"KO,3,15:00,25","TD,3,11:38,100",7,75,3:22,KO,3,15:00,SS25,TD,3,11:38,FG00,NA
2021_02_FG_SS,FG,SS,Frankfurt Galaxy,Stuttgart Surge,6/27/2021,Stuttgart,Gazi-Stadion,15:00,18:05,Y,2:05,750,26 C,no wind,partly cloudy,M. Scholz,D. Clemence,S. Heimerdinger,A. Ortmann,J. Scott,C. Beckmann,Y. Hamiko,SS,1,10,SS25,"H,1,10,H25","13,2,105","PASS:6,C,5,H37 TACK:14","J. Wright pass complete to D. Meza for 12 yards to the SS37, 1ST DOWN SS (J. Poznanski).","H,1,10,H37",pass,NA,0,pass,0,27,0,NA,13,H,SS,"KO,3,15:00,25","TD,3,11:38,100",7,75,3:22,KO,3,15:00,SS25,TD,3,11:38,FG00,NA
2021_02_FG_SS,FG,SS,Frankfurt Galaxy,Stuttgart Surge,6/27/2021,Stuttgart,Gazi-Stadion,15:00,18:05,Y,2:05,750,26 C,no wind,partly cloudy,M. Scholz,D. Clemence,S. Heimerdinger,A. Ortmann,J. Scott,C. Beckmann,Y. Hamiko,SS,1,10,SS37,"H,1,10,H37","13,3,106","RUSH:6,H39, TACK:90",J. Wright rush for 2 yards to the SS39 (M. Hor).,"H,2,8,H39",rush,NA,0,NA,0,27,0,NA,13,H,SS,"KO,3,15:00,25","TD,3,11:38,100",7,75,3:22,KO,3,15:00,SS25,TD,3,11:38,FG00,NA
2021_02_FG_SS,FG,SS,Frankfurt Galaxy,Stuttgart Surge,6/27/2021,Stuttgart,Gazi-Stadion,15:00,18:05,Y,2:05,750,26 C,no wind,partly cloudy,M. Scholz,D. Clemence,S. Heimerdinger,A. Ortmann,J. Scott,C. Beckmann,Y. Hamiko,SS,2,8,SS39,"H,2,8,H39","13,4,107","PASS:6,C,14,H40 TACK:40",J. Wright pass complete to L. Geyer for 1 yard to the SS40 (K. King).,"H,3,7,H40",pass,NA,0,NA,0,27,0,NA,13,H,SS,"KO,3,15:00,25","TD,3,11:38,100",7,75,3:22,KO,3,15:00,SS25,TD,3,11:38,FG00,NA
2021_02_FG_SS,FG,SS,Frankfurt Galaxy,Stuttgart Surge,6/27/2021,Stuttgart,Gazi-Stadion,15:00,18:05,Y,2:05,750,26 C,no wind,partly cloudy,M. Scholz,D. Clemence,S. Heimerdinger,A. Ortmann,J. Scott,C. Beckmann,Y. Hamiko,SS,3,7,SS40,"H,3,7,H40","13,5,108","RUSH:6,V38, OB:","J. Wright rush for 22 yards to the FG38, 1ST DOWN SS, out-of-bounds.","H,1,10,V38",rush,NA,1,rush,0,27,0,NA,13,H,SS,"KO,3,15:00,25","TD,3,11:38,100",7,75,3:22,KO,3,15:00,SS25,TD,3,11:38,FG00,NA
2021_02_FG_SS,FG,SS,Frankfurt Galaxy,Stuttgart Surge,6/27/2021,Stuttgart,Gazi-Stadion,15:00,18:05,Y,2:05,750,26 C,no wind,partly cloudy,M. Scholz,D. Clemence,S. Heimerdinger,A. Ortmann,J. Scott,C. Beckmann,Y. Hamiko,SS,1,10,FG38,"H,1,10,V38","13,6,109","PASS:6,I,TM,*",J. Wright pass incomplete.,"H,2,10,V38",pass,NA,0,NA,0,27,0,NA,13,H,SS,"KO,3,15:00,25","TD,3,11:38,100",7,75,3:22,KO,3,15:00,SS25,TD,3,11:38,FG00,NA
2021_02_FG_SS,FG,SS,Frankfurt Galaxy,Stuttgart Surge,6/27/2021,Stuttgart,Gazi-Stadion,15:00,18:05,Y,2:05,750,26 C,no wind,partly cloudy,M. Scholz,D. Clemence,S. Heimerdinger,A. Ortmann,J. Scott,C. Beckmann,Y. Hamiko,SS,2,10,FG38,"H,2,10,V38","13,7,110","RUSH:6,V29, TACK:25",J. Wright rush for 9 yards to the FG29 (B. Barnes).,"H,3,1,V29",rush,NA,0,NA,0,27,0,NA,13,H,SS,"KO,3,15:00,25","TD,3,11:38,100",7,75,3:22,KO,3,15:00,SS25,TD,3,11:38,FG00,NA
2021_02_FG_SS,FG,SS,Frankfurt Galaxy,Stuttgart Surge,6/27/2021,Stuttgart,Gazi-Stadion,15:00,18:05,Y,2:05,750,26 C,no wind,partly cloudy,M. Scholz,D. Clemence,S. Heimerdinger,A. Ortmann,J. Scott,C. Beckmann,Y. Hamiko,SS,3,1,FG29,"H,3,1,V29","13,8,111","RUSH:27,V00, T:11:38","S. Shannon rush for 29 yards to the FG0, 1ST DOWN SS, TOUCHDOWN, clock 11:38.","H,1,10,V15",rush,11:38,0,rush,1,27,6,NA,13,H,SS,"KO,3,15:00,25","TD,3,11:38,100",7,75,3:22,KO,3,15:00,SS25,TD,3,11:38,FG00,NA
2021_02_FG_SS,FG,SS,Frankfurt Galaxy,Stuttgart Surge,6/27/2021,Stuttgart,Gazi-Stadion,15:00,18:05,Y,2:05,750,26 C,no wind,partly cloudy,M. Scholz,D. Clemence,S. Heimerdinger,A. Ortmann,J. Scott,C. Beckmann,Y. Hamiko,SS,1,10,FG15,"H,1,10,V15","13,9,112","PEN:V,ILS,A,TM,V10,N",PENALTY FG ILS 5 yards to the FG10.,"H,1,5,V10",penalty,NA,0,NA,0,27,6,NA,13,H,SS,"KO,3,15:00,25","TD,3,11:38,100",7,75,3:22,KO,3,15:00,SS25,TD,3,11:38,FG00,NA
2021_02_FG_SS,FG,SS,Frankfurt Galaxy,Stuttgart Surge,6/27/2021,Stuttgart,Gazi-Stadion,15:00,18:05,Y,2:05,750,26 C,no wind,partly cloudy,M. Scholz,D. Clemence,S. Heimerdinger,A. Ortmann,J. Scott,C. Beckmann,Y. Hamiko,SS,1,5,FG10,"H,1,5,V10","13,10,113","PAT:K,3,G",T. Bronn kick attempt good.,"H,1,0,H35",pat,NA,0,NA,1,27,7,NA,13,H,SS,"KO,3,15:00,25","TD,3,11:38,100",7,75,3:22,KO,3,15:00,SS25,TD,3,11:38,FG00,NA
2021_02_FG_SS,FG,SS,Frankfurt Galaxy,Stuttgart Surge,6/27/2021,Stuttgart,Gazi-Stadion,15:00,18:05,Y,2:05,750,26 C,no wind,partly cloudy,M. Scholz,D. Clemence,S. Heimerdinger,A. Ortmann,J. Scott,C. Beckmann,Y. Hamiko,SS,1,0,SS35,"H,1,0,H35","13,11,114","KO:3,V00 TB:","T. Bronn kickoff 65 yards to the FG0, touchback.","V,1,10,V25",kick_off,NA,0,NA,0,27,7,NA,13,H,SS,"KO,3,15:00,25","TD,3,11:38,100",7,75,3:22,KO,3,15:00,SS25,TD,3,11:38,FG00,NA
2021_02_FG_SS,FG,SS,Frankfurt Galaxy,Stuttgart Surge,6/27/2021,Stuttgart,Gazi-Stadion,15:00,18:05,Y,2:05,750,26 C,no wind,partly cloudy,M. Scholz,D. Clemence,S. Heimerdinger,A. Ortmann,J. Scott,C. Beckmann,Y. Hamiko,FG,1,10,FG25,"V,1,10,V25","14,1,115",{DRIVE}:11:26,FRANKFURT GALAXY drive start at 11:26.,"V,1,10,V25",NA,11:26,0,NA,0,27,7,NA,14,V,FG,"KO,3,11:26,25","PUNT,3,09:54,15",3,-10,1:32,KO,3,11:26,FG25,PUNT,3,09:54,FG15,NA
2021_02_FG_SS,FG,SS,Frankfurt Galaxy,Stuttgart Surge,6/27/2021,Stuttgart,Gazi-Stadion,15:00,18:05,Y,2:05,750,26 C,no wind,partly cloudy,M. Scholz,D. Clemence,S. Heimerdinger,A. Ortmann,J. Scott,C. Beckmann,Y. Hamiko,FG,1,10,FG25,"V,1,10,V25","14,2,116","RUSH:21,V28, TACK:20,55",G. Adams rush for 3 yards to the FG28 (D. Warren;D. Gratza).,"V,2,7,V28",rush,NA,0,NA,0,27,7,NA,14,V,FG,"KO,3,11:26,25","PUNT,3,09:54,15",3,-10,1:32,KO,3,11:26,FG25,PUNT,3,09:54,FG15,NA
2021_02_FG_SS,FG,SS,Frankfurt Galaxy,Stuttgart Surge,6/27/2021,Stuttgart,Gazi-Stadion,15:00,18:05,Y,2:05,750,26 C,no wind,partly cloudy,M. Scholz,D. Clemence,S. Heimerdinger,A. Ortmann,J. Scott,C. Beckmann,Y. Hamiko,FG,2,7,FG28,"V,2,7,V28","14,3,117","PASS:6,I,82,*",M. Johannknecht pass incomplete to H. Schwarz.,"V,3,7,V28",pass,NA,0,NA,0,27,7,NA,14,V,FG,"KO,3,11:26,25","PUNT,3,09:54,15",3,-10,1:32,KO,3,11:26,FG25,PUNT,3,09:54,FG15,NA
2021_02_FG_SS,FG,SS,Frankfurt Galaxy,Stuttgart Surge,6/27/2021,Stuttgart,Gazi-Stadion,15:00,18:05,Y,2:05,750,26 C,no wind,partly cloudy,M. Scholz,D. Clemence,S. Heimerdinger,A. Ortmann,J. Scott,C. Beckmann,Y. Hamiko,FG,3,7,FG28,"V,3,7,V28","14,4,118","PASS:6,S,TM,V15 SACK:20",M. Johannknecht sacked for loss of 13 yards to the FG15 (D. Warren).,"V,4,20,V15",pass,NA,0,NA,0,27,7,NA,14,V,FG,"KO,3,11:26,25","PUNT,3,09:54,15",3,-10,1:32,KO,3,11:26,FG25,PUNT,3,09:54,FG15,NA
2021_02_FG_SS,FG,SS,Frankfurt Galaxy,Stuttgart Surge,6/27/2021,Stuttgart,Gazi-Stadion,15:00,18:05,Y,2:05,750,26 C,no wind,partly cloudy,M. Scholz,D. Clemence,S. Heimerdinger,A. Ortmann,J. Scott,C. Beckmann,Y. Hamiko,FG,4,20,FG15,"V,4,20,V15","14,5,119","PUNT:62,H42 OB:","L. Hebel punt 43 yards to the SS42, out-of-bounds.","H,1,10,H42",punt,NA,1,NA,0,27,7,NA,14,V,FG,"KO,3,11:26,25","PUNT,3,09:54,15",3,-10,1:32,KO,3,11:26,FG25,PUNT,3,09:54,FG15,NA
2021_02_FG_SS,FG,SS,Frankfurt Galaxy,Stuttgart Surge,6/27/2021,Stuttgart,Gazi-Stadion,15:00,18:05,Y,2:05,750,26 C,no wind,partly cloudy,M. Scholz,D. Clemence,S. Heimerdinger,A. Ortmann,J. Scott,C. Beckmann,Y. Hamiko,SS,1,10,SS42,"H,1,10,H42","15,1,120",{DRIVE}:09:54,STUTTGART SURGE drive start at 09:54.,"H,1,10,H42",NA,09:54,0,NA,0,27,7,NA,15,H,SS,"PUNT,3,09:54,42","PUNT,3,06:33,51",5,9,3:21,PUNT,3,09:54,SS42,PUNT,3,06:33,FG49,NA
2021_02_FG_SS,FG,SS,Frankfurt Galaxy,Stuttgart Surge,6/27/2021,Stuttgart,Gazi-Stadion,15:00,18:05,Y,2:05,750,26 C,no wind,partly cloudy,M. Scholz,D. Clemence,S. Heimerdinger,A. Ortmann,J. Scott,C. Beckmann,Y. Hamiko,SS,1,10,SS42,"H,1,10,H42","15,2,121","RUSH:6,H45, OB:","J. Wright rush for 3 yards to the SS45, out-of-bounds.","H,2,7,H45",rush,NA,1,NA,0,27,7,NA,15,H,SS,"PUNT,3,09:54,42","PUNT,3,06:33,51",5,9,3:21,PUNT,3,09:54,SS42,PUNT,3,06:33,FG49,NA
2021_02_FG_SS,FG,SS,Frankfurt Galaxy,Stuttgart Surge,6/27/2021,Stuttgart,Gazi-Stadion,15:00,18:05,Y,2:05,750,26 C,no wind,partly cloudy,M. Scholz,D. Clemence,S. Heimerdinger,A. Ortmann,J. Scott,C. Beckmann,Y. Hamiko,SS,2,7,SS45,"H,2,7,H45","15,3,122","PEN:V,PF,A,56,V40,1","PENALTY FG personal foul (S. Silva Gomez) 15 yards to the FG40, 1ST DOWN SS.","H,1,10,V40",penalty,NA,0,penalty,0,27,7,NA,15,H,SS,"PUNT,3,09:54,42","PUNT,3,06:33,51",5,9,3:21,PUNT,3,09:54,SS42,PUNT,3,06:33,FG49,NA
2021_02_FG_SS,FG,SS,Frankfurt Galaxy,Stuttgart Surge,6/27/2021,Stuttgart,Gazi-Stadion,15:00,18:05,Y,2:05,750,26 C,no wind,partly cloudy,M. Scholz,D. Clemence,S. Heimerdinger,A. Ortmann,J. Scott,C. Beckmann,Y. Hamiko,SS,1,10,FG40,"H,1,10,V40","15,4,123","RUSH:6,V45, FORCE:97 FUMB:H,V45,TM OB: PEN:H,OH,A,71,V50,N NOPLAY:","J. Wright rush for loss of 5 yards to the FG45, fumble forced by W. Drew, fumble by J. Wright recovered by SS TEAM at FG45, out-of-bounds, PENALTY SS OH (J. Steiger) 10 yards to the 50 yardline, NO PLAY.","H,1,20,H50",penalty,NA,1,NA,0,27,7,NA,15,H,SS,"PUNT,3,09:54,42","PUNT,3,06:33,51",5,9,3:21,PUNT,3,09:54,SS42,PUNT,3,06:33,FG49,NA
2021_02_FG_SS,FG,SS,Frankfurt Galaxy,Stuttgart Surge,6/27/2021,Stuttgart,Gazi-Stadion,15:00,18:05,Y,2:05,750,26 C,no wind,partly cloudy,M. Scholz,D. Clemence,S. Heimerdinger,A. Ortmann,J. Scott,C. Beckmann,Y. Hamiko,SS,1,20,SS50,"H,1,20,H50","15,5,124","PASS:6,I,27,*",J. Wright pass incomplete to S. Shannon.,"H,2,20,H50",pass,NA,0,NA,0,27,7,NA,15,H,SS,"PUNT,3,09:54,42","PUNT,3,06:33,51",5,9,3:21,PUNT,3,09:54,SS42,PUNT,3,06:33,FG49,NA
2021_02_FG_SS,FG,SS,Frankfurt Galaxy,Stuttgart Surge,6/27/2021,Stuttgart,Gazi-Stadion,15:00,18:05,Y,2:05,750,26 C,no wind,partly cloudy,M. Scholz,D. Clemence,S. Heimerdinger,A. Ortmann,J. Scott,C. Beckmann,Y. Hamiko,SS,2,20,SS50,"H,2,20,H50","15,6,125","PEN:V,DH,A,90,V40,1","PENALTY FG DH (M. Hor) 10 yards to the FG40, 1ST DOWN SS.","H,1,10,V40",penalty,NA,0,penalty,0,27,7,NA,15,H,SS,"PUNT,3,09:54,42","PUNT,3,06:33,51",5,9,3:21,PUNT,3,09:54,SS42,PUNT,3,06:33,FG49,NA
2021_02_FG_SS,FG,SS,Frankfurt Galaxy,Stuttgart Surge,6/27/2021,Stuttgart,Gazi-Stadion,15:00,18:05,Y,2:05,750,26 C,no wind,partly cloudy,M. Scholz,D. Clemence,S. Heimerdinger,A. Ortmann,J. Scott,C. Beckmann,Y. Hamiko,SS,1,10,FG40,"H,1,10,V40","15,7,126","PEN:H,FST,A,14,V45,N",PENALTY SS FST (L. Geyer) 5 yards to the FG45.,"H,1,15,V45",penalty,NA,0,NA,0,27,7,NA,15,H,SS,"PUNT,3,09:54,42","PUNT,3,06:33,51",5,9,3:21,PUNT,3,09:54,SS42,PUNT,3,06:33,FG49,NA
2021_02_FG_SS,FG,SS,Frankfurt Galaxy,Stuttgart Surge,6/27/2021,Stuttgart,Gazi-Stadion,15:00,18:05,Y,2:05,750,26 C,no wind,partly cloudy,M. Scholz,D. Clemence,S. Heimerdinger,A. Ortmann,J. Scott,C. Beckmann,Y. Hamiko,SS,1,15,FG45,"H,1,15,V45","15,8,127","PASS:6,C,87,V38 TACK:41",J. Wright pass complete to D. Rofalski for 7 yards to the FG38 (S. Gauthier).,"H,2,8,V38",pass,NA,0,NA,0,27,7,NA,15,H,SS,"PUNT,3,09:54,42","PUNT,3,06:33,51",5,9,3:21,PUNT,3,09:54,SS42,PUNT,3,06:33,FG49,NA
2021_02_FG_SS,FG,SS,Frankfurt Galaxy,Stuttgart Surge,6/27/2021,Stuttgart,Gazi-Stadion,15:00,18:05,Y,2:05,750,26 C,no wind,partly cloudy,M. Scholz,D. Clemence,S. Heimerdinger,A. Ortmann,J. Scott,C. Beckmann,Y. Hamiko,SS,2,8,FG38,"H,2,8,V38","15,9,128","PASS:6,I,5,*",J. Wright pass incomplete to D. Meza.,"H,3,8,V38",pass,NA,0,NA,0,27,7,NA,15,H,SS,"PUNT,3,09:54,42","PUNT,3,06:33,51",5,9,3:21,PUNT,3,09:54,SS42,PUNT,3,06:33,FG49,NA
2021_02_FG_SS,FG,SS,Frankfurt Galaxy,Stuttgart Surge,6/27/2021,Stuttgart,Gazi-Stadion,15:00,18:05,Y,2:05,750,26 C,no wind,partly cloudy,M. Scholz,D. Clemence,S. Heimerdinger,A. Ortmann,J. Scott,C. Beckmann,Y. Hamiko,SS,3,8,FG38,"H,3,8,V38","15,10,129","PEN:H,FST,A,TM,V43,N",PENALTY SS FST 5 yards to the FG43.,"H,3,13,V43",penalty,NA,0,NA,0,27,7,NA,15,H,SS,"PUNT,3,09:54,42","PUNT,3,06:33,51",5,9,3:21,PUNT,3,09:54,SS42,PUNT,3,06:33,FG49,NA
2021_02_FG_SS,FG,SS,Frankfurt Galaxy,Stuttgart Surge,6/27/2021,Stuttgart,Gazi-Stadion,15:00,18:05,Y,2:05,750,26 C,no wind,partly cloudy,M. Scholz,D. Clemence,S. Heimerdinger,A. Ortmann,J. Scott,C. Beckmann,Y. Hamiko,SS,3,13,FG43,"H,3,13,V43","15,11,130",TOUT:V T:07:34,"Timeout Frankfurt Galaxy, clock 07:34.","H,3,13,V43",NA,07:34,0,NA,0,27,7,NA,15,H,SS,"PUNT,3,09:54,42","PUNT,3,06:33,51",5,9,3:21,PUNT,3,09:54,SS42,PUNT,3,06:33,FG49,NA
2021_02_FG_SS,FG,SS,Frankfurt Galaxy,Stuttgart Surge,6/27/2021,Stuttgart,Gazi-Stadion,15:00,18:05,Y,2:05,750,26 C,no wind,partly cloudy,M. Scholz,D. Clemence,S. Heimerdinger,A. Ortmann,J. Scott,C. Beckmann,Y. Hamiko,SS,3,13,FG43,"H,3,13,V43","15,12,131","PEN:H,FST,A,70,V48,N",PENALTY SS FST (M. Kempchen) 5 yards to the FG48.,"H,3,18,V48",penalty,NA,0,NA,0,27,7,NA,15,H,SS,"PUNT,3,09:54,42","PUNT,3,06:33,51",5,9,3:21,PUNT,3,09:54,SS42,PUNT,3,06:33,FG49,NA
2021_02_FG_SS,FG,SS,Frankfurt Galaxy,Stuttgart Surge,6/27/2021,Stuttgart,Gazi-Stadion,15:00,18:05,Y,2:05,750,26 C,no wind,partly cloudy,M. Scholz,D. Clemence,S. Heimerdinger,A. Ortmann,J. Scott,C. Beckmann,Y. Hamiko,SS,3,18,FG48,"H,3,18,V48","15,13,132","PASS:6,S,TM,V49 SACK:99,97",J. Wright sacked for loss of 1 yard to the FG49 (K. Maier;W. Drew).,"H,4,19,V49",pass,NA,0,NA,0,27,7,NA,15,H,SS,"PUNT,3,09:54,42","PUNT,3,06:33,51",5,9,3:21,PUNT,3,09:54,SS42,PUNT,3,06:33,FG49,NA
2021_02_FG_SS,FG,SS,Frankfurt Galaxy,Stuttgart Surge,6/27/2021,Stuttgart,Gazi-Stadion,15:00,18:05,Y,2:05,750,26 C,no wind,partly cloudy,M. Scholz,D. Clemence,S. Heimerdinger,A. Ortmann,J. Scott,C. Beckmann,Y. Hamiko,SS,4,19,FG49,"H,4,19,V49","15,14,133","PUNT:3,V06 RET:25,V16 OB: PEN:V,ILH,A,59,V08,N D:1,10 SPOT:V,V08,Y","T. Bronn punt 43 yards to the FG6, B. Barnes return 10 yards to the FG16, out-of-bounds, PENALTY FG ILH (R. Warkentin) 8 yards to the FG8, 1st and 10, FG ball on FG8.","V,1,10,V08",punt,NA,1,NA,0,27,7,NA,15,H,SS,"PUNT,3,09:54,42","PUNT,3,06:33,51",5,9,3:21,PUNT,3,09:54,SS42,PUNT,3,06:33,FG49,NA
2021_02_FG_SS,FG,SS,Frankfurt Galaxy,Stuttgart Surge,6/27/2021,Stuttgart,Gazi-Stadion,15:00,18:05,Y,2:05,750,26 C,no wind,partly cloudy,M. Scholz,D. Clemence,S. Heimerdinger,A. Ortmann,J. Scott,C. Beckmann,Y. Hamiko,FG,1,10,FG08,"V,1,10,V08","16,1,134",{DRIVE}:06:33,FRANKFURT GALAXY drive start at 06:33.,"V,1,10,V08",NA,06:33,0,NA,0,27,7,NA,16,V,FG,"PUNT,3,06:33,8","PUNT,3,04:29,14",3,6,2:04,PUNT,3,06:33,FG08,PUNT,3,04:29,FG14,NA
2021_02_FG_SS,FG,SS,Frankfurt Galaxy,Stuttgart Surge,6/27/2021,Stuttgart,Gazi-Stadion,15:00,18:05,Y,2:05,750,26 C,no wind,partly cloudy,M. Scholz,D. Clemence,S. Heimerdinger,A. Ortmann,J. Scott,C. Beckmann,Y. Hamiko,FG,1,10,FG08,"V,1,10,V08","16,2,135","RUSH:21,V11, TACK:31,92",G. Adams rush for 3 yards to the FG11 (N. Wenzelburger;T. Burkhardt).,"V,2,7,V11",rush,NA,0,NA,0,27,7,NA,16,V,FG,"PUNT,3,06:33,8","PUNT,3,04:29,14",3,6,2:04,PUNT,3,06:33,FG08,PUNT,3,04:29,FG14,NA
2021_02_FG_SS,FG,SS,Frankfurt Galaxy,Stuttgart Surge,6/27/2021,Stuttgart,Gazi-Stadion,15:00,18:05,Y,2:05,750,26 C,no wind,partly cloudy,M. Scholz,D. Clemence,S. Heimerdinger,A. Ortmann,J. Scott,C. Beckmann,Y. Hamiko,FG,2,7,FG11,"V,2,7,V11","16,3,136","PASS:6,C,82,V17 TACK:33,20",M. Johannknecht pass complete to H. Schwarz for 6 yards to the FG17 (B. Wenzler;D. Warren).,"V,3,1,V17",pass,NA,0,NA,0,27,7,NA,16,V,FG,"PUNT,3,06:33,8","PUNT,3,04:29,14",3,6,2:04,PUNT,3,06:33,FG08,PUNT,3,04:29,FG14,NA
2021_02_FG_SS,FG,SS,Frankfurt Galaxy,Stuttgart Surge,6/27/2021,Stuttgart,Gazi-Stadion,15:00,18:05,Y,2:05,750,26 C,no wind,partly cloudy,M. Scholz,D. Clemence,S. Heimerdinger,A. Ortmann,J. Scott,C. Beckmann,Y. Hamiko,FG,3,1,FG17,"V,3,1,V17","16,4,137","PASS:6,C,86,V14 TACK:33",M. Johannknecht pass complete to L. Regler for loss of 3 yards to the FG14 (B. Wenzler).,"V,4,4,V14",pass,NA,0,NA,0,27,7,NA,16,V,FG,"PUNT,3,06:33,8","PUNT,3,04:29,14",3,6,2:04,PUNT,3,06:33,FG08,PUNT,3,04:29,FG14,NA
2021_02_FG_SS,FG,SS,Frankfurt Galaxy,Stuttgart Surge,6/27/2021,Stuttgart,Gazi-Stadion,15:00,18:05,Y,2:05,750,26 C,no wind,partly cloudy,M. Scholz,D. Clemence,S. Heimerdinger,A. Ortmann,J. Scott,C. Beckmann,Y. Hamiko,FG,4,4,FG14,"V,4,4,V14","16,5,138","PUNT:62,V45",L. Hebel punt 31 yards to the FG45.,"H,1,10,V45",punt,NA,0,NA,0,27,7,NA,16,V,FG,"PUNT,3,06:33,8","PUNT,3,04:29,14",3,6,2:04,PUNT,3,06:33,FG08,PUNT,3,04:29,FG14,NA
2021_02_FG_SS,FG,SS,Frankfurt Galaxy,Stuttgart Surge,6/27/2021,Stuttgart,Gazi-Stadion,15:00,18:05,Y,2:05,750,26 C,no wind,partly cloudy,M. Scholz,D. Clemence,S. Heimerdinger,A. Ortmann,J. Scott,C. Beckmann,Y. Hamiko,SS,1,10,FG45,"H,1,10,V45","17,1,139",{DRIVE}:04:29,STUTTGART SURGE drive start at 04:29.,"H,1,10,V45",NA,04:29,0,NA,0,27,7,NA,17,H,SS,"PUNT,3,04:29,55","DOWNS,3,03:39,60",4,5,0:50,PUNT,3,04:29,FG45,DOWNS,3,03:39,FG40,NA
2021_02_FG_SS,FG,SS,Frankfurt Galaxy,Stuttgart Surge,6/27/2021,Stuttgart,Gazi-Stadion,15:00,18:05,Y,2:05,750,26 C,no wind,partly cloudy,M. Scholz,D. Clemence,S. Heimerdinger,A. Ortmann,J. Scott,C. Beckmann,Y. Hamiko,SS,1,10,FG45,"H,1,10,V45","17,2,140","PASS:6,I,4,*",J. Wright pass incomplete to A. Eitel.,"H,2,10,V45",pass,NA,0,NA,0,27,7,NA,17,H,SS,"PUNT,3,04:29,55","DOWNS,3,03:39,60",4,5,0:50,PUNT,3,04:29,FG45,DOWNS,3,03:39,FG40,NA
2021_02_FG_SS,FG,SS,Frankfurt Galaxy,Stuttgart Surge,6/27/2021,Stuttgart,Gazi-Stadion,15:00,18:05,Y,2:05,750,26 C,no wind,partly cloudy,M. Scholz,D. Clemence,S. Heimerdinger,A. Ortmann,J. Scott,C. Beckmann,Y. Hamiko,SS,2,10,FG45,"H,2,10,V45","17,3,141","RUSH:27,V40, TACK:40,46",S. Shannon rush for 5 yards to the FG40 (K. King;O. Ogbevoen).,"H,3,5,V40",rush,NA,0,NA,0,27,7,NA,17,H,SS,"PUNT,3,04:29,55","DOWNS,3,03:39,60",4,5,0:50,PUNT,3,04:29,FG45,DOWNS,3,03:39,FG40,NA
2021_02_FG_SS,FG,SS,Frankfurt Galaxy,Stuttgart Surge,6/27/2021,Stuttgart,Gazi-Stadion,15:00,18:05,Y,2:05,750,26 C,no wind,partly cloudy,M. Scholz,D. Clemence,S. Heimerdinger,A. Ortmann,J. Scott,C. Beckmann,Y. Hamiko,SS,3,5,FG40,"H,3,5,V40","17,4,142","PASS:6,I,14,*",J. Wright pass incomplete to L. Geyer.,"H,4,5,V40",pass,NA,0,NA,0,27,7,NA,17,H,SS,"PUNT,3,04:29,55","DOWNS,3,03:39,60",4,5,0:50,PUNT,3,04:29,FG45,DOWNS,3,03:39,FG40,NA
2021_02_FG_SS,FG,SS,Frankfurt Galaxy,Stuttgart Surge,6/27/2021,Stuttgart,Gazi-Stadion,15:00,18:05,Y,2:05,750,26 C,no wind,partly cloudy,M. Scholz,D. Clemence,S. Heimerdinger,A. Ortmann,J. Scott,C. Beckmann,Y. Hamiko,SS,4,5,FG40,"H,4,5,V40","17,5,143","PASS:6,I,5,*",J. Wright pass incomplete to D. Meza.,"V,1,10,V40",pass,NA,0,NA,0,27,7,NA,17,H,SS,"PUNT,3,04:29,55","DOWNS,3,03:39,60",4,5,0:50,PUNT,3,04:29,FG45,DOWNS,3,03:39,FG40,NA
2021_02_FG_SS,FG,SS,Frankfurt Galaxy,Stuttgart Surge,6/27/2021,Stuttgart,Gazi-Stadion,15:00,18:05,Y,2:05,750,26 C,no wind,partly cloudy,M. Scholz,D. Clemence,S. Heimerdinger,A. Ortmann,J. Scott,C. Beckmann,Y. Hamiko,FG,1,10,FG40,"V,1,10,V40","18,1,144",{DRIVE}:03:39,FRANKFURT GALAXY drive start at 03:39.,"V,1,10,V40",NA,03:39,0,NA,0,27,7,NA,18,V,FG,"DOWNS,3,03:39,40","TD,3,02:01,100",4,60,1:38,DOWNS,3,03:39,FG40,TD,3,02:01,SS00,1
2021_02_FG_SS,FG,SS,Frankfurt Galaxy,Stuttgart Surge,6/27/2021,Stuttgart,Gazi-Stadion,15:00,18:05,Y,2:05,750,26 C,no wind,partly cloudy,M. Scholz,D. Clemence,S. Heimerdinger,A. Ortmann,J. Scott,C. Beckmann,Y. Hamiko,FG,1,10,FG40,"V,1,10,V40","18,2,145","RUSH:21,V44, TACK:48",G. Adams rush for 4 yards to the FG44 (T. Stickel).,"V,2,6,V44",rush,NA,0,NA,0,27,7,NA,18,V,FG,"DOWNS,3,03:39,40","TD,3,02:01,100",4,60,1:38,DOWNS,3,03:39,FG40,TD,3,02:01,SS00,1
2021_02_FG_SS,FG,SS,Frankfurt Galaxy,Stuttgart Surge,6/27/2021,Stuttgart,Gazi-Stadion,15:00,18:05,Y,2:05,750,26 C,no wind,partly cloudy,M. Scholz,D. Clemence,S. Heimerdinger,A. Ortmann,J. Scott,C. Beckmann,Y. Hamiko,FG,2,6,FG44,"V,2,6,V44","18,3,146","PASS:6,C,13,H29 OB:","M. Johannknecht pass complete to M. Rutsch for 27 yards to the SS29, 1ST DOWN FG, out-of-bounds.","V,1,10,H29",pass,NA,1,pass,0,27,7,NA,18,V,FG,"DOWNS,3,03:39,40","TD,3,02:01,100",4,60,1:38,DOWNS,3,03:39,FG40,TD,3,02:01,SS00,1
2021_02_FG_SS,FG,SS,Frankfurt Galaxy,Stuttgart Surge,6/27/2021,Stuttgart,Gazi-Stadion,15:00,18:05,Y,2:05,750,26 C,no wind,partly cloudy,M. Scholz,D. Clemence,S. Heimerdinger,A. Ortmann,J. Scott,C. Beckmann,Y. Hamiko,FG,1,10,SS29,"V,1,10,H29","18,4,147","PEN:H,RPS,A,99,H14,1","PENALTY SS RPS (S. Vardar) 15 yards to the SS14, 1ST DOWN FG.","V,1,10,H14",penalty,NA,0,penalty,0,27,7,NA,18,V,FG,"DOWNS,3,03:39,40","TD,3,02:01,100",4,60,1:38,DOWNS,3,03:39,FG40,TD,3,02:01,SS00,1
2021_02_FG_SS,FG,SS,Frankfurt Galaxy,Stuttgart Surge,6/27/2021,Stuttgart,Gazi-Stadion,15:00,18:05,Y,2:05,750,26 C,no wind,partly cloudy,M. Scholz,D. Clemence,S. Heimerdinger,A. Ortmann,J. Scott,C. Beckmann,Y. Hamiko,FG,1,10,SS14,"V,1,10,H14","18,5,148","RUSH:22,H01, TACK:32","G. Ameln rush for 13 yards to the SS1, 1ST DOWN FG (J. Ludwig-M.).","V,1,0,H01",rush,NA,0,rush,0,27,7,NA,18,V,FG,"DOWNS,3,03:39,40","TD,3,02:01,100",4,60,1:38,DOWNS,3,03:39,FG40,TD,3,02:01,SS00,1
2021_02_FG_SS,FG,SS,Frankfurt Galaxy,Stuttgart Surge,6/27/2021,Stuttgart,Gazi-Stadion,15:00,18:05,Y,2:05,750,26 C,no wind,partly cloudy,M. Scholz,D. Clemence,S. Heimerdinger,A. Ortmann,J. Scott,C. Beckmann,Y. Hamiko,FG,1,0,SS01,"V,1,0,H01","18,6,149","RUSH:6,H00, T:02:01","M. Johannknecht rush for 1 yard to the SS0, 1ST DOWN FG, TOUCHDOWN, clock 02:01.","V,1,10,H15",rush,02:01,0,rush,1,33,7,NA,18,V,FG,"DOWNS,3,03:39,40","TD,3,02:01,100",4,60,1:38,DOWNS,3,03:39,FG40,TD,3,02:01,SS00,1
2021_02_FG_SS,FG,SS,Frankfurt Galaxy,Stuttgart Surge,6/27/2021,Stuttgart,Gazi-Stadion,15:00,18:05,Y,2:05,750,26 C,no wind,partly cloudy,M. Scholz,D. Clemence,S. Heimerdinger,A. Ortmann,J. Scott,C. Beckmann,Y. Hamiko,FG,1,10,SS15,"V,1,10,H15","18,7,150","PAT:K,15,M",M. Siemssen kick attempt failed.,"V,1,0,V35",pat,NA,0,NA,0,33,7,NA,18,V,FG,"DOWNS,3,03:39,40","TD,3,02:01,100",4,60,1:38,DOWNS,3,03:39,FG40,TD,3,02:01,SS00,1
2021_02_FG_SS,FG,SS,Frankfurt Galaxy,Stuttgart Surge,6/27/2021,Stuttgart,Gazi-Stadion,15:00,18:05,Y,2:05,750,26 C,no wind,partly cloudy,M. Scholz,D. Clemence,S. Heimerdinger,A. Ortmann,J. Scott,C. Beckmann,Y. Hamiko,FG,1,0,FG35,"V,1,0,V35","18,8,151","KO:19,H03 RET:23,H17 TACK:28","N. Strahmann kickoff 62 yards to the SS3, M. Dabo return 14 yards to the SS17 (S. Otto).","H,1,10,H17",kick_off,NA,0,NA,0,33,7,NA,18,V,FG,"DOWNS,3,03:39,40","TD,3,02:01,100",4,60,1:38,DOWNS,3,03:39,FG40,TD,3,02:01,SS00,1
2021_02_FG_SS,FG,SS,Frankfurt Galaxy,Stuttgart Surge,6/27/2021,Stuttgart,Gazi-Stadion,15:00,18:05,Y,2:05,750,26 C,no wind,partly cloudy,M. Scholz,D. Clemence,S. Heimerdinger,A. Ortmann,J. Scott,C. Beckmann,Y. Hamiko,SS,1,10,SS17,"H,1,10,H17","19,1,152",{DRIVE}:02:01,STUTTGART SURGE drive start at 02:01.,"H,1,10,H17",NA,02:01,0,NA,0,33,7,NA,19,H,SS,"KO,3,02:01,17","FUMB,4,13:30,50",7,33,3:31,KO,3,02:01,SS17,FUMB,4,13:30,SS50,NA
2021_02_FG_SS,FG,SS,Frankfurt Galaxy,Stuttgart Surge,6/27/2021,Stuttgart,Gazi-Stadion,15:00,18:05,Y,2:05,750,26 C,no wind,partly cloudy,M. Scholz,D. Clemence,S. Heimerdinger,A. Ortmann,J. Scott,C. Beckmann,Y. Hamiko,SS,1,10,SS17,"H,1,10,H17","19,2,153","RUSH:27,H22, TACK:99",S. Shannon rush for 5 yards to the SS22 (K. Maier).,"H,2,5,H22",rush,NA,0,NA,0,33,7,NA,19,H,SS,"KO,3,02:01,17","FUMB,4,13:30,50",7,33,3:31,KO,3,02:01,SS17,FUMB,4,13:30,SS50,NA
2021_02_FG_SS,FG,SS,Frankfurt Galaxy,Stuttgart Surge,6/27/2021,Stuttgart,Gazi-Stadion,15:00,18:05,Y,2:05,750,26 C,no wind,partly cloudy,M. Scholz,D. Clemence,S. Heimerdinger,A. Ortmann,J. Scott,C. Beckmann,Y. Hamiko,SS,2,5,SS22,"H,2,5,H22","19,3,154","PASS:6,C,5,H32 TACK:23,14","J. Wright pass complete to D. Meza for 10 yards to the SS32, 1ST DOWN SS (D. Cooper;J. Poznanski).","H,1,10,H32",pass,NA,0,pass,0,33,7,NA,19,H,SS,"KO,3,02:01,17","FUMB,4,13:30,50",7,33,3:31,KO,3,02:01,SS17,FUMB,4,13:30,SS50,NA
2021_02_FG_SS,FG,SS,Frankfurt Galaxy,Stuttgart Surge,6/27/2021,Stuttgart,Gazi-Stadion,15:00,18:05,Y,2:05,750,26 C,no wind,partly cloudy,M. Scholz,D. Clemence,S. Heimerdinger,A. Ortmann,J. Scott,C. Beckmann,Y. Hamiko,SS,1,10,SS32,"H,1,10,H32","19,4,155","RUSH:6,H34, TACK:90",J. Wright rush for 2 yards to the SS34 (M. Hor).,"H,2,8,H34",rush,NA,0,NA,0,33,7,NA,19,H,SS,"KO,3,02:01,17","FUMB,4,13:30,50",7,33,3:31,KO,3,02:01,SS17,FUMB,4,13:30,SS50,NA
2021_02_FG_SS,FG,SS,Frankfurt Galaxy,Stuttgart Surge,6/27/2021,Stuttgart,Gazi-Stadion,15:00,18:05,Y,2:05,750,26 C,no wind,partly cloudy,M. Scholz,D. Clemence,S. Heimerdinger,A. Ortmann,J. Scott,C. Beckmann,Y. Hamiko,SS,2,8,SS34,"H,2,8,H34","19,5,156",Q:4 T:15:00,"Start of 4th quarter, clock 15:00.","H,2,8,H34",NA,15:00,0,NA,0,33,7,NA,19,H,SS,"KO,3,02:01,17","FUMB,4,13:30,50",7,33,3:31,KO,3,02:01,SS17,FUMB,4,13:30,SS50,NA
2021_02_FG_SS,FG,SS,Frankfurt Galaxy,Stuttgart Surge,6/27/2021,Stuttgart,Gazi-Stadion,15:00,18:05,Y,2:05,750,26 C,no wind,partly cloudy,M. Scholz,D. Clemence,S. Heimerdinger,A. Ortmann,J. Scott,C. Beckmann,Y. Hamiko,SS,2,8,SS34,"H,2,8,H34","19,6,157","PASS:6,C,12,H45 TACK:56","J. Wright pass complete to F. Latour for 11 yards to the SS45, 1ST DOWN SS (S. Silva Gomez).","H,1,10,H45",pass,NA,0,pass,0,33,7,NA,19,H,SS,"KO,3,02:01,17","FUMB,4,13:30,50",7,33,3:31,KO,3,02:01,SS17,FUMB,4,13:30,SS50,NA
2021_02_FG_SS,FG,SS,Frankfurt Galaxy,Stuttgart Surge,6/27/2021,Stuttgart,Gazi-Stadion,15:00,18:05,Y,2:05,750,26 C,no wind,partly cloudy,M. Scholz,D. Clemence,S. Heimerdinger,A. Ortmann,J. Scott,C. Beckmann,Y. Hamiko,SS,1,10,SS45,"H,1,10,H45","19,7,158","RUSH:27,H44, TACK:55,97",S. Shannon rush for loss of 1 yard to the SS44 (V. Valasti;W. Drew).,"H,2,11,H44",rush,NA,0,NA,0,33,7,NA,19,H,SS,"KO,3,02:01,17","FUMB,4,13:30,50",7,33,3:31,KO,3,02:01,SS17,FUMB,4,13:30,SS50,NA
2021_02_FG_SS,FG,SS,Frankfurt Galaxy,Stuttgart Surge,6/27/2021,Stuttgart,Gazi-Stadion,15:00,18:05,Y,2:05,750,26 C,no wind,partly cloudy,M. Scholz,D. Clemence,S. Heimerdinger,A. Ortmann,J. Scott,C. Beckmann,Y. Hamiko,SS,2,11,SS44,"H,2,11,H44","19,8,159","PASS:6,C,18,V48 TACK:25",J. Wright pass complete to P. Steigerwald for 8 yards to the FG48 (B. Barnes).,"H,3,3,V48",pass,NA,0,NA,0,33,7,NA,19,H,SS,"KO,3,02:01,17","FUMB,4,13:30,50",7,33,3:31,KO,3,02:01,SS17,FUMB,4,13:30,SS50,NA
2021_02_FG_SS,FG,SS,Frankfurt Galaxy,Stuttgart Surge,6/27/2021,Stuttgart,Gazi-Stadion,15:00,18:05,Y,2:05,750,26 C,no wind,partly cloudy,M. Scholz,D. Clemence,S. Heimerdinger,A. Ortmann,J. Scott,C. Beckmann,Y. Hamiko,SS,3,3,FG48,"H,3,3,V48","19,9,160","RUSH:6,V45, FORCE:14 FUMB:V,V50,41","J. Wright rush for 3 yards to the FG45, fumble forced by J. Poznanski, fumble by J. Wright recovered by FG S. Gauthier at 50 yardline.","V,1,10,V50",rush,NA,0,NA,0,33,7,F,19,H,SS,"KO,3,02:01,17","FUMB,4,13:30,50",7,33,3:31,KO,3,02:01,SS17,FUMB,4,13:30,SS50,NA
2021_02_FG_SS,FG,SS,Frankfurt Galaxy,Stuttgart Surge,6/27/2021,Stuttgart,Gazi-Stadion,15:00,18:05,Y,2:05,750,26 C,no wind,partly cloudy,M. Scholz,D. Clemence,S. Heimerdinger,A. Ortmann,J. Scott,C. Beckmann,Y. Hamiko,FG,1,10,FG50,"V,1,10,V50","20,1,161",{DRIVE}:13:30,FRANKFURT GALAXY drive start at 13:30.,"V,1,10,V50",NA,13:30,0,NA,0,33,7,NA,20,V,FG,"FUMB,4,13:30,50","FG,4,10:20,85",7,35,3:10,FUMB,4,13:30,FG50,FG,4,10:20,SS15,1
2021_02_FG_SS,FG,SS,Frankfurt Galaxy,Stuttgart Surge,6/27/2021,Stuttgart,Gazi-Stadion,15:00,18:05,Y,2:05,750,26 C,no wind,partly cloudy,M. Scholz,D. Clemence,S. Heimerdinger,A. Ortmann,J. Scott,C. Beckmann,Y. Hamiko,FG,1,10,FG50,"V,1,10,V50","20,2,162","RUSH:22,H39, TACK:45,21","G. Ameln rush for 11 yards to the SS39, 1ST DOWN FG (N. Hamulic;J. Jakob).","V,1,10,H39",rush,NA,0,rush,0,33,7,NA,20,V,FG,"FUMB,4,13:30,50","FG,4,10:20,85",7,35,3:10,FUMB,4,13:30,FG50,FG,4,10:20,SS15,1
2021_02_FG_SS,FG,SS,Frankfurt Galaxy,Stuttgart Surge,6/27/2021,Stuttgart,Gazi-Stadion,15:00,18:05,Y,2:05,750,26 C,no wind,partly cloudy,M. Scholz,D. Clemence,S. Heimerdinger,A. Ortmann,J. Scott,C. Beckmann,Y. Hamiko,FG,1,10,SS39,"V,1,10,H39","20,3,163","RUSH:6,H31, TACK:45,55",M. Johannknecht rush for 8 yards to the SS31 (N. Hamulic;D. Gratza).,"V,2,2,H31",rush,NA,0,NA,0,33,7,NA,20,V,FG,"FUMB,4,13:30,50","FG,4,10:20,85",7,35,3:10,FUMB,4,13:30,FG50,FG,4,10:20,SS15,1
2021_02_FG_SS,FG,SS,Frankfurt Galaxy,Stuttgart Surge,6/27/2021,Stuttgart,Gazi-Stadion,15:00,18:05,Y,2:05,750,26 C,no wind,partly cloudy,M. Scholz,D. Clemence,S. Heimerdinger,A. Ortmann,J. Scott,C. Beckmann,Y. Hamiko,FG,2,2,SS31,"V,2,2,H31","20,4,164","PASS:6,C,19,H19 TACK:21,14","M. Johannknecht pass complete to N. Strahmann for 12 yards to the SS19, 1ST DOWN FG (J. Jakob;L. Geyer).","V,1,10,H19",pass,NA,0,pass,0,33,7,NA,20,V,FG,"FUMB,4,13:30,50","FG,4,10:20,85",7,35,3:10,FUMB,4,13:30,FG50,FG,4,10:20,SS15,1
2021_02_FG_SS,FG,SS,Frankfurt Galaxy,Stuttgart Surge,6/27/2021,Stuttgart,Gazi-Stadion,15:00,18:05,Y,2:05,750,26 C,no wind,partly cloudy,M. Scholz,D. Clemence,S. Heimerdinger,A. Ortmann,J. Scott,C. Beckmann,Y. Hamiko,FG,1,10,SS19,"V,1,10,H19","20,5,165","PASS:6,C,19,H16 TACK:30",M. Johannknecht pass complete to N. Strahmann for 3 yards to the SS16 (T. Becker).,"V,2,7,H16",pass,NA,0,NA,0,33,7,NA,20,V,FG,"FUMB,4,13:30,50","FG,4,10:20,85",7,35,3:10,FUMB,4,13:30,FG50,FG,4,10:20,SS15,1
2021_02_FG_SS,FG,SS,Frankfurt Galaxy,Stuttgart Surge,6/27/2021,Stuttgart,Gazi-Stadion,15:00,18:05,Y,2:05,750,26 C,no wind,partly cloudy,M. Scholz,D. Clemence,S. Heimerdinger,A. Ortmann,J. Scott,C. Beckmann,Y. Hamiko,FG,2,7,SS16,"V,2,7,H16","20,6,166","PASS:6,I,22,*",M. Johannknecht pass incomplete to G. Ameln.,"V,3,7,H16",pass,NA,0,NA,0,33,7,NA,20,V,FG,"FUMB,4,13:30,50","FG,4,10:20,85",7,35,3:10,FUMB,4,13:30,FG50,FG,4,10:20,SS15,1
2021_02_FG_SS,FG,SS,Frankfurt Galaxy,Stuttgart Surge,6/27/2021,Stuttgart,Gazi-Stadion,15:00,18:05,Y,2:05,750,26 C,no wind,partly cloudy,M. Scholz,D. Clemence,S. Heimerdinger,A. Ortmann,J. Scott,C. Beckmann,Y. Hamiko,FG,3,7,SS16,"V,3,7,H16","20,7,167","RUSH:6,H15, TACK:20",M. Johannknecht rush for 1 yard to the SS15 (D. Warren).,"V,4,6,H15",rush,NA,0,NA,0,33,7,NA,20,V,FG,"FUMB,4,13:30,50","FG,4,10:20,85",7,35,3:10,FUMB,4,13:30,FG50,FG,4,10:20,SS15,1
2021_02_FG_SS,FG,SS,Frankfurt Galaxy,Stuttgart Surge,6/27/2021,Stuttgart,Gazi-Stadion,15:00,18:05,Y,2:05,750,26 C,no wind,partly cloudy,M. Scholz,D. Clemence,S. Heimerdinger,A. Ortmann,J. Scott,C. Beckmann,Y. Hamiko,FG,4,6,SS15,"V,4,6,H15","20,8,168","FGA:15,32,G T:10:20","M. Siemssen field goal attempt from 32 GOOD, clock 10:20.","V,1,0,V35",field_goal,10:20,0,NA,1,36,7,NA,20,V,FG,"FUMB,4,13:30,50","FG,4,10:20,85",7,35,3:10,FUMB,4,13:30,FG50,FG,4,10:20,SS15,1
2021_02_FG_SS,FG,SS,Frankfurt Galaxy,Stuttgart Surge,6/27/2021,Stuttgart,Gazi-Stadion,15:00,18:05,Y,2:05,750,26 C,no wind,partly cloudy,M. Scholz,D. Clemence,S. Heimerdinger,A. Ortmann,J. Scott,C. Beckmann,Y. Hamiko,FG,1,0,FG35,"V,1,0,V35","20,9,169","KO:19,H03 RET:27,H25 TACK:56","N. Strahmann kickoff 62 yards to the SS3, S. Shannon return 22 yards to the SS25 (S. Silva Gomez).","H,1,10,H25",kick_off,NA,0,NA,0,36,7,NA,20,V,FG,"FUMB,4,13:30,50","FG,4,10:20,85",7,35,3:10,FUMB,4,13:30,FG50,FG,4,10:20,SS15,1
2021_02_FG_SS,FG,SS,Frankfurt Galaxy,Stuttgart Surge,6/27/2021,Stuttgart,Gazi-Stadion,15:00,18:05,Y,2:05,750,26 C,no wind,partly cloudy,M. Scholz,D. Clemence,S. Heimerdinger,A. Ortmann,J. Scott,C. Beckmann,Y. Hamiko,SS,1,10,SS25,"H,1,10,H25","21,1,170",{DRIVE}:10:20,STUTTGART SURGE drive start at 10:20.,"H,1,10,H25",NA,10:20,0,NA,0,36,7,NA,21,H,SS,"KO,4,10:20,25","TD,4,08:19,100",5,75,2:01,KO,4,10:20,SS25,TD,4,08:19,FG00,1
2021_02_FG_SS,FG,SS,Frankfurt Galaxy,Stuttgart Surge,6/27/2021,Stuttgart,Gazi-Stadion,15:00,18:05,Y,2:05,750,26 C,no wind,partly cloudy,M. Scholz,D. Clemence,S. Heimerdinger,A. Ortmann,J. Scott,C. Beckmann,Y. Hamiko,SS,1,10,SS25,"H,1,10,H25","21,2,171","PASS:6,C,88,V41, TACK:57,28","J. Wright pass complete to M. Pludra for 34 yards to the FG41, 1ST DOWN SS (M. Krauss;S. Otto).","H,1,10,V41",pass,NA,0,pass,0,36,7,NA,21,H,SS,"KO,4,10:20,25","TD,4,08:19,100",5,75,2:01,KO,4,10:20,SS25,TD,4,08:19,FG00,1
2021_02_FG_SS,FG,SS,Frankfurt Galaxy,Stuttgart Surge,6/27/2021,Stuttgart,Gazi-Stadion,15:00,18:05,Y,2:05,750,26 C,no wind,partly cloudy,M. Scholz,D. Clemence,S. Heimerdinger,A. Ortmann,J. Scott,C. Beckmann,Y. Hamiko,SS,1,10,FG41,"H,1,10,V41","21,3,172","PASS:6,I,18,*",J. Wright pass incomplete to P. Steigerwald.,"H,2,10,V41",pass,NA,0,NA,0,36,7,NA,21,H,SS,"KO,4,10:20,25","TD,4,08:19,100",5,75,2:01,KO,4,10:20,SS25,TD,4,08:19,FG00,1
2021_02_FG_SS,FG,SS,Frankfurt Galaxy,Stuttgart Surge,6/27/2021,Stuttgart,Gazi-Stadion,15:00,18:05,Y,2:05,750,26 C,no wind,partly cloudy,M. Scholz,D. Clemence,S. Heimerdinger,A. Ortmann,J. Scott,C. Beckmann,Y. Hamiko,SS,2,10,FG41,"H,2,10,V41","21,4,173","PEN:V,PF,A,25,V26,1","PENALTY FG personal foul (B. Barnes) 15 yards to the FG26, 1ST DOWN SS.","H,1,10,V26",penalty,NA,0,penalty,0,36,7,NA,21,H,SS,"KO,4,10:20,25","TD,4,08:19,100",5,75,2:01,KO,4,10:20,SS25,TD,4,08:19,FG00,1
2021_02_FG_SS,FG,SS,Frankfurt Galaxy,Stuttgart Surge,6/27/2021,Stuttgart,Gazi-Stadion,15:00,18:05,Y,2:05,750,26 C,no wind,partly cloudy,M. Scholz,D. Clemence,S. Heimerdinger,A. Ortmann,J. Scott,C. Beckmann,Y. Hamiko,SS,1,10,FG26,"H,1,10,V26","21,5,174","RUSH:6,V23, TACK:90",J. Wright rush for 3 yards to the FG23 (M. Hor).,"H,2,7,V23",rush,NA,0,NA,0,36,7,NA,21,H,SS,"KO,4,10:20,25","TD,4,08:19,100",5,75,2:01,KO,4,10:20,SS25,TD,4,08:19,FG00,1
2021_02_FG_SS,FG,SS,Frankfurt Galaxy,Stuttgart Surge,6/27/2021,Stuttgart,Gazi-Stadion,15:00,18:05,Y,2:05,750,26 C,no wind,partly cloudy,M. Scholz,D. Clemence,S. Heimerdinger,A. Ortmann,J. Scott,C. Beckmann,Y. Hamiko,SS,2,7,FG23,"H,2,7,V23","21,6,175","PASS:6,C,5,V01 TACK:25","J. Wright pass complete to D. Meza for 22 yards to the FG1, 1ST DOWN SS (B. Barnes).","H,1,0,V01",pass,NA,0,pass,0,36,7,NA,21,H,SS,"KO,4,10:20,25","TD,4,08:19,100",5,75,2:01,KO,4,10:20,SS25,TD,4,08:19,FG00,1
2021_02_FG_SS,FG,SS,Frankfurt Galaxy,Stuttgart Surge,6/27/2021,Stuttgart,Gazi-Stadion,15:00,18:05,Y,2:05,750,26 C,no wind,partly cloudy,M. Scholz,D. Clemence,S. Heimerdinger,A. Ortmann,J. Scott,C. Beckmann,Y. Hamiko,SS,1,0,FG01,"H,1,0,V01","21,7,176","RUSH:6,V00, T:08:19","J. Wright rush for 1 yard to the FG0, 1ST DOWN SS, TOUCHDOWN, clock 08:19.","H,1,10,V15",rush,08:19,0,rush,1,36,13,NA,21,H,SS,"KO,4,10:20,25","TD,4,08:19,100",5,75,2:01,KO,4,10:20,SS25,TD,4,08:19,FG00,1
2021_02_FG_SS,FG,SS,Frankfurt Galaxy,Stuttgart Surge,6/27/2021,Stuttgart,Gazi-Stadion,15:00,18:05,Y,2:05,750,26 C,no wind,partly cloudy,M. Scholz,D. Clemence,S. Heimerdinger,A. Ortmann,J. Scott,C. Beckmann,Y. Hamiko,SS,1,10,FG15,"H,1,10,V15","21,8,177","PAT:K,3,G",T. Bronn kick attempt good.,"H,1,0,H35",pat,NA,0,NA,1,36,14,NA,21,H,SS,"KO,4,10:20,25","TD,4,08:19,100",5,75,2:01,KO,4,10:20,SS25,TD,4,08:19,FG00,1
2021_02_FG_SS,FG,SS,Frankfurt Galaxy,Stuttgart Surge,6/27/2021,Stuttgart,Gazi-Stadion,15:00,18:05,Y,2:05,750,26 C,no wind,partly cloudy,M. Scholz,D. Clemence,S. Heimerdinger,A. Ortmann,J. Scott,C. Beckmann,Y. Hamiko,SS,1,0,SS35,"H,1,0,H35","21,9,178","KO:3,V00 RET:10,V25 TACK:21","T. Bronn kickoff 65 yards to the FG0, O. Williams return 25 yards to the FG25 (J. Jakob).","V,1,10,V25",kick_off,NA,0,NA,0,36,14,NA,21,H,SS,"KO,4,10:20,25","TD,4,08:19,100",5,75,2:01,KO,4,10:20,SS25,TD,4,08:19,FG00,1
2021_02_FG_SS,FG,SS,Frankfurt Galaxy,Stuttgart Surge,6/27/2021,Stuttgart,Gazi-Stadion,15:00,18:05,Y,2:05,750,26 C,no wind,partly cloudy,M. Scholz,D. Clemence,S. Heimerdinger,A. Ortmann,J. Scott,C. Beckmann,Y. Hamiko,FG,1,10,FG25,"V,1,10,V25","22,1,179",{DRIVE}:08:19,FRANKFURT GALAXY drive start at 08:19.,"V,1,10,V25",NA,08:19,0,NA,0,36,14,NA,22,V,FG,"KO,4,08:19,25","TD,4,03:35,100",9,75,4:44,KO,4,08:19,FG25,TD,4,03:35,SS00,1
2021_02_FG_SS,FG,SS,Frankfurt Galaxy,Stuttgart Surge,6/27/2021,Stuttgart,Gazi-Stadion,15:00,18:05,Y,2:05,750,26 C,no wind,partly cloudy,M. Scholz,D. Clemence,S. Heimerdinger,A. Ortmann,J. Scott,C. Beckmann,Y. Hamiko,FG,1,10,FG25,"V,1,10,V25","22,2,180","PASS:7,C,13,H40 TACK:8","J. Sullivan pass complete to M. Rutsch for 35 yards to the SS40, 1ST DOWN FG (V. Ferrier).","V,1,10,H40",pass,NA,0,pass,0,36,14,NA,22,V,FG,"KO,4,08:19,25","TD,4,03:35,100",9,75,4:44,KO,4,08:19,FG25,TD,4,03:35,SS00,1
2021_02_FG_SS,FG,SS,Frankfurt Galaxy,Stuttgart Surge,6/27/2021,Stuttgart,Gazi-Stadion,15:00,18:05,Y,2:05,750,26 C,no wind,partly cloudy,M. Scholz,D. Clemence,S. Heimerdinger,A. Ortmann,J. Scott,C. Beckmann,Y. Hamiko,FG,1,10,SS40,"V,1,10,H40","22,3,181","PASS:7,C,15,H38 TACK:20",J. Sullivan pass complete to M. Siemssen for 2 yards to the SS38 (D. Warren).,"V,2,8,H38",pass,NA,0,NA,0,36,14,NA,22,V,FG,"KO,4,08:19,25","TD,4,03:35,100",9,75,4:44,KO,4,08:19,FG25,TD,4,03:35,SS00,1
2021_02_FG_SS,FG,SS,Frankfurt Galaxy,Stuttgart Surge,6/27/2021,Stuttgart,Gazi-Stadion,15:00,18:05,Y,2:05,750,26 C,no wind,partly cloudy,M. Scholz,D. Clemence,S. Heimerdinger,A. Ortmann,J. Scott,C. Beckmann,Y. Hamiko,FG,2,8,SS38,"V,2,8,H38","22,4,182","PASS:7,I,17,*",J. Sullivan pass incomplete to N. Schoen.,"V,3,8,H38",pass,NA,0,NA,0,36,14,NA,22,V,FG,"KO,4,08:19,25","TD,4,03:35,100",9,75,4:44,KO,4,08:19,FG25,TD,4,03:35,SS00,1
2021_02_FG_SS,FG,SS,Frankfurt Galaxy,Stuttgart Surge,6/27/2021,Stuttgart,Gazi-Stadion,15:00,18:05,Y,2:05,750,26 C,no wind,partly cloudy,M. Scholz,D. Clemence,S. Heimerdinger,A. Ortmann,J. Scott,C. Beckmann,Y. Hamiko,FG,3,8,SS38,"V,3,8,H38","22,5,183","PASS:7,C,81,H25 TACK:48","J. Sullivan pass complete to N. Bomba for 13 yards to the SS25, 1ST DOWN FG (T. Stickel).","V,1,10,H25",pass,NA,0,pass,0,36,14,NA,22,V,FG,"KO,4,08:19,25","TD,4,03:35,100",9,75,4:44,KO,4,08:19,FG25,TD,4,03:35,SS00,1
2021_02_FG_SS,FG,SS,Frankfurt Galaxy,Stuttgart Surge,6/27/2021,Stuttgart,Gazi-Stadion,15:00,18:05,Y,2:05,750,26 C,no wind,partly cloudy,M. Scholz,D. Clemence,S. Heimerdinger,A. Ortmann,J. Scott,C. Beckmann,Y. Hamiko,FG,1,10,SS25,"V,1,10,H25","22,6,184","RUSH:22,H20, TACK:20",G. Ameln rush for 5 yards to the SS20 (D. Warren).,"V,2,5,H20",rush,NA,0,NA,0,36,14,NA,22,V,FG,"KO,4,08:19,25","TD,4,03:35,100",9,75,4:44,KO,4,08:19,FG25,TD,4,03:35,SS00,1
2021_02_FG_SS,FG,SS,Frankfurt Galaxy,Stuttgart Surge,6/27/2021,Stuttgart,Gazi-Stadion,15:00,18:05,Y,2:05,750,26 C,no wind,partly cloudy,M. Scholz,D. Clemence,S. Heimerdinger,A. Ortmann,J. Scott,C. Beckmann,Y. Hamiko,FG,2,5,SS20,"V,2,5,H20","22,7,185","RUSH:22,H10, OB:","G. Ameln rush for 10 yards to the SS10, 1ST DOWN FG, out-of-bounds.","V,1,0,H10",rush,NA,1,rush,0,36,14,NA,22,V,FG,"KO,4,08:19,25","TD,4,03:35,100",9,75,4:44,KO,4,08:19,FG25,TD,4,03:35,SS00,1
2021_02_FG_SS,FG,SS,Frankfurt Galaxy,Stuttgart Surge,6/27/2021,Stuttgart,Gazi-Stadion,15:00,18:05,Y,2:05,750,26 C,no wind,partly cloudy,M. Scholz,D. Clemence,S. Heimerdinger,A. Ortmann,J. Scott,C. Beckmann,Y. Hamiko,FG,1,0,SS10,"V,1,0,H10","22,8,186","PASS:7,I,15,* PEN:V,OPI,A,85,H20,N NOPLAY:","J. Sullivan pass incomplete to M. Siemssen, PENALTY FG OPI (M. Hachenberg) 10 yards to the SS20, NO PLAY.","V,1,0,H20",penalty,NA,0,NA,0,36,14,NA,22,V,FG,"KO,4,08:19,25","TD,4,03:35,100",9,75,4:44,KO,4,08:19,FG25,TD,4,03:35,SS00,1
2021_02_FG_SS,FG,SS,Frankfurt Galaxy,Stuttgart Surge,6/27/2021,Stuttgart,Gazi-Stadion,15:00,18:05,Y,2:05,750,26 C,no wind,partly cloudy,M. Scholz,D. Clemence,S. Heimerdinger,A. Ortmann,J. Scott,C. Beckmann,Y. Hamiko,FG,1,0,SS20,"V,1,0,H20","22,9,187","RUSH:22,H12, TACK:99,8",G. Ameln rush for 8 yards to the SS12 (S. Vardar;V. Ferrier).,"V,2,0,H12",rush,NA,0,NA,0,36,14,NA,22,V,FG,"KO,4,08:19,25","TD,4,03:35,100",9,75,4:44,KO,4,08:19,FG25,TD,4,03:35,SS00,1
2021_02_FG_SS,FG,SS,Frankfurt Galaxy,Stuttgart Surge,6/27/2021,Stuttgart,Gazi-Stadion,15:00,18:05,Y,2:05,750,26 C,no wind,partly cloudy,M. Scholz,D. Clemence,S. Heimerdinger,A. Ortmann,J. Scott,C. Beckmann,Y. Hamiko,FG,2,0,SS12,"V,2,0,H12","22,10,188",TOUT:V T:04:12,"Timeout Frankfurt Galaxy, clock 04:12.","V,2,0,H12",NA,04:12,0,NA,0,36,14,NA,22,V,FG,"KO,4,08:19,25","TD,4,03:35,100",9,75,4:44,KO,4,08:19,FG25,TD,4,03:35,SS00,1
2021_02_FG_SS,FG,SS,Frankfurt Galaxy,Stuttgart Surge,6/27/2021,Stuttgart,Gazi-Stadion,15:00,18:05,Y,2:05,750,26 C,no wind,partly cloudy,M. Scholz,D. Clemence,S. Heimerdinger,A. Ortmann,J. Scott,C. Beckmann,Y. Hamiko,FG,2,0,SS12,"V,2,0,H12","22,11,189","RUSH:22,H16, TACK:21 PEN:V,OFH,D","G. Ameln rush for loss of 4 yards to the SS16 (J. Jakob), PENALTY FG OFH declined.","V,3,0,H16",rush,NA,0,NA,0,36,14,NA,22,V,FG,"KO,4,08:19,25","TD,4,03:35,100",9,75,4:44,KO,4,08:19,FG25,TD,4,03:35,SS00,1
2021_02_FG_SS,FG,SS,Frankfurt Galaxy,Stuttgart Surge,6/27/2021,Stuttgart,Gazi-Stadion,15:00,18:05,Y,2:05,750,26 C,no wind,partly cloudy,M. Scholz,D. Clemence,S. Heimerdinger,A. Ortmann,J. Scott,C. Beckmann,Y. Hamiko,FG,3,0,SS16,"V,3,0,H16","22,12,190","RUSH:22,H00, T:03:35","G. Ameln rush for 16 yards to the SS0, 1ST DOWN FG, TOUCHDOWN, clock 03:35.","V,1,10,H15",rush,03:35,0,rush,1,42,14,NA,22,V,FG,"KO,4,08:19,25","TD,4,03:35,100",9,75,4:44,KO,4,08:19,FG25,TD,4,03:35,SS00,1
2021_02_FG_SS,FG,SS,Frankfurt Galaxy,Stuttgart Surge,6/27/2021,Stuttgart,Gazi-Stadion,15:00,18:05,Y,2:05,750,26 C,no wind,partly cloudy,M. Scholz,D. Clemence,S. Heimerdinger,A. Ortmann,J. Scott,C. Beckmann,Y. Hamiko,FG,1,10,SS15,"V,1,10,H15","22,13,191","PAT:K,15,M",M. Siemssen kick attempt failed.,"V,1,0,V35",pat,NA,0,NA,0,42,14,NA,22,V,FG,"KO,4,08:19,25","TD,4,03:35,100",9,75,4:44,KO,4,08:19,FG25,TD,4,03:35,SS00,1
2021_02_FG_SS,FG,SS,Frankfurt Galaxy,Stuttgart Surge,6/27/2021,Stuttgart,Gazi-Stadion,15:00,18:05,Y,2:05,750,26 C,no wind,partly cloudy,M. Scholz,D. Clemence,S. Heimerdinger,A. Ortmann,J. Scott,C. Beckmann,Y. Hamiko,FG,1,0,FG35,"V,1,0,V35","22,14,192","KO:19,H00 TB:","N. Strahmann kickoff 65 yards to the SS0, touchback.","H,1,10,H25",kick_off,NA,0,NA,0,42,14,NA,22,V,FG,"KO,4,08:19,25","TD,4,03:35,100",9,75,4:44,KO,4,08:19,FG25,TD,4,03:35,SS00,1
2021_02_FG_SS,FG,SS,Frankfurt Galaxy,Stuttgart Surge,6/27/2021,Stuttgart,Gazi-Stadion,15:00,18:05,Y,2:05,750,26 C,no wind,partly cloudy,M. Scholz,D. Clemence,S. Heimerdinger,A. Ortmann,J. Scott,C. Beckmann,Y. Hamiko,SS,1,10,SS25,"H,1,10,H25","23,1,193",{DRIVE}:03:32,STUTTGART SURGE drive start at 03:32.,"H,1,10,H25",NA,03:32,0,NA,0,42,14,NA,23,H,SS,"KO,4,03:32,25","TD,4,01:55,100",4,75,1:37,KO,4,03:32,SS25,TD,4,01:55,FG00,1
2021_02_FG_SS,FG,SS,Frankfurt Galaxy,Stuttgart Surge,6/27/2021,Stuttgart,Gazi-Stadion,15:00,18:05,Y,2:05,750,26 C,no wind,partly cloudy,M. Scholz,D. Clemence,S. Heimerdinger,A. Ortmann,J. Scott,C. Beckmann,Y. Hamiko,SS,1,10,SS25,"H,1,10,H25","23,2,194","RUSH:7,H23, TACK:95",T. Edel rush for loss of 2 yards to the SS23 (M. Konya).,"H,2,12,H23",rush,NA,0,NA,0,42,14,NA,23,H,SS,"KO,4,03:32,25","TD,4,01:55,100",4,75,1:37,KO,4,03:32,SS25,TD,4,01:55,FG00,1
2021_02_FG_SS,FG,SS,Frankfurt Galaxy,Stuttgart Surge,6/27/2021,Stuttgart,Gazi-Stadion,15:00,18:05,Y,2:05,750,26 C,no wind,partly cloudy,M. Scholz,D. Clemence,S. Heimerdinger,A. Ortmann,J. Scott,C. Beckmann,Y. Hamiko,SS,2,12,SS23,"H,2,12,H23","23,3,195","PASS:6,C,87,H43 TACK:28 PEN:V,RPS,A,28,V42,1","J. Wright pass complete to D. Rofalski for 20 yards to the SS43, 1ST DOWN SS (S. Otto), PENALTY FG RPS (S. Otto) 15 yards to the FG42, 1ST DOWN SS.","H,1,10,V42",pass,NA,0,pass,0,42,14,NA,23,H,SS,"KO,4,03:32,25","TD,4,01:55,100",4,75,1:37,KO,4,03:32,SS25,TD,4,01:55,FG00,1
2021_02_FG_SS,FG,SS,Frankfurt Galaxy,Stuttgart Surge,6/27/2021,Stuttgart,Gazi-Stadion,15:00,18:05,Y,2:05,750,26 C,no wind,partly cloudy,M. Scholz,D. Clemence,S. Heimerdinger,A. Ortmann,J. Scott,C. Beckmann,Y. Hamiko,SS,1,10,FG42,"H,1,10,V42","23,4,196","D:1,10 PASS:6,C,17,V23 TACK:14 PEN:V,UOH,A,14,V12,1","1st and 10, J. Wright pass complete to P. Floeser for 19 yards to the FG23, 1ST DOWN SS (J. Poznanski), PENALTY FG UOH (J. Poznanski) 11 yards to the FG12, 1ST DOWN SS.","H,1,10,V12",pass,NA,0,pass,0,42,14,NA,23,H,SS,"KO,4,03:32,25","TD,4,01:55,100",4,75,1:37,KO,4,03:32,SS25,TD,4,01:55,FG00,1
2021_02_FG_SS,FG,SS,Frankfurt Galaxy,Stuttgart Surge,6/27/2021,Stuttgart,Gazi-Stadion,15:00,18:05,Y,2:05,750,26 C,no wind,partly cloudy,M. Scholz,D. Clemence,S. Heimerdinger,A. Ortmann,J. Scott,C. Beckmann,Y. Hamiko,SS,1,10,FG12,"H,1,10,V12","23,5,197","PASS:6,C,4,V00 T:01:55 PAT:K,3,M","J. Wright pass complete to A. Eitel for 12 yards to the FG0, 1ST DOWN SS, TOUCHDOWN, clock 01:55, T. Bronn kick attempt failed.","H,1,0,H35",pat,01:55,0,pass,1,42,20,NA,23,H,SS,"KO,4,03:32,25","TD,4,01:55,100",4,75,1:37,KO,4,03:32,SS25,TD,4,01:55,FG00,1
2021_02_FG_SS,FG,SS,Frankfurt Galaxy,Stuttgart Surge,6/27/2021,Stuttgart,Gazi-Stadion,15:00,18:05,Y,2:05,750,26 C,no wind,partly cloudy,M. Scholz,D. Clemence,S. Heimerdinger,A. Ortmann,J. Scott,C. Beckmann,Y. Hamiko,SS,1,0,SS35,"H,1,0,H35","23,6,198","KO:3,V01 RET:10,V37 TACK:30","T. Bronn kickoff 64 yards to the FG1, O. Williams return 36 yards to the FG37 (T. Becker).","V,1,10,V37",kick_off,NA,0,NA,0,42,20,NA,23,H,SS,"KO,4,03:32,25","TD,4,01:55,100",4,75,1:37,KO,4,03:32,SS25,TD,4,01:55,FG00,1
2021_02_FG_SS,FG,SS,Frankfurt Galaxy,Stuttgart Surge,6/27/2021,Stuttgart,Gazi-Stadion,15:00,18:05,Y,2:05,750,26 C,no wind,partly cloudy,M. Scholz,D. Clemence,S. Heimerdinger,A. Ortmann,J. Scott,C. Beckmann,Y. Hamiko,FG,1,10,FG37,"V,1,10,V37","24,1,199","{DRIVE}:01:55 SPOT:V,V37,Y","FRANKFURT GALAXY drive start at 01:55, FG ball on FG37.","V,1,10,V37",NA,01:55,0,NA,0,42,20,NA,24,V,FG,"KO,4,01:55,37","HALF,4,00:00,50",3,13,1:55,KO,4,01:55,FG37,HALF,4,00:00,FG50,NA
2021_02_FG_SS,FG,SS,Frankfurt Galaxy,Stuttgart Surge,6/27/2021,Stuttgart,Gazi-Stadion,15:00,18:05,Y,2:05,750,26 C,no wind,partly cloudy,M. Scholz,D. Clemence,S. Heimerdinger,A. Ortmann,J. Scott,C. Beckmann,Y. Hamiko,FG,1,10,FG37,"V,1,10,V37","24,2,200","RUSH:22,V41, TACK:92 PEN:V,UOH,A,85,V26,N","G. Ameln rush for 4 yards to the FG41 (T. Burkhardt), PENALTY FG UOH (M. Hachenberg) 15 yards to the FG26.","V,1,21,V26",rush,NA,0,NA,0,42,20,NA,24,V,FG,"KO,4,01:55,37","HALF,4,00:00,50",3,13,1:55,KO,4,01:55,FG37,HALF,4,00:00,FG50,NA
2021_02_FG_SS,FG,SS,Frankfurt Galaxy,Stuttgart Surge,6/27/2021,Stuttgart,Gazi-Stadion,15:00,18:05,Y,2:05,750,26 C,no wind,partly cloudy,M. Scholz,D. Clemence,S. Heimerdinger,A. Ortmann,J. Scott,C. Beckmann,Y. Hamiko,FG,1,21,FG26,"V,1,21,V26","24,3,201","RUSH:22,V33, TACK:20",G. Ameln rush for 7 yards to the FG33 (D. Warren).,"V,2,14,V33",rush,NA,0,NA,0,42,20,NA,24,V,FG,"KO,4,01:55,37","HALF,4,00:00,50",3,13,1:55,KO,4,01:55,FG37,HALF,4,00:00,FG50,NA
2021_02_FG_SS,FG,SS,Frankfurt Galaxy,Stuttgart Surge,6/27/2021,Stuttgart,Gazi-Stadion,15:00,18:05,Y,2:05,750,26 C,no wind,partly cloudy,M. Scholz,D. Clemence,S. Heimerdinger,A. Ortmann,J. Scott,C. Beckmann,Y. Hamiko,FG,2,14,FG33,"V,2,14,V33","24,4,202","RUSH:22,V50, TACK:32","G. Ameln rush for 17 yards to the 50 yardline, 1ST DOWN FG (J. Ludwig-M.).","V,1,10,V50",rush,NA,0,rush,0,42,20,NA,24,V,FG,"KO,4,01:55,37","HALF,4,00:00,50",3,13,1:55,KO,4,01:55,FG37,HALF,4,00:00,FG50,NA
2021_02_FG_SS,FG,SS,Frankfurt Galaxy,Stuttgart Surge,6/27/2021,Stuttgart,Gazi-Stadion,15:00,18:05,Y,2:05,750,26 C,no wind,partly cloudy,M. Scholz,D. Clemence,S. Heimerdinger,A. Ortmann,J. Scott,C. Beckmann,Y. Hamiko,FG,1,10,FG50,"V,1,10,V50","24,5,203",HALF: T:00:00,"End of game, clock 00:00.","V,1,10,V50",NA,00:00,0,NA,0,42,20,NA,24,V,FG,"KO,4,01:55,37","HALF,4,00:00,50",3,13,1:55,KO,4,01:55,FG37,HALF,4,00:00,FG50,NA
