game_id,away_team_id,home_team_id,away_team,home_team,date,location,stadium,start,end,leaguegame,duration,attend,temp,wind,weather,ref,ump,line,lj,bj,fj,sj,posteam,down,togo,spot,context,play_id,play_type,clock,tokens,desc,newcontext,oob,turnover,first_down_with,score,away_score_post,home_score_post,drive_number,drive_vh,drive_team,drive_start,drive_end,drive_plays,drive_yards,drive_top,drive_start_how,drive_start_qtr,drive_start_time,drive_start_spot,drive_end_how,drive_end_qtr,drive_end_time,drive_end_spot,drive_rz
2021_12_PW_LK,PW,LK,Panthers Wroclaw,Leipzig Kings,9/5/2021,Leipzig,Alfred-Kunze-Sportp.,14:45,17:30,Y,02:45,2168,17 degr.,SE7,cloudy,W. Ratajczak,B. Hansen,K. Haltermann,F. Pachulski,P. Simon,S. Hameder,V. Krisman,PW,1,10,PW35,"V,1,10,V35","0,1,0",NA,15:00,Q:1 T:15:00,"Start of 1st quarter, clock 15:00.","V,1,10,V35",0,NA,NA,0,0,0,0,NA,NA,NA,NA,NA,NA,NA,NA,NA,NA,NA,NA,NA,NA,NA,NA
2021_12_PW_LK,PW,LK,Panthers Wroclaw,Leipzig Kings,9/5/2021,Leipzig,Alfred-Kunze-Sportp.,14:45,17:30,Y,02:45,2168,17 degr.,SE7,cloudy,W. Ratajczak,B. Hansen,K. Haltermann,F. Pachulski,P. Simon,S. Hameder,V. Krisman,PW,1,10,PW35,"V,1,10,V35","0,2,1",NA,15:00,"Q:1 T:15:00 SPOT:H,H35,N","Start of 1st quarter, clock 15:00, LK ball on LK35.","H,1,10,H35",0,NA,NA,0,0,0,0,NA,NA,NA,NA,NA,NA,NA,NA,NA,NA,NA,NA,NA,NA,NA,NA
2021_12_PW_LK,PW,LK,Panthers Wroclaw,Leipzig Kings,9/5/2021,Leipzig,Alfred-Kunze-Sportp.,14:45,17:30,Y,02:45,2168,17 degr.,SE7,cloudy,W. Ratajczak,B. Hansen,K. Haltermann,F. Pachulski,P. Simon,S. Hameder,V. Krisman,LK,1,10,LK35,"H,1,10,H35","0,3,2",kick_off,NA,"KO:18,V19 RET:12,V34 OB:","M. Ulbrich kickoff 46 yards to the PW19, K. Turpin return 15 yards to the PW34, out-of-bounds.","V,1,10,V34",1,NA,NA,0,0,0,0,NA,NA,NA,NA,NA,NA,NA,NA,NA,NA,NA,NA,NA,NA,NA,NA
2021_12_PW_LK,PW,LK,Panthers Wroclaw,Leipzig Kings,9/5/2021,Leipzig,Alfred-Kunze-Sportp.,14:45,17:30,Y,02:45,2168,17 degr.,SE7,cloudy,W. Ratajczak,B. Hansen,K. Haltermann,F. Pachulski,P. Simon,S. Hameder,V. Krisman,PW,1,10,PW34,"V,1,10,V34","1,1,3",pass,NA,"PASS:2,I,23,*",L. O'Connor pass incomplete to J. Mazan.,"V,2,10,V34",0,NA,NA,0,0,0,1,V,PW,"KO,1,15:00,34","PUNT,1,13:33,35",3,1,1:27,KO,1,15:00,PW34,PUNT,1,13:33,PW35,NA
2021_12_PW_LK,PW,LK,Panthers Wroclaw,Leipzig Kings,9/5/2021,Leipzig,Alfred-Kunze-Sportp.,14:45,17:30,Y,02:45,2168,17 degr.,SE7,cloudy,W. Ratajczak,B. Hansen,K. Haltermann,F. Pachulski,P. Simon,S. Hameder,V. Krisman,PW,2,10,PW34,"V,2,10,V34","1,2,4",pass,NA,"PASS:2,I,88,*",L. O'Connor pass incomplete to M. Wojakiewicz.,"V,3,10,V34",0,NA,NA,0,0,0,1,V,PW,"KO,1,15:00,34","PUNT,1,13:33,35",3,1,1:27,KO,1,15:00,PW34,PUNT,1,13:33,PW35,NA
2021_12_PW_LK,PW,LK,Panthers Wroclaw,Leipzig Kings,9/5/2021,Leipzig,Alfred-Kunze-Sportp.,14:45,17:30,Y,02:45,2168,17 degr.,SE7,cloudy,W. Ratajczak,B. Hansen,K. Haltermann,F. Pachulski,P. Simon,S. Hameder,V. Krisman,PW,3,10,PW34,"V,3,10,V34","1,3,5",penalty,NA,"PASS:2,C,82,V44 OB: PEN:V,HO,A,64,V24,N NOPLAY:","L. O'Connor pass complete to P. Banat for 10 yards to the PW44, out-of-bounds, PENALTY PW holding (S. Drecun) 10 yards to the PW24, NO PLAY.","V,3,20,V24",1,NA,NA,0,0,0,1,V,PW,"KO,1,15:00,34","PUNT,1,13:33,35",3,1,1:27,KO,1,15:00,PW34,PUNT,1,13:33,PW35,NA
2021_12_PW_LK,PW,LK,Panthers Wroclaw,Leipzig Kings,9/5/2021,Leipzig,Alfred-Kunze-Sportp.,14:45,17:30,Y,02:45,2168,17 degr.,SE7,cloudy,W. Ratajczak,B. Hansen,K. Haltermann,F. Pachulski,P. Simon,S. Hameder,V. Krisman,PW,3,20,PW24,"V,3,20,V24","1,4,6",pass,NA,"PASS:2,C,82,V35 TACK:21",L. O'Connor pass complete to P. Banat for 11 yards to the PW35 (D. Docal).,"V,4,9,V35",0,NA,NA,0,0,0,1,V,PW,"KO,1,15:00,34","PUNT,1,13:33,35",3,1,1:27,KO,1,15:00,PW34,PUNT,1,13:33,PW35,NA
2021_12_PW_LK,PW,LK,Panthers Wroclaw,Leipzig Kings,9/5/2021,Leipzig,Alfred-Kunze-Sportp.,14:45,17:30,Y,02:45,2168,17 degr.,SE7,cloudy,W. Ratajczak,B. Hansen,K. Haltermann,F. Pachulski,P. Simon,S. Hameder,V. Krisman,PW,4,9,PW35,"V,4,9,V35","1,5,7",punt,NA,"PUNT:44,H24 RET:8,H20 TACK:47","T. Leader punt 41 yards to the LK24, A. Jalloh return -4 yards to the LK20 (A. Idziak).","H,1,10,H20",0,NA,NA,0,0,0,1,V,PW,"KO,1,15:00,34","PUNT,1,13:33,35",3,1,1:27,KO,1,15:00,PW34,PUNT,1,13:33,PW35,NA
2021_12_PW_LK,PW,LK,Panthers Wroclaw,Leipzig Kings,9/5/2021,Leipzig,Alfred-Kunze-Sportp.,14:45,17:30,Y,02:45,2168,17 degr.,SE7,cloudy,W. Ratajczak,B. Hansen,K. Haltermann,F. Pachulski,P. Simon,S. Hameder,V. Krisman,LK,1,10,LK20,"H,1,10,H20","2,1,8",NA,13:33,{DRIVE}:13:33,LEIPZIG KINGS drive start at 13:33.,"H,1,10,H20",0,NA,NA,0,0,0,2,H,LK,"PUNT,1,13:33,20","INT,1,12:04,23",3,3,1:29,PUNT,1,13:33,LK20,INT,1,12:04,LK23,NA
2021_12_PW_LK,PW,LK,Panthers Wroclaw,Leipzig Kings,9/5/2021,Leipzig,Alfred-Kunze-Sportp.,14:45,17:30,Y,02:45,2168,17 degr.,SE7,cloudy,W. Ratajczak,B. Hansen,K. Haltermann,F. Pachulski,P. Simon,S. Hameder,V. Krisman,LK,1,10,LK20,"H,1,10,H20","2,2,9",penalty,NA,"PEN:H,FS,A,67,H15,N",PENALTY LK false start (67) 5 yards to the LK15.,"H,1,15,H15",0,NA,NA,0,0,0,2,H,LK,"PUNT,1,13:33,20","INT,1,12:04,23",3,3,1:29,PUNT,1,13:33,LK20,INT,1,12:04,LK23,NA
2021_12_PW_LK,PW,LK,Panthers Wroclaw,Leipzig Kings,9/5/2021,Leipzig,Alfred-Kunze-Sportp.,14:45,17:30,Y,02:45,2168,17 degr.,SE7,cloudy,W. Ratajczak,B. Hansen,K. Haltermann,F. Pachulski,P. Simon,S. Hameder,V. Krisman,LK,1,15,LK15,"H,1,15,H15","2,3,10",rush,NA,"RUSH:2,H21, TACK:94,8",J. Aguemon rush for 6 yards to the LK21 (K. Brauns;H. Ogrodowczyk).,"H,2,9,H21",0,NA,NA,0,0,0,2,H,LK,"PUNT,1,13:33,20","INT,1,12:04,23",3,3,1:29,PUNT,1,13:33,LK20,INT,1,12:04,LK23,NA
2021_12_PW_LK,PW,LK,Panthers Wroclaw,Leipzig Kings,9/5/2021,Leipzig,Alfred-Kunze-Sportp.,14:45,17:30,Y,02:45,2168,17 degr.,SE7,cloudy,W. Ratajczak,B. Hansen,K. Haltermann,F. Pachulski,P. Simon,S. Hameder,V. Krisman,LK,2,9,LK21,"H,2,9,H21","2,4,11",rush,NA,"RUSH:2,H23, TACK:8,94",J. Aguemon rush for 2 yards to the LK23 (H. Ogrodowczyk;K. Brauns).,"H,3,7,H23",0,NA,NA,0,0,0,2,H,LK,"PUNT,1,13:33,20","INT,1,12:04,23",3,3,1:29,PUNT,1,13:33,LK20,INT,1,12:04,LK23,NA
2021_12_PW_LK,PW,LK,Panthers Wroclaw,Leipzig Kings,9/5/2021,Leipzig,Alfred-Kunze-Sportp.,14:45,17:30,Y,02:45,2168,17 degr.,SE7,cloudy,W. Ratajczak,B. Hansen,K. Haltermann,F. Pachulski,P. Simon,S. Hameder,V. Krisman,LK,3,7,LK23,"H,3,7,H23","2,5,12",pass,NA,"PASS:3,X,5,H35 RET:5,H01 TACK:TM","M. Birdsong pass intercepted by G. Zec at the LK35, G. Zec return 34 yards to the LK1 (TEAM).","V,1,0,H01",0,I,NA,0,0,0,2,H,LK,"PUNT,1,13:33,20","INT,1,12:04,23",3,3,1:29,PUNT,1,13:33,LK20,INT,1,12:04,LK23,NA
2021_12_PW_LK,PW,LK,Panthers Wroclaw,Leipzig Kings,9/5/2021,Leipzig,Alfred-Kunze-Sportp.,14:45,17:30,Y,02:45,2168,17 degr.,SE7,cloudy,W. Ratajczak,B. Hansen,K. Haltermann,F. Pachulski,P. Simon,S. Hameder,V. Krisman,PW,1,0,LK01,"V,1,0,H01","3,1,13",NA,12:04,{DRIVE}:12:04,PANTHERS WROCLAW drive start at 12:04.,"V,1,0,H01",0,NA,NA,0,0,0,3,V,PW,"INT,1,12:04,99","TD,1,12:01,100",1,1,0:03,INT,1,12:04,LK01,TD,1,12:01,LK00,1
2021_12_PW_LK,PW,LK,Panthers Wroclaw,Leipzig Kings,9/5/2021,Leipzig,Alfred-Kunze-Sportp.,14:45,17:30,Y,02:45,2168,17 degr.,SE7,cloudy,W. Ratajczak,B. Hansen,K. Haltermann,F. Pachulski,P. Simon,S. Hameder,V. Krisman,PW,1,0,LK01,"V,1,0,H01","3,2,14",pass,12:01,"PASS:2,C,12,H00 T:12:01","L. O'Connor pass complete to K. Turpin for 1 yard to the LK0, 1ST DOWN PW, TOUCHDOWN, clock 12:01.","V,1,10,H15",0,NA,pass,1,6,0,3,V,PW,"INT,1,12:04,99","TD,1,12:01,100",1,1,0:03,INT,1,12:04,LK01,TD,1,12:01,LK00,1
2021_12_PW_LK,PW,LK,Panthers Wroclaw,Leipzig Kings,9/5/2021,Leipzig,Alfred-Kunze-Sportp.,14:45,17:30,Y,02:45,2168,17 degr.,SE7,cloudy,W. Ratajczak,B. Hansen,K. Haltermann,F. Pachulski,P. Simon,S. Hameder,V. Krisman,PW,1,10,LK15,"V,1,10,H15","3,3,15",pat,NA,"PAT:K,44,G",T. Leader kick attempt good.,"V,1,0,V35",0,NA,NA,1,7,0,3,V,PW,"INT,1,12:04,99","TD,1,12:01,100",1,1,0:03,INT,1,12:04,LK01,TD,1,12:01,LK00,1
2021_12_PW_LK,PW,LK,Panthers Wroclaw,Leipzig Kings,9/5/2021,Leipzig,Alfred-Kunze-Sportp.,14:45,17:30,Y,02:45,2168,17 degr.,SE7,cloudy,W. Ratajczak,B. Hansen,K. Haltermann,F. Pachulski,P. Simon,S. Hameder,V. Krisman,PW,1,0,PW35,"V,1,0,V35","3,4,16",kick_off,NA,"KO:44,H09 RET:8,H47 TACK:44","T. Leader kickoff 56 yards to the LK9, A. Jalloh return 38 yards to the LK47 (T. Leader).","H,1,10,H47",0,NA,NA,0,7,0,3,V,PW,"INT,1,12:04,99","TD,1,12:01,100",1,1,0:03,INT,1,12:04,LK01,TD,1,12:01,LK00,1
2021_12_PW_LK,PW,LK,Panthers Wroclaw,Leipzig Kings,9/5/2021,Leipzig,Alfred-Kunze-Sportp.,14:45,17:30,Y,02:45,2168,17 degr.,SE7,cloudy,W. Ratajczak,B. Hansen,K. Haltermann,F. Pachulski,P. Simon,S. Hameder,V. Krisman,LK,1,10,LK47,"H,1,10,H47","4,1,17",NA,11:53,{DRIVE}:11:53,LEIPZIG KINGS drive start at 11:53.,"H,1,10,H47",0,NA,NA,0,7,0,4,H,LK,"KO,1,11:53,47","PUNT,1,10:27,51",3,4,1:26,KO,1,11:53,LK47,PUNT,1,10:27,PW49,NA
2021_12_PW_LK,PW,LK,Panthers Wroclaw,Leipzig Kings,9/5/2021,Leipzig,Alfred-Kunze-Sportp.,14:45,17:30,Y,02:45,2168,17 degr.,SE7,cloudy,W. Ratajczak,B. Hansen,K. Haltermann,F. Pachulski,P. Simon,S. Hameder,V. Krisman,LK,1,10,LK47,"H,1,10,H47","4,2,18",rush,NA,"RUSH:12,H50, TACK:92,8",J. Awini rush for 3 yards to the 50 yardline (A. Brudny;H. Ogrodowczyk).,"H,2,7,H50",0,NA,NA,0,7,0,4,H,LK,"KO,1,11:53,47","PUNT,1,10:27,51",3,4,1:26,KO,1,11:53,LK47,PUNT,1,10:27,PW49,NA
2021_12_PW_LK,PW,LK,Panthers Wroclaw,Leipzig Kings,9/5/2021,Leipzig,Alfred-Kunze-Sportp.,14:45,17:30,Y,02:45,2168,17 degr.,SE7,cloudy,W. Ratajczak,B. Hansen,K. Haltermann,F. Pachulski,P. Simon,S. Hameder,V. Krisman,LK,2,7,LK50,"H,2,7,H50","4,3,19",rush,NA,"RUSH:12,V49, TACK:8,93",J. Awini rush for 1 yard to the PW49 (H. Ogrodowczyk;D. Wesolowski).,"H,3,6,V49",0,NA,NA,0,7,0,4,H,LK,"KO,1,11:53,47","PUNT,1,10:27,51",3,4,1:26,KO,1,11:53,LK47,PUNT,1,10:27,PW49,NA
2021_12_PW_LK,PW,LK,Panthers Wroclaw,Leipzig Kings,9/5/2021,Leipzig,Alfred-Kunze-Sportp.,14:45,17:30,Y,02:45,2168,17 degr.,SE7,cloudy,W. Ratajczak,B. Hansen,K. Haltermann,F. Pachulski,P. Simon,S. Hameder,V. Krisman,LK,3,6,PW49,"H,3,6,V49","4,4,20",pass,NA,"PASS:3,B,6,* BRUP:5",M. Birdsong pass incomplete to T. Knuettel (G. Zec).,"H,4,6,V49",0,NA,NA,0,7,0,4,H,LK,"KO,1,11:53,47","PUNT,1,10:27,51",3,4,1:26,KO,1,11:53,LK47,PUNT,1,10:27,PW49,NA
2021_12_PW_LK,PW,LK,Panthers Wroclaw,Leipzig Kings,9/5/2021,Leipzig,Alfred-Kunze-Sportp.,14:45,17:30,Y,02:45,2168,17 degr.,SE7,cloudy,W. Ratajczak,B. Hansen,K. Haltermann,F. Pachulski,P. Simon,S. Hameder,V. Krisman,LK,4,6,PW49,"H,4,6,V49","4,5,21",punt,NA,"PUNT:1,H49 DN:","J. Templar punt -2 yards to the LK49, downed.","V,1,10,H49",0,NA,NA,0,7,0,4,H,LK,"KO,1,11:53,47","PUNT,1,10:27,51",3,4,1:26,KO,1,11:53,LK47,PUNT,1,10:27,PW49,NA
2021_12_PW_LK,PW,LK,Panthers Wroclaw,Leipzig Kings,9/5/2021,Leipzig,Alfred-Kunze-Sportp.,14:45,17:30,Y,02:45,2168,17 degr.,SE7,cloudy,W. Ratajczak,B. Hansen,K. Haltermann,F. Pachulski,P. Simon,S. Hameder,V. Krisman,PW,1,10,LK49,"V,1,10,H49","5,1,22",NA,10:27,{DRIVE}:10:27,PANTHERS WROCLAW drive start at 10:27.,"V,1,10,H49",0,NA,NA,0,7,0,5,V,PW,"PUNT,1,10:27,51","PUNT,1,09:35,55",3,4,0:52,PUNT,1,10:27,LK49,PUNT,1,09:35,LK45,NA
2021_12_PW_LK,PW,LK,Panthers Wroclaw,Leipzig Kings,9/5/2021,Leipzig,Alfred-Kunze-Sportp.,14:45,17:30,Y,02:45,2168,17 degr.,SE7,cloudy,W. Ratajczak,B. Hansen,K. Haltermann,F. Pachulski,P. Simon,S. Hameder,V. Krisman,PW,1,10,LK49,"V,1,10,H49","5,2,23",pass,NA,"PASS:2,I,16,*",L. O'Connor pass incomplete to W. Zieba.,"V,2,10,H49",0,NA,NA,0,7,0,5,V,PW,"PUNT,1,10:27,51","PUNT,1,09:35,55",3,4,0:52,PUNT,1,10:27,LK49,PUNT,1,09:35,LK45,NA
2021_12_PW_LK,PW,LK,Panthers Wroclaw,Leipzig Kings,9/5/2021,Leipzig,Alfred-Kunze-Sportp.,14:45,17:30,Y,02:45,2168,17 degr.,SE7,cloudy,W. Ratajczak,B. Hansen,K. Haltermann,F. Pachulski,P. Simon,S. Hameder,V. Krisman,PW,2,10,LK49,"V,2,10,H49","5,3,24",rush,NA,"RUSH:25,H45, TACK:21,40",P. Pasqualini rush for 4 yards to the LK45 (D. Docal;O. Rohnebak).,"V,3,6,H45",0,NA,NA,0,7,0,5,V,PW,"PUNT,1,10:27,51","PUNT,1,09:35,55",3,4,0:52,PUNT,1,10:27,LK49,PUNT,1,09:35,LK45,NA
2021_12_PW_LK,PW,LK,Panthers Wroclaw,Leipzig Kings,9/5/2021,Leipzig,Alfred-Kunze-Sportp.,14:45,17:30,Y,02:45,2168,17 degr.,SE7,cloudy,W. Ratajczak,B. Hansen,K. Haltermann,F. Pachulski,P. Simon,S. Hameder,V. Krisman,PW,3,6,LK45,"V,3,6,H45","5,4,25",pass,NA,"PASS:2,I,23,*",L. O'Connor pass incomplete to J. Mazan.,"V,4,6,H45",0,NA,NA,0,7,0,5,V,PW,"PUNT,1,10:27,51","PUNT,1,09:35,55",3,4,0:52,PUNT,1,10:27,LK49,PUNT,1,09:35,LK45,NA
2021_12_PW_LK,PW,LK,Panthers Wroclaw,Leipzig Kings,9/5/2021,Leipzig,Alfred-Kunze-Sportp.,14:45,17:30,Y,02:45,2168,17 degr.,SE7,cloudy,W. Ratajczak,B. Hansen,K. Haltermann,F. Pachulski,P. Simon,S. Hameder,V. Krisman,PW,4,6,LK45,"V,4,6,H45","5,5,26",punt,NA,"PUNT:44,H21 OB:","T. Leader punt 24 yards to the LK21, out-of-bounds.","H,1,10,H21",1,NA,NA,0,7,0,5,V,PW,"PUNT,1,10:27,51","PUNT,1,09:35,55",3,4,0:52,PUNT,1,10:27,LK49,PUNT,1,09:35,LK45,NA
2021_12_PW_LK,PW,LK,Panthers Wroclaw,Leipzig Kings,9/5/2021,Leipzig,Alfred-Kunze-Sportp.,14:45,17:30,Y,02:45,2168,17 degr.,SE7,cloudy,W. Ratajczak,B. Hansen,K. Haltermann,F. Pachulski,P. Simon,S. Hameder,V. Krisman,LK,1,10,LK21,"H,1,10,H21","6,1,27",NA,09:35,{DRIVE}:09:35,LEIPZIG KINGS drive start at 09:35.,"H,1,10,H21",0,NA,NA,0,7,0,6,H,LK,"PUNT,1,09:35,21","PUNT,1,04:08,30",7,9,5:27,PUNT,1,09:35,LK21,PUNT,1,04:08,LK30,NA
2021_12_PW_LK,PW,LK,Panthers Wroclaw,Leipzig Kings,9/5/2021,Leipzig,Alfred-Kunze-Sportp.,14:45,17:30,Y,02:45,2168,17 degr.,SE7,cloudy,W. Ratajczak,B. Hansen,K. Haltermann,F. Pachulski,P. Simon,S. Hameder,V. Krisman,LK,1,10,LK21,"H,1,10,H21","6,2,28",pass,NA,"PASS:3,S,TM,H18 SACK:93",M. Birdsong sacked for loss of 3 yards to the LK18 (D. Wesolowski).,"H,2,13,H18",0,NA,NA,0,7,0,6,H,LK,"PUNT,1,09:35,21","PUNT,1,04:08,30",7,9,5:27,PUNT,1,09:35,LK21,PUNT,1,04:08,LK30,NA
2021_12_PW_LK,PW,LK,Panthers Wroclaw,Leipzig Kings,9/5/2021,Leipzig,Alfred-Kunze-Sportp.,14:45,17:30,Y,02:45,2168,17 degr.,SE7,cloudy,W. Ratajczak,B. Hansen,K. Haltermann,F. Pachulski,P. Simon,S. Hameder,V. Krisman,LK,2,13,LK18,"H,2,13,H18","6,3,29",pass,NA,"PASS:3,C,84,H30 TACK:5,8",M. Birdsong pass complete to Y. Omi for 12 yards to the LK30 (G. Zec;H. Ogrodowczyk).,"H,3,1,H30",0,NA,NA,0,7,0,6,H,LK,"PUNT,1,09:35,21","PUNT,1,04:08,30",7,9,5:27,PUNT,1,09:35,LK21,PUNT,1,04:08,LK30,NA
2021_12_PW_LK,PW,LK,Panthers Wroclaw,Leipzig Kings,9/5/2021,Leipzig,Alfred-Kunze-Sportp.,14:45,17:30,Y,02:45,2168,17 degr.,SE7,cloudy,W. Ratajczak,B. Hansen,K. Haltermann,F. Pachulski,P. Simon,S. Hameder,V. Krisman,LK,3,1,LK30,"H,3,1,H30","6,4,30",rush,NA,"RUSH:12,H34, TACK:24","J. Awini rush for 4 yards to the LK34, 1ST DOWN LK (W. James).","H,1,10,H34",0,NA,rush,0,7,0,6,H,LK,"PUNT,1,09:35,21","PUNT,1,04:08,30",7,9,5:27,PUNT,1,09:35,LK21,PUNT,1,04:08,LK30,NA
2021_12_PW_LK,PW,LK,Panthers Wroclaw,Leipzig Kings,9/5/2021,Leipzig,Alfred-Kunze-Sportp.,14:45,17:30,Y,02:45,2168,17 degr.,SE7,cloudy,W. Ratajczak,B. Hansen,K. Haltermann,F. Pachulski,P. Simon,S. Hameder,V. Krisman,LK,1,10,LK34,"H,1,10,H34","6,5,31",rush,NA,"RUSH:12,H44, TACK:1,28","J. Awini rush for 10 yards to the LK44, 1ST DOWN LK (D. Robinson;P. Courageux).","H,1,10,H44",0,NA,rush,0,7,0,6,H,LK,"PUNT,1,09:35,21","PUNT,1,04:08,30",7,9,5:27,PUNT,1,09:35,LK21,PUNT,1,04:08,LK30,NA
2021_12_PW_LK,PW,LK,Panthers Wroclaw,Leipzig Kings,9/5/2021,Leipzig,Alfred-Kunze-Sportp.,14:45,17:30,Y,02:45,2168,17 degr.,SE7,cloudy,W. Ratajczak,B. Hansen,K. Haltermann,F. Pachulski,P. Simon,S. Hameder,V. Krisman,LK,1,10,LK44,"H,1,10,H44","6,6,32",penalty,NA,"PEN:H,DG,A,3,H39,N",PENALTY LK delay of game (M. Birdsong) 5 yards to the LK39.,"H,1,15,H39",0,NA,NA,0,7,0,6,H,LK,"PUNT,1,09:35,21","PUNT,1,04:08,30",7,9,5:27,PUNT,1,09:35,LK21,PUNT,1,04:08,LK30,NA
2021_12_PW_LK,PW,LK,Panthers Wroclaw,Leipzig Kings,9/5/2021,Leipzig,Alfred-Kunze-Sportp.,14:45,17:30,Y,02:45,2168,17 degr.,SE7,cloudy,W. Ratajczak,B. Hansen,K. Haltermann,F. Pachulski,P. Simon,S. Hameder,V. Krisman,LK,1,15,LK39,"H,1,15,H39","6,7,33",pass,NA,"PASS:3,C,85,H32 TACK:5 PEN:H,ID,D","M. Birdsong pass complete to A. Doroshev for loss of 7 yards to the LK32 (G. Zec), PENALTY LK ineligible downfield on pass declined.","H,2,22,H32",0,NA,NA,0,7,0,6,H,LK,"PUNT,1,09:35,21","PUNT,1,04:08,30",7,9,5:27,PUNT,1,09:35,LK21,PUNT,1,04:08,LK30,NA
2021_12_PW_LK,PW,LK,Panthers Wroclaw,Leipzig Kings,9/5/2021,Leipzig,Alfred-Kunze-Sportp.,14:45,17:30,Y,02:45,2168,17 degr.,SE7,cloudy,W. Ratajczak,B. Hansen,K. Haltermann,F. Pachulski,P. Simon,S. Hameder,V. Krisman,LK,2,22,LK32,"H,2,22,H32","6,8,34",rush,NA,"RUSH:3,H39, TACK:24",M. Birdsong rush for 7 yards to the LK39 (W. James).,"H,3,15,H39",0,NA,NA,0,7,0,6,H,LK,"PUNT,1,09:35,21","PUNT,1,04:08,30",7,9,5:27,PUNT,1,09:35,LK21,PUNT,1,04:08,LK30,NA
2021_12_PW_LK,PW,LK,Panthers Wroclaw,Leipzig Kings,9/5/2021,Leipzig,Alfred-Kunze-Sportp.,14:45,17:30,Y,02:45,2168,17 degr.,SE7,cloudy,W. Ratajczak,B. Hansen,K. Haltermann,F. Pachulski,P. Simon,S. Hameder,V. Krisman,LK,3,15,LK39,"H,3,15,H39","6,9,35",pass,NA,"PASS:3,S,TM,H30 SACK:94",M. Birdsong sacked for loss of 9 yards to the LK30 (K. Brauns).,"H,4,24,H30",0,NA,NA,0,7,0,6,H,LK,"PUNT,1,09:35,21","PUNT,1,04:08,30",7,9,5:27,PUNT,1,09:35,LK21,PUNT,1,04:08,LK30,NA
2021_12_PW_LK,PW,LK,Panthers Wroclaw,Leipzig Kings,9/5/2021,Leipzig,Alfred-Kunze-Sportp.,14:45,17:30,Y,02:45,2168,17 degr.,SE7,cloudy,W. Ratajczak,B. Hansen,K. Haltermann,F. Pachulski,P. Simon,S. Hameder,V. Krisman,LK,4,24,LK30,"H,4,24,H30","6,10,36",punt,NA,"PUNT:1,V20",J. Templar punt 50 yards to the PW20.,"V,1,10,V20",0,NA,NA,0,7,0,6,H,LK,"PUNT,1,09:35,21","PUNT,1,04:08,30",7,9,5:27,PUNT,1,09:35,LK21,PUNT,1,04:08,LK30,NA
2021_12_PW_LK,PW,LK,Panthers Wroclaw,Leipzig Kings,9/5/2021,Leipzig,Alfred-Kunze-Sportp.,14:45,17:30,Y,02:45,2168,17 degr.,SE7,cloudy,W. Ratajczak,B. Hansen,K. Haltermann,F. Pachulski,P. Simon,S. Hameder,V. Krisman,PW,1,10,PW20,"V,1,10,V20","7,1,37",NA,04:08,{DRIVE}:04:08,PANTHERS WROCLAW drive start at 04:08.,"V,1,10,V20",0,NA,NA,0,7,0,7,V,PW,"PUNT,1,04:08,20","FUMB,2,11:58,79",14,59,7:10,PUNT,1,04:08,PW20,FUMB,2,11:58,LK21,1
2021_12_PW_LK,PW,LK,Panthers Wroclaw,Leipzig Kings,9/5/2021,Leipzig,Alfred-Kunze-Sportp.,14:45,17:30,Y,02:45,2168,17 degr.,SE7,cloudy,W. Ratajczak,B. Hansen,K. Haltermann,F. Pachulski,P. Simon,S. Hameder,V. Krisman,PW,1,10,PW20,"V,1,10,V20","7,2,38",rush,NA,"RUSH:25,V22, TACK:41",P. Pasqualini rush for 2 yards to the PW22 (A. Dommann).,"V,2,8,V22",0,NA,NA,0,7,0,7,V,PW,"PUNT,1,04:08,20","FUMB,2,11:58,79",14,59,7:10,PUNT,1,04:08,PW20,FUMB,2,11:58,LK21,1
2021_12_PW_LK,PW,LK,Panthers Wroclaw,Leipzig Kings,9/5/2021,Leipzig,Alfred-Kunze-Sportp.,14:45,17:30,Y,02:45,2168,17 degr.,SE7,cloudy,W. Ratajczak,B. Hansen,K. Haltermann,F. Pachulski,P. Simon,S. Hameder,V. Krisman,PW,2,8,PW22,"V,2,8,V22","7,3,39",NA,03:32,TOUT:H T:03:32,"Timeout Leipzig Kings, clock 03:32.","V,2,8,V22",0,NA,NA,0,7,0,7,V,PW,"PUNT,1,04:08,20","FUMB,2,11:58,79",14,59,7:10,PUNT,1,04:08,PW20,FUMB,2,11:58,LK21,1
2021_12_PW_LK,PW,LK,Panthers Wroclaw,Leipzig Kings,9/5/2021,Leipzig,Alfred-Kunze-Sportp.,14:45,17:30,Y,02:45,2168,17 degr.,SE7,cloudy,W. Ratajczak,B. Hansen,K. Haltermann,F. Pachulski,P. Simon,S. Hameder,V. Krisman,PW,2,8,PW22,"V,2,8,V22","7,4,40",rush,NA,"RUSH:12,V33, TACK:4,40","K. Turpin rush for 11 yards to the PW33, 1ST DOWN PW (R. Henrique;O. Rohnebak).","V,1,10,V33",0,NA,rush,0,7,0,7,V,PW,"PUNT,1,04:08,20","FUMB,2,11:58,79",14,59,7:10,PUNT,1,04:08,PW20,FUMB,2,11:58,LK21,1
2021_12_PW_LK,PW,LK,Panthers Wroclaw,Leipzig Kings,9/5/2021,Leipzig,Alfred-Kunze-Sportp.,14:45,17:30,Y,02:45,2168,17 degr.,SE7,cloudy,W. Ratajczak,B. Hansen,K. Haltermann,F. Pachulski,P. Simon,S. Hameder,V. Krisman,PW,1,10,PW33,"V,1,10,V33","7,5,41",pass,NA,"PASS:2,I,87,*",L. O'Connor pass incomplete to I. Maslanka.,"V,2,10,V33",0,NA,NA,0,7,0,7,V,PW,"PUNT,1,04:08,20","FUMB,2,11:58,79",14,59,7:10,PUNT,1,04:08,PW20,FUMB,2,11:58,LK21,1
2021_12_PW_LK,PW,LK,Panthers Wroclaw,Leipzig Kings,9/5/2021,Leipzig,Alfred-Kunze-Sportp.,14:45,17:30,Y,02:45,2168,17 degr.,SE7,cloudy,W. Ratajczak,B. Hansen,K. Haltermann,F. Pachulski,P. Simon,S. Hameder,V. Krisman,PW,2,10,PW33,"V,2,10,V33","7,6,42",pass,NA,"PASS:2,C,12,V40 TACK:40",L. O'Connor pass complete to K. Turpin for 7 yards to the PW40 (O. Rohnebak).,"V,3,3,V40",0,NA,NA,0,7,0,7,V,PW,"PUNT,1,04:08,20","FUMB,2,11:58,79",14,59,7:10,PUNT,1,04:08,PW20,FUMB,2,11:58,LK21,1
2021_12_PW_LK,PW,LK,Panthers Wroclaw,Leipzig Kings,9/5/2021,Leipzig,Alfred-Kunze-Sportp.,14:45,17:30,Y,02:45,2168,17 degr.,SE7,cloudy,W. Ratajczak,B. Hansen,K. Haltermann,F. Pachulski,P. Simon,S. Hameder,V. Krisman,PW,3,3,PW40,"V,3,3,V40","7,7,43",pass,NA,"PASS:2,C,15,V45 TACK:7","L. O'Connor pass complete to B. Dziedzic for 5 yards to the PW45, 1ST DOWN PW (B. Tchiyoko).","V,1,10,V45",0,NA,pass,0,7,0,7,V,PW,"PUNT,1,04:08,20","FUMB,2,11:58,79",14,59,7:10,PUNT,1,04:08,PW20,FUMB,2,11:58,LK21,1
2021_12_PW_LK,PW,LK,Panthers Wroclaw,Leipzig Kings,9/5/2021,Leipzig,Alfred-Kunze-Sportp.,14:45,17:30,Y,02:45,2168,17 degr.,SE7,cloudy,W. Ratajczak,B. Hansen,K. Haltermann,F. Pachulski,P. Simon,S. Hameder,V. Krisman,PW,1,10,PW45,"V,1,10,V45","7,8,44",pass,NA,"PASS:2,I,82,*",L. O'Connor pass incomplete to P. Banat.,"V,2,10,V45",0,NA,NA,0,7,0,7,V,PW,"PUNT,1,04:08,20","FUMB,2,11:58,79",14,59,7:10,PUNT,1,04:08,PW20,FUMB,2,11:58,LK21,1
2021_12_PW_LK,PW,LK,Panthers Wroclaw,Leipzig Kings,9/5/2021,Leipzig,Alfred-Kunze-Sportp.,14:45,17:30,Y,02:45,2168,17 degr.,SE7,cloudy,W. Ratajczak,B. Hansen,K. Haltermann,F. Pachulski,P. Simon,S. Hameder,V. Krisman,PW,2,10,PW45,"V,2,10,V45","7,9,45",rush,NA,"RUSH:25,V50, TACK:41,40",P. Pasqualini rush for 5 yards to the 50 yardline (A. Dommann;O. Rohnebak).,"V,3,5,V50",0,NA,NA,0,7,0,7,V,PW,"PUNT,1,04:08,20","FUMB,2,11:58,79",14,59,7:10,PUNT,1,04:08,PW20,FUMB,2,11:58,LK21,1
2021_12_PW_LK,PW,LK,Panthers Wroclaw,Leipzig Kings,9/5/2021,Leipzig,Alfred-Kunze-Sportp.,14:45,17:30,Y,02:45,2168,17 degr.,SE7,cloudy,W. Ratajczak,B. Hansen,K. Haltermann,F. Pachulski,P. Simon,S. Hameder,V. Krisman,PW,3,5,PW50,"V,3,5,V50","7,10,46",pass,NA,"PASS:2,C,82,H33 TACK:7,8","L. O'Connor pass complete to P. Banat for 17 yards to the LK33, 1ST DOWN PW (B. Tchiyoko;A. Jalloh).","V,1,10,H33",0,NA,pass,0,7,0,7,V,PW,"PUNT,1,04:08,20","FUMB,2,11:58,79",14,59,7:10,PUNT,1,04:08,PW20,FUMB,2,11:58,LK21,1
2021_12_PW_LK,PW,LK,Panthers Wroclaw,Leipzig Kings,9/5/2021,Leipzig,Alfred-Kunze-Sportp.,14:45,17:30,Y,02:45,2168,17 degr.,SE7,cloudy,W. Ratajczak,B. Hansen,K. Haltermann,F. Pachulski,P. Simon,S. Hameder,V. Krisman,PW,1,10,LK33,"V,1,10,H33","7,11,47",pass,NA,"PASS:2,C,12,H39 OB:","L. O'Connor pass complete to K. Turpin for loss of 6 yards to the LK39, out-of-bounds.","V,2,16,H39",1,NA,NA,0,7,0,7,V,PW,"PUNT,1,04:08,20","FUMB,2,11:58,79",14,59,7:10,PUNT,1,04:08,PW20,FUMB,2,11:58,LK21,1
2021_12_PW_LK,PW,LK,Panthers Wroclaw,Leipzig Kings,9/5/2021,Leipzig,Alfred-Kunze-Sportp.,14:45,17:30,Y,02:45,2168,17 degr.,SE7,cloudy,W. Ratajczak,B. Hansen,K. Haltermann,F. Pachulski,P. Simon,S. Hameder,V. Krisman,PW,2,16,LK39,"V,2,16,H39","7,12,48",NA,15:00,Q:2 T:15:00,"Start of 2nd quarter, clock 15:00.","V,2,16,H39",0,NA,NA,0,7,0,7,V,PW,"PUNT,1,04:08,20","FUMB,2,11:58,79",14,59,7:10,PUNT,1,04:08,PW20,FUMB,2,11:58,LK21,1
2021_12_PW_LK,PW,LK,Panthers Wroclaw,Leipzig Kings,9/5/2021,Leipzig,Alfred-Kunze-Sportp.,14:45,17:30,Y,02:45,2168,17 degr.,SE7,cloudy,W. Ratajczak,B. Hansen,K. Haltermann,F. Pachulski,P. Simon,S. Hameder,V. Krisman,PW,2,16,LK39,"V,2,16,H39","7,13,49",rush,NA,"RUSH:2,H35, TACK:45",L. O'Connor rush for 4 yards to the LK35 (K. Kitchens).,"V,3,12,H35",0,NA,NA,0,7,0,7,V,PW,"PUNT,1,04:08,20","FUMB,2,11:58,79",14,59,7:10,PUNT,1,04:08,PW20,FUMB,2,11:58,LK21,1
2021_12_PW_LK,PW,LK,Panthers Wroclaw,Leipzig Kings,9/5/2021,Leipzig,Alfred-Kunze-Sportp.,14:45,17:30,Y,02:45,2168,17 degr.,SE7,cloudy,W. Ratajczak,B. Hansen,K. Haltermann,F. Pachulski,P. Simon,S. Hameder,V. Krisman,PW,3,12,LK35,"V,3,12,H35","7,14,50",penalty,NA,"PEN:V,DG,A,2,H40,N",PENALTY PW delay of game (L. O'Connor) 5 yards to the LK40.,"V,3,17,H40",0,NA,NA,0,7,0,7,V,PW,"PUNT,1,04:08,20","FUMB,2,11:58,79",14,59,7:10,PUNT,1,04:08,PW20,FUMB,2,11:58,LK21,1
2021_12_PW_LK,PW,LK,Panthers Wroclaw,Leipzig Kings,9/5/2021,Leipzig,Alfred-Kunze-Sportp.,14:45,17:30,Y,02:45,2168,17 degr.,SE7,cloudy,W. Ratajczak,B. Hansen,K. Haltermann,F. Pachulski,P. Simon,S. Hameder,V. Krisman,PW,3,17,LK40,"V,3,17,H40","7,15,51",NA,14:07,TOUT:V T:14:07,"Timeout Panthers Wroclaw, clock 14:07.","V,3,17,H40",0,NA,NA,0,7,0,7,V,PW,"PUNT,1,04:08,20","FUMB,2,11:58,79",14,59,7:10,PUNT,1,04:08,PW20,FUMB,2,11:58,LK21,1
2021_12_PW_LK,PW,LK,Panthers Wroclaw,Leipzig Kings,9/5/2021,Leipzig,Alfred-Kunze-Sportp.,14:45,17:30,Y,02:45,2168,17 degr.,SE7,cloudy,W. Ratajczak,B. Hansen,K. Haltermann,F. Pachulski,P. Simon,S. Hameder,V. Krisman,PW,3,17,LK40,"V,3,17,H40","7,16,52",pass,NA,"PASS:2,C,10,H22 TACK:40,41","L. O'Connor pass complete to M. Mackow for 18 yards to the LK22, 1ST DOWN PW (O. Rohnebak;A. Dommann).","V,1,10,H22",0,NA,pass,0,7,0,7,V,PW,"PUNT,1,04:08,20","FUMB,2,11:58,79",14,59,7:10,PUNT,1,04:08,PW20,FUMB,2,11:58,LK21,1
2021_12_PW_LK,PW,LK,Panthers Wroclaw,Leipzig Kings,9/5/2021,Leipzig,Alfred-Kunze-Sportp.,14:45,17:30,Y,02:45,2168,17 degr.,SE7,cloudy,W. Ratajczak,B. Hansen,K. Haltermann,F. Pachulski,P. Simon,S. Hameder,V. Krisman,PW,1,10,LK22,"V,1,10,H22","7,17,53",rush,NA,"RUSH:25,H25, TACK:45",P. Pasqualini rush for loss of 3 yards to the LK25 (K. Kitchens).,"V,2,13,H25",0,NA,NA,0,7,0,7,V,PW,"PUNT,1,04:08,20","FUMB,2,11:58,79",14,59,7:10,PUNT,1,04:08,PW20,FUMB,2,11:58,LK21,1
2021_12_PW_LK,PW,LK,Panthers Wroclaw,Leipzig Kings,9/5/2021,Leipzig,Alfred-Kunze-Sportp.,14:45,17:30,Y,02:45,2168,17 degr.,SE7,cloudy,W. Ratajczak,B. Hansen,K. Haltermann,F. Pachulski,P. Simon,S. Hameder,V. Krisman,PW,2,13,LK25,"V,2,13,H25","7,18,54",pass,NA,"PASS:2,C,23,H19 TACK:28",L. O'Connor pass complete to J. Mazan for 6 yards to the LK19 (J. Dietze).,"V,3,7,H19",0,NA,NA,0,7,0,7,V,PW,"PUNT,1,04:08,20","FUMB,2,11:58,79",14,59,7:10,PUNT,1,04:08,PW20,FUMB,2,11:58,LK21,1
2021_12_PW_LK,PW,LK,Panthers Wroclaw,Leipzig Kings,9/5/2021,Leipzig,Alfred-Kunze-Sportp.,14:45,17:30,Y,02:45,2168,17 degr.,SE7,cloudy,W. Ratajczak,B. Hansen,K. Haltermann,F. Pachulski,P. Simon,S. Hameder,V. Krisman,PW,3,7,LK19,"V,3,7,H19","7,19,55",rush,NA,"RUSH:2,H19, FUMB:H,H21,TM","L. O'Connor rush for no gain to the LK19, fumble by L. O'Connor recovered by LK TEAM at LK21.","H,1,10,H21",0,F,NA,0,7,0,7,V,PW,"PUNT,1,04:08,20","FUMB,2,11:58,79",14,59,7:10,PUNT,1,04:08,PW20,FUMB,2,11:58,LK21,1
2021_12_PW_LK,PW,LK,Panthers Wroclaw,Leipzig Kings,9/5/2021,Leipzig,Alfred-Kunze-Sportp.,14:45,17:30,Y,02:45,2168,17 degr.,SE7,cloudy,W. Ratajczak,B. Hansen,K. Haltermann,F. Pachulski,P. Simon,S. Hameder,V. Krisman,LK,1,10,LK21,"H,1,10,H21","8,1,56",NA,11:58,{DRIVE}:11:58,LEIPZIG KINGS drive start at 11:58.,"H,1,10,H21",0,NA,NA,0,7,0,8,H,LK,"FUMB,2,11:58,21","PUNT,2,07:19,54",7,33,4:39,FUMB,2,11:58,LK21,PUNT,2,07:19,PW46,NA
2021_12_PW_LK,PW,LK,Panthers Wroclaw,Leipzig Kings,9/5/2021,Leipzig,Alfred-Kunze-Sportp.,14:45,17:30,Y,02:45,2168,17 degr.,SE7,cloudy,W. Ratajczak,B. Hansen,K. Haltermann,F. Pachulski,P. Simon,S. Hameder,V. Krisman,LK,1,10,LK21,"H,1,10,H21","8,2,57",penalty,NA,"PEN:V,UC,A,TM,H36,N","PENALTY PW unsportsmanlike conduct 15 yards to the LK36, 1ST DOWN LK.","H,1,10,H36",0,NA,penalty,0,7,0,8,H,LK,"FUMB,2,11:58,21","PUNT,2,07:19,54",7,33,4:39,FUMB,2,11:58,LK21,PUNT,2,07:19,PW46,NA
2021_12_PW_LK,PW,LK,Panthers Wroclaw,Leipzig Kings,9/5/2021,Leipzig,Alfred-Kunze-Sportp.,14:45,17:30,Y,02:45,2168,17 degr.,SE7,cloudy,W. Ratajczak,B. Hansen,K. Haltermann,F. Pachulski,P. Simon,S. Hameder,V. Krisman,LK,1,10,LK36,"H,1,10,H36","8,3,58",rush,NA,"RUSH:3,H41, OB:","M. Birdsong rush for 5 yards to the LK41, out-of-bounds.","H,2,5,H41",1,NA,NA,0,7,0,8,H,LK,"FUMB,2,11:58,21","PUNT,2,07:19,54",7,33,4:39,FUMB,2,11:58,LK21,PUNT,2,07:19,PW46,NA
2021_12_PW_LK,PW,LK,Panthers Wroclaw,Leipzig Kings,9/5/2021,Leipzig,Alfred-Kunze-Sportp.,14:45,17:30,Y,02:45,2168,17 degr.,SE7,cloudy,W. Ratajczak,B. Hansen,K. Haltermann,F. Pachulski,P. Simon,S. Hameder,V. Krisman,LK,2,5,LK41,"H,2,5,H41","8,4,59",pass,NA,"PASS:3,C,85,H50 TACK:26,8","M. Birdsong pass complete to A. Doroshev for 9 yards to the 50 yardline, 1ST DOWN LK (M. Osumek;H. Ogrodowczyk).","H,1,10,H50",0,NA,pass,0,7,0,8,H,LK,"FUMB,2,11:58,21","PUNT,2,07:19,54",7,33,4:39,FUMB,2,11:58,LK21,PUNT,2,07:19,PW46,NA
2021_12_PW_LK,PW,LK,Panthers Wroclaw,Leipzig Kings,9/5/2021,Leipzig,Alfred-Kunze-Sportp.,14:45,17:30,Y,02:45,2168,17 degr.,SE7,cloudy,W. Ratajczak,B. Hansen,K. Haltermann,F. Pachulski,P. Simon,S. Hameder,V. Krisman,LK,1,10,LK50,"H,1,10,H50","8,5,60",rush,NA,"RUSH:12,V44, TACK:4,8",J. Awini rush for 6 yards to the PW44 (W. Lloyd;H. Ogrodowczyk).,"H,2,4,V44",0,NA,NA,0,7,0,8,H,LK,"FUMB,2,11:58,21","PUNT,2,07:19,54",7,33,4:39,FUMB,2,11:58,LK21,PUNT,2,07:19,PW46,NA
2021_12_PW_LK,PW,LK,Panthers Wroclaw,Leipzig Kings,9/5/2021,Leipzig,Alfred-Kunze-Sportp.,14:45,17:30,Y,02:45,2168,17 degr.,SE7,cloudy,W. Ratajczak,B. Hansen,K. Haltermann,F. Pachulski,P. Simon,S. Hameder,V. Krisman,LK,2,4,PW44,"H,2,4,V44","8,6,61",rush,NA,"RUSH:12,V34, TACK:5","J. Awini rush for 10 yards to the PW34, 1ST DOWN LK (G. Zec).","H,1,10,V34",0,NA,rush,0,7,0,8,H,LK,"FUMB,2,11:58,21","PUNT,2,07:19,54",7,33,4:39,FUMB,2,11:58,LK21,PUNT,2,07:19,PW46,NA
2021_12_PW_LK,PW,LK,Panthers Wroclaw,Leipzig Kings,9/5/2021,Leipzig,Alfred-Kunze-Sportp.,14:45,17:30,Y,02:45,2168,17 degr.,SE7,cloudy,W. Ratajczak,B. Hansen,K. Haltermann,F. Pachulski,P. Simon,S. Hameder,V. Krisman,LK,1,10,PW34,"H,1,10,V34","8,7,62",pass,NA,"PASS:3,I,6,* BRUP:24",M. Birdsong pass incomplete to T. Knuettel (W. James).,"H,2,10,V34",0,NA,NA,0,7,0,8,H,LK,"FUMB,2,11:58,21","PUNT,2,07:19,54",7,33,4:39,FUMB,2,11:58,LK21,PUNT,2,07:19,PW46,NA
2021_12_PW_LK,PW,LK,Panthers Wroclaw,Leipzig Kings,9/5/2021,Leipzig,Alfred-Kunze-Sportp.,14:45,17:30,Y,02:45,2168,17 degr.,SE7,cloudy,W. Ratajczak,B. Hansen,K. Haltermann,F. Pachulski,P. Simon,S. Hameder,V. Krisman,LK,2,10,PW34,"H,2,10,V34","8,8,63",rush,NA,"RUSH:12,V31, TACK:93",J. Awini rush for 3 yards to the PW31 (D. Wesolowski).,"H,3,7,V31",0,NA,NA,0,7,0,8,H,LK,"FUMB,2,11:58,21","PUNT,2,07:19,54",7,33,4:39,FUMB,2,11:58,LK21,PUNT,2,07:19,PW46,NA
2021_12_PW_LK,PW,LK,Panthers Wroclaw,Leipzig Kings,9/5/2021,Leipzig,Alfred-Kunze-Sportp.,14:45,17:30,Y,02:45,2168,17 degr.,SE7,cloudy,W. Ratajczak,B. Hansen,K. Haltermann,F. Pachulski,P. Simon,S. Hameder,V. Krisman,LK,3,7,PW31,"H,3,7,V31","8,9,64",penalty,NA,"PASS:3,C,6,V31 PEN:H,HO,A,77,V41,N NOPLAY:","M. Birdsong pass complete to T. Knuettel for no gain to the PW31, PENALTY LK holding (R. Kahlke) 10 yards to the PW41, NO PLAY.","H,3,17,V41",0,NA,NA,0,7,0,8,H,LK,"FUMB,2,11:58,21","PUNT,2,07:19,54",7,33,4:39,FUMB,2,11:58,LK21,PUNT,2,07:19,PW46,NA
2021_12_PW_LK,PW,LK,Panthers Wroclaw,Leipzig Kings,9/5/2021,Leipzig,Alfred-Kunze-Sportp.,14:45,17:30,Y,02:45,2168,17 degr.,SE7,cloudy,W. Ratajczak,B. Hansen,K. Haltermann,F. Pachulski,P. Simon,S. Hameder,V. Krisman,LK,3,17,PW41,"H,3,17,V41","8,10,65",pass,NA,"PASS:3,S,TM,V46 SACK:94",M. Birdsong sacked for loss of 5 yards to the PW46 (K. Brauns).,"H,4,22,V46",0,NA,NA,0,7,0,8,H,LK,"FUMB,2,11:58,21","PUNT,2,07:19,54",7,33,4:39,FUMB,2,11:58,LK21,PUNT,2,07:19,PW46,NA
2021_12_PW_LK,PW,LK,Panthers Wroclaw,Leipzig Kings,9/5/2021,Leipzig,Alfred-Kunze-Sportp.,14:45,17:30,Y,02:45,2168,17 degr.,SE7,cloudy,W. Ratajczak,B. Hansen,K. Haltermann,F. Pachulski,P. Simon,S. Hameder,V. Krisman,LK,4,22,PW46,"H,4,22,V46","8,11,66",punt,NA,"PUNT:1,V00 TB:","J. Templar punt 46 yards to the PW0, touchback.","V,1,10,V25",0,NA,NA,0,7,0,8,H,LK,"FUMB,2,11:58,21","PUNT,2,07:19,54",7,33,4:39,FUMB,2,11:58,LK21,PUNT,2,07:19,PW46,NA
2021_12_PW_LK,PW,LK,Panthers Wroclaw,Leipzig Kings,9/5/2021,Leipzig,Alfred-Kunze-Sportp.,14:45,17:30,Y,02:45,2168,17 degr.,SE7,cloudy,W. Ratajczak,B. Hansen,K. Haltermann,F. Pachulski,P. Simon,S. Hameder,V. Krisman,PW,1,10,PW25,"V,1,10,V25","9,1,67",NA,07:19,"{DRIVE}:07:19 SPOT:V,V20,Y","PANTHERS WROCLAW drive start at 07:19, PW ball on PW20.","V,1,10,V20",0,NA,NA,0,7,0,9,V,PW,"PUNT,2,07:19,20","PUNT,2,06:18,22",3,2,1:01,PUNT,2,07:19,PW20,PUNT,2,06:18,PW22,NA
2021_12_PW_LK,PW,LK,Panthers Wroclaw,Leipzig Kings,9/5/2021,Leipzig,Alfred-Kunze-Sportp.,14:45,17:30,Y,02:45,2168,17 degr.,SE7,cloudy,W. Ratajczak,B. Hansen,K. Haltermann,F. Pachulski,P. Simon,S. Hameder,V. Krisman,PW,1,10,PW20,"V,1,10,V20","9,2,68",pass,NA,"PASS:2,I,83,* BRUP:92",L. O'Connor pass incomplete to K. Muller (A. Zetterberg).,"V,2,10,V20",0,NA,NA,0,7,0,9,V,PW,"PUNT,2,07:19,20","PUNT,2,06:18,22",3,2,1:01,PUNT,2,07:19,PW20,PUNT,2,06:18,PW22,NA
2021_12_PW_LK,PW,LK,Panthers Wroclaw,Leipzig Kings,9/5/2021,Leipzig,Alfred-Kunze-Sportp.,14:45,17:30,Y,02:45,2168,17 degr.,SE7,cloudy,W. Ratajczak,B. Hansen,K. Haltermann,F. Pachulski,P. Simon,S. Hameder,V. Krisman,PW,2,10,PW20,"V,2,10,V20","9,3,69",rush,NA,"RUSH:12,V22, TACK:28",K. Turpin rush for 2 yards to the PW22 (J. Dietze).,"V,3,8,V22",0,NA,NA,0,7,0,9,V,PW,"PUNT,2,07:19,20","PUNT,2,06:18,22",3,2,1:01,PUNT,2,07:19,PW20,PUNT,2,06:18,PW22,NA
2021_12_PW_LK,PW,LK,Panthers Wroclaw,Leipzig Kings,9/5/2021,Leipzig,Alfred-Kunze-Sportp.,14:45,17:30,Y,02:45,2168,17 degr.,SE7,cloudy,W. Ratajczak,B. Hansen,K. Haltermann,F. Pachulski,P. Simon,S. Hameder,V. Krisman,PW,3,8,PW22,"V,3,8,V22","9,4,70",pass,NA,"PASS:2,I,18,*",L. O'Connor pass incomplete to A. Grodecki.,"V,4,8,V22",0,NA,NA,0,7,0,9,V,PW,"PUNT,2,07:19,20","PUNT,2,06:18,22",3,2,1:01,PUNT,2,07:19,PW20,PUNT,2,06:18,PW22,NA
2021_12_PW_LK,PW,LK,Panthers Wroclaw,Leipzig Kings,9/5/2021,Leipzig,Alfred-Kunze-Sportp.,14:45,17:30,Y,02:45,2168,17 degr.,SE7,cloudy,W. Ratajczak,B. Hansen,K. Haltermann,F. Pachulski,P. Simon,S. Hameder,V. Krisman,PW,4,8,PW22,"V,4,8,V22","9,5,71",punt,NA,"PUNT:44,H34 RET:8,H35 TACK:27","T. Leader punt 44 yards to the LK34, A. Jalloh return 1 yards to the LK35 (J. Halicki).","H,1,10,H35",0,NA,NA,0,7,0,9,V,PW,"PUNT,2,07:19,20","PUNT,2,06:18,22",3,2,1:01,PUNT,2,07:19,PW20,PUNT,2,06:18,PW22,NA
2021_12_PW_LK,PW,LK,Panthers Wroclaw,Leipzig Kings,9/5/2021,Leipzig,Alfred-Kunze-Sportp.,14:45,17:30,Y,02:45,2168,17 degr.,SE7,cloudy,W. Ratajczak,B. Hansen,K. Haltermann,F. Pachulski,P. Simon,S. Hameder,V. Krisman,LK,1,10,LK35,"H,1,10,H35","10,1,72",NA,06:18,{DRIVE}:06:18,LEIPZIG KINGS drive start at 06:18.,"H,1,10,H35",0,NA,NA,0,7,0,10,H,LK,"PUNT,2,06:18,35","TD,2,01:54,100",7,65,4:24,PUNT,2,06:18,LK35,TD,2,01:54,PW00,NA
2021_12_PW_LK,PW,LK,Panthers Wroclaw,Leipzig Kings,9/5/2021,Leipzig,Alfred-Kunze-Sportp.,14:45,17:30,Y,02:45,2168,17 degr.,SE7,cloudy,W. Ratajczak,B. Hansen,K. Haltermann,F. Pachulski,P. Simon,S. Hameder,V. Krisman,LK,1,10,LK35,"H,1,10,H35","10,2,73",penalty,NA,"RUSH:12,H36, TACK:99 PEN:V,FM,A,99,V49,N NOPLAY:","J. Awini rush for 1 yard to the LK36 (R. Rosolek), PENALTY PW face mask (R. Rosolek) 16 yards to the PW49, 1ST DOWN LK, NO PLAY.","H,1,10,V49",0,NA,penalty,0,7,0,10,H,LK,"PUNT,2,06:18,35","TD,2,01:54,100",7,65,4:24,PUNT,2,06:18,LK35,TD,2,01:54,PW00,NA
2021_12_PW_LK,PW,LK,Panthers Wroclaw,Leipzig Kings,9/5/2021,Leipzig,Alfred-Kunze-Sportp.,14:45,17:30,Y,02:45,2168,17 degr.,SE7,cloudy,W. Ratajczak,B. Hansen,K. Haltermann,F. Pachulski,P. Simon,S. Hameder,V. Krisman,LK,1,10,PW49,"H,1,10,V49","10,3,74",rush,NA,"RUSH:12,V42, TACK:24,28",J. Awini rush for 7 yards to the PW42 (W. James;P. Courageux).,"H,2,3,V42",0,NA,NA,0,7,0,10,H,LK,"PUNT,2,06:18,35","TD,2,01:54,100",7,65,4:24,PUNT,2,06:18,LK35,TD,2,01:54,PW00,NA
2021_12_PW_LK,PW,LK,Panthers Wroclaw,Leipzig Kings,9/5/2021,Leipzig,Alfred-Kunze-Sportp.,14:45,17:30,Y,02:45,2168,17 degr.,SE7,cloudy,W. Ratajczak,B. Hansen,K. Haltermann,F. Pachulski,P. Simon,S. Hameder,V. Krisman,LK,2,3,PW42,"H,2,3,V42","10,4,75",penalty,NA,"PASS:3,C,2,V42 TACK:8,28 PEN:H,HO,A,70,H48,N NOPLAY:","M. Birdsong pass complete to J. Aguemon for no gain to the PW42 (H. Ogrodowczyk;P. Courageux), PENALTY LK holding (S. Baafi) 10 yards to the LK48, NO PLAY.","H,2,13,H48",0,NA,NA,0,7,0,10,H,LK,"PUNT,2,06:18,35","TD,2,01:54,100",7,65,4:24,PUNT,2,06:18,LK35,TD,2,01:54,PW00,NA
2021_12_PW_LK,PW,LK,Panthers Wroclaw,Leipzig Kings,9/5/2021,Leipzig,Alfred-Kunze-Sportp.,14:45,17:30,Y,02:45,2168,17 degr.,SE7,cloudy,W. Ratajczak,B. Hansen,K. Haltermann,F. Pachulski,P. Simon,S. Hameder,V. Krisman,LK,2,13,LK48,"H,2,13,H48","10,5,76",rush,NA,"RUSH:3,V44,",M. Birdsong rush for 8 yards to the PW44.,"H,3,5,V44",0,NA,NA,0,7,0,10,H,LK,"PUNT,2,06:18,35","TD,2,01:54,100",7,65,4:24,PUNT,2,06:18,LK35,TD,2,01:54,PW00,NA
2021_12_PW_LK,PW,LK,Panthers Wroclaw,Leipzig Kings,9/5/2021,Leipzig,Alfred-Kunze-Sportp.,14:45,17:30,Y,02:45,2168,17 degr.,SE7,cloudy,W. Ratajczak,B. Hansen,K. Haltermann,F. Pachulski,P. Simon,S. Hameder,V. Krisman,LK,3,5,PW44,"H,3,5,V44","10,6,77",pass,NA,"PASS:3,C,6,V40",M. Birdsong pass complete to T. Knuettel for 4 yards to the PW40.,"H,4,1,V40",0,NA,NA,0,7,0,10,H,LK,"PUNT,2,06:18,35","TD,2,01:54,100",7,65,4:24,PUNT,2,06:18,LK35,TD,2,01:54,PW00,NA
2021_12_PW_LK,PW,LK,Panthers Wroclaw,Leipzig Kings,9/5/2021,Leipzig,Alfred-Kunze-Sportp.,14:45,17:30,Y,02:45,2168,17 degr.,SE7,cloudy,W. Ratajczak,B. Hansen,K. Haltermann,F. Pachulski,P. Simon,S. Hameder,V. Krisman,LK,4,1,PW40,"H,4,1,V40","10,7,78",NA,03:11,TOUT:H T:03:11,"Timeout Leipzig Kings, clock 03:11.","H,4,1,V40",0,NA,NA,0,7,0,10,H,LK,"PUNT,2,06:18,35","TD,2,01:54,100",7,65,4:24,PUNT,2,06:18,LK35,TD,2,01:54,PW00,NA
2021_12_PW_LK,PW,LK,Panthers Wroclaw,Leipzig Kings,9/5/2021,Leipzig,Alfred-Kunze-Sportp.,14:45,17:30,Y,02:45,2168,17 degr.,SE7,cloudy,W. Ratajczak,B. Hansen,K. Haltermann,F. Pachulski,P. Simon,S. Hameder,V. Krisman,LK,4,1,PW40,"H,4,1,V40","10,8,79",rush,NA,"RUSH:12,V29, TACK:28","J. Awini rush for 11 yards to the PW29, 1ST DOWN LK (P. Courageux).","H,1,10,V29",0,NA,rush,0,7,0,10,H,LK,"PUNT,2,06:18,35","TD,2,01:54,100",7,65,4:24,PUNT,2,06:18,LK35,TD,2,01:54,PW00,NA
2021_12_PW_LK,PW,LK,Panthers Wroclaw,Leipzig Kings,9/5/2021,Leipzig,Alfred-Kunze-Sportp.,14:45,17:30,Y,02:45,2168,17 degr.,SE7,cloudy,W. Ratajczak,B. Hansen,K. Haltermann,F. Pachulski,P. Simon,S. Hameder,V. Krisman,LK,1,10,PW29,"H,1,10,V29","10,9,80",pass,NA,"PASS:3,I,12,* BRUP:8",M. Birdsong pass incomplete to J. Awini (H. Ogrodowczyk).,"H,2,10,V29",0,NA,NA,0,7,0,10,H,LK,"PUNT,2,06:18,35","TD,2,01:54,100",7,65,4:24,PUNT,2,06:18,LK35,TD,2,01:54,PW00,NA
2021_12_PW_LK,PW,LK,Panthers Wroclaw,Leipzig Kings,9/5/2021,Leipzig,Alfred-Kunze-Sportp.,14:45,17:30,Y,02:45,2168,17 degr.,SE7,cloudy,W. Ratajczak,B. Hansen,K. Haltermann,F. Pachulski,P. Simon,S. Hameder,V. Krisman,LK,2,10,PW29,"H,2,10,V29","10,10,81",pass,NA,"PASS:3,C,83,V20 TACK:26",M. Birdsong pass complete to J. Breme for 9 yards to the PW20 (M. Osumek).,"H,3,1,V20",0,NA,NA,0,7,0,10,H,LK,"PUNT,2,06:18,35","TD,2,01:54,100",7,65,4:24,PUNT,2,06:18,LK35,TD,2,01:54,PW00,NA
2021_12_PW_LK,PW,LK,Panthers Wroclaw,Leipzig Kings,9/5/2021,Leipzig,Alfred-Kunze-Sportp.,14:45,17:30,Y,02:45,2168,17 degr.,SE7,cloudy,W. Ratajczak,B. Hansen,K. Haltermann,F. Pachulski,P. Simon,S. Hameder,V. Krisman,LK,3,1,PW20,"H,3,1,V20","10,11,82",pass,01:54,"PASS:3,C,6,V00 T:01:54 PEN:V,PI,D","M. Birdsong pass complete to T. Knuettel for 20 yards to the PW0, 1ST DOWN LK, TOUCHDOWN, clock 01:54, PENALTY PW pass interference declined.","H,1,10,V15",0,NA,pass,1,7,6,10,H,LK,"PUNT,2,06:18,35","TD,2,01:54,100",7,65,4:24,PUNT,2,06:18,LK35,TD,2,01:54,PW00,NA
2021_12_PW_LK,PW,LK,Panthers Wroclaw,Leipzig Kings,9/5/2021,Leipzig,Alfred-Kunze-Sportp.,14:45,17:30,Y,02:45,2168,17 degr.,SE7,cloudy,W. Ratajczak,B. Hansen,K. Haltermann,F. Pachulski,P. Simon,S. Hameder,V. Krisman,LK,1,10,PW15,"H,1,10,V15","10,12,83",pat,NA,"PAT:K,18,G",M. Ulbrich kick attempt good.,"H,1,0,H35",0,NA,NA,1,7,7,10,H,LK,"PUNT,2,06:18,35","TD,2,01:54,100",7,65,4:24,PUNT,2,06:18,LK35,TD,2,01:54,PW00,NA
2021_12_PW_LK,PW,LK,Panthers Wroclaw,Leipzig Kings,9/5/2021,Leipzig,Alfred-Kunze-Sportp.,14:45,17:30,Y,02:45,2168,17 degr.,SE7,cloudy,W. Ratajczak,B. Hansen,K. Haltermann,F. Pachulski,P. Simon,S. Hameder,V. Krisman,LK,1,0,LK35,"H,1,0,H35","10,13,84",kick_off,NA,"KO:18,V11 OB: SPOT:V,V35,Y","M. Ulbrich kickoff 54 yards to the PW11, out-of-bounds, PW ball on PW35.","V,1,10,V35",1,NA,NA,0,7,7,10,H,LK,"PUNT,2,06:18,35","TD,2,01:54,100",7,65,4:24,PUNT,2,06:18,LK35,TD,2,01:54,PW00,NA
2021_12_PW_LK,PW,LK,Panthers Wroclaw,Leipzig Kings,9/5/2021,Leipzig,Alfred-Kunze-Sportp.,14:45,17:30,Y,02:45,2168,17 degr.,SE7,cloudy,W. Ratajczak,B. Hansen,K. Haltermann,F. Pachulski,P. Simon,S. Hameder,V. Krisman,PW,1,10,PW35,"V,1,10,V35","11,1,85",NA,01:54,{DRIVE}:01:54,PANTHERS WROCLAW drive start at 01:54.,"V,1,10,V35",0,NA,NA,0,7,7,11,V,PW,"KO,2,01:54,35","FGA,2,00:00,73",6,38,1:54,KO,2,01:54,PW35,FGA,2,00:00,LK27,NA
2021_12_PW_LK,PW,LK,Panthers Wroclaw,Leipzig Kings,9/5/2021,Leipzig,Alfred-Kunze-Sportp.,14:45,17:30,Y,02:45,2168,17 degr.,SE7,cloudy,W. Ratajczak,B. Hansen,K. Haltermann,F. Pachulski,P. Simon,S. Hameder,V. Krisman,PW,1,10,PW35,"V,1,10,V35","11,2,86",penalty,NA,"RUSH:2,V40, OB: PEN:H,PF,A,92,H45,1 NOPLAY:","L. O'Connor rush for 5 yards to the PW40, out-of-bounds, PENALTY LK personal foul (A. Zetterberg) 20 yards to the LK45, 1ST DOWN PW, NO PLAY.","V,1,10,H45",1,NA,penalty,0,7,7,11,V,PW,"KO,2,01:54,35","FGA,2,00:00,73",6,38,1:54,KO,2,01:54,PW35,FGA,2,00:00,LK27,NA
2021_12_PW_LK,PW,LK,Panthers Wroclaw,Leipzig Kings,9/5/2021,Leipzig,Alfred-Kunze-Sportp.,14:45,17:30,Y,02:45,2168,17 degr.,SE7,cloudy,W. Ratajczak,B. Hansen,K. Haltermann,F. Pachulski,P. Simon,S. Hameder,V. Krisman,PW,1,10,LK45,"V,1,10,H45","11,3,87",pass,NA,"PASS:2,C,22,H41 TACK:41",L. O'Connor pass complete to J. Lewszyk for 4 yards to the LK41 (A. Dommann).,"V,2,6,H41",0,NA,NA,0,7,7,11,V,PW,"KO,2,01:54,35","FGA,2,00:00,73",6,38,1:54,KO,2,01:54,PW35,FGA,2,00:00,LK27,NA
2021_12_PW_LK,PW,LK,Panthers Wroclaw,Leipzig Kings,9/5/2021,Leipzig,Alfred-Kunze-Sportp.,14:45,17:30,Y,02:45,2168,17 degr.,SE7,cloudy,W. Ratajczak,B. Hansen,K. Haltermann,F. Pachulski,P. Simon,S. Hameder,V. Krisman,PW,2,6,LK41,"V,2,6,H41","11,4,88",pass,NA,"PASS:2,C,82,H26 TACK:28","L. O'Connor pass complete to P. Banat for 15 yards to the LK26, 1ST DOWN PW (J. Dietze).","V,1,10,H26",0,NA,pass,0,7,7,11,V,PW,"KO,2,01:54,35","FGA,2,00:00,73",6,38,1:54,KO,2,01:54,PW35,FGA,2,00:00,LK27,NA
2021_12_PW_LK,PW,LK,Panthers Wroclaw,Leipzig Kings,9/5/2021,Leipzig,Alfred-Kunze-Sportp.,14:45,17:30,Y,02:45,2168,17 degr.,SE7,cloudy,W. Ratajczak,B. Hansen,K. Haltermann,F. Pachulski,P. Simon,S. Hameder,V. Krisman,PW,1,10,LK26,"V,1,10,H26","11,5,89",pass,NA,"PASS:2,I,82,*",L. O'Connor pass incomplete to P. Banat.,"V,2,10,H26",0,NA,NA,0,7,7,11,V,PW,"KO,2,01:54,35","FGA,2,00:00,73",6,38,1:54,KO,2,01:54,PW35,FGA,2,00:00,LK27,NA
2021_12_PW_LK,PW,LK,Panthers Wroclaw,Leipzig Kings,9/5/2021,Leipzig,Alfred-Kunze-Sportp.,14:45,17:30,Y,02:45,2168,17 degr.,SE7,cloudy,W. Ratajczak,B. Hansen,K. Haltermann,F. Pachulski,P. Simon,S. Hameder,V. Krisman,PW,2,10,LK26,"V,2,10,H26","11,6,90",NA,01:03,TOUT:H T:01:03,"Timeout Leipzig Kings, clock 01:03.","V,2,10,H26",0,NA,NA,0,7,7,11,V,PW,"KO,2,01:54,35","FGA,2,00:00,73",6,38,1:54,KO,2,01:54,PW35,FGA,2,00:00,LK27,NA
2021_12_PW_LK,PW,LK,Panthers Wroclaw,Leipzig Kings,9/5/2021,Leipzig,Alfred-Kunze-Sportp.,14:45,17:30,Y,02:45,2168,17 degr.,SE7,cloudy,W. Ratajczak,B. Hansen,K. Haltermann,F. Pachulski,P. Simon,S. Hameder,V. Krisman,PW,2,10,LK26,"V,2,10,H26","11,7,91",pass,NA,"PASS:2,I,12,*",L. O'Connor pass incomplete to K. Turpin.,"V,3,10,H26",0,NA,NA,0,7,7,11,V,PW,"KO,2,01:54,35","FGA,2,00:00,73",6,38,1:54,KO,2,01:54,PW35,FGA,2,00:00,LK27,NA
2021_12_PW_LK,PW,LK,Panthers Wroclaw,Leipzig Kings,9/5/2021,Leipzig,Alfred-Kunze-Sportp.,14:45,17:30,Y,02:45,2168,17 degr.,SE7,cloudy,W. Ratajczak,B. Hansen,K. Haltermann,F. Pachulski,P. Simon,S. Hameder,V. Krisman,PW,3,10,LK26,"V,3,10,H26","11,8,92",pass,NA,"PASS:2,C,23,H27 TACK:4",L. O'Connor pass complete to J. Mazan for loss of 1 yard to the LK27 (R. Henrique).,"V,4,11,H27",0,NA,NA,0,7,7,11,V,PW,"KO,2,01:54,35","FGA,2,00:00,73",6,38,1:54,KO,2,01:54,PW35,FGA,2,00:00,LK27,NA
2021_12_PW_LK,PW,LK,Panthers Wroclaw,Leipzig Kings,9/5/2021,Leipzig,Alfred-Kunze-Sportp.,14:45,17:30,Y,02:45,2168,17 degr.,SE7,cloudy,W. Ratajczak,B. Hansen,K. Haltermann,F. Pachulski,P. Simon,S. Hameder,V. Krisman,PW,4,11,LK27,"V,4,11,H27","11,9,93",NA,00:04,TOUT:V T:00:04,"Timeout Panthers Wroclaw, clock 00:04.","V,4,11,H27",0,NA,NA,0,7,7,11,V,PW,"KO,2,01:54,35","FGA,2,00:00,73",6,38,1:54,KO,2,01:54,PW35,FGA,2,00:00,LK27,NA
2021_12_PW_LK,PW,LK,Panthers Wroclaw,Leipzig Kings,9/5/2021,Leipzig,Alfred-Kunze-Sportp.,14:45,17:30,Y,02:45,2168,17 degr.,SE7,cloudy,W. Ratajczak,B. Hansen,K. Haltermann,F. Pachulski,P. Simon,S. Hameder,V. Krisman,PW,4,11,LK27,"V,4,11,H27","11,10,94",field_goal,00:00,"FGA:44,44,M,H34,L T:00:00","T. Leader field goal attempt from 44 MISSED - wide left, spot at LK34, clock 00:00.","H,1,10,H34",0,NA,NA,0,7,7,11,V,PW,"KO,2,01:54,35","FGA,2,00:00,73",6,38,1:54,KO,2,01:54,PW35,FGA,2,00:00,LK27,NA
2021_12_PW_LK,PW,LK,Panthers Wroclaw,Leipzig Kings,9/5/2021,Leipzig,Alfred-Kunze-Sportp.,14:45,17:30,Y,02:45,2168,17 degr.,SE7,cloudy,W. Ratajczak,B. Hansen,K. Haltermann,F. Pachulski,P. Simon,S. Hameder,V. Krisman,LK,1,10,LK34,"H,1,10,H34","12,1,95",NA,00:00,HALF: T:00:00,"End of half, clock 00:00.","H,1,10,H34",0,NA,NA,0,7,7,12,H,LK,"FGA,2,00:00,34","HALF,2,00:00,34",0,0,0:00,FGA,2,00:00,LK34,HALF,2,00:00,LK34,NA
2021_12_PW_LK,PW,LK,Panthers Wroclaw,Leipzig Kings,9/5/2021,Leipzig,Alfred-Kunze-Sportp.,14:45,17:30,Y,02:45,2168,17 degr.,SE7,cloudy,W. Ratajczak,B. Hansen,K. Haltermann,F. Pachulski,P. Simon,S. Hameder,V. Krisman,LK,1,10,LK34,"H,1,10,H34","12,2,96",NA,15:00,"Q:3 T:15:00 SPOT:V,V35,N","Start of 3rd quarter, clock 15:00, PW ball on PW35.","V,1,10,V35",0,NA,NA,0,7,7,12,H,LK,"FGA,2,00:00,34","HALF,2,00:00,34",0,0,0:00,FGA,2,00:00,LK34,HALF,2,00:00,LK34,NA
2021_12_PW_LK,PW,LK,Panthers Wroclaw,Leipzig Kings,9/5/2021,Leipzig,Alfred-Kunze-Sportp.,14:45,17:30,Y,02:45,2168,17 degr.,SE7,cloudy,W. Ratajczak,B. Hansen,K. Haltermann,F. Pachulski,P. Simon,S. Hameder,V. Krisman,PW,1,10,PW35,"V,1,10,V35","12,3,97",kick_off,NA,"KO:44,H19 RET:84,H23 TACK:24,21","T. Leader kickoff 46 yards to the LK19, Y. Omi return 4 yards to the LK23 (W. James;P. Lewszyk).","H,1,10,H23",0,NA,NA,0,7,7,12,H,LK,"FGA,2,00:00,34","HALF,2,00:00,34",0,0,0:00,FGA,2,00:00,LK34,HALF,2,00:00,LK34,NA
2021_12_PW_LK,PW,LK,Panthers Wroclaw,Leipzig Kings,9/5/2021,Leipzig,Alfred-Kunze-Sportp.,14:45,17:30,Y,02:45,2168,17 degr.,SE7,cloudy,W. Ratajczak,B. Hansen,K. Haltermann,F. Pachulski,P. Simon,S. Hameder,V. Krisman,LK,1,10,LK23,"H,1,10,H23","13,1,98",NA,14:54,{DRIVE}:14:54,LEIPZIG KINGS drive start at 14:54.,"H,1,10,H23",0,NA,NA,0,7,7,13,H,LK,"KO,3,14:54,23","PUNT,3,08:05,52",10,29,6:49,KO,3,14:54,LK23,PUNT,3,08:05,PW48,NA
2021_12_PW_LK,PW,LK,Panthers Wroclaw,Leipzig Kings,9/5/2021,Leipzig,Alfred-Kunze-Sportp.,14:45,17:30,Y,02:45,2168,17 degr.,SE7,cloudy,W. Ratajczak,B. Hansen,K. Haltermann,F. Pachulski,P. Simon,S. Hameder,V. Krisman,LK,1,10,LK23,"H,1,10,H23","13,2,99",rush,NA,"RUSH:12,H23, TACK:97,8",J. Awini rush for no gain to the LK23 (L. Gembara;H. Ogrodowczyk).,"H,2,10,H23",0,NA,NA,0,7,7,13,H,LK,"KO,3,14:54,23","PUNT,3,08:05,52",10,29,6:49,KO,3,14:54,LK23,PUNT,3,08:05,PW48,NA
2021_12_PW_LK,PW,LK,Panthers Wroclaw,Leipzig Kings,9/5/2021,Leipzig,Alfred-Kunze-Sportp.,14:45,17:30,Y,02:45,2168,17 degr.,SE7,cloudy,W. Ratajczak,B. Hansen,K. Haltermann,F. Pachulski,P. Simon,S. Hameder,V. Krisman,LK,2,10,LK23,"H,2,10,H23","13,3,100",pass,NA,"PASS:3,C,85,H27 TACK:26,8",M. Birdsong pass complete to A. Doroshev for 4 yards to the LK27 (M. Osumek;H. Ogrodowczyk).,"H,3,6,H27",0,NA,NA,0,7,7,13,H,LK,"KO,3,14:54,23","PUNT,3,08:05,52",10,29,6:49,KO,3,14:54,LK23,PUNT,3,08:05,PW48,NA
2021_12_PW_LK,PW,LK,Panthers Wroclaw,Leipzig Kings,9/5/2021,Leipzig,Alfred-Kunze-Sportp.,14:45,17:30,Y,02:45,2168,17 degr.,SE7,cloudy,W. Ratajczak,B. Hansen,K. Haltermann,F. Pachulski,P. Simon,S. Hameder,V. Krisman,LK,3,6,LK27,"H,3,6,H27","13,4,101",pass,NA,"PASS:3,C,6,H34 TACK:24,4","M. Birdsong pass complete to T. Knuettel for 7 yards to the LK34, 1ST DOWN LK (W. James;W. Lloyd).","H,1,10,H34",0,NA,pass,0,7,7,13,H,LK,"KO,3,14:54,23","PUNT,3,08:05,52",10,29,6:49,KO,3,14:54,LK23,PUNT,3,08:05,PW48,NA
2021_12_PW_LK,PW,LK,Panthers Wroclaw,Leipzig Kings,9/5/2021,Leipzig,Alfred-Kunze-Sportp.,14:45,17:30,Y,02:45,2168,17 degr.,SE7,cloudy,W. Ratajczak,B. Hansen,K. Haltermann,F. Pachulski,P. Simon,S. Hameder,V. Krisman,LK,1,10,LK34,"H,1,10,H34","13,5,102",rush,NA,"RUSH:12,H43, TACK:1,24",J. Awini rush for 9 yards to the LK43 (D. Robinson;W. James).,"H,2,1,H43",0,NA,NA,0,7,7,13,H,LK,"KO,3,14:54,23","PUNT,3,08:05,52",10,29,6:49,KO,3,14:54,LK23,PUNT,3,08:05,PW48,NA
2021_12_PW_LK,PW,LK,Panthers Wroclaw,Leipzig Kings,9/5/2021,Leipzig,Alfred-Kunze-Sportp.,14:45,17:30,Y,02:45,2168,17 degr.,SE7,cloudy,W. Ratajczak,B. Hansen,K. Haltermann,F. Pachulski,P. Simon,S. Hameder,V. Krisman,LK,2,1,LK43,"H,2,1,H43","13,6,103",pass,NA,"PASS:3,I,12,*",M. Birdsong pass incomplete to J. Awini.,"H,3,1,H43",0,NA,NA,0,7,7,13,H,LK,"KO,3,14:54,23","PUNT,3,08:05,52",10,29,6:49,KO,3,14:54,LK23,PUNT,3,08:05,PW48,NA
2021_12_PW_LK,PW,LK,Panthers Wroclaw,Leipzig Kings,9/5/2021,Leipzig,Alfred-Kunze-Sportp.,14:45,17:30,Y,02:45,2168,17 degr.,SE7,cloudy,W. Ratajczak,B. Hansen,K. Haltermann,F. Pachulski,P. Simon,S. Hameder,V. Krisman,LK,3,1,LK43,"H,3,1,H43","13,7,104",rush,NA,"RUSH:12,H48, TACK:1","J. Awini rush for 5 yards to the LK48, 1ST DOWN LK (D. Robinson).","H,1,10,H48",0,NA,rush,0,7,7,13,H,LK,"KO,3,14:54,23","PUNT,3,08:05,52",10,29,6:49,KO,3,14:54,LK23,PUNT,3,08:05,PW48,NA
2021_12_PW_LK,PW,LK,Panthers Wroclaw,Leipzig Kings,9/5/2021,Leipzig,Alfred-Kunze-Sportp.,14:45,17:30,Y,02:45,2168,17 degr.,SE7,cloudy,W. Ratajczak,B. Hansen,K. Haltermann,F. Pachulski,P. Simon,S. Hameder,V. Krisman,LK,1,10,LK48,"H,1,10,H48","13,8,105",pass,NA,"PASS:3,C,85,H48 TACK:24",M. Birdsong pass complete to A. Doroshev for no gain to the LK48 (W. James).,"H,2,10,H48",0,NA,NA,0,7,7,13,H,LK,"KO,3,14:54,23","PUNT,3,08:05,52",10,29,6:49,KO,3,14:54,LK23,PUNT,3,08:05,PW48,NA
2021_12_PW_LK,PW,LK,Panthers Wroclaw,Leipzig Kings,9/5/2021,Leipzig,Alfred-Kunze-Sportp.,14:45,17:30,Y,02:45,2168,17 degr.,SE7,cloudy,W. Ratajczak,B. Hansen,K. Haltermann,F. Pachulski,P. Simon,S. Hameder,V. Krisman,LK,2,10,LK48,"H,2,10,H48","13,9,106",penalty,NA,"PASS:3,I,6,* PEN:V,PI,A,24,V38,N NOPLAY:","M. Birdsong pass incomplete to T. Knuettel, PENALTY PW pass interference (W. James) 14 yards to the PW38, 1ST DOWN LK, NO PLAY.","H,1,10,V38",0,NA,penalty,0,7,7,13,H,LK,"KO,3,14:54,23","PUNT,3,08:05,52",10,29,6:49,KO,3,14:54,LK23,PUNT,3,08:05,PW48,NA
2021_12_PW_LK,PW,LK,Panthers Wroclaw,Leipzig Kings,9/5/2021,Leipzig,Alfred-Kunze-Sportp.,14:45,17:30,Y,02:45,2168,17 degr.,SE7,cloudy,W. Ratajczak,B. Hansen,K. Haltermann,F. Pachulski,P. Simon,S. Hameder,V. Krisman,LK,1,10,PW38,"H,1,10,V38","13,10,107",rush,NA,"RUSH:12,V38, TACK:24",J. Awini rush for no gain to the PW38 (W. James).,"H,2,10,V38",0,NA,NA,0,7,7,13,H,LK,"KO,3,14:54,23","PUNT,3,08:05,52",10,29,6:49,KO,3,14:54,LK23,PUNT,3,08:05,PW48,NA
2021_12_PW_LK,PW,LK,Panthers Wroclaw,Leipzig Kings,9/5/2021,Leipzig,Alfred-Kunze-Sportp.,14:45,17:30,Y,02:45,2168,17 degr.,SE7,cloudy,W. Ratajczak,B. Hansen,K. Haltermann,F. Pachulski,P. Simon,S. Hameder,V. Krisman,LK,2,10,PW38,"H,2,10,V38","13,11,108",penalty,NA,"PASS:3,C,6,V20 PEN:H,HO,A,79,V48,N NOPLAY:","M. Birdsong pass complete to T. Knuettel for 18 yards to the PW20, PENALTY LK holding (M. Gudding) 10 yards to the PW48, NO PLAY.","H,2,20,V48",0,NA,NA,0,7,7,13,H,LK,"KO,3,14:54,23","PUNT,3,08:05,52",10,29,6:49,KO,3,14:54,LK23,PUNT,3,08:05,PW48,NA
2021_12_PW_LK,PW,LK,Panthers Wroclaw,Leipzig Kings,9/5/2021,Leipzig,Alfred-Kunze-Sportp.,14:45,17:30,Y,02:45,2168,17 degr.,SE7,cloudy,W. Ratajczak,B. Hansen,K. Haltermann,F. Pachulski,P. Simon,S. Hameder,V. Krisman,LK,2,20,PW48,"H,2,20,V48","13,12,109",pass,NA,"PASS:3,I,6,*",M. Birdsong pass incomplete to T. Knuettel.,"H,3,20,V48",0,NA,NA,0,7,7,13,H,LK,"KO,3,14:54,23","PUNT,3,08:05,52",10,29,6:49,KO,3,14:54,LK23,PUNT,3,08:05,PW48,NA
2021_12_PW_LK,PW,LK,Panthers Wroclaw,Leipzig Kings,9/5/2021,Leipzig,Alfred-Kunze-Sportp.,14:45,17:30,Y,02:45,2168,17 degr.,SE7,cloudy,W. Ratajczak,B. Hansen,K. Haltermann,F. Pachulski,P. Simon,S. Hameder,V. Krisman,LK,3,20,PW48,"H,3,20,V48","13,13,110",pass,NA,"PASS:3,C,84,V48 TACK:1",M. Birdsong pass complete to Y. Omi for no gain to the PW48 (D. Robinson).,"H,4,20,V48",0,NA,NA,0,7,7,13,H,LK,"KO,3,14:54,23","PUNT,3,08:05,52",10,29,6:49,KO,3,14:54,LK23,PUNT,3,08:05,PW48,NA
2021_12_PW_LK,PW,LK,Panthers Wroclaw,Leipzig Kings,9/5/2021,Leipzig,Alfred-Kunze-Sportp.,14:45,17:30,Y,02:45,2168,17 degr.,SE7,cloudy,W. Ratajczak,B. Hansen,K. Haltermann,F. Pachulski,P. Simon,S. Hameder,V. Krisman,LK,4,20,PW48,"H,4,20,V48","13,14,111",punt,NA,"PUNT:1,V13 RET:23,V31 OB:","J. Templar punt 35 yards to the PW13, J. Mazan return 18 yards to the PW31, out-of-bounds.","V,1,10,V31",1,NA,NA,0,7,7,13,H,LK,"KO,3,14:54,23","PUNT,3,08:05,52",10,29,6:49,KO,3,14:54,LK23,PUNT,3,08:05,PW48,NA
2021_12_PW_LK,PW,LK,Panthers Wroclaw,Leipzig Kings,9/5/2021,Leipzig,Alfred-Kunze-Sportp.,14:45,17:30,Y,02:45,2168,17 degr.,SE7,cloudy,W. Ratajczak,B. Hansen,K. Haltermann,F. Pachulski,P. Simon,S. Hameder,V. Krisman,PW,1,10,PW31,"V,1,10,V31","14,1,112",NA,08:05,{DRIVE}:08:05,PANTHERS WROCLAW drive start at 08:05.,"V,1,10,V31",0,NA,NA,0,7,7,14,V,PW,"PUNT,3,08:05,31","TD,3,05:14,100",5,69,2:51,PUNT,3,08:05,PW31,TD,3,05:14,LK00,1
2021_12_PW_LK,PW,LK,Panthers Wroclaw,Leipzig Kings,9/5/2021,Leipzig,Alfred-Kunze-Sportp.,14:45,17:30,Y,02:45,2168,17 degr.,SE7,cloudy,W. Ratajczak,B. Hansen,K. Haltermann,F. Pachulski,P. Simon,S. Hameder,V. Krisman,PW,1,10,PW31,"V,1,10,V31","14,2,113",rush,NA,"RUSH:25,V42, TACK:40,7","P. Pasqualini rush for 11 yards to the PW42, 1ST DOWN PW (O. Rohnebak;B. Tchiyoko).","V,1,10,V42",0,NA,rush,0,7,7,14,V,PW,"PUNT,3,08:05,31","TD,3,05:14,100",5,69,2:51,PUNT,3,08:05,PW31,TD,3,05:14,LK00,1
2021_12_PW_LK,PW,LK,Panthers Wroclaw,Leipzig Kings,9/5/2021,Leipzig,Alfred-Kunze-Sportp.,14:45,17:30,Y,02:45,2168,17 degr.,SE7,cloudy,W. Ratajczak,B. Hansen,K. Haltermann,F. Pachulski,P. Simon,S. Hameder,V. Krisman,PW,1,10,PW42,"V,1,10,V42","14,3,114",rush,NA,"RUSH:25,V49, TACK:92,41",P. Pasqualini rush for 7 yards to the PW49 (A. Zetterberg;A. Dommann).,"V,2,3,V49",0,NA,NA,0,7,7,14,V,PW,"PUNT,3,08:05,31","TD,3,05:14,100",5,69,2:51,PUNT,3,08:05,PW31,TD,3,05:14,LK00,1
2021_12_PW_LK,PW,LK,Panthers Wroclaw,Leipzig Kings,9/5/2021,Leipzig,Alfred-Kunze-Sportp.,14:45,17:30,Y,02:45,2168,17 degr.,SE7,cloudy,W. Ratajczak,B. Hansen,K. Haltermann,F. Pachulski,P. Simon,S. Hameder,V. Krisman,PW,2,3,PW49,"V,2,3,V49","14,4,115",pass,NA,"PASS:2,C,82,H42 TACK:21,8","L. O'Connor pass complete to P. Banat for 9 yards to the LK42, 1ST DOWN PW (D. Docal;A. Jalloh).","V,1,10,H42",0,NA,pass,0,7,7,14,V,PW,"PUNT,3,08:05,31","TD,3,05:14,100",5,69,2:51,PUNT,3,08:05,PW31,TD,3,05:14,LK00,1
2021_12_PW_LK,PW,LK,Panthers Wroclaw,Leipzig Kings,9/5/2021,Leipzig,Alfred-Kunze-Sportp.,14:45,17:30,Y,02:45,2168,17 degr.,SE7,cloudy,W. Ratajczak,B. Hansen,K. Haltermann,F. Pachulski,P. Simon,S. Hameder,V. Krisman,PW,1,10,LK42,"V,1,10,H42","14,5,116",penalty,NA,"PASS:2,I,12,* PEN:H,OS,A,45,H37,N NOPLAY:","L. O'Connor pass incomplete to K. Turpin, PENALTY LK offside (K. Kitchens) 5 yards to the LK37, NO PLAY.","V,1,5,H37",0,NA,NA,0,7,7,14,V,PW,"PUNT,3,08:05,31","TD,3,05:14,100",5,69,2:51,PUNT,3,08:05,PW31,TD,3,05:14,LK00,1
2021_12_PW_LK,PW,LK,Panthers Wroclaw,Leipzig Kings,9/5/2021,Leipzig,Alfred-Kunze-Sportp.,14:45,17:30,Y,02:45,2168,17 degr.,SE7,cloudy,W. Ratajczak,B. Hansen,K. Haltermann,F. Pachulski,P. Simon,S. Hameder,V. Krisman,PW,1,5,LK37,"V,1,5,H37","14,6,117",rush,NA,"RUSH:25,H11, TACK:7,8","P. Pasqualini rush for 26 yards to the LK11, 1ST DOWN PW (B. Tchiyoko;A. Jalloh).","V,1,10,H11",0,NA,rush,0,7,7,14,V,PW,"PUNT,3,08:05,31","TD,3,05:14,100",5,69,2:51,PUNT,3,08:05,PW31,TD,3,05:14,LK00,1
2021_12_PW_LK,PW,LK,Panthers Wroclaw,Leipzig Kings,9/5/2021,Leipzig,Alfred-Kunze-Sportp.,14:45,17:30,Y,02:45,2168,17 degr.,SE7,cloudy,W. Ratajczak,B. Hansen,K. Haltermann,F. Pachulski,P. Simon,S. Hameder,V. Krisman,PW,1,10,LK11,"V,1,10,H11","14,7,118",penalty,NA,"PEN:H,OS,A,99,H06,N",PENALTY LK offside (V. Buffet) 5 yards to the LK6.,"V,1,5,H06",0,NA,NA,0,7,7,14,V,PW,"PUNT,3,08:05,31","TD,3,05:14,100",5,69,2:51,PUNT,3,08:05,PW31,TD,3,05:14,LK00,1
2021_12_PW_LK,PW,LK,Panthers Wroclaw,Leipzig Kings,9/5/2021,Leipzig,Alfred-Kunze-Sportp.,14:45,17:30,Y,02:45,2168,17 degr.,SE7,cloudy,W. Ratajczak,B. Hansen,K. Haltermann,F. Pachulski,P. Simon,S. Hameder,V. Krisman,PW,1,5,LK06,"V,1,5,H06","14,8,119",rush,05:14,"RUSH:25,H00, T:05:14","P. Pasqualini rush for 6 yards to the LK0, 1ST DOWN PW, TOUCHDOWN, clock 05:14.","V,1,10,H15",0,NA,rush,1,13,7,14,V,PW,"PUNT,3,08:05,31","TD,3,05:14,100",5,69,2:51,PUNT,3,08:05,PW31,TD,3,05:14,LK00,1
2021_12_PW_LK,PW,LK,Panthers Wroclaw,Leipzig Kings,9/5/2021,Leipzig,Alfred-Kunze-Sportp.,14:45,17:30,Y,02:45,2168,17 degr.,SE7,cloudy,W. Ratajczak,B. Hansen,K. Haltermann,F. Pachulski,P. Simon,S. Hameder,V. Krisman,PW,1,10,LK15,"V,1,10,H15","14,9,120",pat,NA,"PAT:K,44,G",T. Leader kick attempt good.,"V,1,0,V35",0,NA,NA,1,14,7,14,V,PW,"PUNT,3,08:05,31","TD,3,05:14,100",5,69,2:51,PUNT,3,08:05,PW31,TD,3,05:14,LK00,1
2021_12_PW_LK,PW,LK,Panthers Wroclaw,Leipzig Kings,9/5/2021,Leipzig,Alfred-Kunze-Sportp.,14:45,17:30,Y,02:45,2168,17 degr.,SE7,cloudy,W. Ratajczak,B. Hansen,K. Haltermann,F. Pachulski,P. Simon,S. Hameder,V. Krisman,PW,1,0,PW35,"V,1,0,V35","14,10,121",kick_off,NA,"KO:44,H03 RET:8,H18 TACK:24,28","T. Leader kickoff 62 yards to the LK3, A. Jalloh return 15 yards to the LK18 (W. James;P. Courageux).","H,1,10,H18",0,NA,NA,0,14,7,14,V,PW,"PUNT,3,08:05,31","TD,3,05:14,100",5,69,2:51,PUNT,3,08:05,PW31,TD,3,05:14,LK00,1
2021_12_PW_LK,PW,LK,Panthers Wroclaw,Leipzig Kings,9/5/2021,Leipzig,Alfred-Kunze-Sportp.,14:45,17:30,Y,02:45,2168,17 degr.,SE7,cloudy,W. Ratajczak,B. Hansen,K. Haltermann,F. Pachulski,P. Simon,S. Hameder,V. Krisman,LK,1,10,LK18,"H,1,10,H18","15,1,122",NA,05:09,{DRIVE}:05:09,LEIPZIG KINGS drive start at 05:09.,"H,1,10,H18",0,NA,NA,0,14,7,15,H,LK,"KO,3,05:09,18","PUNT,3,01:28,44",6,26,3:41,KO,3,05:09,LK18,PUNT,3,01:28,LK44,NA
2021_12_PW_LK,PW,LK,Panthers Wroclaw,Leipzig Kings,9/5/2021,Leipzig,Alfred-Kunze-Sportp.,14:45,17:30,Y,02:45,2168,17 degr.,SE7,cloudy,W. Ratajczak,B. Hansen,K. Haltermann,F. Pachulski,P. Simon,S. Hameder,V. Krisman,LK,1,10,LK18,"H,1,10,H18","15,2,123",rush,NA,"RUSH:12,H23, TACK:94,4",J. Awini rush for 5 yards to the LK23 (K. Brauns;W. Lloyd).,"H,2,5,H23",0,NA,NA,0,14,7,15,H,LK,"KO,3,05:09,18","PUNT,3,01:28,44",6,26,3:41,KO,3,05:09,LK18,PUNT,3,01:28,LK44,NA
2021_12_PW_LK,PW,LK,Panthers Wroclaw,Leipzig Kings,9/5/2021,Leipzig,Alfred-Kunze-Sportp.,14:45,17:30,Y,02:45,2168,17 degr.,SE7,cloudy,W. Ratajczak,B. Hansen,K. Haltermann,F. Pachulski,P. Simon,S. Hameder,V. Krisman,LK,2,5,LK23,"H,2,5,H23","15,3,124",rush,NA,"RUSH:12,H25, TACK:4",J. Awini rush for 2 yards to the LK25 (W. Lloyd).,"H,3,3,H25",0,NA,NA,0,14,7,15,H,LK,"KO,3,05:09,18","PUNT,3,01:28,44",6,26,3:41,KO,3,05:09,LK18,PUNT,3,01:28,LK44,NA
2021_12_PW_LK,PW,LK,Panthers Wroclaw,Leipzig Kings,9/5/2021,Leipzig,Alfred-Kunze-Sportp.,14:45,17:30,Y,02:45,2168,17 degr.,SE7,cloudy,W. Ratajczak,B. Hansen,K. Haltermann,F. Pachulski,P. Simon,S. Hameder,V. Krisman,LK,3,3,LK25,"H,3,3,H25","15,4,125",rush,NA,"RUSH:12,H25, TACK:8,24 PEN:V,UC,A,24,H41,N","J. Awini rush for no gain to the LK25 (H. Ogrodowczyk;W. James), PENALTY PW unsportsmanlike conduct (W. James) 16 yards to the LK41, 1ST DOWN LK.","H,1,10,H41",0,NA,penalty,0,14,7,15,H,LK,"KO,3,05:09,18","PUNT,3,01:28,44",6,26,3:41,KO,3,05:09,LK18,PUNT,3,01:28,LK44,NA
2021_12_PW_LK,PW,LK,Panthers Wroclaw,Leipzig Kings,9/5/2021,Leipzig,Alfred-Kunze-Sportp.,14:45,17:30,Y,02:45,2168,17 degr.,SE7,cloudy,W. Ratajczak,B. Hansen,K. Haltermann,F. Pachulski,P. Simon,S. Hameder,V. Krisman,LK,1,10,LK41,"H,1,10,H41","15,5,126",NA,NA,"D:1,10",1st and 10.,"H,1,10,H41",0,NA,NA,0,14,7,15,H,LK,"KO,3,05:09,18","PUNT,3,01:28,44",6,26,3:41,KO,3,05:09,LK18,PUNT,3,01:28,LK44,NA
2021_12_PW_LK,PW,LK,Panthers Wroclaw,Leipzig Kings,9/5/2021,Leipzig,Alfred-Kunze-Sportp.,14:45,17:30,Y,02:45,2168,17 degr.,SE7,cloudy,W. Ratajczak,B. Hansen,K. Haltermann,F. Pachulski,P. Simon,S. Hameder,V. Krisman,LK,1,10,LK41,"H,1,10,H41","15,6,127",rush,NA,"RUSH:2,H46, TACK:4",J. Aguemon rush for 5 yards to the LK46 (W. Lloyd).,"H,2,5,H46",0,NA,NA,0,14,7,15,H,LK,"KO,3,05:09,18","PUNT,3,01:28,44",6,26,3:41,KO,3,05:09,LK18,PUNT,3,01:28,LK44,NA
2021_12_PW_LK,PW,LK,Panthers Wroclaw,Leipzig Kings,9/5/2021,Leipzig,Alfred-Kunze-Sportp.,14:45,17:30,Y,02:45,2168,17 degr.,SE7,cloudy,W. Ratajczak,B. Hansen,K. Haltermann,F. Pachulski,P. Simon,S. Hameder,V. Krisman,LK,2,5,LK46,"H,2,5,H46","15,7,128",penalty,NA,"PASS:3,I,2,* PEN:H,HO,A,79,H36,N NOPLAY:","M. Birdsong pass incomplete to J. Aguemon, PENALTY LK holding (M. Gudding) 10 yards to the LK36, NO PLAY.","H,2,15,H36",0,NA,NA,0,14,7,15,H,LK,"KO,3,05:09,18","PUNT,3,01:28,44",6,26,3:41,KO,3,05:09,LK18,PUNT,3,01:28,LK44,NA
2021_12_PW_LK,PW,LK,Panthers Wroclaw,Leipzig Kings,9/5/2021,Leipzig,Alfred-Kunze-Sportp.,14:45,17:30,Y,02:45,2168,17 degr.,SE7,cloudy,W. Ratajczak,B. Hansen,K. Haltermann,F. Pachulski,P. Simon,S. Hameder,V. Krisman,LK,2,15,LK36,"H,2,15,H36","15,8,129",pass,NA,"PASS:3,C,85,H44 TACK:26,4",M. Birdsong pass complete to A. Doroshev for 8 yards to the LK44 (M. Osumek;W. Lloyd).,"H,3,7,H44",0,NA,NA,0,14,7,15,H,LK,"KO,3,05:09,18","PUNT,3,01:28,44",6,26,3:41,KO,3,05:09,LK18,PUNT,3,01:28,LK44,NA
2021_12_PW_LK,PW,LK,Panthers Wroclaw,Leipzig Kings,9/5/2021,Leipzig,Alfred-Kunze-Sportp.,14:45,17:30,Y,02:45,2168,17 degr.,SE7,cloudy,W. Ratajczak,B. Hansen,K. Haltermann,F. Pachulski,P. Simon,S. Hameder,V. Krisman,LK,3,7,LK44,"H,3,7,H44","15,9,130",pass,NA,"PASS:3,I,84,* BRUP:26",M. Birdsong pass incomplete to Y. Omi (M. Osumek).,"H,4,7,H44",0,NA,NA,0,14,7,15,H,LK,"KO,3,05:09,18","PUNT,3,01:28,44",6,26,3:41,KO,3,05:09,LK18,PUNT,3,01:28,LK44,NA
2021_12_PW_LK,PW,LK,Panthers Wroclaw,Leipzig Kings,9/5/2021,Leipzig,Alfred-Kunze-Sportp.,14:45,17:30,Y,02:45,2168,17 degr.,SE7,cloudy,W. Ratajczak,B. Hansen,K. Haltermann,F. Pachulski,P. Simon,S. Hameder,V. Krisman,LK,4,7,LK44,"H,4,7,H44","15,10,131",punt,NA,"PUNT:1,V15 RET:23,V22 TACK:4,53","J. Templar punt 41 yards to the PW15, J. Mazan return 7 yards to the PW22 (R. Henrique;P. Topolewski).","V,1,10,V22",0,NA,NA,0,14,7,15,H,LK,"KO,3,05:09,18","PUNT,3,01:28,44",6,26,3:41,KO,3,05:09,LK18,PUNT,3,01:28,LK44,NA
2021_12_PW_LK,PW,LK,Panthers Wroclaw,Leipzig Kings,9/5/2021,Leipzig,Alfred-Kunze-Sportp.,14:45,17:30,Y,02:45,2168,17 degr.,SE7,cloudy,W. Ratajczak,B. Hansen,K. Haltermann,F. Pachulski,P. Simon,S. Hameder,V. Krisman,PW,1,10,PW22,"V,1,10,V22","16,1,132",NA,01:28,{DRIVE}:01:28,PANTHERS WROCLAW drive start at 01:28.,"V,1,10,V22",0,NA,NA,0,14,7,16,V,PW,"PUNT,3,01:28,22","TD,4,12:00,100",9,78,4:28,PUNT,3,01:28,PW22,TD,4,12:00,LK00,1
2021_12_PW_LK,PW,LK,Panthers Wroclaw,Leipzig Kings,9/5/2021,Leipzig,Alfred-Kunze-Sportp.,14:45,17:30,Y,02:45,2168,17 degr.,SE7,cloudy,W. Ratajczak,B. Hansen,K. Haltermann,F. Pachulski,P. Simon,S. Hameder,V. Krisman,PW,1,10,PW22,"V,1,10,V22","16,2,133",rush,NA,"RUSH:25,V28, TACK:40,28",P. Pasqualini rush for 6 yards to the PW28 (O. Rohnebak;J. Dietze).,"V,2,4,V28",0,NA,NA,0,14,7,16,V,PW,"PUNT,3,01:28,22","TD,4,12:00,100",9,78,4:28,PUNT,3,01:28,PW22,TD,4,12:00,LK00,1
2021_12_PW_LK,PW,LK,Panthers Wroclaw,Leipzig Kings,9/5/2021,Leipzig,Alfred-Kunze-Sportp.,14:45,17:30,Y,02:45,2168,17 degr.,SE7,cloudy,W. Ratajczak,B. Hansen,K. Haltermann,F. Pachulski,P. Simon,S. Hameder,V. Krisman,PW,2,4,PW28,"V,2,4,V28","16,3,134",pass,NA,"PASS:2,C,23,V38 TACK:4,28","L. O'Connor pass complete to J. Mazan for 10 yards to the PW38, 1ST DOWN PW (R. Henrique;J. Dietze).","V,1,10,V38",0,NA,pass,0,14,7,16,V,PW,"PUNT,3,01:28,22","TD,4,12:00,100",9,78,4:28,PUNT,3,01:28,PW22,TD,4,12:00,LK00,1
2021_12_PW_LK,PW,LK,Panthers Wroclaw,Leipzig Kings,9/5/2021,Leipzig,Alfred-Kunze-Sportp.,14:45,17:30,Y,02:45,2168,17 degr.,SE7,cloudy,W. Ratajczak,B. Hansen,K. Haltermann,F. Pachulski,P. Simon,S. Hameder,V. Krisman,PW,1,10,PW38,"V,1,10,V38","16,4,135",pass,NA,"PASS:2,I,23,*",L. O'Connor pass incomplete to J. Mazan.,"V,2,10,V38",0,NA,NA,0,14,7,16,V,PW,"PUNT,3,01:28,22","TD,4,12:00,100",9,78,4:28,PUNT,3,01:28,PW22,TD,4,12:00,LK00,1
2021_12_PW_LK,PW,LK,Panthers Wroclaw,Leipzig Kings,9/5/2021,Leipzig,Alfred-Kunze-Sportp.,14:45,17:30,Y,02:45,2168,17 degr.,SE7,cloudy,W. Ratajczak,B. Hansen,K. Haltermann,F. Pachulski,P. Simon,S. Hameder,V. Krisman,PW,2,10,PW38,"V,2,10,V38","16,5,136",rush,NA,"RUSH:25,V39, TACK:50",P. Pasqualini rush for 1 yard to the PW39 (J. Schultes).,"V,3,9,V39",0,NA,NA,0,14,7,16,V,PW,"PUNT,3,01:28,22","TD,4,12:00,100",9,78,4:28,PUNT,3,01:28,PW22,TD,4,12:00,LK00,1
2021_12_PW_LK,PW,LK,Panthers Wroclaw,Leipzig Kings,9/5/2021,Leipzig,Alfred-Kunze-Sportp.,14:45,17:30,Y,02:45,2168,17 degr.,SE7,cloudy,W. Ratajczak,B. Hansen,K. Haltermann,F. Pachulski,P. Simon,S. Hameder,V. Krisman,PW,3,9,PW39,"V,3,9,V39","16,6,137",NA,15:00,Q:4 T:15:00,"Start of 4th quarter, clock 15:00.","V,3,9,V39",0,NA,NA,0,14,7,16,V,PW,"PUNT,3,01:28,22","TD,4,12:00,100",9,78,4:28,PUNT,3,01:28,PW22,TD,4,12:00,LK00,1
2021_12_PW_LK,PW,LK,Panthers Wroclaw,Leipzig Kings,9/5/2021,Leipzig,Alfred-Kunze-Sportp.,14:45,17:30,Y,02:45,2168,17 degr.,SE7,cloudy,W. Ratajczak,B. Hansen,K. Haltermann,F. Pachulski,P. Simon,S. Hameder,V. Krisman,PW,3,9,PW39,"V,3,9,V39","16,7,138",penalty,NA,"PASS:2,I,12,* PEN:H,OS,A,45,V44,N NOPLAY:","L. O'Connor pass incomplete to K. Turpin, PENALTY LK offside (K. Kitchens) 5 yards to the PW44, NO PLAY.","V,3,4,V44",0,NA,NA,0,14,7,16,V,PW,"PUNT,3,01:28,22","TD,4,12:00,100",9,78,4:28,PUNT,3,01:28,PW22,TD,4,12:00,LK00,1
2021_12_PW_LK,PW,LK,Panthers Wroclaw,Leipzig Kings,9/5/2021,Leipzig,Alfred-Kunze-Sportp.,14:45,17:30,Y,02:45,2168,17 degr.,SE7,cloudy,W. Ratajczak,B. Hansen,K. Haltermann,F. Pachulski,P. Simon,S. Hameder,V. Krisman,PW,3,4,PW44,"V,3,4,V44","16,8,139",rush,NA,"RUSH:25,V49, TACK:21,45","P. Pasqualini rush for 5 yards to the PW49, 1ST DOWN PW (D. Docal;K. Kitchens).","V,1,10,V49",0,NA,rush,0,14,7,16,V,PW,"PUNT,3,01:28,22","TD,4,12:00,100",9,78,4:28,PUNT,3,01:28,PW22,TD,4,12:00,LK00,1
2021_12_PW_LK,PW,LK,Panthers Wroclaw,Leipzig Kings,9/5/2021,Leipzig,Alfred-Kunze-Sportp.,14:45,17:30,Y,02:45,2168,17 degr.,SE7,cloudy,W. Ratajczak,B. Hansen,K. Haltermann,F. Pachulski,P. Simon,S. Hameder,V. Krisman,PW,1,10,PW49,"V,1,10,V49","16,9,141",rush,NA,"RUSH:25,V49, TACK:92,45",P. Pasqualini rush for no gain to the PW49 (A. Zetterberg;K. Kitchens).,"V,2,10,V49",0,NA,NA,0,14,7,16,V,PW,"PUNT,3,01:28,22","TD,4,12:00,100",9,78,4:28,PUNT,3,01:28,PW22,TD,4,12:00,LK00,1
2021_12_PW_LK,PW,LK,Panthers Wroclaw,Leipzig Kings,9/5/2021,Leipzig,Alfred-Kunze-Sportp.,14:45,17:30,Y,02:45,2168,17 degr.,SE7,cloudy,W. Ratajczak,B. Hansen,K. Haltermann,F. Pachulski,P. Simon,S. Hameder,V. Krisman,PW,2,10,PW49,"V,2,10,V49","16,10,142",pass,NA,"PASS:2,C,23,H06 TACK:21,7","L. O'Connor pass complete to J. Mazan for 45 yards to the LK6, 1ST DOWN PW (D. Docal;B. Tchiyoko).","V,1,0,H06",0,NA,pass,0,14,7,16,V,PW,"PUNT,3,01:28,22","TD,4,12:00,100",9,78,4:28,PUNT,3,01:28,PW22,TD,4,12:00,LK00,1
2021_12_PW_LK,PW,LK,Panthers Wroclaw,Leipzig Kings,9/5/2021,Leipzig,Alfred-Kunze-Sportp.,14:45,17:30,Y,02:45,2168,17 degr.,SE7,cloudy,W. Ratajczak,B. Hansen,K. Haltermann,F. Pachulski,P. Simon,S. Hameder,V. Krisman,PW,1,0,LK06,"V,1,0,H06","16,11,143",rush,NA,"RUSH:25,H01, TACK:21,40",P. Pasqualini rush for 5 yards to the LK1 (D. Docal;O. Rohnebak).,"V,2,0,H01",0,NA,NA,0,14,7,16,V,PW,"PUNT,3,01:28,22","TD,4,12:00,100",9,78,4:28,PUNT,3,01:28,PW22,TD,4,12:00,LK00,1
2021_12_PW_LK,PW,LK,Panthers Wroclaw,Leipzig Kings,9/5/2021,Leipzig,Alfred-Kunze-Sportp.,14:45,17:30,Y,02:45,2168,17 degr.,SE7,cloudy,W. Ratajczak,B. Hansen,K. Haltermann,F. Pachulski,P. Simon,S. Hameder,V. Krisman,PW,2,0,LK01,"V,2,0,H01","16,12,144",penalty,NA,"RUSH:25,H01, PEN:H,OS,A,TM,H01,N NOPLAY:","P. Pasqualini rush for no gain to the LK1, PENALTY LK offside 0 yards to the LK1, NO PLAY.","V,2,0,H01",0,NA,NA,0,14,7,16,V,PW,"PUNT,3,01:28,22","TD,4,12:00,100",9,78,4:28,PUNT,3,01:28,PW22,TD,4,12:00,LK00,1
2021_12_PW_LK,PW,LK,Panthers Wroclaw,Leipzig Kings,9/5/2021,Leipzig,Alfred-Kunze-Sportp.,14:45,17:30,Y,02:45,2168,17 degr.,SE7,cloudy,W. Ratajczak,B. Hansen,K. Haltermann,F. Pachulski,P. Simon,S. Hameder,V. Krisman,PW,2,0,LK01,"V,2,0,H01","16,13,145",rush,12:00,"RUSH:25,H00, T:12:00","P. Pasqualini rush for 1 yard to the LK0, 1ST DOWN PW, TOUCHDOWN, clock 12:00.","V,1,10,H15",0,NA,rush,1,20,7,16,V,PW,"PUNT,3,01:28,22","TD,4,12:00,100",9,78,4:28,PUNT,3,01:28,PW22,TD,4,12:00,LK00,1
2021_12_PW_LK,PW,LK,Panthers Wroclaw,Leipzig Kings,9/5/2021,Leipzig,Alfred-Kunze-Sportp.,14:45,17:30,Y,02:45,2168,17 degr.,SE7,cloudy,W. Ratajczak,B. Hansen,K. Haltermann,F. Pachulski,P. Simon,S. Hameder,V. Krisman,PW,1,10,LK15,"V,1,10,H15","16,14,146",pat,NA,"PAT:K,44,G",T. Leader kick attempt good.,"V,1,0,V35",0,NA,NA,1,21,7,16,V,PW,"PUNT,3,01:28,22","TD,4,12:00,100",9,78,4:28,PUNT,3,01:28,PW22,TD,4,12:00,LK00,1
2021_12_PW_LK,PW,LK,Panthers Wroclaw,Leipzig Kings,9/5/2021,Leipzig,Alfred-Kunze-Sportp.,14:45,17:30,Y,02:45,2168,17 degr.,SE7,cloudy,W. Ratajczak,B. Hansen,K. Haltermann,F. Pachulski,P. Simon,S. Hameder,V. Krisman,PW,1,0,PW35,"V,1,0,V35","16,15,147",penalty,NA,"PEN:H,RK,A,4,V50,N",PENALTY LK roughing the kicker (R. Henrique) 15 yards to the 50 yardline.,"V,1,0,V50",0,NA,NA,0,21,7,16,V,PW,"PUNT,3,01:28,22","TD,4,12:00,100",9,78,4:28,PUNT,3,01:28,PW22,TD,4,12:00,LK00,1
2021_12_PW_LK,PW,LK,Panthers Wroclaw,Leipzig Kings,9/5/2021,Leipzig,Alfred-Kunze-Sportp.,14:45,17:30,Y,02:45,2168,17 degr.,SE7,cloudy,W. Ratajczak,B. Hansen,K. Haltermann,F. Pachulski,P. Simon,S. Hameder,V. Krisman,PW,1,0,PW50,"V,1,0,V50","16,16,148",kick_off,NA,"KO:44,H00 RET:8,H11 TACK:49","T. Leader kickoff 50 yards to the LK0, A. Jalloh return 11 yards to the LK11 (K. Oldak).","H,1,10,H11",0,NA,NA,0,21,7,16,V,PW,"PUNT,3,01:28,22","TD,4,12:00,100",9,78,4:28,PUNT,3,01:28,PW22,TD,4,12:00,LK00,1
2021_12_PW_LK,PW,LK,Panthers Wroclaw,Leipzig Kings,9/5/2021,Leipzig,Alfred-Kunze-Sportp.,14:45,17:30,Y,02:45,2168,17 degr.,SE7,cloudy,W. Ratajczak,B. Hansen,K. Haltermann,F. Pachulski,P. Simon,S. Hameder,V. Krisman,LK,1,10,LK11,"H,1,10,H11","17,1,149",NA,11:52,{DRIVE}:11:52,LEIPZIG KINGS drive start at 11:52.,"H,1,10,H11",0,NA,NA,0,21,7,17,H,LK,"KO,4,11:52,11","DOWNS,4,05:57,93",14,82,5:55,KO,4,11:52,LK11,DOWNS,4,05:57,PW07,1
2021_12_PW_LK,PW,LK,Panthers Wroclaw,Leipzig Kings,9/5/2021,Leipzig,Alfred-Kunze-Sportp.,14:45,17:30,Y,02:45,2168,17 degr.,SE7,cloudy,W. Ratajczak,B. Hansen,K. Haltermann,F. Pachulski,P. Simon,S. Hameder,V. Krisman,LK,1,10,LK11,"H,1,10,H11","17,2,150",pass,NA,"PASS:3,I,85,*",M. Birdsong pass incomplete to A. Doroshev.,"H,2,10,H11",0,NA,NA,0,21,7,17,H,LK,"KO,4,11:52,11","DOWNS,4,05:57,93",14,82,5:55,KO,4,11:52,LK11,DOWNS,4,05:57,PW07,1
2021_12_PW_LK,PW,LK,Panthers Wroclaw,Leipzig Kings,9/5/2021,Leipzig,Alfred-Kunze-Sportp.,14:45,17:30,Y,02:45,2168,17 degr.,SE7,cloudy,W. Ratajczak,B. Hansen,K. Haltermann,F. Pachulski,P. Simon,S. Hameder,V. Krisman,LK,2,10,LK11,"H,2,10,H11","17,3,151",pass,NA,"PASS:3,C,6,H23 TACK:24,5","M. Birdsong pass complete to T. Knuettel for 12 yards to the LK23, 1ST DOWN LK (W. James;G. Zec).","H,1,10,H23",0,NA,pass,0,21,7,17,H,LK,"KO,4,11:52,11","DOWNS,4,05:57,93",14,82,5:55,KO,4,11:52,LK11,DOWNS,4,05:57,PW07,1
2021_12_PW_LK,PW,LK,Panthers Wroclaw,Leipzig Kings,9/5/2021,Leipzig,Alfred-Kunze-Sportp.,14:45,17:30,Y,02:45,2168,17 degr.,SE7,cloudy,W. Ratajczak,B. Hansen,K. Haltermann,F. Pachulski,P. Simon,S. Hameder,V. Krisman,LK,1,10,LK23,"H,1,10,H23","17,4,152",pass,NA,"PASS:3,C,84,H35 TACK:5","M. Birdsong pass complete to Y. Omi for 12 yards to the LK35, 1ST DOWN LK (G. Zec).","H,1,10,H35",0,NA,pass,0,21,7,17,H,LK,"KO,4,11:52,11","DOWNS,4,05:57,93",14,82,5:55,KO,4,11:52,LK11,DOWNS,4,05:57,PW07,1
2021_12_PW_LK,PW,LK,Panthers Wroclaw,Leipzig Kings,9/5/2021,Leipzig,Alfred-Kunze-Sportp.,14:45,17:30,Y,02:45,2168,17 degr.,SE7,cloudy,W. Ratajczak,B. Hansen,K. Haltermann,F. Pachulski,P. Simon,S. Hameder,V. Krisman,LK,1,10,LK35,"H,1,10,H35","17,5,153",rush,NA,"RUSH:2,H37, TACK:94,8",J. Aguemon rush for 2 yards to the LK37 (K. Brauns;H. Ogrodowczyk).,"H,2,8,H37",0,NA,NA,0,21,7,17,H,LK,"KO,4,11:52,11","DOWNS,4,05:57,93",14,82,5:55,KO,4,11:52,LK11,DOWNS,4,05:57,PW07,1
2021_12_PW_LK,PW,LK,Panthers Wroclaw,Leipzig Kings,9/5/2021,Leipzig,Alfred-Kunze-Sportp.,14:45,17:30,Y,02:45,2168,17 degr.,SE7,cloudy,W. Ratajczak,B. Hansen,K. Haltermann,F. Pachulski,P. Simon,S. Hameder,V. Krisman,LK,2,8,LK37,"H,2,8,H37","17,6,154",rush,NA,"RUSH:3,H48, TACK:8","M. Birdsong rush for 11 yards to the LK48, 1ST DOWN LK (H. Ogrodowczyk).","H,1,10,H48",0,NA,rush,0,21,7,17,H,LK,"KO,4,11:52,11","DOWNS,4,05:57,93",14,82,5:55,KO,4,11:52,LK11,DOWNS,4,05:57,PW07,1
2021_12_PW_LK,PW,LK,Panthers Wroclaw,Leipzig Kings,9/5/2021,Leipzig,Alfred-Kunze-Sportp.,14:45,17:30,Y,02:45,2168,17 degr.,SE7,cloudy,W. Ratajczak,B. Hansen,K. Haltermann,F. Pachulski,P. Simon,S. Hameder,V. Krisman,LK,1,10,LK48,"H,1,10,H48","17,7,155",pass,NA,"PASS:3,C,6,V45 TACK:4",M. Birdsong pass complete to T. Knuettel for 7 yards to the PW45 (W. Lloyd).,"H,2,3,V45",0,NA,NA,0,21,7,17,H,LK,"KO,4,11:52,11","DOWNS,4,05:57,93",14,82,5:55,KO,4,11:52,LK11,DOWNS,4,05:57,PW07,1
2021_12_PW_LK,PW,LK,Panthers Wroclaw,Leipzig Kings,9/5/2021,Leipzig,Alfred-Kunze-Sportp.,14:45,17:30,Y,02:45,2168,17 degr.,SE7,cloudy,W. Ratajczak,B. Hansen,K. Haltermann,F. Pachulski,P. Simon,S. Hameder,V. Krisman,LK,2,3,PW45,"H,2,3,V45","17,8,156",pass,NA,"PASS:3,S,TM,H48 SACK:92,94",M. Birdsong sacked for loss of 7 yards to the LK48 (A. Brudny;K. Brauns).,"H,3,10,H48",0,NA,NA,0,21,7,17,H,LK,"KO,4,11:52,11","DOWNS,4,05:57,93",14,82,5:55,KO,4,11:52,LK11,DOWNS,4,05:57,PW07,1
2021_12_PW_LK,PW,LK,Panthers Wroclaw,Leipzig Kings,9/5/2021,Leipzig,Alfred-Kunze-Sportp.,14:45,17:30,Y,02:45,2168,17 degr.,SE7,cloudy,W. Ratajczak,B. Hansen,K. Haltermann,F. Pachulski,P. Simon,S. Hameder,V. Krisman,LK,3,10,LK48,"H,3,10,H48","17,9,157",pass,NA,"PASS:3,C,1,V41 TACK:5","M. Birdsong pass complete to J. Templar for 11 yards to the PW41, 1ST DOWN LK (G. Zec).","H,1,10,V41",0,NA,pass,0,21,7,17,H,LK,"KO,4,11:52,11","DOWNS,4,05:57,93",14,82,5:55,KO,4,11:52,LK11,DOWNS,4,05:57,PW07,1
2021_12_PW_LK,PW,LK,Panthers Wroclaw,Leipzig Kings,9/5/2021,Leipzig,Alfred-Kunze-Sportp.,14:45,17:30,Y,02:45,2168,17 degr.,SE7,cloudy,W. Ratajczak,B. Hansen,K. Haltermann,F. Pachulski,P. Simon,S. Hameder,V. Krisman,LK,1,10,PW41,"H,1,10,V41","17,10,158",pass,NA,"PASS:3,C,8,V37 TACK:1,24",M. Birdsong pass complete to A. Jalloh for 4 yards to the PW37 (D. Robinson;W. James).,"H,2,6,V37",0,NA,NA,0,21,7,17,H,LK,"KO,4,11:52,11","DOWNS,4,05:57,93",14,82,5:55,KO,4,11:52,LK11,DOWNS,4,05:57,PW07,1
2021_12_PW_LK,PW,LK,Panthers Wroclaw,Leipzig Kings,9/5/2021,Leipzig,Alfred-Kunze-Sportp.,14:45,17:30,Y,02:45,2168,17 degr.,SE7,cloudy,W. Ratajczak,B. Hansen,K. Haltermann,F. Pachulski,P. Simon,S. Hameder,V. Krisman,LK,2,6,PW37,"H,2,6,V37","17,11,159",pass,NA,"PASS:3,C,1,V13 TACK:24","M. Birdsong pass complete to J. Templar for 24 yards to the PW13, 1ST DOWN LK (W. James).","H,1,10,V13",0,NA,pass,0,21,7,17,H,LK,"KO,4,11:52,11","DOWNS,4,05:57,93",14,82,5:55,KO,4,11:52,LK11,DOWNS,4,05:57,PW07,1
2021_12_PW_LK,PW,LK,Panthers Wroclaw,Leipzig Kings,9/5/2021,Leipzig,Alfred-Kunze-Sportp.,14:45,17:30,Y,02:45,2168,17 degr.,SE7,cloudy,W. Ratajczak,B. Hansen,K. Haltermann,F. Pachulski,P. Simon,S. Hameder,V. Krisman,LK,1,10,PW13,"H,1,10,V13","17,12,160",penalty,NA,"PASS:3,I,85,* PEN:H,HO,A,72,V23,N NOPLAY:","M. Birdsong pass incomplete to A. Doroshev, PENALTY LK holding (J. Hagerup) 10 yards to the PW23, NO PLAY.","H,1,20,V23",0,NA,NA,0,21,7,17,H,LK,"KO,4,11:52,11","DOWNS,4,05:57,93",14,82,5:55,KO,4,11:52,LK11,DOWNS,4,05:57,PW07,1
2021_12_PW_LK,PW,LK,Panthers Wroclaw,Leipzig Kings,9/5/2021,Leipzig,Alfred-Kunze-Sportp.,14:45,17:30,Y,02:45,2168,17 degr.,SE7,cloudy,W. Ratajczak,B. Hansen,K. Haltermann,F. Pachulski,P. Simon,S. Hameder,V. Krisman,LK,1,20,PW23,"H,1,20,V23","17,13,161",pass,NA,"PASS:3,I,30,*",M. Birdsong pass incomplete to N. Baeumer.,"H,2,20,V23",0,NA,NA,0,21,7,17,H,LK,"KO,4,11:52,11","DOWNS,4,05:57,93",14,82,5:55,KO,4,11:52,LK11,DOWNS,4,05:57,PW07,1
2021_12_PW_LK,PW,LK,Panthers Wroclaw,Leipzig Kings,9/5/2021,Leipzig,Alfred-Kunze-Sportp.,14:45,17:30,Y,02:45,2168,17 degr.,SE7,cloudy,W. Ratajczak,B. Hansen,K. Haltermann,F. Pachulski,P. Simon,S. Hameder,V. Krisman,LK,2,20,PW23,"H,2,20,V23","17,14,162",pass,NA,"PASS:3,I,84,* BRUP:24",M. Birdsong pass incomplete to Y. Omi (W. James).,"H,3,20,V23",0,NA,NA,0,21,7,17,H,LK,"KO,4,11:52,11","DOWNS,4,05:57,93",14,82,5:55,KO,4,11:52,LK11,DOWNS,4,05:57,PW07,1
2021_12_PW_LK,PW,LK,Panthers Wroclaw,Leipzig Kings,9/5/2021,Leipzig,Alfred-Kunze-Sportp.,14:45,17:30,Y,02:45,2168,17 degr.,SE7,cloudy,W. Ratajczak,B. Hansen,K. Haltermann,F. Pachulski,P. Simon,S. Hameder,V. Krisman,LK,3,20,PW23,"H,3,20,V23","17,15,164",rush,NA,"RUSH:3,V07, TACK:26,5",M. Birdsong rush for 16 yards to the PW7 (M. Osumek;G. Zec).,"H,4,4,V07",0,NA,NA,0,21,7,17,H,LK,"KO,4,11:52,11","DOWNS,4,05:57,93",14,82,5:55,KO,4,11:52,LK11,DOWNS,4,05:57,PW07,1
2021_12_PW_LK,PW,LK,Panthers Wroclaw,Leipzig Kings,9/5/2021,Leipzig,Alfred-Kunze-Sportp.,14:45,17:30,Y,02:45,2168,17 degr.,SE7,cloudy,W. Ratajczak,B. Hansen,K. Haltermann,F. Pachulski,P. Simon,S. Hameder,V. Krisman,LK,4,4,PW07,"H,4,4,V07","17,16,165",pass,NA,"PASS:3,I,1,*",M. Birdsong pass incomplete to J. Templar.,"V,1,10,V07",0,NA,NA,0,21,7,17,H,LK,"KO,4,11:52,11","DOWNS,4,05:57,93",14,82,5:55,KO,4,11:52,LK11,DOWNS,4,05:57,PW07,1
2021_12_PW_LK,PW,LK,Panthers Wroclaw,Leipzig Kings,9/5/2021,Leipzig,Alfred-Kunze-Sportp.,14:45,17:30,Y,02:45,2168,17 degr.,SE7,cloudy,W. Ratajczak,B. Hansen,K. Haltermann,F. Pachulski,P. Simon,S. Hameder,V. Krisman,PW,1,10,PW07,"V,1,10,V07","18,1,166",NA,05:57,{DRIVE}:05:57,PANTHERS WROCLAW drive start at 05:57.,"V,1,10,V07",0,NA,NA,0,21,7,18,V,PW,"DOWNS,4,05:57,7","FUMB,4,01:53,50",8,43,4:04,DOWNS,4,05:57,PW07,FUMB,4,01:53,PW50,NA
2021_12_PW_LK,PW,LK,Panthers Wroclaw,Leipzig Kings,9/5/2021,Leipzig,Alfred-Kunze-Sportp.,14:45,17:30,Y,02:45,2168,17 degr.,SE7,cloudy,W. Ratajczak,B. Hansen,K. Haltermann,F. Pachulski,P. Simon,S. Hameder,V. Krisman,PW,1,10,PW07,"V,1,10,V07","18,2,167",rush,NA,"RUSH:25,V08, TACK:40,92",P. Pasqualini rush for 1 yard to the PW8 (O. Rohnebak;A. Zetterberg).,"V,2,9,V08",0,NA,NA,0,21,7,18,V,PW,"DOWNS,4,05:57,7","FUMB,4,01:53,50",8,43,4:04,DOWNS,4,05:57,PW07,FUMB,4,01:53,PW50,NA
2021_12_PW_LK,PW,LK,Panthers Wroclaw,Leipzig Kings,9/5/2021,Leipzig,Alfred-Kunze-Sportp.,14:45,17:30,Y,02:45,2168,17 degr.,SE7,cloudy,W. Ratajczak,B. Hansen,K. Haltermann,F. Pachulski,P. Simon,S. Hameder,V. Krisman,PW,2,9,PW08,"V,2,9,V08","18,3,168",pass,NA,"PASS:2,C,23,V20 TACK:21,7","L. O'Connor pass complete to J. Mazan for 12 yards to the PW20, 1ST DOWN PW (D. Docal;B. Tchiyoko).","V,1,10,V20",0,NA,pass,0,21,7,18,V,PW,"DOWNS,4,05:57,7","FUMB,4,01:53,50",8,43,4:04,DOWNS,4,05:57,PW07,FUMB,4,01:53,PW50,NA
2021_12_PW_LK,PW,LK,Panthers Wroclaw,Leipzig Kings,9/5/2021,Leipzig,Alfred-Kunze-Sportp.,14:45,17:30,Y,02:45,2168,17 degr.,SE7,cloudy,W. Ratajczak,B. Hansen,K. Haltermann,F. Pachulski,P. Simon,S. Hameder,V. Krisman,PW,1,10,PW20,"V,1,10,V20","18,4,169",rush,NA,"RUSH:25,V28, TACK:21,40",P. Pasqualini rush for 8 yards to the PW28 (D. Docal;O. Rohnebak).,"V,2,2,V28",0,NA,NA,0,21,7,18,V,PW,"DOWNS,4,05:57,7","FUMB,4,01:53,50",8,43,4:04,DOWNS,4,05:57,PW07,FUMB,4,01:53,PW50,NA
2021_12_PW_LK,PW,LK,Panthers Wroclaw,Leipzig Kings,9/5/2021,Leipzig,Alfred-Kunze-Sportp.,14:45,17:30,Y,02:45,2168,17 degr.,SE7,cloudy,W. Ratajczak,B. Hansen,K. Haltermann,F. Pachulski,P. Simon,S. Hameder,V. Krisman,PW,2,2,PW28,"V,2,2,V28","18,5,170",rush,NA,"RUSH:25,V32, TACK:40,21","P. Pasqualini rush for 4 yards to the PW32, 1ST DOWN PW (O. Rohnebak;D. Docal).","V,1,10,V32",0,NA,rush,0,21,7,18,V,PW,"DOWNS,4,05:57,7","FUMB,4,01:53,50",8,43,4:04,DOWNS,4,05:57,PW07,FUMB,4,01:53,PW50,NA
2021_12_PW_LK,PW,LK,Panthers Wroclaw,Leipzig Kings,9/5/2021,Leipzig,Alfred-Kunze-Sportp.,14:45,17:30,Y,02:45,2168,17 degr.,SE7,cloudy,W. Ratajczak,B. Hansen,K. Haltermann,F. Pachulski,P. Simon,S. Hameder,V. Krisman,PW,1,10,PW32,"V,1,10,V32","18,6,171",rush,NA,"RUSH:25,V34, TACK:92,50",P. Pasqualini rush for 2 yards to the PW34 (A. Zetterberg;J. Schultes).,"V,2,8,V34",0,NA,NA,0,21,7,18,V,PW,"DOWNS,4,05:57,7","FUMB,4,01:53,50",8,43,4:04,DOWNS,4,05:57,PW07,FUMB,4,01:53,PW50,NA
2021_12_PW_LK,PW,LK,Panthers Wroclaw,Leipzig Kings,9/5/2021,Leipzig,Alfred-Kunze-Sportp.,14:45,17:30,Y,02:45,2168,17 degr.,SE7,cloudy,W. Ratajczak,B. Hansen,K. Haltermann,F. Pachulski,P. Simon,S. Hameder,V. Krisman,PW,2,8,PW34,"V,2,8,V34","18,7,172",NA,02:59,TOUT:H T:02:59,"Timeout Leipzig Kings, clock 02:59.","V,2,8,V34",0,NA,NA,0,21,7,18,V,PW,"DOWNS,4,05:57,7","FUMB,4,01:53,50",8,43,4:04,DOWNS,4,05:57,PW07,FUMB,4,01:53,PW50,NA
2021_12_PW_LK,PW,LK,Panthers Wroclaw,Leipzig Kings,9/5/2021,Leipzig,Alfred-Kunze-Sportp.,14:45,17:30,Y,02:45,2168,17 degr.,SE7,cloudy,W. Ratajczak,B. Hansen,K. Haltermann,F. Pachulski,P. Simon,S. Hameder,V. Krisman,PW,2,8,PW34,"V,2,8,V34","18,8,173",pass,NA,"PASS:2,C,23,V41 TACK:8",L. O'Connor pass complete to J. Mazan for 7 yards to the PW41 (A. Jalloh).,"V,3,1,V41",0,NA,NA,0,21,7,18,V,PW,"DOWNS,4,05:57,7","FUMB,4,01:53,50",8,43,4:04,DOWNS,4,05:57,PW07,FUMB,4,01:53,PW50,NA
2021_12_PW_LK,PW,LK,Panthers Wroclaw,Leipzig Kings,9/5/2021,Leipzig,Alfred-Kunze-Sportp.,14:45,17:30,Y,02:45,2168,17 degr.,SE7,cloudy,W. Ratajczak,B. Hansen,K. Haltermann,F. Pachulski,P. Simon,S. Hameder,V. Krisman,PW,3,1,PW41,"V,3,1,V41","18,9,174",NA,02:53,TOUT:H T:02:53,"Timeout Leipzig Kings, clock 02:53.","V,3,1,V41",0,NA,NA,0,21,7,18,V,PW,"DOWNS,4,05:57,7","FUMB,4,01:53,50",8,43,4:04,DOWNS,4,05:57,PW07,FUMB,4,01:53,PW50,NA
2021_12_PW_LK,PW,LK,Panthers Wroclaw,Leipzig Kings,9/5/2021,Leipzig,Alfred-Kunze-Sportp.,14:45,17:30,Y,02:45,2168,17 degr.,SE7,cloudy,W. Ratajczak,B. Hansen,K. Haltermann,F. Pachulski,P. Simon,S. Hameder,V. Krisman,PW,3,1,PW41,"V,3,1,V41","18,10,175",rush,NA,"RUSH:25,V46, TACK:21,7","P. Pasqualini rush for 5 yards to the PW46, 1ST DOWN PW (D. Docal;B. Tchiyoko).","V,1,10,V46",0,NA,rush,0,21,7,18,V,PW,"DOWNS,4,05:57,7","FUMB,4,01:53,50",8,43,4:04,DOWNS,4,05:57,PW07,FUMB,4,01:53,PW50,NA
2021_12_PW_LK,PW,LK,Panthers Wroclaw,Leipzig Kings,9/5/2021,Leipzig,Alfred-Kunze-Sportp.,14:45,17:30,Y,02:45,2168,17 degr.,SE7,cloudy,W. Ratajczak,B. Hansen,K. Haltermann,F. Pachulski,P. Simon,S. Hameder,V. Krisman,PW,1,10,PW46,"V,1,10,V46","18,11,176",rush,NA,"RUSH:25,V50, FUMB:H,V50,21 +:7,V28 OB:","P. Pasqualini rush for 4 yards to the 50 yardline, fumble by P. Pasqualini recovered by LK D. Docal at 50 yardline, B. Tchiyoko for 22 yards to the PW28, out-of-bounds.","H,1,10,V28",1,F,NA,0,21,7,18,V,PW,"DOWNS,4,05:57,7","FUMB,4,01:53,50",8,43,4:04,DOWNS,4,05:57,PW07,FUMB,4,01:53,PW50,NA
2021_12_PW_LK,PW,LK,Panthers Wroclaw,Leipzig Kings,9/5/2021,Leipzig,Alfred-Kunze-Sportp.,14:45,17:30,Y,02:45,2168,17 degr.,SE7,cloudy,W. Ratajczak,B. Hansen,K. Haltermann,F. Pachulski,P. Simon,S. Hameder,V. Krisman,LK,1,10,PW28,"H,1,10,V28","19,1,177",NA,01:53,"{DRIVE}:01:53 SPOT:H,V28,Y","LEIPZIG KINGS drive start at 01:53, LK ball on PW28.","H,1,10,V28",0,NA,NA,0,21,7,19,H,LK,"FUMB,4,01:53,72","TD,4,01:45,100",1,28,0:08,FUMB,4,01:53,PW28,TD,4,01:45,PW00,NA
2021_12_PW_LK,PW,LK,Panthers Wroclaw,Leipzig Kings,9/5/2021,Leipzig,Alfred-Kunze-Sportp.,14:45,17:30,Y,02:45,2168,17 degr.,SE7,cloudy,W. Ratajczak,B. Hansen,K. Haltermann,F. Pachulski,P. Simon,S. Hameder,V. Krisman,LK,1,10,PW28,"H,1,10,V28","19,2,179",pass,01:45,"PASS:3,C,6,V00 T:01:45","M. Birdsong pass complete to T. Knuettel for 28 yards to the PW0, 1ST DOWN LK, TOUCHDOWN, clock 01:45.","H,1,10,V15",0,NA,pass,1,21,13,19,H,LK,"FUMB,4,01:53,72","TD,4,01:45,100",1,28,0:08,FUMB,4,01:53,PW28,TD,4,01:45,PW00,NA
2021_12_PW_LK,PW,LK,Panthers Wroclaw,Leipzig Kings,9/5/2021,Leipzig,Alfred-Kunze-Sportp.,14:45,17:30,Y,02:45,2168,17 degr.,SE7,cloudy,W. Ratajczak,B. Hansen,K. Haltermann,F. Pachulski,P. Simon,S. Hameder,V. Krisman,LK,1,10,PW15,"H,1,10,V15","19,3,180",pat,NA,"PAT:K,18,M",M. Ulbrich kick attempt failed.,"H,1,0,H35",0,NA,NA,0,21,13,19,H,LK,"FUMB,4,01:53,72","TD,4,01:45,100",1,28,0:08,FUMB,4,01:53,PW28,TD,4,01:45,PW00,NA
2021_12_PW_LK,PW,LK,Panthers Wroclaw,Leipzig Kings,9/5/2021,Leipzig,Alfred-Kunze-Sportp.,14:45,17:30,Y,02:45,2168,17 degr.,SE7,cloudy,W. Ratajczak,B. Hansen,K. Haltermann,F. Pachulski,P. Simon,S. Hameder,V. Krisman,LK,1,0,LK35,"H,1,0,H35","19,4,181",kick_off,NA,"KO:18,H43 RET:88,H43","M. Ulbrich kickoff 8 yards to the LK43, M. Wojakiewicz return 0 yards to the LK43.","V,1,10,H43",0,NA,NA,0,21,13,19,H,LK,"FUMB,4,01:53,72","TD,4,01:45,100",1,28,0:08,FUMB,4,01:53,PW28,TD,4,01:45,PW00,NA
2021_12_PW_LK,PW,LK,Panthers Wroclaw,Leipzig Kings,9/5/2021,Leipzig,Alfred-Kunze-Sportp.,14:45,17:30,Y,02:45,2168,17 degr.,SE7,cloudy,W. Ratajczak,B. Hansen,K. Haltermann,F. Pachulski,P. Simon,S. Hameder,V. Krisman,PW,1,10,LK43,"V,1,10,H43","20,1,182",NA,01:45,{DRIVE}:01:45,PANTHERS WROCLAW drive start at 01:45.,"V,1,10,H43",0,NA,NA,0,21,13,20,V,PW,"KO,4,01:45,57","HALF,4,00:00,66",3,9,1:45,KO,4,01:45,LK43,HALF,4,00:00,LK34,NA
2021_12_PW_LK,PW,LK,Panthers Wroclaw,Leipzig Kings,9/5/2021,Leipzig,Alfred-Kunze-Sportp.,14:45,17:30,Y,02:45,2168,17 degr.,SE7,cloudy,W. Ratajczak,B. Hansen,K. Haltermann,F. Pachulski,P. Simon,S. Hameder,V. Krisman,PW,1,10,LK43,"V,1,10,H43","20,2,183",penalty,NA,"PEN:V,12,A,2,H48,N",PENALTY PW 12 men on the field (L. O'Connor) 5 yards to the LK48.,"V,1,15,H48",0,NA,NA,0,21,13,20,V,PW,"KO,4,01:45,57","HALF,4,00:00,66",3,9,1:45,KO,4,01:45,LK43,HALF,4,00:00,LK34,NA
2021_12_PW_LK,PW,LK,Panthers Wroclaw,Leipzig Kings,9/5/2021,Leipzig,Alfred-Kunze-Sportp.,14:45,17:30,Y,02:45,2168,17 degr.,SE7,cloudy,W. Ratajczak,B. Hansen,K. Haltermann,F. Pachulski,P. Simon,S. Hameder,V. Krisman,PW,1,15,LK48,"V,1,15,H48","20,3,184",rush,NA,"RUSH:25,H44, TACK:40",P. Pasqualini rush for 4 yards to the LK44 (O. Rohnebak).,"V,2,11,H44",0,NA,NA,0,21,13,20,V,PW,"KO,4,01:45,57","HALF,4,00:00,66",3,9,1:45,KO,4,01:45,LK43,HALF,4,00:00,LK34,NA
2021_12_PW_LK,PW,LK,Panthers Wroclaw,Leipzig Kings,9/5/2021,Leipzig,Alfred-Kunze-Sportp.,14:45,17:30,Y,02:45,2168,17 degr.,SE7,cloudy,W. Ratajczak,B. Hansen,K. Haltermann,F. Pachulski,P. Simon,S. Hameder,V. Krisman,PW,2,11,LK44,"V,2,11,H44","20,4,185",NA,01:37,TOUT:H T:01:37,"Timeout Leipzig Kings, clock 01:37.","V,2,11,H44",0,NA,NA,0,21,13,20,V,PW,"KO,4,01:45,57","HALF,4,00:00,66",3,9,1:45,KO,4,01:45,LK43,HALF,4,00:00,LK34,NA
2021_12_PW_LK,PW,LK,Panthers Wroclaw,Leipzig Kings,9/5/2021,Leipzig,Alfred-Kunze-Sportp.,14:45,17:30,Y,02:45,2168,17 degr.,SE7,cloudy,W. Ratajczak,B. Hansen,K. Haltermann,F. Pachulski,P. Simon,S. Hameder,V. Krisman,PW,2,11,LK44,"V,2,11,H44","20,5,186",rush,NA,"RUSH:25,H39, TACK:90",P. Pasqualini rush for 5 yards to the LK39 (D. Thiele).,"V,3,6,H39",0,NA,NA,0,21,13,20,V,PW,"KO,4,01:45,57","HALF,4,00:00,66",3,9,1:45,KO,4,01:45,LK43,HALF,4,00:00,LK34,NA
2021_12_PW_LK,PW,LK,Panthers Wroclaw,Leipzig Kings,9/5/2021,Leipzig,Alfred-Kunze-Sportp.,14:45,17:30,Y,02:45,2168,17 degr.,SE7,cloudy,W. Ratajczak,B. Hansen,K. Haltermann,F. Pachulski,P. Simon,S. Hameder,V. Krisman,PW,3,6,LK39,"V,3,6,H39","20,6,187",rush,NA,"RUSH:25,H34, TACK:92",P. Pasqualini rush for 5 yards to the LK34 (A. Zetterberg).,"V,4,1,H34",0,NA,NA,0,21,13,20,V,PW,"KO,4,01:45,57","HALF,4,00:00,66",3,9,1:45,KO,4,01:45,LK43,HALF,4,00:00,LK34,NA
2021_12_PW_LK,PW,LK,Panthers Wroclaw,Leipzig Kings,9/5/2021,Leipzig,Alfred-Kunze-Sportp.,14:45,17:30,Y,02:45,2168,17 degr.,SE7,cloudy,W. Ratajczak,B. Hansen,K. Haltermann,F. Pachulski,P. Simon,S. Hameder,V. Krisman,PW,4,1,LK34,"V,4,1,H34","20,7,188",NA,00:00,HALF: T:00:00,"End of game, clock 00:00.","V,4,1,H34",0,NA,NA,0,21,13,20,V,PW,"KO,4,01:45,57","HALF,4,00:00,66",3,9,1:45,KO,4,01:45,LK43,HALF,4,00:00,LK34,NA
