game_id,away_team_id,home_team_id,away_team,home_team,date,location,stadium,start,end,leaguegame,nitegame,duration,attend,temp,wind,weather,ref,ump,line,lj,bj,fj,sj,cj,alt,posteam,down,togo,spot,context,play_id,tokens,desc,newcontext,play_type,first_down_with,oob,score,away_score_post,home_score_post,clock,turnover,drive_number,drive_vh,drive_team,drive_start,drive_end,drive_plays,drive_yards,drive_top,drive_start_how,drive_start_qtr,drive_start_time,drive_start_spot,drive_end_how,drive_end_qtr,drive_end_time,drive_end_spot,drive_rz
2021_06_BT_BD,BT,BD,Berlin Thunder,Barcelona Dragons,7/24/2021,Reus,Estadio municipal,19:00,NA,Y,Y,NA,0,29c,NA,Sunny,R.Miras,D.Clemence,"J,Fernandez",K.Haltermann,A.Valverde,M.Hoffmann,P.Simon,J.Lanz,J.Lanz,BT,1,10,BT35,"V,1,10,V35","0,1,0","CMT:BD wins toss, elects to kick, BT to defend E goal","BD wins toss, elects to kick, BT to defend E goal","V,1,10,V35",NA,NA,0,0,0,0,NA,NA,0,NA,NA,NA,NA,NA,NA,NA,NA,NA,NA,NA,NA,NA,NA,NA,NA
2021_06_BT_BD,BT,BD,Berlin Thunder,Barcelona Dragons,7/24/2021,Reus,Estadio municipal,19:00,NA,Y,Y,NA,0,29c,NA,Sunny,R.Miras,D.Clemence,"J,Fernandez",K.Haltermann,A.Valverde,M.Hoffmann,P.Simon,J.Lanz,J.Lanz,BT,1,10,BT35,"V,1,10,V35","0,2,2","SPOT:V,V35,N",BT ball on BT35.,"V,1,10,V35",NA,NA,0,0,0,0,NA,NA,0,NA,NA,NA,NA,NA,NA,NA,NA,NA,NA,NA,NA,NA,NA,NA,NA
2021_06_BT_BD,BT,BD,Berlin Thunder,Barcelona Dragons,7/24/2021,Reus,Estadio municipal,19:00,NA,Y,Y,NA,0,29c,NA,Sunny,R.Miras,D.Clemence,"J,Fernandez",K.Haltermann,A.Valverde,M.Hoffmann,P.Simon,J.Lanz,J.Lanz,BT,1,10,BT35,"V,1,10,V35","0,3,3","KO:26,V05 RET:5,V19 TACK:43,15","J. Schenderlein kickoff -30 yards to the BT5, J. Constant return -14 yards to the BT19 (J. Schmarmer;M. Thiele).","H,1,10,V19",kick_off,NA,0,0,0,0,NA,NA,0,NA,NA,NA,NA,NA,NA,NA,NA,NA,NA,NA,NA,NA,NA,NA,NA
2021_06_BT_BD,BT,BD,Berlin Thunder,Barcelona Dragons,7/24/2021,Reus,Estadio municipal,19:00,NA,Y,Y,NA,0,29c,NA,Sunny,R.Miras,D.Clemence,"J,Fernandez",K.Haltermann,A.Valverde,M.Hoffmann,P.Simon,J.Lanz,J.Lanz,BD,1,10,BT19,"H,1,10,V19","1,1,4","RUSH:21,V17, TACK:22",A. Monton rush for 2 yards to the BT17 (L. Achaintre).,"H,2,8,V17",rush,NA,0,0,0,0,NA,NA,1,H,BD,"KO,1,15:00,81","TD,1,12:59,100",5,19,2:01,KO,1,15:00,BT19,TD,1,12:59,BT00,1
2021_06_BT_BD,BT,BD,Berlin Thunder,Barcelona Dragons,7/24/2021,Reus,Estadio municipal,19:00,NA,Y,Y,NA,0,29c,NA,Sunny,R.Miras,D.Clemence,"J,Fernandez",K.Haltermann,A.Valverde,M.Hoffmann,P.Simon,J.Lanz,J.Lanz,BD,2,8,BT17,"H,2,8,V17","1,2,5","PASS:1,I,5,*",Z. Edwards pass incomplete to J. Constant.,"H,3,8,V17",pass,NA,0,0,0,0,NA,NA,1,H,BD,"KO,1,15:00,81","TD,1,12:59,100",5,19,2:01,KO,1,15:00,BT19,TD,1,12:59,BT00,1
2021_06_BT_BD,BT,BD,Berlin Thunder,Barcelona Dragons,7/24/2021,Reus,Estadio municipal,19:00,NA,Y,Y,NA,0,29c,NA,Sunny,R.Miras,D.Clemence,"J,Fernandez",K.Haltermann,A.Valverde,M.Hoffmann,P.Simon,J.Lanz,J.Lanz,BD,3,8,BT17,"H,3,8,V17","1,3,7","PASS:1,C,5,V03 OB: TACK:15","Z. Edwards pass complete to J. Constant for 14 yards to the BT3, 1ST DOWN BD, out-of-bounds (M. Thiele).","H,1,0,V03",pass,pass,1,0,0,0,NA,NA,1,H,BD,"KO,1,15:00,81","TD,1,12:59,100",5,19,2:01,KO,1,15:00,BT19,TD,1,12:59,BT00,1
2021_06_BT_BD,BT,BD,Berlin Thunder,Barcelona Dragons,7/24/2021,Reus,Estadio municipal,19:00,NA,Y,Y,NA,0,29c,NA,Sunny,R.Miras,D.Clemence,"J,Fernandez",K.Haltermann,A.Valverde,M.Hoffmann,P.Simon,J.Lanz,J.Lanz,BD,1,0,BT03,"H,1,0,V03","1,4,8","PEN:H,FS,A,TM,V08,N",PENALTY BD false start 5 yards to the BT8.,"H,1,0,V08",penalty,NA,0,0,0,0,NA,NA,1,H,BD,"KO,1,15:00,81","TD,1,12:59,100",5,19,2:01,KO,1,15:00,BT19,TD,1,12:59,BT00,1
2021_06_BT_BD,BT,BD,Berlin Thunder,Barcelona Dragons,7/24/2021,Reus,Estadio municipal,19:00,NA,Y,Y,NA,0,29c,NA,Sunny,R.Miras,D.Clemence,"J,Fernandez",K.Haltermann,A.Valverde,M.Hoffmann,P.Simon,J.Lanz,J.Lanz,BD,1,0,BT08,"H,1,0,V08","1,5,9","PASS:1,I,5,*",Z. Edwards pass incomplete to J. Constant.,"H,2,0,V08",pass,NA,0,0,0,0,NA,NA,1,H,BD,"KO,1,15:00,81","TD,1,12:59,100",5,19,2:01,KO,1,15:00,BT19,TD,1,12:59,BT00,1
2021_06_BT_BD,BT,BD,Berlin Thunder,Barcelona Dragons,7/24/2021,Reus,Estadio municipal,19:00,NA,Y,Y,NA,0,29c,NA,Sunny,R.Miras,D.Clemence,"J,Fernandez",K.Haltermann,A.Valverde,M.Hoffmann,P.Simon,J.Lanz,J.Lanz,BD,2,0,BT08,"H,2,0,V08","1,6,10","PASS:1,C,4,V00 T:12:59","Z. Edwards pass complete to R. Bertellin for 8 yards to the BT0, TOUCHDOWN, clock 12:59.","H,1,0,V03",pass,NA,0,1,0,6,12:59,NA,1,H,BD,"KO,1,15:00,81","TD,1,12:59,100",5,19,2:01,KO,1,15:00,BT19,TD,1,12:59,BT00,1
2021_06_BT_BD,BT,BD,Berlin Thunder,Barcelona Dragons,7/24/2021,Reus,Estadio municipal,19:00,NA,Y,Y,NA,0,29c,NA,Sunny,R.Miras,D.Clemence,"J,Fernandez",K.Haltermann,A.Valverde,M.Hoffmann,P.Simon,J.Lanz,J.Lanz,BD,1,0,BT03,"H,1,0,V03","1,7,11","PAT:K,8,G",G.Tavecchio kick attempt good.,"H,1,0,H35",pat,NA,0,1,0,7,NA,NA,1,H,BD,"KO,1,15:00,81","TD,1,12:59,100",5,19,2:01,KO,1,15:00,BT19,TD,1,12:59,BT00,1
2021_06_BT_BD,BT,BD,Berlin Thunder,Barcelona Dragons,7/24/2021,Reus,Estadio municipal,19:00,NA,Y,Y,NA,0,29c,NA,Sunny,R.Miras,D.Clemence,"J,Fernandez",K.Haltermann,A.Valverde,M.Hoffmann,P.Simon,J.Lanz,J.Lanz,BD,1,0,BD35,"H,1,0,H35","1,8,12","KO:8,H00 TB:","G.Tavecchio kickoff -35 yards to the BD0, touchback.","V,1,10,V25",kick_off,NA,0,0,0,7,NA,NA,1,H,BD,"KO,1,15:00,81","TD,1,12:59,100",5,19,2:01,KO,1,15:00,BT19,TD,1,12:59,BT00,1
2021_06_BT_BD,BT,BD,Berlin Thunder,Barcelona Dragons,7/24/2021,Reus,Estadio municipal,19:00,NA,Y,Y,NA,0,29c,NA,Sunny,R.Miras,D.Clemence,"J,Fernandez",K.Haltermann,A.Valverde,M.Hoffmann,P.Simon,J.Lanz,J.Lanz,BT,1,10,BT25,"V,1,10,V25","2,1,13",{DRIVE}:12:25,BERLIN THUNDER drive start at 12:25.,"V,1,10,V25",NA,NA,0,0,0,7,12:25,NA,2,V,BT,"KO,1,12:25,25","TD,1,11:51,100",3,75,0:34,KO,1,12:25,BT25,TD,1,11:51,BD00,1
2021_06_BT_BD,BT,BD,Berlin Thunder,Barcelona Dragons,7/24/2021,Reus,Estadio municipal,19:00,NA,Y,Y,NA,0,29c,NA,Sunny,R.Miras,D.Clemence,"J,Fernandez",K.Haltermann,A.Valverde,M.Hoffmann,P.Simon,J.Lanz,J.Lanz,BT,1,10,BT25,"V,1,10,V25","2,2,14","RUSH:11,V34, TACK:TM",B. Zerbe rush for 9 yards to the BT34 (Team).,"V,2,1,V34",rush,NA,0,0,0,7,NA,NA,2,V,BT,"KO,1,12:25,25","TD,1,11:51,100",3,75,0:34,KO,1,12:25,BT25,TD,1,11:51,BD00,1
2021_06_BT_BD,BT,BD,Berlin Thunder,Barcelona Dragons,7/24/2021,Reus,Estadio municipal,19:00,NA,Y,Y,NA,0,29c,NA,Sunny,R.Miras,D.Clemence,"J,Fernandez",K.Haltermann,A.Valverde,M.Hoffmann,P.Simon,J.Lanz,J.Lanz,BT,2,1,BT34,"V,2,1,V34","2,3,15","RUSH:1,H11, OB: TACK:20","J. Crawford rush for 55 yards to the BD11, 1ST DOWN BT, out-of-bounds (L. Masero).","V,1,10,H11",rush,rush,1,0,0,7,NA,NA,2,V,BT,"KO,1,12:25,25","TD,1,11:51,100",3,75,0:34,KO,1,12:25,BT25,TD,1,11:51,BD00,1
2021_06_BT_BD,BT,BD,Berlin Thunder,Barcelona Dragons,7/24/2021,Reus,Estadio municipal,19:00,NA,Y,Y,NA,0,29c,NA,Sunny,R.Miras,D.Clemence,"J,Fernandez",K.Haltermann,A.Valverde,M.Hoffmann,P.Simon,J.Lanz,J.Lanz,BT,1,10,BD11,"V,1,10,H11","2,4,16","PASS:11,C,7,H00 T:11:51","B. Zerbe pass complete to S. Jones for 11 yards to the BD0, 1ST DOWN BT, TOUCHDOWN, clock 11:51.","V,1,0,H03",pass,pass,0,1,6,7,11:51,NA,2,V,BT,"KO,1,12:25,25","TD,1,11:51,100",3,75,0:34,KO,1,12:25,BT25,TD,1,11:51,BD00,1
2021_06_BT_BD,BT,BD,Berlin Thunder,Barcelona Dragons,7/24/2021,Reus,Estadio municipal,19:00,NA,Y,Y,NA,0,29c,NA,Sunny,R.Miras,D.Clemence,"J,Fernandez",K.Haltermann,A.Valverde,M.Hoffmann,P.Simon,J.Lanz,J.Lanz,BT,1,0,BD03,"V,1,0,H03","2,5,17","PAT:K,26,N",J. Schenderlein kick attempt failed.,"V,1,0,V35",pat,NA,0,0,6,7,NA,NA,2,V,BT,"KO,1,12:25,25","TD,1,11:51,100",3,75,0:34,KO,1,12:25,BT25,TD,1,11:51,BD00,1
2021_06_BT_BD,BT,BD,Berlin Thunder,Barcelona Dragons,7/24/2021,Reus,Estadio municipal,19:00,NA,Y,Y,NA,0,29c,NA,Sunny,R.Miras,D.Clemence,"J,Fernandez",K.Haltermann,A.Valverde,M.Hoffmann,P.Simon,J.Lanz,J.Lanz,BT,1,0,BT35,"V,1,0,V35","2,6,18","KO:26,H01 RET:5,H32 TACK:85,22","J. Schenderlein kickoff 64 yards to the BD1, J. Constant return 31 yards to the BD32 (N. Schumann;L. Achaintre).","H,1,10,H32",kick_off,NA,0,0,6,7,NA,NA,2,V,BT,"KO,1,12:25,25","TD,1,11:51,100",3,75,0:34,KO,1,12:25,BT25,TD,1,11:51,BD00,1
2021_06_BT_BD,BT,BD,Berlin Thunder,Barcelona Dragons,7/24/2021,Reus,Estadio municipal,19:00,NA,Y,Y,NA,0,29c,NA,Sunny,R.Miras,D.Clemence,"J,Fernandez",K.Haltermann,A.Valverde,M.Hoffmann,P.Simon,J.Lanz,J.Lanz,BD,1,10,BD32,"H,1,10,H32","3,1,19",{DRIVE}:11:51,BARCELONA DRAGONS drive start at 11:51.,"H,1,10,H32",NA,NA,0,0,6,7,11:51,NA,3,H,BD,"KO,1,11:51,32","PUNT,1,06:33,46",6,14,5:18,KO,1,11:51,BD32,PUNT,1,06:33,BD46,NA
2021_06_BT_BD,BT,BD,Berlin Thunder,Barcelona Dragons,7/24/2021,Reus,Estadio municipal,19:00,NA,Y,Y,NA,0,29c,NA,Sunny,R.Miras,D.Clemence,"J,Fernandez",K.Haltermann,A.Valverde,M.Hoffmann,P.Simon,J.Lanz,J.Lanz,BD,1,10,BD32,"H,1,10,H32","3,2,20","PEN:H,ID,A,TM,H27,N",PENALTY BD ineligible downfield on pass 5 yards to the BD27.,"H,1,15,H27",penalty,NA,0,0,6,7,NA,NA,3,H,BD,"KO,1,11:51,32","PUNT,1,06:33,46",6,14,5:18,KO,1,11:51,BD32,PUNT,1,06:33,BD46,NA
2021_06_BT_BD,BT,BD,Berlin Thunder,Barcelona Dragons,7/24/2021,Reus,Estadio municipal,19:00,NA,Y,Y,NA,0,29c,NA,Sunny,R.Miras,D.Clemence,"J,Fernandez",K.Haltermann,A.Valverde,M.Hoffmann,P.Simon,J.Lanz,J.Lanz,BD,1,15,BD27,"H,1,15,H27","3,3,21","PASS:1,C,21,H32 OB: TACK:31,44","Z. Edwards pass complete to A. Monton for 5 yards to the BD32, out-of-bounds (L. Pekkarinen;M. Steffen).","H,2,10,H32",pass,NA,1,0,6,7,NA,NA,3,H,BD,"KO,1,11:51,32","PUNT,1,06:33,46",6,14,5:18,KO,1,11:51,BD32,PUNT,1,06:33,BD46,NA
2021_06_BT_BD,BT,BD,Berlin Thunder,Barcelona Dragons,7/24/2021,Reus,Estadio municipal,19:00,NA,Y,Y,NA,0,29c,NA,Sunny,R.Miras,D.Clemence,"J,Fernandez",K.Haltermann,A.Valverde,M.Hoffmann,P.Simon,J.Lanz,J.Lanz,BD,2,10,BD32,"H,2,10,H32","3,4,22","PASS:1,I,4,*",Z. Edwards pass incomplete to R. Bertellin.,"H,3,10,H32",pass,NA,0,0,6,7,NA,NA,3,H,BD,"KO,1,11:51,32","PUNT,1,06:33,46",6,14,5:18,KO,1,11:51,BD32,PUNT,1,06:33,BD46,NA
2021_06_BT_BD,BT,BD,Berlin Thunder,Barcelona Dragons,7/24/2021,Reus,Estadio municipal,19:00,NA,Y,Y,NA,0,29c,NA,Sunny,R.Miras,D.Clemence,"J,Fernandez",K.Haltermann,A.Valverde,M.Hoffmann,P.Simon,J.Lanz,J.Lanz,BD,3,10,BD32,"H,3,10,H32","3,5,23","PASS:1,C,5,H42 OB: TACK:31","Z. Edwards pass complete to J. Constant for 10 yards to the BD42, 1ST DOWN BD, out-of-bounds (L. Pekkarinen).","H,1,10,H42",pass,pass,1,0,6,7,NA,NA,3,H,BD,"KO,1,11:51,32","PUNT,1,06:33,46",6,14,5:18,KO,1,11:51,BD32,PUNT,1,06:33,BD46,NA
2021_06_BT_BD,BT,BD,Berlin Thunder,Barcelona Dragons,7/24/2021,Reus,Estadio municipal,19:00,NA,Y,Y,NA,0,29c,NA,Sunny,R.Miras,D.Clemence,"J,Fernandez",K.Haltermann,A.Valverde,M.Hoffmann,P.Simon,J.Lanz,J.Lanz,BD,1,10,BD42,"H,1,10,H42","3,6,24","PASS:1,I,4,* BRUP:15",Z. Edwards pass incomplete to R. Bertellin (M. Thiele).,"H,2,10,H42",pass,NA,0,0,6,7,NA,NA,3,H,BD,"KO,1,11:51,32","PUNT,1,06:33,46",6,14,5:18,KO,1,11:51,BD32,PUNT,1,06:33,BD46,NA
2021_06_BT_BD,BT,BD,Berlin Thunder,Barcelona Dragons,7/24/2021,Reus,Estadio municipal,19:00,NA,Y,Y,NA,0,29c,NA,Sunny,R.Miras,D.Clemence,"J,Fernandez",K.Haltermann,A.Valverde,M.Hoffmann,P.Simon,J.Lanz,J.Lanz,BD,2,10,BD42,"H,2,10,H42","3,7,25","PASS:1,C,5,H43 TACK:22",Z. Edwards pass complete to J. Constant for 1 yard to the BD43 (L. Achaintre).,"H,3,9,H43",pass,NA,0,0,6,7,NA,NA,3,H,BD,"KO,1,11:51,32","PUNT,1,06:33,46",6,14,5:18,KO,1,11:51,BD32,PUNT,1,06:33,BD46,NA
2021_06_BT_BD,BT,BD,Berlin Thunder,Barcelona Dragons,7/24/2021,Reus,Estadio municipal,19:00,NA,Y,Y,NA,0,29c,NA,Sunny,R.Miras,D.Clemence,"J,Fernandez",K.Haltermann,A.Valverde,M.Hoffmann,P.Simon,J.Lanz,J.Lanz,BD,3,9,BD43,"H,3,9,H43","3,8,26","RUSH:1,H46, TACK:91",Z. Edwards rush for 3 yards to the BD46 (A. Odeleye).,"H,4,6,H46",rush,NA,0,0,6,7,NA,NA,3,H,BD,"KO,1,11:51,32","PUNT,1,06:33,46",6,14,5:18,KO,1,11:51,BD32,PUNT,1,06:33,BD46,NA
2021_06_BT_BD,BT,BD,Berlin Thunder,Barcelona Dragons,7/24/2021,Reus,Estadio municipal,19:00,NA,Y,Y,NA,0,29c,NA,Sunny,R.Miras,D.Clemence,"J,Fernandez",K.Haltermann,A.Valverde,M.Hoffmann,P.Simon,J.Lanz,J.Lanz,BD,4,6,BD46,"H,4,6,H46","3,9,27",TOUT:V T:09:25,"Timeout Berlin Thunder, clock 09:25.","H,4,6,H46",NA,NA,0,0,6,7,09:25,NA,3,H,BD,"KO,1,11:51,32","PUNT,1,06:33,46",6,14,5:18,KO,1,11:51,BD32,PUNT,1,06:33,BD46,NA
2021_06_BT_BD,BT,BD,Berlin Thunder,Barcelona Dragons,7/24/2021,Reus,Estadio municipal,19:00,NA,Y,Y,NA,0,29c,NA,Sunny,R.Miras,D.Clemence,"J,Fernandez",K.Haltermann,A.Valverde,M.Hoffmann,P.Simon,J.Lanz,J.Lanz,BD,4,6,BD46,"H,4,6,H46","3,10,28","PUNT:18,V08 RET:88,V08 TACK:22 PEN:H,KI,A,22,V25,N D:1,10 SPOT:V,V25,Y","C. Manser punt 46 yards to the BT8, 88 return 0 yards to the BT8 (L.Frecha), PENALTY BD kick catching interference (L.Frecha) 17 yards to the BT25, 1st and 10, BT ball on BT25.","V,1,10,V25",punt,NA,0,0,6,7,NA,NA,3,H,BD,"KO,1,11:51,32","PUNT,1,06:33,46",6,14,5:18,KO,1,11:51,BD32,PUNT,1,06:33,BD46,NA
2021_06_BT_BD,BT,BD,Berlin Thunder,Barcelona Dragons,7/24/2021,Reus,Estadio municipal,19:00,NA,Y,Y,NA,0,29c,NA,Sunny,R.Miras,D.Clemence,"J,Fernandez",K.Haltermann,A.Valverde,M.Hoffmann,P.Simon,J.Lanz,J.Lanz,BT,1,10,BT25,"V,1,10,V25","4,1,29",{DRIVE}:06:33,BERLIN THUNDER drive start at 06:33.,"V,1,10,V25",NA,NA,0,0,6,7,06:33,NA,4,V,BT,"PUNT,1,06:33,25","PUNT,1,06:10,31",4,6,0:23,PUNT,1,06:33,BT25,PUNT,1,06:10,BT31,NA
2021_06_BT_BD,BT,BD,Berlin Thunder,Barcelona Dragons,7/24/2021,Reus,Estadio municipal,19:00,NA,Y,Y,NA,0,29c,NA,Sunny,R.Miras,D.Clemence,"J,Fernandez",K.Haltermann,A.Valverde,M.Hoffmann,P.Simon,J.Lanz,J.Lanz,BT,1,10,BT25,"V,1,10,V25","4,2,30","RUSH:7,V36, TACK:27,3","S. Jones rush for 11 yards to the BT36, 1ST DOWN BT (A. Vera;A. Jimenez).","V,1,10,V36",rush,rush,0,0,6,7,NA,NA,4,V,BT,"PUNT,1,06:33,25","PUNT,1,06:10,31",4,6,0:23,PUNT,1,06:33,BT25,PUNT,1,06:10,BT31,NA
2021_06_BT_BD,BT,BD,Berlin Thunder,Barcelona Dragons,7/24/2021,Reus,Estadio municipal,19:00,NA,Y,Y,NA,0,29c,NA,Sunny,R.Miras,D.Clemence,"J,Fernandez",K.Haltermann,A.Valverde,M.Hoffmann,P.Simon,J.Lanz,J.Lanz,BT,1,10,BT36,"V,1,10,V36","4,3,31","PASS:11,C,1,V35 TACK:10",B. Zerbe pass complete to J. Crawford for loss of 1 yard to the BT35 (C. Brugnani).,"V,2,11,V35",pass,NA,0,0,6,7,NA,NA,4,V,BT,"PUNT,1,06:33,25","PUNT,1,06:10,31",4,6,0:23,PUNT,1,06:33,BT25,PUNT,1,06:10,BT31,NA
2021_06_BT_BD,BT,BD,Berlin Thunder,Barcelona Dragons,7/24/2021,Reus,Estadio municipal,19:00,NA,Y,Y,NA,0,29c,NA,Sunny,R.Miras,D.Clemence,"J,Fernandez",K.Haltermann,A.Valverde,M.Hoffmann,P.Simon,J.Lanz,J.Lanz,BT,2,11,BT35,"V,2,11,V35","4,4,32","PASS:11,S,TM,V26 SACK:90",B. Zerbe sacked for loss of 9 yards to the BT26 (A. Fernandez).,"V,3,20,V26",pass,NA,0,0,6,7,NA,NA,4,V,BT,"PUNT,1,06:33,25","PUNT,1,06:10,31",4,6,0:23,PUNT,1,06:33,BT25,PUNT,1,06:10,BT31,NA
2021_06_BT_BD,BT,BD,Berlin Thunder,Barcelona Dragons,7/24/2021,Reus,Estadio municipal,19:00,NA,Y,Y,NA,0,29c,NA,Sunny,R.Miras,D.Clemence,"J,Fernandez",K.Haltermann,A.Valverde,M.Hoffmann,P.Simon,J.Lanz,J.Lanz,BT,3,20,BT26,"V,3,20,V26","4,5,33",TOUT:V T:06:20,"Timeout Berlin Thunder, clock 06:20.","V,3,20,V26",NA,NA,0,0,6,7,06:20,NA,4,V,BT,"PUNT,1,06:33,25","PUNT,1,06:10,31",4,6,0:23,PUNT,1,06:33,BT25,PUNT,1,06:10,BT31,NA
2021_06_BT_BD,BT,BD,Berlin Thunder,Barcelona Dragons,7/24/2021,Reus,Estadio municipal,19:00,NA,Y,Y,NA,0,29c,NA,Sunny,R.Miras,D.Clemence,"J,Fernandez",K.Haltermann,A.Valverde,M.Hoffmann,P.Simon,J.Lanz,J.Lanz,BT,3,20,BT26,"V,3,20,V26","4,6,34","RUSH:11,V31, TACK:73",B. Zerbe rush for 5 yards to the BT31 (S. Bowen).,"V,4,15,V31",rush,NA,0,0,6,7,NA,NA,4,V,BT,"PUNT,1,06:33,25","PUNT,1,06:10,31",4,6,0:23,PUNT,1,06:33,BT25,PUNT,1,06:10,BT31,NA
2021_06_BT_BD,BT,BD,Berlin Thunder,Barcelona Dragons,7/24/2021,Reus,Estadio municipal,19:00,NA,Y,Y,NA,0,29c,NA,Sunny,R.Miras,D.Clemence,"J,Fernandez",K.Haltermann,A.Valverde,M.Hoffmann,P.Simon,J.Lanz,J.Lanz,BT,4,15,BT31,"V,4,15,V31","4,7,35","PUNT:14,H41 RET:5,V27 OB: TACK:91","K. Hummel punt 28 yards to the BD41, J. Constant return 32 yards to the BT27, out-of-bounds (A. Odeleye).","H,1,10,V27",punt,NA,1,0,6,7,NA,NA,4,V,BT,"PUNT,1,06:33,25","PUNT,1,06:10,31",4,6,0:23,PUNT,1,06:33,BT25,PUNT,1,06:10,BT31,NA
2021_06_BT_BD,BT,BD,Berlin Thunder,Barcelona Dragons,7/24/2021,Reus,Estadio municipal,19:00,NA,Y,Y,NA,0,29c,NA,Sunny,R.Miras,D.Clemence,"J,Fernandez",K.Haltermann,A.Valverde,M.Hoffmann,P.Simon,J.Lanz,J.Lanz,BD,1,10,BT27,"H,1,10,V27","5,1,36",{DRIVE}:06:10,BARCELONA DRAGONS drive start at 06:10.,"H,1,10,V27",NA,NA,0,0,6,7,06:10,NA,5,H,BD,"PUNT,1,06:10,73","TD,1,03:19,100",5,27,2:51,PUNT,1,06:10,BT27,TD,1,03:19,BT00,1
2021_06_BT_BD,BT,BD,Berlin Thunder,Barcelona Dragons,7/24/2021,Reus,Estadio municipal,19:00,NA,Y,Y,NA,0,29c,NA,Sunny,R.Miras,D.Clemence,"J,Fernandez",K.Haltermann,A.Valverde,M.Hoffmann,P.Simon,J.Lanz,J.Lanz,BD,1,10,BT27,"H,1,10,V27","5,2,37","RUSH:3,V22, TACK:52",A. Jimenez rush for 5 yards to the BT22 (W. Nasri).,"H,2,5,V22",rush,NA,0,0,6,7,NA,NA,5,H,BD,"PUNT,1,06:10,73","TD,1,03:19,100",5,27,2:51,PUNT,1,06:10,BT27,TD,1,03:19,BT00,1
2021_06_BT_BD,BT,BD,Berlin Thunder,Barcelona Dragons,7/24/2021,Reus,Estadio municipal,19:00,NA,Y,Y,NA,0,29c,NA,Sunny,R.Miras,D.Clemence,"J,Fernandez",K.Haltermann,A.Valverde,M.Hoffmann,P.Simon,J.Lanz,J.Lanz,BD,2,5,BT22,"H,2,5,V22","5,3,38","PASS:1,C,15,V15 TACK:52,29","Z. Edwards pass complete to M. Flores for 7 yards to the BT15, 1ST DOWN BD (W. Nasri;29).","H,1,10,V15",pass,pass,0,0,6,7,NA,NA,5,H,BD,"PUNT,1,06:10,73","TD,1,03:19,100",5,27,2:51,PUNT,1,06:10,BT27,TD,1,03:19,BT00,1
2021_06_BT_BD,BT,BD,Berlin Thunder,Barcelona Dragons,7/24/2021,Reus,Estadio municipal,19:00,NA,Y,Y,NA,0,29c,NA,Sunny,R.Miras,D.Clemence,"J,Fernandez",K.Haltermann,A.Valverde,M.Hoffmann,P.Simon,J.Lanz,J.Lanz,BD,1,10,BT15,"H,1,10,V15","5,4,39","RUSH:3,V12, TACK:52,96",A. Jimenez rush for 3 yards to the BT12 (W. Nasri;M. Behm).,"H,2,7,V12",rush,NA,0,0,6,7,NA,NA,5,H,BD,"PUNT,1,06:10,73","TD,1,03:19,100",5,27,2:51,PUNT,1,06:10,BT27,TD,1,03:19,BT00,1
2021_06_BT_BD,BT,BD,Berlin Thunder,Barcelona Dragons,7/24/2021,Reus,Estadio municipal,19:00,NA,Y,Y,NA,0,29c,NA,Sunny,R.Miras,D.Clemence,"J,Fernandez",K.Haltermann,A.Valverde,M.Hoffmann,P.Simon,J.Lanz,J.Lanz,BD,2,7,BT12,"H,2,7,V12","5,5,40","RUSH:3,V08, TACK:22",A. Jimenez rush for 4 yards to the BT8 (L. Achaintre).,"H,3,3,V08",rush,NA,0,0,6,7,NA,NA,5,H,BD,"PUNT,1,06:10,73","TD,1,03:19,100",5,27,2:51,PUNT,1,06:10,BT27,TD,1,03:19,BT00,1
2021_06_BT_BD,BT,BD,Berlin Thunder,Barcelona Dragons,7/24/2021,Reus,Estadio municipal,19:00,NA,Y,Y,NA,0,29c,NA,Sunny,R.Miras,D.Clemence,"J,Fernandez",K.Haltermann,A.Valverde,M.Hoffmann,P.Simon,J.Lanz,J.Lanz,BD,3,3,BT08,"H,3,3,V08","5,6,41","PASS:1,C,15,V00 T:03:19","Z. Edwards pass complete to M. Flores for 8 yards to the BT0, 1ST DOWN BD, TOUCHDOWN, clock 03:19.","H,1,0,V03",pass,pass,0,1,6,13,03:19,NA,5,H,BD,"PUNT,1,06:10,73","TD,1,03:19,100",5,27,2:51,PUNT,1,06:10,BT27,TD,1,03:19,BT00,1
2021_06_BT_BD,BT,BD,Berlin Thunder,Barcelona Dragons,7/24/2021,Reus,Estadio municipal,19:00,NA,Y,Y,NA,0,29c,NA,Sunny,R.Miras,D.Clemence,"J,Fernandez",K.Haltermann,A.Valverde,M.Hoffmann,P.Simon,J.Lanz,J.Lanz,BD,1,0,BT03,"H,1,0,V03","5,7,42","PAT:K,8,G",G.Tavecchio kick attempt good.,"H,1,0,H35",pat,NA,0,1,6,14,NA,NA,5,H,BD,"PUNT,1,06:10,73","TD,1,03:19,100",5,27,2:51,PUNT,1,06:10,BT27,TD,1,03:19,BT00,1
2021_06_BT_BD,BT,BD,Berlin Thunder,Barcelona Dragons,7/24/2021,Reus,Estadio municipal,19:00,NA,Y,Y,NA,0,29c,NA,Sunny,R.Miras,D.Clemence,"J,Fernandez",K.Haltermann,A.Valverde,M.Hoffmann,P.Simon,J.Lanz,J.Lanz,BD,1,0,BD35,"H,1,0,H35","5,8,43","KO:8,V00 TB:","G.Tavecchio kickoff 65 yards to the BT0, touchback.","V,1,10,V25",kick_off,NA,0,0,6,14,NA,NA,5,H,BD,"PUNT,1,06:10,73","TD,1,03:19,100",5,27,2:51,PUNT,1,06:10,BT27,TD,1,03:19,BT00,1
2021_06_BT_BD,BT,BD,Berlin Thunder,Barcelona Dragons,7/24/2021,Reus,Estadio municipal,19:00,NA,Y,Y,NA,0,29c,NA,Sunny,R.Miras,D.Clemence,"J,Fernandez",K.Haltermann,A.Valverde,M.Hoffmann,P.Simon,J.Lanz,J.Lanz,BT,1,10,BT25,"V,1,10,V25","6,1,44",{DRIVE}:02:30,BERLIN THUNDER drive start at 02:30.,"V,1,10,V25",NA,NA,0,0,6,14,02:30,NA,6,V,BT,"KO,1,02:30,25","FG,2,11:03,83",12,58,6:27,KO,1,02:30,BT25,FG,2,11:03,BD17,1
2021_06_BT_BD,BT,BD,Berlin Thunder,Barcelona Dragons,7/24/2021,Reus,Estadio municipal,19:00,NA,Y,Y,NA,0,29c,NA,Sunny,R.Miras,D.Clemence,"J,Fernandez",K.Haltermann,A.Valverde,M.Hoffmann,P.Simon,J.Lanz,J.Lanz,BT,1,10,BT25,"V,1,10,V25","6,2,45","RUSH:11,V26, TACK:90,73",B. Zerbe rush for 1 yard to the BT26 (A. Fernandez;S. Bowen).,"V,2,9,V26",rush,NA,0,0,6,14,NA,NA,6,V,BT,"KO,1,02:30,25","FG,2,11:03,83",12,58,6:27,KO,1,02:30,BT25,FG,2,11:03,BD17,1
2021_06_BT_BD,BT,BD,Berlin Thunder,Barcelona Dragons,7/24/2021,Reus,Estadio municipal,19:00,NA,Y,Y,NA,0,29c,NA,Sunny,R.Miras,D.Clemence,"J,Fernandez",K.Haltermann,A.Valverde,M.Hoffmann,P.Simon,J.Lanz,J.Lanz,BT,2,9,BT26,"V,2,9,V26","6,3,46","PASS:11,C,7,V37 TACK:22","B. Zerbe pass complete to S. Jones for 11 yards to the BT37, 1ST DOWN BT (L.Frecha).","V,1,10,V37",pass,pass,0,0,6,14,NA,NA,6,V,BT,"KO,1,02:30,25","FG,2,11:03,83",12,58,6:27,KO,1,02:30,BT25,FG,2,11:03,BD17,1
2021_06_BT_BD,BT,BD,Berlin Thunder,Barcelona Dragons,7/24/2021,Reus,Estadio municipal,19:00,NA,Y,Y,NA,0,29c,NA,Sunny,R.Miras,D.Clemence,"J,Fernandez",K.Haltermann,A.Valverde,M.Hoffmann,P.Simon,J.Lanz,J.Lanz,BT,1,10,BT37,"V,1,10,V37","6,4,47","PASS:11,C,17,V43 TACK:10,20",B. Zerbe pass complete to E. Drossard for 6 yards to the BT43 (C. Brugnani;L. Masero).,"V,2,4,V43",pass,NA,0,0,6,14,NA,NA,6,V,BT,"KO,1,02:30,25","FG,2,11:03,83",12,58,6:27,KO,1,02:30,BT25,FG,2,11:03,BD17,1
2021_06_BT_BD,BT,BD,Berlin Thunder,Barcelona Dragons,7/24/2021,Reus,Estadio municipal,19:00,NA,Y,Y,NA,0,29c,NA,Sunny,R.Miras,D.Clemence,"J,Fernandez",K.Haltermann,A.Valverde,M.Hoffmann,P.Simon,J.Lanz,J.Lanz,BT,2,4,BT43,"V,2,4,V43","6,5,48","RUSH:7,V47, TACK:27,22","S. Jones rush for 4 yards to the BT47, 1ST DOWN BT (A. Vera;L.Frecha).","V,1,10,V47",rush,rush,0,0,6,14,NA,NA,6,V,BT,"KO,1,02:30,25","FG,2,11:03,83",12,58,6:27,KO,1,02:30,BT25,FG,2,11:03,BD17,1
2021_06_BT_BD,BT,BD,Berlin Thunder,Barcelona Dragons,7/24/2021,Reus,Estadio municipal,19:00,NA,Y,Y,NA,0,29c,NA,Sunny,R.Miras,D.Clemence,"J,Fernandez",K.Haltermann,A.Valverde,M.Hoffmann,P.Simon,J.Lanz,J.Lanz,BT,1,10,BT47,"V,1,10,V47","6,6,49","RUSH:1,H49, TACK:99",J. Crawford rush for 4 yards to the BD49 (Y. Rivero).,"V,2,6,H49",rush,NA,0,0,6,14,NA,NA,6,V,BT,"KO,1,02:30,25","FG,2,11:03,83",12,58,6:27,KO,1,02:30,BT25,FG,2,11:03,BD17,1
2021_06_BT_BD,BT,BD,Berlin Thunder,Barcelona Dragons,7/24/2021,Reus,Estadio municipal,19:00,NA,Y,Y,NA,0,29c,NA,Sunny,R.Miras,D.Clemence,"J,Fernandez",K.Haltermann,A.Valverde,M.Hoffmann,P.Simon,J.Lanz,J.Lanz,BT,2,6,BD49,"V,2,6,H49","6,7,50",Q:2 T:15:00,"Start of 2nd quarter, clock 15:00.","V,2,6,H49",NA,NA,0,0,6,14,15:00,NA,6,V,BT,"KO,1,02:30,25","FG,2,11:03,83",12,58,6:27,KO,1,02:30,BT25,FG,2,11:03,BD17,1
2021_06_BT_BD,BT,BD,Berlin Thunder,Barcelona Dragons,7/24/2021,Reus,Estadio municipal,19:00,NA,Y,Y,NA,0,29c,NA,Sunny,R.Miras,D.Clemence,"J,Fernandez",K.Haltermann,A.Valverde,M.Hoffmann,P.Simon,J.Lanz,J.Lanz,BT,2,6,BD49,"V,2,6,H49","6,8,51","PASS:11,S,TM,V48 SACK:10,45",B. Zerbe sacked for loss of 3 yards to the BT48 (C. Brugnani;A. Posito).,"V,3,9,V48",pass,NA,0,0,6,14,NA,NA,6,V,BT,"KO,1,02:30,25","FG,2,11:03,83",12,58,6:27,KO,1,02:30,BT25,FG,2,11:03,BD17,1
2021_06_BT_BD,BT,BD,Berlin Thunder,Barcelona Dragons,7/24/2021,Reus,Estadio municipal,19:00,NA,Y,Y,NA,0,29c,NA,Sunny,R.Miras,D.Clemence,"J,Fernandez",K.Haltermann,A.Valverde,M.Hoffmann,P.Simon,J.Lanz,J.Lanz,BT,3,9,BT48,"V,3,9,V48","6,9,52","PASS:11,C,85,H35 TACK:27","B. Zerbe pass complete to N. Schumann for 17 yards to the BD35, 1ST DOWN BT (A. Vera).","V,1,10,H35",pass,pass,0,0,6,14,NA,NA,6,V,BT,"KO,1,02:30,25","FG,2,11:03,83",12,58,6:27,KO,1,02:30,BT25,FG,2,11:03,BD17,1
2021_06_BT_BD,BT,BD,Berlin Thunder,Barcelona Dragons,7/24/2021,Reus,Estadio municipal,19:00,NA,Y,Y,NA,0,29c,NA,Sunny,R.Miras,D.Clemence,"J,Fernandez",K.Haltermann,A.Valverde,M.Hoffmann,P.Simon,J.Lanz,J.Lanz,BT,1,10,BD35,"V,1,10,H35","6,10,53","PASS:11,C,88,H23 OB: TACK:7","B. Zerbe pass complete to 88 for 12 yards to the BD23, 1ST DOWN BT, out-of-bounds (M. Tavarres).","V,1,10,H23",pass,pass,1,0,6,14,NA,NA,6,V,BT,"KO,1,02:30,25","FG,2,11:03,83",12,58,6:27,KO,1,02:30,BT25,FG,2,11:03,BD17,1
2021_06_BT_BD,BT,BD,Berlin Thunder,Barcelona Dragons,7/24/2021,Reus,Estadio municipal,19:00,NA,Y,Y,NA,0,29c,NA,Sunny,R.Miras,D.Clemence,"J,Fernandez",K.Haltermann,A.Valverde,M.Hoffmann,P.Simon,J.Lanz,J.Lanz,BT,1,10,BD23,"V,1,10,H23","6,11,54","PASS:11,C,13,H20 TACK:27",B. Zerbe pass complete to A. Dickmeis for 3 yards to the BD20 (A. Vera).,"V,2,7,H20",pass,NA,0,0,6,14,NA,NA,6,V,BT,"KO,1,02:30,25","FG,2,11:03,83",12,58,6:27,KO,1,02:30,BT25,FG,2,11:03,BD17,1
2021_06_BT_BD,BT,BD,Berlin Thunder,Barcelona Dragons,7/24/2021,Reus,Estadio municipal,19:00,NA,Y,Y,NA,0,29c,NA,Sunny,R.Miras,D.Clemence,"J,Fernandez",K.Haltermann,A.Valverde,M.Hoffmann,P.Simon,J.Lanz,J.Lanz,BT,2,7,BD20,"V,2,7,H20","6,12,55","RUSH:1,H19, TACK:45,11",J. Crawford rush for 1 yard to the BD19 (A. Posito;B. Brooks).,"V,3,6,H19",rush,NA,0,0,6,14,NA,NA,6,V,BT,"KO,1,02:30,25","FG,2,11:03,83",12,58,6:27,KO,1,02:30,BT25,FG,2,11:03,BD17,1
2021_06_BT_BD,BT,BD,Berlin Thunder,Barcelona Dragons,7/24/2021,Reus,Estadio municipal,19:00,NA,Y,Y,NA,0,29c,NA,Sunny,R.Miras,D.Clemence,"J,Fernandez",K.Haltermann,A.Valverde,M.Hoffmann,P.Simon,J.Lanz,J.Lanz,BT,3,6,BD19,"V,3,6,H19","6,13,56","PASS:11,C,1,H17 TACK:7,22",B. Zerbe pass complete to J. Crawford for 2 yards to the BD17 (M. Tavarres;L.Frecha).,"V,4,4,H17",pass,NA,0,0,6,14,NA,NA,6,V,BT,"KO,1,02:30,25","FG,2,11:03,83",12,58,6:27,KO,1,02:30,BT25,FG,2,11:03,BD17,1
2021_06_BT_BD,BT,BD,Berlin Thunder,Barcelona Dragons,7/24/2021,Reus,Estadio municipal,19:00,NA,Y,Y,NA,0,29c,NA,Sunny,R.Miras,D.Clemence,"J,Fernandez",K.Haltermann,A.Valverde,M.Hoffmann,P.Simon,J.Lanz,J.Lanz,BT,4,4,BD17,"V,4,4,H17","6,14,57","FGA:26,24,G T:11:03","J. Schenderlein field goal attempt from 24 GOOD, clock 11:03.","V,1,0,V35",field_goal,NA,0,1,9,14,11:03,NA,6,V,BT,"KO,1,02:30,25","FG,2,11:03,83",12,58,6:27,KO,1,02:30,BT25,FG,2,11:03,BD17,1
2021_06_BT_BD,BT,BD,Berlin Thunder,Barcelona Dragons,7/24/2021,Reus,Estadio municipal,19:00,NA,Y,Y,NA,0,29c,NA,Sunny,R.Miras,D.Clemence,"J,Fernandez",K.Haltermann,A.Valverde,M.Hoffmann,P.Simon,J.Lanz,J.Lanz,BT,1,0,BT35,"V,1,0,V35","6,15,58","KO:26,H00 TB:","J. Schenderlein kickoff 65 yards to the BD0, touchback.","H,1,10,H25",kick_off,NA,0,0,9,14,NA,NA,6,V,BT,"KO,1,02:30,25","FG,2,11:03,83",12,58,6:27,KO,1,02:30,BT25,FG,2,11:03,BD17,1
2021_06_BT_BD,BT,BD,Berlin Thunder,Barcelona Dragons,7/24/2021,Reus,Estadio municipal,19:00,NA,Y,Y,NA,0,29c,NA,Sunny,R.Miras,D.Clemence,"J,Fernandez",K.Haltermann,A.Valverde,M.Hoffmann,P.Simon,J.Lanz,J.Lanz,BD,1,10,BD25,"H,1,10,H25","7,1,59",{DRIVE}:11:01,BARCELONA DRAGONS drive start at 11:01.,"H,1,10,H25",NA,NA,0,0,9,14,11:01,NA,7,H,BD,"KO,2,11:01,25","PUNT,2,09:33,18",3,-7,1:28,KO,2,11:01,BD25,PUNT,2,09:33,BD18,NA
2021_06_BT_BD,BT,BD,Berlin Thunder,Barcelona Dragons,7/24/2021,Reus,Estadio municipal,19:00,NA,Y,Y,NA,0,29c,NA,Sunny,R.Miras,D.Clemence,"J,Fernandez",K.Haltermann,A.Valverde,M.Hoffmann,P.Simon,J.Lanz,J.Lanz,BD,1,10,BD25,"H,1,10,H25","7,2,60","RUSH:21,H26, TACK:52",A. Monton rush for 1 yard to the BD26 (W. Nasri).,"H,2,9,H26",rush,NA,0,0,9,14,NA,NA,7,H,BD,"KO,2,11:01,25","PUNT,2,09:33,18",3,-7,1:28,KO,2,11:01,BD25,PUNT,2,09:33,BD18,NA
2021_06_BT_BD,BT,BD,Berlin Thunder,Barcelona Dragons,7/24/2021,Reus,Estadio municipal,19:00,NA,Y,Y,NA,0,29c,NA,Sunny,R.Miras,D.Clemence,"J,Fernandez",K.Haltermann,A.Valverde,M.Hoffmann,P.Simon,J.Lanz,J.Lanz,BD,2,9,BD26,"H,2,9,H26","7,3,61","PASS:1,I,15,*",Z. Edwards pass incomplete to M. Flores.,"H,3,9,H26",pass,NA,0,0,9,14,NA,NA,7,H,BD,"KO,2,11:01,25","PUNT,2,09:33,18",3,-7,1:28,KO,2,11:01,BD25,PUNT,2,09:33,BD18,NA
2021_06_BT_BD,BT,BD,Berlin Thunder,Barcelona Dragons,7/24/2021,Reus,Estadio municipal,19:00,NA,Y,Y,NA,0,29c,NA,Sunny,R.Miras,D.Clemence,"J,Fernandez",K.Haltermann,A.Valverde,M.Hoffmann,P.Simon,J.Lanz,J.Lanz,BD,3,9,BD26,"H,3,9,H26","7,4,62","PASS:1,S,TM,H18 SACK:91",Z. Edwards sacked for loss of 8 yards to the BD18 (A. Odeleye).,"H,4,17,H18",pass,NA,0,0,9,14,NA,NA,7,H,BD,"KO,2,11:01,25","PUNT,2,09:33,18",3,-7,1:28,KO,2,11:01,BD25,PUNT,2,09:33,BD18,NA
2021_06_BT_BD,BT,BD,Berlin Thunder,Barcelona Dragons,7/24/2021,Reus,Estadio municipal,19:00,NA,Y,Y,NA,0,29c,NA,Sunny,R.Miras,D.Clemence,"J,Fernandez",K.Haltermann,A.Valverde,M.Hoffmann,P.Simon,J.Lanz,J.Lanz,BD,4,17,BD18,"H,4,17,H18","7,5,63","PUNT:18,V47 RET:7,V48 TACK:11,22","C. Manser punt 35 yards to the BT47, S. Jones return 1 yards to the BT48 (B. Brooks;L.Frecha).","V,1,10,V48",punt,NA,0,0,9,14,NA,NA,7,H,BD,"KO,2,11:01,25","PUNT,2,09:33,18",3,-7,1:28,KO,2,11:01,BD25,PUNT,2,09:33,BD18,NA
2021_06_BT_BD,BT,BD,Berlin Thunder,Barcelona Dragons,7/24/2021,Reus,Estadio municipal,19:00,NA,Y,Y,NA,0,29c,NA,Sunny,R.Miras,D.Clemence,"J,Fernandez",K.Haltermann,A.Valverde,M.Hoffmann,P.Simon,J.Lanz,J.Lanz,BT,1,10,BT48,"V,1,10,V48","8,1,64",{DRIVE}:09:33,BERLIN THUNDER drive start at 09:33.,"V,1,10,V48",NA,NA,0,0,9,14,09:33,NA,8,V,BT,"PUNT,2,09:33,48","TD,2,04:59,100",8,52,4:34,PUNT,2,09:33,BT48,TD,2,04:59,BD00,NA
2021_06_BT_BD,BT,BD,Berlin Thunder,Barcelona Dragons,7/24/2021,Reus,Estadio municipal,19:00,NA,Y,Y,NA,0,29c,NA,Sunny,R.Miras,D.Clemence,"J,Fernandez",K.Haltermann,A.Valverde,M.Hoffmann,P.Simon,J.Lanz,J.Lanz,BT,1,10,BT48,"V,1,10,V48","8,2,65","PASS:1,C,88,H40 OB: TACK:25","J. Crawford pass complete to 88 for 12 yards to the BD40, 1ST DOWN BT, out-of-bounds (N. Lester).","V,1,10,H40",pass,pass,1,0,9,14,NA,NA,8,V,BT,"PUNT,2,09:33,48","TD,2,04:59,100",8,52,4:34,PUNT,2,09:33,BT48,TD,2,04:59,BD00,NA
2021_06_BT_BD,BT,BD,Berlin Thunder,Barcelona Dragons,7/24/2021,Reus,Estadio municipal,19:00,NA,Y,Y,NA,0,29c,NA,Sunny,R.Miras,D.Clemence,"J,Fernandez",K.Haltermann,A.Valverde,M.Hoffmann,P.Simon,J.Lanz,J.Lanz,BT,1,10,BD40,"V,1,10,H40","8,3,66","RUSH:1,H34, TACK:7,22",J. Crawford rush for 6 yards to the BD34 (M. Tavarres;L.Frecha).,"V,2,4,H34",rush,NA,0,0,9,14,NA,NA,8,V,BT,"PUNT,2,09:33,48","TD,2,04:59,100",8,52,4:34,PUNT,2,09:33,BT48,TD,2,04:59,BD00,NA
2021_06_BT_BD,BT,BD,Berlin Thunder,Barcelona Dragons,7/24/2021,Reus,Estadio municipal,19:00,NA,Y,Y,NA,0,29c,NA,Sunny,R.Miras,D.Clemence,"J,Fernandez",K.Haltermann,A.Valverde,M.Hoffmann,P.Simon,J.Lanz,J.Lanz,BT,2,4,BD34,"V,2,4,H34","8,4,67","RUSH:11,H31, TACK:22,7",B. Zerbe rush for 3 yards to the BD31 (L.Frecha;M. Tavarres).,"V,3,1,H31",rush,NA,0,0,9,14,NA,NA,8,V,BT,"PUNT,2,09:33,48","TD,2,04:59,100",8,52,4:34,PUNT,2,09:33,BT48,TD,2,04:59,BD00,NA
2021_06_BT_BD,BT,BD,Berlin Thunder,Barcelona Dragons,7/24/2021,Reus,Estadio municipal,19:00,NA,Y,Y,NA,0,29c,NA,Sunny,R.Miras,D.Clemence,"J,Fernandez",K.Haltermann,A.Valverde,M.Hoffmann,P.Simon,J.Lanz,J.Lanz,BT,3,1,BD31,"V,3,1,H31","8,5,68","PASS:11,C,88,H31 TACK:10",B. Zerbe pass complete to 88 for no gain to the BD31 (C. Brugnani).,"V,4,1,H31",pass,NA,0,0,9,14,NA,NA,8,V,BT,"PUNT,2,09:33,48","TD,2,04:59,100",8,52,4:34,PUNT,2,09:33,BT48,TD,2,04:59,BD00,NA
2021_06_BT_BD,BT,BD,Berlin Thunder,Barcelona Dragons,7/24/2021,Reus,Estadio municipal,19:00,NA,Y,Y,NA,0,29c,NA,Sunny,R.Miras,D.Clemence,"J,Fernandez",K.Haltermann,A.Valverde,M.Hoffmann,P.Simon,J.Lanz,J.Lanz,BT,4,1,BD31,"V,4,1,H31","8,6,69",TOUT:V T:07:05,"Timeout Berlin Thunder, clock 07:05.","V,4,1,H31",NA,NA,0,0,9,14,07:05,NA,8,V,BT,"PUNT,2,09:33,48","TD,2,04:59,100",8,52,4:34,PUNT,2,09:33,BT48,TD,2,04:59,BD00,NA
2021_06_BT_BD,BT,BD,Berlin Thunder,Barcelona Dragons,7/24/2021,Reus,Estadio municipal,19:00,NA,Y,Y,NA,0,29c,NA,Sunny,R.Miras,D.Clemence,"J,Fernandez",K.Haltermann,A.Valverde,M.Hoffmann,P.Simon,J.Lanz,J.Lanz,BT,4,1,BD31,"V,4,1,H31","8,7,70","RUSH:1,H29, TACK:45","J. Crawford rush for 2 yards to the BD29, 1ST DOWN BT (A. Posito).","V,1,10,H29",rush,rush,0,0,9,14,NA,NA,8,V,BT,"PUNT,2,09:33,48","TD,2,04:59,100",8,52,4:34,PUNT,2,09:33,BT48,TD,2,04:59,BD00,NA
2021_06_BT_BD,BT,BD,Berlin Thunder,Barcelona Dragons,7/24/2021,Reus,Estadio municipal,19:00,NA,Y,Y,NA,0,29c,NA,Sunny,R.Miras,D.Clemence,"J,Fernandez",K.Haltermann,A.Valverde,M.Hoffmann,P.Simon,J.Lanz,J.Lanz,BT,1,10,BD29,"V,1,10,H29","8,8,71","RUSH:1,H26, OB: TACK:27","J. Crawford rush for 3 yards to the BD26, out-of-bounds (A. Vera).","V,2,7,H26",rush,NA,1,0,9,14,NA,NA,8,V,BT,"PUNT,2,09:33,48","TD,2,04:59,100",8,52,4:34,PUNT,2,09:33,BT48,TD,2,04:59,BD00,NA
2021_06_BT_BD,BT,BD,Berlin Thunder,Barcelona Dragons,7/24/2021,Reus,Estadio municipal,19:00,NA,Y,Y,NA,0,29c,NA,Sunny,R.Miras,D.Clemence,"J,Fernandez",K.Haltermann,A.Valverde,M.Hoffmann,P.Simon,J.Lanz,J.Lanz,BT,2,7,BD26,"V,2,7,H26","8,9,72","RUSH:1,H24, TACK:22",J. Crawford rush for 2 yards to the BD24 (L.Frecha).,"V,3,5,H24",rush,NA,0,0,9,14,NA,NA,8,V,BT,"PUNT,2,09:33,48","TD,2,04:59,100",8,52,4:34,PUNT,2,09:33,BT48,TD,2,04:59,BD00,NA
2021_06_BT_BD,BT,BD,Berlin Thunder,Barcelona Dragons,7/24/2021,Reus,Estadio municipal,19:00,NA,Y,Y,NA,0,29c,NA,Sunny,R.Miras,D.Clemence,"J,Fernandez",K.Haltermann,A.Valverde,M.Hoffmann,P.Simon,J.Lanz,J.Lanz,BT,3,5,BD24,"V,3,5,H24","8,10,73","PASS:11,C,7,H00 T:04:59","B. Zerbe pass complete to S. Jones for 24 yards to the BD0, 1ST DOWN BT, TOUCHDOWN, clock 04:59.","V,1,0,H03",pass,pass,0,1,15,14,04:59,NA,8,V,BT,"PUNT,2,09:33,48","TD,2,04:59,100",8,52,4:34,PUNT,2,09:33,BT48,TD,2,04:59,BD00,NA
2021_06_BT_BD,BT,BD,Berlin Thunder,Barcelona Dragons,7/24/2021,Reus,Estadio municipal,19:00,NA,Y,Y,NA,0,29c,NA,Sunny,R.Miras,D.Clemence,"J,Fernandez",K.Haltermann,A.Valverde,M.Hoffmann,P.Simon,J.Lanz,J.Lanz,BT,1,0,BD03,"V,1,0,H03","8,11,74","PAT:K,26,G",J. Schenderlein kick attempt good.,"V,1,0,V35",pat,NA,0,1,16,14,NA,NA,8,V,BT,"PUNT,2,09:33,48","TD,2,04:59,100",8,52,4:34,PUNT,2,09:33,BT48,TD,2,04:59,BD00,NA
2021_06_BT_BD,BT,BD,Berlin Thunder,Barcelona Dragons,7/24/2021,Reus,Estadio municipal,19:00,NA,Y,Y,NA,0,29c,NA,Sunny,R.Miras,D.Clemence,"J,Fernandez",K.Haltermann,A.Valverde,M.Hoffmann,P.Simon,J.Lanz,J.Lanz,BT,1,0,BT35,"V,1,0,V35","8,12,75","KO:26,H00 TB:","J. Schenderlein kickoff 65 yards to the BD0, touchback.","H,1,10,H25",kick_off,NA,0,0,16,14,NA,NA,8,V,BT,"PUNT,2,09:33,48","TD,2,04:59,100",8,52,4:34,PUNT,2,09:33,BT48,TD,2,04:59,BD00,NA
2021_06_BT_BD,BT,BD,Berlin Thunder,Barcelona Dragons,7/24/2021,Reus,Estadio municipal,19:00,NA,Y,Y,NA,0,29c,NA,Sunny,R.Miras,D.Clemence,"J,Fernandez",K.Haltermann,A.Valverde,M.Hoffmann,P.Simon,J.Lanz,J.Lanz,BD,1,10,BD25,"H,1,10,H25","9,1,76",{DRIVE}:04:59,BARCELONA DRAGONS drive start at 04:59.,"H,1,10,H25",NA,NA,0,0,16,14,04:59,NA,9,H,BD,"KO,2,04:59,25","TD,2,01:10,100",10,75,3:49,KO,2,04:59,BD25,TD,2,01:10,BT00,NA
2021_06_BT_BD,BT,BD,Berlin Thunder,Barcelona Dragons,7/24/2021,Reus,Estadio municipal,19:00,NA,Y,Y,NA,0,29c,NA,Sunny,R.Miras,D.Clemence,"J,Fernandez",K.Haltermann,A.Valverde,M.Hoffmann,P.Simon,J.Lanz,J.Lanz,BD,1,10,BD25,"H,1,10,H25","9,2,77","PASS:1,C,15,H31 TACK:52",Z. Edwards pass complete to M. Flores for 6 yards to the BD31 (W. Nasri).,"H,2,4,H31",pass,NA,0,0,16,14,NA,NA,9,H,BD,"KO,2,04:59,25","TD,2,01:10,100",10,75,3:49,KO,2,04:59,BD25,TD,2,01:10,BT00,NA
2021_06_BT_BD,BT,BD,Berlin Thunder,Barcelona Dragons,7/24/2021,Reus,Estadio municipal,19:00,NA,Y,Y,NA,0,29c,NA,Sunny,R.Miras,D.Clemence,"J,Fernandez",K.Haltermann,A.Valverde,M.Hoffmann,P.Simon,J.Lanz,J.Lanz,BD,2,4,BD31,"H,2,4,H31","9,3,78","PASS:1,C,86,H38 TACK:52,8","Z. Edwards pass complete to M. Emos for 7 yards to the BD38, 1ST DOWN BD (W. Nasri;P. Seifert).","H,1,10,H38",pass,pass,0,0,16,14,NA,NA,9,H,BD,"KO,2,04:59,25","TD,2,01:10,100",10,75,3:49,KO,2,04:59,BD25,TD,2,01:10,BT00,NA
2021_06_BT_BD,BT,BD,Berlin Thunder,Barcelona Dragons,7/24/2021,Reus,Estadio municipal,19:00,NA,Y,Y,NA,0,29c,NA,Sunny,R.Miras,D.Clemence,"J,Fernandez",K.Haltermann,A.Valverde,M.Hoffmann,P.Simon,J.Lanz,J.Lanz,BD,1,10,BD38,"H,1,10,H38","9,4,79","PASS:1,I,5,*",Z. Edwards pass incomplete to J. Constant.,"H,2,10,H38",pass,NA,0,0,16,14,NA,NA,9,H,BD,"KO,2,04:59,25","TD,2,01:10,100",10,75,3:49,KO,2,04:59,BD25,TD,2,01:10,BT00,NA
2021_06_BT_BD,BT,BD,Berlin Thunder,Barcelona Dragons,7/24/2021,Reus,Estadio municipal,19:00,NA,Y,Y,NA,0,29c,NA,Sunny,R.Miras,D.Clemence,"J,Fernandez",K.Haltermann,A.Valverde,M.Hoffmann,P.Simon,J.Lanz,J.Lanz,BD,2,10,BD38,"H,2,10,H38","9,5,80","RUSH:1,H46, TACK:22",Z. Edwards rush for 8 yards to the BD46 (L. Achaintre).,"H,3,2,H46",rush,NA,0,0,16,14,NA,NA,9,H,BD,"KO,2,04:59,25","TD,2,01:10,100",10,75,3:49,KO,2,04:59,BD25,TD,2,01:10,BT00,NA
2021_06_BT_BD,BT,BD,Berlin Thunder,Barcelona Dragons,7/24/2021,Reus,Estadio municipal,19:00,NA,Y,Y,NA,0,29c,NA,Sunny,R.Miras,D.Clemence,"J,Fernandez",K.Haltermann,A.Valverde,M.Hoffmann,P.Simon,J.Lanz,J.Lanz,BD,3,2,BD46,"H,3,2,H46","9,6,81","RUSH:21,H50, TACK:22,52","A. Monton rush for 4 yards to the 50 yardline, 1ST DOWN BD (L. Achaintre;W. Nasri).","H,1,10,H50",rush,rush,0,0,16,14,NA,NA,9,H,BD,"KO,2,04:59,25","TD,2,01:10,100",10,75,3:49,KO,2,04:59,BD25,TD,2,01:10,BT00,NA
2021_06_BT_BD,BT,BD,Berlin Thunder,Barcelona Dragons,7/24/2021,Reus,Estadio municipal,19:00,NA,Y,Y,NA,0,29c,NA,Sunny,R.Miras,D.Clemence,"J,Fernandez",K.Haltermann,A.Valverde,M.Hoffmann,P.Simon,J.Lanz,J.Lanz,BD,1,10,BD50,"H,1,10,H50","9,7,82","PASS:1,I,5,* BRUP:31",Z. Edwards pass incomplete to J. Constant (L. Pekkarinen).,"H,2,10,H50",pass,NA,0,0,16,14,NA,NA,9,H,BD,"KO,2,04:59,25","TD,2,01:10,100",10,75,3:49,KO,2,04:59,BD25,TD,2,01:10,BT00,NA
2021_06_BT_BD,BT,BD,Berlin Thunder,Barcelona Dragons,7/24/2021,Reus,Estadio municipal,19:00,NA,Y,Y,NA,0,29c,NA,Sunny,R.Miras,D.Clemence,"J,Fernandez",K.Haltermann,A.Valverde,M.Hoffmann,P.Simon,J.Lanz,J.Lanz,BD,2,10,BD50,"H,2,10,H50","9,8,83","PASS:1,C,5,V40 TACK:31","Z. Edwards pass complete to J. Constant for 10 yards to the BT40, 1ST DOWN BD (L. Pekkarinen).","H,1,10,V40",pass,pass,0,0,16,14,NA,NA,9,H,BD,"KO,2,04:59,25","TD,2,01:10,100",10,75,3:49,KO,2,04:59,BD25,TD,2,01:10,BT00,NA
2021_06_BT_BD,BT,BD,Berlin Thunder,Barcelona Dragons,7/24/2021,Reus,Estadio municipal,19:00,NA,Y,Y,NA,0,29c,NA,Sunny,R.Miras,D.Clemence,"J,Fernandez",K.Haltermann,A.Valverde,M.Hoffmann,P.Simon,J.Lanz,J.Lanz,BD,1,10,BT40,"H,1,10,V40","9,9,84","PASS:1,C,86,V31 TACK:24",Z. Edwards pass complete to M. Emos for 9 yards to the BT31 (M. De Falcis).,"H,2,1,V31",pass,NA,0,0,16,14,NA,NA,9,H,BD,"KO,2,04:59,25","TD,2,01:10,100",10,75,3:49,KO,2,04:59,BD25,TD,2,01:10,BT00,NA
2021_06_BT_BD,BT,BD,Berlin Thunder,Barcelona Dragons,7/24/2021,Reus,Estadio municipal,19:00,NA,Y,Y,NA,0,29c,NA,Sunny,R.Miras,D.Clemence,"J,Fernandez",K.Haltermann,A.Valverde,M.Hoffmann,P.Simon,J.Lanz,J.Lanz,BD,2,1,BT31,"H,2,1,V31","9,10,85","RUSH:3,V31, TACK:52,45",A. Jimenez rush for no gain to the BT31 (W. Nasri;K. Hill).,"H,3,1,V31",rush,NA,0,0,16,14,NA,NA,9,H,BD,"KO,2,04:59,25","TD,2,01:10,100",10,75,3:49,KO,2,04:59,BD25,TD,2,01:10,BT00,NA
2021_06_BT_BD,BT,BD,Berlin Thunder,Barcelona Dragons,7/24/2021,Reus,Estadio municipal,19:00,NA,Y,Y,NA,0,29c,NA,Sunny,R.Miras,D.Clemence,"J,Fernandez",K.Haltermann,A.Valverde,M.Hoffmann,P.Simon,J.Lanz,J.Lanz,BD,3,1,BT31,"H,3,1,V31","9,11,86","PASS:1,C,5,V00 T:01:10","Z. Edwards pass complete to J. Constant for 31 yards to the BT0, 1ST DOWN BD, TOUCHDOWN, clock 01:10.","H,1,0,V03",pass,pass,0,1,16,20,01:10,NA,9,H,BD,"KO,2,04:59,25","TD,2,01:10,100",10,75,3:49,KO,2,04:59,BD25,TD,2,01:10,BT00,NA
2021_06_BT_BD,BT,BD,Berlin Thunder,Barcelona Dragons,7/24/2021,Reus,Estadio municipal,19:00,NA,Y,Y,NA,0,29c,NA,Sunny,R.Miras,D.Clemence,"J,Fernandez",K.Haltermann,A.Valverde,M.Hoffmann,P.Simon,J.Lanz,J.Lanz,BD,1,0,BT03,"H,1,0,V03","9,12,87","PAT:K,8,G",G.Tavecchio kick attempt good.,"H,1,0,H35",pat,NA,0,1,16,21,NA,NA,9,H,BD,"KO,2,04:59,25","TD,2,01:10,100",10,75,3:49,KO,2,04:59,BD25,TD,2,01:10,BT00,NA
2021_06_BT_BD,BT,BD,Berlin Thunder,Barcelona Dragons,7/24/2021,Reus,Estadio municipal,19:00,NA,Y,Y,NA,0,29c,NA,Sunny,R.Miras,D.Clemence,"J,Fernandez",K.Haltermann,A.Valverde,M.Hoffmann,P.Simon,J.Lanz,J.Lanz,BD,1,0,BD35,"H,1,0,H35","9,13,88","KO:8,V00 TB:","G.Tavecchio kickoff 65 yards to the BT0, touchback.","V,1,10,V25",kick_off,NA,0,0,16,21,NA,NA,9,H,BD,"KO,2,04:59,25","TD,2,01:10,100",10,75,3:49,KO,2,04:59,BD25,TD,2,01:10,BT00,NA
2021_06_BT_BD,BT,BD,Berlin Thunder,Barcelona Dragons,7/24/2021,Reus,Estadio municipal,19:00,NA,Y,Y,NA,0,29c,NA,Sunny,R.Miras,D.Clemence,"J,Fernandez",K.Haltermann,A.Valverde,M.Hoffmann,P.Simon,J.Lanz,J.Lanz,BT,1,10,BT25,"V,1,10,V25","10,1,89",{DRIVE}:01:10,BERLIN THUNDER drive start at 01:10.,"V,1,10,V25",NA,NA,0,0,16,21,01:10,NA,10,V,BT,"KO,2,01:10,25","PUNT,2,00:42,26",3,1,0:28,KO,2,01:10,BT25,PUNT,2,00:42,BT26,NA
2021_06_BT_BD,BT,BD,Berlin Thunder,Barcelona Dragons,7/24/2021,Reus,Estadio municipal,19:00,NA,Y,Y,NA,0,29c,NA,Sunny,R.Miras,D.Clemence,"J,Fernandez",K.Haltermann,A.Valverde,M.Hoffmann,P.Simon,J.Lanz,J.Lanz,BT,1,10,BT25,"V,1,10,V25","10,2,90","RUSH:1,V26, TACK:93",J. Crawford rush for 1 yard to the BT26 (A. Pinheiro).,"V,2,9,V26",rush,NA,0,0,16,21,NA,NA,10,V,BT,"KO,2,01:10,25","PUNT,2,00:42,26",3,1,0:28,KO,2,01:10,BT25,PUNT,2,00:42,BT26,NA
2021_06_BT_BD,BT,BD,Berlin Thunder,Barcelona Dragons,7/24/2021,Reus,Estadio municipal,19:00,NA,Y,Y,NA,0,29c,NA,Sunny,R.Miras,D.Clemence,"J,Fernandez",K.Haltermann,A.Valverde,M.Hoffmann,P.Simon,J.Lanz,J.Lanz,BT,2,9,BT26,"V,2,9,V26","10,3,91",TOUT:V T:01:01,"Timeout Berlin Thunder, clock 01:01.","V,2,9,V26",NA,NA,0,0,16,21,01:01,NA,10,V,BT,"KO,2,01:10,25","PUNT,2,00:42,26",3,1,0:28,KO,2,01:10,BT25,PUNT,2,00:42,BT26,NA
2021_06_BT_BD,BT,BD,Berlin Thunder,Barcelona Dragons,7/24/2021,Reus,Estadio municipal,19:00,NA,Y,Y,NA,0,29c,NA,Sunny,R.Miras,D.Clemence,"J,Fernandez",K.Haltermann,A.Valverde,M.Hoffmann,P.Simon,J.Lanz,J.Lanz,BT,2,9,BT26,"V,2,9,V26","10,4,92","PASS:11,I,85,*",B. Zerbe pass incomplete to N. Schumann.,"V,3,9,V26",pass,NA,0,0,16,21,NA,NA,10,V,BT,"KO,2,01:10,25","PUNT,2,00:42,26",3,1,0:28,KO,2,01:10,BT25,PUNT,2,00:42,BT26,NA
2021_06_BT_BD,BT,BD,Berlin Thunder,Barcelona Dragons,7/24/2021,Reus,Estadio municipal,19:00,NA,Y,Y,NA,0,29c,NA,Sunny,R.Miras,D.Clemence,"J,Fernandez",K.Haltermann,A.Valverde,M.Hoffmann,P.Simon,J.Lanz,J.Lanz,BT,3,9,BT26,"V,3,9,V26","10,5,93","PASS:11,I,88,* BRUP:27",B. Zerbe pass incomplete to 88 (A. Vera).,"V,4,9,V26",pass,NA,0,0,16,21,NA,NA,10,V,BT,"KO,2,01:10,25","PUNT,2,00:42,26",3,1,0:28,KO,2,01:10,BT25,PUNT,2,00:42,BT26,NA
2021_06_BT_BD,BT,BD,Berlin Thunder,Barcelona Dragons,7/24/2021,Reus,Estadio municipal,19:00,NA,Y,Y,NA,0,29c,NA,Sunny,R.Miras,D.Clemence,"J,Fernandez",K.Haltermann,A.Valverde,M.Hoffmann,P.Simon,J.Lanz,J.Lanz,BT,4,9,BT26,"V,4,9,V26","10,6,94","PUNT:14,H43 RET:5,V47 OB:","K. Hummel punt 31 yards to the BD43, J. Constant return 10 yards to the BT47, out-of-bounds.","H,1,10,V47",punt,NA,1,0,16,21,NA,NA,10,V,BT,"KO,2,01:10,25","PUNT,2,00:42,26",3,1,0:28,KO,2,01:10,BT25,PUNT,2,00:42,BT26,NA
2021_06_BT_BD,BT,BD,Berlin Thunder,Barcelona Dragons,7/24/2021,Reus,Estadio municipal,19:00,NA,Y,Y,NA,0,29c,NA,Sunny,R.Miras,D.Clemence,"J,Fernandez",K.Haltermann,A.Valverde,M.Hoffmann,P.Simon,J.Lanz,J.Lanz,BD,1,10,BT47,"H,1,10,V47","11,1,95",{DRIVE}:00:42,BARCELONA DRAGONS drive start at 00:42.,"H,1,10,V47",NA,NA,0,0,16,21,00:42,NA,11,H,BD,"PUNT,2,00:42,53","FGA,2,00:08,65",5,12,0:34,PUNT,2,00:42,BT47,FGA,2,00:08,BT35,NA
2021_06_BT_BD,BT,BD,Berlin Thunder,Barcelona Dragons,7/24/2021,Reus,Estadio municipal,19:00,NA,Y,Y,NA,0,29c,NA,Sunny,R.Miras,D.Clemence,"J,Fernandez",K.Haltermann,A.Valverde,M.Hoffmann,P.Simon,J.Lanz,J.Lanz,BD,1,10,BT47,"H,1,10,V47","11,2,96","PASS:1,I,5,* BRUP:52",Z. Edwards pass incomplete to J. Constant (W. Nasri).,"H,2,10,V47",pass,NA,0,0,16,21,NA,NA,11,H,BD,"PUNT,2,00:42,53","FGA,2,00:08,65",5,12,0:34,PUNT,2,00:42,BT47,FGA,2,00:08,BT35,NA
2021_06_BT_BD,BT,BD,Berlin Thunder,Barcelona Dragons,7/24/2021,Reus,Estadio municipal,19:00,NA,Y,Y,NA,0,29c,NA,Sunny,R.Miras,D.Clemence,"J,Fernandez",K.Haltermann,A.Valverde,M.Hoffmann,P.Simon,J.Lanz,J.Lanz,BD,2,10,BT47,"H,2,10,V47","11,3,97","PASS:1,C,15,V39 OB:","Z. Edwards pass complete to M. Flores for 8 yards to the BT39, out-of-bounds.","H,3,2,V39",pass,NA,1,0,16,21,NA,NA,11,H,BD,"PUNT,2,00:42,53","FGA,2,00:08,65",5,12,0:34,PUNT,2,00:42,BT47,FGA,2,00:08,BT35,NA
2021_06_BT_BD,BT,BD,Berlin Thunder,Barcelona Dragons,7/24/2021,Reus,Estadio municipal,19:00,NA,Y,Y,NA,0,29c,NA,Sunny,R.Miras,D.Clemence,"J,Fernandez",K.Haltermann,A.Valverde,M.Hoffmann,P.Simon,J.Lanz,J.Lanz,BD,3,2,BT39,"H,3,2,V39","11,4,98","RUSH:21,V36, TACK:91,52","A. Monton rush for 3 yards to the BT36, 1ST DOWN BD (A. Odeleye;W. Nasri).","H,1,10,V36",rush,rush,0,0,16,21,NA,NA,11,H,BD,"PUNT,2,00:42,53","FGA,2,00:08,65",5,12,0:34,PUNT,2,00:42,BT47,FGA,2,00:08,BT35,NA
2021_06_BT_BD,BT,BD,Berlin Thunder,Barcelona Dragons,7/24/2021,Reus,Estadio municipal,19:00,NA,Y,Y,NA,0,29c,NA,Sunny,R.Miras,D.Clemence,"J,Fernandez",K.Haltermann,A.Valverde,M.Hoffmann,P.Simon,J.Lanz,J.Lanz,BD,1,10,BT36,"H,1,10,V36","11,5,99",TOUT:H T:00:21,"Timeout Barcelona Dragons, clock 00:21.","H,1,10,V36",NA,NA,0,0,16,21,00:21,NA,11,H,BD,"PUNT,2,00:42,53","FGA,2,00:08,65",5,12,0:34,PUNT,2,00:42,BT47,FGA,2,00:08,BT35,NA
2021_06_BT_BD,BT,BD,Berlin Thunder,Barcelona Dragons,7/24/2021,Reus,Estadio municipal,19:00,NA,Y,Y,NA,0,29c,NA,Sunny,R.Miras,D.Clemence,"J,Fernandez",K.Haltermann,A.Valverde,M.Hoffmann,P.Simon,J.Lanz,J.Lanz,BD,1,10,BT36,"H,1,10,V36","11,6,100","RUSH:1,V35, TACK:91,22",Z. Edwards rush for 1 yard to the BT35 (A. Odeleye;L. Achaintre).,"H,2,9,V35",rush,NA,0,0,16,21,NA,NA,11,H,BD,"PUNT,2,00:42,53","FGA,2,00:08,65",5,12,0:34,PUNT,2,00:42,BT47,FGA,2,00:08,BT35,NA
2021_06_BT_BD,BT,BD,Berlin Thunder,Barcelona Dragons,7/24/2021,Reus,Estadio municipal,19:00,NA,Y,Y,NA,0,29c,NA,Sunny,R.Miras,D.Clemence,"J,Fernandez",K.Haltermann,A.Valverde,M.Hoffmann,P.Simon,J.Lanz,J.Lanz,BD,2,9,BT35,"H,2,9,V35","11,7,101",TOUT:H T:00:13,"Timeout Barcelona Dragons, clock 00:13.","H,2,9,V35",NA,NA,0,0,16,21,00:13,NA,11,H,BD,"PUNT,2,00:42,53","FGA,2,00:08,65",5,12,0:34,PUNT,2,00:42,BT47,FGA,2,00:08,BT35,NA
2021_06_BT_BD,BT,BD,Berlin Thunder,Barcelona Dragons,7/24/2021,Reus,Estadio municipal,19:00,NA,Y,Y,NA,0,29c,NA,Sunny,R.Miras,D.Clemence,"J,Fernandez",K.Haltermann,A.Valverde,M.Hoffmann,P.Simon,J.Lanz,J.Lanz,BD,2,9,BT35,"H,2,9,V35","11,8,102","FGA:8,42,M,V42,L T:00:08","G.Tavecchio field goal attempt from 42 MISSED - wide left, spot at BT42, clock 00:08.","V,1,10,V42",field_goal,NA,0,0,16,21,00:08,NA,11,H,BD,"PUNT,2,00:42,53","FGA,2,00:08,65",5,12,0:34,PUNT,2,00:42,BT47,FGA,2,00:08,BT35,NA
2021_06_BT_BD,BT,BD,Berlin Thunder,Barcelona Dragons,7/24/2021,Reus,Estadio municipal,19:00,NA,Y,Y,NA,0,29c,NA,Sunny,R.Miras,D.Clemence,"J,Fernandez",K.Haltermann,A.Valverde,M.Hoffmann,P.Simon,J.Lanz,J.Lanz,BT,1,10,BT42,"V,1,10,V42","12,1,103",{DRIVE}:00:08,BERLIN THUNDER drive start at 00:08.,"V,1,10,V42",NA,NA,0,0,16,21,00:08,NA,12,V,BT,"FGA,2,00:08,42","HALF,2,00:00,42",0,0,0:08,FGA,2,00:08,BT42,HALF,2,00:00,BT42,NA
2021_06_BT_BD,BT,BD,Berlin Thunder,Barcelona Dragons,7/24/2021,Reus,Estadio municipal,19:00,NA,Y,Y,NA,0,29c,NA,Sunny,R.Miras,D.Clemence,"J,Fernandez",K.Haltermann,A.Valverde,M.Hoffmann,P.Simon,J.Lanz,J.Lanz,BT,1,10,BT42,"V,1,10,V42","12,2,104",HALF: T:00:00,"End of half, clock 00:00.","V,1,10,V42",NA,NA,0,0,16,21,00:00,NA,12,V,BT,"FGA,2,00:08,42","HALF,2,00:00,42",0,0,0:08,FGA,2,00:08,BT42,HALF,2,00:00,BT42,NA
2021_06_BT_BD,BT,BD,Berlin Thunder,Barcelona Dragons,7/24/2021,Reus,Estadio municipal,19:00,NA,Y,Y,NA,0,29c,NA,Sunny,R.Miras,D.Clemence,"J,Fernandez",K.Haltermann,A.Valverde,M.Hoffmann,P.Simon,J.Lanz,J.Lanz,BT,1,10,BT42,"V,1,10,V42","12,3,105","Q:3 T:15:00 SPOT:H,H35,N","Start of 3rd quarter, clock 15:00, BD ball on BD35.","H,1,10,H35",NA,NA,0,0,16,21,15:00,NA,12,V,BT,"FGA,2,00:08,42","HALF,2,00:00,42",0,0,0:08,FGA,2,00:08,BT42,HALF,2,00:00,BT42,NA
2021_06_BT_BD,BT,BD,Berlin Thunder,Barcelona Dragons,7/24/2021,Reus,Estadio municipal,19:00,NA,Y,Y,NA,0,29c,NA,Sunny,R.Miras,D.Clemence,"J,Fernandez",K.Haltermann,A.Valverde,M.Hoffmann,P.Simon,J.Lanz,J.Lanz,BD,1,10,BD35,"H,1,10,H35","12,4,106","KO:8,V00 RET:7,V26 TACK:17","G.Tavecchio kickoff 65 yards to the BT0, S. Jones return 26 yards to the BT26 (A. Herrero).","V,1,10,V26",kick_off,NA,0,0,16,21,NA,NA,12,V,BT,"FGA,2,00:08,42","HALF,2,00:00,42",0,0,0:08,FGA,2,00:08,BT42,HALF,2,00:00,BT42,NA
2021_06_BT_BD,BT,BD,Berlin Thunder,Barcelona Dragons,7/24/2021,Reus,Estadio municipal,19:00,NA,Y,Y,NA,0,29c,NA,Sunny,R.Miras,D.Clemence,"J,Fernandez",K.Haltermann,A.Valverde,M.Hoffmann,P.Simon,J.Lanz,J.Lanz,BT,1,10,BT26,"V,1,10,V26","13,1,107",{DRIVE}:14:55,BERLIN THUNDER drive start at 14:55.,"V,1,10,V26",NA,NA,0,0,16,21,14:55,NA,13,V,BT,"KO,3,14:55,26","PUNT,3,12:58,28",3,2,1:57,KO,3,14:55,BT26,PUNT,3,12:58,BT28,NA
2021_06_BT_BD,BT,BD,Berlin Thunder,Barcelona Dragons,7/24/2021,Reus,Estadio municipal,19:00,NA,Y,Y,NA,0,29c,NA,Sunny,R.Miras,D.Clemence,"J,Fernandez",K.Haltermann,A.Valverde,M.Hoffmann,P.Simon,J.Lanz,J.Lanz,BT,1,10,BT26,"V,1,10,V26","13,2,108","RUSH:1,V30, TACK:2,22",J. Crawford rush for 4 yards to the BT30 (G. Prati;L.Frecha).,"V,2,6,V30",rush,NA,0,0,16,21,NA,NA,13,V,BT,"KO,3,14:55,26","PUNT,3,12:58,28",3,2,1:57,KO,3,14:55,BT26,PUNT,3,12:58,BT28,NA
2021_06_BT_BD,BT,BD,Berlin Thunder,Barcelona Dragons,7/24/2021,Reus,Estadio municipal,19:00,NA,Y,Y,NA,0,29c,NA,Sunny,R.Miras,D.Clemence,"J,Fernandez",K.Haltermann,A.Valverde,M.Hoffmann,P.Simon,J.Lanz,J.Lanz,BT,2,6,BT30,"V,2,6,V30","13,3,109","RUSH:11,V28, TACK:7",B. Zerbe rush for loss of 2 yards to the BT28 (M. Tavarres).,"V,3,8,V28",rush,NA,0,0,16,21,NA,NA,13,V,BT,"KO,3,14:55,26","PUNT,3,12:58,28",3,2,1:57,KO,3,14:55,BT26,PUNT,3,12:58,BT28,NA
2021_06_BT_BD,BT,BD,Berlin Thunder,Barcelona Dragons,7/24/2021,Reus,Estadio municipal,19:00,NA,Y,Y,NA,0,29c,NA,Sunny,R.Miras,D.Clemence,"J,Fernandez",K.Haltermann,A.Valverde,M.Hoffmann,P.Simon,J.Lanz,J.Lanz,BT,3,8,BT28,"V,3,8,V28","13,4,110","PASS:11,I,85,*",B. Zerbe pass incomplete to N. Schumann.,"V,4,8,V28",pass,NA,0,0,16,21,NA,NA,13,V,BT,"KO,3,14:55,26","PUNT,3,12:58,28",3,2,1:57,KO,3,14:55,BT26,PUNT,3,12:58,BT28,NA
2021_06_BT_BD,BT,BD,Berlin Thunder,Barcelona Dragons,7/24/2021,Reus,Estadio municipal,19:00,NA,Y,Y,NA,0,29c,NA,Sunny,R.Miras,D.Clemence,"J,Fernandez",K.Haltermann,A.Valverde,M.Hoffmann,P.Simon,J.Lanz,J.Lanz,BT,4,8,BT28,"V,4,8,V28","13,5,111","PUNT:14,H48 RET:5,V27 OB: TACK:14 PEN:H,HO,A,52,V38,N D:1,10 SPOT:V,V38,Y","K. Hummel punt 24 yards to the BD48, J. Constant return 25 yards to the BT27, out-of-bounds (K. Hummel), PENALTY BD holding (D. Monfared) 11 yards to the BT38, 1st and 10, BT ball on BT38.","V,1,10,V38",punt,NA,1,0,16,21,NA,NA,13,V,BT,"KO,3,14:55,26","PUNT,3,12:58,28",3,2,1:57,KO,3,14:55,BT26,PUNT,3,12:58,BT28,NA
2021_06_BT_BD,BT,BD,Berlin Thunder,Barcelona Dragons,7/24/2021,Reus,Estadio municipal,19:00,NA,Y,Y,NA,0,29c,NA,Sunny,R.Miras,D.Clemence,"J,Fernandez",K.Haltermann,A.Valverde,M.Hoffmann,P.Simon,J.Lanz,J.Lanz,BT,1,10,BT38,"V,1,10,V38","14,1,112",{DRIVE}:12:58,BERLIN THUNDER drive start at 12:58.,"V,1,10,V38",NA,NA,0,0,16,21,12:58,NA,14,V,BT,"PUNT,3,12:58,38","PUNT,3,10:12,41",6,3,2:46,PUNT,3,12:58,BT38,PUNT,3,10:12,BT41,NA
2021_06_BT_BD,BT,BD,Berlin Thunder,Barcelona Dragons,7/24/2021,Reus,Estadio municipal,19:00,NA,Y,Y,NA,0,29c,NA,Sunny,R.Miras,D.Clemence,"J,Fernandez",K.Haltermann,A.Valverde,M.Hoffmann,P.Simon,J.Lanz,J.Lanz,BT,1,10,BT38,"V,1,10,V38","14,2,113","RUSH:11,V41, TACK:22",B. Zerbe rush for 3 yards to the BT41 (L.Frecha).,"V,2,7,V41",rush,NA,0,0,16,21,NA,NA,14,V,BT,"PUNT,3,12:58,38","PUNT,3,10:12,41",6,3,2:46,PUNT,3,12:58,BT38,PUNT,3,10:12,BT41,NA
2021_06_BT_BD,BT,BD,Berlin Thunder,Barcelona Dragons,7/24/2021,Reus,Estadio municipal,19:00,NA,Y,Y,NA,0,29c,NA,Sunny,R.Miras,D.Clemence,"J,Fernandez",K.Haltermann,A.Valverde,M.Hoffmann,P.Simon,J.Lanz,J.Lanz,BT,2,7,BT41,"V,2,7,V41","14,3,114","RUSH:1,V50, TACK:22","J. Crawford rush for 9 yards to the 50 yardline, 1ST DOWN BT (L.Frecha).","V,1,10,V50",rush,rush,0,0,16,21,NA,NA,14,V,BT,"PUNT,3,12:58,38","PUNT,3,10:12,41",6,3,2:46,PUNT,3,12:58,BT38,PUNT,3,10:12,BT41,NA
2021_06_BT_BD,BT,BD,Berlin Thunder,Barcelona Dragons,7/24/2021,Reus,Estadio municipal,19:00,NA,Y,Y,NA,0,29c,NA,Sunny,R.Miras,D.Clemence,"J,Fernandez",K.Haltermann,A.Valverde,M.Hoffmann,P.Simon,J.Lanz,J.Lanz,BT,1,10,BT50,"V,1,10,V50","14,4,115","PASS:11,S,TM,V43 SACK:7",B. Zerbe sacked for loss of 7 yards to the BT43 (M. Tavarres).,"V,2,17,V43",pass,NA,0,0,16,21,NA,NA,14,V,BT,"PUNT,3,12:58,38","PUNT,3,10:12,41",6,3,2:46,PUNT,3,12:58,BT38,PUNT,3,10:12,BT41,NA
2021_06_BT_BD,BT,BD,Berlin Thunder,Barcelona Dragons,7/24/2021,Reus,Estadio municipal,19:00,NA,Y,Y,NA,0,29c,NA,Sunny,R.Miras,D.Clemence,"J,Fernandez",K.Haltermann,A.Valverde,M.Hoffmann,P.Simon,J.Lanz,J.Lanz,BT,2,17,BT43,"V,2,17,V43","14,5,116","RUSH:1,V46, TACK:55 PEN:V,HO,A,55,V36,N","J. Crawford rush for 3 yards to the BT46 (I. Guiterrez), PENALTY BT holding (D. Mutsvanemoto) 10 yards to the BT36.","V,2,24,V36",rush,NA,0,0,16,21,NA,NA,14,V,BT,"PUNT,3,12:58,38","PUNT,3,10:12,41",6,3,2:46,PUNT,3,12:58,BT38,PUNT,3,10:12,BT41,NA
2021_06_BT_BD,BT,BD,Berlin Thunder,Barcelona Dragons,7/24/2021,Reus,Estadio municipal,19:00,NA,Y,Y,NA,0,29c,NA,Sunny,R.Miras,D.Clemence,"J,Fernandez",K.Haltermann,A.Valverde,M.Hoffmann,P.Simon,J.Lanz,J.Lanz,BT,2,24,BT36,"V,2,24,V36","14,6,117","D:2,24",2nd and 24.,"V,2,24,V36",NA,NA,0,0,16,21,NA,NA,14,V,BT,"PUNT,3,12:58,38","PUNT,3,10:12,41",6,3,2:46,PUNT,3,12:58,BT38,PUNT,3,10:12,BT41,NA
2021_06_BT_BD,BT,BD,Berlin Thunder,Barcelona Dragons,7/24/2021,Reus,Estadio municipal,19:00,NA,Y,Y,NA,0,29c,NA,Sunny,R.Miras,D.Clemence,"J,Fernandez",K.Haltermann,A.Valverde,M.Hoffmann,P.Simon,J.Lanz,J.Lanz,BT,2,24,BT36,"V,2,24,V36","14,7,118","PASS:11,I,7,*",B. Zerbe pass incomplete to S. Jones.,"V,3,24,V36",pass,NA,0,0,16,21,NA,NA,14,V,BT,"PUNT,3,12:58,38","PUNT,3,10:12,41",6,3,2:46,PUNT,3,12:58,BT38,PUNT,3,10:12,BT41,NA
2021_06_BT_BD,BT,BD,Berlin Thunder,Barcelona Dragons,7/24/2021,Reus,Estadio municipal,19:00,NA,Y,Y,NA,0,29c,NA,Sunny,R.Miras,D.Clemence,"J,Fernandez",K.Haltermann,A.Valverde,M.Hoffmann,P.Simon,J.Lanz,J.Lanz,BT,3,24,BT36,"V,3,24,V36","14,8,119","RUSH:1,V41, TACK:45,7",J. Crawford rush for 5 yards to the BT41 (A. Posito;M. Tavarres).,"V,4,19,V41",rush,NA,0,0,16,21,NA,NA,14,V,BT,"PUNT,3,12:58,38","PUNT,3,10:12,41",6,3,2:46,PUNT,3,12:58,BT38,PUNT,3,10:12,BT41,NA
2021_06_BT_BD,BT,BD,Berlin Thunder,Barcelona Dragons,7/24/2021,Reus,Estadio municipal,19:00,NA,Y,Y,NA,0,29c,NA,Sunny,R.Miras,D.Clemence,"J,Fernandez",K.Haltermann,A.Valverde,M.Hoffmann,P.Simon,J.Lanz,J.Lanz,BT,4,19,BT41,"V,4,19,V41","14,9,120","PUNT:14,H32 FC:5","K. Hummel punt 27 yards to the BD32, fair catch by J. Constant.","H,1,10,H32",punt,NA,0,0,16,21,NA,NA,14,V,BT,"PUNT,3,12:58,38","PUNT,3,10:12,41",6,3,2:46,PUNT,3,12:58,BT38,PUNT,3,10:12,BT41,NA
2021_06_BT_BD,BT,BD,Berlin Thunder,Barcelona Dragons,7/24/2021,Reus,Estadio municipal,19:00,NA,Y,Y,NA,0,29c,NA,Sunny,R.Miras,D.Clemence,"J,Fernandez",K.Haltermann,A.Valverde,M.Hoffmann,P.Simon,J.Lanz,J.Lanz,BD,1,10,BD32,"H,1,10,H32","15,1,121",{DRIVE}:10:12,BARCELONA DRAGONS drive start at 10:12.,"H,1,10,H32",NA,NA,0,0,16,21,10:12,NA,15,H,BD,"PUNT,3,10:12,32","HALF,3,09:01,94",3,62,1:11,PUNT,3,10:12,BD32,HALF,3,09:01,BT06,1
2021_06_BT_BD,BT,BD,Berlin Thunder,Barcelona Dragons,7/24/2021,Reus,Estadio municipal,19:00,NA,Y,Y,NA,0,29c,NA,Sunny,R.Miras,D.Clemence,"J,Fernandez",K.Haltermann,A.Valverde,M.Hoffmann,P.Simon,J.Lanz,J.Lanz,BD,1,10,BD32,"H,1,10,H32","15,2,122","PASS:1,C,5,V16 TACK:31 PEN:V,PI,D","Z. Edwards pass complete to J. Constant for 52 yards to the BT16, 1ST DOWN BD (L. Pekkarinen), PENALTY BT pass interference declined.","H,1,10,V16",pass,pass,0,0,16,21,NA,NA,15,H,BD,"PUNT,3,10:12,32","HALF,3,09:01,94",3,62,1:11,PUNT,3,10:12,BD32,HALF,3,09:01,BT06,1
2021_06_BT_BD,BT,BD,Berlin Thunder,Barcelona Dragons,7/24/2021,Reus,Estadio municipal,19:00,NA,Y,Y,NA,0,29c,NA,Sunny,R.Miras,D.Clemence,"J,Fernandez",K.Haltermann,A.Valverde,M.Hoffmann,P.Simon,J.Lanz,J.Lanz,BD,1,10,BT16,"H,1,10,V16","15,3,123","PASS:1,C,4,V16 TACK:8 PEN:V,HO,A,TM,V06,N","Z. Edwards pass complete to R. Bertellin for no gain to the BT16 (P. Seifert), PENALTY BT holding 10 yards to the BT6, 1ST DOWN BD.","H,1,0,V06",pass,penalty,0,0,16,21,NA,NA,15,H,BD,"PUNT,3,10:12,32","HALF,3,09:01,94",3,62,1:11,PUNT,3,10:12,BD32,HALF,3,09:01,BT06,1
2021_06_BT_BD,BT,BD,Berlin Thunder,Barcelona Dragons,7/24/2021,Reus,Estadio municipal,19:00,NA,Y,Y,NA,0,29c,NA,Sunny,R.Miras,D.Clemence,"J,Fernandez",K.Haltermann,A.Valverde,M.Hoffmann,P.Simon,J.Lanz,J.Lanz,BD,1,0,BT06,"H,1,0,V06","15,4,124","D:1,6 HALF: T:09:10","1st and 6, end of half, clock 09:10.","H,1,0,V06",NA,NA,0,0,16,21,09:10,NA,15,H,BD,"PUNT,3,10:12,32","HALF,3,09:01,94",3,62,1:11,PUNT,3,10:12,BD32,HALF,3,09:01,BT06,1
2021_06_BT_BD,BT,BD,Berlin Thunder,Barcelona Dragons,7/24/2021,Reus,Estadio municipal,19:00,NA,Y,Y,NA,0,29c,NA,Sunny,R.Miras,D.Clemence,"J,Fernandez",K.Haltermann,A.Valverde,M.Hoffmann,P.Simon,J.Lanz,J.Lanz,BD,1,0,BT06,"H,1,0,V06","15,5,125","PASS:1,C,4,V00 T:09:01","Z. Edwards pass complete to R. Bertellin for 6 yards to the BT0, TOUCHDOWN, clock 09:01.","H,1,0,V03",pass,NA,0,1,16,27,09:01,NA,15,H,BD,"PUNT,3,10:12,32","HALF,3,09:01,94",3,62,1:11,PUNT,3,10:12,BD32,HALF,3,09:01,BT06,1
2021_06_BT_BD,BT,BD,Berlin Thunder,Barcelona Dragons,7/24/2021,Reus,Estadio municipal,19:00,NA,Y,Y,NA,0,29c,NA,Sunny,R.Miras,D.Clemence,"J,Fernandez",K.Haltermann,A.Valverde,M.Hoffmann,P.Simon,J.Lanz,J.Lanz,BD,1,0,BT03,"H,1,0,V03","15,6,126","PAT:K,8,G",G.Tavecchio kick attempt good.,"H,1,0,H35",pat,NA,0,1,16,28,NA,NA,15,H,BD,"PUNT,3,10:12,32","HALF,3,09:01,94",3,62,1:11,PUNT,3,10:12,BD32,HALF,3,09:01,BT06,1
2021_06_BT_BD,BT,BD,Berlin Thunder,Barcelona Dragons,7/24/2021,Reus,Estadio municipal,19:00,NA,Y,Y,NA,0,29c,NA,Sunny,R.Miras,D.Clemence,"J,Fernandez",K.Haltermann,A.Valverde,M.Hoffmann,P.Simon,J.Lanz,J.Lanz,BD,1,0,BD35,"H,1,0,H35","15,7,127","KO:8,V00 TB:","G.Tavecchio kickoff 65 yards to the BT0, touchback.","V,1,10,V25",kick_off,NA,0,0,16,28,NA,NA,15,H,BD,"PUNT,3,10:12,32","HALF,3,09:01,94",3,62,1:11,PUNT,3,10:12,BD32,HALF,3,09:01,BT06,1
2021_06_BT_BD,BT,BD,Berlin Thunder,Barcelona Dragons,7/24/2021,Reus,Estadio municipal,19:00,NA,Y,Y,NA,0,29c,NA,Sunny,R.Miras,D.Clemence,"J,Fernandez",K.Haltermann,A.Valverde,M.Hoffmann,P.Simon,J.Lanz,J.Lanz,BT,1,10,BT25,"V,1,10,V25","16,1,128",{DRIVE}:09:01,BERLIN THUNDER drive start at 09:01.,"V,1,10,V25",NA,NA,0,0,16,28,09:01,NA,16,V,BT,"KO,3,09:01,25","PUNT,3,06:50,49",5,24,2:11,KO,3,09:01,BT25,PUNT,3,06:50,BT49,NA
2021_06_BT_BD,BT,BD,Berlin Thunder,Barcelona Dragons,7/24/2021,Reus,Estadio municipal,19:00,NA,Y,Y,NA,0,29c,NA,Sunny,R.Miras,D.Clemence,"J,Fernandez",K.Haltermann,A.Valverde,M.Hoffmann,P.Simon,J.Lanz,J.Lanz,BT,1,10,BT25,"V,1,10,V25","16,2,129","RUSH:1,V39, OB: TACK:7,22","J. Crawford rush for 14 yards to the BT39, 1ST DOWN BT, out-of-bounds (M. Tavarres;L.Frecha).","V,1,10,V39",rush,rush,1,0,16,28,NA,NA,16,V,BT,"KO,3,09:01,25","PUNT,3,06:50,49",5,24,2:11,KO,3,09:01,BT25,PUNT,3,06:50,BT49,NA
2021_06_BT_BD,BT,BD,Berlin Thunder,Barcelona Dragons,7/24/2021,Reus,Estadio municipal,19:00,NA,Y,Y,NA,0,29c,NA,Sunny,R.Miras,D.Clemence,"J,Fernandez",K.Haltermann,A.Valverde,M.Hoffmann,P.Simon,J.Lanz,J.Lanz,BT,1,10,BT39,"V,1,10,V39","16,3,130","RUSH:1,H49, TACK:45","J. Crawford rush for 12 yards to the BD49, 1ST DOWN BT (A. Posito).","V,1,10,H49",rush,rush,0,0,16,28,NA,NA,16,V,BT,"KO,3,09:01,25","PUNT,3,06:50,49",5,24,2:11,KO,3,09:01,BT25,PUNT,3,06:50,BT49,NA
2021_06_BT_BD,BT,BD,Berlin Thunder,Barcelona Dragons,7/24/2021,Reus,Estadio municipal,19:00,NA,Y,Y,NA,0,29c,NA,Sunny,R.Miras,D.Clemence,"J,Fernandez",K.Haltermann,A.Valverde,M.Hoffmann,P.Simon,J.Lanz,J.Lanz,BT,1,10,BD49,"V,1,10,H49","16,4,131","RUSH:1,H47, TACK:2",J. Crawford rush for 2 yards to the BD47 (G. Prati).,"V,2,8,H47",rush,NA,0,0,16,28,NA,NA,16,V,BT,"KO,3,09:01,25","PUNT,3,06:50,49",5,24,2:11,KO,3,09:01,BT25,PUNT,3,06:50,BT49,NA
2021_06_BT_BD,BT,BD,Berlin Thunder,Barcelona Dragons,7/24/2021,Reus,Estadio municipal,19:00,NA,Y,Y,NA,0,29c,NA,Sunny,R.Miras,D.Clemence,"J,Fernandez",K.Haltermann,A.Valverde,M.Hoffmann,P.Simon,J.Lanz,J.Lanz,BT,2,8,BD47,"V,2,8,H47","16,5,132","PASS:11,I,7,* BRUP:11",B. Zerbe pass incomplete to S. Jones (B. Brooks).,"V,3,8,H47",pass,NA,0,0,16,28,NA,NA,16,V,BT,"KO,3,09:01,25","PUNT,3,06:50,49",5,24,2:11,KO,3,09:01,BT25,PUNT,3,06:50,BT49,NA
2021_06_BT_BD,BT,BD,Berlin Thunder,Barcelona Dragons,7/24/2021,Reus,Estadio municipal,19:00,NA,Y,Y,NA,0,29c,NA,Sunny,R.Miras,D.Clemence,"J,Fernandez",K.Haltermann,A.Valverde,M.Hoffmann,P.Simon,J.Lanz,J.Lanz,BT,3,8,BD47,"V,3,8,H47","16,6,133","PASS:11,I,17,*",B. Zerbe pass incomplete to E. Drossard.,"V,4,8,H47",pass,NA,0,0,16,28,NA,NA,16,V,BT,"KO,3,09:01,25","PUNT,3,06:50,49",5,24,2:11,KO,3,09:01,BT25,PUNT,3,06:50,BT49,NA
2021_06_BT_BD,BT,BD,Berlin Thunder,Barcelona Dragons,7/24/2021,Reus,Estadio municipal,19:00,NA,Y,Y,NA,0,29c,NA,Sunny,R.Miras,D.Clemence,"J,Fernandez",K.Haltermann,A.Valverde,M.Hoffmann,P.Simon,J.Lanz,J.Lanz,BT,4,8,BD47,"V,4,8,H47","16,7,134","PEN:V,FS,A,15,V49,N",PENALTY BT false start (M. Thiele) 4 yards to the BT49.,"V,4,12,V49",penalty,NA,0,0,16,28,NA,NA,16,V,BT,"KO,3,09:01,25","PUNT,3,06:50,49",5,24,2:11,KO,3,09:01,BT25,PUNT,3,06:50,BT49,NA
2021_06_BT_BD,BT,BD,Berlin Thunder,Barcelona Dragons,7/24/2021,Reus,Estadio municipal,19:00,NA,Y,Y,NA,0,29c,NA,Sunny,R.Miras,D.Clemence,"J,Fernandez",K.Haltermann,A.Valverde,M.Hoffmann,P.Simon,J.Lanz,J.Lanz,BT,4,12,BT49,"V,4,12,V49","16,8,135","PUNT:14,H19 RET:5,H21 TACK:42,24","K. Hummel punt 32 yards to the BD19, J. Constant return 2 yards to the BD21 (P. Fischer;M. De Falcis).","H,1,10,H21",punt,NA,0,0,16,28,NA,NA,16,V,BT,"KO,3,09:01,25","PUNT,3,06:50,49",5,24,2:11,KO,3,09:01,BT25,PUNT,3,06:50,BT49,NA
2021_06_BT_BD,BT,BD,Berlin Thunder,Barcelona Dragons,7/24/2021,Reus,Estadio municipal,19:00,NA,Y,Y,NA,0,29c,NA,Sunny,R.Miras,D.Clemence,"J,Fernandez",K.Haltermann,A.Valverde,M.Hoffmann,P.Simon,J.Lanz,J.Lanz,BD,1,10,BD21,"H,1,10,H21","17,1,136",{DRIVE}:06:50,BARCELONA DRAGONS drive start at 06:50.,"H,1,10,H21",NA,NA,0,0,16,28,06:50,NA,17,H,BD,"PUNT,3,06:50,21","PUNT,3,05:29,25",3,4,1:21,PUNT,3,06:50,BD21,PUNT,3,05:29,BD25,NA
2021_06_BT_BD,BT,BD,Berlin Thunder,Barcelona Dragons,7/24/2021,Reus,Estadio municipal,19:00,NA,Y,Y,NA,0,29c,NA,Sunny,R.Miras,D.Clemence,"J,Fernandez",K.Haltermann,A.Valverde,M.Hoffmann,P.Simon,J.Lanz,J.Lanz,BD,1,10,BD21,"H,1,10,H21","17,2,137","PASS:1,C,21,H26 TACK:31",Z. Edwards pass complete to A. Monton for 5 yards to the BD26 (L. Pekkarinen).,"H,2,5,H26",pass,NA,0,0,16,28,NA,NA,17,H,BD,"PUNT,3,06:50,21","PUNT,3,05:29,25",3,4,1:21,PUNT,3,06:50,BD21,PUNT,3,05:29,BD25,NA
2021_06_BT_BD,BT,BD,Berlin Thunder,Barcelona Dragons,7/24/2021,Reus,Estadio municipal,19:00,NA,Y,Y,NA,0,29c,NA,Sunny,R.Miras,D.Clemence,"J,Fernandez",K.Haltermann,A.Valverde,M.Hoffmann,P.Simon,J.Lanz,J.Lanz,BD,2,5,BD26,"H,2,5,H26","17,3,138","PASS:1,C,21,H25 TACK:45",Z. Edwards pass complete to A. Monton for loss of 1 yard to the BD25 (K. Hill).,"H,3,6,H25",pass,NA,0,0,16,28,NA,NA,17,H,BD,"PUNT,3,06:50,21","PUNT,3,05:29,25",3,4,1:21,PUNT,3,06:50,BD21,PUNT,3,05:29,BD25,NA
2021_06_BT_BD,BT,BD,Berlin Thunder,Barcelona Dragons,7/24/2021,Reus,Estadio municipal,19:00,NA,Y,Y,NA,0,29c,NA,Sunny,R.Miras,D.Clemence,"J,Fernandez",K.Haltermann,A.Valverde,M.Hoffmann,P.Simon,J.Lanz,J.Lanz,BD,3,6,BD25,"H,3,6,H25","17,4,139","PASS:1,I,4,* BRUP:15",Z. Edwards pass incomplete to R. Bertellin (M. Thiele).,"H,4,6,H25",pass,NA,0,0,16,28,NA,NA,17,H,BD,"PUNT,3,06:50,21","PUNT,3,05:29,25",3,4,1:21,PUNT,3,06:50,BD21,PUNT,3,05:29,BD25,NA
2021_06_BT_BD,BT,BD,Berlin Thunder,Barcelona Dragons,7/24/2021,Reus,Estadio municipal,19:00,NA,Y,Y,NA,0,29c,NA,Sunny,R.Miras,D.Clemence,"J,Fernandez",K.Haltermann,A.Valverde,M.Hoffmann,P.Simon,J.Lanz,J.Lanz,BD,4,6,BD25,"H,4,6,H25","17,5,140","PUNT:18,V14",C. Manser punt 61 yards to the BT14.,"V,1,10,V14",punt,NA,0,0,16,28,NA,NA,17,H,BD,"PUNT,3,06:50,21","PUNT,3,05:29,25",3,4,1:21,PUNT,3,06:50,BD21,PUNT,3,05:29,BD25,NA
2021_06_BT_BD,BT,BD,Berlin Thunder,Barcelona Dragons,7/24/2021,Reus,Estadio municipal,19:00,NA,Y,Y,NA,0,29c,NA,Sunny,R.Miras,D.Clemence,"J,Fernandez",K.Haltermann,A.Valverde,M.Hoffmann,P.Simon,J.Lanz,J.Lanz,BT,1,10,BT14,"V,1,10,V14","18,1,141",{DRIVE}:05:29,BERLIN THUNDER drive start at 05:29.,"V,1,10,V14",NA,NA,0,0,16,28,05:29,NA,18,V,BT,"PUNT,3,05:29,14","INT,3,02:32,54",5,40,2:57,PUNT,3,05:29,BT14,INT,3,02:32,BD46,NA
2021_06_BT_BD,BT,BD,Berlin Thunder,Barcelona Dragons,7/24/2021,Reus,Estadio municipal,19:00,NA,Y,Y,NA,0,29c,NA,Sunny,R.Miras,D.Clemence,"J,Fernandez",K.Haltermann,A.Valverde,M.Hoffmann,P.Simon,J.Lanz,J.Lanz,BT,1,10,BT14,"V,1,10,V14","18,2,142","RUSH:1,V17, TACK:45",J. Crawford rush for 3 yards to the BT17 (A. Posito).,"V,2,7,V17",rush,NA,0,0,16,28,NA,NA,18,V,BT,"PUNT,3,05:29,14","INT,3,02:32,54",5,40,2:57,PUNT,3,05:29,BT14,INT,3,02:32,BD46,NA
2021_06_BT_BD,BT,BD,Berlin Thunder,Barcelona Dragons,7/24/2021,Reus,Estadio municipal,19:00,NA,Y,Y,NA,0,29c,NA,Sunny,R.Miras,D.Clemence,"J,Fernandez",K.Haltermann,A.Valverde,M.Hoffmann,P.Simon,J.Lanz,J.Lanz,BT,2,7,BT17,"V,2,7,V17","18,3,143","RUSH:1,V24, TACK:7,45","J. Crawford rush for 7 yards to the BT24, 1ST DOWN BT (M. Tavarres;A. Posito).","V,1,10,V24",rush,rush,0,0,16,28,NA,NA,18,V,BT,"PUNT,3,05:29,14","INT,3,02:32,54",5,40,2:57,PUNT,3,05:29,BT14,INT,3,02:32,BD46,NA
2021_06_BT_BD,BT,BD,Berlin Thunder,Barcelona Dragons,7/24/2021,Reus,Estadio municipal,19:00,NA,Y,Y,NA,0,29c,NA,Sunny,R.Miras,D.Clemence,"J,Fernandez",K.Haltermann,A.Valverde,M.Hoffmann,P.Simon,J.Lanz,J.Lanz,BT,1,10,BT24,"V,1,10,V24","18,4,144",TOUT:V T:03:59,"Timeout Berlin Thunder, clock 03:59.","V,1,10,V24",NA,NA,0,0,16,28,03:59,NA,18,V,BT,"PUNT,3,05:29,14","INT,3,02:32,54",5,40,2:57,PUNT,3,05:29,BT14,INT,3,02:32,BD46,NA
2021_06_BT_BD,BT,BD,Berlin Thunder,Barcelona Dragons,7/24/2021,Reus,Estadio municipal,19:00,NA,Y,Y,NA,0,29c,NA,Sunny,R.Miras,D.Clemence,"J,Fernandez",K.Haltermann,A.Valverde,M.Hoffmann,P.Simon,J.Lanz,J.Lanz,BT,1,10,BT24,"V,1,10,V24","18,5,145","RUSH:11,V27, TACK:22",B. Zerbe rush for 3 yards to the BT27 (L.Frecha).,"V,2,7,V27",rush,NA,0,0,16,28,NA,NA,18,V,BT,"PUNT,3,05:29,14","INT,3,02:32,54",5,40,2:57,PUNT,3,05:29,BT14,INT,3,02:32,BD46,NA
2021_06_BT_BD,BT,BD,Berlin Thunder,Barcelona Dragons,7/24/2021,Reus,Estadio municipal,19:00,NA,Y,Y,NA,0,29c,NA,Sunny,R.Miras,D.Clemence,"J,Fernandez",K.Haltermann,A.Valverde,M.Hoffmann,P.Simon,J.Lanz,J.Lanz,BT,2,7,BT27,"V,2,7,V27","18,6,146","PASS:11,C,7,H46 TACK:11","B. Zerbe pass complete to S. Jones for 27 yards to the BD46, 1ST DOWN BT (B. Brooks).","V,1,10,H46",pass,pass,0,0,16,28,NA,NA,18,V,BT,"PUNT,3,05:29,14","INT,3,02:32,54",5,40,2:57,PUNT,3,05:29,BT14,INT,3,02:32,BD46,NA
2021_06_BT_BD,BT,BD,Berlin Thunder,Barcelona Dragons,7/24/2021,Reus,Estadio municipal,19:00,NA,Y,Y,NA,0,29c,NA,Sunny,R.Miras,D.Clemence,"J,Fernandez",K.Haltermann,A.Valverde,M.Hoffmann,P.Simon,J.Lanz,J.Lanz,BT,1,10,BD46,"V,1,10,H46","18,7,147","PASS:11,X,27,H39 RET:27,H39","B. Zerbe pass intercepted by A. Vera at the BD39, A. Vera return 0 yards to the BD39.","H,1,10,H39",pass,NA,0,0,16,28,NA,I,18,V,BT,"PUNT,3,05:29,14","INT,3,02:32,54",5,40,2:57,PUNT,3,05:29,BT14,INT,3,02:32,BD46,NA
2021_06_BT_BD,BT,BD,Berlin Thunder,Barcelona Dragons,7/24/2021,Reus,Estadio municipal,19:00,NA,Y,Y,NA,0,29c,NA,Sunny,R.Miras,D.Clemence,"J,Fernandez",K.Haltermann,A.Valverde,M.Hoffmann,P.Simon,J.Lanz,J.Lanz,BD,1,10,BD39,"H,1,10,H39","19,1,148",{DRIVE}:02:32,BARCELONA DRAGONS drive start at 02:32.,"H,1,10,H39",NA,NA,0,0,16,28,02:32,NA,19,H,BD,"INT,3,02:32,39","PUNT,3,01:31,53",4,14,1:01,INT,3,02:32,BD39,PUNT,3,01:31,BT47,NA
2021_06_BT_BD,BT,BD,Berlin Thunder,Barcelona Dragons,7/24/2021,Reus,Estadio municipal,19:00,NA,Y,Y,NA,0,29c,NA,Sunny,R.Miras,D.Clemence,"J,Fernandez",K.Haltermann,A.Valverde,M.Hoffmann,P.Simon,J.Lanz,J.Lanz,BD,1,10,BD39,"H,1,10,H39","19,2,149",TOUT:H T:02:32,"Timeout Barcelona Dragons, clock 02:32.","H,1,10,H39",NA,NA,0,0,16,28,02:32,NA,19,H,BD,"INT,3,02:32,39","PUNT,3,01:31,53",4,14,1:01,INT,3,02:32,BD39,PUNT,3,01:31,BT47,NA
2021_06_BT_BD,BT,BD,Berlin Thunder,Barcelona Dragons,7/24/2021,Reus,Estadio municipal,19:00,NA,Y,Y,NA,0,29c,NA,Sunny,R.Miras,D.Clemence,"J,Fernandez",K.Haltermann,A.Valverde,M.Hoffmann,P.Simon,J.Lanz,J.Lanz,BD,1,10,BD39,"H,1,10,H39","19,3,150","PASS:1,C,21,V42 TACK:22","Z. Edwards pass complete to A. Monton for 19 yards to the BT42, 1ST DOWN BD (L. Achaintre).","H,1,10,V42",pass,pass,0,0,16,28,NA,NA,19,H,BD,"INT,3,02:32,39","PUNT,3,01:31,53",4,14,1:01,INT,3,02:32,BD39,PUNT,3,01:31,BT47,NA
2021_06_BT_BD,BT,BD,Berlin Thunder,Barcelona Dragons,7/24/2021,Reus,Estadio municipal,19:00,NA,Y,Y,NA,0,29c,NA,Sunny,R.Miras,D.Clemence,"J,Fernandez",K.Haltermann,A.Valverde,M.Hoffmann,P.Simon,J.Lanz,J.Lanz,BD,1,10,BT42,"H,1,10,V42","19,4,151","PASS:1,I,5,*",Z. Edwards pass incomplete to J. Constant.,"H,2,10,V42",pass,NA,0,0,16,28,NA,NA,19,H,BD,"INT,3,02:32,39","PUNT,3,01:31,53",4,14,1:01,INT,3,02:32,BD39,PUNT,3,01:31,BT47,NA
2021_06_BT_BD,BT,BD,Berlin Thunder,Barcelona Dragons,7/24/2021,Reus,Estadio municipal,19:00,NA,Y,Y,NA,0,29c,NA,Sunny,R.Miras,D.Clemence,"J,Fernandez",K.Haltermann,A.Valverde,M.Hoffmann,P.Simon,J.Lanz,J.Lanz,BD,2,10,BT42,"H,2,10,V42","19,5,152","PASS:1,I,15,* BRUP:15",Z. Edwards pass incomplete to M. Flores (M. Thiele).,"H,3,10,V42",pass,NA,0,0,16,28,NA,NA,19,H,BD,"INT,3,02:32,39","PUNT,3,01:31,53",4,14,1:01,INT,3,02:32,BD39,PUNT,3,01:31,BT47,NA
2021_06_BT_BD,BT,BD,Berlin Thunder,Barcelona Dragons,7/24/2021,Reus,Estadio municipal,19:00,NA,Y,Y,NA,0,29c,NA,Sunny,R.Miras,D.Clemence,"J,Fernandez",K.Haltermann,A.Valverde,M.Hoffmann,P.Simon,J.Lanz,J.Lanz,BD,3,10,BT42,"H,3,10,V42","19,6,153","PASS:1,I,25,*",Z. Edwards pass incomplete to N. Lester.,"H,4,10,V42",pass,NA,0,0,16,28,NA,NA,19,H,BD,"INT,3,02:32,39","PUNT,3,01:31,53",4,14,1:01,INT,3,02:32,BD39,PUNT,3,01:31,BT47,NA
2021_06_BT_BD,BT,BD,Berlin Thunder,Barcelona Dragons,7/24/2021,Reus,Estadio municipal,19:00,NA,Y,Y,NA,0,29c,NA,Sunny,R.Miras,D.Clemence,"J,Fernandez",K.Haltermann,A.Valverde,M.Hoffmann,P.Simon,J.Lanz,J.Lanz,BD,4,10,BT42,"H,4,10,V42","19,7,154",TOUT:V T:01:31,"Timeout Berlin Thunder, clock 01:31.","H,4,10,V42",NA,NA,0,0,16,28,01:31,NA,19,H,BD,"INT,3,02:32,39","PUNT,3,01:31,53",4,14,1:01,INT,3,02:32,BD39,PUNT,3,01:31,BT47,NA
2021_06_BT_BD,BT,BD,Berlin Thunder,Barcelona Dragons,7/24/2021,Reus,Estadio municipal,19:00,NA,Y,Y,NA,0,29c,NA,Sunny,R.Miras,D.Clemence,"J,Fernandez",K.Haltermann,A.Valverde,M.Hoffmann,P.Simon,J.Lanz,J.Lanz,BD,4,10,BT42,"H,4,10,V42","19,8,155","PEN:H,FS,A,43,V47,N",PENALTY BD false start (V. Albarracin) 5 yards to the BT47.,"H,4,15,V47",penalty,NA,0,0,16,28,NA,NA,19,H,BD,"INT,3,02:32,39","PUNT,3,01:31,53",4,14,1:01,INT,3,02:32,BD39,PUNT,3,01:31,BT47,NA
2021_06_BT_BD,BT,BD,Berlin Thunder,Barcelona Dragons,7/24/2021,Reus,Estadio municipal,19:00,NA,Y,Y,NA,0,29c,NA,Sunny,R.Miras,D.Clemence,"J,Fernandez",K.Haltermann,A.Valverde,M.Hoffmann,P.Simon,J.Lanz,J.Lanz,BD,4,15,BT47,"H,4,15,V47","19,9,156","PUNT:18,V14 OB:","C. Manser punt 33 yards to the BT14, out-of-bounds.","V,1,10,V14",punt,NA,1,0,16,28,NA,NA,19,H,BD,"INT,3,02:32,39","PUNT,3,01:31,53",4,14,1:01,INT,3,02:32,BD39,PUNT,3,01:31,BT47,NA
2021_06_BT_BD,BT,BD,Berlin Thunder,Barcelona Dragons,7/24/2021,Reus,Estadio municipal,19:00,NA,Y,Y,NA,0,29c,NA,Sunny,R.Miras,D.Clemence,"J,Fernandez",K.Haltermann,A.Valverde,M.Hoffmann,P.Simon,J.Lanz,J.Lanz,BT,1,10,BT14,"V,1,10,V14","20,1,157",{DRIVE}:01:31,BERLIN THUNDER drive start at 01:31.,"V,1,10,V14",NA,NA,0,0,16,28,01:31,NA,20,V,BT,"PUNT,3,01:31,14","DOWNS,4,10:12,91",9,77,6:19,PUNT,3,01:31,BT14,DOWNS,4,10:12,BD09,1
2021_06_BT_BD,BT,BD,Berlin Thunder,Barcelona Dragons,7/24/2021,Reus,Estadio municipal,19:00,NA,Y,Y,NA,0,29c,NA,Sunny,R.Miras,D.Clemence,"J,Fernandez",K.Haltermann,A.Valverde,M.Hoffmann,P.Simon,J.Lanz,J.Lanz,BT,1,10,BT14,"V,1,10,V14","20,2,158","RUSH:1,V22, TACK:45,7",J. Crawford rush for 8 yards to the BT22 (A. Posito;M. Tavarres).,"V,2,2,V22",rush,NA,0,0,16,28,NA,NA,20,V,BT,"PUNT,3,01:31,14","DOWNS,4,10:12,91",9,77,6:19,PUNT,3,01:31,BT14,DOWNS,4,10:12,BD09,1
2021_06_BT_BD,BT,BD,Berlin Thunder,Barcelona Dragons,7/24/2021,Reus,Estadio municipal,19:00,NA,Y,Y,NA,0,29c,NA,Sunny,R.Miras,D.Clemence,"J,Fernandez",K.Haltermann,A.Valverde,M.Hoffmann,P.Simon,J.Lanz,J.Lanz,BT,2,2,BT22,"V,2,2,V22","20,3,159","RUSH:11,V23, TACK:45",B. Zerbe rush for 1 yard to the BT23 (A. Posito).,"V,3,1,V23",rush,NA,0,0,16,28,NA,NA,20,V,BT,"PUNT,3,01:31,14","DOWNS,4,10:12,91",9,77,6:19,PUNT,3,01:31,BT14,DOWNS,4,10:12,BD09,1
2021_06_BT_BD,BT,BD,Berlin Thunder,Barcelona Dragons,7/24/2021,Reus,Estadio municipal,19:00,NA,Y,Y,NA,0,29c,NA,Sunny,R.Miras,D.Clemence,"J,Fernandez",K.Haltermann,A.Valverde,M.Hoffmann,P.Simon,J.Lanz,J.Lanz,BT,3,1,BT23,"V,3,1,V23","20,4,160","RUSH:1,V33, TACK:45","J. Crawford rush for 10 yards to the BT33, 1ST DOWN BT (A. Posito).","V,1,10,V33",rush,rush,0,0,16,28,NA,NA,20,V,BT,"PUNT,3,01:31,14","DOWNS,4,10:12,91",9,77,6:19,PUNT,3,01:31,BT14,DOWNS,4,10:12,BD09,1
2021_06_BT_BD,BT,BD,Berlin Thunder,Barcelona Dragons,7/24/2021,Reus,Estadio municipal,19:00,NA,Y,Y,NA,0,29c,NA,Sunny,R.Miras,D.Clemence,"J,Fernandez",K.Haltermann,A.Valverde,M.Hoffmann,P.Simon,J.Lanz,J.Lanz,BT,1,10,BT33,"V,1,10,V33","20,5,161",Q:4 T:15:00,"Start of 4th quarter, clock 15:00.","V,1,10,V33",NA,NA,0,0,16,28,15:00,NA,20,V,BT,"PUNT,3,01:31,14","DOWNS,4,10:12,91",9,77,6:19,PUNT,3,01:31,BT14,DOWNS,4,10:12,BD09,1
2021_06_BT_BD,BT,BD,Berlin Thunder,Barcelona Dragons,7/24/2021,Reus,Estadio municipal,19:00,NA,Y,Y,NA,0,29c,NA,Sunny,R.Miras,D.Clemence,"J,Fernandez",K.Haltermann,A.Valverde,M.Hoffmann,P.Simon,J.Lanz,J.Lanz,BT,1,10,BT33,"V,1,10,V33","20,6,162",TOUT:V T:15:00,"Timeout Berlin Thunder, clock 15:00.","V,1,10,V33",NA,NA,0,0,16,28,15:00,NA,20,V,BT,"PUNT,3,01:31,14","DOWNS,4,10:12,91",9,77,6:19,PUNT,3,01:31,BT14,DOWNS,4,10:12,BD09,1
2021_06_BT_BD,BT,BD,Berlin Thunder,Barcelona Dragons,7/24/2021,Reus,Estadio municipal,19:00,NA,Y,Y,NA,0,29c,NA,Sunny,R.Miras,D.Clemence,"J,Fernandez",K.Haltermann,A.Valverde,M.Hoffmann,P.Simon,J.Lanz,J.Lanz,BT,1,10,BT33,"V,1,10,V33","20,7,163","RUSH:11,H37, OB: TACK:7","B. Zerbe rush for 30 yards to the BD37, 1ST DOWN BT, out-of-bounds (M. Tavarres).","V,1,10,H37",rush,rush,1,0,16,28,NA,NA,20,V,BT,"PUNT,3,01:31,14","DOWNS,4,10:12,91",9,77,6:19,PUNT,3,01:31,BT14,DOWNS,4,10:12,BD09,1
2021_06_BT_BD,BT,BD,Berlin Thunder,Barcelona Dragons,7/24/2021,Reus,Estadio municipal,19:00,NA,Y,Y,NA,0,29c,NA,Sunny,R.Miras,D.Clemence,"J,Fernandez",K.Haltermann,A.Valverde,M.Hoffmann,P.Simon,J.Lanz,J.Lanz,BT,1,10,BD37,"V,1,10,H37","20,8,164","PEN:V,HO,A,7,H47,N",PENALTY BT holding (S. Jones) 10 yards to the BD47.,"V,1,20,H47",penalty,NA,0,0,16,28,NA,NA,20,V,BT,"PUNT,3,01:31,14","DOWNS,4,10:12,91",9,77,6:19,PUNT,3,01:31,BT14,DOWNS,4,10:12,BD09,1
2021_06_BT_BD,BT,BD,Berlin Thunder,Barcelona Dragons,7/24/2021,Reus,Estadio municipal,19:00,NA,Y,Y,NA,0,29c,NA,Sunny,R.Miras,D.Clemence,"J,Fernandez",K.Haltermann,A.Valverde,M.Hoffmann,P.Simon,J.Lanz,J.Lanz,BT,1,20,BD47,"V,1,20,H47","20,9,165","RUSH:1,H09, TACK:20","J. Crawford rush for 38 yards to the BD9, 1ST DOWN BT (L. Masero).","V,1,0,H09",rush,rush,0,0,16,28,NA,NA,20,V,BT,"PUNT,3,01:31,14","DOWNS,4,10:12,91",9,77,6:19,PUNT,3,01:31,BT14,DOWNS,4,10:12,BD09,1
2021_06_BT_BD,BT,BD,Berlin Thunder,Barcelona Dragons,7/24/2021,Reus,Estadio municipal,19:00,NA,Y,Y,NA,0,29c,NA,Sunny,R.Miras,D.Clemence,"J,Fernandez",K.Haltermann,A.Valverde,M.Hoffmann,P.Simon,J.Lanz,J.Lanz,BT,1,0,BD09,"V,1,0,H09","20,10,166","RUSH:1,H02, TACK:7",J. Crawford rush for 7 yards to the BD2 (M. Tavarres).,"V,2,0,H02",rush,NA,0,0,16,28,NA,NA,20,V,BT,"PUNT,3,01:31,14","DOWNS,4,10:12,91",9,77,6:19,PUNT,3,01:31,BT14,DOWNS,4,10:12,BD09,1
2021_06_BT_BD,BT,BD,Berlin Thunder,Barcelona Dragons,7/24/2021,Reus,Estadio municipal,19:00,NA,Y,Y,NA,0,29c,NA,Sunny,R.Miras,D.Clemence,"J,Fernandez",K.Haltermann,A.Valverde,M.Hoffmann,P.Simon,J.Lanz,J.Lanz,BT,2,0,BD02,"V,2,0,H02","20,11,167","PEN:V,DG,A,11,H07,N",PENALTY BT delay of game (B. Zerbe) 5 yards to the BD7.,"V,2,0,H07",penalty,NA,0,0,16,28,NA,NA,20,V,BT,"PUNT,3,01:31,14","DOWNS,4,10:12,91",9,77,6:19,PUNT,3,01:31,BT14,DOWNS,4,10:12,BD09,1
2021_06_BT_BD,BT,BD,Berlin Thunder,Barcelona Dragons,7/24/2021,Reus,Estadio municipal,19:00,NA,Y,Y,NA,0,29c,NA,Sunny,R.Miras,D.Clemence,"J,Fernandez",K.Haltermann,A.Valverde,M.Hoffmann,P.Simon,J.Lanz,J.Lanz,BT,2,0,BD07,"V,2,0,H07","20,12,168","PEN:V,PF,A,TM,H22,N",PENALTY BT personal foul 15 yards to the BD22.,"V,2,0,H22",penalty,NA,0,0,16,28,NA,NA,20,V,BT,"PUNT,3,01:31,14","DOWNS,4,10:12,91",9,77,6:19,PUNT,3,01:31,BT14,DOWNS,4,10:12,BD09,1
2021_06_BT_BD,BT,BD,Berlin Thunder,Barcelona Dragons,7/24/2021,Reus,Estadio municipal,19:00,NA,Y,Y,NA,0,29c,NA,Sunny,R.Miras,D.Clemence,"J,Fernandez",K.Haltermann,A.Valverde,M.Hoffmann,P.Simon,J.Lanz,J.Lanz,BT,2,0,BD22,"V,2,0,H22","20,13,169","RUSH:1,H24, TACK:7",J. Crawford rush for loss of 2 yards to the BD24 (M. Tavarres).,"V,3,0,H24",rush,NA,0,0,16,28,NA,NA,20,V,BT,"PUNT,3,01:31,14","DOWNS,4,10:12,91",9,77,6:19,PUNT,3,01:31,BT14,DOWNS,4,10:12,BD09,1
2021_06_BT_BD,BT,BD,Berlin Thunder,Barcelona Dragons,7/24/2021,Reus,Estadio municipal,19:00,NA,Y,Y,NA,0,29c,NA,Sunny,R.Miras,D.Clemence,"J,Fernandez",K.Haltermann,A.Valverde,M.Hoffmann,P.Simon,J.Lanz,J.Lanz,BT,3,0,BD24,"V,3,0,H24","20,14,170","PASS:11,C,1,H09 TACK:45,20",B. Zerbe pass complete to J. Crawford for 15 yards to the BD9 (A. Posito;L. Masero).,"V,4,0,H09",pass,NA,0,0,16,28,NA,NA,20,V,BT,"PUNT,3,01:31,14","DOWNS,4,10:12,91",9,77,6:19,PUNT,3,01:31,BT14,DOWNS,4,10:12,BD09,1
2021_06_BT_BD,BT,BD,Berlin Thunder,Barcelona Dragons,7/24/2021,Reus,Estadio municipal,19:00,NA,Y,Y,NA,0,29c,NA,Sunny,R.Miras,D.Clemence,"J,Fernandez",K.Haltermann,A.Valverde,M.Hoffmann,P.Simon,J.Lanz,J.Lanz,BT,4,0,BD09,"V,4,0,H09","20,15,171","PASS:11,I,7,*",B. Zerbe pass incomplete to S. Jones.,"H,1,10,H09",pass,NA,0,0,16,28,NA,NA,20,V,BT,"PUNT,3,01:31,14","DOWNS,4,10:12,91",9,77,6:19,PUNT,3,01:31,BT14,DOWNS,4,10:12,BD09,1
2021_06_BT_BD,BT,BD,Berlin Thunder,Barcelona Dragons,7/24/2021,Reus,Estadio municipal,19:00,NA,Y,Y,NA,0,29c,NA,Sunny,R.Miras,D.Clemence,"J,Fernandez",K.Haltermann,A.Valverde,M.Hoffmann,P.Simon,J.Lanz,J.Lanz,BD,1,10,BD09,"H,1,10,H09","21,1,172",{DRIVE}:10:12,BARCELONA DRAGONS drive start at 10:12.,"H,1,10,H09",NA,NA,0,0,16,28,10:12,NA,21,H,BD,"DOWNS,4,10:12,9","TD,4,05:17,100",11,91,4:55,DOWNS,4,10:12,BD09,TD,4,05:17,BT00,1
2021_06_BT_BD,BT,BD,Berlin Thunder,Barcelona Dragons,7/24/2021,Reus,Estadio municipal,19:00,NA,Y,Y,NA,0,29c,NA,Sunny,R.Miras,D.Clemence,"J,Fernandez",K.Haltermann,A.Valverde,M.Hoffmann,P.Simon,J.Lanz,J.Lanz,BD,1,10,BD09,"H,1,10,H09","21,2,173","RUSH:3,H11, TACK:52",A. Jimenez rush for 2 yards to the BD11 (W. Nasri).,"H,2,8,H11",rush,NA,0,0,16,28,NA,NA,21,H,BD,"DOWNS,4,10:12,9","TD,4,05:17,100",11,91,4:55,DOWNS,4,10:12,BD09,TD,4,05:17,BT00,1
2021_06_BT_BD,BT,BD,Berlin Thunder,Barcelona Dragons,7/24/2021,Reus,Estadio municipal,19:00,NA,Y,Y,NA,0,29c,NA,Sunny,R.Miras,D.Clemence,"J,Fernandez",K.Haltermann,A.Valverde,M.Hoffmann,P.Simon,J.Lanz,J.Lanz,BD,2,8,BD11,"H,2,8,H11","21,3,174","RUSH:3,H10, TACK:91",A. Jimenez rush for loss of 1 yard to the BD10 (A. Odeleye).,"H,3,9,H10",rush,NA,0,0,16,28,NA,NA,21,H,BD,"DOWNS,4,10:12,9","TD,4,05:17,100",11,91,4:55,DOWNS,4,10:12,BD09,TD,4,05:17,BT00,1
2021_06_BT_BD,BT,BD,Berlin Thunder,Barcelona Dragons,7/24/2021,Reus,Estadio municipal,19:00,NA,Y,Y,NA,0,29c,NA,Sunny,R.Miras,D.Clemence,"J,Fernandez",K.Haltermann,A.Valverde,M.Hoffmann,P.Simon,J.Lanz,J.Lanz,BD,3,9,BD10,"H,3,9,H10","21,4,175","PASS:1,C,4,H21 OB: TACK:31","Z. Edwards pass complete to R. Bertellin for 11 yards to the BD21, 1ST DOWN BD, out-of-bounds (L. Pekkarinen).","H,1,10,H21",pass,pass,1,0,16,28,NA,NA,21,H,BD,"DOWNS,4,10:12,9","TD,4,05:17,100",11,91,4:55,DOWNS,4,10:12,BD09,TD,4,05:17,BT00,1
2021_06_BT_BD,BT,BD,Berlin Thunder,Barcelona Dragons,7/24/2021,Reus,Estadio municipal,19:00,NA,Y,Y,NA,0,29c,NA,Sunny,R.Miras,D.Clemence,"J,Fernandez",K.Haltermann,A.Valverde,M.Hoffmann,P.Simon,J.Lanz,J.Lanz,BD,1,10,BD21,"H,1,10,H21","21,5,176","PASS:1,C,5,H24 TACK:3",Z. Edwards pass complete to J. Constant for 3 yards to the BD24 (A. Gehrt).,"H,2,7,H24",pass,NA,0,0,16,28,NA,NA,21,H,BD,"DOWNS,4,10:12,9","TD,4,05:17,100",11,91,4:55,DOWNS,4,10:12,BD09,TD,4,05:17,BT00,1
2021_06_BT_BD,BT,BD,Berlin Thunder,Barcelona Dragons,7/24/2021,Reus,Estadio municipal,19:00,NA,Y,Y,NA,0,29c,NA,Sunny,R.Miras,D.Clemence,"J,Fernandez",K.Haltermann,A.Valverde,M.Hoffmann,P.Simon,J.Lanz,J.Lanz,BD,2,7,BD24,"H,2,7,H24","21,6,177","RUSH:3,H27, TACK:52",A. Jimenez rush for 3 yards to the BD27 (W. Nasri).,"H,3,4,H27",rush,NA,0,0,16,28,NA,NA,21,H,BD,"DOWNS,4,10:12,9","TD,4,05:17,100",11,91,4:55,DOWNS,4,10:12,BD09,TD,4,05:17,BT00,1
2021_06_BT_BD,BT,BD,Berlin Thunder,Barcelona Dragons,7/24/2021,Reus,Estadio municipal,19:00,NA,Y,Y,NA,0,29c,NA,Sunny,R.Miras,D.Clemence,"J,Fernandez",K.Haltermann,A.Valverde,M.Hoffmann,P.Simon,J.Lanz,J.Lanz,BD,3,4,BD27,"H,3,4,H27","21,7,178","RUSH:3,V48, TACK:24","A. Jimenez rush for 25 yards to the BT48, 1ST DOWN BD (M. De Falcis).","H,1,10,V48",rush,rush,0,0,16,28,NA,NA,21,H,BD,"DOWNS,4,10:12,9","TD,4,05:17,100",11,91,4:55,DOWNS,4,10:12,BD09,TD,4,05:17,BT00,1
2021_06_BT_BD,BT,BD,Berlin Thunder,Barcelona Dragons,7/24/2021,Reus,Estadio municipal,19:00,NA,Y,Y,NA,0,29c,NA,Sunny,R.Miras,D.Clemence,"J,Fernandez",K.Haltermann,A.Valverde,M.Hoffmann,P.Simon,J.Lanz,J.Lanz,BD,1,10,BT48,"H,1,10,V48","21,8,179","RUSH:3,V40, TACK:31",A. Jimenez rush for 8 yards to the BT40 (L. Pekkarinen).,"H,2,2,V40",rush,NA,0,0,16,28,NA,NA,21,H,BD,"DOWNS,4,10:12,9","TD,4,05:17,100",11,91,4:55,DOWNS,4,10:12,BD09,TD,4,05:17,BT00,1
2021_06_BT_BD,BT,BD,Berlin Thunder,Barcelona Dragons,7/24/2021,Reus,Estadio municipal,19:00,NA,Y,Y,NA,0,29c,NA,Sunny,R.Miras,D.Clemence,"J,Fernandez",K.Haltermann,A.Valverde,M.Hoffmann,P.Simon,J.Lanz,J.Lanz,BD,2,2,BT40,"H,2,2,V40","21,9,180","RUSH:3,V37, TACK:44","A. Jimenez rush for 3 yards to the BT37, 1ST DOWN BD (M. Steffen).","H,1,10,V37",rush,rush,0,0,16,28,NA,NA,21,H,BD,"DOWNS,4,10:12,9","TD,4,05:17,100",11,91,4:55,DOWNS,4,10:12,BD09,TD,4,05:17,BT00,1
2021_06_BT_BD,BT,BD,Berlin Thunder,Barcelona Dragons,7/24/2021,Reus,Estadio municipal,19:00,NA,Y,Y,NA,0,29c,NA,Sunny,R.Miras,D.Clemence,"J,Fernandez",K.Haltermann,A.Valverde,M.Hoffmann,P.Simon,J.Lanz,J.Lanz,BD,1,10,BT37,"H,1,10,V37","21,10,181","RUSH:1,V35, TACK:52",Z. Edwards rush for 2 yards to the BT35 (W. Nasri).,"H,2,8,V35",rush,NA,0,0,16,28,NA,NA,21,H,BD,"DOWNS,4,10:12,9","TD,4,05:17,100",11,91,4:55,DOWNS,4,10:12,BD09,TD,4,05:17,BT00,1
2021_06_BT_BD,BT,BD,Berlin Thunder,Barcelona Dragons,7/24/2021,Reus,Estadio municipal,19:00,NA,Y,Y,NA,0,29c,NA,Sunny,R.Miras,D.Clemence,"J,Fernandez",K.Haltermann,A.Valverde,M.Hoffmann,P.Simon,J.Lanz,J.Lanz,BD,2,8,BT35,"H,2,8,V35","21,11,182","PASS:1,C,5,V02","Z. Edwards pass complete to J. Constant for 33 yards to the BT2, 1ST DOWN BD.","H,1,0,V02",pass,pass,0,0,16,28,NA,NA,21,H,BD,"DOWNS,4,10:12,9","TD,4,05:17,100",11,91,4:55,DOWNS,4,10:12,BD09,TD,4,05:17,BT00,1
2021_06_BT_BD,BT,BD,Berlin Thunder,Barcelona Dragons,7/24/2021,Reus,Estadio municipal,19:00,NA,Y,Y,NA,0,29c,NA,Sunny,R.Miras,D.Clemence,"J,Fernandez",K.Haltermann,A.Valverde,M.Hoffmann,P.Simon,J.Lanz,J.Lanz,BD,1,0,BT02,"H,1,0,V02","21,12,183","PASS:1,C,5,V00 T:05:17","Z. Edwards pass complete to J. Constant for 2 yards to the BT0, TOUCHDOWN, clock 05:17.","H,1,0,V03",pass,NA,0,1,16,34,05:17,NA,21,H,BD,"DOWNS,4,10:12,9","TD,4,05:17,100",11,91,4:55,DOWNS,4,10:12,BD09,TD,4,05:17,BT00,1
2021_06_BT_BD,BT,BD,Berlin Thunder,Barcelona Dragons,7/24/2021,Reus,Estadio municipal,19:00,NA,Y,Y,NA,0,29c,NA,Sunny,R.Miras,D.Clemence,"J,Fernandez",K.Haltermann,A.Valverde,M.Hoffmann,P.Simon,J.Lanz,J.Lanz,BD,1,0,BT03,"H,1,0,V03","21,13,184","PAT:K,8,B BLOCK:8",G.Tavecchio kick attempt failed (blocked) (blocked by P. Seifert).,"H,1,0,H35",pat,NA,0,0,16,34,NA,NA,21,H,BD,"DOWNS,4,10:12,9","TD,4,05:17,100",11,91,4:55,DOWNS,4,10:12,BD09,TD,4,05:17,BT00,1
2021_06_BT_BD,BT,BD,Berlin Thunder,Barcelona Dragons,7/24/2021,Reus,Estadio municipal,19:00,NA,Y,Y,NA,0,29c,NA,Sunny,R.Miras,D.Clemence,"J,Fernandez",K.Haltermann,A.Valverde,M.Hoffmann,P.Simon,J.Lanz,J.Lanz,BD,1,0,BD35,"H,1,0,H35","21,14,185","KO:8,V00 RET:13,V10 TACK:22","G.Tavecchio kickoff 65 yards to the BT0, A. Dickmeis return 10 yards to the BT10 (L.Frecha).","V,1,10,V10",kick_off,NA,0,0,16,34,NA,NA,21,H,BD,"DOWNS,4,10:12,9","TD,4,05:17,100",11,91,4:55,DOWNS,4,10:12,BD09,TD,4,05:17,BT00,1
2021_06_BT_BD,BT,BD,Berlin Thunder,Barcelona Dragons,7/24/2021,Reus,Estadio municipal,19:00,NA,Y,Y,NA,0,29c,NA,Sunny,R.Miras,D.Clemence,"J,Fernandez",K.Haltermann,A.Valverde,M.Hoffmann,P.Simon,J.Lanz,J.Lanz,BT,1,10,BT10,"V,1,10,V10","22,1,186",{DRIVE}:05:14,BERLIN THUNDER drive start at 05:14.,"V,1,10,V10",NA,NA,0,0,16,34,05:14,NA,22,V,BT,"KO,4,05:14,10","INT,4,04:10,6",5,-4,1:04,KO,4,05:14,BT10,INT,4,04:10,BT06,NA
2021_06_BT_BD,BT,BD,Berlin Thunder,Barcelona Dragons,7/24/2021,Reus,Estadio municipal,19:00,NA,Y,Y,NA,0,29c,NA,Sunny,R.Miras,D.Clemence,"J,Fernandez",K.Haltermann,A.Valverde,M.Hoffmann,P.Simon,J.Lanz,J.Lanz,BT,1,10,BT10,"V,1,10,V10","22,2,187","PEN:V,FS,A,TM,V05,N",PENALTY BT false start 5 yards to the BT5.,"V,1,15,V05",penalty,NA,0,0,16,34,NA,NA,22,V,BT,"KO,4,05:14,10","INT,4,04:10,6",5,-4,1:04,KO,4,05:14,BT10,INT,4,04:10,BT06,NA
2021_06_BT_BD,BT,BD,Berlin Thunder,Barcelona Dragons,7/24/2021,Reus,Estadio municipal,19:00,NA,Y,Y,NA,0,29c,NA,Sunny,R.Miras,D.Clemence,"J,Fernandez",K.Haltermann,A.Valverde,M.Hoffmann,P.Simon,J.Lanz,J.Lanz,BT,1,15,BT05,"V,1,15,V05","22,3,188","RUSH:11,V01, TACK:7",B. Zerbe rush for loss of 4 yards to the BT1 (M. Tavarres).,"V,2,19,V01",rush,NA,0,0,16,34,NA,NA,22,V,BT,"KO,4,05:14,10","INT,4,04:10,6",5,-4,1:04,KO,4,05:14,BT10,INT,4,04:10,BT06,NA
2021_06_BT_BD,BT,BD,Berlin Thunder,Barcelona Dragons,7/24/2021,Reus,Estadio municipal,19:00,NA,Y,Y,NA,0,29c,NA,Sunny,R.Miras,D.Clemence,"J,Fernandez",K.Haltermann,A.Valverde,M.Hoffmann,P.Simon,J.Lanz,J.Lanz,BT,2,19,BT01,"V,2,19,V01","22,4,189","RUSH:1,V08, TACK:2",J. Crawford rush for 7 yards to the BT8 (G. Prati).,"V,3,12,V08",rush,NA,0,0,16,34,NA,NA,22,V,BT,"KO,4,05:14,10","INT,4,04:10,6",5,-4,1:04,KO,4,05:14,BT10,INT,4,04:10,BT06,NA
2021_06_BT_BD,BT,BD,Berlin Thunder,Barcelona Dragons,7/24/2021,Reus,Estadio municipal,19:00,NA,Y,Y,NA,0,29c,NA,Sunny,R.Miras,D.Clemence,"J,Fernandez",K.Haltermann,A.Valverde,M.Hoffmann,P.Simon,J.Lanz,J.Lanz,BT,3,12,BT08,"V,3,12,V08","22,5,190","PASS:11,I,3,*",B. Zerbe pass incomplete to A. Gehrt.,"V,4,12,V08",pass,NA,0,0,16,34,NA,NA,22,V,BT,"KO,4,05:14,10","INT,4,04:10,6",5,-4,1:04,KO,4,05:14,BT10,INT,4,04:10,BT06,NA
2021_06_BT_BD,BT,BD,Berlin Thunder,Barcelona Dragons,7/24/2021,Reus,Estadio municipal,19:00,NA,Y,Y,NA,0,29c,NA,Sunny,R.Miras,D.Clemence,"J,Fernandez",K.Haltermann,A.Valverde,M.Hoffmann,P.Simon,J.Lanz,J.Lanz,BT,4,12,BT08,"V,4,12,V08","22,6,191","PEN:H,HO,A,TM,V18,1","PENALTY BD holding 10 yards to the BT18, 1ST DOWN BT.","V,1,10,V18",penalty,penalty,0,0,16,34,NA,NA,22,V,BT,"KO,4,05:14,10","INT,4,04:10,6",5,-4,1:04,KO,4,05:14,BT10,INT,4,04:10,BT06,NA
2021_06_BT_BD,BT,BD,Berlin Thunder,Barcelona Dragons,7/24/2021,Reus,Estadio municipal,19:00,NA,Y,Y,NA,0,29c,NA,Sunny,R.Miras,D.Clemence,"J,Fernandez",K.Haltermann,A.Valverde,M.Hoffmann,P.Simon,J.Lanz,J.Lanz,BT,1,10,BT18,"V,1,10,V18","22,7,192","RUSH:11,V06, TACK:90",B. Zerbe rush for loss of 12 yards to the BT6 (A. Fernandez).,"V,2,22,V06",rush,NA,0,0,16,34,NA,NA,22,V,BT,"KO,4,05:14,10","INT,4,04:10,6",5,-4,1:04,KO,4,05:14,BT10,INT,4,04:10,BT06,NA
2021_06_BT_BD,BT,BD,Berlin Thunder,Barcelona Dragons,7/24/2021,Reus,Estadio municipal,19:00,NA,Y,Y,NA,0,29c,NA,Sunny,R.Miras,D.Clemence,"J,Fernandez",K.Haltermann,A.Valverde,M.Hoffmann,P.Simon,J.Lanz,J.Lanz,BT,2,22,BT06,"V,2,22,V06","22,8,193","PASS:11,X,20,V00 RET:20,V00 T:04:10","B. Zerbe pass intercepted by L. Masero at the BT0, L. Masero return 0 yards to the BT0, TOUCHDOWN, clock 04:10.","H,1,0,V03",pass,NA,0,1,16,40,04:10,I,22,V,BT,"KO,4,05:14,10","INT,4,04:10,6",5,-4,1:04,KO,4,05:14,BT10,INT,4,04:10,BT06,NA
2021_06_BT_BD,BT,BD,Berlin Thunder,Barcelona Dragons,7/24/2021,Reus,Estadio municipal,19:00,NA,Y,Y,NA,0,29c,NA,Sunny,R.Miras,D.Clemence,"J,Fernandez",K.Haltermann,A.Valverde,M.Hoffmann,P.Simon,J.Lanz,J.Lanz,BD,1,0,BT03,"H,1,0,V03","23,1,194","PAT:K,8,G",G.Tavecchio kick attempt good.,"H,1,0,H35",pat,NA,0,1,16,41,NA,NA,23,H,BD,"INT,4,04:10,100","TD,0,00:00,100",0,0,0:00,INT,4,04:10,BT00,TD,0,00:00,BT00,NA
2021_06_BT_BD,BT,BD,Berlin Thunder,Barcelona Dragons,7/24/2021,Reus,Estadio municipal,19:00,NA,Y,Y,NA,0,29c,NA,Sunny,R.Miras,D.Clemence,"J,Fernandez",K.Haltermann,A.Valverde,M.Hoffmann,P.Simon,J.Lanz,J.Lanz,BD,1,0,BD35,"H,1,0,H35","23,2,195","KO:8,V05 RET:7,V31 TACK:20,25","G.Tavecchio kickoff 60 yards to the BT5, S. Jones return 26 yards to the BT31 (L. Masero;N. Lester).","V,1,10,V31",kick_off,NA,0,0,16,41,NA,NA,23,H,BD,"INT,4,04:10,100","TD,0,00:00,100",0,0,0:00,INT,4,04:10,BT00,TD,0,00:00,BT00,NA
