game_id,away_team_id,home_team_id,away_team,home_team,date,location,stadium,start,end,leaguegame,duration,attend,temp,wind,weather,ref,ump,line,lj,bj,fj,sj,posteam,down,togo,spot,context,play_id,play_type,tokens,desc,newcontext,oob,clock,first_down_with,score,away_score_post,home_score_post,turnover,drive_number,drive_vh,drive_team,drive_start,drive_end,drive_plays,drive_yards,drive_top,drive_start_how,drive_start_qtr,drive_start_time,drive_start_spot,drive_end_how,drive_end_qtr,drive_end_time,drive_end_spot,drive_rz
2021_07_BT_LK,BT,LK,Berlin Thunder,Leipzig Kings,8/1/2021,Leipzig,NA,15:01,NA,Y,-,0,22 degr.,SW,cloudy,M. Scholz,B. Hansen,K. Haltermann,Filip Pachulski,P. Simon,S. Hameder,V. Kriesmann,BT,1,10,BT35,"V,1,10,V35","0,1,0",kick_off,"KO:14,H35 RET:85,H38 TACK:52","K. Hummel kickoff 30 yards to the LK35, A. Doroshev return 3 yards to the LK38 (W. Nasri).","H,1,10,H38",0,NA,NA,0,0,0,NA,0,NA,NA,NA,NA,NA,NA,NA,NA,NA,NA,NA,NA,NA,NA,NA,NA
2021_07_BT_LK,BT,LK,Berlin Thunder,Leipzig Kings,8/1/2021,Leipzig,NA,15:01,NA,Y,-,0,22 degr.,SW,cloudy,M. Scholz,B. Hansen,K. Haltermann,Filip Pachulski,P. Simon,S. Hameder,V. Kriesmann,LK,1,10,LK38,"H,1,10,H38","1,1,1",penalty,"PEN:H,FS,A,72,H33,N",PENALTY LK false start (J. Hagerup) 5 yards to the LK33.,"H,1,15,H33",0,NA,NA,0,0,0,NA,1,H,LK,"KO,1,00:00,38","PUNT,1,00:00,40",4,2,0:00,KO,1,00:00,LK38,PUNT,1,00:00,LK40,NA
2021_07_BT_LK,BT,LK,Berlin Thunder,Leipzig Kings,8/1/2021,Leipzig,NA,15:01,NA,Y,-,0,22 degr.,SW,cloudy,M. Scholz,B. Hansen,K. Haltermann,Filip Pachulski,P. Simon,S. Hameder,V. Kriesmann,LK,1,15,LK33,"H,1,15,H33","1,2,2",rush,"RUSH:2,H40, TACK:2",J. Aguemon rush for 7 yards to the LK40 (J. White).,"H,2,8,H40",0,NA,NA,0,0,0,NA,1,H,LK,"KO,1,00:00,38","PUNT,1,00:00,40",4,2,0:00,KO,1,00:00,LK38,PUNT,1,00:00,LK40,NA
2021_07_BT_LK,BT,LK,Berlin Thunder,Leipzig Kings,8/1/2021,Leipzig,NA,15:01,NA,Y,-,0,22 degr.,SW,cloudy,M. Scholz,B. Hansen,K. Haltermann,Filip Pachulski,P. Simon,S. Hameder,V. Kriesmann,LK,2,8,LK40,"H,2,8,H40","1,3,3",NA,"D:2,23",2nd and 23.,"H,2,23,H40",0,NA,NA,0,0,0,NA,1,H,LK,"KO,1,00:00,38","PUNT,1,00:00,40",4,2,0:00,KO,1,00:00,LK38,PUNT,1,00:00,LK40,NA
2021_07_BT_LK,BT,LK,Berlin Thunder,Leipzig Kings,8/1/2021,Leipzig,NA,15:01,NA,Y,-,0,22 degr.,SW,cloudy,M. Scholz,B. Hansen,K. Haltermann,Filip Pachulski,P. Simon,S. Hameder,V. Kriesmann,LK,2,23,LK40,"H,2,23,H40","1,4,4",pass,"PASS:3,I,8,*",M. Birdsong pass incomplete to A. Jalloh.,"H,3,23,H40",0,NA,NA,0,0,0,NA,1,H,LK,"KO,1,00:00,38","PUNT,1,00:00,40",4,2,0:00,KO,1,00:00,LK38,PUNT,1,00:00,LK40,NA
2021_07_BT_LK,BT,LK,Berlin Thunder,Leipzig Kings,8/1/2021,Leipzig,NA,15:01,NA,Y,-,0,22 degr.,SW,cloudy,M. Scholz,B. Hansen,K. Haltermann,Filip Pachulski,P. Simon,S. Hameder,V. Kriesmann,LK,3,23,LK40,"H,3,23,H40","1,5,5",NA,"D:2,23",2nd and 23.,"H,2,23,H40",0,NA,NA,0,0,0,NA,1,H,LK,"KO,1,00:00,38","PUNT,1,00:00,40",4,2,0:00,KO,1,00:00,LK38,PUNT,1,00:00,LK40,NA
2021_07_BT_LK,BT,LK,Berlin Thunder,Leipzig Kings,8/1/2021,Leipzig,NA,15:01,NA,Y,-,0,22 degr.,SW,cloudy,M. Scholz,B. Hansen,K. Haltermann,Filip Pachulski,P. Simon,S. Hameder,V. Kriesmann,LK,2,23,LK40,"H,2,23,H40","1,6,6",pass,"PASS:3,C,85,H40 TACK:22",M. Birdsong pass complete to A. Doroshev for no gain to the LK40 (L. Achaintre).,"H,3,23,H40",0,NA,NA,0,0,0,NA,1,H,LK,"KO,1,00:00,38","PUNT,1,00:00,40",4,2,0:00,KO,1,00:00,LK38,PUNT,1,00:00,LK40,NA
2021_07_BT_LK,BT,LK,Berlin Thunder,Leipzig Kings,8/1/2021,Leipzig,NA,15:01,NA,Y,-,0,22 degr.,SW,cloudy,M. Scholz,B. Hansen,K. Haltermann,Filip Pachulski,P. Simon,S. Hameder,V. Kriesmann,LK,3,23,LK40,"H,3,23,H40","1,7,7",NA,"D:3,7",3rd and 7.,"H,3,7,H40",0,NA,NA,0,0,0,NA,1,H,LK,"KO,1,00:00,38","PUNT,1,00:00,40",4,2,0:00,KO,1,00:00,LK38,PUNT,1,00:00,LK40,NA
2021_07_BT_LK,BT,LK,Berlin Thunder,Leipzig Kings,8/1/2021,Leipzig,NA,15:01,NA,Y,-,0,22 degr.,SW,cloudy,M. Scholz,B. Hansen,K. Haltermann,Filip Pachulski,P. Simon,S. Hameder,V. Kriesmann,LK,3,7,LK40,"H,3,7,H40","1,8,8",pass,"PASS:3,I,11,*",M. Birdsong pass incomplete to A. Dable-Wolf.,"H,4,7,H40",0,NA,NA,0,0,0,NA,1,H,LK,"KO,1,00:00,38","PUNT,1,00:00,40",4,2,0:00,KO,1,00:00,LK38,PUNT,1,00:00,LK40,NA
2021_07_BT_LK,BT,LK,Berlin Thunder,Leipzig Kings,8/1/2021,Leipzig,NA,15:01,NA,Y,-,0,22 degr.,SW,cloudy,M. Scholz,B. Hansen,K. Haltermann,Filip Pachulski,P. Simon,S. Hameder,V. Kriesmann,LK,4,7,LK40,"H,4,7,H40","1,9,9",punt,"PUNT:1,V25 OB:","J. Templar punt 35 yards to the BT25, out-of-bounds.","V,1,10,V25",1,NA,NA,0,0,0,NA,1,H,LK,"KO,1,00:00,38","PUNT,1,00:00,40",4,2,0:00,KO,1,00:00,LK38,PUNT,1,00:00,LK40,NA
2021_07_BT_LK,BT,LK,Berlin Thunder,Leipzig Kings,8/1/2021,Leipzig,NA,15:01,NA,Y,-,0,22 degr.,SW,cloudy,M. Scholz,B. Hansen,K. Haltermann,Filip Pachulski,P. Simon,S. Hameder,V. Kriesmann,BT,1,10,BT25,"V,1,10,V25","2,1,10",NA,{DRIVE}:00:00,BERLIN THUNDER drive start at 00:00.,"V,1,10,V25",0,00:00,NA,0,0,0,NA,2,V,BT,"PUNT,1,00:00,25","DOWNS,2,00:00,95",11,70,0:00,PUNT,1,00:00,BT25,DOWNS,2,00:00,LK05,1
2021_07_BT_LK,BT,LK,Berlin Thunder,Leipzig Kings,8/1/2021,Leipzig,NA,15:01,NA,Y,-,0,22 degr.,SW,cloudy,M. Scholz,B. Hansen,K. Haltermann,Filip Pachulski,P. Simon,S. Hameder,V. Kriesmann,BT,1,10,BT25,"V,1,10,V25","2,2,11",rush,"RUSH:47,V26, TACK:92",Y. Landfried rush for 1 yard to the BT26 (A. Zetterberg).,"V,2,9,V26",0,NA,NA,0,0,0,NA,2,V,BT,"PUNT,1,00:00,25","DOWNS,2,00:00,95",11,70,0:00,PUNT,1,00:00,BT25,DOWNS,2,00:00,LK05,1
2021_07_BT_LK,BT,LK,Berlin Thunder,Leipzig Kings,8/1/2021,Leipzig,NA,15:01,NA,Y,-,0,22 degr.,SW,cloudy,M. Scholz,B. Hansen,K. Haltermann,Filip Pachulski,P. Simon,S. Hameder,V. Kriesmann,BT,2,9,BT26,"V,2,9,V26","2,3,12",NA,"D:1,9",1st and 9.,"V,1,9,V26",0,NA,NA,0,0,0,NA,2,V,BT,"PUNT,1,00:00,25","DOWNS,2,00:00,95",11,70,0:00,PUNT,1,00:00,BT25,DOWNS,2,00:00,LK05,1
2021_07_BT_LK,BT,LK,Berlin Thunder,Leipzig Kings,8/1/2021,Leipzig,NA,15:01,NA,Y,-,0,22 degr.,SW,cloudy,M. Scholz,B. Hansen,K. Haltermann,Filip Pachulski,P. Simon,S. Hameder,V. Kriesmann,BT,1,9,BT26,"V,1,9,V26","2,4,13",rush,"RUSH:11,H25, OB: TACK:7","B. Zerbe rush for 49 yards to the LK25, 1ST DOWN BT, out-of-bounds (B. Tchiyoko).","V,1,10,H25",1,NA,rush,0,0,0,NA,2,V,BT,"PUNT,1,00:00,25","DOWNS,2,00:00,95",11,70,0:00,PUNT,1,00:00,BT25,DOWNS,2,00:00,LK05,1
2021_07_BT_LK,BT,LK,Berlin Thunder,Leipzig Kings,8/1/2021,Leipzig,NA,15:01,NA,Y,-,0,22 degr.,SW,cloudy,M. Scholz,B. Hansen,K. Haltermann,Filip Pachulski,P. Simon,S. Hameder,V. Kriesmann,BT,1,10,LK25,"V,1,10,H25","2,5,14",rush,"RUSH:1,H23, TACK:40",J. Crawford rush for 2 yards to the LK23 (O. Rohnebak).,"V,2,8,H23",0,NA,NA,0,0,0,NA,2,V,BT,"PUNT,1,00:00,25","DOWNS,2,00:00,95",11,70,0:00,PUNT,1,00:00,BT25,DOWNS,2,00:00,LK05,1
2021_07_BT_LK,BT,LK,Berlin Thunder,Leipzig Kings,8/1/2021,Leipzig,NA,15:01,NA,Y,-,0,22 degr.,SW,cloudy,M. Scholz,B. Hansen,K. Haltermann,Filip Pachulski,P. Simon,S. Hameder,V. Kriesmann,BT,2,8,LK23,"V,2,8,H23","2,6,15",rush,"RUSH:11,H29, TACK:45",B. Zerbe rush for loss of 6 yards to the LK29 (K. Kitchens).,"V,3,14,H29",0,NA,NA,0,0,0,NA,2,V,BT,"PUNT,1,00:00,25","DOWNS,2,00:00,95",11,70,0:00,PUNT,1,00:00,BT25,DOWNS,2,00:00,LK05,1
2021_07_BT_LK,BT,LK,Berlin Thunder,Leipzig Kings,8/1/2021,Leipzig,NA,15:01,NA,Y,-,0,22 degr.,SW,cloudy,M. Scholz,B. Hansen,K. Haltermann,Filip Pachulski,P. Simon,S. Hameder,V. Kriesmann,BT,3,14,LK29,"V,3,14,H29","2,7,16",penalty,"PASS:11,I,TM,* PEN:H,RP,A,99,H15,1 NOPLAY:","B. Zerbe pass incomplete, PENALTY LK roughing passer (V. Buffet) 14 yards to the LK15, 1ST DOWN BT, NO PLAY.","V,1,10,H15",0,NA,penalty,0,0,0,NA,2,V,BT,"PUNT,1,00:00,25","DOWNS,2,00:00,95",11,70,0:00,PUNT,1,00:00,BT25,DOWNS,2,00:00,LK05,1
2021_07_BT_LK,BT,LK,Berlin Thunder,Leipzig Kings,8/1/2021,Leipzig,NA,15:01,NA,Y,-,0,22 degr.,SW,cloudy,M. Scholz,B. Hansen,K. Haltermann,Filip Pachulski,P. Simon,S. Hameder,V. Kriesmann,BT,1,10,LK15,"V,1,10,H15","2,8,17",rush,"RUSH:1,H12, TACK:52",J. Crawford rush for 3 yards to the LK12 (C. Schlack).,"V,2,7,H12",0,NA,NA,0,0,0,NA,2,V,BT,"PUNT,1,00:00,25","DOWNS,2,00:00,95",11,70,0:00,PUNT,1,00:00,BT25,DOWNS,2,00:00,LK05,1
2021_07_BT_LK,BT,LK,Berlin Thunder,Leipzig Kings,8/1/2021,Leipzig,NA,15:01,NA,Y,-,0,22 degr.,SW,cloudy,M. Scholz,B. Hansen,K. Haltermann,Filip Pachulski,P. Simon,S. Hameder,V. Kriesmann,BT,2,7,LK12,"V,2,7,H12","2,9,18",rush,"RUSH:1,H11, TACK:99",J. Crawford rush for 1 yard to the LK11 (V. Buffet).,"V,3,6,H11",0,NA,NA,0,0,0,NA,2,V,BT,"PUNT,1,00:00,25","DOWNS,2,00:00,95",11,70,0:00,PUNT,1,00:00,BT25,DOWNS,2,00:00,LK05,1
2021_07_BT_LK,BT,LK,Berlin Thunder,Leipzig Kings,8/1/2021,Leipzig,NA,15:01,NA,Y,-,0,22 degr.,SW,cloudy,M. Scholz,B. Hansen,K. Haltermann,Filip Pachulski,P. Simon,S. Hameder,V. Kriesmann,BT,3,6,LK11,"V,3,6,H11","2,10,19",penalty,"PEN:V,DG,A,11,H16,N",PENALTY BT delay of game (B. Zerbe) 5 yards to the LK16.,"V,3,11,H16",0,NA,NA,0,0,0,NA,2,V,BT,"PUNT,1,00:00,25","DOWNS,2,00:00,95",11,70,0:00,PUNT,1,00:00,BT25,DOWNS,2,00:00,LK05,1
2021_07_BT_LK,BT,LK,Berlin Thunder,Leipzig Kings,8/1/2021,Leipzig,NA,15:01,NA,Y,-,0,22 degr.,SW,cloudy,M. Scholz,B. Hansen,K. Haltermann,Filip Pachulski,P. Simon,S. Hameder,V. Kriesmann,BT,3,11,LK16,"V,3,11,H16","2,11,20",pass,"PASS:11,S,TM,H25 SACK:45",B. Zerbe sacked for loss of 9 yards to the LK25 (K. Kitchens).,"V,4,20,H25",0,NA,NA,0,0,0,NA,2,V,BT,"PUNT,1,00:00,25","DOWNS,2,00:00,95",11,70,0:00,PUNT,1,00:00,BT25,DOWNS,2,00:00,LK05,1
2021_07_BT_LK,BT,LK,Berlin Thunder,Leipzig Kings,8/1/2021,Leipzig,NA,15:01,NA,Y,-,0,22 degr.,SW,cloudy,M. Scholz,B. Hansen,K. Haltermann,Filip Pachulski,P. Simon,S. Hameder,V. Kriesmann,BT,4,20,LK25,"V,4,20,H25","2,12,21",penalty,"PEN:V,FS,A,TM,H30,N",PENALTY BT false start 5 yards to the LK30.,"V,4,25,H30",0,NA,NA,0,0,0,NA,2,V,BT,"PUNT,1,00:00,25","DOWNS,2,00:00,95",11,70,0:00,PUNT,1,00:00,BT25,DOWNS,2,00:00,LK05,1
2021_07_BT_LK,BT,LK,Berlin Thunder,Leipzig Kings,8/1/2021,Leipzig,NA,15:01,NA,Y,-,0,22 degr.,SW,cloudy,M. Scholz,B. Hansen,K. Haltermann,Filip Pachulski,P. Simon,S. Hameder,V. Kriesmann,BT,4,25,LK30,"V,4,25,H30","2,13,22",penalty,"PEN:V,DG,A,11,H35,N",PENALTY BT delay of game (B. Zerbe) 5 yards to the LK35.,"V,4,30,H35",0,NA,NA,0,0,0,NA,2,V,BT,"PUNT,1,00:00,25","DOWNS,2,00:00,95",11,70,0:00,PUNT,1,00:00,BT25,DOWNS,2,00:00,LK05,1
2021_07_BT_LK,BT,LK,Berlin Thunder,Leipzig Kings,8/1/2021,Leipzig,NA,15:01,NA,Y,-,0,22 degr.,SW,cloudy,M. Scholz,B. Hansen,K. Haltermann,Filip Pachulski,P. Simon,S. Hameder,V. Kriesmann,BT,4,30,LK35,"V,4,30,H35","2,14,23",penalty,"PASS:11,I,7,* PEN:H,PI,A,21,H03,1 NOPLAY:","B. Zerbe pass incomplete to S. Jones, PENALTY LK pass interference (D. Docal) 32 yards to the LK3, 1ST DOWN BT, NO PLAY.","V,1,0,H03",0,NA,penalty,0,0,0,NA,2,V,BT,"PUNT,1,00:00,25","DOWNS,2,00:00,95",11,70,0:00,PUNT,1,00:00,BT25,DOWNS,2,00:00,LK05,1
2021_07_BT_LK,BT,LK,Berlin Thunder,Leipzig Kings,8/1/2021,Leipzig,NA,15:01,NA,Y,-,0,22 degr.,SW,cloudy,M. Scholz,B. Hansen,K. Haltermann,Filip Pachulski,P. Simon,S. Hameder,V. Kriesmann,BT,1,0,LK03,"V,1,0,H03","2,15,24",rush,"RUSH:1,H01, TACK:5,52",J. Crawford rush for 2 yards to the LK1 (M. Bausch;C. Schlack).,"V,2,0,H01",0,NA,NA,0,0,0,NA,2,V,BT,"PUNT,1,00:00,25","DOWNS,2,00:00,95",11,70,0:00,PUNT,1,00:00,BT25,DOWNS,2,00:00,LK05,1
2021_07_BT_LK,BT,LK,Berlin Thunder,Leipzig Kings,8/1/2021,Leipzig,NA,15:01,NA,Y,-,0,22 degr.,SW,cloudy,M. Scholz,B. Hansen,K. Haltermann,Filip Pachulski,P. Simon,S. Hameder,V. Kriesmann,BT,2,0,LK01,"V,2,0,H01","2,16,25",rush,"RUSH:47,H01, TACK:45",Y. Landfried rush for no gain to the LK1 (K. Kitchens).,"V,3,0,H01",0,NA,NA,0,0,0,NA,2,V,BT,"PUNT,1,00:00,25","DOWNS,2,00:00,95",11,70,0:00,PUNT,1,00:00,BT25,DOWNS,2,00:00,LK05,1
2021_07_BT_LK,BT,LK,Berlin Thunder,Leipzig Kings,8/1/2021,Leipzig,NA,15:01,NA,Y,-,0,22 degr.,SW,cloudy,M. Scholz,B. Hansen,K. Haltermann,Filip Pachulski,P. Simon,S. Hameder,V. Kriesmann,BT,3,0,LK01,"V,3,0,H01","2,17,26",rush,"RUSH:1,H05, TACK:21,45",J. Crawford rush for loss of 4 yards to the LK5 (D. Docal;K. Kitchens).,"V,4,0,H05",0,NA,NA,0,0,0,NA,2,V,BT,"PUNT,1,00:00,25","DOWNS,2,00:00,95",11,70,0:00,PUNT,1,00:00,BT25,DOWNS,2,00:00,LK05,1
2021_07_BT_LK,BT,LK,Berlin Thunder,Leipzig Kings,8/1/2021,Leipzig,NA,15:01,NA,Y,-,0,22 degr.,SW,cloudy,M. Scholz,B. Hansen,K. Haltermann,Filip Pachulski,P. Simon,S. Hameder,V. Kriesmann,BT,4,0,LK05,"V,4,0,H05","2,18,27",pass,"PASS:11,I,7,*",B. Zerbe pass incomplete to S. Jones.,"H,1,10,H05",0,NA,NA,0,0,0,NA,2,V,BT,"PUNT,1,00:00,25","DOWNS,2,00:00,95",11,70,0:00,PUNT,1,00:00,BT25,DOWNS,2,00:00,LK05,1
2021_07_BT_LK,BT,LK,Berlin Thunder,Leipzig Kings,8/1/2021,Leipzig,NA,15:01,NA,Y,-,0,22 degr.,SW,cloudy,M. Scholz,B. Hansen,K. Haltermann,Filip Pachulski,P. Simon,S. Hameder,V. Kriesmann,LK,1,10,LK05,"H,1,10,H05","3,1,28",rush,"RUSH:2,H09, TACK:8,52",J. Aguemon rush for 4 yards to the LK9 (P. Seifert;W. Nasri).,"H,2,6,H09",0,NA,NA,0,0,0,NA,3,H,LK,"DOWNS,2,00:00,5","TD,2,00:00,100",15,95,0:00,DOWNS,2,00:00,LK05,TD,2,00:00,BT00,NA
2021_07_BT_LK,BT,LK,Berlin Thunder,Leipzig Kings,8/1/2021,Leipzig,NA,15:01,NA,Y,-,0,22 degr.,SW,cloudy,M. Scholz,B. Hansen,K. Haltermann,Filip Pachulski,P. Simon,S. Hameder,V. Kriesmann,LK,2,6,LK09,"H,2,6,H09","3,2,29",rush,"RUSH:2,H14, TACK:91",J. Aguemon rush for 5 yards to the LK14 (A. Odeleye).,"H,3,1,H14",0,NA,NA,0,0,0,NA,3,H,LK,"DOWNS,2,00:00,5","TD,2,00:00,100",15,95,0:00,DOWNS,2,00:00,LK05,TD,2,00:00,BT00,NA
2021_07_BT_LK,BT,LK,Berlin Thunder,Leipzig Kings,8/1/2021,Leipzig,NA,15:01,NA,Y,-,0,22 degr.,SW,cloudy,M. Scholz,B. Hansen,K. Haltermann,Filip Pachulski,P. Simon,S. Hameder,V. Kriesmann,LK,3,1,LK14,"H,3,1,H14","3,3,30",pass,"PASS:3,C,11,H31 TACK:15","M. Birdsong pass complete to A. Dable-Wolf for 17 yards to the LK31, 1ST DOWN LK (M. Thiele).","H,1,10,H31",0,NA,pass,0,0,0,NA,3,H,LK,"DOWNS,2,00:00,5","TD,2,00:00,100",15,95,0:00,DOWNS,2,00:00,LK05,TD,2,00:00,BT00,NA
2021_07_BT_LK,BT,LK,Berlin Thunder,Leipzig Kings,8/1/2021,Leipzig,NA,15:01,NA,Y,-,0,22 degr.,SW,cloudy,M. Scholz,B. Hansen,K. Haltermann,Filip Pachulski,P. Simon,S. Hameder,V. Kriesmann,LK,1,10,LK31,"H,1,10,H31","3,4,31",pass,"PASS:3,D,11,*","M. Birdsong pass incomplete to A. Dable-Wolf, dropped pass.","H,2,10,H31",0,NA,NA,0,0,0,NA,3,H,LK,"DOWNS,2,00:00,5","TD,2,00:00,100",15,95,0:00,DOWNS,2,00:00,LK05,TD,2,00:00,BT00,NA
2021_07_BT_LK,BT,LK,Berlin Thunder,Leipzig Kings,8/1/2021,Leipzig,NA,15:01,NA,Y,-,0,22 degr.,SW,cloudy,M. Scholz,B. Hansen,K. Haltermann,Filip Pachulski,P. Simon,S. Hameder,V. Kriesmann,LK,2,10,LK31,"H,2,10,H31","3,5,32",pass,"PASS:3,C,11,H36 TACK:52",M. Birdsong pass complete to A. Dable-Wolf for 5 yards to the LK36 (W. Nasri).,"H,3,5,H36",0,NA,NA,0,0,0,NA,3,H,LK,"DOWNS,2,00:00,5","TD,2,00:00,100",15,95,0:00,DOWNS,2,00:00,LK05,TD,2,00:00,BT00,NA
2021_07_BT_LK,BT,LK,Berlin Thunder,Leipzig Kings,8/1/2021,Leipzig,NA,15:01,NA,Y,-,0,22 degr.,SW,cloudy,M. Scholz,B. Hansen,K. Haltermann,Filip Pachulski,P. Simon,S. Hameder,V. Kriesmann,LK,3,5,LK36,"H,3,5,H36","3,6,33",pass,"PASS:3,C,6,H42 TACK:8,15","M. Birdsong pass complete to T. Knuettel for 6 yards to the LK42, 1ST DOWN LK (P. Seifert;M. Thiele).","H,1,10,H42",0,NA,pass,0,0,0,NA,3,H,LK,"DOWNS,2,00:00,5","TD,2,00:00,100",15,95,0:00,DOWNS,2,00:00,LK05,TD,2,00:00,BT00,NA
2021_07_BT_LK,BT,LK,Berlin Thunder,Leipzig Kings,8/1/2021,Leipzig,NA,15:01,NA,Y,-,0,22 degr.,SW,cloudy,M. Scholz,B. Hansen,K. Haltermann,Filip Pachulski,P. Simon,S. Hameder,V. Kriesmann,LK,1,10,LK42,"H,1,10,H42","3,7,34",pass,"PASS:3,I,12,* BRUP:31",M. Birdsong pass incomplete to J. Awini (L. Pekkarinen).,"H,2,10,H42",0,NA,NA,0,0,0,NA,3,H,LK,"DOWNS,2,00:00,5","TD,2,00:00,100",15,95,0:00,DOWNS,2,00:00,LK05,TD,2,00:00,BT00,NA
2021_07_BT_LK,BT,LK,Berlin Thunder,Leipzig Kings,8/1/2021,Leipzig,NA,15:01,NA,Y,-,0,22 degr.,SW,cloudy,M. Scholz,B. Hansen,K. Haltermann,Filip Pachulski,P. Simon,S. Hameder,V. Kriesmann,LK,2,10,LK42,"H,2,10,H42","3,8,35",penalty,"PEN:V,IC,A,31,H46,1","PENALTY BT illegal contact (L. Pekkarinen) 4 yards to the LK46, 1ST DOWN LK.","H,1,10,H46",0,NA,penalty,0,0,0,NA,3,H,LK,"DOWNS,2,00:00,5","TD,2,00:00,100",15,95,0:00,DOWNS,2,00:00,LK05,TD,2,00:00,BT00,NA
2021_07_BT_LK,BT,LK,Berlin Thunder,Leipzig Kings,8/1/2021,Leipzig,NA,15:01,NA,Y,-,0,22 degr.,SW,cloudy,M. Scholz,B. Hansen,K. Haltermann,Filip Pachulski,P. Simon,S. Hameder,V. Kriesmann,LK,1,10,LK46,"H,1,10,H46","3,9,36",pass,"PASS:3,D,6,*","M. Birdsong pass incomplete to T. Knuettel, dropped pass.","H,2,10,H46",0,NA,NA,0,0,0,NA,3,H,LK,"DOWNS,2,00:00,5","TD,2,00:00,100",15,95,0:00,DOWNS,2,00:00,LK05,TD,2,00:00,BT00,NA
2021_07_BT_LK,BT,LK,Berlin Thunder,Leipzig Kings,8/1/2021,Leipzig,NA,15:01,NA,Y,-,0,22 degr.,SW,cloudy,M. Scholz,B. Hansen,K. Haltermann,Filip Pachulski,P. Simon,S. Hameder,V. Kriesmann,LK,2,10,LK46,"H,2,10,H46","3,10,37",rush,"RUSH:2,V44, TACK:2","J. Aguemon rush for 10 yards to the BT44, 1ST DOWN LK (J. White).","H,1,10,V44",0,NA,rush,0,0,0,NA,3,H,LK,"DOWNS,2,00:00,5","TD,2,00:00,100",15,95,0:00,DOWNS,2,00:00,LK05,TD,2,00:00,BT00,NA
2021_07_BT_LK,BT,LK,Berlin Thunder,Leipzig Kings,8/1/2021,Leipzig,NA,15:01,NA,Y,-,0,22 degr.,SW,cloudy,M. Scholz,B. Hansen,K. Haltermann,Filip Pachulski,P. Simon,S. Hameder,V. Kriesmann,LK,1,10,BT44,"H,1,10,V44","3,11,38",penalty,"RUSH:2,V43, TACK:45 PEN:H,HO,A,74,H46,N NOPLAY:","J. Aguemon rush for 1 yard to the BT43 (K. Hill), PENALTY LK holding (T. Bruetsch) 10 yards to the LK46, NO PLAY.","H,1,20,H46",0,NA,NA,0,0,0,NA,3,H,LK,"DOWNS,2,00:00,5","TD,2,00:00,100",15,95,0:00,DOWNS,2,00:00,LK05,TD,2,00:00,BT00,NA
2021_07_BT_LK,BT,LK,Berlin Thunder,Leipzig Kings,8/1/2021,Leipzig,NA,15:01,NA,Y,-,0,22 degr.,SW,cloudy,M. Scholz,B. Hansen,K. Haltermann,Filip Pachulski,P. Simon,S. Hameder,V. Kriesmann,LK,1,20,LK46,"H,1,20,H46","3,12,39",pass,"PASS:3,C,12,V39 TACK:2,24",M. Birdsong pass complete to J. Awini for 15 yards to the BT39 (J. White;M. De Falcis).,"H,2,5,V39",0,NA,NA,0,0,0,NA,3,H,LK,"DOWNS,2,00:00,5","TD,2,00:00,100",15,95,0:00,DOWNS,2,00:00,LK05,TD,2,00:00,BT00,NA
2021_07_BT_LK,BT,LK,Berlin Thunder,Leipzig Kings,8/1/2021,Leipzig,NA,15:01,NA,Y,-,0,22 degr.,SW,cloudy,M. Scholz,B. Hansen,K. Haltermann,Filip Pachulski,P. Simon,S. Hameder,V. Kriesmann,LK,2,5,BT39,"H,2,5,V39","3,13,41",pass,"PASS:3,C,85,V30 TACK:52","M. Birdsong pass complete to A. Doroshev for 9 yards to the BT30, 1ST DOWN LK (W. Nasri).","H,1,10,V30",0,NA,pass,0,0,0,NA,3,H,LK,"DOWNS,2,00:00,5","TD,2,00:00,100",15,95,0:00,DOWNS,2,00:00,LK05,TD,2,00:00,BT00,NA
2021_07_BT_LK,BT,LK,Berlin Thunder,Leipzig Kings,8/1/2021,Leipzig,NA,15:01,NA,Y,-,0,22 degr.,SW,cloudy,M. Scholz,B. Hansen,K. Haltermann,Filip Pachulski,P. Simon,S. Hameder,V. Kriesmann,LK,1,10,BT30,"H,1,10,V30","3,14,42",NA,Q:2 T:00:00,"Start of 2nd quarter, clock 00:00.","H,1,10,V30",0,00:00,NA,0,0,0,NA,3,H,LK,"DOWNS,2,00:00,5","TD,2,00:00,100",15,95,0:00,DOWNS,2,00:00,LK05,TD,2,00:00,BT00,NA
2021_07_BT_LK,BT,LK,Berlin Thunder,Leipzig Kings,8/1/2021,Leipzig,NA,15:01,NA,Y,-,0,22 degr.,SW,cloudy,M. Scholz,B. Hansen,K. Haltermann,Filip Pachulski,P. Simon,S. Hameder,V. Kriesmann,LK,1,10,BT30,"H,1,10,V30","3,15,43",pass,"PASS:3,I,11,*",M. Birdsong pass incomplete to A. Dable-Wolf.,"H,2,10,V30",0,NA,NA,0,0,0,NA,3,H,LK,"DOWNS,2,00:00,5","TD,2,00:00,100",15,95,0:00,DOWNS,2,00:00,LK05,TD,2,00:00,BT00,NA
2021_07_BT_LK,BT,LK,Berlin Thunder,Leipzig Kings,8/1/2021,Leipzig,NA,15:01,NA,Y,-,0,22 degr.,SW,cloudy,M. Scholz,B. Hansen,K. Haltermann,Filip Pachulski,P. Simon,S. Hameder,V. Kriesmann,LK,2,10,BT30,"H,2,10,V30","3,16,44",rush,"RUSH:2,V27, TACK:91,52",J. Aguemon rush for 3 yards to the BT27 (A. Odeleye;W. Nasri).,"H,3,7,V27",0,NA,NA,0,0,0,NA,3,H,LK,"DOWNS,2,00:00,5","TD,2,00:00,100",15,95,0:00,DOWNS,2,00:00,LK05,TD,2,00:00,BT00,NA
2021_07_BT_LK,BT,LK,Berlin Thunder,Leipzig Kings,8/1/2021,Leipzig,NA,15:01,NA,Y,-,0,22 degr.,SW,cloudy,M. Scholz,B. Hansen,K. Haltermann,Filip Pachulski,P. Simon,S. Hameder,V. Kriesmann,LK,3,7,BT27,"H,3,7,V27","3,17,45",pass,"PASS:3,B,8,* BRUP:2",M. Birdsong pass incomplete to A. Jalloh (J. White).,"H,4,7,V27",0,NA,NA,0,0,0,NA,3,H,LK,"DOWNS,2,00:00,5","TD,2,00:00,100",15,95,0:00,DOWNS,2,00:00,LK05,TD,2,00:00,BT00,NA
2021_07_BT_LK,BT,LK,Berlin Thunder,Leipzig Kings,8/1/2021,Leipzig,NA,15:01,NA,Y,-,0,22 degr.,SW,cloudy,M. Scholz,B. Hansen,K. Haltermann,Filip Pachulski,P. Simon,S. Hameder,V. Kriesmann,LK,4,7,BT27,"H,4,7,V27","3,18,46",pat,"PASS:3,C,6,V00 T:00:00 PAT:K,18,M","M. Birdsong pass complete to T. Knuettel for 27 yards to the BT0, 1ST DOWN LK, TOUCHDOWN, clock 00:00, M. Ulbrich kick attempt failed.","H,1,0,H35",0,00:00,pass,1,0,6,NA,3,H,LK,"DOWNS,2,00:00,5","TD,2,00:00,100",15,95,0:00,DOWNS,2,00:00,LK05,TD,2,00:00,BT00,NA
2021_07_BT_LK,BT,LK,Berlin Thunder,Leipzig Kings,8/1/2021,Leipzig,NA,15:01,NA,Y,-,0,22 degr.,SW,cloudy,M. Scholz,B. Hansen,K. Haltermann,Filip Pachulski,P. Simon,S. Hameder,V. Kriesmann,LK,1,0,LK35,"H,1,0,H35","3,19,47",kick_off,"KO:18,V02 RET:7,V39 TACK:28,27","M. Ulbrich kickoff 63 yards to the BT2, S. Jones return 37 yards to the BT39 (J. Dietze;T. Kulok).","V,1,10,V39",0,NA,NA,0,0,6,NA,3,H,LK,"DOWNS,2,00:00,5","TD,2,00:00,100",15,95,0:00,DOWNS,2,00:00,LK05,TD,2,00:00,BT00,NA
2021_07_BT_LK,BT,LK,Berlin Thunder,Leipzig Kings,8/1/2021,Leipzig,NA,15:01,NA,Y,-,0,22 degr.,SW,cloudy,M. Scholz,B. Hansen,K. Haltermann,Filip Pachulski,P. Simon,S. Hameder,V. Kriesmann,BT,1,10,BT39,"V,1,10,V39","4,1,48",rush,"RUSH:1,V39, TACK:92",J. Crawford rush for no gain to the BT39 (A. Zetterberg).,"V,2,10,V39",0,NA,NA,0,0,6,NA,4,V,BT,"KO,2,00:00,39","PUNT,2,00:00,37",3,-2,0:00,KO,2,00:00,BT39,PUNT,2,00:00,BT37,NA
2021_07_BT_LK,BT,LK,Berlin Thunder,Leipzig Kings,8/1/2021,Leipzig,NA,15:01,NA,Y,-,0,22 degr.,SW,cloudy,M. Scholz,B. Hansen,K. Haltermann,Filip Pachulski,P. Simon,S. Hameder,V. Kriesmann,BT,2,10,BT39,"V,2,10,V39","4,2,49",pass,"PASS:11,S,TM,V32 SACK:99",B. Zerbe sacked for loss of 7 yards to the BT32 (V. Buffet).,"V,3,17,V32",0,NA,NA,0,0,6,NA,4,V,BT,"KO,2,00:00,39","PUNT,2,00:00,37",3,-2,0:00,KO,2,00:00,BT39,PUNT,2,00:00,BT37,NA
2021_07_BT_LK,BT,LK,Berlin Thunder,Leipzig Kings,8/1/2021,Leipzig,NA,15:01,NA,Y,-,0,22 degr.,SW,cloudy,M. Scholz,B. Hansen,K. Haltermann,Filip Pachulski,P. Simon,S. Hameder,V. Kriesmann,BT,3,17,BT32,"V,3,17,V32","4,3,50",pass,"PASS:11,C,7,V42 TACK:8,4",B. Zerbe pass complete to S. Jones for 10 yards to the BT42 (A. Jalloh;R. Henrique).,"V,4,7,V42",0,NA,NA,0,0,6,NA,4,V,BT,"KO,2,00:00,39","PUNT,2,00:00,37",3,-2,0:00,KO,2,00:00,BT39,PUNT,2,00:00,BT37,NA
2021_07_BT_LK,BT,LK,Berlin Thunder,Leipzig Kings,8/1/2021,Leipzig,NA,15:01,NA,Y,-,0,22 degr.,SW,cloudy,M. Scholz,B. Hansen,K. Haltermann,Filip Pachulski,P. Simon,S. Hameder,V. Kriesmann,BT,4,7,BT42,"V,4,7,V42","4,4,51",penalty,"PEN:V,DG,A,14,V37,N",PENALTY BT delay of game (K. Hummel) 5 yards to the BT37.,"V,4,12,V37",0,NA,NA,0,0,6,NA,4,V,BT,"KO,2,00:00,39","PUNT,2,00:00,37",3,-2,0:00,KO,2,00:00,BT39,PUNT,2,00:00,BT37,NA
2021_07_BT_LK,BT,LK,Berlin Thunder,Leipzig Kings,8/1/2021,Leipzig,NA,15:01,NA,Y,-,0,22 degr.,SW,cloudy,M. Scholz,B. Hansen,K. Haltermann,Filip Pachulski,P. Simon,S. Hameder,V. Kriesmann,BT,4,12,BT37,"V,4,12,V37","4,5,52",punt,"PUNT:14,H28 RET:8,H41 OB:","K. Hummel punt 35 yards to the LK28, A. Jalloh return 13 yards to the LK41, out-of-bounds.","H,1,10,H41",1,NA,NA,0,0,6,NA,4,V,BT,"KO,2,00:00,39","PUNT,2,00:00,37",3,-2,0:00,KO,2,00:00,BT39,PUNT,2,00:00,BT37,NA
2021_07_BT_LK,BT,LK,Berlin Thunder,Leipzig Kings,8/1/2021,Leipzig,NA,15:01,NA,Y,-,0,22 degr.,SW,cloudy,M. Scholz,B. Hansen,K. Haltermann,Filip Pachulski,P. Simon,S. Hameder,V. Kriesmann,LK,1,10,LK41,"H,1,10,H41","5,1,53",pass,"PASS:3,C,6,H44 TACK:15",M. Birdsong pass complete to T. Knuettel for 3 yards to the LK44 (M. Thiele).,"H,2,7,H44",0,NA,NA,0,0,6,NA,5,H,LK,"PUNT,2,00:00,41","TD,2,00:00,100",6,59,0:00,PUNT,2,00:00,LK41,TD,2,00:00,BT00,1
2021_07_BT_LK,BT,LK,Berlin Thunder,Leipzig Kings,8/1/2021,Leipzig,NA,15:01,NA,Y,-,0,22 degr.,SW,cloudy,M. Scholz,B. Hansen,K. Haltermann,Filip Pachulski,P. Simon,S. Hameder,V. Kriesmann,LK,2,7,LK44,"H,2,7,H44","5,2,54",penalty,"PASS:3,C,6,V15 PEN:H,ID,A,3,H39,N NOPLAY:","M. Birdsong pass complete to T. Knuettel for 41 yards to the BT15, PENALTY LK ineligible downfield on pass (M. Birdsong) 5 yards to the LK39, NO PLAY.","H,2,12,H39",0,NA,NA,0,0,6,NA,5,H,LK,"PUNT,2,00:00,41","TD,2,00:00,100",6,59,0:00,PUNT,2,00:00,LK41,TD,2,00:00,BT00,1
2021_07_BT_LK,BT,LK,Berlin Thunder,Leipzig Kings,8/1/2021,Leipzig,NA,15:01,NA,Y,-,0,22 degr.,SW,cloudy,M. Scholz,B. Hansen,K. Haltermann,Filip Pachulski,P. Simon,S. Hameder,V. Kriesmann,LK,2,12,LK39,"H,2,12,H39","5,3,55",pass,"PASS:3,C,6,V45 TACK:3","M. Birdsong pass complete to T. Knuettel for 16 yards to the BT45, 1ST DOWN LK (A. Gehrt).","H,1,10,V45",0,NA,pass,0,0,6,NA,5,H,LK,"PUNT,2,00:00,41","TD,2,00:00,100",6,59,0:00,PUNT,2,00:00,LK41,TD,2,00:00,BT00,1
2021_07_BT_LK,BT,LK,Berlin Thunder,Leipzig Kings,8/1/2021,Leipzig,NA,15:01,NA,Y,-,0,22 degr.,SW,cloudy,M. Scholz,B. Hansen,K. Haltermann,Filip Pachulski,P. Simon,S. Hameder,V. Kriesmann,LK,1,10,BT45,"H,1,10,V45","5,4,56",rush,"RUSH:2,V42, TACK:52,94",J. Aguemon rush for 3 yards to the BT42 (W. Nasri;M. Baehr).,"H,2,7,V42",0,NA,NA,0,0,6,NA,5,H,LK,"PUNT,2,00:00,41","TD,2,00:00,100",6,59,0:00,PUNT,2,00:00,LK41,TD,2,00:00,BT00,1
2021_07_BT_LK,BT,LK,Berlin Thunder,Leipzig Kings,8/1/2021,Leipzig,NA,15:01,NA,Y,-,0,22 degr.,SW,cloudy,M. Scholz,B. Hansen,K. Haltermann,Filip Pachulski,P. Simon,S. Hameder,V. Kriesmann,LK,2,7,BT42,"H,2,7,V42","5,5,57",pass,"PASS:3,C,11,V33 TACK:15","M. Birdsong pass complete to A. Dable-Wolf for 9 yards to the BT33, 1ST DOWN LK (M. Thiele).","H,1,10,V33",0,NA,pass,0,0,6,NA,5,H,LK,"PUNT,2,00:00,41","TD,2,00:00,100",6,59,0:00,PUNT,2,00:00,LK41,TD,2,00:00,BT00,1
2021_07_BT_LK,BT,LK,Berlin Thunder,Leipzig Kings,8/1/2021,Leipzig,NA,15:01,NA,Y,-,0,22 degr.,SW,cloudy,M. Scholz,B. Hansen,K. Haltermann,Filip Pachulski,P. Simon,S. Hameder,V. Kriesmann,LK,1,10,BT33,"H,1,10,V33","5,6,58",rush,"RUSH:2,V01, TACK:31","J. Aguemon rush for 32 yards to the BT1, 1ST DOWN LK (L. Pekkarinen).","H,1,0,V01",0,NA,rush,0,0,6,NA,5,H,LK,"PUNT,2,00:00,41","TD,2,00:00,100",6,59,0:00,PUNT,2,00:00,LK41,TD,2,00:00,BT00,1
2021_07_BT_LK,BT,LK,Berlin Thunder,Leipzig Kings,8/1/2021,Leipzig,NA,15:01,NA,Y,-,0,22 degr.,SW,cloudy,M. Scholz,B. Hansen,K. Haltermann,Filip Pachulski,P. Simon,S. Hameder,V. Kriesmann,LK,1,0,BT01,"H,1,0,V01","5,7,59",penalty,"PEN:H,DG,A,3,V06,N",PENALTY LK delay of game (M. Birdsong) 5 yards to the BT6.,"H,1,0,V06",0,NA,NA,0,0,6,NA,5,H,LK,"PUNT,2,00:00,41","TD,2,00:00,100",6,59,0:00,PUNT,2,00:00,LK41,TD,2,00:00,BT00,1
2021_07_BT_LK,BT,LK,Berlin Thunder,Leipzig Kings,8/1/2021,Leipzig,NA,15:01,NA,Y,-,0,22 degr.,SW,cloudy,M. Scholz,B. Hansen,K. Haltermann,Filip Pachulski,P. Simon,S. Hameder,V. Kriesmann,LK,1,0,BT06,"H,1,0,V06","5,8,60",rush,"RUSH:2,V00, T:00:00","J. Aguemon rush for 6 yards to the BT0, 1ST DOWN LK, TOUCHDOWN, clock 00:00.","H,1,10,V15",0,00:00,rush,1,0,12,NA,5,H,LK,"PUNT,2,00:00,41","TD,2,00:00,100",6,59,0:00,PUNT,2,00:00,LK41,TD,2,00:00,BT00,1
2021_07_BT_LK,BT,LK,Berlin Thunder,Leipzig Kings,8/1/2021,Leipzig,NA,15:01,NA,Y,-,0,22 degr.,SW,cloudy,M. Scholz,B. Hansen,K. Haltermann,Filip Pachulski,P. Simon,S. Hameder,V. Kriesmann,LK,1,10,BT15,"H,1,10,V15","5,9,61",NA,"SPOT:H,V02,N",LK ball on BT2.,"H,1,0,V02",0,NA,NA,0,0,12,NA,5,H,LK,"PUNT,2,00:00,41","TD,2,00:00,100",6,59,0:00,PUNT,2,00:00,LK41,TD,2,00:00,BT00,1
2021_07_BT_LK,BT,LK,Berlin Thunder,Leipzig Kings,8/1/2021,Leipzig,NA,15:01,NA,Y,-,0,22 degr.,SW,cloudy,M. Scholz,B. Hansen,K. Haltermann,Filip Pachulski,P. Simon,S. Hameder,V. Kriesmann,LK,1,0,BT02,"H,1,0,V02","5,10,62",pat,"PAT:P,3/11,G",M. Birdsong pass attempt to A. Dable-Wolf good.,"H,1,0,H35",0,NA,NA,1,0,14,NA,5,H,LK,"PUNT,2,00:00,41","TD,2,00:00,100",6,59,0:00,PUNT,2,00:00,LK41,TD,2,00:00,BT00,1
2021_07_BT_LK,BT,LK,Berlin Thunder,Leipzig Kings,8/1/2021,Leipzig,NA,15:01,NA,Y,-,0,22 degr.,SW,cloudy,M. Scholz,B. Hansen,K. Haltermann,Filip Pachulski,P. Simon,S. Hameder,V. Kriesmann,LK,1,0,LK35,"H,1,0,H35","5,11,63",kick_off,"KO:18,V25 RET:1,V46 TACK:53,27","M. Ulbrich kickoff 40 yards to the BT25, J. Crawford return 21 yards to the BT46 (P. Topolewski;T. Kulok).","V,1,10,V46",0,NA,NA,0,0,14,NA,5,H,LK,"PUNT,2,00:00,41","TD,2,00:00,100",6,59,0:00,PUNT,2,00:00,LK41,TD,2,00:00,BT00,1
2021_07_BT_LK,BT,LK,Berlin Thunder,Leipzig Kings,8/1/2021,Leipzig,NA,15:01,NA,Y,-,0,22 degr.,SW,cloudy,M. Scholz,B. Hansen,K. Haltermann,Filip Pachulski,P. Simon,S. Hameder,V. Kriesmann,BT,1,10,BT46,"V,1,10,V46","6,1,64",rush,"RUSH:88,V41, TACK:45",T. Ndongo rush for loss of 5 yards to the BT41 (K. Kitchens).,"V,2,15,V41",0,NA,NA,0,0,14,NA,6,V,BT,"KO,2,00:00,46","TD,2,00:00,100",5,54,0:00,KO,2,00:00,BT46,TD,2,00:00,LK00,1
2021_07_BT_LK,BT,LK,Berlin Thunder,Leipzig Kings,8/1/2021,Leipzig,NA,15:01,NA,Y,-,0,22 degr.,SW,cloudy,M. Scholz,B. Hansen,K. Haltermann,Filip Pachulski,P. Simon,S. Hameder,V. Kriesmann,BT,2,15,BT41,"V,2,15,V41","6,2,65",pass,"PASS:11,I,7,*",B. Zerbe pass incomplete to S. Jones.,"V,3,15,V41",0,NA,NA,0,0,14,NA,6,V,BT,"KO,2,00:00,46","TD,2,00:00,100",5,54,0:00,KO,2,00:00,BT46,TD,2,00:00,LK00,1
2021_07_BT_LK,BT,LK,Berlin Thunder,Leipzig Kings,8/1/2021,Leipzig,NA,15:01,NA,Y,-,0,22 degr.,SW,cloudy,M. Scholz,B. Hansen,K. Haltermann,Filip Pachulski,P. Simon,S. Hameder,V. Kriesmann,BT,3,15,BT41,"V,3,15,V41","6,3,66",rush,"RUSH:1,H28, TACK:40,28","J. Crawford rush for 31 yards to the LK28, 1ST DOWN BT (O. Rohnebak;J. Dietze).","V,1,10,H28",0,NA,rush,0,0,14,NA,6,V,BT,"KO,2,00:00,46","TD,2,00:00,100",5,54,0:00,KO,2,00:00,BT46,TD,2,00:00,LK00,1
2021_07_BT_LK,BT,LK,Berlin Thunder,Leipzig Kings,8/1/2021,Leipzig,NA,15:01,NA,Y,-,0,22 degr.,SW,cloudy,M. Scholz,B. Hansen,K. Haltermann,Filip Pachulski,P. Simon,S. Hameder,V. Kriesmann,BT,1,10,LK28,"V,1,10,H28","6,4,67",pass,"PASS:11,C,7,H13 TACK:21","B. Zerbe pass complete to S. Jones for 15 yards to the LK13, 1ST DOWN BT (D. Docal).","V,1,10,H13",0,NA,pass,0,0,14,NA,6,V,BT,"KO,2,00:00,46","TD,2,00:00,100",5,54,0:00,KO,2,00:00,BT46,TD,2,00:00,LK00,1
2021_07_BT_LK,BT,LK,Berlin Thunder,Leipzig Kings,8/1/2021,Leipzig,NA,15:01,NA,Y,-,0,22 degr.,SW,cloudy,M. Scholz,B. Hansen,K. Haltermann,Filip Pachulski,P. Simon,S. Hameder,V. Kriesmann,BT,1,10,LK13,"V,1,10,H13","6,5,68",NA,TOUT:H T:00:00,"Timeout Leipzig Kings, clock 00:00.","V,1,10,H13",0,00:00,NA,0,0,14,NA,6,V,BT,"KO,2,00:00,46","TD,2,00:00,100",5,54,0:00,KO,2,00:00,BT46,TD,2,00:00,LK00,1
2021_07_BT_LK,BT,LK,Berlin Thunder,Leipzig Kings,8/1/2021,Leipzig,NA,15:01,NA,Y,-,0,22 degr.,SW,cloudy,M. Scholz,B. Hansen,K. Haltermann,Filip Pachulski,P. Simon,S. Hameder,V. Kriesmann,BT,1,10,LK13,"V,1,10,H13","6,6,69",pass,"PASS:11,C,7,H00 T:00:00","B. Zerbe pass complete to S. Jones for 13 yards to the LK0, 1ST DOWN BT, TOUCHDOWN, clock 00:00.","V,1,10,H15",0,00:00,pass,1,6,14,NA,6,V,BT,"KO,2,00:00,46","TD,2,00:00,100",5,54,0:00,KO,2,00:00,BT46,TD,2,00:00,LK00,1
2021_07_BT_LK,BT,LK,Berlin Thunder,Leipzig Kings,8/1/2021,Leipzig,NA,15:01,NA,Y,-,0,22 degr.,SW,cloudy,M. Scholz,B. Hansen,K. Haltermann,Filip Pachulski,P. Simon,S. Hameder,V. Kriesmann,BT,1,10,LK15,"V,1,10,H15","6,7,70",penalty,"PAT:K,26,G PEN:H,OD,A,92,H01,N NOPLAY:","J. Schenderlein kick attempt good, PENALTY LK offside defense (A. Zetterberg) 14 yards to the LK1, 1ST DOWN BT, NO PLAY.","V,1,0,H01",0,NA,penalty,0,6,14,NA,6,V,BT,"KO,2,00:00,46","TD,2,00:00,100",5,54,0:00,KO,2,00:00,BT46,TD,2,00:00,LK00,1
2021_07_BT_LK,BT,LK,Berlin Thunder,Leipzig Kings,8/1/2021,Leipzig,NA,15:01,NA,Y,-,0,22 degr.,SW,cloudy,M. Scholz,B. Hansen,K. Haltermann,Filip Pachulski,P. Simon,S. Hameder,V. Kriesmann,BT,1,0,LK01,"V,1,0,H01","6,8,71",pat,"PAT:R,1,G",J. Crawford rush attempt good.,"V,1,0,V35",0,NA,NA,1,8,14,NA,6,V,BT,"KO,2,00:00,46","TD,2,00:00,100",5,54,0:00,KO,2,00:00,BT46,TD,2,00:00,LK00,1
2021_07_BT_LK,BT,LK,Berlin Thunder,Leipzig Kings,8/1/2021,Leipzig,NA,15:01,NA,Y,-,0,22 degr.,SW,cloudy,M. Scholz,B. Hansen,K. Haltermann,Filip Pachulski,P. Simon,S. Hameder,V. Kriesmann,BT,1,0,BT35,"V,1,0,V35","6,9,72",kick_off,"KO:14,H40 OB: SPOT:H,H40,Y","K. Hummel kickoff 25 yards to the LK40, out-of-bounds, LK ball on LK40.","H,1,10,H40",1,NA,NA,0,8,14,NA,6,V,BT,"KO,2,00:00,46","TD,2,00:00,100",5,54,0:00,KO,2,00:00,BT46,TD,2,00:00,LK00,1
2021_07_BT_LK,BT,LK,Berlin Thunder,Leipzig Kings,8/1/2021,Leipzig,NA,15:01,NA,Y,-,0,22 degr.,SW,cloudy,M. Scholz,B. Hansen,K. Haltermann,Filip Pachulski,P. Simon,S. Hameder,V. Kriesmann,LK,1,10,LK40,"H,1,10,H40","7,1,73",rush,"RUSH:2,H47, TACK:91,2",J. Aguemon rush for 7 yards to the LK47 (A. Odeleye;J. White).,"H,2,3,H47",0,NA,NA,0,8,14,NA,7,H,LK,"KO,2,00:00,40","TD,2,00:00,100",6,60,0:00,KO,2,00:00,LK40,TD,2,00:00,BT00,NA
2021_07_BT_LK,BT,LK,Berlin Thunder,Leipzig Kings,8/1/2021,Leipzig,NA,15:01,NA,Y,-,0,22 degr.,SW,cloudy,M. Scholz,B. Hansen,K. Haltermann,Filip Pachulski,P. Simon,S. Hameder,V. Kriesmann,LK,2,3,LK47,"H,2,3,H47","7,2,74",pass,"PASS:3,C,85,V49 TACK:2,52","M. Birdsong pass complete to A. Doroshev for 4 yards to the BT49, 1ST DOWN LK (J. White;W. Nasri).","H,1,10,V49",0,NA,pass,0,8,14,NA,7,H,LK,"KO,2,00:00,40","TD,2,00:00,100",6,60,0:00,KO,2,00:00,LK40,TD,2,00:00,BT00,NA
2021_07_BT_LK,BT,LK,Berlin Thunder,Leipzig Kings,8/1/2021,Leipzig,NA,15:01,NA,Y,-,0,22 degr.,SW,cloudy,M. Scholz,B. Hansen,K. Haltermann,Filip Pachulski,P. Simon,S. Hameder,V. Kriesmann,LK,1,10,BT49,"H,1,10,V49","7,3,75",pass,"PASS:3,C,11,V46 TACK:15",M. Birdsong pass complete to A. Dable-Wolf for 3 yards to the BT46 (M. Thiele).,"H,2,7,V46",0,NA,NA,0,8,14,NA,7,H,LK,"KO,2,00:00,40","TD,2,00:00,100",6,60,0:00,KO,2,00:00,LK40,TD,2,00:00,BT00,NA
2021_07_BT_LK,BT,LK,Berlin Thunder,Leipzig Kings,8/1/2021,Leipzig,NA,15:01,NA,Y,-,0,22 degr.,SW,cloudy,M. Scholz,B. Hansen,K. Haltermann,Filip Pachulski,P. Simon,S. Hameder,V. Kriesmann,LK,2,7,BT46,"H,2,7,V46","7,4,76",pass,"PASS:3,D,85,*","M. Birdsong pass incomplete to A. Doroshev, dropped pass.","H,3,7,V46",0,NA,NA,0,8,14,NA,7,H,LK,"KO,2,00:00,40","TD,2,00:00,100",6,60,0:00,KO,2,00:00,LK40,TD,2,00:00,BT00,NA
2021_07_BT_LK,BT,LK,Berlin Thunder,Leipzig Kings,8/1/2021,Leipzig,NA,15:01,NA,Y,-,0,22 degr.,SW,cloudy,M. Scholz,B. Hansen,K. Haltermann,Filip Pachulski,P. Simon,S. Hameder,V. Kriesmann,LK,3,7,BT46,"H,3,7,V46","7,5,77",pass,"PASS:3,C,2,V36 TACK:52","M. Birdsong pass complete to J. Aguemon for 10 yards to the BT36, 1ST DOWN LK (W. Nasri).","H,1,10,V36",0,NA,pass,0,8,14,NA,7,H,LK,"KO,2,00:00,40","TD,2,00:00,100",6,60,0:00,KO,2,00:00,LK40,TD,2,00:00,BT00,NA
2021_07_BT_LK,BT,LK,Berlin Thunder,Leipzig Kings,8/1/2021,Leipzig,NA,15:01,NA,Y,-,0,22 degr.,SW,cloudy,M. Scholz,B. Hansen,K. Haltermann,Filip Pachulski,P. Simon,S. Hameder,V. Kriesmann,LK,1,10,BT36,"H,1,10,V36","7,6,78",pat,"PASS:3,C,8,V00 T:00:00 PAT:K,18,G","M. Birdsong pass complete to A. Jalloh for 36 yards to the BT0, 1ST DOWN LK, TOUCHDOWN, clock 00:00, M. Ulbrich kick attempt good.","H,1,0,H35",0,00:00,pass,1,8,21,NA,7,H,LK,"KO,2,00:00,40","TD,2,00:00,100",6,60,0:00,KO,2,00:00,LK40,TD,2,00:00,BT00,NA
2021_07_BT_LK,BT,LK,Berlin Thunder,Leipzig Kings,8/1/2021,Leipzig,NA,15:01,NA,Y,-,0,22 degr.,SW,cloudy,M. Scholz,B. Hansen,K. Haltermann,Filip Pachulski,P. Simon,S. Hameder,V. Kriesmann,LK,1,0,LK35,"H,1,0,H35","7,7,79",penalty,"KO:18,V22 RET:85,V42 TACK:17 PEN:V,FO,A,TM,H40,N NOPLAY:","M. Ulbrich kickoff 43 yards to the BT22, Y. Binner return to the BT42 (S. Braun), PENALTY BT illegal formation 5 yards to the LK40, NO PLAY.","H,1,0,H40",0,NA,NA,0,8,21,NA,7,H,LK,"KO,2,00:00,40","TD,2,00:00,100",6,60,0:00,KO,2,00:00,LK40,TD,2,00:00,BT00,NA
2021_07_BT_LK,BT,LK,Berlin Thunder,Leipzig Kings,8/1/2021,Leipzig,NA,15:01,NA,Y,-,0,22 degr.,SW,cloudy,M. Scholz,B. Hansen,K. Haltermann,Filip Pachulski,P. Simon,S. Hameder,V. Kriesmann,LK,1,0,LK40,"H,1,0,H40","7,8,80",kick_off,"KO:18,V00 RET:7,V43 OB: TACK:28","M. Ulbrich kickoff 60 yards to the BT0, S. Jones return 43 yards to the BT43, out-of-bounds (J. Dietze).","V,1,10,V43",1,NA,NA,0,8,21,NA,7,H,LK,"KO,2,00:00,40","TD,2,00:00,100",6,60,0:00,KO,2,00:00,LK40,TD,2,00:00,BT00,NA
2021_07_BT_LK,BT,LK,Berlin Thunder,Leipzig Kings,8/1/2021,Leipzig,NA,15:01,NA,Y,-,0,22 degr.,SW,cloudy,M. Scholz,B. Hansen,K. Haltermann,Filip Pachulski,P. Simon,S. Hameder,V. Kriesmann,BT,1,10,BT43,"V,1,10,V43","8,1,81",rush,"RUSH:1,V43, TACK:56",J. Crawford rush for no gain to the BT43 (L. Leota).,"V,2,10,V43",0,NA,NA,0,8,21,NA,8,V,BT,"KO,2,00:00,43","PUNT,2,00:00,38",3,-5,0:00,KO,2,00:00,BT43,PUNT,2,00:00,BT38,NA
2021_07_BT_LK,BT,LK,Berlin Thunder,Leipzig Kings,8/1/2021,Leipzig,NA,15:01,NA,Y,-,0,22 degr.,SW,cloudy,M. Scholz,B. Hansen,K. Haltermann,Filip Pachulski,P. Simon,S. Hameder,V. Kriesmann,BT,2,10,BT43,"V,2,10,V43","8,2,82",pass,"PASS:11,I,88,*",B. Zerbe pass incomplete to T. Ndongo.,"V,3,10,V43",0,NA,NA,0,8,21,NA,8,V,BT,"KO,2,00:00,43","PUNT,2,00:00,38",3,-5,0:00,KO,2,00:00,BT43,PUNT,2,00:00,BT38,NA
2021_07_BT_LK,BT,LK,Berlin Thunder,Leipzig Kings,8/1/2021,Leipzig,NA,15:01,NA,Y,-,0,22 degr.,SW,cloudy,M. Scholz,B. Hansen,K. Haltermann,Filip Pachulski,P. Simon,S. Hameder,V. Kriesmann,BT,3,10,BT43,"V,3,10,V43","8,3,83",pass,"PASS:11,I,TM,*",B. Zerbe pass incomplete.,"V,4,10,V43",0,NA,NA,0,8,21,NA,8,V,BT,"KO,2,00:00,43","PUNT,2,00:00,38",3,-5,0:00,KO,2,00:00,BT43,PUNT,2,00:00,BT38,NA
2021_07_BT_LK,BT,LK,Berlin Thunder,Leipzig Kings,8/1/2021,Leipzig,NA,15:01,NA,Y,-,0,22 degr.,SW,cloudy,M. Scholz,B. Hansen,K. Haltermann,Filip Pachulski,P. Simon,S. Hameder,V. Kriesmann,BT,4,10,BT43,"V,4,10,V43","8,4,84",penalty,"PEN:V,FS,A,22,V38,N",PENALTY BT false start (L. Achaintre) 5 yards to the BT38.,"V,4,15,V38",0,NA,NA,0,8,21,NA,8,V,BT,"KO,2,00:00,43","PUNT,2,00:00,38",3,-5,0:00,KO,2,00:00,BT43,PUNT,2,00:00,BT38,NA
2021_07_BT_LK,BT,LK,Berlin Thunder,Leipzig Kings,8/1/2021,Leipzig,NA,15:01,NA,Y,-,0,22 degr.,SW,cloudy,M. Scholz,B. Hansen,K. Haltermann,Filip Pachulski,P. Simon,S. Hameder,V. Kriesmann,BT,4,15,BT38,"V,4,15,V38","8,5,85",punt,"PUNT:14,H33 DN:","K. Hummel punt 29 yards to the LK33, downed.","H,1,10,H33",0,NA,NA,0,8,21,NA,8,V,BT,"KO,2,00:00,43","PUNT,2,00:00,38",3,-5,0:00,KO,2,00:00,BT43,PUNT,2,00:00,BT38,NA
2021_07_BT_LK,BT,LK,Berlin Thunder,Leipzig Kings,8/1/2021,Leipzig,NA,15:01,NA,Y,-,0,22 degr.,SW,cloudy,M. Scholz,B. Hansen,K. Haltermann,Filip Pachulski,P. Simon,S. Hameder,V. Kriesmann,LK,1,10,LK33,"H,1,10,H33","9,1,86",pass,"PASS:3,C,6,H33 OB:","M. Birdsong pass complete to T. Knuettel for no gain to the LK33, out-of-bounds.","H,2,10,H33",1,NA,NA,0,8,21,NA,9,H,LK,"PUNT,2,00:00,33","TD,0,00:00,100",6,67,0:00,PUNT,2,00:00,LK33,TD,0,00:00,BT00,NA
2021_07_BT_LK,BT,LK,Berlin Thunder,Leipzig Kings,8/1/2021,Leipzig,NA,15:01,NA,Y,-,0,22 degr.,SW,cloudy,M. Scholz,B. Hansen,K. Haltermann,Filip Pachulski,P. Simon,S. Hameder,V. Kriesmann,LK,2,10,LK33,"H,2,10,H33","9,2,87",pass,"PASS:3,C,11,V47 TACK:8,52","M. Birdsong pass complete to A. Dable-Wolf for 20 yards to the BT47, 1ST DOWN LK (P. Seifert;W. Nasri).","H,1,10,V47",0,NA,pass,0,8,21,NA,9,H,LK,"PUNT,2,00:00,33","TD,0,00:00,100",6,67,0:00,PUNT,2,00:00,LK33,TD,0,00:00,BT00,NA
2021_07_BT_LK,BT,LK,Berlin Thunder,Leipzig Kings,8/1/2021,Leipzig,NA,15:01,NA,Y,-,0,22 degr.,SW,cloudy,M. Scholz,B. Hansen,K. Haltermann,Filip Pachulski,P. Simon,S. Hameder,V. Kriesmann,LK,1,10,BT47,"H,1,10,V47","9,3,88",pass,"PASS:3,C,11,V20 TACK:2","M. Birdsong pass complete to A. Dable-Wolf for 27 yards to the BT20, 1ST DOWN LK (J. White).","H,1,10,V20",0,NA,pass,0,8,21,NA,9,H,LK,"PUNT,2,00:00,33","TD,0,00:00,100",6,67,0:00,PUNT,2,00:00,LK33,TD,0,00:00,BT00,NA
2021_07_BT_LK,BT,LK,Berlin Thunder,Leipzig Kings,8/1/2021,Leipzig,NA,15:01,NA,Y,-,0,22 degr.,SW,cloudy,M. Scholz,B. Hansen,K. Haltermann,Filip Pachulski,P. Simon,S. Hameder,V. Kriesmann,LK,1,10,BT20,"H,1,10,V20","9,4,89",NA,TOUT:H T:00:00,"Timeout Leipzig Kings, clock 00:00.","H,1,10,V20",0,00:00,NA,0,8,21,NA,9,H,LK,"PUNT,2,00:00,33","TD,0,00:00,100",6,67,0:00,PUNT,2,00:00,LK33,TD,0,00:00,BT00,NA
2021_07_BT_LK,BT,LK,Berlin Thunder,Leipzig Kings,8/1/2021,Leipzig,NA,15:01,NA,Y,-,0,22 degr.,SW,cloudy,M. Scholz,B. Hansen,K. Haltermann,Filip Pachulski,P. Simon,S. Hameder,V. Kriesmann,LK,1,10,BT20,"H,1,10,V20","9,5,90",pass,"PASS:3,I,11,*",M. Birdsong pass incomplete to A. Dable-Wolf.,"H,2,10,V20",0,NA,NA,0,8,21,NA,9,H,LK,"PUNT,2,00:00,33","TD,0,00:00,100",6,67,0:00,PUNT,2,00:00,LK33,TD,0,00:00,BT00,NA
2021_07_BT_LK,BT,LK,Berlin Thunder,Leipzig Kings,8/1/2021,Leipzig,NA,15:01,NA,Y,-,0,22 degr.,SW,cloudy,M. Scholz,B. Hansen,K. Haltermann,Filip Pachulski,P. Simon,S. Hameder,V. Kriesmann,LK,2,10,BT20,"H,2,10,V20","9,6,91",pass,"PASS:3,I,TM,*",M. Birdsong pass incomplete.,"H,3,10,V20",0,NA,NA,0,8,21,NA,9,H,LK,"PUNT,2,00:00,33","TD,0,00:00,100",6,67,0:00,PUNT,2,00:00,LK33,TD,0,00:00,BT00,NA
2021_07_BT_LK,BT,LK,Berlin Thunder,Leipzig Kings,8/1/2021,Leipzig,NA,15:01,NA,Y,-,0,22 degr.,SW,cloudy,M. Scholz,B. Hansen,K. Haltermann,Filip Pachulski,P. Simon,S. Hameder,V. Kriesmann,LK,3,10,BT20,"H,3,10,V20","9,7,92",pat,"PASS:3,C,6,V00 T:00:00 PAT:K,18,B BLOCK:15","M. Birdsong pass complete to T. Knuettel for 20 yards to the BT0, 1ST DOWN LK, TOUCHDOWN, clock 00:00, M. Ulbrich kick attempt failed (blocked) (blocked by M. Thiele).","H,1,0,H35",0,00:00,pass,1,8,27,NA,9,H,LK,"PUNT,2,00:00,33","TD,0,00:00,100",6,67,0:00,PUNT,2,00:00,LK33,TD,0,00:00,BT00,NA
2021_07_BT_LK,BT,LK,Berlin Thunder,Leipzig Kings,8/1/2021,Leipzig,NA,15:01,NA,Y,-,0,22 degr.,SW,cloudy,M. Scholz,B. Hansen,K. Haltermann,Filip Pachulski,P. Simon,S. Hameder,V. Kriesmann,LK,1,0,LK35,"H,1,0,H35","9,8,93",kick_off,"KO:18,V10 RET:88,V36 TACK:47,53 PEN:H,FM,A,47,H49,1 D:1,10 SPOT:V,H49,Y","M. Ulbrich kickoff 55 yards to the BT10, T. Ndongo return 26 yards to the BT36 (M. Fitz;P. Topolewski), PENALTY LK face mask (M. Fitz) 15 yards to the LK49, 1st and 10, BT ball on LK49.","V,1,10,H49",0,NA,NA,0,8,27,NA,9,H,LK,"PUNT,2,00:00,33","TD,0,00:00,100",6,67,0:00,PUNT,2,00:00,LK33,TD,0,00:00,BT00,NA
2021_07_BT_LK,BT,LK,Berlin Thunder,Leipzig Kings,8/1/2021,Leipzig,NA,15:01,NA,Y,-,0,22 degr.,SW,cloudy,M. Scholz,B. Hansen,K. Haltermann,Filip Pachulski,P. Simon,S. Hameder,V. Kriesmann,BT,1,10,LK49,"V,1,10,H49","10,1,94",pass,"PASS:11,X,4,H23 RET:4,H47 PEN:V,FM,A,TM,V41,1 D:1,10 SPOT:H,V41,Y","B. Zerbe pass intercepted by R. Henrique at the LK23, R. Henrique return 24 yards to the LK47, PENALTY BT face mask 12 yards to the BT41, 1ST DOWN LK, 1st and 10, LK ball on BT41.","H,1,10,V41",0,NA,penalty,0,8,27,I,10,V,BT,"KO,2,00:00,51","INT,0,00:00,51",1,0,0:00,KO,2,00:00,LK49,INT,0,00:00,LK49,NA
2021_07_BT_LK,BT,LK,Berlin Thunder,Leipzig Kings,8/1/2021,Leipzig,NA,15:01,NA,Y,-,0,22 degr.,SW,cloudy,M. Scholz,B. Hansen,K. Haltermann,Filip Pachulski,P. Simon,S. Hameder,V. Kriesmann,LK,1,10,BT41,"H,1,10,V41","11,1,95",pass,"PASS:3,C,2,V27 TACK:3,52 PEN:H,FM,A,70,V42,1","M. Birdsong pass complete to J. Aguemon for 14 yards to the BT27 (A. Gehrt;W. Nasri), PENALTY LK face mask (S. Baafi) 15 yards to the BT42, 1ST DOWN LK.","H,1,10,V42",0,NA,penalty,0,8,27,NA,11,H,LK,"INT,2,00:00,59","FUMB,0,00:00,53",2,-6,0:00,INT,2,00:00,BT41,FUMB,0,00:00,BT47,NA
2021_07_BT_LK,BT,LK,Berlin Thunder,Leipzig Kings,8/1/2021,Leipzig,NA,15:01,NA,Y,-,0,22 degr.,SW,cloudy,M. Scholz,B. Hansen,K. Haltermann,Filip Pachulski,P. Simon,S. Hameder,V. Kriesmann,LK,1,10,BT42,"H,1,10,V42","11,2,96",NA,"D:1,10",1st and 10.,"H,1,10,V42",0,NA,NA,0,8,27,NA,11,H,LK,"INT,2,00:00,59","FUMB,0,00:00,53",2,-6,0:00,INT,2,00:00,BT41,FUMB,0,00:00,BT47,NA
2021_07_BT_LK,BT,LK,Berlin Thunder,Leipzig Kings,8/1/2021,Leipzig,NA,15:01,NA,Y,-,0,22 degr.,SW,cloudy,M. Scholz,B. Hansen,K. Haltermann,Filip Pachulski,P. Simon,S. Hameder,V. Kriesmann,LK,1,10,BT42,"H,1,10,V42","11,3,97",pass,"PASS:3,F,TM,V47 SACK:8 FUMB:V,V47,45 +:45,H23","M. Birdsong sacked for loss of 5 yards to the BT47 (P. Seifert), fumble by TEAM recovered by BT K. Hill at BT47, K. Hill for 30 yards to the LK23.","V,1,10,H23",0,NA,NA,0,8,27,F,11,H,LK,"INT,2,00:00,59","FUMB,0,00:00,53",2,-6,0:00,INT,2,00:00,BT41,FUMB,0,00:00,BT47,NA
2021_07_BT_LK,BT,LK,Berlin Thunder,Leipzig Kings,8/1/2021,Leipzig,NA,15:01,NA,Y,-,0,22 degr.,SW,cloudy,M. Scholz,B. Hansen,K. Haltermann,Filip Pachulski,P. Simon,S. Hameder,V. Kriesmann,BT,1,10,LK23,"V,1,10,H23","12,1,98",NA,HALF: T:00:00,"End of half, clock 00:00.","V,1,10,H23",0,00:00,NA,0,8,27,NA,12,V,BT,"FUMB,2,00:00,47","HALF,2,00:00,47",0,0,0:00,FUMB,2,00:00,BT47,HALF,2,00:00,BT47,NA
2021_07_BT_LK,BT,LK,Berlin Thunder,Leipzig Kings,8/1/2021,Leipzig,NA,15:01,NA,Y,-,0,22 degr.,SW,cloudy,M. Scholz,B. Hansen,K. Haltermann,Filip Pachulski,P. Simon,S. Hameder,V. Kriesmann,BT,1,10,LK23,"V,1,10,H23","12,2,99",NA,"Q:3 T:00:00 SPOT:H,H35,N","Start of 3rd quarter, clock 00:00, LK ball on LK35.","H,1,10,H35",0,00:00,NA,0,8,27,NA,12,V,BT,"FUMB,2,00:00,47","HALF,2,00:00,47",0,0,0:00,FUMB,2,00:00,BT47,HALF,2,00:00,BT47,NA
2021_07_BT_LK,BT,LK,Berlin Thunder,Leipzig Kings,8/1/2021,Leipzig,NA,15:01,NA,Y,-,0,22 degr.,SW,cloudy,M. Scholz,B. Hansen,K. Haltermann,Filip Pachulski,P. Simon,S. Hameder,V. Kriesmann,LK,1,10,LK35,"H,1,10,H35","12,3,100",kick_off,"KO:18,V06 RET:7,V26 PEN:V,HO,A,40,V14,1 D:1,10 SPOT:V,V14,Y","M. Ulbrich kickoff 59 yards to the BT6, S. Jones return 20 yards to the BT26, PENALTY BT holding (J. Sommerwerk) 12 yards to the BT14, 1st and 10, BT ball on BT14.","V,1,10,V14",0,NA,NA,0,8,27,NA,12,V,BT,"FUMB,2,00:00,47","HALF,2,00:00,47",0,0,0:00,FUMB,2,00:00,BT47,HALF,2,00:00,BT47,NA
2021_07_BT_LK,BT,LK,Berlin Thunder,Leipzig Kings,8/1/2021,Leipzig,NA,15:01,NA,Y,-,0,22 degr.,SW,cloudy,M. Scholz,B. Hansen,K. Haltermann,Filip Pachulski,P. Simon,S. Hameder,V. Kriesmann,BT,1,10,BT14,"V,1,10,V14","13,1,101",pass,"PASS:6,C,17,V19 TACK:7",C. Stitt pass complete to E. Drossard for 5 yards to the BT19 (B. Tchiyoko).,"V,2,5,V19",0,NA,NA,0,8,27,NA,13,V,BT,"KO,3,00:00,14","PUNT,3,00:00,19",3,5,0:00,KO,3,00:00,BT14,PUNT,3,00:00,BT19,NA
2021_07_BT_LK,BT,LK,Berlin Thunder,Leipzig Kings,8/1/2021,Leipzig,NA,15:01,NA,Y,-,0,22 degr.,SW,cloudy,M. Scholz,B. Hansen,K. Haltermann,Filip Pachulski,P. Simon,S. Hameder,V. Kriesmann,BT,2,5,BT19,"V,2,5,V19","13,2,102",rush,"RUSH:6,V23, TACK:45",C. Stitt rush for 4 yards to the BT23 (K. Kitchens).,"V,3,1,V23",0,NA,NA,0,8,27,NA,13,V,BT,"KO,3,00:00,14","PUNT,3,00:00,19",3,5,0:00,KO,3,00:00,BT14,PUNT,3,00:00,BT19,NA
2021_07_BT_LK,BT,LK,Berlin Thunder,Leipzig Kings,8/1/2021,Leipzig,NA,15:01,NA,Y,-,0,22 degr.,SW,cloudy,M. Scholz,B. Hansen,K. Haltermann,Filip Pachulski,P. Simon,S. Hameder,V. Kriesmann,BT,3,1,BT23,"V,3,1,V23","13,3,103",rush,"RUSH:6,V19, TACK:40",C. Stitt rush for loss of 4 yards to the BT19 (O. Rohnebak).,"V,4,5,V19",0,NA,NA,0,8,27,NA,13,V,BT,"KO,3,00:00,14","PUNT,3,00:00,19",3,5,0:00,KO,3,00:00,BT14,PUNT,3,00:00,BT19,NA
2021_07_BT_LK,BT,LK,Berlin Thunder,Leipzig Kings,8/1/2021,Leipzig,NA,15:01,NA,Y,-,0,22 degr.,SW,cloudy,M. Scholz,B. Hansen,K. Haltermann,Filip Pachulski,P. Simon,S. Hameder,V. Kriesmann,BT,4,5,BT19,"V,4,5,V19","13,4,104",punt,"PUNT:14,H45 RET:8,V38 TACK:13","K. Hummel punt 36 yards to the LK45, A. Jalloh return 17 yards to the BT38 (A. Dickmeis).","H,1,10,V38",0,NA,NA,0,8,27,NA,13,V,BT,"KO,3,00:00,14","PUNT,3,00:00,19",3,5,0:00,KO,3,00:00,BT14,PUNT,3,00:00,BT19,NA
2021_07_BT_LK,BT,LK,Berlin Thunder,Leipzig Kings,8/1/2021,Leipzig,NA,15:01,NA,Y,-,0,22 degr.,SW,cloudy,M. Scholz,B. Hansen,K. Haltermann,Filip Pachulski,P. Simon,S. Hameder,V. Kriesmann,LK,1,10,BT38,"H,1,10,V38","14,1,105",rush,"RUSH:2,V34, TACK:91",J. Aguemon rush for 4 yards to the BT34 (A. Odeleye).,"H,2,6,V34",0,NA,NA,0,8,27,NA,14,H,LK,"PUNT,3,00:00,62","FGA,3,00:00,86",11,24,0:00,PUNT,3,00:00,BT38,FGA,3,00:00,BT14,1
2021_07_BT_LK,BT,LK,Berlin Thunder,Leipzig Kings,8/1/2021,Leipzig,NA,15:01,NA,Y,-,0,22 degr.,SW,cloudy,M. Scholz,B. Hansen,K. Haltermann,Filip Pachulski,P. Simon,S. Hameder,V. Kriesmann,LK,2,6,BT34,"H,2,6,V34","14,2,106",rush,"RUSH:2,V35, TACK:52,45",J. Aguemon rush for loss of 1 yard to the BT35 (W. Nasri;K. Hill).,"H,3,7,V35",0,NA,NA,0,8,27,NA,14,H,LK,"PUNT,3,00:00,62","FGA,3,00:00,86",11,24,0:00,PUNT,3,00:00,BT38,FGA,3,00:00,BT14,1
2021_07_BT_LK,BT,LK,Berlin Thunder,Leipzig Kings,8/1/2021,Leipzig,NA,15:01,NA,Y,-,0,22 degr.,SW,cloudy,M. Scholz,B. Hansen,K. Haltermann,Filip Pachulski,P. Simon,S. Hameder,V. Kriesmann,LK,3,7,BT35,"H,3,7,V35","14,3,107",pass,"PASS:3,C,11,V26 TACK:15","M. Birdsong pass complete to A. Dable-Wolf for 9 yards to the BT26, 1ST DOWN LK (M. Thiele).","H,1,10,V26",0,NA,pass,0,8,27,NA,14,H,LK,"PUNT,3,00:00,62","FGA,3,00:00,86",11,24,0:00,PUNT,3,00:00,BT38,FGA,3,00:00,BT14,1
2021_07_BT_LK,BT,LK,Berlin Thunder,Leipzig Kings,8/1/2021,Leipzig,NA,15:01,NA,Y,-,0,22 degr.,SW,cloudy,M. Scholz,B. Hansen,K. Haltermann,Filip Pachulski,P. Simon,S. Hameder,V. Kriesmann,LK,1,10,BT26,"H,1,10,V26","14,4,108",pass,"PASS:3,I,11,* BRUP:31",M. Birdsong pass incomplete to A. Dable-Wolf (L. Pekkarinen).,"H,2,10,V26",0,NA,NA,0,8,27,NA,14,H,LK,"PUNT,3,00:00,62","FGA,3,00:00,86",11,24,0:00,PUNT,3,00:00,BT38,FGA,3,00:00,BT14,1
2021_07_BT_LK,BT,LK,Berlin Thunder,Leipzig Kings,8/1/2021,Leipzig,NA,15:01,NA,Y,-,0,22 degr.,SW,cloudy,M. Scholz,B. Hansen,K. Haltermann,Filip Pachulski,P. Simon,S. Hameder,V. Kriesmann,LK,2,10,BT26,"H,2,10,V26","14,5,109",rush,"RUSH:24,V26, TACK:45",L. Schneider rush for no gain to the BT26 (K. Hill).,"H,3,10,V26",0,NA,NA,0,8,27,NA,14,H,LK,"PUNT,3,00:00,62","FGA,3,00:00,86",11,24,0:00,PUNT,3,00:00,BT38,FGA,3,00:00,BT14,1
2021_07_BT_LK,BT,LK,Berlin Thunder,Leipzig Kings,8/1/2021,Leipzig,NA,15:01,NA,Y,-,0,22 degr.,SW,cloudy,M. Scholz,B. Hansen,K. Haltermann,Filip Pachulski,P. Simon,S. Hameder,V. Kriesmann,LK,3,10,BT26,"H,3,10,V26","14,6,110",pass,"PASS:3,D,85,*","M. Birdsong pass incomplete to A. Doroshev, dropped pass.","H,4,10,V26",0,NA,NA,0,8,27,NA,14,H,LK,"PUNT,3,00:00,62","FGA,3,00:00,86",11,24,0:00,PUNT,3,00:00,BT38,FGA,3,00:00,BT14,1
2021_07_BT_LK,BT,LK,Berlin Thunder,Leipzig Kings,8/1/2021,Leipzig,NA,15:01,NA,Y,-,0,22 degr.,SW,cloudy,M. Scholz,B. Hansen,K. Haltermann,Filip Pachulski,P. Simon,S. Hameder,V. Kriesmann,LK,4,10,BT26,"H,4,10,V26","14,7,111",pass,"PASS:3,C,8,V13","M. Birdsong pass complete to A. Jalloh for 13 yards to the BT13, 1ST DOWN LK.","H,1,10,V13",0,NA,pass,0,8,27,NA,14,H,LK,"PUNT,3,00:00,62","FGA,3,00:00,86",11,24,0:00,PUNT,3,00:00,BT38,FGA,3,00:00,BT14,1
2021_07_BT_LK,BT,LK,Berlin Thunder,Leipzig Kings,8/1/2021,Leipzig,NA,15:01,NA,Y,-,0,22 degr.,SW,cloudy,M. Scholz,B. Hansen,K. Haltermann,Filip Pachulski,P. Simon,S. Hameder,V. Kriesmann,LK,1,10,BT13,"H,1,10,V13","14,8,112",rush,"RUSH:2,V14, TACK:45",J. Aguemon rush for loss of 1 yard to the BT14 (K. Hill).,"H,2,11,V14",0,NA,NA,0,8,27,NA,14,H,LK,"PUNT,3,00:00,62","FGA,3,00:00,86",11,24,0:00,PUNT,3,00:00,BT38,FGA,3,00:00,BT14,1
2021_07_BT_LK,BT,LK,Berlin Thunder,Leipzig Kings,8/1/2021,Leipzig,NA,15:01,NA,Y,-,0,22 degr.,SW,cloudy,M. Scholz,B. Hansen,K. Haltermann,Filip Pachulski,P. Simon,S. Hameder,V. Kriesmann,LK,2,11,BT14,"H,2,11,V14","14,9,113",pass,"PASS:3,I,TM,* BRUP:22",M. Birdsong pass incomplete (L. Achaintre).,"H,3,11,V14",0,NA,NA,0,8,27,NA,14,H,LK,"PUNT,3,00:00,62","FGA,3,00:00,86",11,24,0:00,PUNT,3,00:00,BT38,FGA,3,00:00,BT14,1
2021_07_BT_LK,BT,LK,Berlin Thunder,Leipzig Kings,8/1/2021,Leipzig,NA,15:01,NA,Y,-,0,22 degr.,SW,cloudy,M. Scholz,B. Hansen,K. Haltermann,Filip Pachulski,P. Simon,S. Hameder,V. Kriesmann,LK,3,11,BT14,"H,3,11,V14","14,10,114",penalty,"PASS:3,I,11,* PEN:H,HO,O PEN:V,RP,O NOPLAY: PEN:H,IF,O","M. Birdsong pass incomplete to A. Dable-Wolf, PENALTY LK holding off-setting, PENALTY BT roughing passer off-setting, NO PLAY, PENALTY LK IF off-setting.","H,3,11,V14",0,NA,NA,0,8,27,NA,14,H,LK,"PUNT,3,00:00,62","FGA,3,00:00,86",11,24,0:00,PUNT,3,00:00,BT38,FGA,3,00:00,BT14,1
2021_07_BT_LK,BT,LK,Berlin Thunder,Leipzig Kings,8/1/2021,Leipzig,NA,15:01,NA,Y,-,0,22 degr.,SW,cloudy,M. Scholz,B. Hansen,K. Haltermann,Filip Pachulski,P. Simon,S. Hameder,V. Kriesmann,LK,3,11,BT14,"H,3,11,V14","14,11,115",pass,"PASS:3,I,6,* BRUP:3",M. Birdsong pass incomplete to T. Knuettel (A. Gehrt).,"H,4,11,V14",0,NA,NA,0,8,27,NA,14,H,LK,"PUNT,3,00:00,62","FGA,3,00:00,86",11,24,0:00,PUNT,3,00:00,BT38,FGA,3,00:00,BT14,1
2021_07_BT_LK,BT,LK,Berlin Thunder,Leipzig Kings,8/1/2021,Leipzig,NA,15:01,NA,Y,-,0,22 degr.,SW,cloudy,M. Scholz,B. Hansen,K. Haltermann,Filip Pachulski,P. Simon,S. Hameder,V. Kriesmann,LK,4,11,BT14,"H,4,11,V14","14,12,116",field_goal,"FGA:18,30,M,V20,L T:00:00","M. Ulbrich field goal attempt from 30 MISSED - wide left, spot at BT20, clock 00:00.","V,1,10,V20",0,00:00,NA,0,8,27,NA,14,H,LK,"PUNT,3,00:00,62","FGA,3,00:00,86",11,24,0:00,PUNT,3,00:00,BT38,FGA,3,00:00,BT14,1
2021_07_BT_LK,BT,LK,Berlin Thunder,Leipzig Kings,8/1/2021,Leipzig,NA,15:01,NA,Y,-,0,22 degr.,SW,cloudy,M. Scholz,B. Hansen,K. Haltermann,Filip Pachulski,P. Simon,S. Hameder,V. Kriesmann,BT,1,10,BT20,"V,1,10,V20","15,1,117",rush,"RUSH:1,V47, TACK:4","J. Crawford rush for 27 yards to the BT47, 1ST DOWN BT (R. Henrique).","V,1,10,V47",0,NA,rush,0,8,27,NA,15,V,BT,"FGA,3,00:00,20","FUMB,0,00:00,49",2,29,0:00,FGA,3,00:00,BT20,FUMB,0,00:00,BT49,NA
2021_07_BT_LK,BT,LK,Berlin Thunder,Leipzig Kings,8/1/2021,Leipzig,NA,15:01,NA,Y,-,0,22 degr.,SW,cloudy,M. Scholz,B. Hansen,K. Haltermann,Filip Pachulski,P. Simon,S. Hameder,V. Kriesmann,BT,1,10,BT47,"V,1,10,V47","15,2,118",rush,"RUSH:1,V49, FORCE:40 FUMB:H,V49,99","J. Crawford rush for 2 yards to the BT49, fumble forced by O. Rohnebak, fumble by J. Crawford recovered by LK V. Buffet at BT49.","H,1,10,V49",0,NA,NA,0,8,27,F,15,V,BT,"FGA,3,00:00,20","FUMB,0,00:00,49",2,29,0:00,FGA,3,00:00,BT20,FUMB,0,00:00,BT49,NA
2021_07_BT_LK,BT,LK,Berlin Thunder,Leipzig Kings,8/1/2021,Leipzig,NA,15:01,NA,Y,-,0,22 degr.,SW,cloudy,M. Scholz,B. Hansen,K. Haltermann,Filip Pachulski,P. Simon,S. Hameder,V. Kriesmann,LK,1,10,BT49,"H,1,10,V49","16,1,119",pass,"PASS:3,C,6,V46 TACK:3",M. Birdsong pass complete to T. Knuettel for 3 yards to the BT46 (A. Gehrt).,"H,2,7,V46",0,NA,NA,0,8,27,NA,16,H,LK,"FUMB,3,00:00,51","PUNT,4,00:00,54",3,3,0:00,FUMB,3,00:00,BT49,PUNT,4,00:00,BT46,NA
2021_07_BT_LK,BT,LK,Berlin Thunder,Leipzig Kings,8/1/2021,Leipzig,NA,15:01,NA,Y,-,0,22 degr.,SW,cloudy,M. Scholz,B. Hansen,K. Haltermann,Filip Pachulski,P. Simon,S. Hameder,V. Kriesmann,LK,2,7,BT46,"H,2,7,V46","16,2,120",pass,"PASS:3,I,12,* BRUP:31",M. Birdsong pass incomplete to J. Awini (L. Pekkarinen).,"H,3,7,V46",0,NA,NA,0,8,27,NA,16,H,LK,"FUMB,3,00:00,51","PUNT,4,00:00,54",3,3,0:00,FUMB,3,00:00,BT49,PUNT,4,00:00,BT46,NA
2021_07_BT_LK,BT,LK,Berlin Thunder,Leipzig Kings,8/1/2021,Leipzig,NA,15:01,NA,Y,-,0,22 degr.,SW,cloudy,M. Scholz,B. Hansen,K. Haltermann,Filip Pachulski,P. Simon,S. Hameder,V. Kriesmann,LK,3,7,BT46,"H,3,7,V46","16,3,121",pass,"PASS:3,D,11,*","M. Birdsong pass incomplete to A. Dable-Wolf, dropped pass.","H,4,7,V46",0,NA,NA,0,8,27,NA,16,H,LK,"FUMB,3,00:00,51","PUNT,4,00:00,54",3,3,0:00,FUMB,3,00:00,BT49,PUNT,4,00:00,BT46,NA
2021_07_BT_LK,BT,LK,Berlin Thunder,Leipzig Kings,8/1/2021,Leipzig,NA,15:01,NA,Y,-,0,22 degr.,SW,cloudy,M. Scholz,B. Hansen,K. Haltermann,Filip Pachulski,P. Simon,S. Hameder,V. Kriesmann,LK,4,7,BT46,"H,4,7,V46","16,4,122",punt,"PUNT:1,V08 OB:","J. Templar punt 38 yards to the BT8, out-of-bounds.","V,1,10,V08",1,NA,NA,0,8,27,NA,16,H,LK,"FUMB,3,00:00,51","PUNT,4,00:00,54",3,3,0:00,FUMB,3,00:00,BT49,PUNT,4,00:00,BT46,NA
2021_07_BT_LK,BT,LK,Berlin Thunder,Leipzig Kings,8/1/2021,Leipzig,NA,15:01,NA,Y,-,0,22 degr.,SW,cloudy,M. Scholz,B. Hansen,K. Haltermann,Filip Pachulski,P. Simon,S. Hameder,V. Kriesmann,BT,1,10,BT08,"V,1,10,V08","17,1,123",pass,"PASS:6,I,7,*",C. Stitt pass incomplete to S. Jones.,"V,2,10,V08",0,NA,NA,0,8,27,NA,17,V,BT,"PUNT,3,00:00,8","PUNT,4,00:00,26",6,18,0:00,PUNT,3,00:00,BT08,PUNT,4,00:00,BT26,NA
2021_07_BT_LK,BT,LK,Berlin Thunder,Leipzig Kings,8/1/2021,Leipzig,NA,15:01,NA,Y,-,0,22 degr.,SW,cloudy,M. Scholz,B. Hansen,K. Haltermann,Filip Pachulski,P. Simon,S. Hameder,V. Kriesmann,BT,2,10,BT08,"V,2,10,V08","17,2,124",rush,"RUSH:1,V12, TACK:4",J. Crawford rush for 4 yards to the BT12 (R. Henrique).,"V,3,6,V12",0,NA,NA,0,8,27,NA,17,V,BT,"PUNT,3,00:00,8","PUNT,4,00:00,26",6,18,0:00,PUNT,3,00:00,BT08,PUNT,4,00:00,BT26,NA
2021_07_BT_LK,BT,LK,Berlin Thunder,Leipzig Kings,8/1/2021,Leipzig,NA,15:01,NA,Y,-,0,22 degr.,SW,cloudy,M. Scholz,B. Hansen,K. Haltermann,Filip Pachulski,P. Simon,S. Hameder,V. Kriesmann,BT,3,6,BT12,"V,3,6,V12","17,3,125",pass,"PASS:6,C,7,V22","C. Stitt pass complete to S. Jones for 10 yards to the BT22, 1ST DOWN BT.","V,1,10,V22",0,NA,pass,0,8,27,NA,17,V,BT,"PUNT,3,00:00,8","PUNT,4,00:00,26",6,18,0:00,PUNT,3,00:00,BT08,PUNT,4,00:00,BT26,NA
2021_07_BT_LK,BT,LK,Berlin Thunder,Leipzig Kings,8/1/2021,Leipzig,NA,15:01,NA,Y,-,0,22 degr.,SW,cloudy,M. Scholz,B. Hansen,K. Haltermann,Filip Pachulski,P. Simon,S. Hameder,V. Kriesmann,BT,1,10,BT22,"V,1,10,V22","17,4,126",penalty,"RUSH:6,V22, TACK:92 PEN:V,UH,A,79,V12,N NOPLAY:","C. Stitt rush for no gain to the BT22 (A. Zetterberg), PENALTY BT illegal use of hands (C. Quattara) 10 yards to the BT12, NO PLAY.","V,1,20,V12",0,NA,NA,0,8,27,NA,17,V,BT,"PUNT,3,00:00,8","PUNT,4,00:00,26",6,18,0:00,PUNT,3,00:00,BT08,PUNT,4,00:00,BT26,NA
2021_07_BT_LK,BT,LK,Berlin Thunder,Leipzig Kings,8/1/2021,Leipzig,NA,15:01,NA,Y,-,0,22 degr.,SW,cloudy,M. Scholz,B. Hansen,K. Haltermann,Filip Pachulski,P. Simon,S. Hameder,V. Kriesmann,BT,1,20,BT12,"V,1,20,V12","17,5,127",pass,"PASS:6,I,7,*",C. Stitt pass incomplete to S. Jones.,"V,2,20,V12",0,NA,NA,0,8,27,NA,17,V,BT,"PUNT,3,00:00,8","PUNT,4,00:00,26",6,18,0:00,PUNT,3,00:00,BT08,PUNT,4,00:00,BT26,NA
2021_07_BT_LK,BT,LK,Berlin Thunder,Leipzig Kings,8/1/2021,Leipzig,NA,15:01,NA,Y,-,0,22 degr.,SW,cloudy,M. Scholz,B. Hansen,K. Haltermann,Filip Pachulski,P. Simon,S. Hameder,V. Kriesmann,BT,2,20,BT12,"V,2,20,V12","17,6,128",rush,"RUSH:1,V13, TACK:92,45",J. Crawford rush for 1 yard to the BT13 (A. Zetterberg;K. Kitchens).,"V,3,19,V13",0,NA,NA,0,8,27,NA,17,V,BT,"PUNT,3,00:00,8","PUNT,4,00:00,26",6,18,0:00,PUNT,3,00:00,BT08,PUNT,4,00:00,BT26,NA
2021_07_BT_LK,BT,LK,Berlin Thunder,Leipzig Kings,8/1/2021,Leipzig,NA,15:01,NA,Y,-,0,22 degr.,SW,cloudy,M. Scholz,B. Hansen,K. Haltermann,Filip Pachulski,P. Simon,S. Hameder,V. Kriesmann,BT,3,19,BT13,"V,3,19,V13","17,7,129",rush,"RUSH:6,V26, TACK:40",C. Stitt rush for 13 yards to the BT26 (O. Rohnebak).,"V,4,6,V26",0,NA,NA,0,8,27,NA,17,V,BT,"PUNT,3,00:00,8","PUNT,4,00:00,26",6,18,0:00,PUNT,3,00:00,BT08,PUNT,4,00:00,BT26,NA
2021_07_BT_LK,BT,LK,Berlin Thunder,Leipzig Kings,8/1/2021,Leipzig,NA,15:01,NA,Y,-,0,22 degr.,SW,cloudy,M. Scholz,B. Hansen,K. Haltermann,Filip Pachulski,P. Simon,S. Hameder,V. Kriesmann,BT,4,6,BT26,"V,4,6,V26","17,8,130",punt,"PUNT:14,H24 DN:","K. Hummel punt 50 yards to the LK24, downed.","H,1,10,H24",0,NA,NA,0,8,27,NA,17,V,BT,"PUNT,3,00:00,8","PUNT,4,00:00,26",6,18,0:00,PUNT,3,00:00,BT08,PUNT,4,00:00,BT26,NA
2021_07_BT_LK,BT,LK,Berlin Thunder,Leipzig Kings,8/1/2021,Leipzig,NA,15:01,NA,Y,-,0,22 degr.,SW,cloudy,M. Scholz,B. Hansen,K. Haltermann,Filip Pachulski,P. Simon,S. Hameder,V. Kriesmann,LK,1,10,LK24,"H,1,10,H24","18,1,131",rush,"RUSH:24,H35, TACK:2","L. Schneider rush for 11 yards to the LK35, 1ST DOWN LK (J. White).","H,1,10,H35",0,NA,rush,0,8,27,NA,18,H,LK,"PUNT,4,00:00,24","TD,0,00:00,100",8,76,0:00,PUNT,4,00:00,LK24,TD,0,00:00,BT00,NA
2021_07_BT_LK,BT,LK,Berlin Thunder,Leipzig Kings,8/1/2021,Leipzig,NA,15:01,NA,Y,-,0,22 degr.,SW,cloudy,M. Scholz,B. Hansen,K. Haltermann,Filip Pachulski,P. Simon,S. Hameder,V. Kriesmann,LK,1,10,LK35,"H,1,10,H35","18,2,132",pass,"PASS:3,D,11,*","M. Birdsong pass incomplete to A. Dable-Wolf, dropped pass.","H,2,10,H35",0,NA,NA,0,8,27,NA,18,H,LK,"PUNT,4,00:00,24","TD,0,00:00,100",8,76,0:00,PUNT,4,00:00,LK24,TD,0,00:00,BT00,NA
2021_07_BT_LK,BT,LK,Berlin Thunder,Leipzig Kings,8/1/2021,Leipzig,NA,15:01,NA,Y,-,0,22 degr.,SW,cloudy,M. Scholz,B. Hansen,K. Haltermann,Filip Pachulski,P. Simon,S. Hameder,V. Kriesmann,LK,2,10,LK35,"H,2,10,H35","18,3,133",pass,"PASS:3,C,8,H45 OB: TACK:15","M. Birdsong pass complete to A. Jalloh for 10 yards to the LK45, 1ST DOWN LK, out-of-bounds (M. Thiele).","H,1,10,H45",1,NA,pass,0,8,27,NA,18,H,LK,"PUNT,4,00:00,24","TD,0,00:00,100",8,76,0:00,PUNT,4,00:00,LK24,TD,0,00:00,BT00,NA
2021_07_BT_LK,BT,LK,Berlin Thunder,Leipzig Kings,8/1/2021,Leipzig,NA,15:01,NA,Y,-,0,22 degr.,SW,cloudy,M. Scholz,B. Hansen,K. Haltermann,Filip Pachulski,P. Simon,S. Hameder,V. Kriesmann,LK,1,10,LK45,"H,1,10,H45","18,4,134",pass,"PASS:3,C,85,V49 TACK:8,52",M. Birdsong pass complete to A. Doroshev for 6 yards to the BT49 (P. Seifert;W. Nasri).,"H,2,4,V49",0,NA,NA,0,8,27,NA,18,H,LK,"PUNT,4,00:00,24","TD,0,00:00,100",8,76,0:00,PUNT,4,00:00,LK24,TD,0,00:00,BT00,NA
2021_07_BT_LK,BT,LK,Berlin Thunder,Leipzig Kings,8/1/2021,Leipzig,NA,15:01,NA,Y,-,0,22 degr.,SW,cloudy,M. Scholz,B. Hansen,K. Haltermann,Filip Pachulski,P. Simon,S. Hameder,V. Kriesmann,LK,2,4,BT49,"H,2,4,V49","18,5,135",rush,"RUSH:24,V48, TACK:45",L. Schneider rush for 1 yard to the BT48 (K. Hill).,"H,3,3,V48",0,NA,NA,0,8,27,NA,18,H,LK,"PUNT,4,00:00,24","TD,0,00:00,100",8,76,0:00,PUNT,4,00:00,LK24,TD,0,00:00,BT00,NA
2021_07_BT_LK,BT,LK,Berlin Thunder,Leipzig Kings,8/1/2021,Leipzig,NA,15:01,NA,Y,-,0,22 degr.,SW,cloudy,M. Scholz,B. Hansen,K. Haltermann,Filip Pachulski,P. Simon,S. Hameder,V. Kriesmann,LK,3,3,BT48,"H,3,3,V48","18,6,136",penalty,"PEN:H,FS,A,70,H47,N",PENALTY LK false start (S. Baafi) 5 yards to the LK47.,"H,3,8,H47",0,NA,NA,0,8,27,NA,18,H,LK,"PUNT,4,00:00,24","TD,0,00:00,100",8,76,0:00,PUNT,4,00:00,LK24,TD,0,00:00,BT00,NA
2021_07_BT_LK,BT,LK,Berlin Thunder,Leipzig Kings,8/1/2021,Leipzig,NA,15:01,NA,Y,-,0,22 degr.,SW,cloudy,M. Scholz,B. Hansen,K. Haltermann,Filip Pachulski,P. Simon,S. Hameder,V. Kriesmann,LK,3,8,LK47,"H,3,8,H47","18,7,137",pass,"PASS:3,C,2,V39 TACK:22,31","M. Birdsong pass complete to J. Aguemon for 14 yards to the BT39, 1ST DOWN LK (L. Achaintre;L. Pekkarinen).","H,1,10,V39",0,NA,pass,0,8,27,NA,18,H,LK,"PUNT,4,00:00,24","TD,0,00:00,100",8,76,0:00,PUNT,4,00:00,LK24,TD,0,00:00,BT00,NA
2021_07_BT_LK,BT,LK,Berlin Thunder,Leipzig Kings,8/1/2021,Leipzig,NA,15:01,NA,Y,-,0,22 degr.,SW,cloudy,M. Scholz,B. Hansen,K. Haltermann,Filip Pachulski,P. Simon,S. Hameder,V. Kriesmann,LK,1,10,BT39,"H,1,10,V39","18,8,138",NA,Q:4 T:00:00,"Start of 4th quarter, clock 00:00.","H,1,10,V39",0,00:00,NA,0,8,27,NA,18,H,LK,"PUNT,4,00:00,24","TD,0,00:00,100",8,76,0:00,PUNT,4,00:00,LK24,TD,0,00:00,BT00,NA
2021_07_BT_LK,BT,LK,Berlin Thunder,Leipzig Kings,8/1/2021,Leipzig,NA,15:01,NA,Y,-,0,22 degr.,SW,cloudy,M. Scholz,B. Hansen,K. Haltermann,Filip Pachulski,P. Simon,S. Hameder,V. Kriesmann,LK,1,10,BT39,"H,1,10,V39","18,9,139",pass,"PASS:3,I,12,*",M. Birdsong pass incomplete to J. Awini.,"H,2,10,V39",0,NA,NA,0,8,27,NA,18,H,LK,"PUNT,4,00:00,24","TD,0,00:00,100",8,76,0:00,PUNT,4,00:00,LK24,TD,0,00:00,BT00,NA
2021_07_BT_LK,BT,LK,Berlin Thunder,Leipzig Kings,8/1/2021,Leipzig,NA,15:01,NA,Y,-,0,22 degr.,SW,cloudy,M. Scholz,B. Hansen,K. Haltermann,Filip Pachulski,P. Simon,S. Hameder,V. Kriesmann,LK,2,10,BT39,"H,2,10,V39","18,10,140",penalty,"PASS:3,I,11,* PEN:V,RP,A,52,V24,1 NOPLAY:","M. Birdsong pass incomplete to A. Dable-Wolf, PENALTY BT roughing passer (W. Nasri) 15 yards to the BT24, 1ST DOWN LK, NO PLAY.","H,1,10,V24",0,NA,penalty,0,8,27,NA,18,H,LK,"PUNT,4,00:00,24","TD,0,00:00,100",8,76,0:00,PUNT,4,00:00,LK24,TD,0,00:00,BT00,NA
2021_07_BT_LK,BT,LK,Berlin Thunder,Leipzig Kings,8/1/2021,Leipzig,NA,15:01,NA,Y,-,0,22 degr.,SW,cloudy,M. Scholz,B. Hansen,K. Haltermann,Filip Pachulski,P. Simon,S. Hameder,V. Kriesmann,LK,1,10,BT24,"H,1,10,V24","18,11,141",rush,"RUSH:1,V00, T:00:00","J. Templar rush for 24 yards to the BT0, 1ST DOWN LK, TOUCHDOWN, clock 00:00.","H,1,10,V15",0,00:00,rush,1,8,33,NA,18,H,LK,"PUNT,4,00:00,24","TD,0,00:00,100",8,76,0:00,PUNT,4,00:00,LK24,TD,0,00:00,BT00,NA
2021_07_BT_LK,BT,LK,Berlin Thunder,Leipzig Kings,8/1/2021,Leipzig,NA,15:01,NA,Y,-,0,22 degr.,SW,cloudy,M. Scholz,B. Hansen,K. Haltermann,Filip Pachulski,P. Simon,S. Hameder,V. Kriesmann,LK,1,10,BT15,"H,1,10,V15","18,12,142",penalty,"PEN:H,DG,A,TM,V01,N",PENALTY LK delay of game 14 yards to the BT1.,"H,1,0,V01",0,NA,NA,0,8,33,NA,18,H,LK,"PUNT,4,00:00,24","TD,0,00:00,100",8,76,0:00,PUNT,4,00:00,LK24,TD,0,00:00,BT00,NA
2021_07_BT_LK,BT,LK,Berlin Thunder,Leipzig Kings,8/1/2021,Leipzig,NA,15:01,NA,Y,-,0,22 degr.,SW,cloudy,M. Scholz,B. Hansen,K. Haltermann,Filip Pachulski,P. Simon,S. Hameder,V. Kriesmann,LK,1,0,BT01,"H,1,0,V01","18,13,143",pat,"PAT:P,3/11,G",M. Birdsong pass attempt to A. Dable-Wolf good.,"H,1,0,H35",0,NA,NA,1,8,35,NA,18,H,LK,"PUNT,4,00:00,24","TD,0,00:00,100",8,76,0:00,PUNT,4,00:00,LK24,TD,0,00:00,BT00,NA
2021_07_BT_LK,BT,LK,Berlin Thunder,Leipzig Kings,8/1/2021,Leipzig,NA,15:01,NA,Y,-,0,22 degr.,SW,cloudy,M. Scholz,B. Hansen,K. Haltermann,Filip Pachulski,P. Simon,S. Hameder,V. Kriesmann,LK,1,0,LK35,"H,1,0,H35","18,14,144",kick_off,"KO:18,V13 RET:88,H44 OB: TACK:18,24","M. Ulbrich kickoff 52 yards to the BT13, T. Ndongo return 43 yards to the LK44, out-of-bounds (M. Ulbrich;L. Schneider).","V,1,10,H44",1,NA,NA,0,8,35,NA,18,H,LK,"PUNT,4,00:00,24","TD,0,00:00,100",8,76,0:00,PUNT,4,00:00,LK24,TD,0,00:00,BT00,NA
2021_07_BT_LK,BT,LK,Berlin Thunder,Leipzig Kings,8/1/2021,Leipzig,NA,15:01,NA,Y,-,0,22 degr.,SW,cloudy,M. Scholz,B. Hansen,K. Haltermann,Filip Pachulski,P. Simon,S. Hameder,V. Kriesmann,BT,1,10,LK44,"V,1,10,H44","19,1,145",pass,"PASS:6,X,8,H10 RET:8,H40","C. Stitt pass intercepted by A. Jalloh at the LK10, A. Jalloh return 30 yards to the LK40.","H,1,10,H40",0,NA,NA,0,8,35,I,19,V,BT,"KO,4,00:00,56","INT,4,00:00,56",1,0,0:00,KO,4,00:00,LK44,INT,4,00:00,LK44,NA
2021_07_BT_LK,BT,LK,Berlin Thunder,Leipzig Kings,8/1/2021,Leipzig,NA,15:01,NA,Y,-,0,22 degr.,SW,cloudy,M. Scholz,B. Hansen,K. Haltermann,Filip Pachulski,P. Simon,S. Hameder,V. Kriesmann,LK,1,10,LK40,"H,1,10,H40","20,1,146",rush,"RUSH:1,H35, FORCE:22 FUMB:V,H35,2","J. Templar rush for loss of 5 yards to the LK35, fumble forced by L. Achaintre, fumble by J. Templar recovered by BT J. White at LK35.","V,1,10,H35",0,NA,NA,0,8,35,F,20,H,LK,"INT,4,00:00,40","FUMB,4,00:00,35",1,-5,0:00,INT,4,00:00,LK40,FUMB,4,00:00,LK35,NA
2021_07_BT_LK,BT,LK,Berlin Thunder,Leipzig Kings,8/1/2021,Leipzig,NA,15:01,NA,Y,-,0,22 degr.,SW,cloudy,M. Scholz,B. Hansen,K. Haltermann,Filip Pachulski,P. Simon,S. Hameder,V. Kriesmann,BT,1,10,LK35,"V,1,10,H35","21,1,147",rush,"RUSH:6,H20, TACK:21","C. Stitt rush for 15 yards to the LK20, 1ST DOWN BT (D. Docal).","V,1,10,H20",0,NA,rush,0,8,35,NA,21,V,BT,"FUMB,4,00:00,65","TD,4,00:00,100",6,35,0:00,FUMB,4,00:00,LK35,TD,4,00:00,LK00,1
2021_07_BT_LK,BT,LK,Berlin Thunder,Leipzig Kings,8/1/2021,Leipzig,NA,15:01,NA,Y,-,0,22 degr.,SW,cloudy,M. Scholz,B. Hansen,K. Haltermann,Filip Pachulski,P. Simon,S. Hameder,V. Kriesmann,BT,1,10,LK20,"V,1,10,H20","21,2,148",pass,"PASS:6,I,TM,*",C. Stitt pass incomplete.,"V,2,10,H20",0,NA,NA,0,8,35,NA,21,V,BT,"FUMB,4,00:00,65","TD,4,00:00,100",6,35,0:00,FUMB,4,00:00,LK35,TD,4,00:00,LK00,1
2021_07_BT_LK,BT,LK,Berlin Thunder,Leipzig Kings,8/1/2021,Leipzig,NA,15:01,NA,Y,-,0,22 degr.,SW,cloudy,M. Scholz,B. Hansen,K. Haltermann,Filip Pachulski,P. Simon,S. Hameder,V. Kriesmann,BT,2,10,LK20,"V,2,10,H20","21,3,149",pass,"PASS:6,I,TM,*",C. Stitt pass incomplete.,"V,3,10,H20",0,NA,NA,0,8,35,NA,21,V,BT,"FUMB,4,00:00,65","TD,4,00:00,100",6,35,0:00,FUMB,4,00:00,LK35,TD,4,00:00,LK00,1
2021_07_BT_LK,BT,LK,Berlin Thunder,Leipzig Kings,8/1/2021,Leipzig,NA,15:01,NA,Y,-,0,22 degr.,SW,cloudy,M. Scholz,B. Hansen,K. Haltermann,Filip Pachulski,P. Simon,S. Hameder,V. Kriesmann,BT,3,10,LK20,"V,3,10,H20","21,4,150",rush,"RUSH:1,H05, TACK:40","J. Crawford rush for 15 yards to the LK5, 1ST DOWN BT (O. Rohnebak).","V,1,0,H05",0,NA,rush,0,8,35,NA,21,V,BT,"FUMB,4,00:00,65","TD,4,00:00,100",6,35,0:00,FUMB,4,00:00,LK35,TD,4,00:00,LK00,1
2021_07_BT_LK,BT,LK,Berlin Thunder,Leipzig Kings,8/1/2021,Leipzig,NA,15:01,NA,Y,-,0,22 degr.,SW,cloudy,M. Scholz,B. Hansen,K. Haltermann,Filip Pachulski,P. Simon,S. Hameder,V. Kriesmann,BT,1,0,LK05,"V,1,0,H05","21,5,151",pass,"PASS:6,I,7,*",C. Stitt pass incomplete to S. Jones.,"V,2,0,H05",0,NA,NA,0,8,35,NA,21,V,BT,"FUMB,4,00:00,65","TD,4,00:00,100",6,35,0:00,FUMB,4,00:00,LK35,TD,4,00:00,LK00,1
2021_07_BT_LK,BT,LK,Berlin Thunder,Leipzig Kings,8/1/2021,Leipzig,NA,15:01,NA,Y,-,0,22 degr.,SW,cloudy,M. Scholz,B. Hansen,K. Haltermann,Filip Pachulski,P. Simon,S. Hameder,V. Kriesmann,BT,2,0,LK05,"V,2,0,H05","21,6,152",rush,"RUSH:6,H00, T:00:00","C. Stitt rush for 5 yards to the LK0, 1ST DOWN BT, TOUCHDOWN, clock 00:00.","V,1,10,H15",0,00:00,rush,1,14,35,NA,21,V,BT,"FUMB,4,00:00,65","TD,4,00:00,100",6,35,0:00,FUMB,4,00:00,LK35,TD,4,00:00,LK00,1
2021_07_BT_LK,BT,LK,Berlin Thunder,Leipzig Kings,8/1/2021,Leipzig,NA,15:01,NA,Y,-,0,22 degr.,SW,cloudy,M. Scholz,B. Hansen,K. Haltermann,Filip Pachulski,P. Simon,S. Hameder,V. Kriesmann,BT,1,10,LK15,"V,1,10,H15","21,7,153",pat,"PAT:P,6/17,G",C. Stitt pass attempt to E. Drossard good.,"V,1,0,V35",0,NA,NA,1,16,35,NA,21,V,BT,"FUMB,4,00:00,65","TD,4,00:00,100",6,35,0:00,FUMB,4,00:00,LK35,TD,4,00:00,LK00,1
2021_07_BT_LK,BT,LK,Berlin Thunder,Leipzig Kings,8/1/2021,Leipzig,NA,15:01,NA,Y,-,0,22 degr.,SW,cloudy,M. Scholz,B. Hansen,K. Haltermann,Filip Pachulski,P. Simon,S. Hameder,V. Kriesmann,BT,1,0,BT35,"V,1,0,V35","21,8,154",kick_off,"KO:14,V49 RET:5,H49","K. Hummel kickoff 14 yards to the BT49, M. Bausch return -2 yards to the LK49.","H,1,10,H49",0,NA,NA,0,16,35,NA,21,V,BT,"FUMB,4,00:00,65","TD,4,00:00,100",6,35,0:00,FUMB,4,00:00,LK35,TD,4,00:00,LK00,1
2021_07_BT_LK,BT,LK,Berlin Thunder,Leipzig Kings,8/1/2021,Leipzig,NA,15:01,NA,Y,-,0,22 degr.,SW,cloudy,M. Scholz,B. Hansen,K. Haltermann,Filip Pachulski,P. Simon,S. Hameder,V. Kriesmann,LK,1,10,LK49,"H,1,10,H49","22,1,155",rush,"RUSH:2,V34, TACK:8,15","J. Aguemon rush for 17 yards to the BT34, 1ST DOWN LK (P. Seifert;M. Thiele).","H,1,10,V34",0,NA,rush,0,16,35,NA,22,H,LK,"KO,4,00:00,49","DOWNS,4,00:00,64",5,15,0:00,KO,4,00:00,LK49,DOWNS,4,00:00,BT36,NA
2021_07_BT_LK,BT,LK,Berlin Thunder,Leipzig Kings,8/1/2021,Leipzig,NA,15:01,NA,Y,-,0,22 degr.,SW,cloudy,M. Scholz,B. Hansen,K. Haltermann,Filip Pachulski,P. Simon,S. Hameder,V. Kriesmann,LK,1,10,BT34,"H,1,10,V34","22,2,156",penalty,"RUSH:2,V35, OB: TACK:31 PEN:H,UH,A,TM,V44,N NOPLAY:","J. Aguemon rush for loss of 1 yard to the BT35, out-of-bounds (L. Pekkarinen), PENALTY LK illegal use of hands 10 yards to the BT44, NO PLAY.","H,1,20,V44",1,NA,NA,0,16,35,NA,22,H,LK,"KO,4,00:00,49","DOWNS,4,00:00,64",5,15,0:00,KO,4,00:00,LK49,DOWNS,4,00:00,BT36,NA
2021_07_BT_LK,BT,LK,Berlin Thunder,Leipzig Kings,8/1/2021,Leipzig,NA,15:01,NA,Y,-,0,22 degr.,SW,cloudy,M. Scholz,B. Hansen,K. Haltermann,Filip Pachulski,P. Simon,S. Hameder,V. Kriesmann,LK,1,20,BT44,"H,1,20,V44","22,3,157",pass,"PASS:3,I,85,*",M. Birdsong pass incomplete to A. Doroshev.,"H,2,20,V44",0,NA,NA,0,16,35,NA,22,H,LK,"KO,4,00:00,49","DOWNS,4,00:00,64",5,15,0:00,KO,4,00:00,LK49,DOWNS,4,00:00,BT36,NA
2021_07_BT_LK,BT,LK,Berlin Thunder,Leipzig Kings,8/1/2021,Leipzig,NA,15:01,NA,Y,-,0,22 degr.,SW,cloudy,M. Scholz,B. Hansen,K. Haltermann,Filip Pachulski,P. Simon,S. Hameder,V. Kriesmann,LK,2,20,BT44,"H,2,20,V44","22,4,158",pass,"PASS:3,C,11,V36 TACK:15",M. Birdsong pass complete to A. Dable-Wolf for 8 yards to the BT36 (M. Thiele).,"H,3,12,V36",0,NA,NA,0,16,35,NA,22,H,LK,"KO,4,00:00,49","DOWNS,4,00:00,64",5,15,0:00,KO,4,00:00,LK49,DOWNS,4,00:00,BT36,NA
2021_07_BT_LK,BT,LK,Berlin Thunder,Leipzig Kings,8/1/2021,Leipzig,NA,15:01,NA,Y,-,0,22 degr.,SW,cloudy,M. Scholz,B. Hansen,K. Haltermann,Filip Pachulski,P. Simon,S. Hameder,V. Kriesmann,LK,3,12,BT36,"H,3,12,V36","22,5,159",pass,"PASS:3,I,TM,*",M. Birdsong pass incomplete.,"H,4,12,V36",0,NA,NA,0,16,35,NA,22,H,LK,"KO,4,00:00,49","DOWNS,4,00:00,64",5,15,0:00,KO,4,00:00,LK49,DOWNS,4,00:00,BT36,NA
2021_07_BT_LK,BT,LK,Berlin Thunder,Leipzig Kings,8/1/2021,Leipzig,NA,15:01,NA,Y,-,0,22 degr.,SW,cloudy,M. Scholz,B. Hansen,K. Haltermann,Filip Pachulski,P. Simon,S. Hameder,V. Kriesmann,LK,4,12,BT36,"H,4,12,V36","22,6,160",NA,TOUT:H T:00:00,"Timeout Leipzig Kings, clock 00:00.","H,4,12,V36",0,00:00,NA,0,16,35,NA,22,H,LK,"KO,4,00:00,49","DOWNS,4,00:00,64",5,15,0:00,KO,4,00:00,LK49,DOWNS,4,00:00,BT36,NA
2021_07_BT_LK,BT,LK,Berlin Thunder,Leipzig Kings,8/1/2021,Leipzig,NA,15:01,NA,Y,-,0,22 degr.,SW,cloudy,M. Scholz,B. Hansen,K. Haltermann,Filip Pachulski,P. Simon,S. Hameder,V. Kriesmann,LK,4,12,BT36,"H,4,12,V36","22,7,161",pass,"PASS:3,D,12,*","M. Birdsong pass incomplete to J. Awini, dropped pass.","V,1,10,V36",0,NA,NA,0,16,35,NA,22,H,LK,"KO,4,00:00,49","DOWNS,4,00:00,64",5,15,0:00,KO,4,00:00,LK49,DOWNS,4,00:00,BT36,NA
2021_07_BT_LK,BT,LK,Berlin Thunder,Leipzig Kings,8/1/2021,Leipzig,NA,15:01,NA,Y,-,0,22 degr.,SW,cloudy,M. Scholz,B. Hansen,K. Haltermann,Filip Pachulski,P. Simon,S. Hameder,V. Kriesmann,BT,1,10,BT36,"V,1,10,V36","23,1,162",pass,"PASS:6,I,1,* BRUP:45",C. Stitt pass incomplete to J. Crawford (K. Kitchens).,"V,2,10,V36",0,NA,NA,0,16,35,NA,23,V,BT,"DOWNS,4,00:00,36","TD,4,00:00,100",7,64,0:00,DOWNS,4,00:00,BT36,TD,4,00:00,LK00,1
2021_07_BT_LK,BT,LK,Berlin Thunder,Leipzig Kings,8/1/2021,Leipzig,NA,15:01,NA,Y,-,0,22 degr.,SW,cloudy,M. Scholz,B. Hansen,K. Haltermann,Filip Pachulski,P. Simon,S. Hameder,V. Kriesmann,BT,2,10,BT36,"V,2,10,V36","23,2,163",rush,"RUSH:1,H46, TACK:92","J. Crawford rush for 18 yards to the LK46, 1ST DOWN BT (A. Zetterberg).","V,1,10,H46",0,NA,rush,0,16,35,NA,23,V,BT,"DOWNS,4,00:00,36","TD,4,00:00,100",7,64,0:00,DOWNS,4,00:00,BT36,TD,4,00:00,LK00,1
2021_07_BT_LK,BT,LK,Berlin Thunder,Leipzig Kings,8/1/2021,Leipzig,NA,15:01,NA,Y,-,0,22 degr.,SW,cloudy,M. Scholz,B. Hansen,K. Haltermann,Filip Pachulski,P. Simon,S. Hameder,V. Kriesmann,BT,1,10,LK46,"V,1,10,H46","23,3,164",pass,"PASS:6,C,7,H42 TACK:4",C. Stitt pass complete to S. Jones for 4 yards to the LK42 (R. Henrique).,"V,2,6,H42",0,NA,NA,0,16,35,NA,23,V,BT,"DOWNS,4,00:00,36","TD,4,00:00,100",7,64,0:00,DOWNS,4,00:00,BT36,TD,4,00:00,LK00,1
2021_07_BT_LK,BT,LK,Berlin Thunder,Leipzig Kings,8/1/2021,Leipzig,NA,15:01,NA,Y,-,0,22 degr.,SW,cloudy,M. Scholz,B. Hansen,K. Haltermann,Filip Pachulski,P. Simon,S. Hameder,V. Kriesmann,BT,2,6,LK42,"V,2,6,H42","23,4,165",penalty,"PASS:6,I,7,* PEN:H,UC,A,92,H27,1 NOPLAY:","C. Stitt pass incomplete to S. Jones, PENALTY LK unsportsmanlike conduct (A. Zetterberg) 15 yards to the LK27, 1ST DOWN BT, NO PLAY.","V,1,10,H27",0,NA,penalty,0,16,35,NA,23,V,BT,"DOWNS,4,00:00,36","TD,4,00:00,100",7,64,0:00,DOWNS,4,00:00,BT36,TD,4,00:00,LK00,1
2021_07_BT_LK,BT,LK,Berlin Thunder,Leipzig Kings,8/1/2021,Leipzig,NA,15:01,NA,Y,-,0,22 degr.,SW,cloudy,M. Scholz,B. Hansen,K. Haltermann,Filip Pachulski,P. Simon,S. Hameder,V. Kriesmann,BT,1,10,LK27,"V,1,10,H27","23,5,166",rush,"RUSH:6,H20, TACK:50",C. Stitt rush for 7 yards to the LK20 (J. Schultes).,"V,2,3,H20",0,NA,NA,0,16,35,NA,23,V,BT,"DOWNS,4,00:00,36","TD,4,00:00,100",7,64,0:00,DOWNS,4,00:00,BT36,TD,4,00:00,LK00,1
2021_07_BT_LK,BT,LK,Berlin Thunder,Leipzig Kings,8/1/2021,Leipzig,NA,15:01,NA,Y,-,0,22 degr.,SW,cloudy,M. Scholz,B. Hansen,K. Haltermann,Filip Pachulski,P. Simon,S. Hameder,V. Kriesmann,BT,2,3,LK20,"V,2,3,H20","23,6,167",rush,"RUSH:1,H07, OB: PEN:V,HO,A,13,H28,N","J. Crawford rush for 13 yards to the LK7, out-of-bounds, PENALTY BT holding (A. Dickmeis) 21 yards to the LK28.","V,2,11,H28",1,NA,NA,0,16,35,NA,23,V,BT,"DOWNS,4,00:00,36","TD,4,00:00,100",7,64,0:00,DOWNS,4,00:00,BT36,TD,4,00:00,LK00,1
2021_07_BT_LK,BT,LK,Berlin Thunder,Leipzig Kings,8/1/2021,Leipzig,NA,15:01,NA,Y,-,0,22 degr.,SW,cloudy,M. Scholz,B. Hansen,K. Haltermann,Filip Pachulski,P. Simon,S. Hameder,V. Kriesmann,BT,2,11,LK28,"V,2,11,H28","23,7,168",NA,"D:2,17",2nd and 17.,"V,2,17,H28",0,NA,NA,0,16,35,NA,23,V,BT,"DOWNS,4,00:00,36","TD,4,00:00,100",7,64,0:00,DOWNS,4,00:00,BT36,TD,4,00:00,LK00,1
2021_07_BT_LK,BT,LK,Berlin Thunder,Leipzig Kings,8/1/2021,Leipzig,NA,15:01,NA,Y,-,0,22 degr.,SW,cloudy,M. Scholz,B. Hansen,K. Haltermann,Filip Pachulski,P. Simon,S. Hameder,V. Kriesmann,BT,2,17,LK28,"V,2,17,H28","23,8,169",pass,"PASS:6,C,11,H02 TACK:21","C. Stitt pass complete to B. Zerbe for 26 yards to the LK2, 1ST DOWN BT (D. Docal).","V,1,0,H02",0,NA,pass,0,16,35,NA,23,V,BT,"DOWNS,4,00:00,36","TD,4,00:00,100",7,64,0:00,DOWNS,4,00:00,BT36,TD,4,00:00,LK00,1
2021_07_BT_LK,BT,LK,Berlin Thunder,Leipzig Kings,8/1/2021,Leipzig,NA,15:01,NA,Y,-,0,22 degr.,SW,cloudy,M. Scholz,B. Hansen,K. Haltermann,Filip Pachulski,P. Simon,S. Hameder,V. Kriesmann,BT,1,0,LK02,"V,1,0,H02","23,9,170",pat,"RUSH:6,H00, T:00:00 PAT:P,6/7,G","C. Stitt rush for 2 yards to the LK0, 1ST DOWN BT, TOUCHDOWN, clock 00:00, C. Stitt pass attempt to S. Jones good.","V,1,0,V35",0,00:00,rush,1,24,35,NA,23,V,BT,"DOWNS,4,00:00,36","TD,4,00:00,100",7,64,0:00,DOWNS,4,00:00,BT36,TD,4,00:00,LK00,1
2021_07_BT_LK,BT,LK,Berlin Thunder,Leipzig Kings,8/1/2021,Leipzig,NA,15:01,NA,Y,-,0,22 degr.,SW,cloudy,M. Scholz,B. Hansen,K. Haltermann,Filip Pachulski,P. Simon,S. Hameder,V. Kriesmann,BT,1,0,BT35,"V,1,0,V35","23,10,171",kick_off,"KO:14,H42 RET:33,H42 PEN:V,OS,A,TM,H48,N D:1,10 SPOT:H,H48,Y","K. Hummel kickoff 23 yards to the LK42, P. Meissner return 0 yards to the LK42, PENALTY BT offside 6 yards to the LK48, 1st and 10, LK ball on LK48.","H,1,10,H48",0,NA,NA,0,24,35,NA,23,V,BT,"DOWNS,4,00:00,36","TD,4,00:00,100",7,64,0:00,DOWNS,4,00:00,BT36,TD,4,00:00,LK00,1
2021_07_BT_LK,BT,LK,Berlin Thunder,Leipzig Kings,8/1/2021,Leipzig,NA,15:01,NA,Y,-,0,22 degr.,SW,cloudy,M. Scholz,B. Hansen,K. Haltermann,Filip Pachulski,P. Simon,S. Hameder,V. Kriesmann,LK,1,10,LK48,"H,1,10,H48","24,1,172",rush,"RUSH:2,V49, TACK:2",J. Aguemon rush for 3 yards to the BT49 (J. White).,"H,2,7,V49",0,NA,NA,0,24,35,NA,24,H,LK,"KO,4,00:00,48","PUNT,4,00:00,59",6,11,0:00,KO,4,00:00,LK48,PUNT,4,00:00,BT41,NA
2021_07_BT_LK,BT,LK,Berlin Thunder,Leipzig Kings,8/1/2021,Leipzig,NA,15:01,NA,Y,-,0,22 degr.,SW,cloudy,M. Scholz,B. Hansen,K. Haltermann,Filip Pachulski,P. Simon,S. Hameder,V. Kriesmann,LK,2,7,BT49,"H,2,7,V49","24,2,173",pass,"PASS:3,C,6,V44 TACK:15",M. Birdsong pass complete to T. Knuettel for 5 yards to the BT44 (M. Thiele).,"H,3,2,V44",0,NA,NA,0,24,35,NA,24,H,LK,"KO,4,00:00,48","PUNT,4,00:00,59",6,11,0:00,KO,4,00:00,LK48,PUNT,4,00:00,BT41,NA
2021_07_BT_LK,BT,LK,Berlin Thunder,Leipzig Kings,8/1/2021,Leipzig,NA,15:01,NA,Y,-,0,22 degr.,SW,cloudy,M. Scholz,B. Hansen,K. Haltermann,Filip Pachulski,P. Simon,S. Hameder,V. Kriesmann,LK,3,2,BT44,"H,3,2,V44","24,3,174",rush,"RUSH:2,V40, TACK:2","J. Aguemon rush for 4 yards to the BT40, 1ST DOWN LK (J. White).","H,1,10,V40",0,NA,rush,0,24,35,NA,24,H,LK,"KO,4,00:00,48","PUNT,4,00:00,59",6,11,0:00,KO,4,00:00,LK48,PUNT,4,00:00,BT41,NA
2021_07_BT_LK,BT,LK,Berlin Thunder,Leipzig Kings,8/1/2021,Leipzig,NA,15:01,NA,Y,-,0,22 degr.,SW,cloudy,M. Scholz,B. Hansen,K. Haltermann,Filip Pachulski,P. Simon,S. Hameder,V. Kriesmann,LK,1,10,BT40,"H,1,10,V40","24,4,175",rush,"RUSH:2,V39, TACK:45",J. Aguemon rush for 1 yard to the BT39 (K. Hill).,"H,2,9,V39",0,NA,NA,0,24,35,NA,24,H,LK,"KO,4,00:00,48","PUNT,4,00:00,59",6,11,0:00,KO,4,00:00,LK48,PUNT,4,00:00,BT41,NA
2021_07_BT_LK,BT,LK,Berlin Thunder,Leipzig Kings,8/1/2021,Leipzig,NA,15:01,NA,Y,-,0,22 degr.,SW,cloudy,M. Scholz,B. Hansen,K. Haltermann,Filip Pachulski,P. Simon,S. Hameder,V. Kriesmann,LK,2,9,BT39,"H,2,9,V39","24,5,176",penalty,"PEN:H,FS,A,76,V44,N",PENALTY LK false start (P. K. Molberg) 5 yards to the BT44.,"H,2,14,V44",0,NA,NA,0,24,35,NA,24,H,LK,"KO,4,00:00,48","PUNT,4,00:00,59",6,11,0:00,KO,4,00:00,LK48,PUNT,4,00:00,BT41,NA
2021_07_BT_LK,BT,LK,Berlin Thunder,Leipzig Kings,8/1/2021,Leipzig,NA,15:01,NA,Y,-,0,22 degr.,SW,cloudy,M. Scholz,B. Hansen,K. Haltermann,Filip Pachulski,P. Simon,S. Hameder,V. Kriesmann,LK,2,14,BT44,"H,2,14,V44","24,6,177",pass,"PASS:3,D,8,*","M. Birdsong pass incomplete to A. Jalloh, dropped pass.","H,3,14,V44",0,NA,NA,0,24,35,NA,24,H,LK,"KO,4,00:00,48","PUNT,4,00:00,59",6,11,0:00,KO,4,00:00,LK48,PUNT,4,00:00,BT41,NA
2021_07_BT_LK,BT,LK,Berlin Thunder,Leipzig Kings,8/1/2021,Leipzig,NA,15:01,NA,Y,-,0,22 degr.,SW,cloudy,M. Scholz,B. Hansen,K. Haltermann,Filip Pachulski,P. Simon,S. Hameder,V. Kriesmann,LK,3,14,BT44,"H,3,14,V44","24,7,178",rush,"RUSH:2,V41, TACK:45",J. Aguemon rush for 3 yards to the BT41 (K. Hill).,"H,4,11,V41",0,NA,NA,0,24,35,NA,24,H,LK,"KO,4,00:00,48","PUNT,4,00:00,59",6,11,0:00,KO,4,00:00,LK48,PUNT,4,00:00,BT41,NA
2021_07_BT_LK,BT,LK,Berlin Thunder,Leipzig Kings,8/1/2021,Leipzig,NA,15:01,NA,Y,-,0,22 degr.,SW,cloudy,M. Scholz,B. Hansen,K. Haltermann,Filip Pachulski,P. Simon,S. Hameder,V. Kriesmann,LK,4,11,BT41,"H,4,11,V41","24,8,179",punt,"PUNT:1,V07 RET:7,V00 +:3,V00 SAF:H,TM T:00:00","J. Templar punt 34 yards to the BT7, S. Jones return -7 yards to the BT0, A. Gehrt for no gain to the BT0, TEAM safety, clock 00:00.","H,1,0,H20",0,00:00,NA,1,24,37,NA,24,H,LK,"KO,4,00:00,48","PUNT,4,00:00,59",6,11,0:00,KO,4,00:00,LK48,PUNT,4,00:00,BT41,NA
2021_07_BT_LK,BT,LK,Berlin Thunder,Leipzig Kings,8/1/2021,Leipzig,NA,15:01,NA,Y,-,0,22 degr.,SW,cloudy,M. Scholz,B. Hansen,K. Haltermann,Filip Pachulski,P. Simon,S. Hameder,V. Kriesmann,LK,1,0,LK20,"H,1,0,H20","25,1,180",NA,"POSS: SPOT:V,V20,N D:1,80","Change of possession, BT ball on BT20, 1st and 80.","V,1,0,V20",0,NA,NA,0,24,37,NA,25,V,BT,"PUNT,4,00:00,0","SAF,4,00:00,0",0,0,0:00,PUNT,4,00:00,BT00,SAF,4,00:00,BT00,NA
2021_07_BT_LK,BT,LK,Berlin Thunder,Leipzig Kings,8/1/2021,Leipzig,NA,15:01,NA,Y,-,0,22 degr.,SW,cloudy,M. Scholz,B. Hansen,K. Haltermann,Filip Pachulski,P. Simon,S. Hameder,V. Kriesmann,BT,1,0,BT20,"V,1,0,V20","26,1,181",kick_off,"KO:14,V46 ONSIDE:H,TM SPOT:H,V46,Y","K. Hummel kickoff 26 yards to the BT46, on-side kick, recovered by LK TEAM on BT46.","H,1,10,V46",0,NA,NA,0,24,37,NA,26,H,LK,"POSS,4,00:00,20","KO,4,00:00,20",0,0,0:00,POSS,4,00:00,LK20,KO,4,00:00,LK20,NA
2021_07_BT_LK,BT,LK,Berlin Thunder,Leipzig Kings,8/1/2021,Leipzig,NA,15:01,NA,Y,-,0,22 degr.,SW,cloudy,M. Scholz,B. Hansen,K. Haltermann,Filip Pachulski,P. Simon,S. Hameder,V. Kriesmann,LK,1,10,BT46,"H,1,10,V46","27,1,182",pass,"PASS:3,C,11,V41 TACK:8,15",M. Birdsong pass complete to A. Dable-Wolf for 5 yards to the BT41 (P. Seifert;M. Thiele).,"H,2,5,V41",0,NA,NA,0,24,37,NA,27,H,LK,"KO,4,00:00,54","HALF,4,00:00,99",11,45,0:00,KO,4,00:00,BT46,HALF,4,00:00,BT01,1
2021_07_BT_LK,BT,LK,Berlin Thunder,Leipzig Kings,8/1/2021,Leipzig,NA,15:01,NA,Y,-,0,22 degr.,SW,cloudy,M. Scholz,B. Hansen,K. Haltermann,Filip Pachulski,P. Simon,S. Hameder,V. Kriesmann,LK,2,5,BT41,"H,2,5,V41","27,2,183",rush,"RUSH:2,V40, TACK:8,45",J. Aguemon rush for 1 yard to the BT40 (P. Seifert;K. Hill).,"H,3,4,V40",0,NA,NA,0,24,37,NA,27,H,LK,"KO,4,00:00,54","HALF,4,00:00,99",11,45,0:00,KO,4,00:00,BT46,HALF,4,00:00,BT01,1
2021_07_BT_LK,BT,LK,Berlin Thunder,Leipzig Kings,8/1/2021,Leipzig,NA,15:01,NA,Y,-,0,22 degr.,SW,cloudy,M. Scholz,B. Hansen,K. Haltermann,Filip Pachulski,P. Simon,S. Hameder,V. Kriesmann,LK,3,4,BT40,"H,3,4,V40","27,3,184",pass,"PASS:3,C,6,V34 TACK:8","M. Birdsong pass complete to T. Knuettel for 6 yards to the BT34, 1ST DOWN LK (P. Seifert).","H,1,10,V34",0,NA,pass,0,24,37,NA,27,H,LK,"KO,4,00:00,54","HALF,4,00:00,99",11,45,0:00,KO,4,00:00,BT46,HALF,4,00:00,BT01,1
2021_07_BT_LK,BT,LK,Berlin Thunder,Leipzig Kings,8/1/2021,Leipzig,NA,15:01,NA,Y,-,0,22 degr.,SW,cloudy,M. Scholz,B. Hansen,K. Haltermann,Filip Pachulski,P. Simon,S. Hameder,V. Kriesmann,LK,1,10,BT34,"H,1,10,V34","27,4,185",rush,"RUSH:2,V29, OB:","J. Aguemon rush for 5 yards to the BT29, out-of-bounds.","H,2,5,V29",1,NA,NA,0,24,37,NA,27,H,LK,"KO,4,00:00,54","HALF,4,00:00,99",11,45,0:00,KO,4,00:00,BT46,HALF,4,00:00,BT01,1
2021_07_BT_LK,BT,LK,Berlin Thunder,Leipzig Kings,8/1/2021,Leipzig,NA,15:01,NA,Y,-,0,22 degr.,SW,cloudy,M. Scholz,B. Hansen,K. Haltermann,Filip Pachulski,P. Simon,S. Hameder,V. Kriesmann,LK,2,5,BT29,"H,2,5,V29","27,5,186",rush,"RUSH:2,V29, TACK:99",J. Aguemon rush for no gain to the BT29 (P. Labus).,"H,3,5,V29",0,NA,NA,0,24,37,NA,27,H,LK,"KO,4,00:00,54","HALF,4,00:00,99",11,45,0:00,KO,4,00:00,BT46,HALF,4,00:00,BT01,1
2021_07_BT_LK,BT,LK,Berlin Thunder,Leipzig Kings,8/1/2021,Leipzig,NA,15:01,NA,Y,-,0,22 degr.,SW,cloudy,M. Scholz,B. Hansen,K. Haltermann,Filip Pachulski,P. Simon,S. Hameder,V. Kriesmann,LK,3,5,BT29,"H,3,5,V29","27,6,187",NA,TOUT:H T:00:00,"Timeout Leipzig Kings, clock 00:00.","H,3,5,V29",0,00:00,NA,0,24,37,NA,27,H,LK,"KO,4,00:00,54","HALF,4,00:00,99",11,45,0:00,KO,4,00:00,BT46,HALF,4,00:00,BT01,1
2021_07_BT_LK,BT,LK,Berlin Thunder,Leipzig Kings,8/1/2021,Leipzig,NA,15:01,NA,Y,-,0,22 degr.,SW,cloudy,M. Scholz,B. Hansen,K. Haltermann,Filip Pachulski,P. Simon,S. Hameder,V. Kriesmann,LK,3,5,BT29,"H,3,5,V29","27,7,188",rush,"RUSH:2,V28, TACK:99",J. Aguemon rush for 1 yard to the BT28 (P. Labus).,"H,4,4,V28",0,NA,NA,0,24,37,NA,27,H,LK,"KO,4,00:00,54","HALF,4,00:00,99",11,45,0:00,KO,4,00:00,BT46,HALF,4,00:00,BT01,1
2021_07_BT_LK,BT,LK,Berlin Thunder,Leipzig Kings,8/1/2021,Leipzig,NA,15:01,NA,Y,-,0,22 degr.,SW,cloudy,M. Scholz,B. Hansen,K. Haltermann,Filip Pachulski,P. Simon,S. Hameder,V. Kriesmann,LK,4,4,BT28,"H,4,4,V28","27,8,189",NA,TOUT:V T:00:00,"Timeout Berlin Thunder, clock 00:00.","H,4,4,V28",0,00:00,NA,0,24,37,NA,27,H,LK,"KO,4,00:00,54","HALF,4,00:00,99",11,45,0:00,KO,4,00:00,BT46,HALF,4,00:00,BT01,1
2021_07_BT_LK,BT,LK,Berlin Thunder,Leipzig Kings,8/1/2021,Leipzig,NA,15:01,NA,Y,-,0,22 degr.,SW,cloudy,M. Scholz,B. Hansen,K. Haltermann,Filip Pachulski,P. Simon,S. Hameder,V. Kriesmann,LK,4,4,BT28,"H,4,4,V28","27,9,190",pass,"PASS:3,C,85,V20 TACK:8","M. Birdsong pass complete to A. Doroshev for 8 yards to the BT20, 1ST DOWN LK (P. Seifert).","H,1,10,V20",0,NA,pass,0,24,37,NA,27,H,LK,"KO,4,00:00,54","HALF,4,00:00,99",11,45,0:00,KO,4,00:00,BT46,HALF,4,00:00,BT01,1
2021_07_BT_LK,BT,LK,Berlin Thunder,Leipzig Kings,8/1/2021,Leipzig,NA,15:01,NA,Y,-,0,22 degr.,SW,cloudy,M. Scholz,B. Hansen,K. Haltermann,Filip Pachulski,P. Simon,S. Hameder,V. Kriesmann,LK,1,10,BT20,"H,1,10,V20","27,10,191",rush,"RUSH:2,V15, TACK:97,14",J. Aguemon rush for 5 yards to the BT15 (K. Wagner;K. Hummel).,"H,2,5,V15",0,NA,NA,0,24,37,NA,27,H,LK,"KO,4,00:00,54","HALF,4,00:00,99",11,45,0:00,KO,4,00:00,BT46,HALF,4,00:00,BT01,1
2021_07_BT_LK,BT,LK,Berlin Thunder,Leipzig Kings,8/1/2021,Leipzig,NA,15:01,NA,Y,-,0,22 degr.,SW,cloudy,M. Scholz,B. Hansen,K. Haltermann,Filip Pachulski,P. Simon,S. Hameder,V. Kriesmann,LK,2,5,BT15,"H,2,5,V15","27,11,192",rush,"RUSH:2,V01, TACK:3,31","J. Aguemon rush for 14 yards to the BT1, 1ST DOWN LK (A. Gehrt;L. Pekkarinen).","H,1,0,V01",0,NA,rush,0,24,37,NA,27,H,LK,"KO,4,00:00,54","HALF,4,00:00,99",11,45,0:00,KO,4,00:00,BT46,HALF,4,00:00,BT01,1
2021_07_BT_LK,BT,LK,Berlin Thunder,Leipzig Kings,8/1/2021,Leipzig,NA,15:01,NA,Y,-,0,22 degr.,SW,cloudy,M. Scholz,B. Hansen,K. Haltermann,Filip Pachulski,P. Simon,S. Hameder,V. Kriesmann,LK,1,0,BT01,"H,1,0,V01","27,12,193",rush,"RUSH:3,V01,",M. Birdsong rush for no gain to the BT1.,"H,2,0,V01",0,NA,NA,0,24,37,NA,27,H,LK,"KO,4,00:00,54","HALF,4,00:00,99",11,45,0:00,KO,4,00:00,BT46,HALF,4,00:00,BT01,1
2021_07_BT_LK,BT,LK,Berlin Thunder,Leipzig Kings,8/1/2021,Leipzig,NA,15:01,NA,Y,-,0,22 degr.,SW,cloudy,M. Scholz,B. Hansen,K. Haltermann,Filip Pachulski,P. Simon,S. Hameder,V. Kriesmann,LK,2,0,BT01,"H,2,0,V01","27,13,194",rush,"RUSH:3,V01,",M. Birdsong rush for no gain to the BT1.,"H,3,0,V01",0,NA,NA,0,24,37,NA,27,H,LK,"KO,4,00:00,54","HALF,4,00:00,99",11,45,0:00,KO,4,00:00,BT46,HALF,4,00:00,BT01,1
2021_07_BT_LK,BT,LK,Berlin Thunder,Leipzig Kings,8/1/2021,Leipzig,NA,15:01,NA,Y,-,0,22 degr.,SW,cloudy,M. Scholz,B. Hansen,K. Haltermann,Filip Pachulski,P. Simon,S. Hameder,V. Kriesmann,LK,3,0,BT01,"H,3,0,V01","27,14,195",NA,HALF: T:00:00,"End of game, clock 00:00.","H,3,0,V01",0,00:00,NA,0,24,37,NA,27,H,LK,"KO,4,00:00,54","HALF,4,00:00,99",11,45,0:00,KO,4,00:00,BT46,HALF,4,00:00,BT01,1
