game_id,away_team_id,home_team_id,away_team,home_team,date,location,stadium,start,end,leaguegame,duration,attend,temp,wind,weather,ref,ump,lj,bj,fj,sj,cj,alt,posteam,down,togo,spot,context,play_id,tokens,desc,newcontext,play_type,oob,first_down_with,score,away_score_post,home_score_post,clock,turnover,drive_number,drive_vh,drive_team,drive_start,drive_end,drive_plays,drive_yards,drive_top,drive_start_how,drive_start_qtr,drive_start_time,drive_start_spot,drive_end_how,drive_end_qtr,drive_end_time,drive_end_spot,drive_rz
2021_10_PW_HD,PW,HD,Panthers Wroclaw,Hamburg Sea Devils,8/22/2021,Hamburg,Stadion Hoheluft,15:00,NA,Y,-,0,18 deg.C,NA,Rainy,M. Scholz,J. Poschlod,K. Haltermann,J. Scott,N. Lakowitz,A. Flaisch,H. Horak,H. Horak,PW,1,10,PW35,"V,1,10,V35","0,1,0","CMT:PW wins toss, defers, HD recieves the ball","PW wins toss, defers, HD recieves the ball","V,1,10,V35",NA,0,NA,0,0,0,NA,NA,0,NA,NA,NA,NA,NA,NA,NA,NA,NA,NA,NA,NA,NA,NA,NA,NA
2021_10_PW_HD,PW,HD,Panthers Wroclaw,Hamburg Sea Devils,8/22/2021,Hamburg,Stadion Hoheluft,15:00,NA,Y,-,0,18 deg.C,NA,Rainy,M. Scholz,J. Poschlod,K. Haltermann,J. Scott,N. Lakowitz,A. Flaisch,H. Horak,H. Horak,PW,1,10,PW35,"V,1,10,V35","0,2,1","SPOT:V,V35,N",PW ball on PW35.,"V,1,10,V35",NA,0,NA,0,0,0,NA,NA,0,NA,NA,NA,NA,NA,NA,NA,NA,NA,NA,NA,NA,NA,NA,NA,NA
2021_10_PW_HD,PW,HD,Panthers Wroclaw,Hamburg Sea Devils,8/22/2021,Hamburg,Stadion Hoheluft,15:00,NA,Y,-,0,18 deg.C,NA,Rainy,M. Scholz,J. Poschlod,K. Haltermann,J. Scott,N. Lakowitz,A. Flaisch,H. Horak,H. Horak,PW,1,10,PW35,"V,1,10,V35","0,3,2","KO:44,H00 RET:23,H50 OB: TACK:24,5","T. Leader kickoff 65 yards to the HD0, J. Rogers return 50 yards to the 50 yardline, out-of-bounds (W. James;G. Zec).","H,1,10,H50",kick_off,1,NA,0,0,0,NA,NA,0,NA,NA,NA,NA,NA,NA,NA,NA,NA,NA,NA,NA,NA,NA,NA,NA
2021_10_PW_HD,PW,HD,Panthers Wroclaw,Hamburg Sea Devils,8/22/2021,Hamburg,Stadion Hoheluft,15:00,NA,Y,-,0,18 deg.C,NA,Rainy,M. Scholz,J. Poschlod,K. Haltermann,J. Scott,N. Lakowitz,A. Flaisch,H. Horak,H. Horak,HD,1,10,HD50,"H,1,10,H50","1,1,3","RUSH:24,V31, TACK:4","X. Johnson rush for 19 yards to the PW31, 1ST DOWN HD (W. Lloyd).","H,1,10,V31",rush,0,rush,0,0,0,NA,NA,1,H,HD,"KO,1,15:00,50","FG,1,11:24,86",8,36,3:36,KO,1,15:00,HD50,FG,1,11:24,PW14,1
2021_10_PW_HD,PW,HD,Panthers Wroclaw,Hamburg Sea Devils,8/22/2021,Hamburg,Stadion Hoheluft,15:00,NA,Y,-,0,18 deg.C,NA,Rainy,M. Scholz,J. Poschlod,K. Haltermann,J. Scott,N. Lakowitz,A. Flaisch,H. Horak,H. Horak,HD,1,10,PW31,"H,1,10,V31","1,2,4","PASS:10,C,81,V23 TACK:26",J. Clark pass complete to K. Ofori for 8 yards to the PW23 (M. Osumek).,"H,2,2,V23",pass,0,NA,0,0,0,NA,NA,1,H,HD,"KO,1,15:00,50","FG,1,11:24,86",8,36,3:36,KO,1,15:00,HD50,FG,1,11:24,PW14,1
2021_10_PW_HD,PW,HD,Panthers Wroclaw,Hamburg Sea Devils,8/22/2021,Hamburg,Stadion Hoheluft,15:00,NA,Y,-,0,18 deg.C,NA,Rainy,M. Scholz,J. Poschlod,K. Haltermann,J. Scott,N. Lakowitz,A. Flaisch,H. Horak,H. Horak,HD,2,2,PW23,"H,2,2,V23","1,3,5","PASS:10,I,88,*",J. Clark pass incomplete to A. Botella M..,"H,3,2,V23",pass,0,NA,0,0,0,NA,NA,1,H,HD,"KO,1,15:00,50","FG,1,11:24,86",8,36,3:36,KO,1,15:00,HD50,FG,1,11:24,PW14,1
2021_10_PW_HD,PW,HD,Panthers Wroclaw,Hamburg Sea Devils,8/22/2021,Hamburg,Stadion Hoheluft,15:00,NA,Y,-,0,18 deg.C,NA,Rainy,M. Scholz,J. Poschlod,K. Haltermann,J. Scott,N. Lakowitz,A. Flaisch,H. Horak,H. Horak,HD,3,2,PW23,"H,3,2,V23","1,4,6","RUSH:24,V14, TACK:24,5","X. Johnson rush for 9 yards to the PW14, 1ST DOWN HD (W. James;G. Zec).","H,1,10,V14",rush,0,rush,0,0,0,NA,NA,1,H,HD,"KO,1,15:00,50","FG,1,11:24,86",8,36,3:36,KO,1,15:00,HD50,FG,1,11:24,PW14,1
2021_10_PW_HD,PW,HD,Panthers Wroclaw,Hamburg Sea Devils,8/22/2021,Hamburg,Stadion Hoheluft,15:00,NA,Y,-,0,18 deg.C,NA,Rainy,M. Scholz,J. Poschlod,K. Haltermann,J. Scott,N. Lakowitz,A. Flaisch,H. Horak,H. Horak,HD,1,10,PW14,"H,1,10,V14","1,5,7","RUSH:24,V17, TACK:94",X. Johnson rush for loss of 3 yards to the PW17 (K. Brauns).,"H,2,13,V17",rush,0,NA,0,0,0,NA,NA,1,H,HD,"KO,1,15:00,50","FG,1,11:24,86",8,36,3:36,KO,1,15:00,HD50,FG,1,11:24,PW14,1
2021_10_PW_HD,PW,HD,Panthers Wroclaw,Hamburg Sea Devils,8/22/2021,Hamburg,Stadion Hoheluft,15:00,NA,Y,-,0,18 deg.C,NA,Rainy,M. Scholz,J. Poschlod,K. Haltermann,J. Scott,N. Lakowitz,A. Flaisch,H. Horak,H. Horak,HD,2,13,PW17,"H,2,13,V17","1,6,8","PASS:10,C,24,V14 TACK:6,1",J. Clark pass complete to X. Johnson for 3 yards to the PW14 (K. Ruta;D. Robinson).,"H,3,10,V14",pass,0,NA,0,0,0,NA,NA,1,H,HD,"KO,1,15:00,50","FG,1,11:24,86",8,36,3:36,KO,1,15:00,HD50,FG,1,11:24,PW14,1
2021_10_PW_HD,PW,HD,Panthers Wroclaw,Hamburg Sea Devils,8/22/2021,Hamburg,Stadion Hoheluft,15:00,NA,Y,-,0,18 deg.C,NA,Rainy,M. Scholz,J. Poschlod,K. Haltermann,J. Scott,N. Lakowitz,A. Flaisch,H. Horak,H. Horak,HD,3,10,PW14,"H,3,10,V14","1,7,9","PASS:10,I,82,* BRUP:8",J. Clark pass incomplete to T. Nill (H. Ogrodowczyk).,"H,4,10,V14",pass,0,NA,0,0,0,NA,NA,1,H,HD,"KO,1,15:00,50","FG,1,11:24,86",8,36,3:36,KO,1,15:00,HD50,FG,1,11:24,PW14,1
2021_10_PW_HD,PW,HD,Panthers Wroclaw,Hamburg Sea Devils,8/22/2021,Hamburg,Stadion Hoheluft,15:00,NA,Y,-,0,18 deg.C,NA,Rainy,M. Scholz,J. Poschlod,K. Haltermann,J. Scott,N. Lakowitz,A. Flaisch,H. Horak,H. Horak,HD,4,10,PW14,"H,4,10,V14","1,8,10","FGA:4,31,G T:11:24","P. Andersen field goal attempt from 31 GOOD, clock 11:24.","H,1,0,H35",field_goal,0,NA,1,0,3,11:24,NA,1,H,HD,"KO,1,15:00,50","FG,1,11:24,86",8,36,3:36,KO,1,15:00,HD50,FG,1,11:24,PW14,1
2021_10_PW_HD,PW,HD,Panthers Wroclaw,Hamburg Sea Devils,8/22/2021,Hamburg,Stadion Hoheluft,15:00,NA,Y,-,0,18 deg.C,NA,Rainy,M. Scholz,J. Poschlod,K. Haltermann,J. Scott,N. Lakowitz,A. Flaisch,H. Horak,H. Horak,HD,1,0,HD35,"H,1,0,H35","1,9,11","KO:29,V09 RET:12,V50 TACK:29","D. Aboagye-Duah kickoff 56 yards to the PW9, K. Turpin return 41 yards to the 50 yardline (D. Aboagye-Duah).","V,1,10,V50",kick_off,0,NA,0,0,3,NA,NA,1,H,HD,"KO,1,15:00,50","FG,1,11:24,86",8,36,3:36,KO,1,15:00,HD50,FG,1,11:24,PW14,1
2021_10_PW_HD,PW,HD,Panthers Wroclaw,Hamburg Sea Devils,8/22/2021,Hamburg,Stadion Hoheluft,15:00,NA,Y,-,0,18 deg.C,NA,Rainy,M. Scholz,J. Poschlod,K. Haltermann,J. Scott,N. Lakowitz,A. Flaisch,H. Horak,H. Horak,PW,1,10,PW50,"V,1,10,V50","2,1,12",{DRIVE}:11:16,PANTHERS WROCLAW drive start at 11:16.,"V,1,10,V50",NA,0,NA,0,0,3,11:16,NA,2,V,PW,"KO,1,11:16,50","FG,1,07:37,65",7,15,3:39,KO,1,11:16,PW50,FG,1,07:37,HD35,NA
2021_10_PW_HD,PW,HD,Panthers Wroclaw,Hamburg Sea Devils,8/22/2021,Hamburg,Stadion Hoheluft,15:00,NA,Y,-,0,18 deg.C,NA,Rainy,M. Scholz,J. Poschlod,K. Haltermann,J. Scott,N. Lakowitz,A. Flaisch,H. Horak,H. Horak,PW,1,10,PW50,"V,1,10,V50","2,2,13","RUSH:25,H48, TACK:43",P. Pasqualini rush for 2 yards to the HD48 (M. Boock).,"V,2,8,H48",rush,0,NA,0,0,3,NA,NA,2,V,PW,"KO,1,11:16,50","FG,1,07:37,65",7,15,3:39,KO,1,11:16,PW50,FG,1,07:37,HD35,NA
2021_10_PW_HD,PW,HD,Panthers Wroclaw,Hamburg Sea Devils,8/22/2021,Hamburg,Stadion Hoheluft,15:00,NA,Y,-,0,18 deg.C,NA,Rainy,M. Scholz,J. Poschlod,K. Haltermann,J. Scott,N. Lakowitz,A. Flaisch,H. Horak,H. Horak,PW,2,8,HD48,"V,2,8,H48","2,3,14","PASS:2,C,82,H44 TACK:23",L. O'Connor pass complete to P. Banat for 4 yards to the HD44 (J. Rogers).,"V,3,4,H44",pass,0,NA,0,0,3,NA,NA,2,V,PW,"KO,1,11:16,50","FG,1,07:37,65",7,15,3:39,KO,1,11:16,PW50,FG,1,07:37,HD35,NA
2021_10_PW_HD,PW,HD,Panthers Wroclaw,Hamburg Sea Devils,8/22/2021,Hamburg,Stadion Hoheluft,15:00,NA,Y,-,0,18 deg.C,NA,Rainy,M. Scholz,J. Poschlod,K. Haltermann,J. Scott,N. Lakowitz,A. Flaisch,H. Horak,H. Horak,PW,3,4,HD44,"V,3,4,H44","2,4,15","RUSH:25,H42, TACK:57",P. Pasqualini rush for 2 yards to the HD42 (D. Laporte).,"V,4,2,H42",rush,0,NA,0,0,3,NA,NA,2,V,PW,"KO,1,11:16,50","FG,1,07:37,65",7,15,3:39,KO,1,11:16,PW50,FG,1,07:37,HD35,NA
2021_10_PW_HD,PW,HD,Panthers Wroclaw,Hamburg Sea Devils,8/22/2021,Hamburg,Stadion Hoheluft,15:00,NA,Y,-,0,18 deg.C,NA,Rainy,M. Scholz,J. Poschlod,K. Haltermann,J. Scott,N. Lakowitz,A. Flaisch,H. Horak,H. Horak,PW,4,2,HD42,"V,4,2,H42","2,5,16","PASS:2,I,82,* PEN:H,OD,A,95,H37,N NOPLAY:","L. O'Connor pass incomplete to P. Banat, PENALTY HD offside defense (E. Yeboah) 5 yards to the HD37, 1ST DOWN PW, NO PLAY.","V,1,10,H37",penalty,0,penalty,0,0,3,NA,NA,2,V,PW,"KO,1,11:16,50","FG,1,07:37,65",7,15,3:39,KO,1,11:16,PW50,FG,1,07:37,HD35,NA
2021_10_PW_HD,PW,HD,Panthers Wroclaw,Hamburg Sea Devils,8/22/2021,Hamburg,Stadion Hoheluft,15:00,NA,Y,-,0,18 deg.C,NA,Rainy,M. Scholz,J. Poschlod,K. Haltermann,J. Scott,N. Lakowitz,A. Flaisch,H. Horak,H. Horak,PW,1,10,HD37,"V,1,10,H37","2,6,17","PASS:2,C,23,H34 TACK:52",L. O'Connor pass complete to J. Mazan for 3 yards to the HD34 (A. Mati).,"V,2,7,H34",pass,0,NA,0,0,3,NA,NA,2,V,PW,"KO,1,11:16,50","FG,1,07:37,65",7,15,3:39,KO,1,11:16,PW50,FG,1,07:37,HD35,NA
2021_10_PW_HD,PW,HD,Panthers Wroclaw,Hamburg Sea Devils,8/22/2021,Hamburg,Stadion Hoheluft,15:00,NA,Y,-,0,18 deg.C,NA,Rainy,M. Scholz,J. Poschlod,K. Haltermann,J. Scott,N. Lakowitz,A. Flaisch,H. Horak,H. Horak,PW,2,7,HD34,"V,2,7,H34","2,7,18","RUSH:25,H34, TACK:95",P. Pasqualini rush for no gain to the HD34 (E. Yeboah).,"V,3,7,H34",rush,0,NA,0,0,3,NA,NA,2,V,PW,"KO,1,11:16,50","FG,1,07:37,65",7,15,3:39,KO,1,11:16,PW50,FG,1,07:37,HD35,NA
2021_10_PW_HD,PW,HD,Panthers Wroclaw,Hamburg Sea Devils,8/22/2021,Hamburg,Stadion Hoheluft,15:00,NA,Y,-,0,18 deg.C,NA,Rainy,M. Scholz,J. Poschlod,K. Haltermann,J. Scott,N. Lakowitz,A. Flaisch,H. Horak,H. Horak,PW,3,7,HD34,"V,3,7,H34","2,8,19","PASS:2,C,25,H35 TACK:52,43",L. O'Connor pass complete to P. Pasqualini for loss of 1 yard to the HD35 (A. Mati;M. Boock).,"V,4,8,H35",pass,0,NA,0,0,3,NA,NA,2,V,PW,"KO,1,11:16,50","FG,1,07:37,65",7,15,3:39,KO,1,11:16,PW50,FG,1,07:37,HD35,NA
2021_10_PW_HD,PW,HD,Panthers Wroclaw,Hamburg Sea Devils,8/22/2021,Hamburg,Stadion Hoheluft,15:00,NA,Y,-,0,18 deg.C,NA,Rainy,M. Scholz,J. Poschlod,K. Haltermann,J. Scott,N. Lakowitz,A. Flaisch,H. Horak,H. Horak,PW,4,8,HD35,"V,4,8,H35","2,9,20","FGA:44,52,G T:07:37","T. Leader field goal attempt from 52 GOOD, clock 07:37.","V,1,0,V35",field_goal,0,NA,1,3,3,07:37,NA,2,V,PW,"KO,1,11:16,50","FG,1,07:37,65",7,15,3:39,KO,1,11:16,PW50,FG,1,07:37,HD35,NA
2021_10_PW_HD,PW,HD,Panthers Wroclaw,Hamburg Sea Devils,8/22/2021,Hamburg,Stadion Hoheluft,15:00,NA,Y,-,0,18 deg.C,NA,Rainy,M. Scholz,J. Poschlod,K. Haltermann,J. Scott,N. Lakowitz,A. Flaisch,H. Horak,H. Horak,PW,1,0,PW35,"V,1,0,V35","2,10,21","KO:44,H05 RET:23,H21 FORCE:22 FUMB:H,H21,23","T. Leader kickoff 60 yards to the HD5, J. Rogers return 16 yards to the HD21, fumble forced by J. Lewszyk, fumble by J. Rogers recovered by HD J. Rogers at HD21.","H,1,10,H21",kick_off,0,NA,0,3,3,NA,NA,2,V,PW,"KO,1,11:16,50","FG,1,07:37,65",7,15,3:39,KO,1,11:16,PW50,FG,1,07:37,HD35,NA
2021_10_PW_HD,PW,HD,Panthers Wroclaw,Hamburg Sea Devils,8/22/2021,Hamburg,Stadion Hoheluft,15:00,NA,Y,-,0,18 deg.C,NA,Rainy,M. Scholz,J. Poschlod,K. Haltermann,J. Scott,N. Lakowitz,A. Flaisch,H. Horak,H. Horak,HD,1,10,HD21,"H,1,10,H21","3,1,22",{DRIVE}:07:22,HAMBURG SEA DEVILS drive start at 07:22.,"H,1,10,H21",NA,0,NA,0,3,3,07:22,NA,3,H,HD,"KO,1,07:22,21","PUNT,1,05:27,13",3,-8,1:55,KO,1,07:22,HD21,PUNT,1,05:27,HD13,NA
2021_10_PW_HD,PW,HD,Panthers Wroclaw,Hamburg Sea Devils,8/22/2021,Hamburg,Stadion Hoheluft,15:00,NA,Y,-,0,18 deg.C,NA,Rainy,M. Scholz,J. Poschlod,K. Haltermann,J. Scott,N. Lakowitz,A. Flaisch,H. Horak,H. Horak,HD,1,10,HD21,"H,1,10,H21","3,2,23","RUSH:24,H21, TACK:24",X. Johnson rush for no gain to the HD21 (W. James).,"H,2,10,H21",rush,0,NA,0,3,3,NA,NA,3,H,HD,"KO,1,07:22,21","PUNT,1,05:27,13",3,-8,1:55,KO,1,07:22,HD21,PUNT,1,05:27,HD13,NA
2021_10_PW_HD,PW,HD,Panthers Wroclaw,Hamburg Sea Devils,8/22/2021,Hamburg,Stadion Hoheluft,15:00,NA,Y,-,0,18 deg.C,NA,Rainy,M. Scholz,J. Poschlod,K. Haltermann,J. Scott,N. Lakowitz,A. Flaisch,H. Horak,H. Horak,HD,2,10,HD21,"H,2,10,H21","3,3,24","RUSH:10,H25, TACK:22,26 PEN:H,HO,A,69,H11,N NOPLAY:","J. Clark rush for 4 yards to the HD25 (J. Lewszyk;M. Osumek), PENALTY HD holding (D. Weinstock) 10 yards to the HD11, NO PLAY.","H,2,20,H11",penalty,0,NA,0,3,3,NA,NA,3,H,HD,"KO,1,07:22,21","PUNT,1,05:27,13",3,-8,1:55,KO,1,07:22,HD21,PUNT,1,05:27,HD13,NA
2021_10_PW_HD,PW,HD,Panthers Wroclaw,Hamburg Sea Devils,8/22/2021,Hamburg,Stadion Hoheluft,15:00,NA,Y,-,0,18 deg.C,NA,Rainy,M. Scholz,J. Poschlod,K. Haltermann,J. Scott,N. Lakowitz,A. Flaisch,H. Horak,H. Horak,HD,2,20,HD11,"H,2,20,H11","3,4,25","RUSH:24,H07, TACK:92",X. Johnson rush for loss of 4 yards to the HD7 (A. Brudny).,"H,3,24,H07",rush,0,NA,0,3,3,NA,NA,3,H,HD,"KO,1,07:22,21","PUNT,1,05:27,13",3,-8,1:55,KO,1,07:22,HD21,PUNT,1,05:27,HD13,NA
2021_10_PW_HD,PW,HD,Panthers Wroclaw,Hamburg Sea Devils,8/22/2021,Hamburg,Stadion Hoheluft,15:00,NA,Y,-,0,18 deg.C,NA,Rainy,M. Scholz,J. Poschlod,K. Haltermann,J. Scott,N. Lakowitz,A. Flaisch,H. Horak,H. Horak,HD,3,24,HD07,"H,3,24,H07","3,5,26","RUSH:24,H13, TACK:47,4",X. Johnson rush for 6 yards to the HD13 (A. Idziak;W. Lloyd).,"H,4,18,H13",rush,0,NA,0,3,3,NA,NA,3,H,HD,"KO,1,07:22,21","PUNT,1,05:27,13",3,-8,1:55,KO,1,07:22,HD21,PUNT,1,05:27,HD13,NA
2021_10_PW_HD,PW,HD,Panthers Wroclaw,Hamburg Sea Devils,8/22/2021,Hamburg,Stadion Hoheluft,15:00,NA,Y,-,0,18 deg.C,NA,Rainy,M. Scholz,J. Poschlod,K. Haltermann,J. Scott,N. Lakowitz,A. Flaisch,H. Horak,H. Horak,HD,4,18,HD13,"H,4,18,H13","3,6,27","PUNT:4,H39 OB:","P. Andersen punt 26 yards to the HD39, out-of-bounds.","V,1,10,H39",punt,1,NA,0,3,3,NA,NA,3,H,HD,"KO,1,07:22,21","PUNT,1,05:27,13",3,-8,1:55,KO,1,07:22,HD21,PUNT,1,05:27,HD13,NA
2021_10_PW_HD,PW,HD,Panthers Wroclaw,Hamburg Sea Devils,8/22/2021,Hamburg,Stadion Hoheluft,15:00,NA,Y,-,0,18 deg.C,NA,Rainy,M. Scholz,J. Poschlod,K. Haltermann,J. Scott,N. Lakowitz,A. Flaisch,H. Horak,H. Horak,PW,1,10,HD39,"V,1,10,H39","4,1,28",{DRIVE}:05:27,PANTHERS WROCLAW drive start at 05:27.,"V,1,10,H39",NA,0,NA,0,3,3,05:27,NA,4,V,PW,"PUNT,1,05:27,61","PUNT,1,02:28,63",5,2,2:59,PUNT,1,05:27,HD39,PUNT,1,02:28,HD37,NA
2021_10_PW_HD,PW,HD,Panthers Wroclaw,Hamburg Sea Devils,8/22/2021,Hamburg,Stadion Hoheluft,15:00,NA,Y,-,0,18 deg.C,NA,Rainy,M. Scholz,J. Poschlod,K. Haltermann,J. Scott,N. Lakowitz,A. Flaisch,H. Horak,H. Horak,PW,1,10,HD39,"V,1,10,H39","4,2,29","RUSH:25,H30, TACK:25,90",P. Pasqualini rush for 9 yards to the HD30 (C. Slater;A. Rieckenberg).,"V,2,1,H30",rush,0,NA,0,3,3,NA,NA,4,V,PW,"PUNT,1,05:27,61","PUNT,1,02:28,63",5,2,2:59,PUNT,1,05:27,HD39,PUNT,1,02:28,HD37,NA
2021_10_PW_HD,PW,HD,Panthers Wroclaw,Hamburg Sea Devils,8/22/2021,Hamburg,Stadion Hoheluft,15:00,NA,Y,-,0,18 deg.C,NA,Rainy,M. Scholz,J. Poschlod,K. Haltermann,J. Scott,N. Lakowitz,A. Flaisch,H. Horak,H. Horak,PW,2,1,HD30,"V,2,1,H30","4,3,30","RUSH:25,H29, TACK:94","P. Pasqualini rush for 1 yard to the HD29, 1ST DOWN PW (B. Grube).","V,1,10,H29",rush,0,rush,0,3,3,NA,NA,4,V,PW,"PUNT,1,05:27,61","PUNT,1,02:28,63",5,2,2:59,PUNT,1,05:27,HD39,PUNT,1,02:28,HD37,NA
2021_10_PW_HD,PW,HD,Panthers Wroclaw,Hamburg Sea Devils,8/22/2021,Hamburg,Stadion Hoheluft,15:00,NA,Y,-,0,18 deg.C,NA,Rainy,M. Scholz,J. Poschlod,K. Haltermann,J. Scott,N. Lakowitz,A. Flaisch,H. Horak,H. Horak,PW,1,10,HD29,"V,1,10,H29","4,4,31","RUSH:13,H28, TACK:95 PEN:V,CHB,A,55,H44,N NOPLAY:","D. Kwiatkowski rush for 1 yard to the HD28 (E. Yeboah), PENALTY PW Chopblock (R. Rogaczewski) 15 yards to the HD44, NO PLAY.","V,1,25,H44",penalty,0,NA,0,3,3,NA,NA,4,V,PW,"PUNT,1,05:27,61","PUNT,1,02:28,63",5,2,2:59,PUNT,1,05:27,HD39,PUNT,1,02:28,HD37,NA
2021_10_PW_HD,PW,HD,Panthers Wroclaw,Hamburg Sea Devils,8/22/2021,Hamburg,Stadion Hoheluft,15:00,NA,Y,-,0,18 deg.C,NA,Rainy,M. Scholz,J. Poschlod,K. Haltermann,J. Scott,N. Lakowitz,A. Flaisch,H. Horak,H. Horak,PW,1,25,HD44,"V,1,25,H44","4,5,32","RUSH:13,H44, TACK:27",D. Kwiatkowski rush for no gain to the HD44 (L. Mueller).,"V,2,25,H44",rush,0,NA,0,3,3,NA,NA,4,V,PW,"PUNT,1,05:27,61","PUNT,1,02:28,63",5,2,2:59,PUNT,1,05:27,HD39,PUNT,1,02:28,HD37,NA
2021_10_PW_HD,PW,HD,Panthers Wroclaw,Hamburg Sea Devils,8/22/2021,Hamburg,Stadion Hoheluft,15:00,NA,Y,-,0,18 deg.C,NA,Rainy,M. Scholz,J. Poschlod,K. Haltermann,J. Scott,N. Lakowitz,A. Flaisch,H. Horak,H. Horak,PW,2,25,HD44,"V,2,25,H44","4,6,33","PASS:2,B,18,* BRUP:27",L. O'Connor pass incomplete to A. Grodecki (L. Mueller).,"V,3,25,H44",pass,0,NA,0,3,3,NA,NA,4,V,PW,"PUNT,1,05:27,61","PUNT,1,02:28,63",5,2,2:59,PUNT,1,05:27,HD39,PUNT,1,02:28,HD37,NA
2021_10_PW_HD,PW,HD,Panthers Wroclaw,Hamburg Sea Devils,8/22/2021,Hamburg,Stadion Hoheluft,15:00,NA,Y,-,0,18 deg.C,NA,Rainy,M. Scholz,J. Poschlod,K. Haltermann,J. Scott,N. Lakowitz,A. Flaisch,H. Horak,H. Horak,PW,3,25,HD44,"V,3,25,H44","4,7,34",TOUT:H T:03:14,"Timeout Hamburg Sea Devils, clock 03:14.","V,3,25,H44",NA,0,NA,0,3,3,03:14,NA,4,V,PW,"PUNT,1,05:27,61","PUNT,1,02:28,63",5,2,2:59,PUNT,1,05:27,HD39,PUNT,1,02:28,HD37,NA
2021_10_PW_HD,PW,HD,Panthers Wroclaw,Hamburg Sea Devils,8/22/2021,Hamburg,Stadion Hoheluft,15:00,NA,Y,-,0,18 deg.C,NA,Rainy,M. Scholz,J. Poschlod,K. Haltermann,J. Scott,N. Lakowitz,A. Flaisch,H. Horak,H. Horak,PW,3,25,HD44,"V,3,25,H44","4,8,35","PASS:2,C,12,H37 TACK:40",L. O'Connor pass complete to K. Turpin for 7 yards to the HD37 (M. Spiegel).,"V,4,18,H37",pass,0,NA,0,3,3,NA,NA,4,V,PW,"PUNT,1,05:27,61","PUNT,1,02:28,63",5,2,2:59,PUNT,1,05:27,HD39,PUNT,1,02:28,HD37,NA
2021_10_PW_HD,PW,HD,Panthers Wroclaw,Hamburg Sea Devils,8/22/2021,Hamburg,Stadion Hoheluft,15:00,NA,Y,-,0,18 deg.C,NA,Rainy,M. Scholz,J. Poschlod,K. Haltermann,J. Scott,N. Lakowitz,A. Flaisch,H. Horak,H. Horak,PW,4,18,HD37,"V,4,18,H37","4,9,36","PUNT:44,H04 OB:","T. Leader punt 33 yards to the HD4, out-of-bounds.","H,1,10,H04",punt,1,NA,0,3,3,NA,NA,4,V,PW,"PUNT,1,05:27,61","PUNT,1,02:28,63",5,2,2:59,PUNT,1,05:27,HD39,PUNT,1,02:28,HD37,NA
2021_10_PW_HD,PW,HD,Panthers Wroclaw,Hamburg Sea Devils,8/22/2021,Hamburg,Stadion Hoheluft,15:00,NA,Y,-,0,18 deg.C,NA,Rainy,M. Scholz,J. Poschlod,K. Haltermann,J. Scott,N. Lakowitz,A. Flaisch,H. Horak,H. Horak,HD,1,10,HD04,"H,1,10,H04","5,1,37",{DRIVE}:02:28,HAMBURG SEA DEVILS drive start at 02:28.,"H,1,10,H04",NA,0,NA,0,3,3,02:28,NA,5,H,HD,"PUNT,1,02:28,4","TD,2,14:55,100",5,96,2:33,PUNT,1,02:28,HD04,TD,2,14:55,PW00,1
2021_10_PW_HD,PW,HD,Panthers Wroclaw,Hamburg Sea Devils,8/22/2021,Hamburg,Stadion Hoheluft,15:00,NA,Y,-,0,18 deg.C,NA,Rainy,M. Scholz,J. Poschlod,K. Haltermann,J. Scott,N. Lakowitz,A. Flaisch,H. Horak,H. Horak,HD,1,10,HD04,"H,1,10,H04","5,2,38","RUSH:24,H15, TACK:94","X. Johnson rush for 11 yards to the HD15, 1ST DOWN HD (K. Brauns).","H,1,10,H15",rush,0,rush,0,3,3,NA,NA,5,H,HD,"PUNT,1,02:28,4","TD,2,14:55,100",5,96,2:33,PUNT,1,02:28,HD04,TD,2,14:55,PW00,1
2021_10_PW_HD,PW,HD,Panthers Wroclaw,Hamburg Sea Devils,8/22/2021,Hamburg,Stadion Hoheluft,15:00,NA,Y,-,0,18 deg.C,NA,Rainy,M. Scholz,J. Poschlod,K. Haltermann,J. Scott,N. Lakowitz,A. Flaisch,H. Horak,H. Horak,HD,1,10,HD15,"H,1,10,H15","5,3,39","RUSH:24,H34, TACK:94","X. Johnson rush for 19 yards to the HD34, 1ST DOWN HD (K. Brauns).","H,1,10,H34",rush,0,rush,0,3,3,NA,NA,5,H,HD,"PUNT,1,02:28,4","TD,2,14:55,100",5,96,2:33,PUNT,1,02:28,HD04,TD,2,14:55,PW00,1
2021_10_PW_HD,PW,HD,Panthers Wroclaw,Hamburg Sea Devils,8/22/2021,Hamburg,Stadion Hoheluft,15:00,NA,Y,-,0,18 deg.C,NA,Rainy,M. Scholz,J. Poschlod,K. Haltermann,J. Scott,N. Lakowitz,A. Flaisch,H. Horak,H. Horak,HD,1,10,HD34,"H,1,10,H34","5,4,40","PASS:10,C,81,V10 TACK:19","J. Clark pass complete to K. Ofori for 56 yards to the PW10, 1ST DOWN HD (D. Piatkowski).","H,1,0,V10",pass,0,pass,0,3,3,NA,NA,5,H,HD,"PUNT,1,02:28,4","TD,2,14:55,100",5,96,2:33,PUNT,1,02:28,HD04,TD,2,14:55,PW00,1
2021_10_PW_HD,PW,HD,Panthers Wroclaw,Hamburg Sea Devils,8/22/2021,Hamburg,Stadion Hoheluft,15:00,NA,Y,-,0,18 deg.C,NA,Rainy,M. Scholz,J. Poschlod,K. Haltermann,J. Scott,N. Lakowitz,A. Flaisch,H. Horak,H. Horak,HD,1,0,PW10,"H,1,0,V10","5,5,41","PEN:H,DG,A,10,V15,N",PENALTY HD delay of game (J. Clark) 5 yards to the PW15.,"H,1,0,V15",penalty,0,NA,0,3,3,NA,NA,5,H,HD,"PUNT,1,02:28,4","TD,2,14:55,100",5,96,2:33,PUNT,1,02:28,HD04,TD,2,14:55,PW00,1
2021_10_PW_HD,PW,HD,Panthers Wroclaw,Hamburg Sea Devils,8/22/2021,Hamburg,Stadion Hoheluft,15:00,NA,Y,-,0,18 deg.C,NA,Rainy,M. Scholz,J. Poschlod,K. Haltermann,J. Scott,N. Lakowitz,A. Flaisch,H. Horak,H. Horak,HD,1,0,PW15,"H,1,0,V15","5,6,42","PASS:24,C,10,V03 OB:","X. Johnson pass complete to J. Clark for 12 yards to the PW3, out-of-bounds.","H,2,0,V03",pass,1,NA,0,3,3,NA,NA,5,H,HD,"PUNT,1,02:28,4","TD,2,14:55,100",5,96,2:33,PUNT,1,02:28,HD04,TD,2,14:55,PW00,1
2021_10_PW_HD,PW,HD,Panthers Wroclaw,Hamburg Sea Devils,8/22/2021,Hamburg,Stadion Hoheluft,15:00,NA,Y,-,0,18 deg.C,NA,Rainy,M. Scholz,J. Poschlod,K. Haltermann,J. Scott,N. Lakowitz,A. Flaisch,H. Horak,H. Horak,HD,2,0,PW03,"H,2,0,V03","5,7,43",Q:2 T:15:00,"Start of 2nd quarter, clock 15:00.","H,2,0,V03",NA,0,NA,0,3,3,15:00,NA,5,H,HD,"PUNT,1,02:28,4","TD,2,14:55,100",5,96,2:33,PUNT,1,02:28,HD04,TD,2,14:55,PW00,1
2021_10_PW_HD,PW,HD,Panthers Wroclaw,Hamburg Sea Devils,8/22/2021,Hamburg,Stadion Hoheluft,15:00,NA,Y,-,0,18 deg.C,NA,Rainy,M. Scholz,J. Poschlod,K. Haltermann,J. Scott,N. Lakowitz,A. Flaisch,H. Horak,H. Horak,HD,2,0,PW03,"H,2,0,V03","5,8,44","RUSH:24,V00, T:14:55 PAT:K,4,G","X. Johnson rush for 3 yards to the PW0, 1ST DOWN HD, TOUCHDOWN, clock 14:55, P. Andersen kick attempt good.","H,1,0,H35",pat,0,rush,1,3,10,14:55,NA,5,H,HD,"PUNT,1,02:28,4","TD,2,14:55,100",5,96,2:33,PUNT,1,02:28,HD04,TD,2,14:55,PW00,1
2021_10_PW_HD,PW,HD,Panthers Wroclaw,Hamburg Sea Devils,8/22/2021,Hamburg,Stadion Hoheluft,15:00,NA,Y,-,0,18 deg.C,NA,Rainy,M. Scholz,J. Poschlod,K. Haltermann,J. Scott,N. Lakowitz,A. Flaisch,H. Horak,H. Horak,HD,1,0,HD35,"H,1,0,H35","5,9,45","KO:29,V00 TB:","D. Aboagye-Duah kickoff 65 yards to the PW0, touchback.","V,1,10,V25",kick_off,0,NA,0,3,10,NA,NA,5,H,HD,"PUNT,1,02:28,4","TD,2,14:55,100",5,96,2:33,PUNT,1,02:28,HD04,TD,2,14:55,PW00,1
2021_10_PW_HD,PW,HD,Panthers Wroclaw,Hamburg Sea Devils,8/22/2021,Hamburg,Stadion Hoheluft,15:00,NA,Y,-,0,18 deg.C,NA,Rainy,M. Scholz,J. Poschlod,K. Haltermann,J. Scott,N. Lakowitz,A. Flaisch,H. Horak,H. Horak,PW,1,10,PW25,"V,1,10,V25","6,1,46",{DRIVE}:14:55,PANTHERS WROCLAW drive start at 14:55.,"V,1,10,V25",NA,0,NA,0,3,10,14:55,NA,6,V,PW,"KO,2,14:55,25","FG,2,10:43,70",9,45,4:12,KO,2,14:55,PW25,FG,2,10:43,HD30,NA
2021_10_PW_HD,PW,HD,Panthers Wroclaw,Hamburg Sea Devils,8/22/2021,Hamburg,Stadion Hoheluft,15:00,NA,Y,-,0,18 deg.C,NA,Rainy,M. Scholz,J. Poschlod,K. Haltermann,J. Scott,N. Lakowitz,A. Flaisch,H. Horak,H. Horak,PW,1,10,PW25,"V,1,10,V25","6,2,47","PASS:2,C,23,V30 PEN:V,CHB,A,64,V10,N NOPLAY:","L. O'Connor pass complete to J. Mazan for 5 yards to the PW30, PENALTY PW Chopblock (S. Drecun) 15 yards to the PW10, NO PLAY.","V,1,25,V10",penalty,0,NA,0,3,10,NA,NA,6,V,PW,"KO,2,14:55,25","FG,2,10:43,70",9,45,4:12,KO,2,14:55,PW25,FG,2,10:43,HD30,NA
2021_10_PW_HD,PW,HD,Panthers Wroclaw,Hamburg Sea Devils,8/22/2021,Hamburg,Stadion Hoheluft,15:00,NA,Y,-,0,18 deg.C,NA,Rainy,M. Scholz,J. Poschlod,K. Haltermann,J. Scott,N. Lakowitz,A. Flaisch,H. Horak,H. Horak,PW,1,25,PW10,"V,1,25,V10","6,3,48","PASS:2,I,15,* PEN:V,UH,D","L. O'Connor pass incomplete to B. Dziedzic, PENALTY PW illegal use of hands declined.","V,2,25,V10",pass,0,NA,0,3,10,NA,NA,6,V,PW,"KO,2,14:55,25","FG,2,10:43,70",9,45,4:12,KO,2,14:55,PW25,FG,2,10:43,HD30,NA
2021_10_PW_HD,PW,HD,Panthers Wroclaw,Hamburg Sea Devils,8/22/2021,Hamburg,Stadion Hoheluft,15:00,NA,Y,-,0,18 deg.C,NA,Rainy,M. Scholz,J. Poschlod,K. Haltermann,J. Scott,N. Lakowitz,A. Flaisch,H. Horak,H. Horak,PW,2,25,PW10,"V,2,25,V10","6,4,49","PASS:2,C,16,V20 TACK:33,27",L. O'Connor pass complete to W. Zieba for 10 yards to the PW20 (K. Soussoukpo;L. Mueller).,"V,3,15,V20",pass,0,NA,0,3,10,NA,NA,6,V,PW,"KO,2,14:55,25","FG,2,10:43,70",9,45,4:12,KO,2,14:55,PW25,FG,2,10:43,HD30,NA
2021_10_PW_HD,PW,HD,Panthers Wroclaw,Hamburg Sea Devils,8/22/2021,Hamburg,Stadion Hoheluft,15:00,NA,Y,-,0,18 deg.C,NA,Rainy,M. Scholz,J. Poschlod,K. Haltermann,J. Scott,N. Lakowitz,A. Flaisch,H. Horak,H. Horak,PW,3,15,PW20,"V,3,15,V20","6,5,50","PASS:2,I,16,* PEN:H,PI,A,25,V44,1 NOPLAY:","L. O'Connor pass incomplete to W. Zieba, PENALTY HD pass interference (C. Slater) 24 yards to the PW44, 1ST DOWN PW, NO PLAY.","V,1,10,V44",penalty,0,penalty,0,3,10,NA,NA,6,V,PW,"KO,2,14:55,25","FG,2,10:43,70",9,45,4:12,KO,2,14:55,PW25,FG,2,10:43,HD30,NA
2021_10_PW_HD,PW,HD,Panthers Wroclaw,Hamburg Sea Devils,8/22/2021,Hamburg,Stadion Hoheluft,15:00,NA,Y,-,0,18 deg.C,NA,Rainy,M. Scholz,J. Poschlod,K. Haltermann,J. Scott,N. Lakowitz,A. Flaisch,H. Horak,H. Horak,PW,1,10,PW44,"V,1,10,V44","6,6,51","PASS:2,I,23,* PEN:H,PF,A,95,H41,1 NOPLAY:","L. O'Connor pass incomplete to J. Mazan, PENALTY HD personal foul (E. Yeboah) 15 yards to the HD41, 1ST DOWN PW, NO PLAY.","V,1,10,H41",penalty,0,penalty,0,3,10,NA,NA,6,V,PW,"KO,2,14:55,25","FG,2,10:43,70",9,45,4:12,KO,2,14:55,PW25,FG,2,10:43,HD30,NA
2021_10_PW_HD,PW,HD,Panthers Wroclaw,Hamburg Sea Devils,8/22/2021,Hamburg,Stadion Hoheluft,15:00,NA,Y,-,0,18 deg.C,NA,Rainy,M. Scholz,J. Poschlod,K. Haltermann,J. Scott,N. Lakowitz,A. Flaisch,H. Horak,H. Horak,PW,1,10,HD41,"V,1,10,H41","6,7,52",TOUT:H T:12:00,"Timeout Hamburg Sea Devils, clock 12:00.","V,1,10,H41",NA,0,NA,0,3,10,12:00,NA,6,V,PW,"KO,2,14:55,25","FG,2,10:43,70",9,45,4:12,KO,2,14:55,PW25,FG,2,10:43,HD30,NA
2021_10_PW_HD,PW,HD,Panthers Wroclaw,Hamburg Sea Devils,8/22/2021,Hamburg,Stadion Hoheluft,15:00,NA,Y,-,0,18 deg.C,NA,Rainy,M. Scholz,J. Poschlod,K. Haltermann,J. Scott,N. Lakowitz,A. Flaisch,H. Horak,H. Horak,PW,1,10,HD41,"V,1,10,H41","6,8,53","RUSH:25,H38, TACK:33",P. Pasqualini rush for 3 yards to the HD38 (K. Soussoukpo).,"V,2,7,H38",rush,0,NA,0,3,10,NA,NA,6,V,PW,"KO,2,14:55,25","FG,2,10:43,70",9,45,4:12,KO,2,14:55,PW25,FG,2,10:43,HD30,NA
2021_10_PW_HD,PW,HD,Panthers Wroclaw,Hamburg Sea Devils,8/22/2021,Hamburg,Stadion Hoheluft,15:00,NA,Y,-,0,18 deg.C,NA,Rainy,M. Scholz,J. Poschlod,K. Haltermann,J. Scott,N. Lakowitz,A. Flaisch,H. Horak,H. Horak,PW,2,7,HD38,"V,2,7,H38","6,9,54","PASS:2,I,23,*",L. O'Connor pass incomplete to J. Mazan.,"V,3,7,H38",pass,0,NA,0,3,10,NA,NA,6,V,PW,"KO,2,14:55,25","FG,2,10:43,70",9,45,4:12,KO,2,14:55,PW25,FG,2,10:43,HD30,NA
2021_10_PW_HD,PW,HD,Panthers Wroclaw,Hamburg Sea Devils,8/22/2021,Hamburg,Stadion Hoheluft,15:00,NA,Y,-,0,18 deg.C,NA,Rainy,M. Scholz,J. Poschlod,K. Haltermann,J. Scott,N. Lakowitz,A. Flaisch,H. Horak,H. Horak,PW,3,7,HD38,"V,3,7,H38","6,10,55","PASS:2,C,12,H31 TACK:25","L. O'Connor pass complete to K. Turpin for 7 yards to the HD31, 1ST DOWN PW (C. Slater).","V,1,10,H31",pass,0,pass,0,3,10,NA,NA,6,V,PW,"KO,2,14:55,25","FG,2,10:43,70",9,45,4:12,KO,2,14:55,PW25,FG,2,10:43,HD30,NA
2021_10_PW_HD,PW,HD,Panthers Wroclaw,Hamburg Sea Devils,8/22/2021,Hamburg,Stadion Hoheluft,15:00,NA,Y,-,0,18 deg.C,NA,Rainy,M. Scholz,J. Poschlod,K. Haltermann,J. Scott,N. Lakowitz,A. Flaisch,H. Horak,H. Horak,PW,1,10,HD31,"V,1,10,H31","6,11,56",TOUT:H T:11:00,"Timeout Hamburg Sea Devils, clock 11:00.","V,1,10,H31",NA,0,NA,0,3,10,11:00,NA,6,V,PW,"KO,2,14:55,25","FG,2,10:43,70",9,45,4:12,KO,2,14:55,PW25,FG,2,10:43,HD30,NA
2021_10_PW_HD,PW,HD,Panthers Wroclaw,Hamburg Sea Devils,8/22/2021,Hamburg,Stadion Hoheluft,15:00,NA,Y,-,0,18 deg.C,NA,Rainy,M. Scholz,J. Poschlod,K. Haltermann,J. Scott,N. Lakowitz,A. Flaisch,H. Horak,H. Horak,PW,1,10,HD31,"V,1,10,H31","6,12,57","PASS:2,S,TM,H36 SACK:93",L. O'Connor sacked for loss of 5 yards to the HD36 (A. Babic).,"V,2,15,H36",pass,0,NA,0,3,10,NA,NA,6,V,PW,"KO,2,14:55,25","FG,2,10:43,70",9,45,4:12,KO,2,14:55,PW25,FG,2,10:43,HD30,NA
2021_10_PW_HD,PW,HD,Panthers Wroclaw,Hamburg Sea Devils,8/22/2021,Hamburg,Stadion Hoheluft,15:00,NA,Y,-,0,18 deg.C,NA,Rainy,M. Scholz,J. Poschlod,K. Haltermann,J. Scott,N. Lakowitz,A. Flaisch,H. Horak,H. Horak,PW,2,15,HD36,"V,2,15,H36","6,13,58","RUSH:25,H25, TACK:33,25",P. Pasqualini rush for 11 yards to the HD25 (K. Soussoukpo;C. Slater).,"V,3,4,H25",rush,0,NA,0,3,10,NA,NA,6,V,PW,"KO,2,14:55,25","FG,2,10:43,70",9,45,4:12,KO,2,14:55,PW25,FG,2,10:43,HD30,NA
2021_10_PW_HD,PW,HD,Panthers Wroclaw,Hamburg Sea Devils,8/22/2021,Hamburg,Stadion Hoheluft,15:00,NA,Y,-,0,18 deg.C,NA,Rainy,M. Scholz,J. Poschlod,K. Haltermann,J. Scott,N. Lakowitz,A. Flaisch,H. Horak,H. Horak,PW,3,4,HD25,"V,3,4,H25","6,14,59","PEN:V,FS,A,17,H30,N",PENALTY PW false start (17) 5 yards to the HD30.,"V,3,9,H30",penalty,0,NA,0,3,10,NA,NA,6,V,PW,"KO,2,14:55,25","FG,2,10:43,70",9,45,4:12,KO,2,14:55,PW25,FG,2,10:43,HD30,NA
2021_10_PW_HD,PW,HD,Panthers Wroclaw,Hamburg Sea Devils,8/22/2021,Hamburg,Stadion Hoheluft,15:00,NA,Y,-,0,18 deg.C,NA,Rainy,M. Scholz,J. Poschlod,K. Haltermann,J. Scott,N. Lakowitz,A. Flaisch,H. Horak,H. Horak,PW,3,9,HD30,"V,3,9,H30","6,15,60","PASS:2,I,12,*",L. O'Connor pass incomplete to K. Turpin.,"V,4,9,H30",pass,0,NA,0,3,10,NA,NA,6,V,PW,"KO,2,14:55,25","FG,2,10:43,70",9,45,4:12,KO,2,14:55,PW25,FG,2,10:43,HD30,NA
2021_10_PW_HD,PW,HD,Panthers Wroclaw,Hamburg Sea Devils,8/22/2021,Hamburg,Stadion Hoheluft,15:00,NA,Y,-,0,18 deg.C,NA,Rainy,M. Scholz,J. Poschlod,K. Haltermann,J. Scott,N. Lakowitz,A. Flaisch,H. Horak,H. Horak,PW,4,9,HD30,"V,4,9,H30","6,16,61","FGA:44,47,G T:10:43","T. Leader field goal attempt from 47 GOOD, clock 10:43.","V,1,0,V35",field_goal,0,NA,1,6,10,10:43,NA,6,V,PW,"KO,2,14:55,25","FG,2,10:43,70",9,45,4:12,KO,2,14:55,PW25,FG,2,10:43,HD30,NA
2021_10_PW_HD,PW,HD,Panthers Wroclaw,Hamburg Sea Devils,8/22/2021,Hamburg,Stadion Hoheluft,15:00,NA,Y,-,0,18 deg.C,NA,Rainy,M. Scholz,J. Poschlod,K. Haltermann,J. Scott,N. Lakowitz,A. Flaisch,H. Horak,H. Horak,PW,1,0,PW35,"V,1,0,V35","6,17,62","KO:44,H05 RET:23,V00 T:10:31 PAT:K,4,G","T. Leader kickoff 60 yards to the HD5, J. Rogers return 95 yards to the PW0, TOUCHDOWN, clock 10:31, P. Andersen kick attempt good.","H,1,0,H35",pat,0,NA,1,6,17,10:31,NA,6,V,PW,"KO,2,14:55,25","FG,2,10:43,70",9,45,4:12,KO,2,14:55,PW25,FG,2,10:43,HD30,NA
2021_10_PW_HD,PW,HD,Panthers Wroclaw,Hamburg Sea Devils,8/22/2021,Hamburg,Stadion Hoheluft,15:00,NA,Y,-,0,18 deg.C,NA,Rainy,M. Scholz,J. Poschlod,K. Haltermann,J. Scott,N. Lakowitz,A. Flaisch,H. Horak,H. Horak,HD,1,0,HD35,"H,1,0,H35","7,1,63","KO:29,V02 RET:12,V32","D. Aboagye-Duah kickoff 63 yards to the PW2, K. Turpin return 30 yards to the PW32.","V,1,10,V32",kick_off,0,NA,0,6,17,NA,NA,7,H,HD,"KO,2,10:31,100","TD,2,10:31,100",0,0,0:00,KO,2,10:31,PW00,TD,2,10:31,PW00,NA
2021_10_PW_HD,PW,HD,Panthers Wroclaw,Hamburg Sea Devils,8/22/2021,Hamburg,Stadion Hoheluft,15:00,NA,Y,-,0,18 deg.C,NA,Rainy,M. Scholz,J. Poschlod,K. Haltermann,J. Scott,N. Lakowitz,A. Flaisch,H. Horak,H. Horak,PW,1,10,PW32,"V,1,10,V32","8,1,64",{DRIVE}:10:24,PANTHERS WROCLAW drive start at 10:24.,"V,1,10,V32",NA,0,NA,0,6,17,10:24,NA,8,V,PW,"KO,2,10:24,32","TD,2,09:01,100",3,68,1:23,KO,2,10:24,PW32,TD,2,09:01,HD00,NA
2021_10_PW_HD,PW,HD,Panthers Wroclaw,Hamburg Sea Devils,8/22/2021,Hamburg,Stadion Hoheluft,15:00,NA,Y,-,0,18 deg.C,NA,Rainy,M. Scholz,J. Poschlod,K. Haltermann,J. Scott,N. Lakowitz,A. Flaisch,H. Horak,H. Horak,PW,1,10,PW32,"V,1,10,V32","8,2,65","PASS:2,C,22,V43 TACK:25,52","L. O'Connor pass complete to J. Lewszyk for 11 yards to the PW43, 1ST DOWN PW (C. Slater;A. Mati).","V,1,10,V43",pass,0,pass,0,6,17,NA,NA,8,V,PW,"KO,2,10:24,32","TD,2,09:01,100",3,68,1:23,KO,2,10:24,PW32,TD,2,09:01,HD00,NA
2021_10_PW_HD,PW,HD,Panthers Wroclaw,Hamburg Sea Devils,8/22/2021,Hamburg,Stadion Hoheluft,15:00,NA,Y,-,0,18 deg.C,NA,Rainy,M. Scholz,J. Poschlod,K. Haltermann,J. Scott,N. Lakowitz,A. Flaisch,H. Horak,H. Horak,PW,1,10,PW43,"V,1,10,V43","8,3,66","PASS:2,C,82,V42 TACK:52",L. O'Connor pass complete to P. Banat for loss of 1 yard to the PW42 (A. Mati).,"V,2,11,V42",pass,0,NA,0,6,17,NA,NA,8,V,PW,"KO,2,10:24,32","TD,2,09:01,100",3,68,1:23,KO,2,10:24,PW32,TD,2,09:01,HD00,NA
2021_10_PW_HD,PW,HD,Panthers Wroclaw,Hamburg Sea Devils,8/22/2021,Hamburg,Stadion Hoheluft,15:00,NA,Y,-,0,18 deg.C,NA,Rainy,M. Scholz,J. Poschlod,K. Haltermann,J. Scott,N. Lakowitz,A. Flaisch,H. Horak,H. Horak,PW,2,11,PW42,"V,2,11,V42","8,4,67","PASS:2,C,12,H00 T:09:01 PAT:K,44,G","L. O'Connor pass complete to K. Turpin for 58 yards to the HD0, 1ST DOWN PW, TOUCHDOWN, clock 09:01, T. Leader kick attempt good.","V,1,0,V35",pat,0,pass,1,13,17,09:01,NA,8,V,PW,"KO,2,10:24,32","TD,2,09:01,100",3,68,1:23,KO,2,10:24,PW32,TD,2,09:01,HD00,NA
2021_10_PW_HD,PW,HD,Panthers Wroclaw,Hamburg Sea Devils,8/22/2021,Hamburg,Stadion Hoheluft,15:00,NA,Y,-,0,18 deg.C,NA,Rainy,M. Scholz,J. Poschlod,K. Haltermann,J. Scott,N. Lakowitz,A. Flaisch,H. Horak,H. Horak,PW,1,0,PW35,"V,1,0,V35","8,5,68","KO:44,H00 RET:23,H13 TACK:22","T. Leader kickoff 65 yards to the HD0, J. Rogers return 13 yards to the HD13 (J. Lewszyk).","H,1,10,H13",kick_off,0,NA,0,13,17,NA,NA,8,V,PW,"KO,2,10:24,32","TD,2,09:01,100",3,68,1:23,KO,2,10:24,PW32,TD,2,09:01,HD00,NA
2021_10_PW_HD,PW,HD,Panthers Wroclaw,Hamburg Sea Devils,8/22/2021,Hamburg,Stadion Hoheluft,15:00,NA,Y,-,0,18 deg.C,NA,Rainy,M. Scholz,J. Poschlod,K. Haltermann,J. Scott,N. Lakowitz,A. Flaisch,H. Horak,H. Horak,HD,1,10,HD13,"H,1,10,H13","9,1,69",{DRIVE}:08:55,HAMBURG SEA DEVILS drive start at 08:55.,"H,1,10,H13",NA,0,NA,0,13,17,08:55,NA,9,H,HD,"KO,2,08:55,13","PUNT,2,03:10,56",9,43,5:45,KO,2,08:55,HD13,PUNT,2,03:10,PW44,NA
2021_10_PW_HD,PW,HD,Panthers Wroclaw,Hamburg Sea Devils,8/22/2021,Hamburg,Stadion Hoheluft,15:00,NA,Y,-,0,18 deg.C,NA,Rainy,M. Scholz,J. Poschlod,K. Haltermann,J. Scott,N. Lakowitz,A. Flaisch,H. Horak,H. Horak,HD,1,10,HD13,"H,1,10,H13","9,2,70","PASS:10,C,12,H16 TACK:4",J. Clark pass complete to J. Madin Cerezo for 3 yards to the HD16 (W. Lloyd).,"H,2,7,H16",pass,0,NA,0,13,17,NA,NA,9,H,HD,"KO,2,08:55,13","PUNT,2,03:10,56",9,43,5:45,KO,2,08:55,HD13,PUNT,2,03:10,PW44,NA
2021_10_PW_HD,PW,HD,Panthers Wroclaw,Hamburg Sea Devils,8/22/2021,Hamburg,Stadion Hoheluft,15:00,NA,Y,-,0,18 deg.C,NA,Rainy,M. Scholz,J. Poschlod,K. Haltermann,J. Scott,N. Lakowitz,A. Flaisch,H. Horak,H. Horak,HD,2,7,HD16,"H,2,7,H16","9,3,71","RUSH:24,H24, TACK:4","X. Johnson rush for 8 yards to the HD24, 1ST DOWN HD (W. Lloyd).","H,1,10,H24",rush,0,rush,0,13,17,NA,NA,9,H,HD,"KO,2,08:55,13","PUNT,2,03:10,56",9,43,5:45,KO,2,08:55,HD13,PUNT,2,03:10,PW44,NA
2021_10_PW_HD,PW,HD,Panthers Wroclaw,Hamburg Sea Devils,8/22/2021,Hamburg,Stadion Hoheluft,15:00,NA,Y,-,0,18 deg.C,NA,Rainy,M. Scholz,J. Poschlod,K. Haltermann,J. Scott,N. Lakowitz,A. Flaisch,H. Horak,H. Horak,HD,1,10,HD24,"H,1,10,H24","9,4,72","RUSH:24,H26, TACK:5",X. Johnson rush for 2 yards to the HD26 (G. Zec).,"H,2,8,H26",rush,0,NA,0,13,17,NA,NA,9,H,HD,"KO,2,08:55,13","PUNT,2,03:10,56",9,43,5:45,KO,2,08:55,HD13,PUNT,2,03:10,PW44,NA
2021_10_PW_HD,PW,HD,Panthers Wroclaw,Hamburg Sea Devils,8/22/2021,Hamburg,Stadion Hoheluft,15:00,NA,Y,-,0,18 deg.C,NA,Rainy,M. Scholz,J. Poschlod,K. Haltermann,J. Scott,N. Lakowitz,A. Flaisch,H. Horak,H. Horak,HD,2,8,HD26,"H,2,8,H26","9,5,73","PASS:10,C,82,H36 TACK:4,1","J. Clark pass complete to T. Nill for 10 yards to the HD36, 1ST DOWN HD (W. Lloyd;D. Robinson).","H,1,10,H36",pass,0,pass,0,13,17,NA,NA,9,H,HD,"KO,2,08:55,13","PUNT,2,03:10,56",9,43,5:45,KO,2,08:55,HD13,PUNT,2,03:10,PW44,NA
2021_10_PW_HD,PW,HD,Panthers Wroclaw,Hamburg Sea Devils,8/22/2021,Hamburg,Stadion Hoheluft,15:00,NA,Y,-,0,18 deg.C,NA,Rainy,M. Scholz,J. Poschlod,K. Haltermann,J. Scott,N. Lakowitz,A. Flaisch,H. Horak,H. Horak,HD,1,10,HD36,"H,1,10,H36","9,6,74","RUSH:24,H40, TACK:4",X. Johnson rush for 4 yards to the HD40 (W. Lloyd).,"H,2,6,H40",rush,0,NA,0,13,17,NA,NA,9,H,HD,"KO,2,08:55,13","PUNT,2,03:10,56",9,43,5:45,KO,2,08:55,HD13,PUNT,2,03:10,PW44,NA
2021_10_PW_HD,PW,HD,Panthers Wroclaw,Hamburg Sea Devils,8/22/2021,Hamburg,Stadion Hoheluft,15:00,NA,Y,-,0,18 deg.C,NA,Rainy,M. Scholz,J. Poschlod,K. Haltermann,J. Scott,N. Lakowitz,A. Flaisch,H. Horak,H. Horak,HD,2,6,HD40,"H,2,6,H40","9,7,75","PASS:10,C,12,H50 TACK:24","J. Clark pass complete to J. Madin Cerezo for 10 yards to the 50 yardline, 1ST DOWN HD (W. James).","H,1,10,H50",pass,0,pass,0,13,17,NA,NA,9,H,HD,"KO,2,08:55,13","PUNT,2,03:10,56",9,43,5:45,KO,2,08:55,HD13,PUNT,2,03:10,PW44,NA
2021_10_PW_HD,PW,HD,Panthers Wroclaw,Hamburg Sea Devils,8/22/2021,Hamburg,Stadion Hoheluft,15:00,NA,Y,-,0,18 deg.C,NA,Rainy,M. Scholz,J. Poschlod,K. Haltermann,J. Scott,N. Lakowitz,A. Flaisch,H. Horak,H. Horak,HD,1,10,HD50,"H,1,10,H50","9,8,76","RUSH:24,V47, TACK:37",X. Johnson rush for 3 yards to the PW47 (F. Kloskowski).,"H,2,7,V47",rush,0,NA,0,13,17,NA,NA,9,H,HD,"KO,2,08:55,13","PUNT,2,03:10,56",9,43,5:45,KO,2,08:55,HD13,PUNT,2,03:10,PW44,NA
2021_10_PW_HD,PW,HD,Panthers Wroclaw,Hamburg Sea Devils,8/22/2021,Hamburg,Stadion Hoheluft,15:00,NA,Y,-,0,18 deg.C,NA,Rainy,M. Scholz,J. Poschlod,K. Haltermann,J. Scott,N. Lakowitz,A. Flaisch,H. Horak,H. Horak,HD,2,7,PW47,"H,2,7,V47","9,9,77","PASS:10,C,12,V44 TACK:26,24",J. Clark pass complete to J. Madin Cerezo for 3 yards to the PW44 (M. Osumek;W. James).,"H,3,4,V44",pass,0,NA,0,13,17,NA,NA,9,H,HD,"KO,2,08:55,13","PUNT,2,03:10,56",9,43,5:45,KO,2,08:55,HD13,PUNT,2,03:10,PW44,NA
2021_10_PW_HD,PW,HD,Panthers Wroclaw,Hamburg Sea Devils,8/22/2021,Hamburg,Stadion Hoheluft,15:00,NA,Y,-,0,18 deg.C,NA,Rainy,M. Scholz,J. Poschlod,K. Haltermann,J. Scott,N. Lakowitz,A. Flaisch,H. Horak,H. Horak,HD,3,4,PW44,"H,3,4,V44","9,10,78","PASS:10,I,88,* BRUP:5",J. Clark pass incomplete to A. Botella M. (G. Zec).,"H,4,4,V44",pass,0,NA,0,13,17,NA,NA,9,H,HD,"KO,2,08:55,13","PUNT,2,03:10,56",9,43,5:45,KO,2,08:55,HD13,PUNT,2,03:10,PW44,NA
2021_10_PW_HD,PW,HD,Panthers Wroclaw,Hamburg Sea Devils,8/22/2021,Hamburg,Stadion Hoheluft,15:00,NA,Y,-,0,18 deg.C,NA,Rainy,M. Scholz,J. Poschlod,K. Haltermann,J. Scott,N. Lakowitz,A. Flaisch,H. Horak,H. Horak,HD,4,4,PW44,"H,4,4,V44","9,11,79","PUNT:4,V00 TB:","P. Andersen punt 44 yards to the PW0, touchback.","V,1,10,V20",punt,0,NA,0,13,17,NA,NA,9,H,HD,"KO,2,08:55,13","PUNT,2,03:10,56",9,43,5:45,KO,2,08:55,HD13,PUNT,2,03:10,PW44,NA
2021_10_PW_HD,PW,HD,Panthers Wroclaw,Hamburg Sea Devils,8/22/2021,Hamburg,Stadion Hoheluft,15:00,NA,Y,-,0,18 deg.C,NA,Rainy,M. Scholz,J. Poschlod,K. Haltermann,J. Scott,N. Lakowitz,A. Flaisch,H. Horak,H. Horak,PW,1,10,PW20,"V,1,10,V20","10,1,80",{DRIVE}:03:10,PANTHERS WROCLAW drive start at 03:10.,"V,1,10,V20",NA,0,NA,0,13,17,03:10,NA,10,V,PW,"PUNT,2,03:10,20","TD,2,01:45,100",4,80,1:25,PUNT,2,03:10,PW20,TD,2,01:45,HD00,NA
2021_10_PW_HD,PW,HD,Panthers Wroclaw,Hamburg Sea Devils,8/22/2021,Hamburg,Stadion Hoheluft,15:00,NA,Y,-,0,18 deg.C,NA,Rainy,M. Scholz,J. Poschlod,K. Haltermann,J. Scott,N. Lakowitz,A. Flaisch,H. Horak,H. Horak,PW,1,10,PW20,"V,1,10,V20","10,2,81","RUSH:25,V27, TACK:57,25",P. Pasqualini rush for 7 yards to the PW27 (D. Laporte;C. Slater).,"V,2,3,V27",rush,0,NA,0,13,17,NA,NA,10,V,PW,"PUNT,2,03:10,20","TD,2,01:45,100",4,80,1:25,PUNT,2,03:10,PW20,TD,2,01:45,HD00,NA
2021_10_PW_HD,PW,HD,Panthers Wroclaw,Hamburg Sea Devils,8/22/2021,Hamburg,Stadion Hoheluft,15:00,NA,Y,-,0,18 deg.C,NA,Rainy,M. Scholz,J. Poschlod,K. Haltermann,J. Scott,N. Lakowitz,A. Flaisch,H. Horak,H. Horak,PW,2,3,PW27,"V,2,3,V27","10,3,82","RUSH:25,V31, TACK:57,94","P. Pasqualini rush for 4 yards to the PW31, 1ST DOWN PW (D. Laporte;B. Grube).","V,1,10,V31",rush,0,rush,0,13,17,NA,NA,10,V,PW,"PUNT,2,03:10,20","TD,2,01:45,100",4,80,1:25,PUNT,2,03:10,PW20,TD,2,01:45,HD00,NA
2021_10_PW_HD,PW,HD,Panthers Wroclaw,Hamburg Sea Devils,8/22/2021,Hamburg,Stadion Hoheluft,15:00,NA,Y,-,0,18 deg.C,NA,Rainy,M. Scholz,J. Poschlod,K. Haltermann,J. Scott,N. Lakowitz,A. Flaisch,H. Horak,H. Horak,PW,1,10,PW31,"V,1,10,V31","10,4,83","PASS:2,C,23,V37 TACK:52,43",L. O'Connor pass complete to J. Mazan for 6 yards to the PW37 (A. Mati;M. Boock).,"V,2,4,V37",pass,0,NA,0,13,17,NA,NA,10,V,PW,"PUNT,2,03:10,20","TD,2,01:45,100",4,80,1:25,PUNT,2,03:10,PW20,TD,2,01:45,HD00,NA
2021_10_PW_HD,PW,HD,Panthers Wroclaw,Hamburg Sea Devils,8/22/2021,Hamburg,Stadion Hoheluft,15:00,NA,Y,-,0,18 deg.C,NA,Rainy,M. Scholz,J. Poschlod,K. Haltermann,J. Scott,N. Lakowitz,A. Flaisch,H. Horak,H. Horak,PW,2,4,PW37,"V,2,4,V37","10,5,85","PASS:2,I,12,* PEN:H,ICT,A,27,V42,N NOPLAY:","L. O'Connor pass incomplete to K. Turpin, PENALTY HD illegal contact (L. Mueller) 5 yards to the PW42, 1ST DOWN PW, NO PLAY.","V,1,10,V42",penalty,0,penalty,0,13,17,NA,NA,10,V,PW,"PUNT,2,03:10,20","TD,2,01:45,100",4,80,1:25,PUNT,2,03:10,PW20,TD,2,01:45,HD00,NA
2021_10_PW_HD,PW,HD,Panthers Wroclaw,Hamburg Sea Devils,8/22/2021,Hamburg,Stadion Hoheluft,15:00,NA,Y,-,0,18 deg.C,NA,Rainy,M. Scholz,J. Poschlod,K. Haltermann,J. Scott,N. Lakowitz,A. Flaisch,H. Horak,H. Horak,PW,1,10,PW42,"V,1,10,V42","10,6,86","PASS:2,C,12,H00 T:01:45 PAT:K,44,G","L. O'Connor pass complete to K. Turpin for 58 yards to the HD0, 1ST DOWN PW, TOUCHDOWN, clock 01:45, T. Leader kick attempt good.","V,1,0,V35",pat,0,pass,1,20,17,01:45,NA,10,V,PW,"PUNT,2,03:10,20","TD,2,01:45,100",4,80,1:25,PUNT,2,03:10,PW20,TD,2,01:45,HD00,NA
2021_10_PW_HD,PW,HD,Panthers Wroclaw,Hamburg Sea Devils,8/22/2021,Hamburg,Stadion Hoheluft,15:00,NA,Y,-,0,18 deg.C,NA,Rainy,M. Scholz,J. Poschlod,K. Haltermann,J. Scott,N. Lakowitz,A. Flaisch,H. Horak,H. Horak,PW,1,0,PW35,"V,1,0,V35","10,7,87","KO:44,H05 RET:23,H20 TACK:22","T. Leader kickoff 60 yards to the HD5, J. Rogers return 15 yards to the HD20 (J. Lewszyk).","H,1,10,H20",kick_off,0,NA,0,20,17,NA,NA,10,V,PW,"PUNT,2,03:10,20","TD,2,01:45,100",4,80,1:25,PUNT,2,03:10,PW20,TD,2,01:45,HD00,NA
2021_10_PW_HD,PW,HD,Panthers Wroclaw,Hamburg Sea Devils,8/22/2021,Hamburg,Stadion Hoheluft,15:00,NA,Y,-,0,18 deg.C,NA,Rainy,M. Scholz,J. Poschlod,K. Haltermann,J. Scott,N. Lakowitz,A. Flaisch,H. Horak,H. Horak,HD,1,10,HD20,"H,1,10,H20","11,1,88",{DRIVE}:01:39,HAMBURG SEA DEVILS drive start at 01:39.,"H,1,10,H20",NA,0,NA,0,20,17,01:39,NA,11,H,HD,"KO,2,01:39,20","PUNT,2,00:30,46",6,26,1:09,KO,2,01:39,HD20,PUNT,2,00:30,HD46,NA
2021_10_PW_HD,PW,HD,Panthers Wroclaw,Hamburg Sea Devils,8/22/2021,Hamburg,Stadion Hoheluft,15:00,NA,Y,-,0,18 deg.C,NA,Rainy,M. Scholz,J. Poschlod,K. Haltermann,J. Scott,N. Lakowitz,A. Flaisch,H. Horak,H. Horak,HD,1,10,HD20,"H,1,10,H20","11,2,89","PASS:10,S,TM,H10 SACK:92",J. Clark sacked for loss of 10 yards to the HD10 (A. Brudny).,"H,2,20,H10",pass,0,NA,0,20,17,NA,NA,11,H,HD,"KO,2,01:39,20","PUNT,2,00:30,46",6,26,1:09,KO,2,01:39,HD20,PUNT,2,00:30,HD46,NA
2021_10_PW_HD,PW,HD,Panthers Wroclaw,Hamburg Sea Devils,8/22/2021,Hamburg,Stadion Hoheluft,15:00,NA,Y,-,0,18 deg.C,NA,Rainy,M. Scholz,J. Poschlod,K. Haltermann,J. Scott,N. Lakowitz,A. Flaisch,H. Horak,H. Horak,HD,2,20,HD10,"H,2,20,H10","11,3,90","PASS:10,C,12,H22 TACK:26",J. Clark pass complete to J. Madin Cerezo for 12 yards to the HD22 (M. Osumek).,"H,3,8,H22",pass,0,NA,0,20,17,NA,NA,11,H,HD,"KO,2,01:39,20","PUNT,2,00:30,46",6,26,1:09,KO,2,01:39,HD20,PUNT,2,00:30,HD46,NA
2021_10_PW_HD,PW,HD,Panthers Wroclaw,Hamburg Sea Devils,8/22/2021,Hamburg,Stadion Hoheluft,15:00,NA,Y,-,0,18 deg.C,NA,Rainy,M. Scholz,J. Poschlod,K. Haltermann,J. Scott,N. Lakowitz,A. Flaisch,H. Horak,H. Horak,HD,3,8,HD22,"H,3,8,H22","11,4,91",TOUT:V T:01:11,"Timeout Panthers Wroclaw, clock 01:11.","H,3,8,H22",NA,0,NA,0,20,17,01:11,NA,11,H,HD,"KO,2,01:39,20","PUNT,2,00:30,46",6,26,1:09,KO,2,01:39,HD20,PUNT,2,00:30,HD46,NA
2021_10_PW_HD,PW,HD,Panthers Wroclaw,Hamburg Sea Devils,8/22/2021,Hamburg,Stadion Hoheluft,15:00,NA,Y,-,0,18 deg.C,NA,Rainy,M. Scholz,J. Poschlod,K. Haltermann,J. Scott,N. Lakowitz,A. Flaisch,H. Horak,H. Horak,HD,3,8,HD22,"H,3,8,H22","11,5,92","PASS:10,C,24,H25 TACK:24,4 PEN:V,FM,A,24,H43,1","J. Clark pass complete to X. Johnson for 3 yards to the HD25 (W. James;W. Lloyd), PENALTY PW face mask (W. James) 18 yards to the HD43, 1ST DOWN HD.","H,1,10,H43",pass,0,penalty,0,20,17,NA,NA,11,H,HD,"KO,2,01:39,20","PUNT,2,00:30,46",6,26,1:09,KO,2,01:39,HD20,PUNT,2,00:30,HD46,NA
2021_10_PW_HD,PW,HD,Panthers Wroclaw,Hamburg Sea Devils,8/22/2021,Hamburg,Stadion Hoheluft,15:00,NA,Y,-,0,18 deg.C,NA,Rainy,M. Scholz,J. Poschlod,K. Haltermann,J. Scott,N. Lakowitz,A. Flaisch,H. Horak,H. Horak,HD,1,10,HD43,"H,1,10,H43","11,6,93","D:1,10",1st and 10.,"H,1,10,H43",NA,0,NA,0,20,17,NA,NA,11,H,HD,"KO,2,01:39,20","PUNT,2,00:30,46",6,26,1:09,KO,2,01:39,HD20,PUNT,2,00:30,HD46,NA
2021_10_PW_HD,PW,HD,Panthers Wroclaw,Hamburg Sea Devils,8/22/2021,Hamburg,Stadion Hoheluft,15:00,NA,Y,-,0,18 deg.C,NA,Rainy,M. Scholz,J. Poschlod,K. Haltermann,J. Scott,N. Lakowitz,A. Flaisch,H. Horak,H. Horak,HD,1,10,HD43,"H,1,10,H43","11,7,94","RUSH:24,H46, TACK:93",X. Johnson rush for 3 yards to the HD46 (D. Wesolowski).,"H,2,7,H46",rush,0,NA,0,20,17,NA,NA,11,H,HD,"KO,2,01:39,20","PUNT,2,00:30,46",6,26,1:09,KO,2,01:39,HD20,PUNT,2,00:30,HD46,NA
2021_10_PW_HD,PW,HD,Panthers Wroclaw,Hamburg Sea Devils,8/22/2021,Hamburg,Stadion Hoheluft,15:00,NA,Y,-,0,18 deg.C,NA,Rainy,M. Scholz,J. Poschlod,K. Haltermann,J. Scott,N. Lakowitz,A. Flaisch,H. Horak,H. Horak,HD,2,7,HD46,"H,2,7,H46","11,8,95","PASS:10,I,88,*",J. Clark pass incomplete to A. Botella M..,"H,3,7,H46",pass,0,NA,0,20,17,NA,NA,11,H,HD,"KO,2,01:39,20","PUNT,2,00:30,46",6,26,1:09,KO,2,01:39,HD20,PUNT,2,00:30,HD46,NA
2021_10_PW_HD,PW,HD,Panthers Wroclaw,Hamburg Sea Devils,8/22/2021,Hamburg,Stadion Hoheluft,15:00,NA,Y,-,0,18 deg.C,NA,Rainy,M. Scholz,J. Poschlod,K. Haltermann,J. Scott,N. Lakowitz,A. Flaisch,H. Horak,H. Horak,HD,3,7,HD46,"H,3,7,H46","11,9,96","PASS:10,I,88,* BRUP:6",J. Clark pass incomplete to A. Botella M. (K. Ruta).,"H,4,7,H46",pass,0,NA,0,20,17,NA,NA,11,H,HD,"KO,2,01:39,20","PUNT,2,00:30,46",6,26,1:09,KO,2,01:39,HD20,PUNT,2,00:30,HD46,NA
2021_10_PW_HD,PW,HD,Panthers Wroclaw,Hamburg Sea Devils,8/22/2021,Hamburg,Stadion Hoheluft,15:00,NA,Y,-,0,18 deg.C,NA,Rainy,M. Scholz,J. Poschlod,K. Haltermann,J. Scott,N. Lakowitz,A. Flaisch,H. Horak,H. Horak,HD,4,7,HD46,"H,4,7,H46","11,10,97","PUNT:4,V12 FC:12","P. Andersen punt 42 yards to the PW12, fair catch by K. Turpin.","V,1,10,V12",punt,0,NA,0,20,17,NA,NA,11,H,HD,"KO,2,01:39,20","PUNT,2,00:30,46",6,26,1:09,KO,2,01:39,HD20,PUNT,2,00:30,HD46,NA
2021_10_PW_HD,PW,HD,Panthers Wroclaw,Hamburg Sea Devils,8/22/2021,Hamburg,Stadion Hoheluft,15:00,NA,Y,-,0,18 deg.C,NA,Rainy,M. Scholz,J. Poschlod,K. Haltermann,J. Scott,N. Lakowitz,A. Flaisch,H. Horak,H. Horak,PW,1,10,PW12,"V,1,10,V12","12,1,98",{DRIVE}:00:30,PANTHERS WROCLAW drive start at 00:30.,"V,1,10,V12",NA,0,NA,0,20,17,00:30,NA,12,V,PW,"PUNT,2,00:30,12","TD,2,00:06,100",3,88,0:24,PUNT,2,00:30,PW12,TD,2,00:06,HD00,1
2021_10_PW_HD,PW,HD,Panthers Wroclaw,Hamburg Sea Devils,8/22/2021,Hamburg,Stadion Hoheluft,15:00,NA,Y,-,0,18 deg.C,NA,Rainy,M. Scholz,J. Poschlod,K. Haltermann,J. Scott,N. Lakowitz,A. Flaisch,H. Horak,H. Horak,PW,1,10,PW12,"V,1,10,V12","12,2,99","PASS:2,C,12,V18 OB: TACK:94","L. O'Connor pass complete to K. Turpin for 6 yards to the PW18, out-of-bounds (B. Grube).","V,2,4,V18",pass,1,NA,0,20,17,NA,NA,12,V,PW,"PUNT,2,00:30,12","TD,2,00:06,100",3,88,0:24,PUNT,2,00:30,PW12,TD,2,00:06,HD00,1
2021_10_PW_HD,PW,HD,Panthers Wroclaw,Hamburg Sea Devils,8/22/2021,Hamburg,Stadion Hoheluft,15:00,NA,Y,-,0,18 deg.C,NA,Rainy,M. Scholz,J. Poschlod,K. Haltermann,J. Scott,N. Lakowitz,A. Flaisch,H. Horak,H. Horak,PW,2,4,PW18,"V,2,4,V18","12,3,100","PASS:2,C,23,H02 TACK:23","L. O'Connor pass complete to J. Mazan for 80 yards to the HD2, 1ST DOWN PW (J. Rogers).","V,1,0,H02",pass,0,pass,0,20,17,NA,NA,12,V,PW,"PUNT,2,00:30,12","TD,2,00:06,100",3,88,0:24,PUNT,2,00:30,PW12,TD,2,00:06,HD00,1
2021_10_PW_HD,PW,HD,Panthers Wroclaw,Hamburg Sea Devils,8/22/2021,Hamburg,Stadion Hoheluft,15:00,NA,Y,-,0,18 deg.C,NA,Rainy,M. Scholz,J. Poschlod,K. Haltermann,J. Scott,N. Lakowitz,A. Flaisch,H. Horak,H. Horak,PW,1,0,HD02,"V,1,0,H02","12,4,101",TOUT:V T:00:12,"Timeout Panthers Wroclaw, clock 00:12.","V,1,0,H02",NA,0,NA,0,20,17,00:12,NA,12,V,PW,"PUNT,2,00:30,12","TD,2,00:06,100",3,88,0:24,PUNT,2,00:30,PW12,TD,2,00:06,HD00,1
2021_10_PW_HD,PW,HD,Panthers Wroclaw,Hamburg Sea Devils,8/22/2021,Hamburg,Stadion Hoheluft,15:00,NA,Y,-,0,18 deg.C,NA,Rainy,M. Scholz,J. Poschlod,K. Haltermann,J. Scott,N. Lakowitz,A. Flaisch,H. Horak,H. Horak,PW,1,0,HD02,"V,1,0,H02","12,5,102","RUSH:25,H00, T:00:06 PAT:K,44,G","P. Pasqualini rush for 2 yards to the HD0, 1ST DOWN PW, TOUCHDOWN, clock 00:06, T. Leader kick attempt good.","V,1,0,V35",pat,0,rush,1,27,17,00:06,NA,12,V,PW,"PUNT,2,00:30,12","TD,2,00:06,100",3,88,0:24,PUNT,2,00:30,PW12,TD,2,00:06,HD00,1
2021_10_PW_HD,PW,HD,Panthers Wroclaw,Hamburg Sea Devils,8/22/2021,Hamburg,Stadion Hoheluft,15:00,NA,Y,-,0,18 deg.C,NA,Rainy,M. Scholz,J. Poschlod,K. Haltermann,J. Scott,N. Lakowitz,A. Flaisch,H. Horak,H. Horak,PW,1,0,PW35,"V,1,0,V35","12,6,103","KO:44,H05 RET:23,V38 OB:","T. Leader kickoff 60 yards to the HD5, J. Rogers return 57 yards to the PW38, out-of-bounds.","H,1,10,V38",kick_off,1,NA,0,27,17,NA,NA,12,V,PW,"PUNT,2,00:30,12","TD,2,00:06,100",3,88,0:24,PUNT,2,00:30,PW12,TD,2,00:06,HD00,1
2021_10_PW_HD,PW,HD,Panthers Wroclaw,Hamburg Sea Devils,8/22/2021,Hamburg,Stadion Hoheluft,15:00,NA,Y,-,0,18 deg.C,NA,Rainy,M. Scholz,J. Poschlod,K. Haltermann,J. Scott,N. Lakowitz,A. Flaisch,H. Horak,H. Horak,HD,1,10,PW38,"H,1,10,V38","13,1,104",{DRIVE}:00:00,HAMBURG SEA DEVILS drive start at 00:00.,"H,1,10,V38",NA,0,NA,0,27,17,00:00,NA,13,H,HD,"KO,2,00:00,62","HALF,2,00:00,62",0,0,0:00,KO,2,00:00,PW38,HALF,2,00:00,PW38,NA
2021_10_PW_HD,PW,HD,Panthers Wroclaw,Hamburg Sea Devils,8/22/2021,Hamburg,Stadion Hoheluft,15:00,NA,Y,-,0,18 deg.C,NA,Rainy,M. Scholz,J. Poschlod,K. Haltermann,J. Scott,N. Lakowitz,A. Flaisch,H. Horak,H. Horak,HD,1,10,PW38,"H,1,10,V38","13,2,105",HALF: T:00:00,"End of half, clock 00:00.","H,1,10,V38",NA,0,NA,0,27,17,00:00,NA,13,H,HD,"KO,2,00:00,62","HALF,2,00:00,62",0,0,0:00,KO,2,00:00,PW38,HALF,2,00:00,PW38,NA
2021_10_PW_HD,PW,HD,Panthers Wroclaw,Hamburg Sea Devils,8/22/2021,Hamburg,Stadion Hoheluft,15:00,NA,Y,-,0,18 deg.C,NA,Rainy,M. Scholz,J. Poschlod,K. Haltermann,J. Scott,N. Lakowitz,A. Flaisch,H. Horak,H. Horak,HD,1,10,PW38,"H,1,10,V38","13,3,106","Q:3 T:15:00 SPOT:H,H35,N","Start of 3rd quarter, clock 15:00, HD ball on HD35.","H,1,10,H35",NA,0,NA,0,27,17,15:00,NA,13,H,HD,"KO,2,00:00,62","HALF,2,00:00,62",0,0,0:00,KO,2,00:00,PW38,HALF,2,00:00,PW38,NA
2021_10_PW_HD,PW,HD,Panthers Wroclaw,Hamburg Sea Devils,8/22/2021,Hamburg,Stadion Hoheluft,15:00,NA,Y,-,0,18 deg.C,NA,Rainy,M. Scholz,J. Poschlod,K. Haltermann,J. Scott,N. Lakowitz,A. Flaisch,H. Horak,H. Horak,HD,1,10,HD35,"H,1,10,H35","13,4,107","KO:29,V00 TB:","D. Aboagye-Duah kickoff 65 yards to the PW0, touchback.","V,1,10,V25",kick_off,0,NA,0,27,17,NA,NA,13,H,HD,"KO,2,00:00,62","HALF,2,00:00,62",0,0,0:00,KO,2,00:00,PW38,HALF,2,00:00,PW38,NA
2021_10_PW_HD,PW,HD,Panthers Wroclaw,Hamburg Sea Devils,8/22/2021,Hamburg,Stadion Hoheluft,15:00,NA,Y,-,0,18 deg.C,NA,Rainy,M. Scholz,J. Poschlod,K. Haltermann,J. Scott,N. Lakowitz,A. Flaisch,H. Horak,H. Horak,PW,1,10,PW25,"V,1,10,V25","14,1,108",{DRIVE}:15:00,PANTHERS WROCLAW drive start at 15:00.,"V,1,10,V25",NA,0,NA,0,27,17,15:00,NA,14,V,PW,"KO,3,15:00,25","FG,3,08:43,94",12,69,6:17,KO,3,15:00,PW25,FG,3,08:43,HD06,1
2021_10_PW_HD,PW,HD,Panthers Wroclaw,Hamburg Sea Devils,8/22/2021,Hamburg,Stadion Hoheluft,15:00,NA,Y,-,0,18 deg.C,NA,Rainy,M. Scholz,J. Poschlod,K. Haltermann,J. Scott,N. Lakowitz,A. Flaisch,H. Horak,H. Horak,PW,1,10,PW25,"V,1,10,V25","14,2,109","PASS:2,C,15,V30 TACK:43,25",L. O'Connor pass complete to B. Dziedzic for 5 yards to the PW30 (M. Boock;C. Slater).,"V,2,5,V30",pass,0,NA,0,27,17,NA,NA,14,V,PW,"KO,3,15:00,25","FG,3,08:43,94",12,69,6:17,KO,3,15:00,PW25,FG,3,08:43,HD06,1
2021_10_PW_HD,PW,HD,Panthers Wroclaw,Hamburg Sea Devils,8/22/2021,Hamburg,Stadion Hoheluft,15:00,NA,Y,-,0,18 deg.C,NA,Rainy,M. Scholz,J. Poschlod,K. Haltermann,J. Scott,N. Lakowitz,A. Flaisch,H. Horak,H. Horak,PW,2,5,PW30,"V,2,5,V30","14,3,110","RUSH:25,V39, TACK:31,94","P. Pasqualini rush for 9 yards to the PW39, 1ST DOWN PW (J. Juurlink;B. Grube).","V,1,10,V39",rush,0,rush,0,27,17,NA,NA,14,V,PW,"KO,3,15:00,25","FG,3,08:43,94",12,69,6:17,KO,3,15:00,PW25,FG,3,08:43,HD06,1
2021_10_PW_HD,PW,HD,Panthers Wroclaw,Hamburg Sea Devils,8/22/2021,Hamburg,Stadion Hoheluft,15:00,NA,Y,-,0,18 deg.C,NA,Rainy,M. Scholz,J. Poschlod,K. Haltermann,J. Scott,N. Lakowitz,A. Flaisch,H. Horak,H. Horak,PW,1,10,PW39,"V,1,10,V39","14,4,111","RUSH:25,V47, TACK:31,25 PEN:H,UR,A,23,H37,1","P. Pasqualini rush for 8 yards to the PW47 (J. Juurlink;C. Slater), PENALTY HD unnecessary roughness (J. Rogers) 16 yards to the HD37, 1ST DOWN PW.","V,1,10,H37",rush,0,penalty,0,27,17,NA,NA,14,V,PW,"KO,3,15:00,25","FG,3,08:43,94",12,69,6:17,KO,3,15:00,PW25,FG,3,08:43,HD06,1
2021_10_PW_HD,PW,HD,Panthers Wroclaw,Hamburg Sea Devils,8/22/2021,Hamburg,Stadion Hoheluft,15:00,NA,Y,-,0,18 deg.C,NA,Rainy,M. Scholz,J. Poschlod,K. Haltermann,J. Scott,N. Lakowitz,A. Flaisch,H. Horak,H. Horak,PW,1,10,HD37,"V,1,10,H37","14,5,112","D:1,10",1st and 10.,"V,1,10,H37",NA,0,NA,0,27,17,NA,NA,14,V,PW,"KO,3,15:00,25","FG,3,08:43,94",12,69,6:17,KO,3,15:00,PW25,FG,3,08:43,HD06,1
2021_10_PW_HD,PW,HD,Panthers Wroclaw,Hamburg Sea Devils,8/22/2021,Hamburg,Stadion Hoheluft,15:00,NA,Y,-,0,18 deg.C,NA,Rainy,M. Scholz,J. Poschlod,K. Haltermann,J. Scott,N. Lakowitz,A. Flaisch,H. Horak,H. Horak,PW,1,10,HD37,"V,1,10,H37","14,6,113","RUSH:25,H41, TACK:43",P. Pasqualini rush for loss of 4 yards to the HD41 (M. Boock).,"V,2,14,H41",rush,0,NA,0,27,17,NA,NA,14,V,PW,"KO,3,15:00,25","FG,3,08:43,94",12,69,6:17,KO,3,15:00,PW25,FG,3,08:43,HD06,1
2021_10_PW_HD,PW,HD,Panthers Wroclaw,Hamburg Sea Devils,8/22/2021,Hamburg,Stadion Hoheluft,15:00,NA,Y,-,0,18 deg.C,NA,Rainy,M. Scholz,J. Poschlod,K. Haltermann,J. Scott,N. Lakowitz,A. Flaisch,H. Horak,H. Horak,PW,2,14,HD41,"V,2,14,H41","14,7,114","PASS:2,C,12,H34 TACK:27,43",L. O'Connor pass complete to K. Turpin for 7 yards to the HD34 (L. Mueller;M. Boock).,"V,3,7,H34",pass,0,NA,0,27,17,NA,NA,14,V,PW,"KO,3,15:00,25","FG,3,08:43,94",12,69,6:17,KO,3,15:00,PW25,FG,3,08:43,HD06,1
2021_10_PW_HD,PW,HD,Panthers Wroclaw,Hamburg Sea Devils,8/22/2021,Hamburg,Stadion Hoheluft,15:00,NA,Y,-,0,18 deg.C,NA,Rainy,M. Scholz,J. Poschlod,K. Haltermann,J. Scott,N. Lakowitz,A. Flaisch,H. Horak,H. Horak,PW,3,7,HD34,"V,3,7,H34","14,8,115","PASS:2,C,87,H22 OB:","L. O'Connor pass complete to I. Maslaka for 12 yards to the HD22, 1ST DOWN PW, out-of-bounds.","V,1,10,H22",pass,1,pass,0,27,17,NA,NA,14,V,PW,"KO,3,15:00,25","FG,3,08:43,94",12,69,6:17,KO,3,15:00,PW25,FG,3,08:43,HD06,1
2021_10_PW_HD,PW,HD,Panthers Wroclaw,Hamburg Sea Devils,8/22/2021,Hamburg,Stadion Hoheluft,15:00,NA,Y,-,0,18 deg.C,NA,Rainy,M. Scholz,J. Poschlod,K. Haltermann,J. Scott,N. Lakowitz,A. Flaisch,H. Horak,H. Horak,PW,1,10,HD22,"V,1,10,H22","14,9,116","RUSH:25,H16, TACK:57",P. Pasqualini rush for 6 yards to the HD16 (D. Laporte).,"V,2,4,H16",rush,0,NA,0,27,17,NA,NA,14,V,PW,"KO,3,15:00,25","FG,3,08:43,94",12,69,6:17,KO,3,15:00,PW25,FG,3,08:43,HD06,1
2021_10_PW_HD,PW,HD,Panthers Wroclaw,Hamburg Sea Devils,8/22/2021,Hamburg,Stadion Hoheluft,15:00,NA,Y,-,0,18 deg.C,NA,Rainy,M. Scholz,J. Poschlod,K. Haltermann,J. Scott,N. Lakowitz,A. Flaisch,H. Horak,H. Horak,PW,2,4,HD16,"V,2,4,H16","14,10,117","RUSH:25,H10, TACK:31,57","P. Pasqualini rush for 6 yards to the HD10, 1ST DOWN PW (J. Juurlink;D. Laporte).","V,1,0,H10",rush,0,rush,0,27,17,NA,NA,14,V,PW,"KO,3,15:00,25","FG,3,08:43,94",12,69,6:17,KO,3,15:00,PW25,FG,3,08:43,HD06,1
2021_10_PW_HD,PW,HD,Panthers Wroclaw,Hamburg Sea Devils,8/22/2021,Hamburg,Stadion Hoheluft,15:00,NA,Y,-,0,18 deg.C,NA,Rainy,M. Scholz,J. Poschlod,K. Haltermann,J. Scott,N. Lakowitz,A. Flaisch,H. Horak,H. Horak,PW,1,0,HD10,"V,1,0,H10","14,11,118","RUSH:25,H07, TACK:52",P. Pasqualini rush for 3 yards to the HD7 (A. Mati).,"V,2,0,H07",rush,0,NA,0,27,17,NA,NA,14,V,PW,"KO,3,15:00,25","FG,3,08:43,94",12,69,6:17,KO,3,15:00,PW25,FG,3,08:43,HD06,1
2021_10_PW_HD,PW,HD,Panthers Wroclaw,Hamburg Sea Devils,8/22/2021,Hamburg,Stadion Hoheluft,15:00,NA,Y,-,0,18 deg.C,NA,Rainy,M. Scholz,J. Poschlod,K. Haltermann,J. Scott,N. Lakowitz,A. Flaisch,H. Horak,H. Horak,PW,2,0,HD07,"V,2,0,H07","14,12,119","PASS:2,C,87,H03 TACK:31",L. O'Connor pass complete to I. Maslaka for 4 yards to the HD3 (J. Juurlink).,"V,3,0,H03",pass,0,NA,0,27,17,NA,NA,14,V,PW,"KO,3,15:00,25","FG,3,08:43,94",12,69,6:17,KO,3,15:00,PW25,FG,3,08:43,HD06,1
2021_10_PW_HD,PW,HD,Panthers Wroclaw,Hamburg Sea Devils,8/22/2021,Hamburg,Stadion Hoheluft,15:00,NA,Y,-,0,18 deg.C,NA,Rainy,M. Scholz,J. Poschlod,K. Haltermann,J. Scott,N. Lakowitz,A. Flaisch,H. Horak,H. Horak,PW,3,0,HD03,"V,3,0,H03","14,13,120","RUSH:25,H06, TACK:95,57",P. Pasqualini rush for loss of 3 yards to the HD6 (E. Yeboah;D. Laporte).,"V,4,0,H06",rush,0,NA,0,27,17,NA,NA,14,V,PW,"KO,3,15:00,25","FG,3,08:43,94",12,69,6:17,KO,3,15:00,PW25,FG,3,08:43,HD06,1
2021_10_PW_HD,PW,HD,Panthers Wroclaw,Hamburg Sea Devils,8/22/2021,Hamburg,Stadion Hoheluft,15:00,NA,Y,-,0,18 deg.C,NA,Rainy,M. Scholz,J. Poschlod,K. Haltermann,J. Scott,N. Lakowitz,A. Flaisch,H. Horak,H. Horak,PW,4,0,HD06,"V,4,0,H06","14,14,121","FGA:44,25,G T:08:43","T. Leader field goal attempt from 25 GOOD, clock 08:43.","V,1,0,V35",field_goal,0,NA,1,30,17,08:43,NA,14,V,PW,"KO,3,15:00,25","FG,3,08:43,94",12,69,6:17,KO,3,15:00,PW25,FG,3,08:43,HD06,1
2021_10_PW_HD,PW,HD,Panthers Wroclaw,Hamburg Sea Devils,8/22/2021,Hamburg,Stadion Hoheluft,15:00,NA,Y,-,0,18 deg.C,NA,Rainy,M. Scholz,J. Poschlod,K. Haltermann,J. Scott,N. Lakowitz,A. Flaisch,H. Horak,H. Horak,PW,1,0,PW35,"V,1,0,V35","14,15,122","KO:44,H05 RET:23,H39","T. Leader kickoff 60 yards to the HD5, J. Rogers return 34 yards to the HD39.","H,1,10,H39",kick_off,0,NA,0,30,17,NA,NA,14,V,PW,"KO,3,15:00,25","FG,3,08:43,94",12,69,6:17,KO,3,15:00,PW25,FG,3,08:43,HD06,1
2021_10_PW_HD,PW,HD,Panthers Wroclaw,Hamburg Sea Devils,8/22/2021,Hamburg,Stadion Hoheluft,15:00,NA,Y,-,0,18 deg.C,NA,Rainy,M. Scholz,J. Poschlod,K. Haltermann,J. Scott,N. Lakowitz,A. Flaisch,H. Horak,H. Horak,HD,1,10,HD39,"H,1,10,H39","15,1,123",{DRIVE}:08:43,HAMBURG SEA DEVILS drive start at 08:43.,"H,1,10,H39",NA,0,NA,0,30,17,08:43,NA,15,H,HD,"KO,3,08:43,39","PUNT,3,05:55,56",6,17,2:48,KO,3,08:43,HD39,PUNT,3,05:55,PW44,NA
2021_10_PW_HD,PW,HD,Panthers Wroclaw,Hamburg Sea Devils,8/22/2021,Hamburg,Stadion Hoheluft,15:00,NA,Y,-,0,18 deg.C,NA,Rainy,M. Scholz,J. Poschlod,K. Haltermann,J. Scott,N. Lakowitz,A. Flaisch,H. Horak,H. Horak,HD,1,10,HD39,"H,1,10,H39","15,2,124","RUSH:34,H41, TACK:24",J. Ampaw rush for 2 yards to the HD41 (W. James).,"H,2,8,H41",rush,0,NA,0,30,17,NA,NA,15,H,HD,"KO,3,08:43,39","PUNT,3,05:55,56",6,17,2:48,KO,3,08:43,HD39,PUNT,3,05:55,PW44,NA
2021_10_PW_HD,PW,HD,Panthers Wroclaw,Hamburg Sea Devils,8/22/2021,Hamburg,Stadion Hoheluft,15:00,NA,Y,-,0,18 deg.C,NA,Rainy,M. Scholz,J. Poschlod,K. Haltermann,J. Scott,N. Lakowitz,A. Flaisch,H. Horak,H. Horak,HD,2,8,HD41,"H,2,8,H41","15,3,125","PASS:10,I,81,* BRUP:26",J. Clark pass incomplete to K. Ofori (M. Osumek).,"H,3,8,H41",pass,0,NA,0,30,17,NA,NA,15,H,HD,"KO,3,08:43,39","PUNT,3,05:55,56",6,17,2:48,KO,3,08:43,HD39,PUNT,3,05:55,PW44,NA
2021_10_PW_HD,PW,HD,Panthers Wroclaw,Hamburg Sea Devils,8/22/2021,Hamburg,Stadion Hoheluft,15:00,NA,Y,-,0,18 deg.C,NA,Rainy,M. Scholz,J. Poschlod,K. Haltermann,J. Scott,N. Lakowitz,A. Flaisch,H. Horak,H. Horak,HD,3,8,HD41,"H,3,8,H41","15,4,126","PASS:10,C,81,H50 TACK:26","J. Clark pass complete to K. Ofori for 9 yards to the 50 yardline, 1ST DOWN HD (M. Osumek).","H,1,10,H50",pass,0,pass,0,30,17,NA,NA,15,H,HD,"KO,3,08:43,39","PUNT,3,05:55,56",6,17,2:48,KO,3,08:43,HD39,PUNT,3,05:55,PW44,NA
2021_10_PW_HD,PW,HD,Panthers Wroclaw,Hamburg Sea Devils,8/22/2021,Hamburg,Stadion Hoheluft,15:00,NA,Y,-,0,18 deg.C,NA,Rainy,M. Scholz,J. Poschlod,K. Haltermann,J. Scott,N. Lakowitz,A. Flaisch,H. Horak,H. Horak,HD,1,10,HD50,"H,1,10,H50","15,5,127","RUSH:34,V46, TACK:4",J. Ampaw rush for 4 yards to the PW46 (W. Lloyd).,"H,2,6,V46",rush,0,NA,0,30,17,NA,NA,15,H,HD,"KO,3,08:43,39","PUNT,3,05:55,56",6,17,2:48,KO,3,08:43,HD39,PUNT,3,05:55,PW44,NA
2021_10_PW_HD,PW,HD,Panthers Wroclaw,Hamburg Sea Devils,8/22/2021,Hamburg,Stadion Hoheluft,15:00,NA,Y,-,0,18 deg.C,NA,Rainy,M. Scholz,J. Poschlod,K. Haltermann,J. Scott,N. Lakowitz,A. Flaisch,H. Horak,H. Horak,HD,2,6,PW46,"H,2,6,V46","15,6,128","RUSH:34,V44, TACK:4",J. Ampaw rush for 2 yards to the PW44 (W. Lloyd).,"H,3,4,V44",rush,0,NA,0,30,17,NA,NA,15,H,HD,"KO,3,08:43,39","PUNT,3,05:55,56",6,17,2:48,KO,3,08:43,HD39,PUNT,3,05:55,PW44,NA
2021_10_PW_HD,PW,HD,Panthers Wroclaw,Hamburg Sea Devils,8/22/2021,Hamburg,Stadion Hoheluft,15:00,NA,Y,-,0,18 deg.C,NA,Rainy,M. Scholz,J. Poschlod,K. Haltermann,J. Scott,N. Lakowitz,A. Flaisch,H. Horak,H. Horak,HD,3,4,PW44,"H,3,4,V44","15,7,129","PASS:10,I,82,* BRUP:24",J. Clark pass incomplete to T. Nill (W. James).,"H,4,4,V44",pass,0,NA,0,30,17,NA,NA,15,H,HD,"KO,3,08:43,39","PUNT,3,05:55,56",6,17,2:48,KO,3,08:43,HD39,PUNT,3,05:55,PW44,NA
2021_10_PW_HD,PW,HD,Panthers Wroclaw,Hamburg Sea Devils,8/22/2021,Hamburg,Stadion Hoheluft,15:00,NA,Y,-,0,18 deg.C,NA,Rainy,M. Scholz,J. Poschlod,K. Haltermann,J. Scott,N. Lakowitz,A. Flaisch,H. Horak,H. Horak,HD,4,4,PW44,"H,4,4,V44","15,8,130","PUNT:4,V05 OB:","P. Andersen punt 39 yards to the PW5, out-of-bounds.","V,1,10,V05",punt,1,NA,0,30,17,NA,NA,15,H,HD,"KO,3,08:43,39","PUNT,3,05:55,56",6,17,2:48,KO,3,08:43,HD39,PUNT,3,05:55,PW44,NA
2021_10_PW_HD,PW,HD,Panthers Wroclaw,Hamburg Sea Devils,8/22/2021,Hamburg,Stadion Hoheluft,15:00,NA,Y,-,0,18 deg.C,NA,Rainy,M. Scholz,J. Poschlod,K. Haltermann,J. Scott,N. Lakowitz,A. Flaisch,H. Horak,H. Horak,PW,1,10,PW05,"V,1,10,V05","16,1,131",{DRIVE}:05:55,PANTHERS WROCLAW drive start at 05:55.,"V,1,10,V05",NA,0,NA,0,30,17,05:55,NA,16,V,PW,"PUNT,3,05:55,5","PUNT,3,04:21,11",3,6,1:34,PUNT,3,05:55,PW05,PUNT,3,04:21,PW11,NA
2021_10_PW_HD,PW,HD,Panthers Wroclaw,Hamburg Sea Devils,8/22/2021,Hamburg,Stadion Hoheluft,15:00,NA,Y,-,0,18 deg.C,NA,Rainy,M. Scholz,J. Poschlod,K. Haltermann,J. Scott,N. Lakowitz,A. Flaisch,H. Horak,H. Horak,PW,1,10,PW05,"V,1,10,V05","16,2,132","RUSH:2,V02, TACK:95",L. O'Connor rush for loss of 3 yards to the PW2 (E. Yeboah).,"V,2,13,V02",rush,0,NA,0,30,17,NA,NA,16,V,PW,"PUNT,3,05:55,5","PUNT,3,04:21,11",3,6,1:34,PUNT,3,05:55,PW05,PUNT,3,04:21,PW11,NA
2021_10_PW_HD,PW,HD,Panthers Wroclaw,Hamburg Sea Devils,8/22/2021,Hamburg,Stadion Hoheluft,15:00,NA,Y,-,0,18 deg.C,NA,Rainy,M. Scholz,J. Poschlod,K. Haltermann,J. Scott,N. Lakowitz,A. Flaisch,H. Horak,H. Horak,PW,2,13,PW02,"V,2,13,V02","16,3,133","PASS:2,C,16,V11 TACK:57,43",L. O'Connor pass complete to W. Zieba for 9 yards to the PW11 (D. Laporte;M. Boock).,"V,3,4,V11",pass,0,NA,0,30,17,NA,NA,16,V,PW,"PUNT,3,05:55,5","PUNT,3,04:21,11",3,6,1:34,PUNT,3,05:55,PW05,PUNT,3,04:21,PW11,NA
2021_10_PW_HD,PW,HD,Panthers Wroclaw,Hamburg Sea Devils,8/22/2021,Hamburg,Stadion Hoheluft,15:00,NA,Y,-,0,18 deg.C,NA,Rainy,M. Scholz,J. Poschlod,K. Haltermann,J. Scott,N. Lakowitz,A. Flaisch,H. Horak,H. Horak,PW,3,4,PW11,"V,3,4,V11","16,4,134","PASS:2,I,15,* BRUP:43",L. O'Connor pass incomplete to B. Dziedzic (M. Boock).,"V,4,4,V11",pass,0,NA,0,30,17,NA,NA,16,V,PW,"PUNT,3,05:55,5","PUNT,3,04:21,11",3,6,1:34,PUNT,3,05:55,PW05,PUNT,3,04:21,PW11,NA
2021_10_PW_HD,PW,HD,Panthers Wroclaw,Hamburg Sea Devils,8/22/2021,Hamburg,Stadion Hoheluft,15:00,NA,Y,-,0,18 deg.C,NA,Rainy,M. Scholz,J. Poschlod,K. Haltermann,J. Scott,N. Lakowitz,A. Flaisch,H. Horak,H. Horak,PW,4,4,PW11,"V,4,4,V11","16,5,135","PUNT:44,H47 FC:23","T. Leader punt 42 yards to the HD47, fair catch by J. Rogers.","H,1,10,H47",punt,0,NA,0,30,17,NA,NA,16,V,PW,"PUNT,3,05:55,5","PUNT,3,04:21,11",3,6,1:34,PUNT,3,05:55,PW05,PUNT,3,04:21,PW11,NA
2021_10_PW_HD,PW,HD,Panthers Wroclaw,Hamburg Sea Devils,8/22/2021,Hamburg,Stadion Hoheluft,15:00,NA,Y,-,0,18 deg.C,NA,Rainy,M. Scholz,J. Poschlod,K. Haltermann,J. Scott,N. Lakowitz,A. Flaisch,H. Horak,H. Horak,HD,1,10,HD47,"H,1,10,H47","17,1,136",{DRIVE}:04:21,HAMBURG SEA DEVILS drive start at 04:21.,"H,1,10,H47",NA,0,NA,0,30,17,04:21,NA,17,H,HD,"PUNT,3,04:21,47","TD,3,02:18,100",4,53,2:03,PUNT,3,04:21,HD47,TD,3,02:18,PW00,1
2021_10_PW_HD,PW,HD,Panthers Wroclaw,Hamburg Sea Devils,8/22/2021,Hamburg,Stadion Hoheluft,15:00,NA,Y,-,0,18 deg.C,NA,Rainy,M. Scholz,J. Poschlod,K. Haltermann,J. Scott,N. Lakowitz,A. Flaisch,H. Horak,H. Horak,HD,1,10,HD47,"H,1,10,H47","17,2,137","PASS:10,C,44,V45 TACK:5",J. Clark pass complete to J. Kruse for 8 yards to the PW45 (G. Zec).,"H,2,2,V45",pass,0,NA,0,30,17,NA,NA,17,H,HD,"PUNT,3,04:21,47","TD,3,02:18,100",4,53,2:03,PUNT,3,04:21,HD47,TD,3,02:18,PW00,1
2021_10_PW_HD,PW,HD,Panthers Wroclaw,Hamburg Sea Devils,8/22/2021,Hamburg,Stadion Hoheluft,15:00,NA,Y,-,0,18 deg.C,NA,Rainy,M. Scholz,J. Poschlod,K. Haltermann,J. Scott,N. Lakowitz,A. Flaisch,H. Horak,H. Horak,HD,2,2,PW45,"H,2,2,V45","17,3,138","PASS:10,C,44,V28 TACK:19,37","J. Clark pass complete to J. Kruse for 17 yards to the PW28, 1ST DOWN HD (D. Piatkowski;F. Kloskowski).","H,1,10,V28",pass,0,pass,0,30,17,NA,NA,17,H,HD,"PUNT,3,04:21,47","TD,3,02:18,100",4,53,2:03,PUNT,3,04:21,HD47,TD,3,02:18,PW00,1
2021_10_PW_HD,PW,HD,Panthers Wroclaw,Hamburg Sea Devils,8/22/2021,Hamburg,Stadion Hoheluft,15:00,NA,Y,-,0,18 deg.C,NA,Rainy,M. Scholz,J. Poschlod,K. Haltermann,J. Scott,N. Lakowitz,A. Flaisch,H. Horak,H. Horak,HD,1,10,PW28,"H,1,10,V28","17,4,139","RUSH:34,V19, TACK:19,4",J. Ampaw rush for 9 yards to the PW19 (D. Piatkowski;W. Lloyd).,"H,2,1,V19",rush,0,NA,0,30,17,NA,NA,17,H,HD,"PUNT,3,04:21,47","TD,3,02:18,100",4,53,2:03,PUNT,3,04:21,HD47,TD,3,02:18,PW00,1
2021_10_PW_HD,PW,HD,Panthers Wroclaw,Hamburg Sea Devils,8/22/2021,Hamburg,Stadion Hoheluft,15:00,NA,Y,-,0,18 deg.C,NA,Rainy,M. Scholz,J. Poschlod,K. Haltermann,J. Scott,N. Lakowitz,A. Flaisch,H. Horak,H. Horak,HD,2,1,PW19,"H,2,1,V19","17,5,140","PASS:10,C,12,V00 T:02:18 PEN:V,OD,D PAT:K,4,G","J. Clark pass complete to J. Madin Cerezo for 19 yards to the PW0, 1ST DOWN HD, TOUCHDOWN, clock 02:18, PENALTY PW offside defense declined, P. Andersen kick attempt good.","H,1,0,H35",pat,0,pass,1,30,24,02:18,NA,17,H,HD,"PUNT,3,04:21,47","TD,3,02:18,100",4,53,2:03,PUNT,3,04:21,HD47,TD,3,02:18,PW00,1
2021_10_PW_HD,PW,HD,Panthers Wroclaw,Hamburg Sea Devils,8/22/2021,Hamburg,Stadion Hoheluft,15:00,NA,Y,-,0,18 deg.C,NA,Rainy,M. Scholz,J. Poschlod,K. Haltermann,J. Scott,N. Lakowitz,A. Flaisch,H. Horak,H. Horak,HD,1,0,HD35,"H,1,0,H35","17,6,141","PEN:V,PF,A,6,H50,N",PENALTY PW personal foul (K. Ruta) 15 yards to the 50 yardline.,"H,1,0,H50",penalty,0,NA,0,30,24,NA,NA,17,H,HD,"PUNT,3,04:21,47","TD,3,02:18,100",4,53,2:03,PUNT,3,04:21,HD47,TD,3,02:18,PW00,1
2021_10_PW_HD,PW,HD,Panthers Wroclaw,Hamburg Sea Devils,8/22/2021,Hamburg,Stadion Hoheluft,15:00,NA,Y,-,0,18 deg.C,NA,Rainy,M. Scholz,J. Poschlod,K. Haltermann,J. Scott,N. Lakowitz,A. Flaisch,H. Horak,H. Horak,HD,1,0,HD50,"H,1,0,H50","17,7,142","KO:29,V02 RET:12,V18 TACK:12","D. Aboagye-Duah kickoff 48 yards to the PW2, K. Turpin return 16 yards to the PW18 (J. Madin Cerezo).","V,1,10,V18",kick_off,0,NA,0,30,24,NA,NA,17,H,HD,"PUNT,3,04:21,47","TD,3,02:18,100",4,53,2:03,PUNT,3,04:21,HD47,TD,3,02:18,PW00,1
2021_10_PW_HD,PW,HD,Panthers Wroclaw,Hamburg Sea Devils,8/22/2021,Hamburg,Stadion Hoheluft,15:00,NA,Y,-,0,18 deg.C,NA,Rainy,M. Scholz,J. Poschlod,K. Haltermann,J. Scott,N. Lakowitz,A. Flaisch,H. Horak,H. Horak,PW,1,10,PW18,"V,1,10,V18","18,1,143",{DRIVE}:02:11,PANTHERS WROCLAW drive start at 02:11.,"V,1,10,V18",NA,0,NA,0,30,24,02:11,NA,18,V,PW,"KO,3,02:11,18","INT,4,14:52,70",7,52,2:19,KO,3,02:11,PW18,INT,4,14:52,HD30,NA
2021_10_PW_HD,PW,HD,Panthers Wroclaw,Hamburg Sea Devils,8/22/2021,Hamburg,Stadion Hoheluft,15:00,NA,Y,-,0,18 deg.C,NA,Rainy,M. Scholz,J. Poschlod,K. Haltermann,J. Scott,N. Lakowitz,A. Flaisch,H. Horak,H. Horak,PW,1,10,PW18,"V,1,10,V18","18,2,144","RUSH:25,V19, TACK:43",P. Pasqualini rush for 1 yard to the PW19 (M. Boock).,"V,2,9,V19",rush,0,NA,0,30,24,NA,NA,18,V,PW,"KO,3,02:11,18","INT,4,14:52,70",7,52,2:19,KO,3,02:11,PW18,INT,4,14:52,HD30,NA
2021_10_PW_HD,PW,HD,Panthers Wroclaw,Hamburg Sea Devils,8/22/2021,Hamburg,Stadion Hoheluft,15:00,NA,Y,-,0,18 deg.C,NA,Rainy,M. Scholz,J. Poschlod,K. Haltermann,J. Scott,N. Lakowitz,A. Flaisch,H. Horak,H. Horak,PW,2,9,PW19,"V,2,9,V19","18,3,145","PASS:2,I,16,*",L. O'Connor pass incomplete to W. Zieba.,"V,3,9,V19",pass,0,NA,0,30,24,NA,NA,18,V,PW,"KO,3,02:11,18","INT,4,14:52,70",7,52,2:19,KO,3,02:11,PW18,INT,4,14:52,HD30,NA
2021_10_PW_HD,PW,HD,Panthers Wroclaw,Hamburg Sea Devils,8/22/2021,Hamburg,Stadion Hoheluft,15:00,NA,Y,-,0,18 deg.C,NA,Rainy,M. Scholz,J. Poschlod,K. Haltermann,J. Scott,N. Lakowitz,A. Flaisch,H. Horak,H. Horak,PW,3,9,PW19,"V,3,9,V19","18,4,146","PASS:2,C,23,V40 TACK:31","L. O'Connor pass complete to J. Mazan for 21 yards to the PW40, 1ST DOWN PW (J. Juurlink).","V,1,10,V40",pass,0,pass,0,30,24,NA,NA,18,V,PW,"KO,3,02:11,18","INT,4,14:52,70",7,52,2:19,KO,3,02:11,PW18,INT,4,14:52,HD30,NA
2021_10_PW_HD,PW,HD,Panthers Wroclaw,Hamburg Sea Devils,8/22/2021,Hamburg,Stadion Hoheluft,15:00,NA,Y,-,0,18 deg.C,NA,Rainy,M. Scholz,J. Poschlod,K. Haltermann,J. Scott,N. Lakowitz,A. Flaisch,H. Horak,H. Horak,PW,1,10,PW40,"V,1,10,V40","18,5,147","PASS:2,C,82,H39 TACK:23","L. O'Connor pass complete to P. Banat for 21 yards to the HD39, 1ST DOWN PW (J. Rogers).","V,1,10,H39",pass,0,pass,0,30,24,NA,NA,18,V,PW,"KO,3,02:11,18","INT,4,14:52,70",7,52,2:19,KO,3,02:11,PW18,INT,4,14:52,HD30,NA
2021_10_PW_HD,PW,HD,Panthers Wroclaw,Hamburg Sea Devils,8/22/2021,Hamburg,Stadion Hoheluft,15:00,NA,Y,-,0,18 deg.C,NA,Rainy,M. Scholz,J. Poschlod,K. Haltermann,J. Scott,N. Lakowitz,A. Flaisch,H. Horak,H. Horak,PW,1,10,HD39,"V,1,10,H39","18,6,148",TOUT:H T:00:36,"Timeout Hamburg Sea Devils, clock 00:36.","V,1,10,H39",NA,0,NA,0,30,24,00:36,NA,18,V,PW,"KO,3,02:11,18","INT,4,14:52,70",7,52,2:19,KO,3,02:11,PW18,INT,4,14:52,HD30,NA
2021_10_PW_HD,PW,HD,Panthers Wroclaw,Hamburg Sea Devils,8/22/2021,Hamburg,Stadion Hoheluft,15:00,NA,Y,-,0,18 deg.C,NA,Rainy,M. Scholz,J. Poschlod,K. Haltermann,J. Scott,N. Lakowitz,A. Flaisch,H. Horak,H. Horak,PW,1,10,HD39,"V,1,10,H39","18,7,149","PASS:2,I,82,* BRUP:27",L. O'Connor pass incomplete to P. Banat (L. Mueller).,"V,2,10,H39",pass,0,NA,0,30,24,NA,NA,18,V,PW,"KO,3,02:11,18","INT,4,14:52,70",7,52,2:19,KO,3,02:11,PW18,INT,4,14:52,HD30,NA
2021_10_PW_HD,PW,HD,Panthers Wroclaw,Hamburg Sea Devils,8/22/2021,Hamburg,Stadion Hoheluft,15:00,NA,Y,-,0,18 deg.C,NA,Rainy,M. Scholz,J. Poschlod,K. Haltermann,J. Scott,N. Lakowitz,A. Flaisch,H. Horak,H. Horak,PW,2,10,HD39,"V,2,10,H39","18,8,150","PASS:2,C,16,H30 OB:","L. O'Connor pass complete to W. Zieba for 9 yards to the HD30, out-of-bounds.","V,3,1,H30",pass,1,NA,0,30,24,NA,NA,18,V,PW,"KO,3,02:11,18","INT,4,14:52,70",7,52,2:19,KO,3,02:11,PW18,INT,4,14:52,HD30,NA
2021_10_PW_HD,PW,HD,Panthers Wroclaw,Hamburg Sea Devils,8/22/2021,Hamburg,Stadion Hoheluft,15:00,NA,Y,-,0,18 deg.C,NA,Rainy,M. Scholz,J. Poschlod,K. Haltermann,J. Scott,N. Lakowitz,A. Flaisch,H. Horak,H. Horak,PW,3,1,HD30,"V,3,1,H30","18,9,151",Q:4 T:15:00,"Start of 4th quarter, clock 15:00.","V,3,1,H30",NA,0,NA,0,30,24,15:00,NA,18,V,PW,"KO,3,02:11,18","INT,4,14:52,70",7,52,2:19,KO,3,02:11,PW18,INT,4,14:52,HD30,NA
2021_10_PW_HD,PW,HD,Panthers Wroclaw,Hamburg Sea Devils,8/22/2021,Hamburg,Stadion Hoheluft,15:00,NA,Y,-,0,18 deg.C,NA,Rainy,M. Scholz,J. Poschlod,K. Haltermann,J. Scott,N. Lakowitz,A. Flaisch,H. Horak,H. Horak,PW,3,1,HD30,"V,3,1,H30","18,10,152","PASS:2,X,23,H05 RET:23,H05","L. O'Connor pass intercepted by J. Rogers at the HD5, J. Rogers return 0 yards to the HD5.","H,1,10,H05",pass,0,NA,0,30,24,NA,I,18,V,PW,"KO,3,02:11,18","INT,4,14:52,70",7,52,2:19,KO,3,02:11,PW18,INT,4,14:52,HD30,NA
2021_10_PW_HD,PW,HD,Panthers Wroclaw,Hamburg Sea Devils,8/22/2021,Hamburg,Stadion Hoheluft,15:00,NA,Y,-,0,18 deg.C,NA,Rainy,M. Scholz,J. Poschlod,K. Haltermann,J. Scott,N. Lakowitz,A. Flaisch,H. Horak,H. Horak,HD,1,10,HD05,"H,1,10,H05","19,1,153",{DRIVE}:14:52,HAMBURG SEA DEVILS drive start at 14:52.,"H,1,10,H05",NA,0,NA,0,30,24,14:52,NA,19,H,HD,"INT,4,14:52,5","PUNT,4,12:42,18",5,13,2:10,INT,4,14:52,HD05,PUNT,4,12:42,HD18,NA
2021_10_PW_HD,PW,HD,Panthers Wroclaw,Hamburg Sea Devils,8/22/2021,Hamburg,Stadion Hoheluft,15:00,NA,Y,-,0,18 deg.C,NA,Rainy,M. Scholz,J. Poschlod,K. Haltermann,J. Scott,N. Lakowitz,A. Flaisch,H. Horak,H. Horak,HD,1,10,HD05,"H,1,10,H05","19,2,154","RUSH:34,H12, TACK:4",J. Ampaw rush for 7 yards to the HD12 (W. Lloyd).,"H,2,3,H12",rush,0,NA,0,30,24,NA,NA,19,H,HD,"INT,4,14:52,5","PUNT,4,12:42,18",5,13,2:10,INT,4,14:52,HD05,PUNT,4,12:42,HD18,NA
2021_10_PW_HD,PW,HD,Panthers Wroclaw,Hamburg Sea Devils,8/22/2021,Hamburg,Stadion Hoheluft,15:00,NA,Y,-,0,18 deg.C,NA,Rainy,M. Scholz,J. Poschlod,K. Haltermann,J. Scott,N. Lakowitz,A. Flaisch,H. Horak,H. Horak,HD,2,3,HD12,"H,2,3,H12","19,3,155","RUSH:34,H20, TACK:24","J. Ampaw rush for 8 yards to the HD20, 1ST DOWN HD (W. James).","H,1,10,H20",rush,0,rush,0,30,24,NA,NA,19,H,HD,"INT,4,14:52,5","PUNT,4,12:42,18",5,13,2:10,INT,4,14:52,HD05,PUNT,4,12:42,HD18,NA
2021_10_PW_HD,PW,HD,Panthers Wroclaw,Hamburg Sea Devils,8/22/2021,Hamburg,Stadion Hoheluft,15:00,NA,Y,-,0,18 deg.C,NA,Rainy,M. Scholz,J. Poschlod,K. Haltermann,J. Scott,N. Lakowitz,A. Flaisch,H. Horak,H. Horak,HD,1,10,HD20,"H,1,10,H20","19,4,156","RUSH:34,H18, TACK:57",J. Ampaw rush for loss of 2 yards to the HD18 (D. Tarnawski).,"H,2,12,H18",rush,0,NA,0,30,24,NA,NA,19,H,HD,"INT,4,14:52,5","PUNT,4,12:42,18",5,13,2:10,INT,4,14:52,HD05,PUNT,4,12:42,HD18,NA
2021_10_PW_HD,PW,HD,Panthers Wroclaw,Hamburg Sea Devils,8/22/2021,Hamburg,Stadion Hoheluft,15:00,NA,Y,-,0,18 deg.C,NA,Rainy,M. Scholz,J. Poschlod,K. Haltermann,J. Scott,N. Lakowitz,A. Flaisch,H. Horak,H. Horak,HD,2,12,HD18,"H,2,12,H18","19,5,157","PASS:10,I,81,*",J. Clark pass incomplete to K. Ofori.,"H,3,12,H18",pass,0,NA,0,30,24,NA,NA,19,H,HD,"INT,4,14:52,5","PUNT,4,12:42,18",5,13,2:10,INT,4,14:52,HD05,PUNT,4,12:42,HD18,NA
2021_10_PW_HD,PW,HD,Panthers Wroclaw,Hamburg Sea Devils,8/22/2021,Hamburg,Stadion Hoheluft,15:00,NA,Y,-,0,18 deg.C,NA,Rainy,M. Scholz,J. Poschlod,K. Haltermann,J. Scott,N. Lakowitz,A. Flaisch,H. Horak,H. Horak,HD,3,12,HD18,"H,3,12,H18","19,6,158","PASS:10,I,34,*",J. Clark pass incomplete to J. Ampaw.,"H,4,12,H18",pass,0,NA,0,30,24,NA,NA,19,H,HD,"INT,4,14:52,5","PUNT,4,12:42,18",5,13,2:10,INT,4,14:52,HD05,PUNT,4,12:42,HD18,NA
2021_10_PW_HD,PW,HD,Panthers Wroclaw,Hamburg Sea Devils,8/22/2021,Hamburg,Stadion Hoheluft,15:00,NA,Y,-,0,18 deg.C,NA,Rainy,M. Scholz,J. Poschlod,K. Haltermann,J. Scott,N. Lakowitz,A. Flaisch,H. Horak,H. Horak,HD,4,12,HD18,"H,4,12,H18","19,7,159","PUNT:4,V28 RET:12,V44 TACK:94,52","P. Andersen punt 54 yards to the PW28, K. Turpin return 16 yards to the PW44 (B. Grube;A. Mati).","V,1,10,V44",punt,0,NA,0,30,24,NA,NA,19,H,HD,"INT,4,14:52,5","PUNT,4,12:42,18",5,13,2:10,INT,4,14:52,HD05,PUNT,4,12:42,HD18,NA
2021_10_PW_HD,PW,HD,Panthers Wroclaw,Hamburg Sea Devils,8/22/2021,Hamburg,Stadion Hoheluft,15:00,NA,Y,-,0,18 deg.C,NA,Rainy,M. Scholz,J. Poschlod,K. Haltermann,J. Scott,N. Lakowitz,A. Flaisch,H. Horak,H. Horak,PW,1,10,PW44,"V,1,10,V44","20,1,160",{DRIVE}:12:42,PANTHERS WROCLAW drive start at 12:42.,"V,1,10,V44",NA,0,NA,0,30,24,12:42,NA,20,V,PW,"PUNT,4,12:42,44","FGA,4,08:46,84",9,40,3:56,PUNT,4,12:42,PW44,FGA,4,08:46,HD16,1
2021_10_PW_HD,PW,HD,Panthers Wroclaw,Hamburg Sea Devils,8/22/2021,Hamburg,Stadion Hoheluft,15:00,NA,Y,-,0,18 deg.C,NA,Rainy,M. Scholz,J. Poschlod,K. Haltermann,J. Scott,N. Lakowitz,A. Flaisch,H. Horak,H. Horak,PW,1,10,PW44,"V,1,10,V44","20,2,161","PASS:2,C,16,H42 TACK:57","L. O'Connor pass complete to W. Zieba for 14 yards to the HD42, 1ST DOWN PW (D. Laporte).","V,1,10,H42",pass,0,pass,0,30,24,NA,NA,20,V,PW,"PUNT,4,12:42,44","FGA,4,08:46,84",9,40,3:56,PUNT,4,12:42,PW44,FGA,4,08:46,HD16,1
2021_10_PW_HD,PW,HD,Panthers Wroclaw,Hamburg Sea Devils,8/22/2021,Hamburg,Stadion Hoheluft,15:00,NA,Y,-,0,18 deg.C,NA,Rainy,M. Scholz,J. Poschlod,K. Haltermann,J. Scott,N. Lakowitz,A. Flaisch,H. Horak,H. Horak,PW,1,10,HD42,"V,1,10,H42","20,3,162","RUSH:25,H36, TACK:25,46",P. Pasqualini rush for 6 yards to the HD36 (C. Slater;D. Rotermel).,"V,2,4,H36",rush,0,NA,0,30,24,NA,NA,20,V,PW,"PUNT,4,12:42,44","FGA,4,08:46,84",9,40,3:56,PUNT,4,12:42,PW44,FGA,4,08:46,HD16,1
2021_10_PW_HD,PW,HD,Panthers Wroclaw,Hamburg Sea Devils,8/22/2021,Hamburg,Stadion Hoheluft,15:00,NA,Y,-,0,18 deg.C,NA,Rainy,M. Scholz,J. Poschlod,K. Haltermann,J. Scott,N. Lakowitz,A. Flaisch,H. Horak,H. Horak,PW,2,4,HD36,"V,2,4,H36","20,4,163","RUSH:13,H33, TACK:43",D. Kwiatkowski rush for 3 yards to the HD33 (M. Boock).,"V,3,1,H33",rush,0,NA,0,30,24,NA,NA,20,V,PW,"PUNT,4,12:42,44","FGA,4,08:46,84",9,40,3:56,PUNT,4,12:42,PW44,FGA,4,08:46,HD16,1
2021_10_PW_HD,PW,HD,Panthers Wroclaw,Hamburg Sea Devils,8/22/2021,Hamburg,Stadion Hoheluft,15:00,NA,Y,-,0,18 deg.C,NA,Rainy,M. Scholz,J. Poschlod,K. Haltermann,J. Scott,N. Lakowitz,A. Flaisch,H. Horak,H. Horak,PW,3,1,HD33,"V,3,1,H33","20,5,164","PASS:2,I,16,* BRUP:43",L. O'Connor pass incomplete to W. Zieba (M. Boock).,"V,4,1,H33",pass,0,NA,0,30,24,NA,NA,20,V,PW,"PUNT,4,12:42,44","FGA,4,08:46,84",9,40,3:56,PUNT,4,12:42,PW44,FGA,4,08:46,HD16,1
2021_10_PW_HD,PW,HD,Panthers Wroclaw,Hamburg Sea Devils,8/22/2021,Hamburg,Stadion Hoheluft,15:00,NA,Y,-,0,18 deg.C,NA,Rainy,M. Scholz,J. Poschlod,K. Haltermann,J. Scott,N. Lakowitz,A. Flaisch,H. Horak,H. Horak,PW,4,1,HD33,"V,4,1,H33","20,6,165",TOUT:H T:10:42,"Timeout Hamburg Sea Devils, clock 10:42.","V,4,1,H33",NA,0,NA,0,30,24,10:42,NA,20,V,PW,"PUNT,4,12:42,44","FGA,4,08:46,84",9,40,3:56,PUNT,4,12:42,PW44,FGA,4,08:46,HD16,1
2021_10_PW_HD,PW,HD,Panthers Wroclaw,Hamburg Sea Devils,8/22/2021,Hamburg,Stadion Hoheluft,15:00,NA,Y,-,0,18 deg.C,NA,Rainy,M. Scholz,J. Poschlod,K. Haltermann,J. Scott,N. Lakowitz,A. Flaisch,H. Horak,H. Horak,PW,4,1,HD33,"V,4,1,H33","20,7,166","RUSH:25,H24, TACK:25,22","P. Pasqualini rush for 9 yards to the HD24, 1ST DOWN PW (C. Slater;A. Astahin).","V,1,10,H24",rush,0,rush,0,30,24,NA,NA,20,V,PW,"PUNT,4,12:42,44","FGA,4,08:46,84",9,40,3:56,PUNT,4,12:42,PW44,FGA,4,08:46,HD16,1
2021_10_PW_HD,PW,HD,Panthers Wroclaw,Hamburg Sea Devils,8/22/2021,Hamburg,Stadion Hoheluft,15:00,NA,Y,-,0,18 deg.C,NA,Rainy,M. Scholz,J. Poschlod,K. Haltermann,J. Scott,N. Lakowitz,A. Flaisch,H. Horak,H. Horak,PW,1,10,HD24,"V,1,10,H24","20,8,167","PASS:2,I,12,* BRUP:23",L. O'Connor pass incomplete to K. Turpin (J. Rogers).,"V,2,10,H24",pass,0,NA,0,30,24,NA,NA,20,V,PW,"PUNT,4,12:42,44","FGA,4,08:46,84",9,40,3:56,PUNT,4,12:42,PW44,FGA,4,08:46,HD16,1
2021_10_PW_HD,PW,HD,Panthers Wroclaw,Hamburg Sea Devils,8/22/2021,Hamburg,Stadion Hoheluft,15:00,NA,Y,-,0,18 deg.C,NA,Rainy,M. Scholz,J. Poschlod,K. Haltermann,J. Scott,N. Lakowitz,A. Flaisch,H. Horak,H. Horak,PW,2,10,HD24,"V,2,10,H24","20,9,168","RUSH:12,H15, OB:","K. Turpin rush for 9 yards to the HD15, out-of-bounds.","V,3,1,H15",rush,1,NA,0,30,24,NA,NA,20,V,PW,"PUNT,4,12:42,44","FGA,4,08:46,84",9,40,3:56,PUNT,4,12:42,PW44,FGA,4,08:46,HD16,1
2021_10_PW_HD,PW,HD,Panthers Wroclaw,Hamburg Sea Devils,8/22/2021,Hamburg,Stadion Hoheluft,15:00,NA,Y,-,0,18 deg.C,NA,Rainy,M. Scholz,J. Poschlod,K. Haltermann,J. Scott,N. Lakowitz,A. Flaisch,H. Horak,H. Horak,PW,3,1,HD15,"V,3,1,H15","20,10,169","RUSH:25,H16, TACK:99",P. Pasqualini rush for loss of 1 yard to the HD16 (N. Imasuen).,"V,4,2,H16",rush,0,NA,0,30,24,NA,NA,20,V,PW,"PUNT,4,12:42,44","FGA,4,08:46,84",9,40,3:56,PUNT,4,12:42,PW44,FGA,4,08:46,HD16,1
2021_10_PW_HD,PW,HD,Panthers Wroclaw,Hamburg Sea Devils,8/22/2021,Hamburg,Stadion Hoheluft,15:00,NA,Y,-,0,18 deg.C,NA,Rainy,M. Scholz,J. Poschlod,K. Haltermann,J. Scott,N. Lakowitz,A. Flaisch,H. Horak,H. Horak,PW,4,2,HD16,"V,4,2,H16","20,11,170","FGA:44,33,M,H23,L T:08:46","T. Leader field goal attempt from 33 MISSED - wide left, spot at HD23, clock 08:46.","H,1,10,H23",field_goal,0,NA,0,30,24,08:46,NA,20,V,PW,"PUNT,4,12:42,44","FGA,4,08:46,84",9,40,3:56,PUNT,4,12:42,PW44,FGA,4,08:46,HD16,1
2021_10_PW_HD,PW,HD,Panthers Wroclaw,Hamburg Sea Devils,8/22/2021,Hamburg,Stadion Hoheluft,15:00,NA,Y,-,0,18 deg.C,NA,Rainy,M. Scholz,J. Poschlod,K. Haltermann,J. Scott,N. Lakowitz,A. Flaisch,H. Horak,H. Horak,HD,1,10,HD23,"H,1,10,H23","21,1,171",{DRIVE}:08:46,HAMBURG SEA DEVILS drive start at 08:46.,"H,1,10,H23",NA,0,NA,0,30,24,08:46,NA,21,H,HD,"FGA,4,08:46,23","PUNT,4,06:36,31",3,8,2:10,FGA,4,08:46,HD23,PUNT,4,06:36,HD31,NA
2021_10_PW_HD,PW,HD,Panthers Wroclaw,Hamburg Sea Devils,8/22/2021,Hamburg,Stadion Hoheluft,15:00,NA,Y,-,0,18 deg.C,NA,Rainy,M. Scholz,J. Poschlod,K. Haltermann,J. Scott,N. Lakowitz,A. Flaisch,H. Horak,H. Horak,HD,1,10,HD23,"H,1,10,H23","21,2,172","RUSH:32,H25, TACK:94,4",J. Hummel rush for 2 yards to the HD25 (K. Brauns;W. Lloyd).,"H,2,8,H25",rush,0,NA,0,30,24,NA,NA,21,H,HD,"FGA,4,08:46,23","PUNT,4,06:36,31",3,8,2:10,FGA,4,08:46,HD23,PUNT,4,06:36,HD31,NA
2021_10_PW_HD,PW,HD,Panthers Wroclaw,Hamburg Sea Devils,8/22/2021,Hamburg,Stadion Hoheluft,15:00,NA,Y,-,0,18 deg.C,NA,Rainy,M. Scholz,J. Poschlod,K. Haltermann,J. Scott,N. Lakowitz,A. Flaisch,H. Horak,H. Horak,HD,2,8,HD25,"H,2,8,H25","21,3,173","RUSH:32,H28, TACK:94",J. Hummel rush for 3 yards to the HD28 (K. Brauns).,"H,3,5,H28",rush,0,NA,0,30,24,NA,NA,21,H,HD,"FGA,4,08:46,23","PUNT,4,06:36,31",3,8,2:10,FGA,4,08:46,HD23,PUNT,4,06:36,HD31,NA
2021_10_PW_HD,PW,HD,Panthers Wroclaw,Hamburg Sea Devils,8/22/2021,Hamburg,Stadion Hoheluft,15:00,NA,Y,-,0,18 deg.C,NA,Rainy,M. Scholz,J. Poschlod,K. Haltermann,J. Scott,N. Lakowitz,A. Flaisch,H. Horak,H. Horak,HD,3,5,HD28,"H,3,5,H28","21,4,174","PASS:10,C,12,H31 TACK:4",J. Clark pass complete to J. Madin Cerezo for 3 yards to the HD31 (W. Lloyd).,"H,4,2,H31",pass,0,NA,0,30,24,NA,NA,21,H,HD,"FGA,4,08:46,23","PUNT,4,06:36,31",3,8,2:10,FGA,4,08:46,HD23,PUNT,4,06:36,HD31,NA
2021_10_PW_HD,PW,HD,Panthers Wroclaw,Hamburg Sea Devils,8/22/2021,Hamburg,Stadion Hoheluft,15:00,NA,Y,-,0,18 deg.C,NA,Rainy,M. Scholz,J. Poschlod,K. Haltermann,J. Scott,N. Lakowitz,A. Flaisch,H. Horak,H. Horak,HD,4,2,HD31,"H,4,2,H31","21,5,175","PUNT:4,V10 RET:12,V43 TACK:40","P. Andersen punt 59 yards to the PW10, K. Turpin return 33 yards to the PW43 (M. Spiegel).","V,1,10,V43",punt,0,NA,0,30,24,NA,NA,21,H,HD,"FGA,4,08:46,23","PUNT,4,06:36,31",3,8,2:10,FGA,4,08:46,HD23,PUNT,4,06:36,HD31,NA
2021_10_PW_HD,PW,HD,Panthers Wroclaw,Hamburg Sea Devils,8/22/2021,Hamburg,Stadion Hoheluft,15:00,NA,Y,-,0,18 deg.C,NA,Rainy,M. Scholz,J. Poschlod,K. Haltermann,J. Scott,N. Lakowitz,A. Flaisch,H. Horak,H. Horak,PW,1,10,PW43,"V,1,10,V43","22,1,176",{DRIVE}:06:36,PANTHERS WROCLAW drive start at 06:36.,"V,1,10,V43",NA,0,NA,0,30,24,06:36,NA,22,V,PW,"PUNT,4,06:36,43","HALF,4,00:00,91",11,48,6:36,PUNT,4,06:36,PW43,HALF,4,00:00,HD09,1
2021_10_PW_HD,PW,HD,Panthers Wroclaw,Hamburg Sea Devils,8/22/2021,Hamburg,Stadion Hoheluft,15:00,NA,Y,-,0,18 deg.C,NA,Rainy,M. Scholz,J. Poschlod,K. Haltermann,J. Scott,N. Lakowitz,A. Flaisch,H. Horak,H. Horak,PW,1,10,PW43,"V,1,10,V43","22,2,177","PASS:2,S,TM,V34 SACK:99 PEN:H,UC,A,99,V48,1 NOPLAY:","L. O'Connor sacked for loss of 9 yards to the PW34 (N. Imasuen), PENALTY HD unsportsmanlike conduct (N. Imasuen) 5 yards to the PW48, 1ST DOWN PW, NO PLAY.","V,1,10,V48",penalty,0,penalty,0,30,24,NA,NA,22,V,PW,"PUNT,4,06:36,43","HALF,4,00:00,91",11,48,6:36,PUNT,4,06:36,PW43,HALF,4,00:00,HD09,1
2021_10_PW_HD,PW,HD,Panthers Wroclaw,Hamburg Sea Devils,8/22/2021,Hamburg,Stadion Hoheluft,15:00,NA,Y,-,0,18 deg.C,NA,Rainy,M. Scholz,J. Poschlod,K. Haltermann,J. Scott,N. Lakowitz,A. Flaisch,H. Horak,H. Horak,PW,1,10,PW48,"V,1,10,V48","22,3,178","RUSH:25,H46, TACK:97",P. Pasqualini rush for 6 yards to the HD46 (B. Tchouadje).,"V,2,4,H46",rush,0,NA,0,30,24,NA,NA,22,V,PW,"PUNT,4,06:36,43","HALF,4,00:00,91",11,48,6:36,PUNT,4,06:36,PW43,HALF,4,00:00,HD09,1
2021_10_PW_HD,PW,HD,Panthers Wroclaw,Hamburg Sea Devils,8/22/2021,Hamburg,Stadion Hoheluft,15:00,NA,Y,-,0,18 deg.C,NA,Rainy,M. Scholz,J. Poschlod,K. Haltermann,J. Scott,N. Lakowitz,A. Flaisch,H. Horak,H. Horak,PW,2,4,HD46,"V,2,4,H46","22,4,179","RUSH:25,H43, TACK:99,43",P. Pasqualini rush for 3 yards to the HD43 (N. Imasuen;M. Boock).,"V,3,1,H43",rush,0,NA,0,30,24,NA,NA,22,V,PW,"PUNT,4,06:36,43","HALF,4,00:00,91",11,48,6:36,PUNT,4,06:36,PW43,HALF,4,00:00,HD09,1
2021_10_PW_HD,PW,HD,Panthers Wroclaw,Hamburg Sea Devils,8/22/2021,Hamburg,Stadion Hoheluft,15:00,NA,Y,-,0,18 deg.C,NA,Rainy,M. Scholz,J. Poschlod,K. Haltermann,J. Scott,N. Lakowitz,A. Flaisch,H. Horak,H. Horak,PW,3,1,HD43,"V,3,1,H43","22,5,180","RUSH:25,H42, TACK:43,97","P. Pasqualini rush for 1 yard to the HD42, 1ST DOWN PW (M. Boock;B. Tchouadje).","V,1,10,H42",rush,0,rush,0,30,24,NA,NA,22,V,PW,"PUNT,4,06:36,43","HALF,4,00:00,91",11,48,6:36,PUNT,4,06:36,PW43,HALF,4,00:00,HD09,1
2021_10_PW_HD,PW,HD,Panthers Wroclaw,Hamburg Sea Devils,8/22/2021,Hamburg,Stadion Hoheluft,15:00,NA,Y,-,0,18 deg.C,NA,Rainy,M. Scholz,J. Poschlod,K. Haltermann,J. Scott,N. Lakowitz,A. Flaisch,H. Horak,H. Horak,PW,1,10,HD42,"V,1,10,H42","22,6,181",TOUT:V T:04:10,"Timeout Panthers Wroclaw, clock 04:10.","V,1,10,H42",NA,0,NA,0,30,24,04:10,NA,22,V,PW,"PUNT,4,06:36,43","HALF,4,00:00,91",11,48,6:36,PUNT,4,06:36,PW43,HALF,4,00:00,HD09,1
2021_10_PW_HD,PW,HD,Panthers Wroclaw,Hamburg Sea Devils,8/22/2021,Hamburg,Stadion Hoheluft,15:00,NA,Y,-,0,18 deg.C,NA,Rainy,M. Scholz,J. Poschlod,K. Haltermann,J. Scott,N. Lakowitz,A. Flaisch,H. Horak,H. Horak,PW,1,10,HD42,"V,1,10,H42","22,7,182","PASS:2,C,12,H37 TACK:43",L. O'Connor pass complete to K. Turpin for 5 yards to the HD37 (M. Boock).,"V,2,5,H37",pass,0,NA,0,30,24,NA,NA,22,V,PW,"PUNT,4,06:36,43","HALF,4,00:00,91",11,48,6:36,PUNT,4,06:36,PW43,HALF,4,00:00,HD09,1
2021_10_PW_HD,PW,HD,Panthers Wroclaw,Hamburg Sea Devils,8/22/2021,Hamburg,Stadion Hoheluft,15:00,NA,Y,-,0,18 deg.C,NA,Rainy,M. Scholz,J. Poschlod,K. Haltermann,J. Scott,N. Lakowitz,A. Flaisch,H. Horak,H. Horak,PW,2,5,HD37,"V,2,5,H37","22,8,183","RUSH:25,H29, TACK:22,57","P. Pasqualini rush for 8 yards to the HD29, 1ST DOWN PW (A. Astahin;D. Laporte).","V,1,10,H29",rush,0,rush,0,30,24,NA,NA,22,V,PW,"PUNT,4,06:36,43","HALF,4,00:00,91",11,48,6:36,PUNT,4,06:36,PW43,HALF,4,00:00,HD09,1
2021_10_PW_HD,PW,HD,Panthers Wroclaw,Hamburg Sea Devils,8/22/2021,Hamburg,Stadion Hoheluft,15:00,NA,Y,-,0,18 deg.C,NA,Rainy,M. Scholz,J. Poschlod,K. Haltermann,J. Scott,N. Lakowitz,A. Flaisch,H. Horak,H. Horak,PW,1,10,HD29,"V,1,10,H29","22,9,184","RUSH:25,H28, TACK:99",P. Pasqualini rush for 1 yard to the HD28 (N. Imasuen).,"V,2,9,H28",rush,0,NA,0,30,24,NA,NA,22,V,PW,"PUNT,4,06:36,43","HALF,4,00:00,91",11,48,6:36,PUNT,4,06:36,PW43,HALF,4,00:00,HD09,1
2021_10_PW_HD,PW,HD,Panthers Wroclaw,Hamburg Sea Devils,8/22/2021,Hamburg,Stadion Hoheluft,15:00,NA,Y,-,0,18 deg.C,NA,Rainy,M. Scholz,J. Poschlod,K. Haltermann,J. Scott,N. Lakowitz,A. Flaisch,H. Horak,H. Horak,PW,2,9,HD28,"V,2,9,H28","22,10,185","RUSH:25,H28, TACK:99",P. Pasqualini rush for no gain to the HD28 (N. Imasuen).,"V,3,9,H28",rush,0,NA,0,30,24,NA,NA,22,V,PW,"PUNT,4,06:36,43","HALF,4,00:00,91",11,48,6:36,PUNT,4,06:36,PW43,HALF,4,00:00,HD09,1
2021_10_PW_HD,PW,HD,Panthers Wroclaw,Hamburg Sea Devils,8/22/2021,Hamburg,Stadion Hoheluft,15:00,NA,Y,-,0,18 deg.C,NA,Rainy,M. Scholz,J. Poschlod,K. Haltermann,J. Scott,N. Lakowitz,A. Flaisch,H. Horak,H. Horak,PW,3,9,HD28,"V,3,9,H28","22,11,187","RUSH:25,H24, TACK:52",P. Pasqualini rush for 4 yards to the HD24 (A. Mati).,"V,4,5,H24",rush,0,NA,0,30,24,NA,NA,22,V,PW,"PUNT,4,06:36,43","HALF,4,00:00,91",11,48,6:36,PUNT,4,06:36,PW43,HALF,4,00:00,HD09,1
2021_10_PW_HD,PW,HD,Panthers Wroclaw,Hamburg Sea Devils,8/22/2021,Hamburg,Stadion Hoheluft,15:00,NA,Y,-,0,18 deg.C,NA,Rainy,M. Scholz,J. Poschlod,K. Haltermann,J. Scott,N. Lakowitz,A. Flaisch,H. Horak,H. Horak,PW,4,5,HD24,"V,4,5,H24","22,12,188",TOUT:V T:01:51,"Timeout Panthers Wroclaw, clock 01:51.","V,4,5,H24",NA,0,NA,0,30,24,01:51,NA,22,V,PW,"PUNT,4,06:36,43","HALF,4,00:00,91",11,48,6:36,PUNT,4,06:36,PW43,HALF,4,00:00,HD09,1
2021_10_PW_HD,PW,HD,Panthers Wroclaw,Hamburg Sea Devils,8/22/2021,Hamburg,Stadion Hoheluft,15:00,NA,Y,-,0,18 deg.C,NA,Rainy,M. Scholz,J. Poschlod,K. Haltermann,J. Scott,N. Lakowitz,A. Flaisch,H. Horak,H. Horak,PW,4,5,HD24,"V,4,5,H24","22,13,189","RUSH:25,H07, TACK:22,52","P. Pasqualini rush for 17 yards to the HD7, 1ST DOWN PW (A. Astahin;A. Mati).","V,1,0,H07",rush,0,rush,0,30,24,NA,NA,22,V,PW,"PUNT,4,06:36,43","HALF,4,00:00,91",11,48,6:36,PUNT,4,06:36,PW43,HALF,4,00:00,HD09,1
2021_10_PW_HD,PW,HD,Panthers Wroclaw,Hamburg Sea Devils,8/22/2021,Hamburg,Stadion Hoheluft,15:00,NA,Y,-,0,18 deg.C,NA,Rainy,M. Scholz,J. Poschlod,K. Haltermann,J. Scott,N. Lakowitz,A. Flaisch,H. Horak,H. Horak,PW,1,0,HD07,"V,1,0,H07","22,14,190",TOUT:V T:01:03,"Timeout Panthers Wroclaw, clock 01:03.","V,1,0,H07",NA,0,NA,0,30,24,01:03,NA,22,V,PW,"PUNT,4,06:36,43","HALF,4,00:00,91",11,48,6:36,PUNT,4,06:36,PW43,HALF,4,00:00,HD09,1
2021_10_PW_HD,PW,HD,Panthers Wroclaw,Hamburg Sea Devils,8/22/2021,Hamburg,Stadion Hoheluft,15:00,NA,Y,-,0,18 deg.C,NA,Rainy,M. Scholz,J. Poschlod,K. Haltermann,J. Scott,N. Lakowitz,A. Flaisch,H. Horak,H. Horak,PW,1,0,HD07,"V,1,0,H07","22,15,191","RUSH:25,H07, TACK:43,52",P. Pasqualini rush for no gain to the HD7 (M. Boock;A. Mati).,"V,2,0,H07",rush,0,NA,0,30,24,NA,NA,22,V,PW,"PUNT,4,06:36,43","HALF,4,00:00,91",11,48,6:36,PUNT,4,06:36,PW43,HALF,4,00:00,HD09,1
2021_10_PW_HD,PW,HD,Panthers Wroclaw,Hamburg Sea Devils,8/22/2021,Hamburg,Stadion Hoheluft,15:00,NA,Y,-,0,18 deg.C,NA,Rainy,M. Scholz,J. Poschlod,K. Haltermann,J. Scott,N. Lakowitz,A. Flaisch,H. Horak,H. Horak,PW,2,0,HD07,"V,2,0,H07","22,16,192",TOUT:H T:00:47,"Timeout Hamburg Sea Devils, clock 00:47.","V,2,0,H07",NA,0,NA,0,30,24,00:47,NA,22,V,PW,"PUNT,4,06:36,43","HALF,4,00:00,91",11,48,6:36,PUNT,4,06:36,PW43,HALF,4,00:00,HD09,1
2021_10_PW_HD,PW,HD,Panthers Wroclaw,Hamburg Sea Devils,8/22/2021,Hamburg,Stadion Hoheluft,15:00,NA,Y,-,0,18 deg.C,NA,Rainy,M. Scholz,J. Poschlod,K. Haltermann,J. Scott,N. Lakowitz,A. Flaisch,H. Horak,H. Horak,PW,2,0,HD07,"V,2,0,H07","22,17,193","RUSH:2,H09,",L. O'Connor rush for loss of 2 yards to the HD9.,"V,3,0,H09",rush,0,NA,0,30,24,NA,NA,22,V,PW,"PUNT,4,06:36,43","HALF,4,00:00,91",11,48,6:36,PUNT,4,06:36,PW43,HALF,4,00:00,HD09,1
2021_10_PW_HD,PW,HD,Panthers Wroclaw,Hamburg Sea Devils,8/22/2021,Hamburg,Stadion Hoheluft,15:00,NA,Y,-,0,18 deg.C,NA,Rainy,M. Scholz,J. Poschlod,K. Haltermann,J. Scott,N. Lakowitz,A. Flaisch,H. Horak,H. Horak,PW,3,0,HD09,"V,3,0,H09","22,18,194",HALF: T:00:00,"End of game, clock 00:00.","V,3,0,H09",NA,0,NA,0,30,24,00:00,NA,22,V,PW,"PUNT,4,06:36,43","HALF,4,00:00,91",11,48,6:36,PUNT,4,06:36,PW43,HALF,4,00:00,HD09,1
