game_id,away_team_id,home_team_id,away_team,home_team,date,location,stadium,start,end,leaguegame,duration,attend,temp,wind,weather,ref,posteam,down,togo,spot,context,play_id,tokens,desc,newcontext,play_type,clock,oob,first_down_with,score,away_score_post,home_score_post,turnover,drive_number,drive_vh,drive_team,drive_start,drive_end,drive_plays,drive_yards,drive_top,drive_start_how,drive_start_qtr,drive_start_time,drive_start_spot,drive_end_how,drive_end_qtr,drive_end_time,drive_end_spot,drive_rz
2021_10_LK_CC,LK,CC,Leipzig Kings,Cologne Centurions,8/21/2021,Cologne,Ostkampfbahn,15:04,17:50,Y,02:46,333,28,east,sunny,Thomas Denker,LK,1,10,LK35,"V,1,10,V35","0,1,0","CMT:CC wins toss, defers, LK elects to receive, CC to defend N goal","CC wins toss, defers, LK elects to receive, CC to defend N goal","V,1,10,V35",NA,NA,0,NA,0,0,0,NA,0,NA,NA,NA,NA,NA,NA,NA,NA,NA,NA,NA,NA,NA,NA,NA,NA
2021_10_LK_CC,LK,CC,Leipzig Kings,Cologne Centurions,8/21/2021,Cologne,Ostkampfbahn,15:04,17:50,Y,02:46,333,28,east,sunny,Thomas Denker,LK,1,10,LK35,"V,1,10,V35","0,2,1",Q:1 T:15:00,"Start of 1st quarter, clock 15:00.","V,1,10,V35",NA,15:00,0,NA,0,0,0,NA,0,NA,NA,NA,NA,NA,NA,NA,NA,NA,NA,NA,NA,NA,NA,NA,NA
2021_10_LK_CC,LK,CC,Leipzig Kings,Cologne Centurions,8/21/2021,Cologne,Ostkampfbahn,15:04,17:50,Y,02:46,333,28,east,sunny,Thomas Denker,LK,1,10,LK35,"V,1,10,V35","0,3,2","SPOT:H,H35,N",CC ball on CC35.,"H,1,10,H35",NA,NA,0,NA,0,0,0,NA,0,NA,NA,NA,NA,NA,NA,NA,NA,NA,NA,NA,NA,NA,NA,NA,NA
2021_10_LK_CC,LK,CC,Leipzig Kings,Cologne Centurions,8/21/2021,Cologne,Ostkampfbahn,15:04,17:50,Y,02:46,333,28,east,sunny,Thomas Denker,CC,1,10,CC35,"H,1,10,H35","0,4,3","KO:2,V26 NETRCV:13 SPOT:H,V26,Y","D. Schuhmacher kickoff 39 yards to the LK26, net recovery by J. Loercks, CC ball on LK26.","H,1,10,V26",kick_off,NA,0,NA,0,0,0,NA,0,NA,NA,NA,NA,NA,NA,NA,NA,NA,NA,NA,NA,NA,NA,NA,NA
2021_10_LK_CC,LK,CC,Leipzig Kings,Cologne Centurions,8/21/2021,Cologne,Ostkampfbahn,15:04,17:50,Y,02:46,333,28,east,sunny,Thomas Denker,CC,1,10,LK26,"H,1,10,V26","1,1,4",{DRIVE}:15:00,COLOGNE CENTURIONS drive start at 15:00.,"H,1,10,V26",NA,15:00,0,NA,0,0,0,NA,1,V,LK,"KO,1,15:00,26","NETRCV,1,15:00,26",0,0,0:00,KO,1,15:00,LK26,NETRCV,1,15:00,LK26,NA
2021_10_LK_CC,LK,CC,Leipzig Kings,Cologne Centurions,8/21/2021,Cologne,Ostkampfbahn,15:04,17:50,Y,02:46,333,28,east,sunny,Thomas Denker,CC,1,10,LK26,"H,1,10,V26","1,2,5","PASS:12,C,28,V19 OB: TACK:99","J. Weinreich pass complete to M. London for 7 yards to the LK19, out-of-bounds (V. Buffet).","H,2,3,V19",pass,NA,1,NA,0,0,0,NA,1,V,LK,"KO,1,15:00,26","NETRCV,1,15:00,26",0,0,0:00,KO,1,15:00,LK26,NETRCV,1,15:00,LK26,NA
2021_10_LK_CC,LK,CC,Leipzig Kings,Cologne Centurions,8/21/2021,Cologne,Ostkampfbahn,15:04,17:50,Y,02:46,333,28,east,sunny,Thomas Denker,CC,2,3,LK19,"H,2,3,V19","1,3,6","RUSH:28,V18, TACK:92,45",M. London rush for 1 yard to the LK18 (A. Zetterberg;K. Kitchens).,"H,3,2,V18",rush,NA,0,NA,0,0,0,NA,1,V,LK,"KO,1,15:00,26","NETRCV,1,15:00,26",0,0,0:00,KO,1,15:00,LK26,NETRCV,1,15:00,LK26,NA
2021_10_LK_CC,LK,CC,Leipzig Kings,Cologne Centurions,8/21/2021,Cologne,Ostkampfbahn,15:04,17:50,Y,02:46,333,28,east,sunny,Thomas Denker,CC,3,2,LK18,"H,3,2,V18","1,4,7","PASS:12,C,5,V00 T:14:10","J. Weinreich pass complete to P. Lenhardt for 18 yards to the LK0, 1ST DOWN CC, TOUCHDOWN, clock 14:10.","H,1,0,V03",pass,14:10,0,pass,1,0,6,NA,1,V,LK,"KO,1,15:00,26","NETRCV,1,15:00,26",0,0,0:00,KO,1,15:00,LK26,NETRCV,1,15:00,LK26,NA
2021_10_LK_CC,LK,CC,Leipzig Kings,Cologne Centurions,8/21/2021,Cologne,Ostkampfbahn,15:04,17:50,Y,02:46,333,28,east,sunny,Thomas Denker,CC,1,0,LK03,"H,1,0,V03","1,5,8","PAT:K,2,G",D. Schuhmacher kick attempt good.,"H,1,0,H35",pat,NA,0,NA,1,0,7,NA,1,V,LK,"KO,1,15:00,26","NETRCV,1,15:00,26",0,0,0:00,KO,1,15:00,LK26,NETRCV,1,15:00,LK26,NA
2021_10_LK_CC,LK,CC,Leipzig Kings,Cologne Centurions,8/21/2021,Cologne,Ostkampfbahn,15:04,17:50,Y,02:46,333,28,east,sunny,Thomas Denker,CC,1,0,CC35,"H,1,0,H35","1,6,9","KO:2,V25 RET:85,V32 TACK:4,26","D. Schuhmacher kickoff 40 yards to the LK25, A. Doroshev return 7 yards to the LK32 (G. Ngovo;A. Frisch).","V,1,10,V32",kick_off,NA,0,NA,0,0,7,NA,1,V,LK,"KO,1,15:00,26","NETRCV,1,15:00,26",0,0,0:00,KO,1,15:00,LK26,NETRCV,1,15:00,LK26,NA
2021_10_LK_CC,LK,CC,Leipzig Kings,Cologne Centurions,8/21/2021,Cologne,Ostkampfbahn,15:04,17:50,Y,02:46,333,28,east,sunny,Thomas Denker,LK,1,10,LK32,"V,1,10,V32","2,1,10",{DRIVE}:14:03,LEIPZIG KINGS drive start at 14:03.,"V,1,10,V32",NA,14:03,0,NA,0,0,7,NA,2,H,CC,"NETRCV,1,15:00,74","TD,1,14:10,100",3,26,0:50,NETRCV,1,15:00,LK26,TD,1,14:10,LK00,1
2021_10_LK_CC,LK,CC,Leipzig Kings,Cologne Centurions,8/21/2021,Cologne,Ostkampfbahn,15:04,17:50,Y,02:46,333,28,east,sunny,Thomas Denker,LK,1,10,LK32,"V,1,10,V32","2,2,11","PASS:3,C,11,H49 OB:","M. Birdsong pass complete to A. Dable-Wolf for 19 yards to the CC49, 1ST DOWN LK, out-of-bounds.","V,1,10,H49",pass,NA,1,pass,0,0,7,NA,2,H,CC,"NETRCV,1,15:00,74","TD,1,14:10,100",3,26,0:50,NETRCV,1,15:00,LK26,TD,1,14:10,LK00,1
2021_10_LK_CC,LK,CC,Leipzig Kings,Cologne Centurions,8/21/2021,Cologne,Ostkampfbahn,15:04,17:50,Y,02:46,333,28,east,sunny,Thomas Denker,LK,1,10,CC49,"V,1,10,H49","2,3,12","RUSH:2,H46, TACK:34,55",J. Aguemon rush for 3 yards to the CC46 (T. Juengst;M. Taylor).,"V,2,7,H46",rush,NA,0,NA,0,0,7,NA,2,H,CC,"NETRCV,1,15:00,74","TD,1,14:10,100",3,26,0:50,NETRCV,1,15:00,LK26,TD,1,14:10,LK00,1
2021_10_LK_CC,LK,CC,Leipzig Kings,Cologne Centurions,8/21/2021,Cologne,Ostkampfbahn,15:04,17:50,Y,02:46,333,28,east,sunny,Thomas Denker,LK,2,7,CC46,"V,2,7,H46","2,4,13","RUSH:3,H34, OB:","M. Birdsong rush for 12 yards to the CC34, 1ST DOWN LK, out-of-bounds.","V,1,10,H34",rush,NA,1,rush,0,0,7,NA,2,H,CC,"NETRCV,1,15:00,74","TD,1,14:10,100",3,26,0:50,NETRCV,1,15:00,LK26,TD,1,14:10,LK00,1
2021_10_LK_CC,LK,CC,Leipzig Kings,Cologne Centurions,8/21/2021,Cologne,Ostkampfbahn,15:04,17:50,Y,02:46,333,28,east,sunny,Thomas Denker,LK,1,10,CC34,"V,1,10,H34","2,5,14","PASS:3,I,11,*",M. Birdsong pass incomplete to A. Dable-Wolf.,"V,2,10,H34",pass,NA,0,NA,0,0,7,NA,2,H,CC,"NETRCV,1,15:00,74","TD,1,14:10,100",3,26,0:50,NETRCV,1,15:00,LK26,TD,1,14:10,LK00,1
2021_10_LK_CC,LK,CC,Leipzig Kings,Cologne Centurions,8/21/2021,Cologne,Ostkampfbahn,15:04,17:50,Y,02:46,333,28,east,sunny,Thomas Denker,LK,2,10,CC34,"V,2,10,H34","2,6,15","PASS:3,C,6,H17 TACK:23,34","M. Birdsong pass complete to T. Knuettel for 17 yards to the CC17, 1ST DOWN LK (T. Janssen;T. Juengst).","V,1,10,H17",pass,NA,0,pass,0,0,7,NA,2,H,CC,"NETRCV,1,15:00,74","TD,1,14:10,100",3,26,0:50,NETRCV,1,15:00,LK26,TD,1,14:10,LK00,1
2021_10_LK_CC,LK,CC,Leipzig Kings,Cologne Centurions,8/21/2021,Cologne,Ostkampfbahn,15:04,17:50,Y,02:46,333,28,east,sunny,Thomas Denker,LK,1,10,CC17,"V,1,10,H17","2,7,16","PASS:3,C,12,H12 TACK:9",M. Birdsong pass complete to J. Awini for 5 yards to the CC12 (W. Bhikh).,"V,2,5,H12",pass,NA,0,NA,0,0,7,NA,2,H,CC,"NETRCV,1,15:00,74","TD,1,14:10,100",3,26,0:50,NETRCV,1,15:00,LK26,TD,1,14:10,LK00,1
2021_10_LK_CC,LK,CC,Leipzig Kings,Cologne Centurions,8/21/2021,Cologne,Ostkampfbahn,15:04,17:50,Y,02:46,333,28,east,sunny,Thomas Denker,LK,2,5,CC12,"V,2,5,H12","2,8,17","PASS:3,I,85,*",M. Birdsong pass incomplete to A. Doroshev.,"V,3,5,H12",pass,NA,0,NA,0,0,7,NA,2,H,CC,"NETRCV,1,15:00,74","TD,1,14:10,100",3,26,0:50,NETRCV,1,15:00,LK26,TD,1,14:10,LK00,1
2021_10_LK_CC,LK,CC,Leipzig Kings,Cologne Centurions,8/21/2021,Cologne,Ostkampfbahn,15:04,17:50,Y,02:46,333,28,east,sunny,Thomas Denker,LK,3,5,CC12,"V,3,5,H12","2,9,18","RUSH:2,H08, TACK:44,34",J. Aguemon rush for 4 yards to the CC8 (M. Kensy;T. Juengst).,"V,4,1,H08",rush,NA,0,NA,0,0,7,NA,2,H,CC,"NETRCV,1,15:00,74","TD,1,14:10,100",3,26,0:50,NETRCV,1,15:00,LK26,TD,1,14:10,LK00,1
2021_10_LK_CC,LK,CC,Leipzig Kings,Cologne Centurions,8/21/2021,Cologne,Ostkampfbahn,15:04,17:50,Y,02:46,333,28,east,sunny,Thomas Denker,LK,4,1,CC08,"V,4,1,H08","2,10,19","PASS:3,C,11,H00 T:10:13","M. Birdsong pass complete to A. Dable-Wolf for 8 yards to the CC0, 1ST DOWN LK, TOUCHDOWN, clock 10:13.","V,1,0,H03",pass,10:13,0,pass,1,6,7,NA,2,H,CC,"NETRCV,1,15:00,74","TD,1,14:10,100",3,26,0:50,NETRCV,1,15:00,LK26,TD,1,14:10,LK00,1
2021_10_LK_CC,LK,CC,Leipzig Kings,Cologne Centurions,8/21/2021,Cologne,Ostkampfbahn,15:04,17:50,Y,02:46,333,28,east,sunny,Thomas Denker,LK,1,0,CC03,"V,1,0,H03","2,11,20","PAT:K,18,G",M. Ulbrich kick attempt good.,"V,1,0,V35",pat,NA,0,NA,1,7,7,NA,2,H,CC,"NETRCV,1,15:00,74","TD,1,14:10,100",3,26,0:50,NETRCV,1,15:00,LK26,TD,1,14:10,LK00,1
2021_10_LK_CC,LK,CC,Leipzig Kings,Cologne Centurions,8/21/2021,Cologne,Ostkampfbahn,15:04,17:50,Y,02:46,333,28,east,sunny,Thomas Denker,LK,1,0,LK35,"V,1,0,V35","2,12,21","KO:18,H00 TB:","M. Ulbrich kickoff 65 yards to the CC0, touchback.","H,1,10,H25",kick_off,NA,0,NA,0,7,7,NA,2,H,CC,"NETRCV,1,15:00,74","TD,1,14:10,100",3,26,0:50,NETRCV,1,15:00,LK26,TD,1,14:10,LK00,1
2021_10_LK_CC,LK,CC,Leipzig Kings,Cologne Centurions,8/21/2021,Cologne,Ostkampfbahn,15:04,17:50,Y,02:46,333,28,east,sunny,Thomas Denker,CC,1,10,CC25,"H,1,10,H25","3,1,22",{DRIVE}:10:13,COLOGNE CENTURIONS drive start at 10:13.,"H,1,10,H25",NA,10:13,0,NA,0,7,7,NA,3,V,LK,"KO,1,14:03,32","TD,1,10:13,100",9,68,3:50,KO,1,14:03,LK32,TD,1,10:13,CC00,1
2021_10_LK_CC,LK,CC,Leipzig Kings,Cologne Centurions,8/21/2021,Cologne,Ostkampfbahn,15:04,17:50,Y,02:46,333,28,east,sunny,Thomas Denker,CC,1,10,CC25,"H,1,10,H25","3,2,23","PASS:12,F,TM,H25 SACK:21 FUMB:V,H25,21 +:21,H04 TACK:28","J. Weinreich sacked for no gain to the CC25 (D. Docal), fumble by TEAM recovered by LK D. Docal at CC25, D. Docal for 21 yards to the CC4 (M. London).","V,1,0,H04",pass,NA,0,NA,0,7,7,F,3,V,LK,"KO,1,14:03,32","TD,1,10:13,100",9,68,3:50,KO,1,14:03,LK32,TD,1,10:13,CC00,1
2021_10_LK_CC,LK,CC,Leipzig Kings,Cologne Centurions,8/21/2021,Cologne,Ostkampfbahn,15:04,17:50,Y,02:46,333,28,east,sunny,Thomas Denker,LK,1,0,CC04,"V,1,0,H04","4,1,24","{DRIVE}:10:00 SPOT:V,H04,Y","LEIPZIG KINGS drive start at 10:00, LK ball on CC4.","V,1,0,H04",NA,10:00,0,NA,0,7,7,NA,4,H,CC,"KO,1,10:13,25","FUMB,1,10:00,25",1,0,0:13,KO,1,10:13,CC25,FUMB,1,10:00,CC25,NA
2021_10_LK_CC,LK,CC,Leipzig Kings,Cologne Centurions,8/21/2021,Cologne,Ostkampfbahn,15:04,17:50,Y,02:46,333,28,east,sunny,Thomas Denker,LK,1,0,CC04,"V,1,0,H04","4,2,25","PASS:3,I,11,*",M. Birdsong pass incomplete to A. Dable-Wolf.,"V,2,0,H04",pass,NA,0,NA,0,7,7,NA,4,H,CC,"KO,1,10:13,25","FUMB,1,10:00,25",1,0,0:13,KO,1,10:13,CC25,FUMB,1,10:00,CC25,NA
2021_10_LK_CC,LK,CC,Leipzig Kings,Cologne Centurions,8/21/2021,Cologne,Ostkampfbahn,15:04,17:50,Y,02:46,333,28,east,sunny,Thomas Denker,LK,2,0,CC04,"V,2,0,H04","4,3,26","PASS:3,C,45,H00 T:09:50","M. Birdsong pass complete to K. Kitchens for 4 yards to the CC0, 1ST DOWN LK, TOUCHDOWN, clock 09:50.","V,1,0,H03",pass,09:50,0,pass,1,13,7,NA,4,H,CC,"KO,1,10:13,25","FUMB,1,10:00,25",1,0,0:13,KO,1,10:13,CC25,FUMB,1,10:00,CC25,NA
2021_10_LK_CC,LK,CC,Leipzig Kings,Cologne Centurions,8/21/2021,Cologne,Ostkampfbahn,15:04,17:50,Y,02:46,333,28,east,sunny,Thomas Denker,LK,1,0,CC03,"V,1,0,H03","4,4,27","PAT:P,18,M",M. Ulbrich pass attempt failed.,"V,1,0,V35",pat,NA,0,NA,0,13,7,NA,4,H,CC,"KO,1,10:13,25","FUMB,1,10:00,25",1,0,0:13,KO,1,10:13,CC25,FUMB,1,10:00,CC25,NA
2021_10_LK_CC,LK,CC,Leipzig Kings,Cologne Centurions,8/21/2021,Cologne,Ostkampfbahn,15:04,17:50,Y,02:46,333,28,east,sunny,Thomas Denker,LK,1,0,LK35,"V,1,0,V35","4,5,28","KO:18,H05 RET:5,H37 TACK:33 PEN:V,TR,A,33,H47,N D:1,10 SPOT:H,H47,Y","M. Ulbrich kickoff 60 yards to the CC5, P. Lenhardt return 32 yards to the CC37 (P. Meissner), PENALTY LK tripping (P. Meissner) 10 yards to the CC47, 1st and 10, CC ball on CC47.","H,1,10,H47",kick_off,NA,0,NA,0,13,7,NA,4,H,CC,"KO,1,10:13,25","FUMB,1,10:00,25",1,0,0:13,KO,1,10:13,CC25,FUMB,1,10:00,CC25,NA
2021_10_LK_CC,LK,CC,Leipzig Kings,Cologne Centurions,8/21/2021,Cologne,Ostkampfbahn,15:04,17:50,Y,02:46,333,28,east,sunny,Thomas Denker,CC,1,10,CC47,"H,1,10,H47","5,1,29",{DRIVE}:09:25,COLOGNE CENTURIONS drive start at 09:25.,"H,1,10,H47",NA,09:25,0,NA,0,13,7,NA,5,V,LK,"FUMB,1,10:00,96","TD,1,09:50,100",2,4,0:10,FUMB,1,10:00,CC04,TD,1,09:50,CC00,1
2021_10_LK_CC,LK,CC,Leipzig Kings,Cologne Centurions,8/21/2021,Cologne,Ostkampfbahn,15:04,17:50,Y,02:46,333,28,east,sunny,Thomas Denker,CC,1,10,CC47,"H,1,10,H47","5,2,30","RUSH:28,H49, TACK:92,50",M. London rush for 2 yards to the CC49 (A. Zetterberg;J. Schultes).,"H,2,8,H49",rush,NA,0,NA,0,13,7,NA,5,V,LK,"FUMB,1,10:00,96","TD,1,09:50,100",2,4,0:10,FUMB,1,10:00,CC04,TD,1,09:50,CC00,1
2021_10_LK_CC,LK,CC,Leipzig Kings,Cologne Centurions,8/21/2021,Cologne,Ostkampfbahn,15:04,17:50,Y,02:46,333,28,east,sunny,Thomas Denker,CC,2,8,CC49,"H,2,8,H49","5,3,31","RUSH:28,H48, TACK:92,40",M. London rush for loss of 1 yard to the CC48 (A. Zetterberg;O. Rohnebak).,"H,3,9,H48",rush,NA,0,NA,0,13,7,NA,5,V,LK,"FUMB,1,10:00,96","TD,1,09:50,100",2,4,0:10,FUMB,1,10:00,CC04,TD,1,09:50,CC00,1
2021_10_LK_CC,LK,CC,Leipzig Kings,Cologne Centurions,8/21/2021,Cologne,Ostkampfbahn,15:04,17:50,Y,02:46,333,28,east,sunny,Thomas Denker,CC,3,9,CC48,"H,3,9,H48","5,4,32","PASS:12,C,87,V36 TACK:28","J. Weinreich pass complete to F. Eichhorn for 16 yards to the LK36, 1ST DOWN CC (J. Dietze).","H,1,10,V36",pass,NA,0,pass,0,13,7,NA,5,V,LK,"FUMB,1,10:00,96","TD,1,09:50,100",2,4,0:10,FUMB,1,10:00,CC04,TD,1,09:50,CC00,1
2021_10_LK_CC,LK,CC,Leipzig Kings,Cologne Centurions,8/21/2021,Cologne,Ostkampfbahn,15:04,17:50,Y,02:46,333,28,east,sunny,Thomas Denker,CC,1,10,LK36,"H,1,10,V36","5,5,33","PASS:12,I,10,*",J. Weinreich pass incomplete to J. Schlesinger.,"H,2,10,V36",pass,NA,0,NA,0,13,7,NA,5,V,LK,"FUMB,1,10:00,96","TD,1,09:50,100",2,4,0:10,FUMB,1,10:00,CC04,TD,1,09:50,CC00,1
2021_10_LK_CC,LK,CC,Leipzig Kings,Cologne Centurions,8/21/2021,Cologne,Ostkampfbahn,15:04,17:50,Y,02:46,333,28,east,sunny,Thomas Denker,CC,2,10,LK36,"H,2,10,V36","5,6,34",TOUT:H T:07:34,"Timeout Cologne Centurions, clock 07:34.","H,2,10,V36",NA,07:34,0,NA,0,13,7,NA,5,V,LK,"FUMB,1,10:00,96","TD,1,09:50,100",2,4,0:10,FUMB,1,10:00,CC04,TD,1,09:50,CC00,1
2021_10_LK_CC,LK,CC,Leipzig Kings,Cologne Centurions,8/21/2021,Cologne,Ostkampfbahn,15:04,17:50,Y,02:46,333,28,east,sunny,Thomas Denker,CC,2,10,LK36,"H,2,10,V36","5,7,35","PASS:12,C,5,V25 TACK:33","J. Weinreich pass complete to P. Lenhardt for 11 yards to the LK25, 1ST DOWN CC (P. Meissner).","H,1,10,V25",pass,NA,0,pass,0,13,7,NA,5,V,LK,"FUMB,1,10:00,96","TD,1,09:50,100",2,4,0:10,FUMB,1,10:00,CC04,TD,1,09:50,CC00,1
2021_10_LK_CC,LK,CC,Leipzig Kings,Cologne Centurions,8/21/2021,Cologne,Ostkampfbahn,15:04,17:50,Y,02:46,333,28,east,sunny,Thomas Denker,CC,1,10,LK25,"H,1,10,V25","5,8,36","RUSH:28,V26, TACK:40,45",M. London rush for loss of 1 yard to the LK26 (O. Rohnebak;K. Kitchens).,"H,2,11,V26",rush,NA,0,NA,0,13,7,NA,5,V,LK,"FUMB,1,10:00,96","TD,1,09:50,100",2,4,0:10,FUMB,1,10:00,CC04,TD,1,09:50,CC00,1
2021_10_LK_CC,LK,CC,Leipzig Kings,Cologne Centurions,8/21/2021,Cologne,Ostkampfbahn,15:04,17:50,Y,02:46,333,28,east,sunny,Thomas Denker,CC,2,11,LK26,"H,2,11,V26","5,9,37","RUSH:28,V15, TACK:56,33","M. London rush for 11 yards to the LK15, 1ST DOWN CC (L. Leota;P. Meissner).","H,1,10,V15",rush,NA,0,rush,0,13,7,NA,5,V,LK,"FUMB,1,10:00,96","TD,1,09:50,100",2,4,0:10,FUMB,1,10:00,CC04,TD,1,09:50,CC00,1
2021_10_LK_CC,LK,CC,Leipzig Kings,Cologne Centurions,8/21/2021,Cologne,Ostkampfbahn,15:04,17:50,Y,02:46,333,28,east,sunny,Thomas Denker,CC,1,10,LK15,"H,1,10,V15","5,10,38","PASS:12,I,5,* BRUP:56",J. Weinreich pass incomplete to P. Lenhardt (L. Leota).,"H,2,10,V15",pass,NA,0,NA,0,13,7,NA,5,V,LK,"FUMB,1,10:00,96","TD,1,09:50,100",2,4,0:10,FUMB,1,10:00,CC04,TD,1,09:50,CC00,1
2021_10_LK_CC,LK,CC,Leipzig Kings,Cologne Centurions,8/21/2021,Cologne,Ostkampfbahn,15:04,17:50,Y,02:46,333,28,east,sunny,Thomas Denker,CC,2,10,LK15,"H,2,10,V15","5,11,39","PASS:12,I,87,* PEN:V,KT,A,4,V10,1 NOPLAY:","J. Weinreich pass incomplete to F. Eichhorn, PENALTY LK KT (R. Henrique) 5 yards to the LK10, 1ST DOWN CC, NO PLAY.","H,1,0,V10",penalty,NA,0,penalty,0,13,7,NA,5,V,LK,"FUMB,1,10:00,96","TD,1,09:50,100",2,4,0:10,FUMB,1,10:00,CC04,TD,1,09:50,CC00,1
2021_10_LK_CC,LK,CC,Leipzig Kings,Cologne Centurions,8/21/2021,Cologne,Ostkampfbahn,15:04,17:50,Y,02:46,333,28,east,sunny,Thomas Denker,CC,1,0,LK10,"H,1,0,V10","5,12,40","PASS:12,I,87,* PEN:V,ICT,A,4,V10,1 NOPLAY:","J. Weinreich pass incomplete to F. Eichhorn, PENALTY LK illegal contact (R. Henrique) 0 yards to the LK10, 1ST DOWN CC, NO PLAY.","H,1,0,V10",penalty,NA,0,penalty,0,13,7,NA,5,V,LK,"FUMB,1,10:00,96","TD,1,09:50,100",2,4,0:10,FUMB,1,10:00,CC04,TD,1,09:50,CC00,1
2021_10_LK_CC,LK,CC,Leipzig Kings,Cologne Centurions,8/21/2021,Cologne,Ostkampfbahn,15:04,17:50,Y,02:46,333,28,east,sunny,Thomas Denker,CC,1,0,LK10,"H,1,0,V10","5,13,41","PASS:12,C,5,V15 TACK:4",J. Weinreich pass complete to P. Lenhardt for loss of 5 yards to the LK15 (R. Henrique).,"H,2,0,V15",pass,NA,0,NA,0,13,7,NA,5,V,LK,"FUMB,1,10:00,96","TD,1,09:50,100",2,4,0:10,FUMB,1,10:00,CC04,TD,1,09:50,CC00,1
2021_10_LK_CC,LK,CC,Leipzig Kings,Cologne Centurions,8/21/2021,Cologne,Ostkampfbahn,15:04,17:50,Y,02:46,333,28,east,sunny,Thomas Denker,CC,2,0,LK15,"H,2,0,V15","5,14,42","RUSH:28,V07, TACK:40,28",M. London rush for 8 yards to the LK7 (O. Rohnebak;J. Dietze).,"H,3,0,V07",rush,NA,0,NA,0,13,7,NA,5,V,LK,"FUMB,1,10:00,96","TD,1,09:50,100",2,4,0:10,FUMB,1,10:00,CC04,TD,1,09:50,CC00,1
2021_10_LK_CC,LK,CC,Leipzig Kings,Cologne Centurions,8/21/2021,Cologne,Ostkampfbahn,15:04,17:50,Y,02:46,333,28,east,sunny,Thomas Denker,CC,3,0,LK07,"H,3,0,V07","5,15,43",TOUT:H T:03:49,"Timeout Cologne Centurions, clock 03:49.","H,3,0,V07",NA,03:49,0,NA,0,13,7,NA,5,V,LK,"FUMB,1,10:00,96","TD,1,09:50,100",2,4,0:10,FUMB,1,10:00,CC04,TD,1,09:50,CC00,1
2021_10_LK_CC,LK,CC,Leipzig Kings,Cologne Centurions,8/21/2021,Cologne,Ostkampfbahn,15:04,17:50,Y,02:46,333,28,east,sunny,Thomas Denker,CC,3,0,LK07,"H,3,0,V07","5,16,44","PASS:12,I,5,*",J. Weinreich pass incomplete to P. Lenhardt.,"H,4,0,V07",pass,NA,0,NA,0,13,7,NA,5,V,LK,"FUMB,1,10:00,96","TD,1,09:50,100",2,4,0:10,FUMB,1,10:00,CC04,TD,1,09:50,CC00,1
2021_10_LK_CC,LK,CC,Leipzig Kings,Cologne Centurions,8/21/2021,Cologne,Ostkampfbahn,15:04,17:50,Y,02:46,333,28,east,sunny,Thomas Denker,CC,4,0,LK07,"H,4,0,V07","5,17,45","PASS:12,C,43,V04 TACK:50,21",J. Weinreich pass complete to P. Poetsch for 3 yards to the LK4 (J. Schultes;D. Docal).,"V,1,10,V04",pass,NA,0,NA,0,13,7,NA,5,V,LK,"FUMB,1,10:00,96","TD,1,09:50,100",2,4,0:10,FUMB,1,10:00,CC04,TD,1,09:50,CC00,1
2021_10_LK_CC,LK,CC,Leipzig Kings,Cologne Centurions,8/21/2021,Cologne,Ostkampfbahn,15:04,17:50,Y,02:46,333,28,east,sunny,Thomas Denker,LK,1,10,LK04,"V,1,10,V04","6,1,46",{DRIVE}:03:42,LEIPZIG KINGS drive start at 03:42.,"V,1,10,V04",NA,03:42,0,NA,0,13,7,NA,6,H,CC,"KO,1,09:25,47","DOWNS,1,03:42,96",12,49,5:43,KO,1,09:25,CC47,DOWNS,1,03:42,LK04,1
2021_10_LK_CC,LK,CC,Leipzig Kings,Cologne Centurions,8/21/2021,Cologne,Ostkampfbahn,15:04,17:50,Y,02:46,333,28,east,sunny,Thomas Denker,LK,1,10,LK04,"V,1,10,V04","6,2,47","RUSH:2,V07, TACK:55,34",J. Aguemon rush for 3 yards to the LK7 (M. Taylor;T. Juengst).,"V,2,7,V07",rush,NA,0,NA,0,13,7,NA,6,H,CC,"KO,1,09:25,47","DOWNS,1,03:42,96",12,49,5:43,KO,1,09:25,CC47,DOWNS,1,03:42,LK04,1
2021_10_LK_CC,LK,CC,Leipzig Kings,Cologne Centurions,8/21/2021,Cologne,Ostkampfbahn,15:04,17:50,Y,02:46,333,28,east,sunny,Thomas Denker,LK,2,7,LK07,"V,2,7,V07","6,3,48","PASS:3,I,11,*",M. Birdsong pass incomplete to A. Dable-Wolf.,"V,3,7,V07",pass,NA,0,NA,0,13,7,NA,6,H,CC,"KO,1,09:25,47","DOWNS,1,03:42,96",12,49,5:43,KO,1,09:25,CC47,DOWNS,1,03:42,LK04,1
2021_10_LK_CC,LK,CC,Leipzig Kings,Cologne Centurions,8/21/2021,Cologne,Ostkampfbahn,15:04,17:50,Y,02:46,333,28,east,sunny,Thomas Denker,LK,3,7,LK07,"V,3,7,V07","6,4,49",TOUT:V T:02:50,"Timeout Leipzig Kings, clock 02:50.","V,3,7,V07",NA,02:50,0,NA,0,13,7,NA,6,H,CC,"KO,1,09:25,47","DOWNS,1,03:42,96",12,49,5:43,KO,1,09:25,CC47,DOWNS,1,03:42,LK04,1
2021_10_LK_CC,LK,CC,Leipzig Kings,Cologne Centurions,8/21/2021,Cologne,Ostkampfbahn,15:04,17:50,Y,02:46,333,28,east,sunny,Thomas Denker,LK,3,7,LK07,"V,3,7,V07","6,5,50","PASS:3,S,TM,V02 SACK:58",M. Birdsong sacked for loss of 5 yards to the LK2 (L. Weitz).,"V,4,12,V02",pass,NA,0,NA,0,13,7,NA,6,H,CC,"KO,1,09:25,47","DOWNS,1,03:42,96",12,49,5:43,KO,1,09:25,CC47,DOWNS,1,03:42,LK04,1
2021_10_LK_CC,LK,CC,Leipzig Kings,Cologne Centurions,8/21/2021,Cologne,Ostkampfbahn,15:04,17:50,Y,02:46,333,28,east,sunny,Thomas Denker,LK,4,12,LK02,"V,4,12,V02","6,6,51","PUNT:1,V00,B,V,V00,TM BLOCK:44 SAF:H,TM T:01:55","J. Templar punt BLOCKED, recovered by LK TEAM at LK0 (blocked by M. Kensy), TEAM safety, clock 01:55.","V,1,0,V20",punt,01:55,0,NA,1,13,9,NA,6,H,CC,"KO,1,09:25,47","DOWNS,1,03:42,96",12,49,5:43,KO,1,09:25,CC47,DOWNS,1,03:42,LK04,1
2021_10_LK_CC,LK,CC,Leipzig Kings,Cologne Centurions,8/21/2021,Cologne,Ostkampfbahn,15:04,17:50,Y,02:46,333,28,east,sunny,Thomas Denker,LK,1,0,LK20,"V,1,0,V20","6,7,52","KO:1,H35 RET:5,H49 TACK:32","J. Templar kickoff 45 yards to the CC35, P. Lenhardt return 14 yards to the CC49 (L. Deckwarth).","H,1,10,H49",kick_off,NA,0,NA,0,13,9,NA,6,H,CC,"KO,1,09:25,47","DOWNS,1,03:42,96",12,49,5:43,KO,1,09:25,CC47,DOWNS,1,03:42,LK04,1
2021_10_LK_CC,LK,CC,Leipzig Kings,Cologne Centurions,8/21/2021,Cologne,Ostkampfbahn,15:04,17:50,Y,02:46,333,28,east,sunny,Thomas Denker,CC,1,10,CC49,"H,1,10,H49","7,1,53",{DRIVE}:01:45,COLOGNE CENTURIONS drive start at 01:45.,"H,1,10,H49",NA,01:45,0,NA,0,13,9,NA,7,V,LK,"DOWNS,1,03:42,4","SAF,1,01:55,2",3,-2,1:47,DOWNS,1,03:42,LK04,SAF,1,01:55,LK02,NA
2021_10_LK_CC,LK,CC,Leipzig Kings,Cologne Centurions,8/21/2021,Cologne,Ostkampfbahn,15:04,17:50,Y,02:46,333,28,east,sunny,Thomas Denker,CC,1,10,CC49,"H,1,10,H49","7,2,54","PASS:12,I,28,*",J. Weinreich pass incomplete to M. London.,"H,2,10,H49",pass,NA,0,NA,0,13,9,NA,7,V,LK,"DOWNS,1,03:42,4","SAF,1,01:55,2",3,-2,1:47,DOWNS,1,03:42,LK04,SAF,1,01:55,LK02,NA
2021_10_LK_CC,LK,CC,Leipzig Kings,Cologne Centurions,8/21/2021,Cologne,Ostkampfbahn,15:04,17:50,Y,02:46,333,28,east,sunny,Thomas Denker,CC,2,10,CC49,"H,2,10,H49","7,3,55","PASS:12,C,5,V44 OB: TACK:21,7","J. Weinreich pass complete to P. Lenhardt for 7 yards to the LK44, out-of-bounds (D. Docal;B. Tchiyoko).","H,3,3,V44",pass,NA,1,NA,0,13,9,NA,7,V,LK,"DOWNS,1,03:42,4","SAF,1,01:55,2",3,-2,1:47,DOWNS,1,03:42,LK04,SAF,1,01:55,LK02,NA
2021_10_LK_CC,LK,CC,Leipzig Kings,Cologne Centurions,8/21/2021,Cologne,Ostkampfbahn,15:04,17:50,Y,02:46,333,28,east,sunny,Thomas Denker,CC,3,3,LK44,"H,3,3,V44","7,4,56","RUSH:28,V41, TACK:56","M. London rush for 3 yards to the LK41, 1ST DOWN CC (L. Leota).","H,1,10,V41",rush,NA,0,rush,0,13,9,NA,7,V,LK,"DOWNS,1,03:42,4","SAF,1,01:55,2",3,-2,1:47,DOWNS,1,03:42,LK04,SAF,1,01:55,LK02,NA
2021_10_LK_CC,LK,CC,Leipzig Kings,Cologne Centurions,8/21/2021,Cologne,Ostkampfbahn,15:04,17:50,Y,02:46,333,28,east,sunny,Thomas Denker,CC,1,10,LK41,"H,1,10,V41","7,5,57","PASS:12,I,81,*",J. Weinreich pass incomplete to V. Roediger.,"H,2,10,V41",pass,NA,0,NA,0,13,9,NA,7,V,LK,"DOWNS,1,03:42,4","SAF,1,01:55,2",3,-2,1:47,DOWNS,1,03:42,LK04,SAF,1,01:55,LK02,NA
2021_10_LK_CC,LK,CC,Leipzig Kings,Cologne Centurions,8/21/2021,Cologne,Ostkampfbahn,15:04,17:50,Y,02:46,333,28,east,sunny,Thomas Denker,CC,2,10,LK41,"H,2,10,V41","7,6,58","RUSH:28,V15, TACK:7","M. London rush for 26 yards to the LK15, 1ST DOWN CC (B. Tchiyoko).","H,1,10,V15",rush,NA,0,rush,0,13,9,NA,7,V,LK,"DOWNS,1,03:42,4","SAF,1,01:55,2",3,-2,1:47,DOWNS,1,03:42,LK04,SAF,1,01:55,LK02,NA
2021_10_LK_CC,LK,CC,Leipzig Kings,Cologne Centurions,8/21/2021,Cologne,Ostkampfbahn,15:04,17:50,Y,02:46,333,28,east,sunny,Thomas Denker,CC,1,10,LK15,"H,1,10,V15","7,7,59",Q:2 T:15:00,"Start of 2nd quarter, clock 15:00.","H,1,10,V15",NA,15:00,0,NA,0,13,9,NA,7,V,LK,"DOWNS,1,03:42,4","SAF,1,01:55,2",3,-2,1:47,DOWNS,1,03:42,LK04,SAF,1,01:55,LK02,NA
2021_10_LK_CC,LK,CC,Leipzig Kings,Cologne Centurions,8/21/2021,Cologne,Ostkampfbahn,15:04,17:50,Y,02:46,333,28,east,sunny,Thomas Denker,CC,1,10,LK15,"H,1,10,V15","7,8,60","RUSH:28,V08, TACK:33,28",M. London rush for 7 yards to the LK8 (P. Meissner;J. Dietze).,"H,2,3,V08",rush,NA,0,NA,0,13,9,NA,7,V,LK,"DOWNS,1,03:42,4","SAF,1,01:55,2",3,-2,1:47,DOWNS,1,03:42,LK04,SAF,1,01:55,LK02,NA
2021_10_LK_CC,LK,CC,Leipzig Kings,Cologne Centurions,8/21/2021,Cologne,Ostkampfbahn,15:04,17:50,Y,02:46,333,28,east,sunny,Thomas Denker,CC,2,3,LK08,"H,2,3,V08","7,9,61","RUSH:28,V04, TACK:40,28","M. London rush for 4 yards to the LK4, 1ST DOWN CC (O. Rohnebak;J. Dietze).","H,1,0,V04",rush,NA,0,rush,0,13,9,NA,7,V,LK,"DOWNS,1,03:42,4","SAF,1,01:55,2",3,-2,1:47,DOWNS,1,03:42,LK04,SAF,1,01:55,LK02,NA
2021_10_LK_CC,LK,CC,Leipzig Kings,Cologne Centurions,8/21/2021,Cologne,Ostkampfbahn,15:04,17:50,Y,02:46,333,28,east,sunny,Thomas Denker,CC,1,0,LK04,"H,1,0,V04","7,10,62","RUSH:28,V00, T:13:42","M. London rush for 4 yards to the LK0, 1ST DOWN CC, TOUCHDOWN, clock 13:42.","H,1,0,V03",rush,13:42,0,rush,1,13,15,NA,7,V,LK,"DOWNS,1,03:42,4","SAF,1,01:55,2",3,-2,1:47,DOWNS,1,03:42,LK04,SAF,1,01:55,LK02,NA
2021_10_LK_CC,LK,CC,Leipzig Kings,Cologne Centurions,8/21/2021,Cologne,Ostkampfbahn,15:04,17:50,Y,02:46,333,28,east,sunny,Thomas Denker,CC,1,0,LK03,"H,1,0,V03","7,11,63","PAT:K,2,G",D. Schuhmacher kick attempt good.,"H,1,0,H35",pat,NA,0,NA,1,13,16,NA,7,V,LK,"DOWNS,1,03:42,4","SAF,1,01:55,2",3,-2,1:47,DOWNS,1,03:42,LK04,SAF,1,01:55,LK02,NA
2021_10_LK_CC,LK,CC,Leipzig Kings,Cologne Centurions,8/21/2021,Cologne,Ostkampfbahn,15:04,17:50,Y,02:46,333,28,east,sunny,Thomas Denker,CC,1,0,CC35,"H,1,0,H35","7,12,64","KO:2,V24 RET:85,V36 TACK:26,27","D. Schuhmacher kickoff 41 yards to the LK24, A. Doroshev return 12 yards to the LK36 (A. Frisch;M. Richter).","V,1,10,V36",kick_off,NA,0,NA,0,13,16,NA,7,V,LK,"DOWNS,1,03:42,4","SAF,1,01:55,2",3,-2,1:47,DOWNS,1,03:42,LK04,SAF,1,01:55,LK02,NA
2021_10_LK_CC,LK,CC,Leipzig Kings,Cologne Centurions,8/21/2021,Cologne,Ostkampfbahn,15:04,17:50,Y,02:46,333,28,east,sunny,Thomas Denker,LK,1,10,LK36,"V,1,10,V36","8,1,65",{DRIVE}:13:34,LEIPZIG KINGS drive start at 13:34.,"V,1,10,V36",NA,13:34,0,NA,0,13,16,NA,8,H,CC,"KO,1,01:45,49","TD,2,13:42,100",8,51,3:03,KO,1,01:45,CC49,TD,2,13:42,LK00,1
2021_10_LK_CC,LK,CC,Leipzig Kings,Cologne Centurions,8/21/2021,Cologne,Ostkampfbahn,15:04,17:50,Y,02:46,333,28,east,sunny,Thomas Denker,LK,1,10,LK36,"V,1,10,V36","8,2,66","PASS:3,C,6,V42 OB: TACK:8","M. Birdsong pass complete to T. Knuettel for 6 yards to the LK42, out-of-bounds (P. Steffen).","V,2,4,V42",pass,NA,1,NA,0,13,16,NA,8,H,CC,"KO,1,01:45,49","TD,2,13:42,100",8,51,3:03,KO,1,01:45,CC49,TD,2,13:42,LK00,1
2021_10_LK_CC,LK,CC,Leipzig Kings,Cologne Centurions,8/21/2021,Cologne,Ostkampfbahn,15:04,17:50,Y,02:46,333,28,east,sunny,Thomas Denker,LK,2,4,LK42,"V,2,4,V42","8,3,67","PASS:3,C,2,V44 TACK:44,34 PEN:V,UH,A,11,V32,N NOPLAY:","M. Birdsong pass complete to J. Aguemon for 2 yards to the LK44 (M. Kensy;T. Juengst), PENALTY LK illegal use of hands (A. Dable-Wolf) 10 yards to the LK32, NO PLAY.","V,2,14,V32",penalty,NA,0,NA,0,13,16,NA,8,H,CC,"KO,1,01:45,49","TD,2,13:42,100",8,51,3:03,KO,1,01:45,CC49,TD,2,13:42,LK00,1
2021_10_LK_CC,LK,CC,Leipzig Kings,Cologne Centurions,8/21/2021,Cologne,Ostkampfbahn,15:04,17:50,Y,02:46,333,28,east,sunny,Thomas Denker,LK,2,14,LK32,"V,2,14,V32","8,4,68","PASS:3,S,TM,V25 SACK:44",M. Birdsong sacked for loss of 7 yards to the LK25 (M. Kensy).,"V,3,21,V25",pass,NA,0,NA,0,13,16,NA,8,H,CC,"KO,1,01:45,49","TD,2,13:42,100",8,51,3:03,KO,1,01:45,CC49,TD,2,13:42,LK00,1
2021_10_LK_CC,LK,CC,Leipzig Kings,Cologne Centurions,8/21/2021,Cologne,Ostkampfbahn,15:04,17:50,Y,02:46,333,28,east,sunny,Thomas Denker,LK,3,21,LK25,"V,3,21,V25","8,5,69","PASS:3,C,6,V31 TACK:24",M. Birdsong pass complete to T. Knuettel for 6 yards to the LK31 (D. Jacobs).,"V,4,15,V31",pass,NA,0,NA,0,13,16,NA,8,H,CC,"KO,1,01:45,49","TD,2,13:42,100",8,51,3:03,KO,1,01:45,CC49,TD,2,13:42,LK00,1
2021_10_LK_CC,LK,CC,Leipzig Kings,Cologne Centurions,8/21/2021,Cologne,Ostkampfbahn,15:04,17:50,Y,02:46,333,28,east,sunny,Thomas Denker,LK,4,15,LK31,"V,4,15,V31","8,6,70","PUNT:1,H27 RET:24,H39 TACK:32","J. Templar punt 42 yards to the CC27, D. Jacobs return 12 yards to the CC39 (L. Deckwarth).","H,1,10,H39",punt,NA,0,NA,0,13,16,NA,8,H,CC,"KO,1,01:45,49","TD,2,13:42,100",8,51,3:03,KO,1,01:45,CC49,TD,2,13:42,LK00,1
2021_10_LK_CC,LK,CC,Leipzig Kings,Cologne Centurions,8/21/2021,Cologne,Ostkampfbahn,15:04,17:50,Y,02:46,333,28,east,sunny,Thomas Denker,CC,1,10,CC39,"H,1,10,H39","9,1,71",{DRIVE}:10:27,COLOGNE CENTURIONS drive start at 10:27.,"H,1,10,H39",NA,10:27,0,NA,0,13,16,NA,9,V,LK,"KO,2,13:34,36","PUNT,2,10:27,31",3,-5,3:07,KO,2,13:34,LK36,PUNT,2,10:27,LK31,NA
2021_10_LK_CC,LK,CC,Leipzig Kings,Cologne Centurions,8/21/2021,Cologne,Ostkampfbahn,15:04,17:50,Y,02:46,333,28,east,sunny,Thomas Denker,CC,1,10,CC39,"H,1,10,H39","9,2,72","RUSH:28,H44, TACK:56",M. London rush for 5 yards to the CC44 (L. Leota).,"H,2,5,H44",rush,NA,0,NA,0,13,16,NA,9,V,LK,"KO,2,13:34,36","PUNT,2,10:27,31",3,-5,3:07,KO,2,13:34,LK36,PUNT,2,10:27,LK31,NA
2021_10_LK_CC,LK,CC,Leipzig Kings,Cologne Centurions,8/21/2021,Cologne,Ostkampfbahn,15:04,17:50,Y,02:46,333,28,east,sunny,Thomas Denker,CC,2,5,CC44,"H,2,5,H44","9,3,73","RUSH:28,V40, TACK:25","M. London rush for 16 yards to the LK40, 1ST DOWN CC (A. Kiriakos).","H,1,10,V40",rush,NA,0,rush,0,13,16,NA,9,V,LK,"KO,2,13:34,36","PUNT,2,10:27,31",3,-5,3:07,KO,2,13:34,LK36,PUNT,2,10:27,LK31,NA
2021_10_LK_CC,LK,CC,Leipzig Kings,Cologne Centurions,8/21/2021,Cologne,Ostkampfbahn,15:04,17:50,Y,02:46,333,28,east,sunny,Thomas Denker,CC,1,10,LK40,"H,1,10,V40","9,4,74","RUSH:28,V39, TACK:33",M. London rush for 1 yard to the LK39 (P. Meissner).,"H,2,9,V39",rush,NA,0,NA,0,13,16,NA,9,V,LK,"KO,2,13:34,36","PUNT,2,10:27,31",3,-5,3:07,KO,2,13:34,LK36,PUNT,2,10:27,LK31,NA
2021_10_LK_CC,LK,CC,Leipzig Kings,Cologne Centurions,8/21/2021,Cologne,Ostkampfbahn,15:04,17:50,Y,02:46,333,28,east,sunny,Thomas Denker,CC,2,9,LK39,"H,2,9,V39","9,5,75","RUSH:26,V23, TACK:4","A. Frisch rush for 16 yards to the LK23, 1ST DOWN CC (R. Henrique).","H,1,10,V23",rush,NA,0,rush,0,13,16,NA,9,V,LK,"KO,2,13:34,36","PUNT,2,10:27,31",3,-5,3:07,KO,2,13:34,LK36,PUNT,2,10:27,LK31,NA
2021_10_LK_CC,LK,CC,Leipzig Kings,Cologne Centurions,8/21/2021,Cologne,Ostkampfbahn,15:04,17:50,Y,02:46,333,28,east,sunny,Thomas Denker,CC,1,10,LK23,"H,1,10,V23","9,6,76","PEN:H,FS,A,72,V28,N",PENALTY CC false start (F. Jansen) 5 yards to the LK28.,"H,1,15,V28",penalty,NA,0,NA,0,13,16,NA,9,V,LK,"KO,2,13:34,36","PUNT,2,10:27,31",3,-5,3:07,KO,2,13:34,LK36,PUNT,2,10:27,LK31,NA
2021_10_LK_CC,LK,CC,Leipzig Kings,Cologne Centurions,8/21/2021,Cologne,Ostkampfbahn,15:04,17:50,Y,02:46,333,28,east,sunny,Thomas Denker,CC,1,15,LK28,"H,1,15,V28","9,7,77","RUSH:28,V25, OB: TACK:40","M. London rush for 3 yards to the LK25, out-of-bounds (O. Rohnebak).","H,2,12,V25",rush,NA,1,NA,0,13,16,NA,9,V,LK,"KO,2,13:34,36","PUNT,2,10:27,31",3,-5,3:07,KO,2,13:34,LK36,PUNT,2,10:27,LK31,NA
2021_10_LK_CC,LK,CC,Leipzig Kings,Cologne Centurions,8/21/2021,Cologne,Ostkampfbahn,15:04,17:50,Y,02:46,333,28,east,sunny,Thomas Denker,CC,2,12,LK25,"H,2,12,V25","9,8,78","PASS:12,I,81,* BRUP:7",J. Weinreich pass incomplete to V. Roediger (B. Tchiyoko).,"H,3,12,V25",pass,NA,0,NA,0,13,16,NA,9,V,LK,"KO,2,13:34,36","PUNT,2,10:27,31",3,-5,3:07,KO,2,13:34,LK36,PUNT,2,10:27,LK31,NA
2021_10_LK_CC,LK,CC,Leipzig Kings,Cologne Centurions,8/21/2021,Cologne,Ostkampfbahn,15:04,17:50,Y,02:46,333,28,east,sunny,Thomas Denker,CC,3,12,LK25,"H,3,12,V25","9,9,79","RUSH:12,V11, FORCE:21 FUMB:H,V16,56","J. Weinreich rush for 14 yards to the LK11, fumble forced by D. Docal, fumble by J. Weinreich recovered by CC F. Aybek at LK16.","H,4,3,V16",rush,NA,0,NA,0,13,16,NA,9,V,LK,"KO,2,13:34,36","PUNT,2,10:27,31",3,-5,3:07,KO,2,13:34,LK36,PUNT,2,10:27,LK31,NA
2021_10_LK_CC,LK,CC,Leipzig Kings,Cologne Centurions,8/21/2021,Cologne,Ostkampfbahn,15:04,17:50,Y,02:46,333,28,east,sunny,Thomas Denker,CC,4,3,LK16,"H,4,3,V16","9,10,80","PEN:H,DG,A,12,V21,N",PENALTY CC delay of game (J. Weinreich) 5 yards to the LK21.,"H,4,8,V21",penalty,NA,0,NA,0,13,16,NA,9,V,LK,"KO,2,13:34,36","PUNT,2,10:27,31",3,-5,3:07,KO,2,13:34,LK36,PUNT,2,10:27,LK31,NA
2021_10_LK_CC,LK,CC,Leipzig Kings,Cologne Centurions,8/21/2021,Cologne,Ostkampfbahn,15:04,17:50,Y,02:46,333,28,east,sunny,Thomas Denker,CC,4,8,LK21,"H,4,8,V21","9,11,81","FGA:2,39,M,V29,L T:05:21","D. Schuhmacher field goal attempt from 39 MISSED - wide left, spot at LK29, clock 05:21.","V,1,10,V29",field_goal,05:21,0,NA,0,13,16,NA,9,V,LK,"KO,2,13:34,36","PUNT,2,10:27,31",3,-5,3:07,KO,2,13:34,LK36,PUNT,2,10:27,LK31,NA
2021_10_LK_CC,LK,CC,Leipzig Kings,Cologne Centurions,8/21/2021,Cologne,Ostkampfbahn,15:04,17:50,Y,02:46,333,28,east,sunny,Thomas Denker,LK,1,10,LK29,"V,1,10,V29","10,1,82",{DRIVE}:05:21,LEIPZIG KINGS drive start at 05:21.,"V,1,10,V29",NA,05:21,0,NA,0,13,16,NA,10,H,CC,"PUNT,2,10:27,39","FGA,2,05:21,79",8,40,5:06,PUNT,2,10:27,CC39,FGA,2,05:21,LK21,NA
2021_10_LK_CC,LK,CC,Leipzig Kings,Cologne Centurions,8/21/2021,Cologne,Ostkampfbahn,15:04,17:50,Y,02:46,333,28,east,sunny,Thomas Denker,LK,1,10,LK29,"V,1,10,V29","10,2,83","PASS:3,C,11,V34 TACK:8,24",M. Birdsong pass complete to A. Dable-Wolf for 5 yards to the LK34 (P. Steffen;D. Jacobs).,"V,2,5,V34",pass,NA,0,NA,0,13,16,NA,10,H,CC,"PUNT,2,10:27,39","FGA,2,05:21,79",8,40,5:06,PUNT,2,10:27,CC39,FGA,2,05:21,LK21,NA
2021_10_LK_CC,LK,CC,Leipzig Kings,Cologne Centurions,8/21/2021,Cologne,Ostkampfbahn,15:04,17:50,Y,02:46,333,28,east,sunny,Thomas Denker,LK,2,5,LK34,"V,2,5,V34","10,3,84","PASS:3,I,1,*",M. Birdsong pass incomplete to J. Templar.,"V,3,5,V34",pass,NA,0,NA,0,13,16,NA,10,H,CC,"PUNT,2,10:27,39","FGA,2,05:21,79",8,40,5:06,PUNT,2,10:27,CC39,FGA,2,05:21,LK21,NA
2021_10_LK_CC,LK,CC,Leipzig Kings,Cologne Centurions,8/21/2021,Cologne,Ostkampfbahn,15:04,17:50,Y,02:46,333,28,east,sunny,Thomas Denker,LK,3,5,LK34,"V,3,5,V34","10,4,85","RUSH:3,V40, PEN:V,HO,A,76,V24,N NOPLAY:","M. Birdsong rush for 6 yards to the LK40, PENALTY LK holding (P. K. Molberg) 10 yards to the LK24, NO PLAY.","V,3,15,V24",penalty,NA,0,NA,0,13,16,NA,10,H,CC,"PUNT,2,10:27,39","FGA,2,05:21,79",8,40,5:06,PUNT,2,10:27,CC39,FGA,2,05:21,LK21,NA
2021_10_LK_CC,LK,CC,Leipzig Kings,Cologne Centurions,8/21/2021,Cologne,Ostkampfbahn,15:04,17:50,Y,02:46,333,28,east,sunny,Thomas Denker,LK,3,15,LK24,"V,3,15,V24","10,5,86","RUSH:3,V38, TACK:9",M. Birdsong rush for 14 yards to the LK38 (W. Bhikh).,"V,4,1,V38",rush,NA,0,NA,0,13,16,NA,10,H,CC,"PUNT,2,10:27,39","FGA,2,05:21,79",8,40,5:06,PUNT,2,10:27,CC39,FGA,2,05:21,LK21,NA
2021_10_LK_CC,LK,CC,Leipzig Kings,Cologne Centurions,8/21/2021,Cologne,Ostkampfbahn,15:04,17:50,Y,02:46,333,28,east,sunny,Thomas Denker,LK,4,1,LK38,"V,4,1,V38","10,6,87","RUSH:2,H35, OB: TACK:27","J. Aguemon rush for 27 yards to the CC35, 1ST DOWN LK, out-of-bounds (M. Richter).","V,1,10,H35",rush,NA,1,rush,0,13,16,NA,10,H,CC,"PUNT,2,10:27,39","FGA,2,05:21,79",8,40,5:06,PUNT,2,10:27,CC39,FGA,2,05:21,LK21,NA
2021_10_LK_CC,LK,CC,Leipzig Kings,Cologne Centurions,8/21/2021,Cologne,Ostkampfbahn,15:04,17:50,Y,02:46,333,28,east,sunny,Thomas Denker,LK,1,10,CC35,"V,1,10,H35","10,7,88","PASS:3,C,11,H28 TACK:44,27",M. Birdsong pass complete to A. Dable-Wolf for 7 yards to the CC28 (M. Kensy;M. Richter).,"V,2,3,H28",pass,NA,0,NA,0,13,16,NA,10,H,CC,"PUNT,2,10:27,39","FGA,2,05:21,79",8,40,5:06,PUNT,2,10:27,CC39,FGA,2,05:21,LK21,NA
2021_10_LK_CC,LK,CC,Leipzig Kings,Cologne Centurions,8/21/2021,Cologne,Ostkampfbahn,15:04,17:50,Y,02:46,333,28,east,sunny,Thomas Denker,LK,2,3,CC28,"V,2,3,H28","10,8,89","PEN:V,DG,A,3,H33,N",PENALTY LK delay of game (M. Birdsong) 5 yards to the CC33.,"V,2,8,H33",penalty,NA,0,NA,0,13,16,NA,10,H,CC,"PUNT,2,10:27,39","FGA,2,05:21,79",8,40,5:06,PUNT,2,10:27,CC39,FGA,2,05:21,LK21,NA
2021_10_LK_CC,LK,CC,Leipzig Kings,Cologne Centurions,8/21/2021,Cologne,Ostkampfbahn,15:04,17:50,Y,02:46,333,28,east,sunny,Thomas Denker,LK,2,8,CC33,"V,2,8,H33","10,9,90","RUSH:2,H29, TACK:55,34",J. Aguemon rush for 4 yards to the CC29 (M. Taylor;T. Juengst).,"V,3,4,H29",rush,NA,0,NA,0,13,16,NA,10,H,CC,"PUNT,2,10:27,39","FGA,2,05:21,79",8,40,5:06,PUNT,2,10:27,CC39,FGA,2,05:21,LK21,NA
2021_10_LK_CC,LK,CC,Leipzig Kings,Cologne Centurions,8/21/2021,Cologne,Ostkampfbahn,15:04,17:50,Y,02:46,333,28,east,sunny,Thomas Denker,LK,3,4,CC29,"V,3,4,H29","10,10,91","PASS:3,C,6,H20 TACK:34","M. Birdsong pass complete to T. Knuettel for 9 yards to the CC20, 1ST DOWN LK (T. Juengst).","V,1,10,H20",pass,NA,0,pass,0,13,16,NA,10,H,CC,"PUNT,2,10:27,39","FGA,2,05:21,79",8,40,5:06,PUNT,2,10:27,CC39,FGA,2,05:21,LK21,NA
2021_10_LK_CC,LK,CC,Leipzig Kings,Cologne Centurions,8/21/2021,Cologne,Ostkampfbahn,15:04,17:50,Y,02:46,333,28,east,sunny,Thomas Denker,LK,1,10,CC20,"V,1,10,H20","10,11,92","RUSH:3,H12,",M. Birdsong rush for 8 yards to the CC12.,"V,2,2,H12",rush,NA,0,NA,0,13,16,NA,10,H,CC,"PUNT,2,10:27,39","FGA,2,05:21,79",8,40,5:06,PUNT,2,10:27,CC39,FGA,2,05:21,LK21,NA
2021_10_LK_CC,LK,CC,Leipzig Kings,Cologne Centurions,8/21/2021,Cologne,Ostkampfbahn,15:04,17:50,Y,02:46,333,28,east,sunny,Thomas Denker,LK,2,2,CC12,"V,2,2,H12","10,12,93",TOUT:V T:00:44,"Timeout Leipzig Kings, clock 00:44.","V,2,2,H12",NA,00:44,0,NA,0,13,16,NA,10,H,CC,"PUNT,2,10:27,39","FGA,2,05:21,79",8,40,5:06,PUNT,2,10:27,CC39,FGA,2,05:21,LK21,NA
2021_10_LK_CC,LK,CC,Leipzig Kings,Cologne Centurions,8/21/2021,Cologne,Ostkampfbahn,15:04,17:50,Y,02:46,333,28,east,sunny,Thomas Denker,LK,2,2,CC12,"V,2,2,H12","10,13,94","PASS:3,I,6,* PEN:V,HO,A,74,H22,N NOPLAY:","M. Birdsong pass incomplete to T. Knuettel, PENALTY LK holding (T. Bruetsch) 10 yards to the CC22, NO PLAY.","V,2,12,H22",penalty,NA,0,NA,0,13,16,NA,10,H,CC,"PUNT,2,10:27,39","FGA,2,05:21,79",8,40,5:06,PUNT,2,10:27,CC39,FGA,2,05:21,LK21,NA
2021_10_LK_CC,LK,CC,Leipzig Kings,Cologne Centurions,8/21/2021,Cologne,Ostkampfbahn,15:04,17:50,Y,02:46,333,28,east,sunny,Thomas Denker,LK,2,12,CC22,"V,2,12,H22","10,14,95","PASS:3,C,6,H07 TACK:29","M. Birdsong pass complete to T. Knuettel for 15 yards to the CC7, 1ST DOWN LK (M. Banjaqui).","V,1,0,H07",pass,NA,0,pass,0,13,16,NA,10,H,CC,"PUNT,2,10:27,39","FGA,2,05:21,79",8,40,5:06,PUNT,2,10:27,CC39,FGA,2,05:21,LK21,NA
2021_10_LK_CC,LK,CC,Leipzig Kings,Cologne Centurions,8/21/2021,Cologne,Ostkampfbahn,15:04,17:50,Y,02:46,333,28,east,sunny,Thomas Denker,LK,1,0,CC07,"V,1,0,H07","10,15,96","PASS:3,C,2,H02 TACK:27",M. Birdsong pass complete to J. Aguemon for 5 yards to the CC2 (M. Richter).,"V,2,0,H02",pass,NA,0,NA,0,13,16,NA,10,H,CC,"PUNT,2,10:27,39","FGA,2,05:21,79",8,40,5:06,PUNT,2,10:27,CC39,FGA,2,05:21,LK21,NA
2021_10_LK_CC,LK,CC,Leipzig Kings,Cologne Centurions,8/21/2021,Cologne,Ostkampfbahn,15:04,17:50,Y,02:46,333,28,east,sunny,Thomas Denker,LK,2,0,CC02,"V,2,0,H02","10,16,97","PASS:3,I,TM,*",M. Birdsong pass incomplete.,"V,3,0,H02",pass,NA,0,NA,0,13,16,NA,10,H,CC,"PUNT,2,10:27,39","FGA,2,05:21,79",8,40,5:06,PUNT,2,10:27,CC39,FGA,2,05:21,LK21,NA
2021_10_LK_CC,LK,CC,Leipzig Kings,Cologne Centurions,8/21/2021,Cologne,Ostkampfbahn,15:04,17:50,Y,02:46,333,28,east,sunny,Thomas Denker,LK,3,0,CC02,"V,3,0,H02","10,17,98",TOUT:H T:00:07,"Timeout Cologne Centurions, clock 00:07.","V,3,0,H02",NA,00:07,0,NA,0,13,16,NA,10,H,CC,"PUNT,2,10:27,39","FGA,2,05:21,79",8,40,5:06,PUNT,2,10:27,CC39,FGA,2,05:21,LK21,NA
2021_10_LK_CC,LK,CC,Leipzig Kings,Cologne Centurions,8/21/2021,Cologne,Ostkampfbahn,15:04,17:50,Y,02:46,333,28,east,sunny,Thomas Denker,LK,3,0,CC02,"V,3,0,H02","10,18,99","PASS:3,C,85,H00 T:00:01","M. Birdsong pass complete to A. Doroshev for 2 yards to the CC0, 1ST DOWN LK, TOUCHDOWN, clock 00:01.","V,1,0,H03",pass,00:01,0,pass,1,19,16,NA,10,H,CC,"PUNT,2,10:27,39","FGA,2,05:21,79",8,40,5:06,PUNT,2,10:27,CC39,FGA,2,05:21,LK21,NA
2021_10_LK_CC,LK,CC,Leipzig Kings,Cologne Centurions,8/21/2021,Cologne,Ostkampfbahn,15:04,17:50,Y,02:46,333,28,east,sunny,Thomas Denker,LK,1,0,CC03,"V,1,0,H03","10,19,100","PAT:K,18,G",M. Ulbrich kick attempt good.,"V,1,0,V35",pat,NA,0,NA,1,20,16,NA,10,H,CC,"PUNT,2,10:27,39","FGA,2,05:21,79",8,40,5:06,PUNT,2,10:27,CC39,FGA,2,05:21,LK21,NA
2021_10_LK_CC,LK,CC,Leipzig Kings,Cologne Centurions,8/21/2021,Cologne,Ostkampfbahn,15:04,17:50,Y,02:46,333,28,east,sunny,Thomas Denker,LK,1,0,LK35,"V,1,0,V35","10,20,101","KO:18,H32 DN:","M. Ulbrich kickoff 33 yards to the CC32, downed.","H,1,10,H32",kick_off,NA,0,NA,0,20,16,NA,10,H,CC,"PUNT,2,10:27,39","FGA,2,05:21,79",8,40,5:06,PUNT,2,10:27,CC39,FGA,2,05:21,LK21,NA
2021_10_LK_CC,LK,CC,Leipzig Kings,Cologne Centurions,8/21/2021,Cologne,Ostkampfbahn,15:04,17:50,Y,02:46,333,28,east,sunny,Thomas Denker,CC,1,10,CC32,"H,1,10,H32","11,1,102",{DRIVE}:00:00,COLOGNE CENTURIONS drive start at 00:00.,"H,1,10,H32",NA,00:00,0,NA,0,20,16,NA,11,V,LK,"FGA,2,05:21,29","TD,2,00:01,100",12,71,5:20,FGA,2,05:21,LK29,TD,2,00:01,CC00,1
2021_10_LK_CC,LK,CC,Leipzig Kings,Cologne Centurions,8/21/2021,Cologne,Ostkampfbahn,15:04,17:50,Y,02:46,333,28,east,sunny,Thomas Denker,CC,1,10,CC32,"H,1,10,H32","11,2,103",HALF: T:00:00,"End of half, clock 00:00.","H,1,10,H32",NA,00:00,0,NA,0,20,16,NA,11,V,LK,"FGA,2,05:21,29","TD,2,00:01,100",12,71,5:20,FGA,2,05:21,LK29,TD,2,00:01,CC00,1
2021_10_LK_CC,LK,CC,Leipzig Kings,Cologne Centurions,8/21/2021,Cologne,Ostkampfbahn,15:04,17:50,Y,02:46,333,28,east,sunny,Thomas Denker,CC,1,10,CC32,"H,1,10,H32","11,3,104",NA,.,"H,1,10,H32",NA,NA,0,NA,0,20,16,NA,11,V,LK,"FGA,2,05:21,29","TD,2,00:01,100",12,71,5:20,FGA,2,05:21,LK29,TD,2,00:01,CC00,1
2021_10_LK_CC,LK,CC,Leipzig Kings,Cologne Centurions,8/21/2021,Cologne,Ostkampfbahn,15:04,17:50,Y,02:46,333,28,east,sunny,Thomas Denker,CC,1,10,CC32,"H,1,10,H32","11,4,105","Q:3 T:15:00 SPOT:V,V35,N","Start of 3rd quarter, clock 15:00, LK ball on LK35.","V,1,10,V35",NA,15:00,0,NA,0,20,16,NA,11,V,LK,"FGA,2,05:21,29","TD,2,00:01,100",12,71,5:20,FGA,2,05:21,LK29,TD,2,00:01,CC00,1
2021_10_LK_CC,LK,CC,Leipzig Kings,Cologne Centurions,8/21/2021,Cologne,Ostkampfbahn,15:04,17:50,Y,02:46,333,28,east,sunny,Thomas Denker,LK,1,10,LK35,"V,1,10,V35","11,5,106","KO:18,H07 RET:5,H31 TACK:50","M. Ulbrich kickoff 58 yards to the CC7, P. Lenhardt return 24 yards to the CC31 (J. Schultes).","H,1,10,H31",kick_off,NA,0,NA,0,20,16,NA,11,V,LK,"FGA,2,05:21,29","TD,2,00:01,100",12,71,5:20,FGA,2,05:21,LK29,TD,2,00:01,CC00,1
2021_10_LK_CC,LK,CC,Leipzig Kings,Cologne Centurions,8/21/2021,Cologne,Ostkampfbahn,15:04,17:50,Y,02:46,333,28,east,sunny,Thomas Denker,CC,1,10,CC31,"H,1,10,H31","12,1,107",{DRIVE}:14:53,COLOGNE CENTURIONS drive start at 14:53.,"H,1,10,H31",NA,14:53,0,NA,0,20,16,NA,12,H,CC,"KO,2,00:00,32","HALF,2,00:00,32",0,0,0:00,KO,2,00:00,CC32,HALF,2,00:00,CC32,NA
2021_10_LK_CC,LK,CC,Leipzig Kings,Cologne Centurions,8/21/2021,Cologne,Ostkampfbahn,15:04,17:50,Y,02:46,333,28,east,sunny,Thomas Denker,CC,1,10,CC31,"H,1,10,H31","12,2,108","RUSH:28,H31, TACK:33,56",M. London rush for no gain to the CC31 (P. Meissner;L. Leota).,"H,2,10,H31",rush,NA,0,NA,0,20,16,NA,12,H,CC,"KO,2,00:00,32","HALF,2,00:00,32",0,0,0:00,KO,2,00:00,CC32,HALF,2,00:00,CC32,NA
2021_10_LK_CC,LK,CC,Leipzig Kings,Cologne Centurions,8/21/2021,Cologne,Ostkampfbahn,15:04,17:50,Y,02:46,333,28,east,sunny,Thomas Denker,CC,2,10,CC31,"H,2,10,H31","12,3,109","PASS:12,C,81,H36 TACK:7",J. Weinreich pass complete to V. Roediger for 5 yards to the CC36 (B. Tchiyoko).,"H,3,5,H36",pass,NA,0,NA,0,20,16,NA,12,H,CC,"KO,2,00:00,32","HALF,2,00:00,32",0,0,0:00,KO,2,00:00,CC32,HALF,2,00:00,CC32,NA
2021_10_LK_CC,LK,CC,Leipzig Kings,Cologne Centurions,8/21/2021,Cologne,Ostkampfbahn,15:04,17:50,Y,02:46,333,28,east,sunny,Thomas Denker,CC,3,5,CC36,"H,3,5,H36","12,4,110","PASS:12,C,5,H44 TACK:7","J. Weinreich pass complete to P. Lenhardt for 8 yards to the CC44, 1ST DOWN CC (B. Tchiyoko).","H,1,10,H44",pass,NA,0,pass,0,20,16,NA,12,H,CC,"KO,2,00:00,32","HALF,2,00:00,32",0,0,0:00,KO,2,00:00,CC32,HALF,2,00:00,CC32,NA
2021_10_LK_CC,LK,CC,Leipzig Kings,Cologne Centurions,8/21/2021,Cologne,Ostkampfbahn,15:04,17:50,Y,02:46,333,28,east,sunny,Thomas Denker,CC,1,10,CC44,"H,1,10,H44","12,5,111","RUSH:28,H50, TACK:21",M. London rush for 6 yards to the 50 yardline (D. Docal).,"H,2,4,H50",rush,NA,0,NA,0,20,16,NA,12,H,CC,"KO,2,00:00,32","HALF,2,00:00,32",0,0,0:00,KO,2,00:00,CC32,HALF,2,00:00,CC32,NA
2021_10_LK_CC,LK,CC,Leipzig Kings,Cologne Centurions,8/21/2021,Cologne,Ostkampfbahn,15:04,17:50,Y,02:46,333,28,east,sunny,Thomas Denker,CC,2,4,CC50,"H,2,4,H50","12,6,112","RUSH:28,H50, TACK:50",M. London rush for no gain to the 50 yardline (J. Schultes).,"H,3,4,H50",rush,NA,0,NA,0,20,16,NA,12,H,CC,"KO,2,00:00,32","HALF,2,00:00,32",0,0,0:00,KO,2,00:00,CC32,HALF,2,00:00,CC32,NA
2021_10_LK_CC,LK,CC,Leipzig Kings,Cologne Centurions,8/21/2021,Cologne,Ostkampfbahn,15:04,17:50,Y,02:46,333,28,east,sunny,Thomas Denker,CC,3,4,CC50,"H,3,4,H50","12,7,113","PASS:12,C,5,V34 TACK:50,7","J. Weinreich pass complete to P. Lenhardt for 16 yards to the LK34, 1ST DOWN CC (J. Schultes;B. Tchiyoko).","H,1,10,V34",pass,NA,0,pass,0,20,16,NA,12,H,CC,"KO,2,00:00,32","HALF,2,00:00,32",0,0,0:00,KO,2,00:00,CC32,HALF,2,00:00,CC32,NA
2021_10_LK_CC,LK,CC,Leipzig Kings,Cologne Centurions,8/21/2021,Cologne,Ostkampfbahn,15:04,17:50,Y,02:46,333,28,east,sunny,Thomas Denker,CC,1,10,LK34,"H,1,10,V34","12,8,114","RUSH:28,V35, TACK:21,28",M. London rush for loss of 1 yard to the LK35 (D. Docal;J. Dietze).,"H,2,11,V35",rush,NA,0,NA,0,20,16,NA,12,H,CC,"KO,2,00:00,32","HALF,2,00:00,32",0,0,0:00,KO,2,00:00,CC32,HALF,2,00:00,CC32,NA
2021_10_LK_CC,LK,CC,Leipzig Kings,Cologne Centurions,8/21/2021,Cologne,Ostkampfbahn,15:04,17:50,Y,02:46,333,28,east,sunny,Thomas Denker,CC,2,11,LK35,"H,2,11,V35","12,9,115","PASS:12,I,81,*",J. Weinreich pass incomplete to V. Roediger.,"H,3,11,V35",pass,NA,0,NA,0,20,16,NA,12,H,CC,"KO,2,00:00,32","HALF,2,00:00,32",0,0,0:00,KO,2,00:00,CC32,HALF,2,00:00,CC32,NA
2021_10_LK_CC,LK,CC,Leipzig Kings,Cologne Centurions,8/21/2021,Cologne,Ostkampfbahn,15:04,17:50,Y,02:46,333,28,east,sunny,Thomas Denker,CC,3,11,LK35,"H,3,11,V35","12,10,116","PASS:12,S,TM,V40 SACK:56",J. Weinreich sacked for loss of 5 yards to the LK40 (L. Leota).,"H,4,16,V40",pass,NA,0,NA,0,20,16,NA,12,H,CC,"KO,2,00:00,32","HALF,2,00:00,32",0,0,0:00,KO,2,00:00,CC32,HALF,2,00:00,CC32,NA
2021_10_LK_CC,LK,CC,Leipzig Kings,Cologne Centurions,8/21/2021,Cologne,Ostkampfbahn,15:04,17:50,Y,02:46,333,28,east,sunny,Thomas Denker,CC,4,16,LK40,"H,4,16,V40","12,11,117","PUNT:81,V00 TB:","V. Roediger punt 40 yards to the LK0, touchback.","V,1,10,V20",punt,NA,0,NA,0,20,16,NA,12,H,CC,"KO,2,00:00,32","HALF,2,00:00,32",0,0,0:00,KO,2,00:00,CC32,HALF,2,00:00,CC32,NA
2021_10_LK_CC,LK,CC,Leipzig Kings,Cologne Centurions,8/21/2021,Cologne,Ostkampfbahn,15:04,17:50,Y,02:46,333,28,east,sunny,Thomas Denker,LK,1,10,LK20,"V,1,10,V20","13,1,118",{DRIVE}:09:19,LEIPZIG KINGS drive start at 09:19.,"V,1,10,V20",NA,09:19,0,NA,0,20,16,NA,13,H,CC,"KO,3,14:53,31","PUNT,3,09:19,60",9,29,5:34,KO,3,14:53,CC31,PUNT,3,09:19,LK40,NA
2021_10_LK_CC,LK,CC,Leipzig Kings,Cologne Centurions,8/21/2021,Cologne,Ostkampfbahn,15:04,17:50,Y,02:46,333,28,east,sunny,Thomas Denker,LK,1,10,LK20,"V,1,10,V20","13,2,119","RUSH:2,V23, TACK:44",J. Aguemon rush for 3 yards to the LK23 (M. Kensy).,"V,2,7,V23",rush,NA,0,NA,0,20,16,NA,13,H,CC,"KO,3,14:53,31","PUNT,3,09:19,60",9,29,5:34,KO,3,14:53,CC31,PUNT,3,09:19,LK40,NA
2021_10_LK_CC,LK,CC,Leipzig Kings,Cologne Centurions,8/21/2021,Cologne,Ostkampfbahn,15:04,17:50,Y,02:46,333,28,east,sunny,Thomas Denker,LK,2,7,LK23,"V,2,7,V23","13,3,120","RUSH:3,V32, OB:","M. Birdsong rush for 9 yards to the LK32, 1ST DOWN LK, out-of-bounds.","V,1,10,V32",rush,NA,1,rush,0,20,16,NA,13,H,CC,"KO,3,14:53,31","PUNT,3,09:19,60",9,29,5:34,KO,3,14:53,CC31,PUNT,3,09:19,LK40,NA
2021_10_LK_CC,LK,CC,Leipzig Kings,Cologne Centurions,8/21/2021,Cologne,Ostkampfbahn,15:04,17:50,Y,02:46,333,28,east,sunny,Thomas Denker,LK,1,10,LK32,"V,1,10,V32","13,4,121","PASS:3,I,6,*",M. Birdsong pass incomplete to T. Knuettel.,"V,2,10,V32",pass,NA,0,NA,0,20,16,NA,13,H,CC,"KO,3,14:53,31","PUNT,3,09:19,60",9,29,5:34,KO,3,14:53,CC31,PUNT,3,09:19,LK40,NA
2021_10_LK_CC,LK,CC,Leipzig Kings,Cologne Centurions,8/21/2021,Cologne,Ostkampfbahn,15:04,17:50,Y,02:46,333,28,east,sunny,Thomas Denker,LK,2,10,LK32,"V,2,10,V32","13,5,122","RUSH:2,V43, TACK:27","J. Aguemon rush for 11 yards to the LK43, 1ST DOWN LK (M. Richter).","V,1,10,V43",rush,NA,0,rush,0,20,16,NA,13,H,CC,"KO,3,14:53,31","PUNT,3,09:19,60",9,29,5:34,KO,3,14:53,CC31,PUNT,3,09:19,LK40,NA
2021_10_LK_CC,LK,CC,Leipzig Kings,Cologne Centurions,8/21/2021,Cologne,Ostkampfbahn,15:04,17:50,Y,02:46,333,28,east,sunny,Thomas Denker,LK,1,10,LK43,"V,1,10,V43","13,6,123","RUSH:2,H39, TACK:47","J. Aguemon rush for 18 yards to the CC39, 1ST DOWN LK (N. Liesen).","V,1,10,H39",rush,NA,0,rush,0,20,16,NA,13,H,CC,"KO,3,14:53,31","PUNT,3,09:19,60",9,29,5:34,KO,3,14:53,CC31,PUNT,3,09:19,LK40,NA
2021_10_LK_CC,LK,CC,Leipzig Kings,Cologne Centurions,8/21/2021,Cologne,Ostkampfbahn,15:04,17:50,Y,02:46,333,28,east,sunny,Thomas Denker,LK,1,10,CC39,"V,1,10,H39","13,7,124","PEN:H,NZI,A,55,H34,N",PENALTY CC neutral zone infraction (M. Taylor) 5 yards to the CC34.,"V,1,5,H34",penalty,NA,0,NA,0,20,16,NA,13,H,CC,"KO,3,14:53,31","PUNT,3,09:19,60",9,29,5:34,KO,3,14:53,CC31,PUNT,3,09:19,LK40,NA
2021_10_LK_CC,LK,CC,Leipzig Kings,Cologne Centurions,8/21/2021,Cologne,Ostkampfbahn,15:04,17:50,Y,02:46,333,28,east,sunny,Thomas Denker,LK,1,5,CC34,"V,1,5,H34","13,8,125","PASS:3,S,TM,H40 SACK:94,47",M. Birdsong sacked for loss of 6 yards to the CC40 (B. Cerimagic;N. Liesen).,"V,2,11,H40",pass,NA,0,NA,0,20,16,NA,13,H,CC,"KO,3,14:53,31","PUNT,3,09:19,60",9,29,5:34,KO,3,14:53,CC31,PUNT,3,09:19,LK40,NA
2021_10_LK_CC,LK,CC,Leipzig Kings,Cologne Centurions,8/21/2021,Cologne,Ostkampfbahn,15:04,17:50,Y,02:46,333,28,east,sunny,Thomas Denker,LK,2,11,CC40,"V,2,11,H40","13,9,126","RUSH:2,H00, T:05:44","J. Aguemon rush for 40 yards to the CC0, 1ST DOWN LK, TOUCHDOWN, clock 05:44.","V,1,0,H03",rush,05:44,0,rush,1,26,16,NA,13,H,CC,"KO,3,14:53,31","PUNT,3,09:19,60",9,29,5:34,KO,3,14:53,CC31,PUNT,3,09:19,LK40,NA
2021_10_LK_CC,LK,CC,Leipzig Kings,Cologne Centurions,8/21/2021,Cologne,Ostkampfbahn,15:04,17:50,Y,02:46,333,28,east,sunny,Thomas Denker,LK,1,0,CC03,"V,1,0,H03","13,10,127","PAT:P,28,X,55,N","J. Dietze pass attempt failed (intercepted), returned by M. Taylor - no score.","V,1,0,V35",pat,NA,0,NA,0,26,16,NA,13,H,CC,"KO,3,14:53,31","PUNT,3,09:19,60",9,29,5:34,KO,3,14:53,CC31,PUNT,3,09:19,LK40,NA
2021_10_LK_CC,LK,CC,Leipzig Kings,Cologne Centurions,8/21/2021,Cologne,Ostkampfbahn,15:04,17:50,Y,02:46,333,28,east,sunny,Thomas Denker,LK,1,0,LK35,"V,1,0,V35","13,11,128","KO:18,H10 RET:24,V49 TACK:27","M. Ulbrich kickoff 55 yards to the CC10, D. Jacobs return 41 yards to the LK49 (T. Kulok).","H,1,10,V49",kick_off,NA,0,NA,0,26,16,NA,13,H,CC,"KO,3,14:53,31","PUNT,3,09:19,60",9,29,5:34,KO,3,14:53,CC31,PUNT,3,09:19,LK40,NA
2021_10_LK_CC,LK,CC,Leipzig Kings,Cologne Centurions,8/21/2021,Cologne,Ostkampfbahn,15:04,17:50,Y,02:46,333,28,east,sunny,Thomas Denker,CC,1,10,LK49,"H,1,10,V49","14,1,129",{DRIVE}:05:31,COLOGNE CENTURIONS drive start at 05:31.,"H,1,10,V49",NA,05:31,0,NA,0,26,16,NA,14,V,LK,"PUNT,3,09:19,20","TD,3,05:44,100",7,80,3:35,PUNT,3,09:19,LK20,TD,3,05:44,CC00,NA
2021_10_LK_CC,LK,CC,Leipzig Kings,Cologne Centurions,8/21/2021,Cologne,Ostkampfbahn,15:04,17:50,Y,02:46,333,28,east,sunny,Thomas Denker,CC,1,10,LK49,"H,1,10,V49","14,2,130","RUSH:28,V44, TACK:40",M. London rush for 5 yards to the LK44 (O. Rohnebak).,"H,2,5,V44",rush,NA,0,NA,0,26,16,NA,14,V,LK,"PUNT,3,09:19,20","TD,3,05:44,100",7,80,3:35,PUNT,3,09:19,LK20,TD,3,05:44,CC00,NA
2021_10_LK_CC,LK,CC,Leipzig Kings,Cologne Centurions,8/21/2021,Cologne,Ostkampfbahn,15:04,17:50,Y,02:46,333,28,east,sunny,Thomas Denker,CC,2,5,LK44,"H,2,5,V44","14,3,131","RUSH:28,V38, TACK:50,40","M. London rush for 6 yards to the LK38, 1ST DOWN CC (J. Schultes;O. Rohnebak).","H,1,10,V38",rush,NA,0,rush,0,26,16,NA,14,V,LK,"PUNT,3,09:19,20","TD,3,05:44,100",7,80,3:35,PUNT,3,09:19,LK20,TD,3,05:44,CC00,NA
2021_10_LK_CC,LK,CC,Leipzig Kings,Cologne Centurions,8/21/2021,Cologne,Ostkampfbahn,15:04,17:50,Y,02:46,333,28,east,sunny,Thomas Denker,CC,1,10,LK38,"H,1,10,V38","14,4,132","PASS:12,I,81,*",J. Weinreich pass incomplete to V. Roediger.,"H,2,10,V38",pass,NA,0,NA,0,26,16,NA,14,V,LK,"PUNT,3,09:19,20","TD,3,05:44,100",7,80,3:35,PUNT,3,09:19,LK20,TD,3,05:44,CC00,NA
2021_10_LK_CC,LK,CC,Leipzig Kings,Cologne Centurions,8/21/2021,Cologne,Ostkampfbahn,15:04,17:50,Y,02:46,333,28,east,sunny,Thomas Denker,CC,2,10,LK38,"H,2,10,V38","14,5,133","RUSH:28,V36, TACK:40",M. London rush for 2 yards to the LK36 (O. Rohnebak).,"H,3,8,V36",rush,NA,0,NA,0,26,16,NA,14,V,LK,"PUNT,3,09:19,20","TD,3,05:44,100",7,80,3:35,PUNT,3,09:19,LK20,TD,3,05:44,CC00,NA
2021_10_LK_CC,LK,CC,Leipzig Kings,Cologne Centurions,8/21/2021,Cologne,Ostkampfbahn,15:04,17:50,Y,02:46,333,28,east,sunny,Thomas Denker,CC,3,8,LK36,"H,3,8,V36","14,6,134","PASS:12,F,TM,V41 SACK:45 FUMB:V,V41,45 +:45,H20","J. Weinreich sacked for loss of 5 yards to the LK41 (K. Kitchens), fumble by TEAM recovered by LK K. Kitchens at LK41, K. Kitchens for 39 yards to the CC20.","V,1,10,H20",pass,NA,0,NA,0,26,16,F,14,V,LK,"PUNT,3,09:19,20","TD,3,05:44,100",7,80,3:35,PUNT,3,09:19,LK20,TD,3,05:44,CC00,NA
2021_10_LK_CC,LK,CC,Leipzig Kings,Cologne Centurions,8/21/2021,Cologne,Ostkampfbahn,15:04,17:50,Y,02:46,333,28,east,sunny,Thomas Denker,LK,1,10,CC20,"V,1,10,H20","15,1,135","{DRIVE}:03:10 SPOT:V,H20,Y","LEIPZIG KINGS drive start at 03:10, LK ball on CC20.","V,1,10,H20",NA,03:10,0,NA,0,26,16,NA,15,H,CC,"KO,3,05:31,51","FUMB,3,03:10,59",5,8,2:21,KO,3,05:31,LK49,FUMB,3,03:10,LK41,NA
2021_10_LK_CC,LK,CC,Leipzig Kings,Cologne Centurions,8/21/2021,Cologne,Ostkampfbahn,15:04,17:50,Y,02:46,333,28,east,sunny,Thomas Denker,LK,1,10,CC20,"V,1,10,H20","15,2,136","PASS:3,C,10,H00 T:03:00","M. Birdsong pass complete to C. Roemer for 20 yards to the CC0, 1ST DOWN LK, TOUCHDOWN, clock 03:00.","V,1,0,H03",pass,03:00,0,pass,1,32,16,NA,15,H,CC,"KO,3,05:31,51","FUMB,3,03:10,59",5,8,2:21,KO,3,05:31,LK49,FUMB,3,03:10,LK41,NA
2021_10_LK_CC,LK,CC,Leipzig Kings,Cologne Centurions,8/21/2021,Cologne,Ostkampfbahn,15:04,17:50,Y,02:46,333,28,east,sunny,Thomas Denker,LK,1,0,CC03,"V,1,0,H03","15,3,137","PAT:P,3/12,G",M. Birdsong pass attempt to J. Awini good.,"V,1,0,V35",pat,NA,0,NA,1,34,16,NA,15,H,CC,"KO,3,05:31,51","FUMB,3,03:10,59",5,8,2:21,KO,3,05:31,LK49,FUMB,3,03:10,LK41,NA
2021_10_LK_CC,LK,CC,Leipzig Kings,Cologne Centurions,8/21/2021,Cologne,Ostkampfbahn,15:04,17:50,Y,02:46,333,28,east,sunny,Thomas Denker,LK,1,0,LK35,"V,1,0,V35","15,4,138","KO:18,H09 RET:5,V43 TACK:54","M. Ulbrich kickoff 56 yards to the CC9, P. Lenhardt return 48 yards to the LK43 (M. Strauss).","H,1,10,V43",kick_off,NA,0,NA,0,34,16,NA,15,H,CC,"KO,3,05:31,51","FUMB,3,03:10,59",5,8,2:21,KO,3,05:31,LK49,FUMB,3,03:10,LK41,NA
2021_10_LK_CC,LK,CC,Leipzig Kings,Cologne Centurions,8/21/2021,Cologne,Ostkampfbahn,15:04,17:50,Y,02:46,333,28,east,sunny,Thomas Denker,CC,1,10,LK43,"H,1,10,V43","16,1,139",{DRIVE}:02:53,COLOGNE CENTURIONS drive start at 02:53.,"H,1,10,V43",NA,02:53,0,NA,0,34,16,NA,16,V,LK,"FUMB,3,03:10,80","TD,3,03:00,100",1,20,0:10,FUMB,3,03:10,CC20,TD,3,03:00,CC00,NA
2021_10_LK_CC,LK,CC,Leipzig Kings,Cologne Centurions,8/21/2021,Cologne,Ostkampfbahn,15:04,17:50,Y,02:46,333,28,east,sunny,Thomas Denker,CC,1,10,LK43,"H,1,10,V43","16,2,140","RUSH:28,V42, TACK:92",M. London rush for 1 yard to the LK42 (A. Zetterberg).,"H,2,9,V42",rush,NA,0,NA,0,34,16,NA,16,V,LK,"FUMB,3,03:10,80","TD,3,03:00,100",1,20,0:10,FUMB,3,03:10,CC20,TD,3,03:00,CC00,NA
2021_10_LK_CC,LK,CC,Leipzig Kings,Cologne Centurions,8/21/2021,Cologne,Ostkampfbahn,15:04,17:50,Y,02:46,333,28,east,sunny,Thomas Denker,CC,2,9,LK42,"H,2,9,V42","16,3,141","PASS:12,S,TM,V47 SACK:92",J. Weinreich sacked for loss of 5 yards to the LK47 (A. Zetterberg).,"H,3,14,V47",pass,NA,0,NA,0,34,16,NA,16,V,LK,"FUMB,3,03:10,80","TD,3,03:00,100",1,20,0:10,FUMB,3,03:10,CC20,TD,3,03:00,CC00,NA
2021_10_LK_CC,LK,CC,Leipzig Kings,Cologne Centurions,8/21/2021,Cologne,Ostkampfbahn,15:04,17:50,Y,02:46,333,28,east,sunny,Thomas Denker,CC,3,14,LK47,"H,3,14,V47","16,4,142","PASS:12,I,5,*",J. Weinreich pass incomplete to P. Lenhardt.,"H,4,14,V47",pass,NA,0,NA,0,34,16,NA,16,V,LK,"FUMB,3,03:10,80","TD,3,03:00,100",1,20,0:10,FUMB,3,03:10,CC20,TD,3,03:00,CC00,NA
2021_10_LK_CC,LK,CC,Leipzig Kings,Cologne Centurions,8/21/2021,Cologne,Ostkampfbahn,15:04,17:50,Y,02:46,333,28,east,sunny,Thomas Denker,CC,4,14,LK47,"H,4,14,V47","16,5,143","PUNT:81,V25 OB:","V. Roediger punt 22 yards to the LK25, out-of-bounds.","V,1,10,V25",punt,NA,1,NA,0,34,16,NA,16,V,LK,"FUMB,3,03:10,80","TD,3,03:00,100",1,20,0:10,FUMB,3,03:10,CC20,TD,3,03:00,CC00,NA
2021_10_LK_CC,LK,CC,Leipzig Kings,Cologne Centurions,8/21/2021,Cologne,Ostkampfbahn,15:04,17:50,Y,02:46,333,28,east,sunny,Thomas Denker,LK,1,10,LK25,"V,1,10,V25","17,1,144",{DRIVE}:01:28,LEIPZIG KINGS drive start at 01:28.,"V,1,10,V25",NA,01:28,0,NA,0,34,16,NA,17,H,CC,"KO,3,02:53,57","PUNT,3,01:28,53",3,-4,1:25,KO,3,02:53,LK43,PUNT,3,01:28,LK47,NA
2021_10_LK_CC,LK,CC,Leipzig Kings,Cologne Centurions,8/21/2021,Cologne,Ostkampfbahn,15:04,17:50,Y,02:46,333,28,east,sunny,Thomas Denker,LK,1,10,LK25,"V,1,10,V25","17,2,145","RUSH:2,V44, TACK:9","J. Aguemon rush for 19 yards to the LK44, 1ST DOWN LK (W. Bhikh).","V,1,10,V44",rush,NA,0,rush,0,34,16,NA,17,H,CC,"KO,3,02:53,57","PUNT,3,01:28,53",3,-4,1:25,KO,3,02:53,LK43,PUNT,3,01:28,LK47,NA
2021_10_LK_CC,LK,CC,Leipzig Kings,Cologne Centurions,8/21/2021,Cologne,Ostkampfbahn,15:04,17:50,Y,02:46,333,28,east,sunny,Thomas Denker,LK,1,10,LK44,"V,1,10,V44","17,3,146","RUSH:2,H48, TACK:44",J. Aguemon rush for 8 yards to the CC48 (M. Kensy).,"V,2,2,H48",rush,NA,0,NA,0,34,16,NA,17,H,CC,"KO,3,02:53,57","PUNT,3,01:28,53",3,-4,1:25,KO,3,02:53,LK43,PUNT,3,01:28,LK47,NA
2021_10_LK_CC,LK,CC,Leipzig Kings,Cologne Centurions,8/21/2021,Cologne,Ostkampfbahn,15:04,17:50,Y,02:46,333,28,east,sunny,Thomas Denker,LK,2,2,CC48,"V,2,2,H48","17,4,147",Q:4 T:15:00,"Start of 4th quarter, clock 15:00.","V,2,2,H48",NA,15:00,0,NA,0,34,16,NA,17,H,CC,"KO,3,02:53,57","PUNT,3,01:28,53",3,-4,1:25,KO,3,02:53,LK43,PUNT,3,01:28,LK47,NA
2021_10_LK_CC,LK,CC,Leipzig Kings,Cologne Centurions,8/21/2021,Cologne,Ostkampfbahn,15:04,17:50,Y,02:46,333,28,east,sunny,Thomas Denker,LK,2,2,CC48,"V,2,2,H48","17,5,148","PASS:3,C,12,H00 T:14:37","M. Birdsong pass complete to J. Awini for 48 yards to the CC0, 1ST DOWN LK, TOUCHDOWN, clock 14:37.","V,1,0,H03",pass,14:37,0,pass,1,40,16,NA,17,H,CC,"KO,3,02:53,57","PUNT,3,01:28,53",3,-4,1:25,KO,3,02:53,LK43,PUNT,3,01:28,LK47,NA
2021_10_LK_CC,LK,CC,Leipzig Kings,Cologne Centurions,8/21/2021,Cologne,Ostkampfbahn,15:04,17:50,Y,02:46,333,28,east,sunny,Thomas Denker,LK,1,0,CC03,"V,1,0,H03","17,6,149","PAT:P,3,M PEN:H,HC,O PEN:V,ID,O NOPLAY: SPOT:V,H02,N","M. Birdsong pass attempt failed, PENALTY CC horse collar off-setting, PENALTY LK ineligible downfield on pass off-setting, NO PLAY, LK ball on CC2.","V,1,0,H02",penalty,NA,0,NA,0,40,16,NA,17,H,CC,"KO,3,02:53,57","PUNT,3,01:28,53",3,-4,1:25,KO,3,02:53,LK43,PUNT,3,01:28,LK47,NA
2021_10_LK_CC,LK,CC,Leipzig Kings,Cologne Centurions,8/21/2021,Cologne,Ostkampfbahn,15:04,17:50,Y,02:46,333,28,east,sunny,Thomas Denker,LK,1,0,CC02,"V,1,0,H02","17,7,150","PAT:R,2,G",J. Aguemon rush attempt good.,"V,1,0,V35",pat,NA,0,NA,1,42,16,NA,17,H,CC,"KO,3,02:53,57","PUNT,3,01:28,53",3,-4,1:25,KO,3,02:53,LK43,PUNT,3,01:28,LK47,NA
2021_10_LK_CC,LK,CC,Leipzig Kings,Cologne Centurions,8/21/2021,Cologne,Ostkampfbahn,15:04,17:50,Y,02:46,333,28,east,sunny,Thomas Denker,LK,1,0,LK35,"V,1,0,V35","17,8,151","KO:18,H25 RET:24,V36 OB:","M. Ulbrich kickoff 40 yards to the CC25, D. Jacobs return 39 yards to the LK36, out-of-bounds.","H,1,10,V36",kick_off,NA,1,NA,0,42,16,NA,17,H,CC,"KO,3,02:53,57","PUNT,3,01:28,53",3,-4,1:25,KO,3,02:53,LK43,PUNT,3,01:28,LK47,NA
2021_10_LK_CC,LK,CC,Leipzig Kings,Cologne Centurions,8/21/2021,Cologne,Ostkampfbahn,15:04,17:50,Y,02:46,333,28,east,sunny,Thomas Denker,CC,1,10,LK36,"H,1,10,V36","18,1,152",{DRIVE}:14:52,COLOGNE CENTURIONS drive start at 14:52.,"H,1,10,V36",NA,14:52,0,NA,0,42,16,NA,18,V,LK,"PUNT,3,01:28,25","TD,4,14:37,100",3,75,1:51,PUNT,3,01:28,LK25,TD,4,14:37,CC00,NA
2021_10_LK_CC,LK,CC,Leipzig Kings,Cologne Centurions,8/21/2021,Cologne,Ostkampfbahn,15:04,17:50,Y,02:46,333,28,east,sunny,Thomas Denker,CC,1,10,LK36,"H,1,10,V36","18,2,153","RUSH:28,V34,",M. London rush for 2 yards to the LK34.,"H,2,8,V34",rush,NA,0,NA,0,42,16,NA,18,V,LK,"PUNT,3,01:28,25","TD,4,14:37,100",3,75,1:51,PUNT,3,01:28,LK25,TD,4,14:37,CC00,NA
2021_10_LK_CC,LK,CC,Leipzig Kings,Cologne Centurions,8/21/2021,Cologne,Ostkampfbahn,15:04,17:50,Y,02:46,333,28,east,sunny,Thomas Denker,CC,2,8,LK34,"H,2,8,V34","18,3,154","RUSH:28,V35, TACK:56",M. London rush for loss of 1 yard to the LK35 (L. Leota).,"H,3,9,V35",rush,NA,0,NA,0,42,16,NA,18,V,LK,"PUNT,3,01:28,25","TD,4,14:37,100",3,75,1:51,PUNT,3,01:28,LK25,TD,4,14:37,CC00,NA
2021_10_LK_CC,LK,CC,Leipzig Kings,Cologne Centurions,8/21/2021,Cologne,Ostkampfbahn,15:04,17:50,Y,02:46,333,28,east,sunny,Thomas Denker,CC,3,9,LK35,"H,3,9,V35","18,4,155","PASS:12,I,5,*",J. Weinreich pass incomplete to P. Lenhardt.,"H,4,9,V35",pass,NA,0,NA,0,42,16,NA,18,V,LK,"PUNT,3,01:28,25","TD,4,14:37,100",3,75,1:51,PUNT,3,01:28,LK25,TD,4,14:37,CC00,NA
2021_10_LK_CC,LK,CC,Leipzig Kings,Cologne Centurions,8/21/2021,Cologne,Ostkampfbahn,15:04,17:50,Y,02:46,333,28,east,sunny,Thomas Denker,CC,4,9,LK35,"H,4,9,V35","18,5,156","PASS:12,S,TM,V37 SACK:99,56",J. Weinreich sacked for loss of 2 yards to the LK37 (V. Buffet;L. Leota).,"V,1,10,V37",pass,NA,0,NA,0,42,16,NA,18,V,LK,"PUNT,3,01:28,25","TD,4,14:37,100",3,75,1:51,PUNT,3,01:28,LK25,TD,4,14:37,CC00,NA
2021_10_LK_CC,LK,CC,Leipzig Kings,Cologne Centurions,8/21/2021,Cologne,Ostkampfbahn,15:04,17:50,Y,02:46,333,28,east,sunny,Thomas Denker,LK,1,10,LK37,"V,1,10,V37","19,1,157",{DRIVE}:12:58,LEIPZIG KINGS drive start at 12:58.,"V,1,10,V37",NA,12:58,0,NA,0,42,16,NA,19,H,CC,"KO,4,14:52,64","DOWNS,4,12:58,63",4,-1,1:54,KO,4,14:52,LK36,DOWNS,4,12:58,LK37,NA
2021_10_LK_CC,LK,CC,Leipzig Kings,Cologne Centurions,8/21/2021,Cologne,Ostkampfbahn,15:04,17:50,Y,02:46,333,28,east,sunny,Thomas Denker,LK,1,10,LK37,"V,1,10,V37","19,2,158","RUSH:2,H49, TACK:23","J. Aguemon rush for 14 yards to the CC49, 1ST DOWN LK (T. Janssen).","V,1,10,H49",rush,NA,0,rush,0,42,16,NA,19,H,CC,"KO,4,14:52,64","DOWNS,4,12:58,63",4,-1,1:54,KO,4,14:52,LK36,DOWNS,4,12:58,LK37,NA
2021_10_LK_CC,LK,CC,Leipzig Kings,Cologne Centurions,8/21/2021,Cologne,Ostkampfbahn,15:04,17:50,Y,02:46,333,28,east,sunny,Thomas Denker,LK,1,10,CC49,"V,1,10,H49","19,3,159","RUSH:2,H39, TACK:24","J. Aguemon rush for 10 yards to the CC39, 1ST DOWN LK (D. Jacobs).","V,1,10,H39",rush,NA,0,rush,0,42,16,NA,19,H,CC,"KO,4,14:52,64","DOWNS,4,12:58,63",4,-1,1:54,KO,4,14:52,LK36,DOWNS,4,12:58,LK37,NA
2021_10_LK_CC,LK,CC,Leipzig Kings,Cologne Centurions,8/21/2021,Cologne,Ostkampfbahn,15:04,17:50,Y,02:46,333,28,east,sunny,Thomas Denker,LK,1,10,CC39,"V,1,10,H39","19,4,160","PASS:3,C,12,H26 TACK:9","M. Birdsong pass complete to J. Awini for 13 yards to the CC26, 1ST DOWN LK (W. Bhikh).","V,1,10,H26",pass,NA,0,pass,0,42,16,NA,19,H,CC,"KO,4,14:52,64","DOWNS,4,12:58,63",4,-1,1:54,KO,4,14:52,LK36,DOWNS,4,12:58,LK37,NA
2021_10_LK_CC,LK,CC,Leipzig Kings,Cologne Centurions,8/21/2021,Cologne,Ostkampfbahn,15:04,17:50,Y,02:46,333,28,east,sunny,Thomas Denker,LK,1,10,CC26,"V,1,10,H26","19,5,161","RUSH:2,H25,",J. Aguemon rush for 1 yard to the CC25.,"V,2,9,H25",rush,NA,0,NA,0,42,16,NA,19,H,CC,"KO,4,14:52,64","DOWNS,4,12:58,63",4,-1,1:54,KO,4,14:52,LK36,DOWNS,4,12:58,LK37,NA
2021_10_LK_CC,LK,CC,Leipzig Kings,Cologne Centurions,8/21/2021,Cologne,Ostkampfbahn,15:04,17:50,Y,02:46,333,28,east,sunny,Thomas Denker,LK,2,9,CC25,"V,2,9,H25","19,6,162","PASS:3,I,11,*",M. Birdsong pass incomplete to A. Dable-Wolf.,"V,3,9,H25",pass,NA,0,NA,0,42,16,NA,19,H,CC,"KO,4,14:52,64","DOWNS,4,12:58,63",4,-1,1:54,KO,4,14:52,LK36,DOWNS,4,12:58,LK37,NA
2021_10_LK_CC,LK,CC,Leipzig Kings,Cologne Centurions,8/21/2021,Cologne,Ostkampfbahn,15:04,17:50,Y,02:46,333,28,east,sunny,Thomas Denker,LK,3,9,CC25,"V,3,9,H25","19,7,163","RUSH:2,H23, TACK:44,99",J. Aguemon rush for 2 yards to the CC23 (M. Kensy;J. De Souza B.).,"V,4,7,H23",rush,NA,0,NA,0,42,16,NA,19,H,CC,"KO,4,14:52,64","DOWNS,4,12:58,63",4,-1,1:54,KO,4,14:52,LK36,DOWNS,4,12:58,LK37,NA
2021_10_LK_CC,LK,CC,Leipzig Kings,Cologne Centurions,8/21/2021,Cologne,Ostkampfbahn,15:04,17:50,Y,02:46,333,28,east,sunny,Thomas Denker,LK,4,7,CC23,"V,4,7,H23","19,8,164","PASS:3,I,12,* BRUP:9",M. Birdsong pass incomplete to J. Awini (W. Bhikh).,"H,1,10,H23",pass,NA,0,NA,0,42,16,NA,19,H,CC,"KO,4,14:52,64","DOWNS,4,12:58,63",4,-1,1:54,KO,4,14:52,LK36,DOWNS,4,12:58,LK37,NA
2021_10_LK_CC,LK,CC,Leipzig Kings,Cologne Centurions,8/21/2021,Cologne,Ostkampfbahn,15:04,17:50,Y,02:46,333,28,east,sunny,Thomas Denker,CC,1,10,CC23,"H,1,10,H23","20,1,165",{DRIVE}:08:54,COLOGNE CENTURIONS drive start at 08:54.,"H,1,10,H23",NA,08:54,0,NA,0,42,16,NA,20,V,LK,"DOWNS,4,12:58,37","DOWNS,4,08:54,77",7,40,4:04,DOWNS,4,12:58,LK37,DOWNS,4,08:54,CC23,NA
2021_10_LK_CC,LK,CC,Leipzig Kings,Cologne Centurions,8/21/2021,Cologne,Ostkampfbahn,15:04,17:50,Y,02:46,333,28,east,sunny,Thomas Denker,CC,1,10,CC23,"H,1,10,H23","20,2,166","PASS:12,C,5,H38 PEN:H,PF,A,81,H11,N NOPLAY:","J. Weinreich pass complete to P. Lenhardt for 15 yards to the CC38, PENALTY CC personal foul (V. Roediger) 12 yards to the CC11, NO PLAY.","H,1,22,H11",penalty,NA,0,NA,0,42,16,NA,20,V,LK,"DOWNS,4,12:58,37","DOWNS,4,08:54,77",7,40,4:04,DOWNS,4,12:58,LK37,DOWNS,4,08:54,CC23,NA
2021_10_LK_CC,LK,CC,Leipzig Kings,Cologne Centurions,8/21/2021,Cologne,Ostkampfbahn,15:04,17:50,Y,02:46,333,28,east,sunny,Thomas Denker,CC,1,22,CC11,"H,1,22,H11","20,3,167","PASS:12,C,81,H18 TACK:50,92",J. Weinreich pass complete to V. Roediger for 7 yards to the CC18 (J. Schultes;A. Zetterberg).,"H,2,15,H18",pass,NA,0,NA,0,42,16,NA,20,V,LK,"DOWNS,4,12:58,37","DOWNS,4,08:54,77",7,40,4:04,DOWNS,4,12:58,LK37,DOWNS,4,08:54,CC23,NA
2021_10_LK_CC,LK,CC,Leipzig Kings,Cologne Centurions,8/21/2021,Cologne,Ostkampfbahn,15:04,17:50,Y,02:46,333,28,east,sunny,Thomas Denker,CC,2,15,CC18,"H,2,15,H18","20,4,168","PASS:12,C,10,H28 TACK:7",J. Weinreich pass complete to J. Schlesinger for 10 yards to the CC28 (B. Tchiyoko).,"H,3,5,H28",pass,NA,0,NA,0,42,16,NA,20,V,LK,"DOWNS,4,12:58,37","DOWNS,4,08:54,77",7,40,4:04,DOWNS,4,12:58,LK37,DOWNS,4,08:54,CC23,NA
2021_10_LK_CC,LK,CC,Leipzig Kings,Cologne Centurions,8/21/2021,Cologne,Ostkampfbahn,15:04,17:50,Y,02:46,333,28,east,sunny,Thomas Denker,CC,3,5,CC28,"H,3,5,H28","20,5,169","PASS:12,C,81,V37 TACK:48","J. Weinreich pass complete to V. Roediger for 35 yards to the LK37, 1ST DOWN CC (L. Lampe).","H,1,10,V37",pass,NA,0,pass,0,42,16,NA,20,V,LK,"DOWNS,4,12:58,37","DOWNS,4,08:54,77",7,40,4:04,DOWNS,4,12:58,LK37,DOWNS,4,08:54,CC23,NA
2021_10_LK_CC,LK,CC,Leipzig Kings,Cologne Centurions,8/21/2021,Cologne,Ostkampfbahn,15:04,17:50,Y,02:46,333,28,east,sunny,Thomas Denker,CC,1,10,LK37,"H,1,10,V37","20,6,170","RUSH:4,V34,",G. Ngovo rush for 3 yards to the LK34.,"H,2,7,V34",rush,NA,0,NA,0,42,16,NA,20,V,LK,"DOWNS,4,12:58,37","DOWNS,4,08:54,77",7,40,4:04,DOWNS,4,12:58,LK37,DOWNS,4,08:54,CC23,NA
2021_10_LK_CC,LK,CC,Leipzig Kings,Cologne Centurions,8/21/2021,Cologne,Ostkampfbahn,15:04,17:50,Y,02:46,333,28,east,sunny,Thomas Denker,CC,2,7,LK34,"H,2,7,V34","20,7,171","PASS:12,C,5,V24 TACK:26,28","J. Weinreich pass complete to P. Lenhardt for 10 yards to the LK24, 1ST DOWN CC (F. Borger;J. Dietze).","H,1,10,V24",pass,NA,0,pass,0,42,16,NA,20,V,LK,"DOWNS,4,12:58,37","DOWNS,4,08:54,77",7,40,4:04,DOWNS,4,12:58,LK37,DOWNS,4,08:54,CC23,NA
2021_10_LK_CC,LK,CC,Leipzig Kings,Cologne Centurions,8/21/2021,Cologne,Ostkampfbahn,15:04,17:50,Y,02:46,333,28,east,sunny,Thomas Denker,CC,1,10,LK24,"H,1,10,V24","20,8,172","RUSH:26,V23, TACK:42",A. Frisch rush for 1 yard to the LK23 (P. Mingerzahn).,"H,2,9,V23",rush,NA,0,NA,0,42,16,NA,20,V,LK,"DOWNS,4,12:58,37","DOWNS,4,08:54,77",7,40,4:04,DOWNS,4,12:58,LK37,DOWNS,4,08:54,CC23,NA
2021_10_LK_CC,LK,CC,Leipzig Kings,Cologne Centurions,8/21/2021,Cologne,Ostkampfbahn,15:04,17:50,Y,02:46,333,28,east,sunny,Thomas Denker,CC,2,9,LK23,"H,2,9,V23","20,9,173","PASS:12,C,87,V18 TACK:33",J. Weinreich pass complete to F. Eichhorn for 5 yards to the LK18 (P. Meissner).,"H,3,4,V18",pass,NA,0,NA,0,42,16,NA,20,V,LK,"DOWNS,4,12:58,37","DOWNS,4,08:54,77",7,40,4:04,DOWNS,4,12:58,LK37,DOWNS,4,08:54,CC23,NA
2021_10_LK_CC,LK,CC,Leipzig Kings,Cologne Centurions,8/21/2021,Cologne,Ostkampfbahn,15:04,17:50,Y,02:46,333,28,east,sunny,Thomas Denker,CC,3,4,LK18,"H,3,4,V18","20,10,174","PASS:12,C,5,V05 TACK:7","J. Weinreich pass complete to P. Lenhardt for 13 yards to the LK5, 1ST DOWN CC (B. Tchiyoko).","H,1,0,V05",pass,NA,0,pass,0,42,16,NA,20,V,LK,"DOWNS,4,12:58,37","DOWNS,4,08:54,77",7,40,4:04,DOWNS,4,12:58,LK37,DOWNS,4,08:54,CC23,NA
2021_10_LK_CC,LK,CC,Leipzig Kings,Cologne Centurions,8/21/2021,Cologne,Ostkampfbahn,15:04,17:50,Y,02:46,333,28,east,sunny,Thomas Denker,CC,1,0,LK05,"H,1,0,V05","20,11,175","RUSH:4,V00, T:03:17","G. Ngovo rush for 5 yards to the LK0, 1ST DOWN CC, TOUCHDOWN, clock 03:17.","H,1,0,V03",rush,03:17,0,rush,1,42,22,NA,20,V,LK,"DOWNS,4,12:58,37","DOWNS,4,08:54,77",7,40,4:04,DOWNS,4,12:58,LK37,DOWNS,4,08:54,CC23,NA
2021_10_LK_CC,LK,CC,Leipzig Kings,Cologne Centurions,8/21/2021,Cologne,Ostkampfbahn,15:04,17:50,Y,02:46,333,28,east,sunny,Thomas Denker,CC,1,0,LK03,"H,1,0,V03","20,12,176","PAT:R,6,G",J. Nowak rush attempt good.,"H,1,0,H35",pat,NA,0,NA,1,42,24,NA,20,V,LK,"DOWNS,4,12:58,37","DOWNS,4,08:54,77",7,40,4:04,DOWNS,4,12:58,LK37,DOWNS,4,08:54,CC23,NA
2021_10_LK_CC,LK,CC,Leipzig Kings,Cologne Centurions,8/21/2021,Cologne,Ostkampfbahn,15:04,17:50,Y,02:46,333,28,east,sunny,Thomas Denker,CC,1,0,CC35,"H,1,0,H35","20,13,177","KO:2,V00 TB:","D. Schuhmacher kickoff 65 yards to the LK0, touchback.","V,1,10,V25",kick_off,NA,0,NA,0,42,24,NA,20,V,LK,"DOWNS,4,12:58,37","DOWNS,4,08:54,77",7,40,4:04,DOWNS,4,12:58,LK37,DOWNS,4,08:54,CC23,NA
2021_10_LK_CC,LK,CC,Leipzig Kings,Cologne Centurions,8/21/2021,Cologne,Ostkampfbahn,15:04,17:50,Y,02:46,333,28,east,sunny,Thomas Denker,LK,1,10,LK25,"V,1,10,V25","21,1,178",{DRIVE}:03:14,LEIPZIG KINGS drive start at 03:14.,"V,1,10,V25",NA,03:14,0,NA,0,42,24,NA,21,H,CC,"DOWNS,4,08:54,23","TD,4,03:17,100",9,77,5:37,DOWNS,4,08:54,CC23,TD,4,03:17,LK00,1
2021_10_LK_CC,LK,CC,Leipzig Kings,Cologne Centurions,8/21/2021,Cologne,Ostkampfbahn,15:04,17:50,Y,02:46,333,28,east,sunny,Thomas Denker,LK,1,10,LK25,"V,1,10,V25","21,2,179","RUSH:2,V34, TACK:91",J. Aguemon rush for 9 yards to the LK34 (R. Sellung).,"V,2,1,V34",rush,NA,0,NA,0,42,24,NA,21,H,CC,"DOWNS,4,08:54,23","TD,4,03:17,100",9,77,5:37,DOWNS,4,08:54,CC23,TD,4,03:17,LK00,1
2021_10_LK_CC,LK,CC,Leipzig Kings,Cologne Centurions,8/21/2021,Cologne,Ostkampfbahn,15:04,17:50,Y,02:46,333,28,east,sunny,Thomas Denker,LK,2,1,LK34,"V,2,1,V34","21,3,180","RUSH:2,V42, TACK:55","J. Aguemon rush for 8 yards to the LK42, 1ST DOWN LK (M. Taylor).","V,1,10,V42",rush,NA,0,rush,0,42,24,NA,21,H,CC,"DOWNS,4,08:54,23","TD,4,03:17,100",9,77,5:37,DOWNS,4,08:54,CC23,TD,4,03:17,LK00,1
2021_10_LK_CC,LK,CC,Leipzig Kings,Cologne Centurions,8/21/2021,Cologne,Ostkampfbahn,15:04,17:50,Y,02:46,333,28,east,sunny,Thomas Denker,LK,1,10,LK42,"V,1,10,V42","21,4,181","RUSH:85,V45, TACK:44",A. Doroshev rush for 3 yards to the LK45 (M. Kensy).,"V,2,7,V45",rush,NA,0,NA,0,42,24,NA,21,H,CC,"DOWNS,4,08:54,23","TD,4,03:17,100",9,77,5:37,DOWNS,4,08:54,CC23,TD,4,03:17,LK00,1
2021_10_LK_CC,LK,CC,Leipzig Kings,Cologne Centurions,8/21/2021,Cologne,Ostkampfbahn,15:04,17:50,Y,02:46,333,28,east,sunny,Thomas Denker,LK,2,7,LK45,"V,2,7,V45","21,5,182","RUSH:85,V47,",A. Doroshev rush for 2 yards to the LK47.,"V,3,5,V47",rush,NA,0,NA,0,42,24,NA,21,H,CC,"DOWNS,4,08:54,23","TD,4,03:17,100",9,77,5:37,DOWNS,4,08:54,CC23,TD,4,03:17,LK00,1
2021_10_LK_CC,LK,CC,Leipzig Kings,Cologne Centurions,8/21/2021,Cologne,Ostkampfbahn,15:04,17:50,Y,02:46,333,28,east,sunny,Thomas Denker,LK,3,5,LK47,"V,3,5,V47","21,6,183","RUSH:3,V46,",M. Birdsong rush for loss of 1 yard to the LK46.,"V,4,6,V46",rush,NA,0,NA,0,42,24,NA,21,H,CC,"DOWNS,4,08:54,23","TD,4,03:17,100",9,77,5:37,DOWNS,4,08:54,CC23,TD,4,03:17,LK00,1
2021_10_LK_CC,LK,CC,Leipzig Kings,Cologne Centurions,8/21/2021,Cologne,Ostkampfbahn,15:04,17:50,Y,02:46,333,28,east,sunny,Thomas Denker,LK,4,6,LK46,"V,4,6,V46","21,7,184",HALF: T:00:00,"End of game, clock 00:00.","V,4,6,V46",NA,00:00,0,NA,0,42,24,NA,21,H,CC,"DOWNS,4,08:54,23","TD,4,03:17,100",9,77,5:37,DOWNS,4,08:54,CC23,TD,4,03:17,LK00,1
