game_id,away_team_id,home_team_id,away_team,home_team,date,location,stadium,start,end,duration,attend,temp,wind,weather,ref,ump,line,lj,bj,fj,sj,posteam,down,togo,spot,context,play_id,tokens,desc,newcontext,play_type,first_down_with,oob,clock,score,away_score_post,home_score_post,turnover,drive_number,drive_vh,drive_team,drive_start,drive_end,drive_plays,drive_yards,drive_top,drive_start_how,drive_start_qtr,drive_start_time,drive_start_spot,drive_end_how,drive_end_qtr,drive_end_time,drive_end_spot,drive_rz
2021_08_HD_FG,HD,FG,Hamburg Sea Devils,Frankfurt Galaxy,8/8/2021,Frankfurt,PSD Bank Arena,15:00,17:40,02:40,2800,21 degr.,SW18km/h,cloudy,M. Scholz,B. Hansen,R. Lewis,S. Richardson,D. Jurzyk,K. Przybyla,A. Flaisch-J.,HD,1,10,HD35,"V,1,10,V35","0,1,0","CMT:HD wins coin toss and defers, FG elects to receive the ball","HD wins coin toss and defers, FG elects to receive the ball","V,1,10,V35",NA,NA,0,NA,0,0,0,NA,0,NA,NA,NA,NA,NA,NA,NA,NA,NA,NA,NA,NA,NA,NA,NA,NA
2021_08_HD_FG,HD,FG,Hamburg Sea Devils,Frankfurt Galaxy,8/8/2021,Frankfurt,PSD Bank Arena,15:00,17:40,02:40,2800,21 degr.,SW18km/h,cloudy,M. Scholz,B. Hansen,R. Lewis,S. Richardson,D. Jurzyk,K. Przybyla,A. Flaisch-J.,HD,1,10,HD35,"V,1,10,V35","0,2,1","KO:4,H00 TB:","P. Andersen kickoff 65 yards to the FG0, touchback.","H,1,10,H25",kick_off,NA,0,NA,0,0,0,NA,0,NA,NA,NA,NA,NA,NA,NA,NA,NA,NA,NA,NA,NA,NA,NA,NA
2021_08_HD_FG,HD,FG,Hamburg Sea Devils,Frankfurt Galaxy,8/8/2021,Frankfurt,PSD Bank Arena,15:00,17:40,02:40,2800,21 degr.,SW18km/h,cloudy,M. Scholz,B. Hansen,R. Lewis,S. Richardson,D. Jurzyk,K. Przybyla,A. Flaisch-J.,FG,1,10,FG25,"H,1,10,H25","1,1,2","RUSH:33,H34, TACK:40",J. Rodney rush for 9 yards to the FG34 (M. Spiegel).,"H,2,1,H34",rush,NA,0,NA,0,0,0,NA,1,H,FG,"KO,1,15:00,25","TD,1,09:46,100",11,75,5:14,KO,1,15:00,FG25,TD,1,09:46,HD00,NA
2021_08_HD_FG,HD,FG,Hamburg Sea Devils,Frankfurt Galaxy,8/8/2021,Frankfurt,PSD Bank Arena,15:00,17:40,02:40,2800,21 degr.,SW18km/h,cloudy,M. Scholz,B. Hansen,R. Lewis,S. Richardson,D. Jurzyk,K. Przybyla,A. Flaisch-J.,FG,2,1,FG34,"H,2,1,H34","1,2,3","PASS:7,C,19,H36 TACK:23","J. Sullivan pass complete to N. Strahmann for 2 yards to the FG36, 1ST DOWN FG (J. Rogers).","H,1,10,H36",pass,pass,0,NA,0,0,0,NA,1,H,FG,"KO,1,15:00,25","TD,1,09:46,100",11,75,5:14,KO,1,15:00,FG25,TD,1,09:46,HD00,NA
2021_08_HD_FG,HD,FG,Hamburg Sea Devils,Frankfurt Galaxy,8/8/2021,Frankfurt,PSD Bank Arena,15:00,17:40,02:40,2800,21 degr.,SW18km/h,cloudy,M. Scholz,B. Hansen,R. Lewis,S. Richardson,D. Jurzyk,K. Przybyla,A. Flaisch-J.,FG,1,10,FG36,"H,1,10,H36","1,3,4","PASS:7,I,87,*",J. Sullivan pass incomplete to K. Mwamba.,"H,2,10,H36",pass,NA,0,NA,0,0,0,NA,1,H,FG,"KO,1,15:00,25","TD,1,09:46,100",11,75,5:14,KO,1,15:00,FG25,TD,1,09:46,HD00,NA
2021_08_HD_FG,HD,FG,Hamburg Sea Devils,Frankfurt Galaxy,8/8/2021,Frankfurt,PSD Bank Arena,15:00,17:40,02:40,2800,21 degr.,SW18km/h,cloudy,M. Scholz,B. Hansen,R. Lewis,S. Richardson,D. Jurzyk,K. Przybyla,A. Flaisch-J.,FG,2,10,FG36,"H,2,10,H36","1,4,5","RUSH:33,H37, TACK:40,57",J. Rodney rush for 1 yard to the FG37 (M. Spiegel;D. Laporte).,"H,3,9,H37",rush,NA,0,NA,0,0,0,NA,1,H,FG,"KO,1,15:00,25","TD,1,09:46,100",11,75,5:14,KO,1,15:00,FG25,TD,1,09:46,HD00,NA
2021_08_HD_FG,HD,FG,Hamburg Sea Devils,Frankfurt Galaxy,8/8/2021,Frankfurt,PSD Bank Arena,15:00,17:40,02:40,2800,21 degr.,SW18km/h,cloudy,M. Scholz,B. Hansen,R. Lewis,S. Richardson,D. Jurzyk,K. Przybyla,A. Flaisch-J.,FG,3,9,FG37,"H,3,9,H37","1,5,6","PASS:7,C,11,H47 OB: TACK:23","J. Sullivan pass complete to A. Mahoungou for 10 yards to the FG47, 1ST DOWN FG, out-of-bounds (J. Rogers).","H,1,10,H47",pass,pass,1,NA,0,0,0,NA,1,H,FG,"KO,1,15:00,25","TD,1,09:46,100",11,75,5:14,KO,1,15:00,FG25,TD,1,09:46,HD00,NA
2021_08_HD_FG,HD,FG,Hamburg Sea Devils,Frankfurt Galaxy,8/8/2021,Frankfurt,PSD Bank Arena,15:00,17:40,02:40,2800,21 degr.,SW18km/h,cloudy,M. Scholz,B. Hansen,R. Lewis,S. Richardson,D. Jurzyk,K. Przybyla,A. Flaisch-J.,FG,1,10,FG47,"H,1,10,H47","1,6,7","PASS:7,C,13,V32 OB: TACK:23","J. Sullivan pass complete to M. Rutsch for 21 yards to the HD32, 1ST DOWN FG, out-of-bounds (J. Rogers).","H,1,10,V32",pass,pass,1,NA,0,0,0,NA,1,H,FG,"KO,1,15:00,25","TD,1,09:46,100",11,75,5:14,KO,1,15:00,FG25,TD,1,09:46,HD00,NA
2021_08_HD_FG,HD,FG,Hamburg Sea Devils,Frankfurt Galaxy,8/8/2021,Frankfurt,PSD Bank Arena,15:00,17:40,02:40,2800,21 degr.,SW18km/h,cloudy,M. Scholz,B. Hansen,R. Lewis,S. Richardson,D. Jurzyk,K. Przybyla,A. Flaisch-J.,FG,1,10,HD32,"H,1,10,V32","1,7,8","RUSH:7,V26, TACK:27",J. Sullivan rush for 6 yards to the HD26 (L. Mueller).,"H,2,4,V26",rush,NA,0,NA,0,0,0,NA,1,H,FG,"KO,1,15:00,25","TD,1,09:46,100",11,75,5:14,KO,1,15:00,FG25,TD,1,09:46,HD00,NA
2021_08_HD_FG,HD,FG,Hamburg Sea Devils,Frankfurt Galaxy,8/8/2021,Frankfurt,PSD Bank Arena,15:00,17:40,02:40,2800,21 degr.,SW18km/h,cloudy,M. Scholz,B. Hansen,R. Lewis,S. Richardson,D. Jurzyk,K. Przybyla,A. Flaisch-J.,FG,2,4,HD26,"H,2,4,V26","1,8,9","RUSH:7,V20, TACK:40","J. Sullivan rush for 6 yards to the HD20, 1ST DOWN FG (M. Spiegel).","H,1,10,V20",rush,rush,0,NA,0,0,0,NA,1,H,FG,"KO,1,15:00,25","TD,1,09:46,100",11,75,5:14,KO,1,15:00,FG25,TD,1,09:46,HD00,NA
2021_08_HD_FG,HD,FG,Hamburg Sea Devils,Frankfurt Galaxy,8/8/2021,Frankfurt,PSD Bank Arena,15:00,17:40,02:40,2800,21 degr.,SW18km/h,cloudy,M. Scholz,B. Hansen,R. Lewis,S. Richardson,D. Jurzyk,K. Przybyla,A. Flaisch-J.,FG,1,10,HD20,"H,1,10,V20","1,9,10","PASS:7,I,TM,* BRUP:94",J. Sullivan pass incomplete (B. Grube).,"H,2,10,V20",pass,NA,0,NA,0,0,0,NA,1,H,FG,"KO,1,15:00,25","TD,1,09:46,100",11,75,5:14,KO,1,15:00,FG25,TD,1,09:46,HD00,NA
2021_08_HD_FG,HD,FG,Hamburg Sea Devils,Frankfurt Galaxy,8/8/2021,Frankfurt,PSD Bank Arena,15:00,17:40,02:40,2800,21 degr.,SW18km/h,cloudy,M. Scholz,B. Hansen,R. Lewis,S. Richardson,D. Jurzyk,K. Przybyla,A. Flaisch-J.,FG,2,10,HD20,"H,2,10,V20","1,10,11","PEN:H,FS,A,87,V25,N",PENALTY FG false start (K. Mwamba) 5 yards to the HD25.,"H,2,15,V25",penalty,NA,0,NA,0,0,0,NA,1,H,FG,"KO,1,15:00,25","TD,1,09:46,100",11,75,5:14,KO,1,15:00,FG25,TD,1,09:46,HD00,NA
2021_08_HD_FG,HD,FG,Hamburg Sea Devils,Frankfurt Galaxy,8/8/2021,Frankfurt,PSD Bank Arena,15:00,17:40,02:40,2800,21 degr.,SW18km/h,cloudy,M. Scholz,B. Hansen,R. Lewis,S. Richardson,D. Jurzyk,K. Przybyla,A. Flaisch-J.,FG,2,15,HD25,"H,2,15,V25","1,11,12","RUSH:33,V21, OB: TACK:22","J. Rodney rush for 4 yards to the HD21, out-of-bounds (A. Astahin).","H,3,11,V21",rush,NA,1,NA,0,0,0,NA,1,H,FG,"KO,1,15:00,25","TD,1,09:46,100",11,75,5:14,KO,1,15:00,FG25,TD,1,09:46,HD00,NA
2021_08_HD_FG,HD,FG,Hamburg Sea Devils,Frankfurt Galaxy,8/8/2021,Frankfurt,PSD Bank Arena,15:00,17:40,02:40,2800,21 degr.,SW18km/h,cloudy,M. Scholz,B. Hansen,R. Lewis,S. Richardson,D. Jurzyk,K. Przybyla,A. Flaisch-J.,FG,3,11,HD21,"H,3,11,V21","1,12,13",TOUT:V T:09:50,"Timeout Hamburg Sea Devils, clock 09:50.","H,3,11,V21",NA,NA,0,09:50,0,0,0,NA,1,H,FG,"KO,1,15:00,25","TD,1,09:46,100",11,75,5:14,KO,1,15:00,FG25,TD,1,09:46,HD00,NA
2021_08_HD_FG,HD,FG,Hamburg Sea Devils,Frankfurt Galaxy,8/8/2021,Frankfurt,PSD Bank Arena,15:00,17:40,02:40,2800,21 degr.,SW18km/h,cloudy,M. Scholz,B. Hansen,R. Lewis,S. Richardson,D. Jurzyk,K. Przybyla,A. Flaisch-J.,FG,3,11,HD21,"H,3,11,V21","1,13,14","PASS:7,C,87,V00 T:09:46","J. Sullivan pass complete to K. Mwamba for 21 yards to the HD0, 1ST DOWN FG, TOUCHDOWN, clock 09:46.","H,1,10,V15",pass,pass,0,09:46,1,0,6,NA,1,H,FG,"KO,1,15:00,25","TD,1,09:46,100",11,75,5:14,KO,1,15:00,FG25,TD,1,09:46,HD00,NA
2021_08_HD_FG,HD,FG,Hamburg Sea Devils,Frankfurt Galaxy,8/8/2021,Frankfurt,PSD Bank Arena,15:00,17:40,02:40,2800,21 degr.,SW18km/h,cloudy,M. Scholz,B. Hansen,R. Lewis,S. Richardson,D. Jurzyk,K. Przybyla,A. Flaisch-J.,FG,1,10,HD15,"H,1,10,V15","1,14,15","PAT:K,42,G",M. Ebsen kick attempt good.,"H,1,0,H35",pat,NA,0,NA,1,0,7,NA,1,H,FG,"KO,1,15:00,25","TD,1,09:46,100",11,75,5:14,KO,1,15:00,FG25,TD,1,09:46,HD00,NA
2021_08_HD_FG,HD,FG,Hamburg Sea Devils,Frankfurt Galaxy,8/8/2021,Frankfurt,PSD Bank Arena,15:00,17:40,02:40,2800,21 degr.,SW18km/h,cloudy,M. Scholz,B. Hansen,R. Lewis,S. Richardson,D. Jurzyk,K. Przybyla,A. Flaisch-J.,FG,1,0,FG35,"H,1,0,H35","1,15,16","KO:42,V04 RET:23,V22 TACK:46,33","M. Ebsen kickoff 61 yards to the HD4, J. Rogers return 18 yards to the HD22 (O. Ogbevoen;J. Rodney).","V,1,10,V22",kick_off,NA,0,NA,0,0,7,NA,1,H,FG,"KO,1,15:00,25","TD,1,09:46,100",11,75,5:14,KO,1,15:00,FG25,TD,1,09:46,HD00,NA
2021_08_HD_FG,HD,FG,Hamburg Sea Devils,Frankfurt Galaxy,8/8/2021,Frankfurt,PSD Bank Arena,15:00,17:40,02:40,2800,21 degr.,SW18km/h,cloudy,M. Scholz,B. Hansen,R. Lewis,S. Richardson,D. Jurzyk,K. Przybyla,A. Flaisch-J.,HD,1,10,HD22,"V,1,10,V22","2,1,17",{DRIVE}:09:39,HAMBURG SEA DEVILS drive start at 09:39.,"V,1,10,V22",NA,NA,0,09:39,0,0,7,NA,2,V,HD,"KO,1,09:39,22","PUNT,1,08:12,26",3,4,1:27,KO,1,09:39,HD22,PUNT,1,08:12,HD26,NA
2021_08_HD_FG,HD,FG,Hamburg Sea Devils,Frankfurt Galaxy,8/8/2021,Frankfurt,PSD Bank Arena,15:00,17:40,02:40,2800,21 degr.,SW18km/h,cloudy,M. Scholz,B. Hansen,R. Lewis,S. Richardson,D. Jurzyk,K. Przybyla,A. Flaisch-J.,HD,1,10,HD22,"V,1,10,V22","2,2,18","PASS:10,I,88,*",J. Clark pass incomplete to A. Botella M..,"V,2,10,V22",pass,NA,0,NA,0,0,7,NA,2,V,HD,"KO,1,09:39,22","PUNT,1,08:12,26",3,4,1:27,KO,1,09:39,HD22,PUNT,1,08:12,HD26,NA
2021_08_HD_FG,HD,FG,Hamburg Sea Devils,Frankfurt Galaxy,8/8/2021,Frankfurt,PSD Bank Arena,15:00,17:40,02:40,2800,21 degr.,SW18km/h,cloudy,M. Scholz,B. Hansen,R. Lewis,S. Richardson,D. Jurzyk,K. Przybyla,A. Flaisch-J.,HD,2,10,HD22,"V,2,10,V22","2,3,19","RUSH:24,V27, TACK:56,41",X. Johnson rush for 5 yards to the HD27 (S. Silva Gomez;S. Gauthier).,"V,3,5,V27",rush,NA,0,NA,0,0,7,NA,2,V,HD,"KO,1,09:39,22","PUNT,1,08:12,26",3,4,1:27,KO,1,09:39,HD22,PUNT,1,08:12,HD26,NA
2021_08_HD_FG,HD,FG,Hamburg Sea Devils,Frankfurt Galaxy,8/8/2021,Frankfurt,PSD Bank Arena,15:00,17:40,02:40,2800,21 degr.,SW18km/h,cloudy,M. Scholz,B. Hansen,R. Lewis,S. Richardson,D. Jurzyk,K. Przybyla,A. Flaisch-J.,HD,3,5,HD27,"V,3,5,V27","2,4,20","RUSH:24,V26, TACK:90,56",X. Johnson rush for loss of 1 yard to the HD26 (M. A. Hor;S. Silva Gomez).,"V,4,6,V26",rush,NA,0,NA,0,0,7,NA,2,V,HD,"KO,1,09:39,22","PUNT,1,08:12,26",3,4,1:27,KO,1,09:39,HD22,PUNT,1,08:12,HD26,NA
2021_08_HD_FG,HD,FG,Hamburg Sea Devils,Frankfurt Galaxy,8/8/2021,Frankfurt,PSD Bank Arena,15:00,17:40,02:40,2800,21 degr.,SW18km/h,cloudy,M. Scholz,B. Hansen,R. Lewis,S. Richardson,D. Jurzyk,K. Przybyla,A. Flaisch-J.,HD,4,6,HD26,"V,4,6,V26","2,5,21","PUNT:4,H22 OB:","P. Andersen punt 52 yards to the FG22, out-of-bounds.","H,1,10,H22",punt,NA,1,NA,0,0,7,NA,2,V,HD,"KO,1,09:39,22","PUNT,1,08:12,26",3,4,1:27,KO,1,09:39,HD22,PUNT,1,08:12,HD26,NA
2021_08_HD_FG,HD,FG,Hamburg Sea Devils,Frankfurt Galaxy,8/8/2021,Frankfurt,PSD Bank Arena,15:00,17:40,02:40,2800,21 degr.,SW18km/h,cloudy,M. Scholz,B. Hansen,R. Lewis,S. Richardson,D. Jurzyk,K. Przybyla,A. Flaisch-J.,FG,1,10,FG22,"H,1,10,H22","3,1,22",{DRIVE}:08:12,FRANKFURT GALAXY drive start at 08:12.,"H,1,10,H22",NA,NA,0,08:12,0,0,7,NA,3,H,FG,"PUNT,1,08:12,22","PUNT,1,06:32,1",3,-21,1:40,PUNT,1,08:12,FG22,PUNT,1,06:32,FG01,NA
2021_08_HD_FG,HD,FG,Hamburg Sea Devils,Frankfurt Galaxy,8/8/2021,Frankfurt,PSD Bank Arena,15:00,17:40,02:40,2800,21 degr.,SW18km/h,cloudy,M. Scholz,B. Hansen,R. Lewis,S. Richardson,D. Jurzyk,K. Przybyla,A. Flaisch-J.,FG,1,10,FG22,"H,1,10,H22","3,2,23","PEN:H,FS,A,15,H17,N",PENALTY FG false start (M. Siemssen) 5 yards to the FG17.,"H,1,15,H17",penalty,NA,0,NA,0,0,7,NA,3,H,FG,"PUNT,1,08:12,22","PUNT,1,06:32,1",3,-21,1:40,PUNT,1,08:12,FG22,PUNT,1,06:32,FG01,NA
2021_08_HD_FG,HD,FG,Hamburg Sea Devils,Frankfurt Galaxy,8/8/2021,Frankfurt,PSD Bank Arena,15:00,17:40,02:40,2800,21 degr.,SW18km/h,cloudy,M. Scholz,B. Hansen,R. Lewis,S. Richardson,D. Jurzyk,K. Przybyla,A. Flaisch-J.,FG,1,15,FG17,"H,1,15,H17","3,3,24","RUSH:33,H14, TACK:23",J. Rodney rush for loss of 3 yards to the FG14 (J. Rogers).,"H,2,18,H14",rush,NA,0,NA,0,0,7,NA,3,H,FG,"PUNT,1,08:12,22","PUNT,1,06:32,1",3,-21,1:40,PUNT,1,08:12,FG22,PUNT,1,06:32,FG01,NA
2021_08_HD_FG,HD,FG,Hamburg Sea Devils,Frankfurt Galaxy,8/8/2021,Frankfurt,PSD Bank Arena,15:00,17:40,02:40,2800,21 degr.,SW18km/h,cloudy,M. Scholz,B. Hansen,R. Lewis,S. Richardson,D. Jurzyk,K. Przybyla,A. Flaisch-J.,FG,2,18,FG14,"H,2,18,H14","3,4,25","PASS:7,I,13,*",J. Sullivan pass incomplete to M. Rutsch.,"H,3,18,H14",pass,NA,0,NA,0,0,7,NA,3,H,FG,"PUNT,1,08:12,22","PUNT,1,06:32,1",3,-21,1:40,PUNT,1,08:12,FG22,PUNT,1,06:32,FG01,NA
2021_08_HD_FG,HD,FG,Hamburg Sea Devils,Frankfurt Galaxy,8/8/2021,Frankfurt,PSD Bank Arena,15:00,17:40,02:40,2800,21 degr.,SW18km/h,cloudy,M. Scholz,B. Hansen,R. Lewis,S. Richardson,D. Jurzyk,K. Przybyla,A. Flaisch-J.,FG,3,18,FG14,"H,3,18,H14","3,5,26","PASS:7,S,TM,H01 SACK:99",J. Sullivan sacked for loss of 13 yards to the FG1 (N. Imasuen).,"H,4,31,H01",pass,NA,0,NA,0,0,7,NA,3,H,FG,"PUNT,1,08:12,22","PUNT,1,06:32,1",3,-21,1:40,PUNT,1,08:12,FG22,PUNT,1,06:32,FG01,NA
2021_08_HD_FG,HD,FG,Hamburg Sea Devils,Frankfurt Galaxy,8/8/2021,Frankfurt,PSD Bank Arena,15:00,17:40,02:40,2800,21 degr.,SW18km/h,cloudy,M. Scholz,B. Hansen,R. Lewis,S. Richardson,D. Jurzyk,K. Przybyla,A. Flaisch-J.,FG,4,31,FG01,"H,4,31,H01","3,6,27","PUNT:82,H34 RET:23,H34 TACK:29","H. Schwarz punt 33 yards to the FG34, J. Rogers return 0 yards to the FG34 (M. Riepe).","V,1,10,H34",punt,NA,0,NA,0,0,7,NA,3,H,FG,"PUNT,1,08:12,22","PUNT,1,06:32,1",3,-21,1:40,PUNT,1,08:12,FG22,PUNT,1,06:32,FG01,NA
2021_08_HD_FG,HD,FG,Hamburg Sea Devils,Frankfurt Galaxy,8/8/2021,Frankfurt,PSD Bank Arena,15:00,17:40,02:40,2800,21 degr.,SW18km/h,cloudy,M. Scholz,B. Hansen,R. Lewis,S. Richardson,D. Jurzyk,K. Przybyla,A. Flaisch-J.,HD,1,10,FG34,"V,1,10,H34","4,1,28",{DRIVE}:06:32,HAMBURG SEA DEVILS drive start at 06:32.,"V,1,10,H34",NA,NA,0,06:32,0,0,7,NA,4,V,HD,"PUNT,1,06:32,66","FG,1,04:57,74",4,8,1:35,PUNT,1,06:32,FG34,FG,1,04:57,FG26,NA
2021_08_HD_FG,HD,FG,Hamburg Sea Devils,Frankfurt Galaxy,8/8/2021,Frankfurt,PSD Bank Arena,15:00,17:40,02:40,2800,21 degr.,SW18km/h,cloudy,M. Scholz,B. Hansen,R. Lewis,S. Richardson,D. Jurzyk,K. Przybyla,A. Flaisch-J.,HD,1,10,FG34,"V,1,10,H34","4,2,29","PASS:10,I,16,*",J. Clark pass incomplete to L. Kusterer.,"V,2,10,H34",pass,NA,0,NA,0,0,7,NA,4,V,HD,"PUNT,1,06:32,66","FG,1,04:57,74",4,8,1:35,PUNT,1,06:32,FG34,FG,1,04:57,FG26,NA
2021_08_HD_FG,HD,FG,Hamburg Sea Devils,Frankfurt Galaxy,8/8/2021,Frankfurt,PSD Bank Arena,15:00,17:40,02:40,2800,21 degr.,SW18km/h,cloudy,M. Scholz,B. Hansen,R. Lewis,S. Richardson,D. Jurzyk,K. Przybyla,A. Flaisch-J.,HD,2,10,FG34,"V,2,10,H34","4,3,30","PASS:10,C,24,H29 TACK:43,41",J. Clark pass complete to X. Johnson for 5 yards to the FG29 (J. Silva Gomez;S. Gauthier).,"V,3,5,H29",pass,NA,0,NA,0,0,7,NA,4,V,HD,"PUNT,1,06:32,66","FG,1,04:57,74",4,8,1:35,PUNT,1,06:32,FG34,FG,1,04:57,FG26,NA
2021_08_HD_FG,HD,FG,Hamburg Sea Devils,Frankfurt Galaxy,8/8/2021,Frankfurt,PSD Bank Arena,15:00,17:40,02:40,2800,21 degr.,SW18km/h,cloudy,M. Scholz,B. Hansen,R. Lewis,S. Richardson,D. Jurzyk,K. Przybyla,A. Flaisch-J.,HD,3,5,FG29,"V,3,5,H29","4,4,31","PASS:10,C,88,H26 TACK:10",J. Clark pass complete to A. Botella M. for 3 yards to the FG26 (O. Williams).,"V,4,2,H26",pass,NA,0,NA,0,0,7,NA,4,V,HD,"PUNT,1,06:32,66","FG,1,04:57,74",4,8,1:35,PUNT,1,06:32,FG34,FG,1,04:57,FG26,NA
2021_08_HD_FG,HD,FG,Hamburg Sea Devils,Frankfurt Galaxy,8/8/2021,Frankfurt,PSD Bank Arena,15:00,17:40,02:40,2800,21 degr.,SW18km/h,cloudy,M. Scholz,B. Hansen,R. Lewis,S. Richardson,D. Jurzyk,K. Przybyla,A. Flaisch-J.,HD,4,2,FG26,"V,4,2,H26","4,5,32","FGA:4,43,G T:04:57","P. Andersen field goal attempt from 43 GOOD, clock 04:57.","V,1,0,V35",field_goal,NA,0,04:57,1,3,7,NA,4,V,HD,"PUNT,1,06:32,66","FG,1,04:57,74",4,8,1:35,PUNT,1,06:32,FG34,FG,1,04:57,FG26,NA
2021_08_HD_FG,HD,FG,Hamburg Sea Devils,Frankfurt Galaxy,8/8/2021,Frankfurt,PSD Bank Arena,15:00,17:40,02:40,2800,21 degr.,SW18km/h,cloudy,M. Scholz,B. Hansen,R. Lewis,S. Richardson,D. Jurzyk,K. Przybyla,A. Flaisch-J.,HD,1,0,HD35,"V,1,0,V35","4,6,33","KO:4,H00 TB:","P. Andersen kickoff 65 yards to the FG0, touchback.","H,1,10,H25",kick_off,NA,0,NA,0,3,7,NA,4,V,HD,"PUNT,1,06:32,66","FG,1,04:57,74",4,8,1:35,PUNT,1,06:32,FG34,FG,1,04:57,FG26,NA
2021_08_HD_FG,HD,FG,Hamburg Sea Devils,Frankfurt Galaxy,8/8/2021,Frankfurt,PSD Bank Arena,15:00,17:40,02:40,2800,21 degr.,SW18km/h,cloudy,M. Scholz,B. Hansen,R. Lewis,S. Richardson,D. Jurzyk,K. Przybyla,A. Flaisch-J.,FG,1,10,FG25,"H,1,10,H25","5,1,34",{DRIVE}:04:57,FRANKFURT GALAXY drive start at 04:57.,"H,1,10,H25",NA,NA,0,04:57,0,3,7,NA,5,H,FG,"KO,1,04:57,25","TD,1,02:16,100",5,75,2:41,KO,1,04:57,FG25,TD,1,02:16,HD00,NA
2021_08_HD_FG,HD,FG,Hamburg Sea Devils,Frankfurt Galaxy,8/8/2021,Frankfurt,PSD Bank Arena,15:00,17:40,02:40,2800,21 degr.,SW18km/h,cloudy,M. Scholz,B. Hansen,R. Lewis,S. Richardson,D. Jurzyk,K. Przybyla,A. Flaisch-J.,FG,1,10,FG25,"H,1,10,H25","5,2,35","PASS:7,C,19,V49 TACK:57,28","J. Sullivan pass complete to N. Strahmann for 26 yards to the HD49, 1ST DOWN FG (D. Laporte;B. Maruschke).","H,1,10,V49",pass,pass,0,NA,0,3,7,NA,5,H,FG,"KO,1,04:57,25","TD,1,02:16,100",5,75,2:41,KO,1,04:57,FG25,TD,1,02:16,HD00,NA
2021_08_HD_FG,HD,FG,Hamburg Sea Devils,Frankfurt Galaxy,8/8/2021,Frankfurt,PSD Bank Arena,15:00,17:40,02:40,2800,21 degr.,SW18km/h,cloudy,M. Scholz,B. Hansen,R. Lewis,S. Richardson,D. Jurzyk,K. Przybyla,A. Flaisch-J.,FG,1,10,HD49,"H,1,10,V49","5,3,36","RUSH:33,V40, TACK:40",J. Rodney rush for 9 yards to the HD40 (M. Spiegel).,"H,2,1,V40",rush,NA,0,NA,0,3,7,NA,5,H,FG,"KO,1,04:57,25","TD,1,02:16,100",5,75,2:41,KO,1,04:57,FG25,TD,1,02:16,HD00,NA
2021_08_HD_FG,HD,FG,Hamburg Sea Devils,Frankfurt Galaxy,8/8/2021,Frankfurt,PSD Bank Arena,15:00,17:40,02:40,2800,21 degr.,SW18km/h,cloudy,M. Scholz,B. Hansen,R. Lewis,S. Richardson,D. Jurzyk,K. Przybyla,A. Flaisch-J.,FG,2,1,HD40,"H,2,1,V40","5,4,37","PASS:7,C,13,V31 OB: TACK:22,57","J. Sullivan pass complete to M. Rutsch for 9 yards to the HD31, 1ST DOWN FG, out-of-bounds (A. Astahin;D. Laporte).","H,1,10,V31",pass,pass,1,NA,0,3,7,NA,5,H,FG,"KO,1,04:57,25","TD,1,02:16,100",5,75,2:41,KO,1,04:57,FG25,TD,1,02:16,HD00,NA
2021_08_HD_FG,HD,FG,Hamburg Sea Devils,Frankfurt Galaxy,8/8/2021,Frankfurt,PSD Bank Arena,15:00,17:40,02:40,2800,21 degr.,SW18km/h,cloudy,M. Scholz,B. Hansen,R. Lewis,S. Richardson,D. Jurzyk,K. Przybyla,A. Flaisch-J.,FG,1,10,HD31,"H,1,10,V31","5,5,38","RUSH:33,V28, TACK:93",J. Rodney rush for 3 yards to the HD28 (A. Babic).,"H,2,7,V28",rush,NA,0,NA,0,3,7,NA,5,H,FG,"KO,1,04:57,25","TD,1,02:16,100",5,75,2:41,KO,1,04:57,FG25,TD,1,02:16,HD00,NA
2021_08_HD_FG,HD,FG,Hamburg Sea Devils,Frankfurt Galaxy,8/8/2021,Frankfurt,PSD Bank Arena,15:00,17:40,02:40,2800,21 degr.,SW18km/h,cloudy,M. Scholz,B. Hansen,R. Lewis,S. Richardson,D. Jurzyk,K. Przybyla,A. Flaisch-J.,FG,2,7,HD28,"H,2,7,V28","5,6,39","PASS:7,C,11,V00 T:02:16","J. Sullivan pass complete to A. Mahoungou for 28 yards to the HD0, 1ST DOWN FG, TOUCHDOWN, clock 02:16.","H,1,10,V15",pass,pass,0,02:16,1,3,13,NA,5,H,FG,"KO,1,04:57,25","TD,1,02:16,100",5,75,2:41,KO,1,04:57,FG25,TD,1,02:16,HD00,NA
2021_08_HD_FG,HD,FG,Hamburg Sea Devils,Frankfurt Galaxy,8/8/2021,Frankfurt,PSD Bank Arena,15:00,17:40,02:40,2800,21 degr.,SW18km/h,cloudy,M. Scholz,B. Hansen,R. Lewis,S. Richardson,D. Jurzyk,K. Przybyla,A. Flaisch-J.,FG,1,10,HD15,"H,1,10,V15","5,7,40","PAT:K,42,G",M. Ebsen kick attempt good.,"H,1,0,H35",pat,NA,0,NA,1,3,14,NA,5,H,FG,"KO,1,04:57,25","TD,1,02:16,100",5,75,2:41,KO,1,04:57,FG25,TD,1,02:16,HD00,NA
2021_08_HD_FG,HD,FG,Hamburg Sea Devils,Frankfurt Galaxy,8/8/2021,Frankfurt,PSD Bank Arena,15:00,17:40,02:40,2800,21 degr.,SW18km/h,cloudy,M. Scholz,B. Hansen,R. Lewis,S. Richardson,D. Jurzyk,K. Przybyla,A. Flaisch-J.,FG,1,0,FG35,"H,1,0,H35","5,8,41","KO:42,V11 RET:23,V31 TACK:85","M. Ebsen kickoff 54 yards to the HD11, J. Rogers return 20 yards to the HD31 (M. Hachenberg).","V,1,10,V31",kick_off,NA,0,NA,0,3,14,NA,5,H,FG,"KO,1,04:57,25","TD,1,02:16,100",5,75,2:41,KO,1,04:57,FG25,TD,1,02:16,HD00,NA
2021_08_HD_FG,HD,FG,Hamburg Sea Devils,Frankfurt Galaxy,8/8/2021,Frankfurt,PSD Bank Arena,15:00,17:40,02:40,2800,21 degr.,SW18km/h,cloudy,M. Scholz,B. Hansen,R. Lewis,S. Richardson,D. Jurzyk,K. Przybyla,A. Flaisch-J.,HD,1,10,HD31,"V,1,10,V31","6,1,42",{DRIVE}:02:06,HAMBURG SEA DEVILS drive start at 02:06.,"V,1,10,V31",NA,NA,0,02:06,0,3,14,NA,6,V,HD,"KO,1,02:06,31","FG,2,09:32,94",13,63,7:34,KO,1,02:06,HD31,FG,2,09:32,FG06,1
2021_08_HD_FG,HD,FG,Hamburg Sea Devils,Frankfurt Galaxy,8/8/2021,Frankfurt,PSD Bank Arena,15:00,17:40,02:40,2800,21 degr.,SW18km/h,cloudy,M. Scholz,B. Hansen,R. Lewis,S. Richardson,D. Jurzyk,K. Przybyla,A. Flaisch-J.,HD,1,10,HD31,"V,1,10,V31","6,2,43","RUSH:24,V36, TACK:94",X. Johnson rush for 5 yards to the HD36 (C. Udegbe).,"V,2,5,V36",rush,NA,0,NA,0,3,14,NA,6,V,HD,"KO,1,02:06,31","FG,2,09:32,94",13,63,7:34,KO,1,02:06,HD31,FG,2,09:32,FG06,1
2021_08_HD_FG,HD,FG,Hamburg Sea Devils,Frankfurt Galaxy,8/8/2021,Frankfurt,PSD Bank Arena,15:00,17:40,02:40,2800,21 degr.,SW18km/h,cloudy,M. Scholz,B. Hansen,R. Lewis,S. Richardson,D. Jurzyk,K. Przybyla,A. Flaisch-J.,HD,2,5,HD36,"V,2,5,V36","6,3,44","RUSH:24,V33, TACK:41",X. Johnson rush for loss of 3 yards to the HD33 (S. Gauthier).,"V,3,8,V33",rush,NA,0,NA,0,3,14,NA,6,V,HD,"KO,1,02:06,31","FG,2,09:32,94",13,63,7:34,KO,1,02:06,HD31,FG,2,09:32,FG06,1
2021_08_HD_FG,HD,FG,Hamburg Sea Devils,Frankfurt Galaxy,8/8/2021,Frankfurt,PSD Bank Arena,15:00,17:40,02:40,2800,21 degr.,SW18km/h,cloudy,M. Scholz,B. Hansen,R. Lewis,S. Richardson,D. Jurzyk,K. Przybyla,A. Flaisch-J.,HD,3,8,HD33,"V,3,8,V33","6,4,45",TOUT:V T:00:59,"Timeout Hamburg Sea Devils, clock 00:59.","V,3,8,V33",NA,NA,0,00:59,0,3,14,NA,6,V,HD,"KO,1,02:06,31","FG,2,09:32,94",13,63,7:34,KO,1,02:06,HD31,FG,2,09:32,FG06,1
2021_08_HD_FG,HD,FG,Hamburg Sea Devils,Frankfurt Galaxy,8/8/2021,Frankfurt,PSD Bank Arena,15:00,17:40,02:40,2800,21 degr.,SW18km/h,cloudy,M. Scholz,B. Hansen,R. Lewis,S. Richardson,D. Jurzyk,K. Przybyla,A. Flaisch-J.,HD,3,8,HD33,"V,3,8,V33","6,5,46","PASS:10,C,12,V41 TACK:14","J. Clark pass complete to J. Madin Cerezo for 8 yards to the HD41, 1ST DOWN HD (J. Poznanski).","V,1,10,V41",pass,pass,0,NA,0,3,14,NA,6,V,HD,"KO,1,02:06,31","FG,2,09:32,94",13,63,7:34,KO,1,02:06,HD31,FG,2,09:32,FG06,1
2021_08_HD_FG,HD,FG,Hamburg Sea Devils,Frankfurt Galaxy,8/8/2021,Frankfurt,PSD Bank Arena,15:00,17:40,02:40,2800,21 degr.,SW18km/h,cloudy,M. Scholz,B. Hansen,R. Lewis,S. Richardson,D. Jurzyk,K. Przybyla,A. Flaisch-J.,HD,1,10,HD41,"V,1,10,V41","6,6,47","RUSH:24,V48, TACK:43",X. Johnson rush for 7 yards to the HD48 (J. Silva Gomez).,"V,2,3,V48",rush,NA,0,NA,0,3,14,NA,6,V,HD,"KO,1,02:06,31","FG,2,09:32,94",13,63,7:34,KO,1,02:06,HD31,FG,2,09:32,FG06,1
2021_08_HD_FG,HD,FG,Hamburg Sea Devils,Frankfurt Galaxy,8/8/2021,Frankfurt,PSD Bank Arena,15:00,17:40,02:40,2800,21 degr.,SW18km/h,cloudy,M. Scholz,B. Hansen,R. Lewis,S. Richardson,D. Jurzyk,K. Przybyla,A. Flaisch-J.,HD,2,3,HD48,"V,2,3,V48","6,7,48",Q:2 T:15:00,"Start of 2nd quarter, clock 15:00.","V,2,3,V48",NA,NA,0,15:00,0,3,14,NA,6,V,HD,"KO,1,02:06,31","FG,2,09:32,94",13,63,7:34,KO,1,02:06,HD31,FG,2,09:32,FG06,1
2021_08_HD_FG,HD,FG,Hamburg Sea Devils,Frankfurt Galaxy,8/8/2021,Frankfurt,PSD Bank Arena,15:00,17:40,02:40,2800,21 degr.,SW18km/h,cloudy,M. Scholz,B. Hansen,R. Lewis,S. Richardson,D. Jurzyk,K. Przybyla,A. Flaisch-J.,HD,2,3,HD48,"V,2,3,V48","6,8,49","PASS:10,I,89,* PEN:V,IUH,A,76,V38,N NOPLAY:","J. Clark pass incomplete to L. Rehder, PENALTY HD IUH (T. Winter) 10 yards to the HD38, NO PLAY.","V,2,13,V38",penalty,NA,0,NA,0,3,14,NA,6,V,HD,"KO,1,02:06,31","FG,2,09:32,94",13,63,7:34,KO,1,02:06,HD31,FG,2,09:32,FG06,1
2021_08_HD_FG,HD,FG,Hamburg Sea Devils,Frankfurt Galaxy,8/8/2021,Frankfurt,PSD Bank Arena,15:00,17:40,02:40,2800,21 degr.,SW18km/h,cloudy,M. Scholz,B. Hansen,R. Lewis,S. Richardson,D. Jurzyk,K. Przybyla,A. Flaisch-J.,HD,2,13,HD38,"V,2,13,V38","6,9,50","PASS:10,C,16,V49 TACK:14",J. Clark pass complete to L. Kusterer for 11 yards to the HD49 (J. Poznanski).,"V,3,2,V49",pass,NA,0,NA,0,3,14,NA,6,V,HD,"KO,1,02:06,31","FG,2,09:32,94",13,63,7:34,KO,1,02:06,HD31,FG,2,09:32,FG06,1
2021_08_HD_FG,HD,FG,Hamburg Sea Devils,Frankfurt Galaxy,8/8/2021,Frankfurt,PSD Bank Arena,15:00,17:40,02:40,2800,21 degr.,SW18km/h,cloudy,M. Scholz,B. Hansen,R. Lewis,S. Richardson,D. Jurzyk,K. Przybyla,A. Flaisch-J.,HD,3,2,HD49,"V,3,2,V49","6,10,51","PASS:10,C,81,H24 OB:","J. Clark pass complete to K. Ofori for 27 yards to the FG24, 1ST DOWN HD, out-of-bounds.","V,1,10,H24",pass,pass,1,NA,0,3,14,NA,6,V,HD,"KO,1,02:06,31","FG,2,09:32,94",13,63,7:34,KO,1,02:06,HD31,FG,2,09:32,FG06,1
2021_08_HD_FG,HD,FG,Hamburg Sea Devils,Frankfurt Galaxy,8/8/2021,Frankfurt,PSD Bank Arena,15:00,17:40,02:40,2800,21 degr.,SW18km/h,cloudy,M. Scholz,B. Hansen,R. Lewis,S. Richardson,D. Jurzyk,K. Przybyla,A. Flaisch-J.,HD,1,10,FG24,"V,1,10,H24","6,11,52","RUSH:34,H18, OB: TACK:10","J. Ampaw rush for 6 yards to the FG18, out-of-bounds (O. Williams).","V,2,4,H18",rush,NA,1,NA,0,3,14,NA,6,V,HD,"KO,1,02:06,31","FG,2,09:32,94",13,63,7:34,KO,1,02:06,HD31,FG,2,09:32,FG06,1
2021_08_HD_FG,HD,FG,Hamburg Sea Devils,Frankfurt Galaxy,8/8/2021,Frankfurt,PSD Bank Arena,15:00,17:40,02:40,2800,21 degr.,SW18km/h,cloudy,M. Scholz,B. Hansen,R. Lewis,S. Richardson,D. Jurzyk,K. Przybyla,A. Flaisch-J.,HD,2,4,FG18,"V,2,4,H18","6,12,53","RUSH:10,H21, OB: TACK:14","J. Clark rush for loss of 3 yards to the FG21, out-of-bounds (J. Poznanski).","V,3,7,H21",rush,NA,1,NA,0,3,14,NA,6,V,HD,"KO,1,02:06,31","FG,2,09:32,94",13,63,7:34,KO,1,02:06,HD31,FG,2,09:32,FG06,1
2021_08_HD_FG,HD,FG,Hamburg Sea Devils,Frankfurt Galaxy,8/8/2021,Frankfurt,PSD Bank Arena,15:00,17:40,02:40,2800,21 degr.,SW18km/h,cloudy,M. Scholz,B. Hansen,R. Lewis,S. Richardson,D. Jurzyk,K. Przybyla,A. Flaisch-J.,HD,3,7,FG21,"V,3,7,H21","6,13,54","PASS:10,C,12,H13 TACK:46,14","J. Clark pass complete to J. Madin Cerezo for 8 yards to the FG13, 1ST DOWN HD (O. Ogbevoen;J. Poznanski).","V,1,10,H13",pass,pass,0,NA,0,3,14,NA,6,V,HD,"KO,1,02:06,31","FG,2,09:32,94",13,63,7:34,KO,1,02:06,HD31,FG,2,09:32,FG06,1
2021_08_HD_FG,HD,FG,Hamburg Sea Devils,Frankfurt Galaxy,8/8/2021,Frankfurt,PSD Bank Arena,15:00,17:40,02:40,2800,21 degr.,SW18km/h,cloudy,M. Scholz,B. Hansen,R. Lewis,S. Richardson,D. Jurzyk,K. Przybyla,A. Flaisch-J.,HD,1,10,FG13,"V,1,10,H13","6,14,55","PEN:V,FS,A,68,H18,N",PENALTY HD false start (K. Ebanks) 5 yards to the FG18.,"V,1,15,H18",penalty,NA,0,NA,0,3,14,NA,6,V,HD,"KO,1,02:06,31","FG,2,09:32,94",13,63,7:34,KO,1,02:06,HD31,FG,2,09:32,FG06,1
2021_08_HD_FG,HD,FG,Hamburg Sea Devils,Frankfurt Galaxy,8/8/2021,Frankfurt,PSD Bank Arena,15:00,17:40,02:40,2800,21 degr.,SW18km/h,cloudy,M. Scholz,B. Hansen,R. Lewis,S. Richardson,D. Jurzyk,K. Przybyla,A. Flaisch-J.,HD,1,15,FG18,"V,1,15,H18","6,15,56","RUSH:10,H09, TACK:94,41",J. Clark rush for 9 yards to the FG9 (C. Udegbe;S. Gauthier).,"V,2,6,H09",rush,NA,0,NA,0,3,14,NA,6,V,HD,"KO,1,02:06,31","FG,2,09:32,94",13,63,7:34,KO,1,02:06,HD31,FG,2,09:32,FG06,1
2021_08_HD_FG,HD,FG,Hamburg Sea Devils,Frankfurt Galaxy,8/8/2021,Frankfurt,PSD Bank Arena,15:00,17:40,02:40,2800,21 degr.,SW18km/h,cloudy,M. Scholz,B. Hansen,R. Lewis,S. Richardson,D. Jurzyk,K. Przybyla,A. Flaisch-J.,HD,2,6,FG09,"V,2,6,H09","6,16,57","RUSH:24,H05, TACK:43",X. Johnson rush for 4 yards to the FG5 (J. Silva Gomez).,"V,3,2,H05",rush,NA,0,NA,0,3,14,NA,6,V,HD,"KO,1,02:06,31","FG,2,09:32,94",13,63,7:34,KO,1,02:06,HD31,FG,2,09:32,FG06,1
2021_08_HD_FG,HD,FG,Hamburg Sea Devils,Frankfurt Galaxy,8/8/2021,Frankfurt,PSD Bank Arena,15:00,17:40,02:40,2800,21 degr.,SW18km/h,cloudy,M. Scholz,B. Hansen,R. Lewis,S. Richardson,D. Jurzyk,K. Przybyla,A. Flaisch-J.,HD,3,2,FG05,"V,3,2,H05","6,17,58","RUSH:24,H06, TACK:48,56",X. Johnson rush for loss of 1 yard to the FG6 (N. Knoblauch;S. Silva Gomez).,"V,4,3,H06",rush,NA,0,NA,0,3,14,NA,6,V,HD,"KO,1,02:06,31","FG,2,09:32,94",13,63,7:34,KO,1,02:06,HD31,FG,2,09:32,FG06,1
2021_08_HD_FG,HD,FG,Hamburg Sea Devils,Frankfurt Galaxy,8/8/2021,Frankfurt,PSD Bank Arena,15:00,17:40,02:40,2800,21 degr.,SW18km/h,cloudy,M. Scholz,B. Hansen,R. Lewis,S. Richardson,D. Jurzyk,K. Przybyla,A. Flaisch-J.,HD,4,3,FG06,"V,4,3,H06","6,18,59","FGA:4,23,G T:09:32","P. Andersen field goal attempt from 23 GOOD, clock 09:32.","V,1,0,V35",field_goal,NA,0,09:32,1,6,14,NA,6,V,HD,"KO,1,02:06,31","FG,2,09:32,94",13,63,7:34,KO,1,02:06,HD31,FG,2,09:32,FG06,1
2021_08_HD_FG,HD,FG,Hamburg Sea Devils,Frankfurt Galaxy,8/8/2021,Frankfurt,PSD Bank Arena,15:00,17:40,02:40,2800,21 degr.,SW18km/h,cloudy,M. Scholz,B. Hansen,R. Lewis,S. Richardson,D. Jurzyk,K. Przybyla,A. Flaisch-J.,HD,1,0,HD35,"V,1,0,V35","6,19,60","KO:4,H00 TB:","P. Andersen kickoff 65 yards to the FG0, touchback.","H,1,10,H25",kick_off,NA,0,NA,0,6,14,NA,6,V,HD,"KO,1,02:06,31","FG,2,09:32,94",13,63,7:34,KO,1,02:06,HD31,FG,2,09:32,FG06,1
2021_08_HD_FG,HD,FG,Hamburg Sea Devils,Frankfurt Galaxy,8/8/2021,Frankfurt,PSD Bank Arena,15:00,17:40,02:40,2800,21 degr.,SW18km/h,cloudy,M. Scholz,B. Hansen,R. Lewis,S. Richardson,D. Jurzyk,K. Przybyla,A. Flaisch-J.,FG,1,10,FG25,"H,1,10,H25","7,1,61",{DRIVE}:09:32,FRANKFURT GALAXY drive start at 09:32.,"H,1,10,H25",NA,NA,0,09:32,0,6,14,NA,7,H,FG,"KO,2,09:32,25","TD,2,06:54,100",8,75,2:38,KO,2,09:32,FG25,TD,2,06:54,HD00,1
2021_08_HD_FG,HD,FG,Hamburg Sea Devils,Frankfurt Galaxy,8/8/2021,Frankfurt,PSD Bank Arena,15:00,17:40,02:40,2800,21 degr.,SW18km/h,cloudy,M. Scholz,B. Hansen,R. Lewis,S. Richardson,D. Jurzyk,K. Przybyla,A. Flaisch-J.,FG,1,10,FG25,"H,1,10,H25","7,2,62","PASS:7,C,86,V46 TACK:27","J. Sullivan pass complete to L. Regler for 29 yards to the HD46, 1ST DOWN FG (L. Mueller).","H,1,10,V46",pass,pass,0,NA,0,6,14,NA,7,H,FG,"KO,2,09:32,25","TD,2,06:54,100",8,75,2:38,KO,2,09:32,FG25,TD,2,06:54,HD00,1
2021_08_HD_FG,HD,FG,Hamburg Sea Devils,Frankfurt Galaxy,8/8/2021,Frankfurt,PSD Bank Arena,15:00,17:40,02:40,2800,21 degr.,SW18km/h,cloudy,M. Scholz,B. Hansen,R. Lewis,S. Richardson,D. Jurzyk,K. Przybyla,A. Flaisch-J.,FG,1,10,HD46,"H,1,10,V46","7,3,63","PASS:7,C,13,V42 OB: TACK:27","J. Sullivan pass complete to M. Rutsch for 4 yards to the HD42, out-of-bounds (L. Mueller).","H,2,6,V42",pass,NA,1,NA,0,6,14,NA,7,H,FG,"KO,2,09:32,25","TD,2,06:54,100",8,75,2:38,KO,2,09:32,FG25,TD,2,06:54,HD00,1
2021_08_HD_FG,HD,FG,Hamburg Sea Devils,Frankfurt Galaxy,8/8/2021,Frankfurt,PSD Bank Arena,15:00,17:40,02:40,2800,21 degr.,SW18km/h,cloudy,M. Scholz,B. Hansen,R. Lewis,S. Richardson,D. Jurzyk,K. Przybyla,A. Flaisch-J.,FG,2,6,HD42,"H,2,6,V42","7,4,64","RUSH:7,V31, TACK:40","J. Sullivan rush for 11 yards to the HD31, 1ST DOWN FG (M. Spiegel).","H,1,10,V31",rush,rush,0,NA,0,6,14,NA,7,H,FG,"KO,2,09:32,25","TD,2,06:54,100",8,75,2:38,KO,2,09:32,FG25,TD,2,06:54,HD00,1
2021_08_HD_FG,HD,FG,Hamburg Sea Devils,Frankfurt Galaxy,8/8/2021,Frankfurt,PSD Bank Arena,15:00,17:40,02:40,2800,21 degr.,SW18km/h,cloudy,M. Scholz,B. Hansen,R. Lewis,S. Richardson,D. Jurzyk,K. Przybyla,A. Flaisch-J.,FG,1,10,HD31,"H,1,10,V31","7,5,65","PASS:7,C,87,V16 TACK:21","J. Sullivan pass complete to K. Mwamba for 15 yards to the HD16, 1ST DOWN FG (V. Wilson-Oberk).","H,1,10,V16",pass,pass,0,NA,0,6,14,NA,7,H,FG,"KO,2,09:32,25","TD,2,06:54,100",8,75,2:38,KO,2,09:32,FG25,TD,2,06:54,HD00,1
2021_08_HD_FG,HD,FG,Hamburg Sea Devils,Frankfurt Galaxy,8/8/2021,Frankfurt,PSD Bank Arena,15:00,17:40,02:40,2800,21 degr.,SW18km/h,cloudy,M. Scholz,B. Hansen,R. Lewis,S. Richardson,D. Jurzyk,K. Przybyla,A. Flaisch-J.,FG,1,10,HD16,"H,1,10,V16","7,6,66",TOUT:V T:07:59,"Timeout Hamburg Sea Devils, clock 07:59.","H,1,10,V16",NA,NA,0,07:59,0,6,14,NA,7,H,FG,"KO,2,09:32,25","TD,2,06:54,100",8,75,2:38,KO,2,09:32,FG25,TD,2,06:54,HD00,1
2021_08_HD_FG,HD,FG,Hamburg Sea Devils,Frankfurt Galaxy,8/8/2021,Frankfurt,PSD Bank Arena,15:00,17:40,02:40,2800,21 degr.,SW18km/h,cloudy,M. Scholz,B. Hansen,R. Lewis,S. Richardson,D. Jurzyk,K. Przybyla,A. Flaisch-J.,FG,1,10,HD16,"H,1,10,V16","7,7,67","PASS:7,I,TM,*",J. Sullivan pass incomplete.,"H,2,10,V16",pass,NA,0,NA,0,6,14,NA,7,H,FG,"KO,2,09:32,25","TD,2,06:54,100",8,75,2:38,KO,2,09:32,FG25,TD,2,06:54,HD00,1
2021_08_HD_FG,HD,FG,Hamburg Sea Devils,Frankfurt Galaxy,8/8/2021,Frankfurt,PSD Bank Arena,15:00,17:40,02:40,2800,21 degr.,SW18km/h,cloudy,M. Scholz,B. Hansen,R. Lewis,S. Richardson,D. Jurzyk,K. Przybyla,A. Flaisch-J.,FG,2,10,HD16,"H,2,10,V16","7,8,68","PASS:7,C,87,V02 OB: TACK:22,27","J. Sullivan pass complete to K. Mwamba for 14 yards to the HD2, 1ST DOWN FG, out-of-bounds (A. Astahin;L. Mueller).","H,1,0,V02",pass,pass,1,NA,0,6,14,NA,7,H,FG,"KO,2,09:32,25","TD,2,06:54,100",8,75,2:38,KO,2,09:32,FG25,TD,2,06:54,HD00,1
2021_08_HD_FG,HD,FG,Hamburg Sea Devils,Frankfurt Galaxy,8/8/2021,Frankfurt,PSD Bank Arena,15:00,17:40,02:40,2800,21 degr.,SW18km/h,cloudy,M. Scholz,B. Hansen,R. Lewis,S. Richardson,D. Jurzyk,K. Przybyla,A. Flaisch-J.,FG,1,0,HD02,"H,1,0,V02","7,9,69","RUSH:87,V01, TACK:56",K. Mwamba rush for 1 yard to the HD1 (G. Nanguy).,"H,2,0,V01",rush,NA,0,NA,0,6,14,NA,7,H,FG,"KO,2,09:32,25","TD,2,06:54,100",8,75,2:38,KO,2,09:32,FG25,TD,2,06:54,HD00,1
2021_08_HD_FG,HD,FG,Hamburg Sea Devils,Frankfurt Galaxy,8/8/2021,Frankfurt,PSD Bank Arena,15:00,17:40,02:40,2800,21 degr.,SW18km/h,cloudy,M. Scholz,B. Hansen,R. Lewis,S. Richardson,D. Jurzyk,K. Przybyla,A. Flaisch-J.,FG,2,0,HD01,"H,2,0,V01","7,10,70","RUSH:7,V00, T:06:54","J. Sullivan rush for 1 yard to the HD0, 1ST DOWN FG, TOUCHDOWN, clock 06:54.","H,1,10,V15",rush,rush,0,06:54,1,6,20,NA,7,H,FG,"KO,2,09:32,25","TD,2,06:54,100",8,75,2:38,KO,2,09:32,FG25,TD,2,06:54,HD00,1
2021_08_HD_FG,HD,FG,Hamburg Sea Devils,Frankfurt Galaxy,8/8/2021,Frankfurt,PSD Bank Arena,15:00,17:40,02:40,2800,21 degr.,SW18km/h,cloudy,M. Scholz,B. Hansen,R. Lewis,S. Richardson,D. Jurzyk,K. Przybyla,A. Flaisch-J.,FG,1,10,HD15,"H,1,10,V15","7,11,71","PAT:K,42,M",M. Ebsen kick attempt failed.,"H,1,0,H35",pat,NA,0,NA,0,6,20,NA,7,H,FG,"KO,2,09:32,25","TD,2,06:54,100",8,75,2:38,KO,2,09:32,FG25,TD,2,06:54,HD00,1
2021_08_HD_FG,HD,FG,Hamburg Sea Devils,Frankfurt Galaxy,8/8/2021,Frankfurt,PSD Bank Arena,15:00,17:40,02:40,2800,21 degr.,SW18km/h,cloudy,M. Scholz,B. Hansen,R. Lewis,S. Richardson,D. Jurzyk,K. Przybyla,A. Flaisch-J.,FG,1,0,FG35,"H,1,0,H35","7,12,72","KO:42,V10 RET:23,V41 TACK:42","M. Ebsen kickoff 55 yards to the HD10, J. Rogers return 31 yards to the HD41 (M. Ebsen).","V,1,10,V41",kick_off,NA,0,NA,0,6,20,NA,7,H,FG,"KO,2,09:32,25","TD,2,06:54,100",8,75,2:38,KO,2,09:32,FG25,TD,2,06:54,HD00,1
2021_08_HD_FG,HD,FG,Hamburg Sea Devils,Frankfurt Galaxy,8/8/2021,Frankfurt,PSD Bank Arena,15:00,17:40,02:40,2800,21 degr.,SW18km/h,cloudy,M. Scholz,B. Hansen,R. Lewis,S. Richardson,D. Jurzyk,K. Przybyla,A. Flaisch-J.,HD,1,10,HD41,"V,1,10,V41","8,1,73",{DRIVE}:06:46,HAMBURG SEA DEVILS drive start at 06:46.,"V,1,10,V41",NA,NA,0,06:46,0,6,20,NA,8,V,HD,"KO,2,06:46,41","FUMB,2,06:31,30",1,-11,0:15,KO,2,06:46,HD41,FUMB,2,06:31,HD30,NA
2021_08_HD_FG,HD,FG,Hamburg Sea Devils,Frankfurt Galaxy,8/8/2021,Frankfurt,PSD Bank Arena,15:00,17:40,02:40,2800,21 degr.,SW18km/h,cloudy,M. Scholz,B. Hansen,R. Lewis,S. Richardson,D. Jurzyk,K. Przybyla,A. Flaisch-J.,HD,1,10,HD41,"V,1,10,V41","8,2,74","PASS:1,F,TM,V30 SACK:56 FUMB:H,V30,56 +:56,V00 T:06:31","S. Ceesay sacked for loss of 11 yards to the HD30 (S. Silva Gomez), fumble by TEAM recovered by FG S. Silva Gomez at HD30, S. Silva Gomez for 30 yards to the HD0, TOUCHDOWN, clock 06:31.","H,1,10,V15",pass,NA,0,06:31,1,6,26,F,8,V,HD,"KO,2,06:46,41","FUMB,2,06:31,30",1,-11,0:15,KO,2,06:46,HD41,FUMB,2,06:31,HD30,NA
2021_08_HD_FG,HD,FG,Hamburg Sea Devils,Frankfurt Galaxy,8/8/2021,Frankfurt,PSD Bank Arena,15:00,17:40,02:40,2800,21 degr.,SW18km/h,cloudy,M. Scholz,B. Hansen,R. Lewis,S. Richardson,D. Jurzyk,K. Przybyla,A. Flaisch-J.,FG,1,10,HD15,"H,1,10,V15","9,1,75","PAT:K,42,G",M. Ebsen kick attempt good.,"H,1,0,H35",pat,NA,0,NA,1,6,27,NA,9,H,FG,"FUMB,2,06:31,70","TD,2,06:31,70",0,0,0:00,FUMB,2,06:31,HD30,TD,2,06:31,HD30,NA
2021_08_HD_FG,HD,FG,Hamburg Sea Devils,Frankfurt Galaxy,8/8/2021,Frankfurt,PSD Bank Arena,15:00,17:40,02:40,2800,21 degr.,SW18km/h,cloudy,M. Scholz,B. Hansen,R. Lewis,S. Richardson,D. Jurzyk,K. Przybyla,A. Flaisch-J.,FG,1,0,FG35,"H,1,0,H35","9,2,76","KO:42,V00 RET:23,V18 TACK:53,47","M. Ebsen kickoff 65 yards to the HD0, J. Rogers return 18 yards to the HD18 (D. Josiah;J. Sauren).","V,1,10,V18",kick_off,NA,0,NA,0,6,27,NA,9,H,FG,"FUMB,2,06:31,70","TD,2,06:31,70",0,0,0:00,FUMB,2,06:31,HD30,TD,2,06:31,HD30,NA
2021_08_HD_FG,HD,FG,Hamburg Sea Devils,Frankfurt Galaxy,8/8/2021,Frankfurt,PSD Bank Arena,15:00,17:40,02:40,2800,21 degr.,SW18km/h,cloudy,M. Scholz,B. Hansen,R. Lewis,S. Richardson,D. Jurzyk,K. Przybyla,A. Flaisch-J.,HD,1,10,HD18,"V,1,10,V18","10,1,77",{DRIVE}:06:25,HAMBURG SEA DEVILS drive start at 06:25.,"V,1,10,V18",NA,NA,0,06:25,0,6,27,NA,10,V,HD,"KO,2,06:25,18","PUNT,2,04:51,23",3,5,1:34,KO,2,06:25,HD18,PUNT,2,04:51,HD23,NA
2021_08_HD_FG,HD,FG,Hamburg Sea Devils,Frankfurt Galaxy,8/8/2021,Frankfurt,PSD Bank Arena,15:00,17:40,02:40,2800,21 degr.,SW18km/h,cloudy,M. Scholz,B. Hansen,R. Lewis,S. Richardson,D. Jurzyk,K. Przybyla,A. Flaisch-J.,HD,1,10,HD18,"V,1,10,V18","10,2,78","RUSH:24,V23, TACK:46,14",X. Johnson rush for 5 yards to the HD23 (O. Ogbevoen;J. Poznanski).,"V,2,5,V23",rush,NA,0,NA,0,6,27,NA,10,V,HD,"KO,2,06:25,18","PUNT,2,04:51,23",3,5,1:34,KO,2,06:25,HD18,PUNT,2,04:51,HD23,NA
2021_08_HD_FG,HD,FG,Hamburg Sea Devils,Frankfurt Galaxy,8/8/2021,Frankfurt,PSD Bank Arena,15:00,17:40,02:40,2800,21 degr.,SW18km/h,cloudy,M. Scholz,B. Hansen,R. Lewis,S. Richardson,D. Jurzyk,K. Przybyla,A. Flaisch-J.,HD,2,5,HD23,"V,2,5,V23","10,3,79","RUSH:24,V23, TACK:14",X. Johnson rush for no gain to the HD23 (J. Poznanski).,"V,3,5,V23",rush,NA,0,NA,0,6,27,NA,10,V,HD,"KO,2,06:25,18","PUNT,2,04:51,23",3,5,1:34,KO,2,06:25,HD18,PUNT,2,04:51,HD23,NA
2021_08_HD_FG,HD,FG,Hamburg Sea Devils,Frankfurt Galaxy,8/8/2021,Frankfurt,PSD Bank Arena,15:00,17:40,02:40,2800,21 degr.,SW18km/h,cloudy,M. Scholz,B. Hansen,R. Lewis,S. Richardson,D. Jurzyk,K. Przybyla,A. Flaisch-J.,HD,3,5,HD23,"V,3,5,V23","10,4,80","PASS:1,I,88,* BRUP:43",S. Ceesay pass incomplete to A. Botella M. (J. Silva Gomez).,"V,4,5,V23",pass,NA,0,NA,0,6,27,NA,10,V,HD,"KO,2,06:25,18","PUNT,2,04:51,23",3,5,1:34,KO,2,06:25,HD18,PUNT,2,04:51,HD23,NA
2021_08_HD_FG,HD,FG,Hamburg Sea Devils,Frankfurt Galaxy,8/8/2021,Frankfurt,PSD Bank Arena,15:00,17:40,02:40,2800,21 degr.,SW18km/h,cloudy,M. Scholz,B. Hansen,R. Lewis,S. Richardson,D. Jurzyk,K. Przybyla,A. Flaisch-J.,HD,4,5,HD23,"V,4,5,V23","10,5,81","PUNT:4,H30 RET:10,H49 OB:","P. Andersen punt 47 yards to the FG30, O. Williams return 19 yards to the FG49, out-of-bounds.","H,1,10,H49",punt,NA,1,NA,0,6,27,NA,10,V,HD,"KO,2,06:25,18","PUNT,2,04:51,23",3,5,1:34,KO,2,06:25,HD18,PUNT,2,04:51,HD23,NA
2021_08_HD_FG,HD,FG,Hamburg Sea Devils,Frankfurt Galaxy,8/8/2021,Frankfurt,PSD Bank Arena,15:00,17:40,02:40,2800,21 degr.,SW18km/h,cloudy,M. Scholz,B. Hansen,R. Lewis,S. Richardson,D. Jurzyk,K. Przybyla,A. Flaisch-J.,FG,1,10,FG49,"H,1,10,H49","11,1,82",{DRIVE}:04:51,FRANKFURT GALAXY drive start at 04:51.,"H,1,10,H49",NA,NA,0,04:51,0,6,27,NA,11,H,FG,"PUNT,2,04:51,49","PUNT,2,01:50,49",6,0,3:01,PUNT,2,04:51,FG49,PUNT,2,01:50,FG49,NA
2021_08_HD_FG,HD,FG,Hamburg Sea Devils,Frankfurt Galaxy,8/8/2021,Frankfurt,PSD Bank Arena,15:00,17:40,02:40,2800,21 degr.,SW18km/h,cloudy,M. Scholz,B. Hansen,R. Lewis,S. Richardson,D. Jurzyk,K. Przybyla,A. Flaisch-J.,FG,1,10,FG49,"H,1,10,H49","11,2,83","RUSH:22,H48, TACK:95",G. Ameln rush for loss of 1 yard to the FG48 (E. Yeboah).,"H,2,11,H48",rush,NA,0,NA,0,6,27,NA,11,H,FG,"PUNT,2,04:51,49","PUNT,2,01:50,49",6,0,3:01,PUNT,2,04:51,FG49,PUNT,2,01:50,FG49,NA
2021_08_HD_FG,HD,FG,Hamburg Sea Devils,Frankfurt Galaxy,8/8/2021,Frankfurt,PSD Bank Arena,15:00,17:40,02:40,2800,21 degr.,SW18km/h,cloudy,M. Scholz,B. Hansen,R. Lewis,S. Richardson,D. Jurzyk,K. Przybyla,A. Flaisch-J.,FG,2,11,FG48,"H,2,11,H48","11,3,84","PEN:H,FS,A,87,H43,N",PENALTY FG false start (K. Mwamba) 5 yards to the FG43.,"H,2,16,H43",penalty,NA,0,NA,0,6,27,NA,11,H,FG,"PUNT,2,04:51,49","PUNT,2,01:50,49",6,0,3:01,PUNT,2,04:51,FG49,PUNT,2,01:50,FG49,NA
2021_08_HD_FG,HD,FG,Hamburg Sea Devils,Frankfurt Galaxy,8/8/2021,Frankfurt,PSD Bank Arena,15:00,17:40,02:40,2800,21 degr.,SW18km/h,cloudy,M. Scholz,B. Hansen,R. Lewis,S. Richardson,D. Jurzyk,K. Przybyla,A. Flaisch-J.,FG,2,16,FG43,"H,2,16,H43","11,4,85","PASS:7,C,87,H46 OB: TACK:21","J. Sullivan pass complete to K. Mwamba for 3 yards to the FG46, out-of-bounds (V. Wilson-Oberk).","H,3,13,H46",pass,NA,1,NA,0,6,27,NA,11,H,FG,"PUNT,2,04:51,49","PUNT,2,01:50,49",6,0,3:01,PUNT,2,04:51,FG49,PUNT,2,01:50,FG49,NA
2021_08_HD_FG,HD,FG,Hamburg Sea Devils,Frankfurt Galaxy,8/8/2021,Frankfurt,PSD Bank Arena,15:00,17:40,02:40,2800,21 degr.,SW18km/h,cloudy,M. Scholz,B. Hansen,R. Lewis,S. Richardson,D. Jurzyk,K. Przybyla,A. Flaisch-J.,FG,3,13,FG46,"H,3,13,H46","11,5,86","RUSH:7,V48, OB: PEN:V,PF,A,40,V33,1","J. Sullivan rush for 6 yards to the HD48, out-of-bounds, PENALTY HD personal foul (M. Spiegel) 15 yards to the HD33, 1ST DOWN FG.","H,1,10,V33",rush,penalty,1,NA,0,6,27,NA,11,H,FG,"PUNT,2,04:51,49","PUNT,2,01:50,49",6,0,3:01,PUNT,2,04:51,FG49,PUNT,2,01:50,FG49,NA
2021_08_HD_FG,HD,FG,Hamburg Sea Devils,Frankfurt Galaxy,8/8/2021,Frankfurt,PSD Bank Arena,15:00,17:40,02:40,2800,21 degr.,SW18km/h,cloudy,M. Scholz,B. Hansen,R. Lewis,S. Richardson,D. Jurzyk,K. Przybyla,A. Flaisch-J.,FG,1,10,HD33,"H,1,10,V33","11,6,87","D:1,10",1st and 10.,"H,1,10,V33",NA,NA,0,NA,0,6,27,NA,11,H,FG,"PUNT,2,04:51,49","PUNT,2,01:50,49",6,0,3:01,PUNT,2,04:51,FG49,PUNT,2,01:50,FG49,NA
2021_08_HD_FG,HD,FG,Hamburg Sea Devils,Frankfurt Galaxy,8/8/2021,Frankfurt,PSD Bank Arena,15:00,17:40,02:40,2800,21 degr.,SW18km/h,cloudy,M. Scholz,B. Hansen,R. Lewis,S. Richardson,D. Jurzyk,K. Przybyla,A. Flaisch-J.,FG,1,10,HD33,"H,1,10,V33","11,7,88","PASS:7,S,TM,V48 SACK:94 PEN:H,HO,D","J. Sullivan sacked for loss of 15 yards to the HD48 (B. Grube), PENALTY FG holding declined.","H,2,25,V48",pass,NA,0,NA,0,6,27,NA,11,H,FG,"PUNT,2,04:51,49","PUNT,2,01:50,49",6,0,3:01,PUNT,2,04:51,FG49,PUNT,2,01:50,FG49,NA
2021_08_HD_FG,HD,FG,Hamburg Sea Devils,Frankfurt Galaxy,8/8/2021,Frankfurt,PSD Bank Arena,15:00,17:40,02:40,2800,21 degr.,SW18km/h,cloudy,M. Scholz,B. Hansen,R. Lewis,S. Richardson,D. Jurzyk,K. Przybyla,A. Flaisch-J.,FG,2,25,HD48,"H,2,25,V48","11,8,89","PASS:7,I,TM,* BRUP:56",J. Sullivan pass incomplete (G. Nanguy).,"H,3,25,V48",pass,NA,0,NA,0,6,27,NA,11,H,FG,"PUNT,2,04:51,49","PUNT,2,01:50,49",6,0,3:01,PUNT,2,04:51,FG49,PUNT,2,01:50,FG49,NA
2021_08_HD_FG,HD,FG,Hamburg Sea Devils,Frankfurt Galaxy,8/8/2021,Frankfurt,PSD Bank Arena,15:00,17:40,02:40,2800,21 degr.,SW18km/h,cloudy,M. Scholz,B. Hansen,R. Lewis,S. Richardson,D. Jurzyk,K. Przybyla,A. Flaisch-J.,FG,3,25,HD48,"H,3,25,V48","11,9,90",TOUT:H T:02:31,"Timeout Frankfurt Galaxy, clock 02:31.","H,3,25,V48",NA,NA,0,02:31,0,6,27,NA,11,H,FG,"PUNT,2,04:51,49","PUNT,2,01:50,49",6,0,3:01,PUNT,2,04:51,FG49,PUNT,2,01:50,FG49,NA
2021_08_HD_FG,HD,FG,Hamburg Sea Devils,Frankfurt Galaxy,8/8/2021,Frankfurt,PSD Bank Arena,15:00,17:40,02:40,2800,21 degr.,SW18km/h,cloudy,M. Scholz,B. Hansen,R. Lewis,S. Richardson,D. Jurzyk,K. Przybyla,A. Flaisch-J.,FG,3,25,HD48,"H,3,25,V48","11,10,91","PASS:7,S,TM,H49 SACK:94",J. Sullivan sacked for loss of 3 yards to the FG49 (B. Grube).,"H,4,28,H49",pass,NA,0,NA,0,6,27,NA,11,H,FG,"PUNT,2,04:51,49","PUNT,2,01:50,49",6,0,3:01,PUNT,2,04:51,FG49,PUNT,2,01:50,FG49,NA
2021_08_HD_FG,HD,FG,Hamburg Sea Devils,Frankfurt Galaxy,8/8/2021,Frankfurt,PSD Bank Arena,15:00,17:40,02:40,2800,21 degr.,SW18km/h,cloudy,M. Scholz,B. Hansen,R. Lewis,S. Richardson,D. Jurzyk,K. Przybyla,A. Flaisch-J.,FG,4,28,FG49,"H,4,28,H49","11,11,92","PUNT:82,V17 RET:23,V24 TACK:10","H. Schwarz punt 34 yards to the HD17, J. Rogers return 7 yards to the HD24 (O. Williams).","V,1,10,V24",punt,NA,0,NA,0,6,27,NA,11,H,FG,"PUNT,2,04:51,49","PUNT,2,01:50,49",6,0,3:01,PUNT,2,04:51,FG49,PUNT,2,01:50,FG49,NA
2021_08_HD_FG,HD,FG,Hamburg Sea Devils,Frankfurt Galaxy,8/8/2021,Frankfurt,PSD Bank Arena,15:00,17:40,02:40,2800,21 degr.,SW18km/h,cloudy,M. Scholz,B. Hansen,R. Lewis,S. Richardson,D. Jurzyk,K. Przybyla,A. Flaisch-J.,HD,1,10,HD24,"V,1,10,V24","12,1,93",{DRIVE}:01:50,HAMBURG SEA DEVILS drive start at 01:50.,"V,1,10,V24",NA,NA,0,01:50,0,6,27,NA,12,H,FG,"PUNT,2,01:50,35","HALF,2,00:00,35",5,0,1:50,PUNT,2,01:50,FG35,HALF,2,00:00,FG35,NA
2021_08_HD_FG,HD,FG,Hamburg Sea Devils,Frankfurt Galaxy,8/8/2021,Frankfurt,PSD Bank Arena,15:00,17:40,02:40,2800,21 degr.,SW18km/h,cloudy,M. Scholz,B. Hansen,R. Lewis,S. Richardson,D. Jurzyk,K. Przybyla,A. Flaisch-J.,HD,1,10,HD24,"V,1,10,V24","12,2,94","RUSH:10,V26, TACK:43,56",J. Clark rush for 2 yards to the HD26 (J. Silva Gomez;S. Silva Gomez).,"V,2,8,V26",rush,NA,0,NA,0,6,27,NA,12,H,FG,"PUNT,2,01:50,35","HALF,2,00:00,35",5,0,1:50,PUNT,2,01:50,FG35,HALF,2,00:00,FG35,NA
2021_08_HD_FG,HD,FG,Hamburg Sea Devils,Frankfurt Galaxy,8/8/2021,Frankfurt,PSD Bank Arena,15:00,17:40,02:40,2800,21 degr.,SW18km/h,cloudy,M. Scholz,B. Hansen,R. Lewis,S. Richardson,D. Jurzyk,K. Przybyla,A. Flaisch-J.,HD,2,8,HD26,"V,2,8,V26","12,3,95","PASS:10,C,88,V38 TACK:25","J. Clark pass complete to A. Botella M. for 12 yards to the HD38, 1ST DOWN HD (B. Barnes).","V,1,10,V38",pass,pass,0,NA,0,6,27,NA,12,H,FG,"PUNT,2,01:50,35","HALF,2,00:00,35",5,0,1:50,PUNT,2,01:50,FG35,HALF,2,00:00,FG35,NA
2021_08_HD_FG,HD,FG,Hamburg Sea Devils,Frankfurt Galaxy,8/8/2021,Frankfurt,PSD Bank Arena,15:00,17:40,02:40,2800,21 degr.,SW18km/h,cloudy,M. Scholz,B. Hansen,R. Lewis,S. Richardson,D. Jurzyk,K. Przybyla,A. Flaisch-J.,HD,1,10,HD38,"V,1,10,V38","12,4,96","PEN:V,FS,A,81,V38,N",PENALTY HD false start (K. Ofori) 0 yards to the HD38.,"V,1,10,V38",penalty,NA,0,NA,0,6,27,NA,12,H,FG,"PUNT,2,01:50,35","HALF,2,00:00,35",5,0,1:50,PUNT,2,01:50,FG35,HALF,2,00:00,FG35,NA
2021_08_HD_FG,HD,FG,Hamburg Sea Devils,Frankfurt Galaxy,8/8/2021,Frankfurt,PSD Bank Arena,15:00,17:40,02:40,2800,21 degr.,SW18km/h,cloudy,M. Scholz,B. Hansen,R. Lewis,S. Richardson,D. Jurzyk,K. Przybyla,A. Flaisch-J.,HD,1,10,HD38,"V,1,10,V38","12,5,98","PASS:10,I,24,*",J. Clark pass incomplete to X. Johnson.,"V,2,10,V38",pass,NA,0,NA,0,6,27,NA,12,H,FG,"PUNT,2,01:50,35","HALF,2,00:00,35",5,0,1:50,PUNT,2,01:50,FG35,HALF,2,00:00,FG35,NA
2021_08_HD_FG,HD,FG,Hamburg Sea Devils,Frankfurt Galaxy,8/8/2021,Frankfurt,PSD Bank Arena,15:00,17:40,02:40,2800,21 degr.,SW18km/h,cloudy,M. Scholz,B. Hansen,R. Lewis,S. Richardson,D. Jurzyk,K. Przybyla,A. Flaisch-J.,HD,2,10,HD38,"V,2,10,V38","12,6,99","RUSH:24,V35, TACK:46,43",X. Johnson rush for loss of 3 yards to the HD35 (O. Ogbevoen;J. Silva Gomez).,"V,3,13,V35",rush,NA,0,NA,0,6,27,NA,12,H,FG,"PUNT,2,01:50,35","HALF,2,00:00,35",5,0,1:50,PUNT,2,01:50,FG35,HALF,2,00:00,FG35,NA
2021_08_HD_FG,HD,FG,Hamburg Sea Devils,Frankfurt Galaxy,8/8/2021,Frankfurt,PSD Bank Arena,15:00,17:40,02:40,2800,21 degr.,SW18km/h,cloudy,M. Scholz,B. Hansen,R. Lewis,S. Richardson,D. Jurzyk,K. Przybyla,A. Flaisch-J.,HD,3,13,HD35,"V,3,13,V35","12,7,100","PASS:10,C,24,H46 TACK:41","J. Clark pass complete to X. Johnson for 19 yards to the FG46, 1ST DOWN HD (S. Gauthier).","V,1,10,H46",pass,pass,0,NA,0,6,27,NA,12,H,FG,"PUNT,2,01:50,35","HALF,2,00:00,35",5,0,1:50,PUNT,2,01:50,FG35,HALF,2,00:00,FG35,NA
2021_08_HD_FG,HD,FG,Hamburg Sea Devils,Frankfurt Galaxy,8/8/2021,Frankfurt,PSD Bank Arena,15:00,17:40,02:40,2800,21 degr.,SW18km/h,cloudy,M. Scholz,B. Hansen,R. Lewis,S. Richardson,D. Jurzyk,K. Przybyla,A. Flaisch-J.,HD,1,10,FG46,"V,1,10,H46","12,8,101",HALF: T:00:00,"End of half, clock 00:00.","V,1,10,H46",NA,NA,0,00:00,0,6,27,NA,12,H,FG,"PUNT,2,01:50,35","HALF,2,00:00,35",5,0,1:50,PUNT,2,01:50,FG35,HALF,2,00:00,FG35,NA
2021_08_HD_FG,HD,FG,Hamburg Sea Devils,Frankfurt Galaxy,8/8/2021,Frankfurt,PSD Bank Arena,15:00,17:40,02:40,2800,21 degr.,SW18km/h,cloudy,M. Scholz,B. Hansen,R. Lewis,S. Richardson,D. Jurzyk,K. Przybyla,A. Flaisch-J.,HD,1,10,FG46,"V,1,10,H46","12,9,102",Q:3 T:15:00,"Start of 3rd quarter, clock 15:00.","V,1,10,H46",NA,NA,0,15:00,0,6,27,NA,12,H,FG,"PUNT,2,01:50,35","HALF,2,00:00,35",5,0,1:50,PUNT,2,01:50,FG35,HALF,2,00:00,FG35,NA
2021_08_HD_FG,HD,FG,Hamburg Sea Devils,Frankfurt Galaxy,8/8/2021,Frankfurt,PSD Bank Arena,15:00,17:40,02:40,2800,21 degr.,SW18km/h,cloudy,M. Scholz,B. Hansen,R. Lewis,S. Richardson,D. Jurzyk,K. Przybyla,A. Flaisch-J.,HD,1,10,FG46,"V,1,10,H46","12,10,103","SPOT:H,H35,Y",FG ball on FG35.,"H,1,10,H35",NA,NA,0,NA,0,6,27,NA,12,H,FG,"PUNT,2,01:50,35","HALF,2,00:00,35",5,0,1:50,PUNT,2,01:50,FG35,HALF,2,00:00,FG35,NA
2021_08_HD_FG,HD,FG,Hamburg Sea Devils,Frankfurt Galaxy,8/8/2021,Frankfurt,PSD Bank Arena,15:00,17:40,02:40,2800,21 degr.,SW18km/h,cloudy,M. Scholz,B. Hansen,R. Lewis,S. Richardson,D. Jurzyk,K. Przybyla,A. Flaisch-J.,FG,1,10,FG35,"H,1,10,H35","12,11,104","KO:42,V01 RET:23,V36 OB: TACK:48","M. Ebsen kickoff 64 yards to the HD1, J. Rogers return 35 yards to the HD36, out-of-bounds (N. Knoblauch).","V,1,10,V36",kick_off,NA,1,NA,0,6,27,NA,12,H,FG,"PUNT,2,01:50,35","HALF,2,00:00,35",5,0,1:50,PUNT,2,01:50,FG35,HALF,2,00:00,FG35,NA
2021_08_HD_FG,HD,FG,Hamburg Sea Devils,Frankfurt Galaxy,8/8/2021,Frankfurt,PSD Bank Arena,15:00,17:40,02:40,2800,21 degr.,SW18km/h,cloudy,M. Scholz,B. Hansen,R. Lewis,S. Richardson,D. Jurzyk,K. Przybyla,A. Flaisch-J.,HD,1,10,HD36,"V,1,10,V36","13,1,105",{DRIVE}:14:51,HAMBURG SEA DEVILS drive start at 14:51.,"V,1,10,V36",NA,NA,0,14:51,0,6,27,NA,13,V,HD,"KO,3,14:51,36","PUNT,3,12:06,42",5,6,2:45,KO,3,14:51,HD36,PUNT,3,12:06,HD42,NA
2021_08_HD_FG,HD,FG,Hamburg Sea Devils,Frankfurt Galaxy,8/8/2021,Frankfurt,PSD Bank Arena,15:00,17:40,02:40,2800,21 degr.,SW18km/h,cloudy,M. Scholz,B. Hansen,R. Lewis,S. Richardson,D. Jurzyk,K. Przybyla,A. Flaisch-J.,HD,1,10,HD36,"V,1,10,V36","13,2,106","RUSH:24,V43, TACK:56",X. Johnson rush for 7 yards to the HD43 (S. Silva Gomez).,"V,2,3,V43",rush,NA,0,NA,0,6,27,NA,13,V,HD,"KO,3,14:51,36","PUNT,3,12:06,42",5,6,2:45,KO,3,14:51,HD36,PUNT,3,12:06,HD42,NA
2021_08_HD_FG,HD,FG,Hamburg Sea Devils,Frankfurt Galaxy,8/8/2021,Frankfurt,PSD Bank Arena,15:00,17:40,02:40,2800,21 degr.,SW18km/h,cloudy,M. Scholz,B. Hansen,R. Lewis,S. Richardson,D. Jurzyk,K. Przybyla,A. Flaisch-J.,HD,2,3,HD43,"V,2,3,V43","13,3,107","RUSH:24,V46, OB: TACK:14,41","X. Johnson rush for 3 yards to the HD46, 1ST DOWN HD, out-of-bounds (J. Poznanski;S. Gauthier).","V,1,10,V46",rush,rush,1,NA,0,6,27,NA,13,V,HD,"KO,3,14:51,36","PUNT,3,12:06,42",5,6,2:45,KO,3,14:51,HD36,PUNT,3,12:06,HD42,NA
2021_08_HD_FG,HD,FG,Hamburg Sea Devils,Frankfurt Galaxy,8/8/2021,Frankfurt,PSD Bank Arena,15:00,17:40,02:40,2800,21 degr.,SW18km/h,cloudy,M. Scholz,B. Hansen,R. Lewis,S. Richardson,D. Jurzyk,K. Przybyla,A. Flaisch-J.,HD,1,10,HD46,"V,1,10,V46","13,4,108","PASS:10,S,TM,V40 SACK:56",J. Clark sacked for loss of 6 yards to the HD40 (S. Silva Gomez).,"V,2,16,V40",pass,NA,0,NA,0,6,27,NA,13,V,HD,"KO,3,14:51,36","PUNT,3,12:06,42",5,6,2:45,KO,3,14:51,HD36,PUNT,3,12:06,HD42,NA
2021_08_HD_FG,HD,FG,Hamburg Sea Devils,Frankfurt Galaxy,8/8/2021,Frankfurt,PSD Bank Arena,15:00,17:40,02:40,2800,21 degr.,SW18km/h,cloudy,M. Scholz,B. Hansen,R. Lewis,S. Richardson,D. Jurzyk,K. Przybyla,A. Flaisch-J.,HD,2,16,HD40,"V,2,16,V40","13,5,109",TOUT:V T:13:06,"Timeout Hamburg Sea Devils, clock 13:06.","V,2,16,V40",NA,NA,0,13:06,0,6,27,NA,13,V,HD,"KO,3,14:51,36","PUNT,3,12:06,42",5,6,2:45,KO,3,14:51,HD36,PUNT,3,12:06,HD42,NA
2021_08_HD_FG,HD,FG,Hamburg Sea Devils,Frankfurt Galaxy,8/8/2021,Frankfurt,PSD Bank Arena,15:00,17:40,02:40,2800,21 degr.,SW18km/h,cloudy,M. Scholz,B. Hansen,R. Lewis,S. Richardson,D. Jurzyk,K. Przybyla,A. Flaisch-J.,HD,2,16,HD40,"V,2,16,V40","13,6,110","PASS:10,C,88,V42 OB: TACK:41","J. Clark pass complete to A. Botella M. for 2 yards to the HD42, out-of-bounds (S. Gauthier).","V,3,14,V42",pass,NA,1,NA,0,6,27,NA,13,V,HD,"KO,3,14:51,36","PUNT,3,12:06,42",5,6,2:45,KO,3,14:51,HD36,PUNT,3,12:06,HD42,NA
2021_08_HD_FG,HD,FG,Hamburg Sea Devils,Frankfurt Galaxy,8/8/2021,Frankfurt,PSD Bank Arena,15:00,17:40,02:40,2800,21 degr.,SW18km/h,cloudy,M. Scholz,B. Hansen,R. Lewis,S. Richardson,D. Jurzyk,K. Przybyla,A. Flaisch-J.,HD,3,14,HD42,"V,3,14,V42","13,7,111",TOUT:H T:12:22,"Timeout Frankfurt Galaxy, clock 12:22.","V,3,14,V42",NA,NA,0,12:22,0,6,27,NA,13,V,HD,"KO,3,14:51,36","PUNT,3,12:06,42",5,6,2:45,KO,3,14:51,HD36,PUNT,3,12:06,HD42,NA
2021_08_HD_FG,HD,FG,Hamburg Sea Devils,Frankfurt Galaxy,8/8/2021,Frankfurt,PSD Bank Arena,15:00,17:40,02:40,2800,21 degr.,SW18km/h,cloudy,M. Scholz,B. Hansen,R. Lewis,S. Richardson,D. Jurzyk,K. Przybyla,A. Flaisch-J.,HD,3,14,HD42,"V,3,14,V42","13,8,112","PASS:10,I,81,* BRUP:18",J. Clark pass incomplete to K. Ofori (F. Lowery).,"V,4,14,V42",pass,NA,0,NA,0,6,27,NA,13,V,HD,"KO,3,14:51,36","PUNT,3,12:06,42",5,6,2:45,KO,3,14:51,HD36,PUNT,3,12:06,HD42,NA
2021_08_HD_FG,HD,FG,Hamburg Sea Devils,Frankfurt Galaxy,8/8/2021,Frankfurt,PSD Bank Arena,15:00,17:40,02:40,2800,21 degr.,SW18km/h,cloudy,M. Scholz,B. Hansen,R. Lewis,S. Richardson,D. Jurzyk,K. Przybyla,A. Flaisch-J.,HD,4,14,HD42,"V,4,14,V42","13,9,113","PUNT:4,H19 RET:10,H25 TACK:49","P. Andersen punt 39 yards to the FG19, O. Williams return 6 yards to the FG25 (S. Kaya).","H,1,10,H25",punt,NA,0,NA,0,6,27,NA,13,V,HD,"KO,3,14:51,36","PUNT,3,12:06,42",5,6,2:45,KO,3,14:51,HD36,PUNT,3,12:06,HD42,NA
2021_08_HD_FG,HD,FG,Hamburg Sea Devils,Frankfurt Galaxy,8/8/2021,Frankfurt,PSD Bank Arena,15:00,17:40,02:40,2800,21 degr.,SW18km/h,cloudy,M. Scholz,B. Hansen,R. Lewis,S. Richardson,D. Jurzyk,K. Przybyla,A. Flaisch-J.,FG,1,10,FG25,"H,1,10,H25","14,1,114",{DRIVE}:12:06,FRANKFURT GALAXY drive start at 12:06.,"H,1,10,H25",NA,NA,0,12:06,0,6,27,NA,14,H,FG,"PUNT,3,12:06,25","PUNT,3,10:26,15",3,-10,1:40,PUNT,3,12:06,FG25,PUNT,3,10:26,FG15,NA
2021_08_HD_FG,HD,FG,Hamburg Sea Devils,Frankfurt Galaxy,8/8/2021,Frankfurt,PSD Bank Arena,15:00,17:40,02:40,2800,21 degr.,SW18km/h,cloudy,M. Scholz,B. Hansen,R. Lewis,S. Richardson,D. Jurzyk,K. Przybyla,A. Flaisch-J.,FG,1,10,FG25,"H,1,10,H25","14,2,115","RUSH:22,H26, TACK:95,98",G. Ameln rush for 1 yard to the FG26 (E. Yeboah;H. Awuah).,"H,2,9,H26",rush,NA,0,NA,0,6,27,NA,14,H,FG,"PUNT,3,12:06,25","PUNT,3,10:26,15",3,-10,1:40,PUNT,3,12:06,FG25,PUNT,3,10:26,FG15,NA
2021_08_HD_FG,HD,FG,Hamburg Sea Devils,Frankfurt Galaxy,8/8/2021,Frankfurt,PSD Bank Arena,15:00,17:40,02:40,2800,21 degr.,SW18km/h,cloudy,M. Scholz,B. Hansen,R. Lewis,S. Richardson,D. Jurzyk,K. Przybyla,A. Flaisch-J.,FG,2,9,FG26,"H,2,9,H26","14,3,116","RUSH:22,H28, TACK:98,95",G. Ameln rush for 2 yards to the FG28 (H. Awuah;E. Yeboah).,"H,3,7,H28",rush,NA,0,NA,0,6,27,NA,14,H,FG,"PUNT,3,12:06,25","PUNT,3,10:26,15",3,-10,1:40,PUNT,3,12:06,FG25,PUNT,3,10:26,FG15,NA
2021_08_HD_FG,HD,FG,Hamburg Sea Devils,Frankfurt Galaxy,8/8/2021,Frankfurt,PSD Bank Arena,15:00,17:40,02:40,2800,21 degr.,SW18km/h,cloudy,M. Scholz,B. Hansen,R. Lewis,S. Richardson,D. Jurzyk,K. Przybyla,A. Flaisch-J.,FG,3,7,FG28,"H,3,7,H28","14,4,117","RUSH:7,H15, OB:","J. Sullivan rush for loss of 13 yards to the FG15, out-of-bounds.","H,4,20,H15",rush,NA,1,NA,0,6,27,NA,14,H,FG,"PUNT,3,12:06,25","PUNT,3,10:26,15",3,-10,1:40,PUNT,3,12:06,FG25,PUNT,3,10:26,FG15,NA
2021_08_HD_FG,HD,FG,Hamburg Sea Devils,Frankfurt Galaxy,8/8/2021,Frankfurt,PSD Bank Arena,15:00,17:40,02:40,2800,21 degr.,SW18km/h,cloudy,M. Scholz,B. Hansen,R. Lewis,S. Richardson,D. Jurzyk,K. Przybyla,A. Flaisch-J.,FG,4,20,FG15,"H,4,20,H15","14,5,118","PUNT:82,V34 RET:23,H41 TACK:47","H. Schwarz punt 51 yards to the HD34, J. Rogers return 25 yards to the FG41 (J. Sauren).","V,1,10,H41",punt,NA,0,NA,0,6,27,NA,14,H,FG,"PUNT,3,12:06,25","PUNT,3,10:26,15",3,-10,1:40,PUNT,3,12:06,FG25,PUNT,3,10:26,FG15,NA
2021_08_HD_FG,HD,FG,Hamburg Sea Devils,Frankfurt Galaxy,8/8/2021,Frankfurt,PSD Bank Arena,15:00,17:40,02:40,2800,21 degr.,SW18km/h,cloudy,M. Scholz,B. Hansen,R. Lewis,S. Richardson,D. Jurzyk,K. Przybyla,A. Flaisch-J.,HD,1,10,FG41,"V,1,10,H41","15,1,119",{DRIVE}:10:26,HAMBURG SEA DEVILS drive start at 10:26.,"V,1,10,H41",NA,NA,0,10:26,0,6,27,NA,15,V,HD,"PUNT,3,10:26,59","INT,3,09:24,66",3,7,1:02,PUNT,3,10:26,FG41,INT,3,09:24,FG34,NA
2021_08_HD_FG,HD,FG,Hamburg Sea Devils,Frankfurt Galaxy,8/8/2021,Frankfurt,PSD Bank Arena,15:00,17:40,02:40,2800,21 degr.,SW18km/h,cloudy,M. Scholz,B. Hansen,R. Lewis,S. Richardson,D. Jurzyk,K. Przybyla,A. Flaisch-J.,HD,1,10,FG41,"V,1,10,H41","15,2,120","RUSH:10,H34, TACK:41",J. Clark rush for 7 yards to the FG34 (S. Gauthier).,"V,2,3,H34",rush,NA,0,NA,0,6,27,NA,15,V,HD,"PUNT,3,10:26,59","INT,3,09:24,66",3,7,1:02,PUNT,3,10:26,FG41,INT,3,09:24,FG34,NA
2021_08_HD_FG,HD,FG,Hamburg Sea Devils,Frankfurt Galaxy,8/8/2021,Frankfurt,PSD Bank Arena,15:00,17:40,02:40,2800,21 degr.,SW18km/h,cloudy,M. Scholz,B. Hansen,R. Lewis,S. Richardson,D. Jurzyk,K. Przybyla,A. Flaisch-J.,HD,2,3,FG34,"V,2,3,H34","15,3,121","PASS:10,I,81,* BRUP:10",J. Clark pass incomplete to K. Ofori (O. Williams).,"V,3,3,H34",pass,NA,0,NA,0,6,27,NA,15,V,HD,"PUNT,3,10:26,59","INT,3,09:24,66",3,7,1:02,PUNT,3,10:26,FG41,INT,3,09:24,FG34,NA
2021_08_HD_FG,HD,FG,Hamburg Sea Devils,Frankfurt Galaxy,8/8/2021,Frankfurt,PSD Bank Arena,15:00,17:40,02:40,2800,21 degr.,SW18km/h,cloudy,M. Scholz,B. Hansen,R. Lewis,S. Richardson,D. Jurzyk,K. Przybyla,A. Flaisch-J.,HD,3,3,FG34,"V,3,3,H34","15,4,122","PASS:10,X,14,H31 RET:14,H45 TACK:12","J. Clark pass intercepted by J. Poznanski at the FG31, J. Poznanski return 14 yards to the FG45 (J. Madin Cerezo).","H,1,10,H45",pass,NA,0,NA,0,6,27,I,15,V,HD,"PUNT,3,10:26,59","INT,3,09:24,66",3,7,1:02,PUNT,3,10:26,FG41,INT,3,09:24,FG34,NA
2021_08_HD_FG,HD,FG,Hamburg Sea Devils,Frankfurt Galaxy,8/8/2021,Frankfurt,PSD Bank Arena,15:00,17:40,02:40,2800,21 degr.,SW18km/h,cloudy,M. Scholz,B. Hansen,R. Lewis,S. Richardson,D. Jurzyk,K. Przybyla,A. Flaisch-J.,FG,1,10,FG45,"H,1,10,H45","16,1,123",{DRIVE}:09:24,FRANKFURT GALAXY drive start at 09:24.,"H,1,10,H45",NA,NA,0,09:24,0,6,27,NA,16,H,FG,"INT,3,09:24,45","TD,3,06:30,100",6,55,2:54,INT,3,09:24,FG45,TD,3,06:30,HD00,1
2021_08_HD_FG,HD,FG,Hamburg Sea Devils,Frankfurt Galaxy,8/8/2021,Frankfurt,PSD Bank Arena,15:00,17:40,02:40,2800,21 degr.,SW18km/h,cloudy,M. Scholz,B. Hansen,R. Lewis,S. Richardson,D. Jurzyk,K. Przybyla,A. Flaisch-J.,FG,1,10,FG45,"H,1,10,H45","16,2,124","PASS:7,I,82,*",J. Sullivan pass incomplete to H. Schwarz.,"H,2,10,H45",pass,NA,0,NA,0,6,27,NA,16,H,FG,"INT,3,09:24,45","TD,3,06:30,100",6,55,2:54,INT,3,09:24,FG45,TD,3,06:30,HD00,1
2021_08_HD_FG,HD,FG,Hamburg Sea Devils,Frankfurt Galaxy,8/8/2021,Frankfurt,PSD Bank Arena,15:00,17:40,02:40,2800,21 degr.,SW18km/h,cloudy,M. Scholz,B. Hansen,R. Lewis,S. Richardson,D. Jurzyk,K. Przybyla,A. Flaisch-J.,FG,2,10,FG45,"H,2,10,H45","16,3,125","PASS:7,C,82,V33 TACK:28","J. Sullivan pass complete to H. Schwarz for 22 yards to the HD33, 1ST DOWN FG (B. Maruschke).","H,1,10,V33",pass,pass,0,NA,0,6,27,NA,16,H,FG,"INT,3,09:24,45","TD,3,06:30,100",6,55,2:54,INT,3,09:24,FG45,TD,3,06:30,HD00,1
2021_08_HD_FG,HD,FG,Hamburg Sea Devils,Frankfurt Galaxy,8/8/2021,Frankfurt,PSD Bank Arena,15:00,17:40,02:40,2800,21 degr.,SW18km/h,cloudy,M. Scholz,B. Hansen,R. Lewis,S. Richardson,D. Jurzyk,K. Przybyla,A. Flaisch-J.,FG,1,10,HD33,"H,1,10,V33","16,4,126","PASS:7,I,11,* PEN:V,OD,A,56,V28,N NOPLAY:","J. Sullivan pass incomplete to A. Mahoungou, PENALTY HD offside defense (G. Nanguy) 5 yards to the HD28, NO PLAY.","H,1,5,V28",penalty,NA,0,NA,0,6,27,NA,16,H,FG,"INT,3,09:24,45","TD,3,06:30,100",6,55,2:54,INT,3,09:24,FG45,TD,3,06:30,HD00,1
2021_08_HD_FG,HD,FG,Hamburg Sea Devils,Frankfurt Galaxy,8/8/2021,Frankfurt,PSD Bank Arena,15:00,17:40,02:40,2800,21 degr.,SW18km/h,cloudy,M. Scholz,B. Hansen,R. Lewis,S. Richardson,D. Jurzyk,K. Przybyla,A. Flaisch-J.,FG,1,5,HD28,"H,1,5,V28","16,5,127","RUSH:33,V20, TACK:40","J. Rodney rush for 8 yards to the HD20, 1ST DOWN FG (M. Spiegel).","H,1,10,V20",rush,rush,0,NA,0,6,27,NA,16,H,FG,"INT,3,09:24,45","TD,3,06:30,100",6,55,2:54,INT,3,09:24,FG45,TD,3,06:30,HD00,1
2021_08_HD_FG,HD,FG,Hamburg Sea Devils,Frankfurt Galaxy,8/8/2021,Frankfurt,PSD Bank Arena,15:00,17:40,02:40,2800,21 degr.,SW18km/h,cloudy,M. Scholz,B. Hansen,R. Lewis,S. Richardson,D. Jurzyk,K. Przybyla,A. Flaisch-J.,FG,1,10,HD20,"H,1,10,V20","16,6,128","RUSH:7,V18, OB:","J. Sullivan rush for 2 yards to the HD18, out-of-bounds.","H,2,8,V18",rush,NA,1,NA,0,6,27,NA,16,H,FG,"INT,3,09:24,45","TD,3,06:30,100",6,55,2:54,INT,3,09:24,FG45,TD,3,06:30,HD00,1
2021_08_HD_FG,HD,FG,Hamburg Sea Devils,Frankfurt Galaxy,8/8/2021,Frankfurt,PSD Bank Arena,15:00,17:40,02:40,2800,21 degr.,SW18km/h,cloudy,M. Scholz,B. Hansen,R. Lewis,S. Richardson,D. Jurzyk,K. Przybyla,A. Flaisch-J.,FG,2,8,HD18,"H,2,8,V18","16,7,129","RUSH:33,V15, TACK:40,56",J. Rodney rush for 3 yards to the HD15 (M. Spiegel;G. Nanguy).,"H,3,5,V15",rush,NA,0,NA,0,6,27,NA,16,H,FG,"INT,3,09:24,45","TD,3,06:30,100",6,55,2:54,INT,3,09:24,FG45,TD,3,06:30,HD00,1
2021_08_HD_FG,HD,FG,Hamburg Sea Devils,Frankfurt Galaxy,8/8/2021,Frankfurt,PSD Bank Arena,15:00,17:40,02:40,2800,21 degr.,SW18km/h,cloudy,M. Scholz,B. Hansen,R. Lewis,S. Richardson,D. Jurzyk,K. Przybyla,A. Flaisch-J.,FG,3,5,HD15,"H,3,5,V15","16,8,130","PASS:7,C,82,V00 T:06:30","J. Sullivan pass complete to H. Schwarz for 15 yards to the HD0, 1ST DOWN FG, TOUCHDOWN, clock 06:30.","H,1,10,V15",pass,pass,0,06:30,1,6,33,NA,16,H,FG,"INT,3,09:24,45","TD,3,06:30,100",6,55,2:54,INT,3,09:24,FG45,TD,3,06:30,HD00,1
2021_08_HD_FG,HD,FG,Hamburg Sea Devils,Frankfurt Galaxy,8/8/2021,Frankfurt,PSD Bank Arena,15:00,17:40,02:40,2800,21 degr.,SW18km/h,cloudy,M. Scholz,B. Hansen,R. Lewis,S. Richardson,D. Jurzyk,K. Przybyla,A. Flaisch-J.,FG,1,10,HD15,"H,1,10,V15","16,9,131","PAT:K,42,M",M. Ebsen kick attempt failed.,"H,1,0,H35",pat,NA,0,NA,0,6,33,NA,16,H,FG,"INT,3,09:24,45","TD,3,06:30,100",6,55,2:54,INT,3,09:24,FG45,TD,3,06:30,HD00,1
2021_08_HD_FG,HD,FG,Hamburg Sea Devils,Frankfurt Galaxy,8/8/2021,Frankfurt,PSD Bank Arena,15:00,17:40,02:40,2800,21 degr.,SW18km/h,cloudy,M. Scholz,B. Hansen,R. Lewis,S. Richardson,D. Jurzyk,K. Przybyla,A. Flaisch-J.,FG,1,0,FG35,"H,1,0,H35","16,10,132","KO:42,V04 RET:23,V20 TACK:33 PEN:V,IUH,A,54,V10,N D:1,10 SPOT:V,V10,Y","M. Ebsen kickoff 61 yards to the HD4, J. Rogers return 16 yards to the HD20 (J. Rodney), PENALTY HD IUH (T. Lessow) 10 yards to the HD10, 1st and 10, HD ball on HD10.","V,1,10,V10",kick_off,NA,0,NA,0,6,33,NA,16,H,FG,"INT,3,09:24,45","TD,3,06:30,100",6,55,2:54,INT,3,09:24,FG45,TD,3,06:30,HD00,1
2021_08_HD_FG,HD,FG,Hamburg Sea Devils,Frankfurt Galaxy,8/8/2021,Frankfurt,PSD Bank Arena,15:00,17:40,02:40,2800,21 degr.,SW18km/h,cloudy,M. Scholz,B. Hansen,R. Lewis,S. Richardson,D. Jurzyk,K. Przybyla,A. Flaisch-J.,HD,1,10,HD10,"V,1,10,V10","17,1,133",{DRIVE}:06:20,HAMBURG SEA DEVILS drive start at 06:20.,"V,1,10,V10",NA,NA,0,06:20,0,6,33,NA,17,V,HD,"KO,3,06:20,10","SAF,3,04:24,0",4,-10,1:56,KO,3,06:20,HD10,SAF,3,04:24,HD00,NA
2021_08_HD_FG,HD,FG,Hamburg Sea Devils,Frankfurt Galaxy,8/8/2021,Frankfurt,PSD Bank Arena,15:00,17:40,02:40,2800,21 degr.,SW18km/h,cloudy,M. Scholz,B. Hansen,R. Lewis,S. Richardson,D. Jurzyk,K. Przybyla,A. Flaisch-J.,HD,1,10,HD10,"V,1,10,V10","17,2,134","RUSH:34,V09, TACK:90,41",J. Ampaw rush for loss of 1 yard to the HD9 (M. A. Hor;S. Gauthier).,"V,2,11,V09",rush,NA,0,NA,0,6,33,NA,17,V,HD,"KO,3,06:20,10","SAF,3,04:24,0",4,-10,1:56,KO,3,06:20,HD10,SAF,3,04:24,HD00,NA
2021_08_HD_FG,HD,FG,Hamburg Sea Devils,Frankfurt Galaxy,8/8/2021,Frankfurt,PSD Bank Arena,15:00,17:40,02:40,2800,21 degr.,SW18km/h,cloudy,M. Scholz,B. Hansen,R. Lewis,S. Richardson,D. Jurzyk,K. Przybyla,A. Flaisch-J.,HD,2,11,HD09,"V,2,11,V09","17,3,135","PASS:10,S,TM,V03 SACK:41",J. Clark sacked for loss of 6 yards to the HD3 (S. Gauthier).,"V,3,17,V03",pass,NA,0,NA,0,6,33,NA,17,V,HD,"KO,3,06:20,10","SAF,3,04:24,0",4,-10,1:56,KO,3,06:20,HD10,SAF,3,04:24,HD00,NA
2021_08_HD_FG,HD,FG,Hamburg Sea Devils,Frankfurt Galaxy,8/8/2021,Frankfurt,PSD Bank Arena,15:00,17:40,02:40,2800,21 degr.,SW18km/h,cloudy,M. Scholz,B. Hansen,R. Lewis,S. Richardson,D. Jurzyk,K. Przybyla,A. Flaisch-J.,HD,3,17,HD03,"V,3,17,V03","17,4,136",TOUT:V T:05:02,"Timeout Hamburg Sea Devils, clock 05:02.","V,3,17,V03",NA,NA,0,05:02,0,6,33,NA,17,V,HD,"KO,3,06:20,10","SAF,3,04:24,0",4,-10,1:56,KO,3,06:20,HD10,SAF,3,04:24,HD00,NA
2021_08_HD_FG,HD,FG,Hamburg Sea Devils,Frankfurt Galaxy,8/8/2021,Frankfurt,PSD Bank Arena,15:00,17:40,02:40,2800,21 degr.,SW18km/h,cloudy,M. Scholz,B. Hansen,R. Lewis,S. Richardson,D. Jurzyk,K. Przybyla,A. Flaisch-J.,HD,3,17,HD03,"V,3,17,V03","17,5,137","PASS:10,C,81,V08 TACK:10",J. Clark pass complete to K. Ofori for 5 yards to the HD8 (O. Williams).,"V,4,12,V08",pass,NA,0,NA,0,6,33,NA,17,V,HD,"KO,3,06:20,10","SAF,3,04:24,0",4,-10,1:56,KO,3,06:20,HD10,SAF,3,04:24,HD00,NA
2021_08_HD_FG,HD,FG,Hamburg Sea Devils,Frankfurt Galaxy,8/8/2021,Frankfurt,PSD Bank Arena,15:00,17:40,02:40,2800,21 degr.,SW18km/h,cloudy,M. Scholz,B. Hansen,R. Lewis,S. Richardson,D. Jurzyk,K. Przybyla,A. Flaisch-J.,HD,4,12,HD08,"V,4,12,V08","17,6,138","RUSH:44,V00 SAF:H,TM T:04:24","J. Kruse rush for loss of 8 yards to the HD0, TEAM safety, clock 04:24.","V,1,0,V20",rush,NA,0,04:24,1,6,35,NA,17,V,HD,"KO,3,06:20,10","SAF,3,04:24,0",4,-10,1:56,KO,3,06:20,HD10,SAF,3,04:24,HD00,NA
2021_08_HD_FG,HD,FG,Hamburg Sea Devils,Frankfurt Galaxy,8/8/2021,Frankfurt,PSD Bank Arena,15:00,17:40,02:40,2800,21 degr.,SW18km/h,cloudy,M. Scholz,B. Hansen,R. Lewis,S. Richardson,D. Jurzyk,K. Przybyla,A. Flaisch-J.,HD,1,0,HD20,"V,1,0,V20","17,7,140","KO:4,H20 RET:11,H35 TACK:33","P. Andersen kickoff 60 yards to the FG20, A. Mahoungou return 15 yards to the FG35 (K. Soussoukpo).","H,1,10,H35",kick_off,NA,0,NA,0,6,35,NA,17,V,HD,"KO,3,06:20,10","SAF,3,04:24,0",4,-10,1:56,KO,3,06:20,HD10,SAF,3,04:24,HD00,NA
2021_08_HD_FG,HD,FG,Hamburg Sea Devils,Frankfurt Galaxy,8/8/2021,Frankfurt,PSD Bank Arena,15:00,17:40,02:40,2800,21 degr.,SW18km/h,cloudy,M. Scholz,B. Hansen,R. Lewis,S. Richardson,D. Jurzyk,K. Przybyla,A. Flaisch-J.,FG,1,10,FG35,"H,1,10,H35","18,1,141",{DRIVE}:04:16,FRANKFURT GALAXY drive start at 04:16.,"H,1,10,H35",NA,NA,0,04:16,0,6,35,NA,18,H,FG,"KO,3,04:16,35","FUMB,3,01:17,59",5,24,2:59,KO,3,04:16,FG35,FUMB,3,01:17,HD41,NA
2021_08_HD_FG,HD,FG,Hamburg Sea Devils,Frankfurt Galaxy,8/8/2021,Frankfurt,PSD Bank Arena,15:00,17:40,02:40,2800,21 degr.,SW18km/h,cloudy,M. Scholz,B. Hansen,R. Lewis,S. Richardson,D. Jurzyk,K. Przybyla,A. Flaisch-J.,FG,1,10,FG35,"H,1,10,H35","18,2,142","RUSH:84,H44, TACK:45,95",C. Sow rush for 9 yards to the FG44 (J. Sarfo;E. Yeboah).,"H,2,1,H44",rush,NA,0,NA,0,6,35,NA,18,H,FG,"KO,3,04:16,35","FUMB,3,01:17,59",5,24,2:59,KO,3,04:16,FG35,FUMB,3,01:17,HD41,NA
2021_08_HD_FG,HD,FG,Hamburg Sea Devils,Frankfurt Galaxy,8/8/2021,Frankfurt,PSD Bank Arena,15:00,17:40,02:40,2800,21 degr.,SW18km/h,cloudy,M. Scholz,B. Hansen,R. Lewis,S. Richardson,D. Jurzyk,K. Przybyla,A. Flaisch-J.,FG,2,1,FG44,"H,2,1,H44","18,3,143","RUSH:22,H46, TACK:40","G. Ameln rush for 2 yards to the FG46, 1ST DOWN FG (M. Spiegel).","H,1,10,H46",rush,rush,0,NA,0,6,35,NA,18,H,FG,"KO,3,04:16,35","FUMB,3,01:17,59",5,24,2:59,KO,3,04:16,FG35,FUMB,3,01:17,HD41,NA
2021_08_HD_FG,HD,FG,Hamburg Sea Devils,Frankfurt Galaxy,8/8/2021,Frankfurt,PSD Bank Arena,15:00,17:40,02:40,2800,21 degr.,SW18km/h,cloudy,M. Scholz,B. Hansen,R. Lewis,S. Richardson,D. Jurzyk,K. Przybyla,A. Flaisch-J.,FG,1,10,FG46,"H,1,10,H46","18,4,144","PASS:7,C,84,V48 TACK:27,40",J. Sullivan pass complete to C. Sow for 6 yards to the HD48 (L. Mueller;M. Spiegel).,"H,2,4,V48",pass,NA,0,NA,0,6,35,NA,18,H,FG,"KO,3,04:16,35","FUMB,3,01:17,59",5,24,2:59,KO,3,04:16,FG35,FUMB,3,01:17,HD41,NA
2021_08_HD_FG,HD,FG,Hamburg Sea Devils,Frankfurt Galaxy,8/8/2021,Frankfurt,PSD Bank Arena,15:00,17:40,02:40,2800,21 degr.,SW18km/h,cloudy,M. Scholz,B. Hansen,R. Lewis,S. Richardson,D. Jurzyk,K. Przybyla,A. Flaisch-J.,FG,2,4,HD48,"H,2,4,V48","18,5,145","RUSH:22,V45, TACK:90,95",G. Ameln rush for 3 yards to the HD45 (A. Rieckenberg;E. Yeboah).,"H,3,1,V45",rush,NA,0,NA,0,6,35,NA,18,H,FG,"KO,3,04:16,35","FUMB,3,01:17,59",5,24,2:59,KO,3,04:16,FG35,FUMB,3,01:17,HD41,NA
2021_08_HD_FG,HD,FG,Hamburg Sea Devils,Frankfurt Galaxy,8/8/2021,Frankfurt,PSD Bank Arena,15:00,17:40,02:40,2800,21 degr.,SW18km/h,cloudy,M. Scholz,B. Hansen,R. Lewis,S. Richardson,D. Jurzyk,K. Przybyla,A. Flaisch-J.,FG,3,1,HD45,"H,3,1,V45","18,6,146","RUSH:22,V41, FORCE:52 FUMB:V,V41,99 TACK:22","G. Ameln rush for 4 yards to the HD41, fumble forced by A. Mati, fumble by G. Ameln recovered by HD N. Imasuen at HD41 (G. Ameln).","V,1,10,V41",rush,NA,0,NA,0,6,35,F,18,H,FG,"KO,3,04:16,35","FUMB,3,01:17,59",5,24,2:59,KO,3,04:16,FG35,FUMB,3,01:17,HD41,NA
2021_08_HD_FG,HD,FG,Hamburg Sea Devils,Frankfurt Galaxy,8/8/2021,Frankfurt,PSD Bank Arena,15:00,17:40,02:40,2800,21 degr.,SW18km/h,cloudy,M. Scholz,B. Hansen,R. Lewis,S. Richardson,D. Jurzyk,K. Przybyla,A. Flaisch-J.,HD,1,10,HD41,"V,1,10,V41","19,1,147",{DRIVE}:01:17,HAMBURG SEA DEVILS drive start at 01:17.,"V,1,10,V41",NA,NA,0,01:17,0,6,35,NA,19,V,HD,"FUMB,3,01:17,41","FG,4,09:38,83",12,42,6:39,FUMB,3,01:17,HD41,FG,4,09:38,FG17,1
2021_08_HD_FG,HD,FG,Hamburg Sea Devils,Frankfurt Galaxy,8/8/2021,Frankfurt,PSD Bank Arena,15:00,17:40,02:40,2800,21 degr.,SW18km/h,cloudy,M. Scholz,B. Hansen,R. Lewis,S. Richardson,D. Jurzyk,K. Przybyla,A. Flaisch-J.,HD,1,10,HD41,"V,1,10,V41","19,2,148","RUSH:10,V44, TACK:41",J. Clark rush for 3 yards to the HD44 (S. Gauthier).,"V,2,7,V44",rush,NA,0,NA,0,6,35,NA,19,V,HD,"FUMB,3,01:17,41","FG,4,09:38,83",12,42,6:39,FUMB,3,01:17,HD41,FG,4,09:38,FG17,1
2021_08_HD_FG,HD,FG,Hamburg Sea Devils,Frankfurt Galaxy,8/8/2021,Frankfurt,PSD Bank Arena,15:00,17:40,02:40,2800,21 degr.,SW18km/h,cloudy,M. Scholz,B. Hansen,R. Lewis,S. Richardson,D. Jurzyk,K. Przybyla,A. Flaisch-J.,HD,2,7,HD44,"V,2,7,V44","19,3,149","RUSH:24,V48, TACK:46,94",X. Johnson rush for 4 yards to the HD48 (O. Ogbevoen;C. Udegbe).,"V,3,3,V48",rush,NA,0,NA,0,6,35,NA,19,V,HD,"FUMB,3,01:17,41","FG,4,09:38,83",12,42,6:39,FUMB,3,01:17,HD41,FG,4,09:38,FG17,1
2021_08_HD_FG,HD,FG,Hamburg Sea Devils,Frankfurt Galaxy,8/8/2021,Frankfurt,PSD Bank Arena,15:00,17:40,02:40,2800,21 degr.,SW18km/h,cloudy,M. Scholz,B. Hansen,R. Lewis,S. Richardson,D. Jurzyk,K. Przybyla,A. Flaisch-J.,HD,3,3,HD48,"V,3,3,V48","19,4,150","PASS:10,C,12,H47 TACK:14","J. Clark pass complete to J. Madin Cerezo for 5 yards to the FG47, 1ST DOWN HD (J. Poznanski).","V,1,10,H47",pass,pass,0,NA,0,6,35,NA,19,V,HD,"FUMB,3,01:17,41","FG,4,09:38,83",12,42,6:39,FUMB,3,01:17,HD41,FG,4,09:38,FG17,1
2021_08_HD_FG,HD,FG,Hamburg Sea Devils,Frankfurt Galaxy,8/8/2021,Frankfurt,PSD Bank Arena,15:00,17:40,02:40,2800,21 degr.,SW18km/h,cloudy,M. Scholz,B. Hansen,R. Lewis,S. Richardson,D. Jurzyk,K. Przybyla,A. Flaisch-J.,HD,1,10,FG47,"V,1,10,H47","19,5,151",Q:4 T:15:00,"Start of 4th quarter, clock 15:00.","V,1,10,H47",NA,NA,0,15:00,0,6,35,NA,19,V,HD,"FUMB,3,01:17,41","FG,4,09:38,83",12,42,6:39,FUMB,3,01:17,HD41,FG,4,09:38,FG17,1
2021_08_HD_FG,HD,FG,Hamburg Sea Devils,Frankfurt Galaxy,8/8/2021,Frankfurt,PSD Bank Arena,15:00,17:40,02:40,2800,21 degr.,SW18km/h,cloudy,M. Scholz,B. Hansen,R. Lewis,S. Richardson,D. Jurzyk,K. Przybyla,A. Flaisch-J.,HD,1,10,FG47,"V,1,10,H47","19,6,152","RUSH:24,H45, TACK:46,90",X. Johnson rush for 2 yards to the FG45 (O. Ogbevoen;M. A. Hor).,"V,2,8,H45",rush,NA,0,NA,0,6,35,NA,19,V,HD,"FUMB,3,01:17,41","FG,4,09:38,83",12,42,6:39,FUMB,3,01:17,HD41,FG,4,09:38,FG17,1
2021_08_HD_FG,HD,FG,Hamburg Sea Devils,Frankfurt Galaxy,8/8/2021,Frankfurt,PSD Bank Arena,15:00,17:40,02:40,2800,21 degr.,SW18km/h,cloudy,M. Scholz,B. Hansen,R. Lewis,S. Richardson,D. Jurzyk,K. Przybyla,A. Flaisch-J.,HD,2,8,FG45,"V,2,8,H45","19,7,153","PASS:10,C,88,H32 TACK:41,18","J. Clark pass complete to A. Botella M. for 13 yards to the FG32, 1ST DOWN HD (S. Gauthier;F. Lowery).","V,1,10,H32",pass,pass,0,NA,0,6,35,NA,19,V,HD,"FUMB,3,01:17,41","FG,4,09:38,83",12,42,6:39,FUMB,3,01:17,HD41,FG,4,09:38,FG17,1
2021_08_HD_FG,HD,FG,Hamburg Sea Devils,Frankfurt Galaxy,8/8/2021,Frankfurt,PSD Bank Arena,15:00,17:40,02:40,2800,21 degr.,SW18km/h,cloudy,M. Scholz,B. Hansen,R. Lewis,S. Richardson,D. Jurzyk,K. Przybyla,A. Flaisch-J.,HD,1,10,FG32,"V,1,10,H32","19,8,154","PASS:10,C,24,H28 TACK:56",J. Clark pass complete to X. Johnson for 4 yards to the FG28 (S. Silva Gomez).,"V,2,6,H28",pass,NA,0,NA,0,6,35,NA,19,V,HD,"FUMB,3,01:17,41","FG,4,09:38,83",12,42,6:39,FUMB,3,01:17,HD41,FG,4,09:38,FG17,1
2021_08_HD_FG,HD,FG,Hamburg Sea Devils,Frankfurt Galaxy,8/8/2021,Frankfurt,PSD Bank Arena,15:00,17:40,02:40,2800,21 degr.,SW18km/h,cloudy,M. Scholz,B. Hansen,R. Lewis,S. Richardson,D. Jurzyk,K. Przybyla,A. Flaisch-J.,HD,2,6,FG28,"V,2,6,H28","19,9,155","RUSH:24,H25, TACK:90",X. Johnson rush for 3 yards to the FG25 (M. A. Hor).,"V,3,3,H25",rush,NA,0,NA,0,6,35,NA,19,V,HD,"FUMB,3,01:17,41","FG,4,09:38,83",12,42,6:39,FUMB,3,01:17,HD41,FG,4,09:38,FG17,1
2021_08_HD_FG,HD,FG,Hamburg Sea Devils,Frankfurt Galaxy,8/8/2021,Frankfurt,PSD Bank Arena,15:00,17:40,02:40,2800,21 degr.,SW18km/h,cloudy,M. Scholz,B. Hansen,R. Lewis,S. Richardson,D. Jurzyk,K. Przybyla,A. Flaisch-J.,HD,3,3,FG25,"V,3,3,H25","19,10,156","PASS:10,C,88,H15 TACK:25","J. Clark pass complete to A. Botella M. for 10 yards to the FG15, 1ST DOWN HD (B. Barnes).","V,1,10,H15",pass,pass,0,NA,0,6,35,NA,19,V,HD,"FUMB,3,01:17,41","FG,4,09:38,83",12,42,6:39,FUMB,3,01:17,HD41,FG,4,09:38,FG17,1
2021_08_HD_FG,HD,FG,Hamburg Sea Devils,Frankfurt Galaxy,8/8/2021,Frankfurt,PSD Bank Arena,15:00,17:40,02:40,2800,21 degr.,SW18km/h,cloudy,M. Scholz,B. Hansen,R. Lewis,S. Richardson,D. Jurzyk,K. Przybyla,A. Flaisch-J.,HD,1,10,FG15,"V,1,10,H15","19,11,157","PASS:10,S,TM,H19 SACK:94",J. Clark sacked for loss of 4 yards to the FG19 (C. Udegbe).,"V,2,14,H19",pass,NA,0,NA,0,6,35,NA,19,V,HD,"FUMB,3,01:17,41","FG,4,09:38,83",12,42,6:39,FUMB,3,01:17,HD41,FG,4,09:38,FG17,1
2021_08_HD_FG,HD,FG,Hamburg Sea Devils,Frankfurt Galaxy,8/8/2021,Frankfurt,PSD Bank Arena,15:00,17:40,02:40,2800,21 degr.,SW18km/h,cloudy,M. Scholz,B. Hansen,R. Lewis,S. Richardson,D. Jurzyk,K. Przybyla,A. Flaisch-J.,HD,2,14,FG19,"V,2,14,H19","19,12,158","RUSH:24,H18, TACK:46 PEN:V,HO,A,69,H29,N NOPLAY:","X. Johnson rush for 1 yard to the FG18 (O. Ogbevoen), PENALTY HD holding (D. Weinstock) 10 yards to the FG29, NO PLAY.","V,2,24,H29",penalty,NA,0,NA,0,6,35,NA,19,V,HD,"FUMB,3,01:17,41","FG,4,09:38,83",12,42,6:39,FUMB,3,01:17,HD41,FG,4,09:38,FG17,1
2021_08_HD_FG,HD,FG,Hamburg Sea Devils,Frankfurt Galaxy,8/8/2021,Frankfurt,PSD Bank Arena,15:00,17:40,02:40,2800,21 degr.,SW18km/h,cloudy,M. Scholz,B. Hansen,R. Lewis,S. Richardson,D. Jurzyk,K. Przybyla,A. Flaisch-J.,HD,2,24,FG29,"V,2,24,H29","19,13,159","PASS:10,C,88,H22 TACK:14,46",J. Clark pass complete to A. Botella M. for 7 yards to the FG22 (J. Poznanski;O. Ogbevoen).,"V,3,17,H22",pass,NA,0,NA,0,6,35,NA,19,V,HD,"FUMB,3,01:17,41","FG,4,09:38,83",12,42,6:39,FUMB,3,01:17,HD41,FG,4,09:38,FG17,1
2021_08_HD_FG,HD,FG,Hamburg Sea Devils,Frankfurt Galaxy,8/8/2021,Frankfurt,PSD Bank Arena,15:00,17:40,02:40,2800,21 degr.,SW18km/h,cloudy,M. Scholz,B. Hansen,R. Lewis,S. Richardson,D. Jurzyk,K. Przybyla,A. Flaisch-J.,HD,3,17,FG22,"V,3,17,H22","19,14,160","PASS:10,I,88,* PEN:V,IUH,D","J. Clark pass incomplete to A. Botella M., PENALTY HD IUH declined.","V,4,17,H22",pass,NA,0,NA,0,6,35,NA,19,V,HD,"FUMB,3,01:17,41","FG,4,09:38,83",12,42,6:39,FUMB,3,01:17,HD41,FG,4,09:38,FG17,1
2021_08_HD_FG,HD,FG,Hamburg Sea Devils,Frankfurt Galaxy,8/8/2021,Frankfurt,PSD Bank Arena,15:00,17:40,02:40,2800,21 degr.,SW18km/h,cloudy,M. Scholz,B. Hansen,R. Lewis,S. Richardson,D. Jurzyk,K. Przybyla,A. Flaisch-J.,HD,4,17,FG22,"V,4,17,H22","19,15,161","PEN:H,12,A,TM,H17,N",PENALTY FG 12 men on the field 5 yards to the FG17.,"V,4,12,H17",penalty,NA,0,NA,0,6,35,NA,19,V,HD,"FUMB,3,01:17,41","FG,4,09:38,83",12,42,6:39,FUMB,3,01:17,HD41,FG,4,09:38,FG17,1
2021_08_HD_FG,HD,FG,Hamburg Sea Devils,Frankfurt Galaxy,8/8/2021,Frankfurt,PSD Bank Arena,15:00,17:40,02:40,2800,21 degr.,SW18km/h,cloudy,M. Scholz,B. Hansen,R. Lewis,S. Richardson,D. Jurzyk,K. Przybyla,A. Flaisch-J.,HD,4,12,FG17,"V,4,12,H17","19,16,162","FGA:4,34,G T:09:38","P. Andersen field goal attempt from 34 GOOD, clock 09:38.","V,1,0,V35",field_goal,NA,0,09:38,1,9,35,NA,19,V,HD,"FUMB,3,01:17,41","FG,4,09:38,83",12,42,6:39,FUMB,3,01:17,HD41,FG,4,09:38,FG17,1
2021_08_HD_FG,HD,FG,Hamburg Sea Devils,Frankfurt Galaxy,8/8/2021,Frankfurt,PSD Bank Arena,15:00,17:40,02:40,2800,21 degr.,SW18km/h,cloudy,M. Scholz,B. Hansen,R. Lewis,S. Richardson,D. Jurzyk,K. Przybyla,A. Flaisch-J.,HD,1,0,HD35,"V,1,0,V35","19,17,163","KO:4,H00 TB:","P. Andersen kickoff 65 yards to the FG0, touchback.","H,1,10,H25",kick_off,NA,0,NA,0,9,35,NA,19,V,HD,"FUMB,3,01:17,41","FG,4,09:38,83",12,42,6:39,FUMB,3,01:17,HD41,FG,4,09:38,FG17,1
2021_08_HD_FG,HD,FG,Hamburg Sea Devils,Frankfurt Galaxy,8/8/2021,Frankfurt,PSD Bank Arena,15:00,17:40,02:40,2800,21 degr.,SW18km/h,cloudy,M. Scholz,B. Hansen,R. Lewis,S. Richardson,D. Jurzyk,K. Przybyla,A. Flaisch-J.,FG,1,10,FG25,"H,1,10,H25","20,1,164",{DRIVE}:09:38,FRANKFURT GALAXY drive start at 09:38.,"H,1,10,H25",NA,NA,0,09:38,0,9,35,NA,20,H,FG,"KO,4,09:38,25","FGA,4,02:40,95",14,70,6:58,KO,4,09:38,FG25,FGA,4,02:40,HD05,1
2021_08_HD_FG,HD,FG,Hamburg Sea Devils,Frankfurt Galaxy,8/8/2021,Frankfurt,PSD Bank Arena,15:00,17:40,02:40,2800,21 degr.,SW18km/h,cloudy,M. Scholz,B. Hansen,R. Lewis,S. Richardson,D. Jurzyk,K. Przybyla,A. Flaisch-J.,FG,1,10,FG25,"H,1,10,H25","20,2,165","RUSH:33,H25, TACK:57",J. Rodney rush for no gain to the FG25 (D. Laporte).,"H,2,10,H25",rush,NA,0,NA,0,9,35,NA,20,H,FG,"KO,4,09:38,25","FGA,4,02:40,95",14,70,6:58,KO,4,09:38,FG25,FGA,4,02:40,HD05,1
2021_08_HD_FG,HD,FG,Hamburg Sea Devils,Frankfurt Galaxy,8/8/2021,Frankfurt,PSD Bank Arena,15:00,17:40,02:40,2800,21 degr.,SW18km/h,cloudy,M. Scholz,B. Hansen,R. Lewis,S. Richardson,D. Jurzyk,K. Przybyla,A. Flaisch-J.,FG,2,10,FG25,"H,2,10,H25","20,3,166","PASS:6,I,86,*",M. Johannknecht pass incomplete to L. Regler.,"H,3,10,H25",pass,NA,0,NA,0,9,35,NA,20,H,FG,"KO,4,09:38,25","FGA,4,02:40,95",14,70,6:58,KO,4,09:38,FG25,FGA,4,02:40,HD05,1
2021_08_HD_FG,HD,FG,Hamburg Sea Devils,Frankfurt Galaxy,8/8/2021,Frankfurt,PSD Bank Arena,15:00,17:40,02:40,2800,21 degr.,SW18km/h,cloudy,M. Scholz,B. Hansen,R. Lewis,S. Richardson,D. Jurzyk,K. Przybyla,A. Flaisch-J.,FG,3,10,FG25,"H,3,10,H25","20,4,167","PASS:6,C,82,H47 OB:","M. Johannknecht pass complete to H. Schwarz for 22 yards to the FG47, 1ST DOWN FG, out-of-bounds.","H,1,10,H47",pass,pass,1,NA,0,9,35,NA,20,H,FG,"KO,4,09:38,25","FGA,4,02:40,95",14,70,6:58,KO,4,09:38,FG25,FGA,4,02:40,HD05,1
2021_08_HD_FG,HD,FG,Hamburg Sea Devils,Frankfurt Galaxy,8/8/2021,Frankfurt,PSD Bank Arena,15:00,17:40,02:40,2800,21 degr.,SW18km/h,cloudy,M. Scholz,B. Hansen,R. Lewis,S. Richardson,D. Jurzyk,K. Przybyla,A. Flaisch-J.,FG,1,10,FG47,"H,1,10,H47","20,5,168","RUSH:33,H46, TACK:97,23",J. Rodney rush for loss of 1 yard to the FG46 (B. Tchouadje;J. Rogers).,"H,2,11,H46",rush,NA,0,NA,0,9,35,NA,20,H,FG,"KO,4,09:38,25","FGA,4,02:40,95",14,70,6:58,KO,4,09:38,FG25,FGA,4,02:40,HD05,1
2021_08_HD_FG,HD,FG,Hamburg Sea Devils,Frankfurt Galaxy,8/8/2021,Frankfurt,PSD Bank Arena,15:00,17:40,02:40,2800,21 degr.,SW18km/h,cloudy,M. Scholz,B. Hansen,R. Lewis,S. Richardson,D. Jurzyk,K. Przybyla,A. Flaisch-J.,FG,2,11,FG46,"H,2,11,H46","20,6,169","PASS:6,C,13,V40 FORCE:40 FUMB:H,V42,75 TACK:23","M. Johannknecht pass complete to M. Rutsch for 14 yards to the HD40, fumble forced by M. Spiegel, fumble by M. Rutsch recovered by FG J. Christensen at HD42, 1ST DOWN FG (J. Rogers).","H,1,10,V42",pass,pass,0,NA,0,9,35,NA,20,H,FG,"KO,4,09:38,25","FGA,4,02:40,95",14,70,6:58,KO,4,09:38,FG25,FGA,4,02:40,HD05,1
2021_08_HD_FG,HD,FG,Hamburg Sea Devils,Frankfurt Galaxy,8/8/2021,Frankfurt,PSD Bank Arena,15:00,17:40,02:40,2800,21 degr.,SW18km/h,cloudy,M. Scholz,B. Hansen,R. Lewis,S. Richardson,D. Jurzyk,K. Przybyla,A. Flaisch-J.,FG,1,10,HD42,"H,1,10,V42","20,7,170","RUSH:33,V30, TACK:57","J. Rodney rush for 12 yards to the HD30, 1ST DOWN FG (D. Laporte).","H,1,10,V30",rush,rush,0,NA,0,9,35,NA,20,H,FG,"KO,4,09:38,25","FGA,4,02:40,95",14,70,6:58,KO,4,09:38,FG25,FGA,4,02:40,HD05,1
2021_08_HD_FG,HD,FG,Hamburg Sea Devils,Frankfurt Galaxy,8/8/2021,Frankfurt,PSD Bank Arena,15:00,17:40,02:40,2800,21 degr.,SW18km/h,cloudy,M. Scholz,B. Hansen,R. Lewis,S. Richardson,D. Jurzyk,K. Przybyla,A. Flaisch-J.,FG,1,10,HD30,"H,1,10,V30","20,8,171",TOUT:V T:06:37,"Timeout Hamburg Sea Devils, clock 06:37.","H,1,10,V30",NA,NA,0,06:37,0,9,35,NA,20,H,FG,"KO,4,09:38,25","FGA,4,02:40,95",14,70,6:58,KO,4,09:38,FG25,FGA,4,02:40,HD05,1
2021_08_HD_FG,HD,FG,Hamburg Sea Devils,Frankfurt Galaxy,8/8/2021,Frankfurt,PSD Bank Arena,15:00,17:40,02:40,2800,21 degr.,SW18km/h,cloudy,M. Scholz,B. Hansen,R. Lewis,S. Richardson,D. Jurzyk,K. Przybyla,A. Flaisch-J.,FG,1,10,HD30,"H,1,10,V30","20,9,172","PASS:6,C,86,V13 TACK:27","M. Johannknecht pass complete to L. Regler for 17 yards to the HD13, 1ST DOWN FG (L. Mueller).","H,1,10,V13",pass,pass,0,NA,0,9,35,NA,20,H,FG,"KO,4,09:38,25","FGA,4,02:40,95",14,70,6:58,KO,4,09:38,FG25,FGA,4,02:40,HD05,1
2021_08_HD_FG,HD,FG,Hamburg Sea Devils,Frankfurt Galaxy,8/8/2021,Frankfurt,PSD Bank Arena,15:00,17:40,02:40,2800,21 degr.,SW18km/h,cloudy,M. Scholz,B. Hansen,R. Lewis,S. Richardson,D. Jurzyk,K. Przybyla,A. Flaisch-J.,FG,1,10,HD13,"H,1,10,V13","20,10,173","RUSH:84,V14, TACK:94",C. Sow rush for loss of 1 yard to the HD14 (B. Grube).,"H,2,11,V14",rush,NA,0,NA,0,9,35,NA,20,H,FG,"KO,4,09:38,25","FGA,4,02:40,95",14,70,6:58,KO,4,09:38,FG25,FGA,4,02:40,HD05,1
2021_08_HD_FG,HD,FG,Hamburg Sea Devils,Frankfurt Galaxy,8/8/2021,Frankfurt,PSD Bank Arena,15:00,17:40,02:40,2800,21 degr.,SW18km/h,cloudy,M. Scholz,B. Hansen,R. Lewis,S. Richardson,D. Jurzyk,K. Przybyla,A. Flaisch-J.,FG,2,11,HD14,"H,2,11,V14","20,11,174","PASS:6,I,86,* BRUP:28",M. Johannknecht pass incomplete to L. Regler (B. Maruschke).,"H,3,11,V14",pass,NA,0,NA,0,9,35,NA,20,H,FG,"KO,4,09:38,25","FGA,4,02:40,95",14,70,6:58,KO,4,09:38,FG25,FGA,4,02:40,HD05,1
2021_08_HD_FG,HD,FG,Hamburg Sea Devils,Frankfurt Galaxy,8/8/2021,Frankfurt,PSD Bank Arena,15:00,17:40,02:40,2800,21 degr.,SW18km/h,cloudy,M. Scholz,B. Hansen,R. Lewis,S. Richardson,D. Jurzyk,K. Przybyla,A. Flaisch-J.,FG,3,11,HD14,"H,3,11,V14","20,12,175","PASS:6,C,82,V02 TACK:23,52","M. Johannknecht pass complete to H. Schwarz for 12 yards to the HD2, 1ST DOWN FG (J. Rogers;A. Mati).","H,1,0,V02",pass,pass,0,NA,0,9,35,NA,20,H,FG,"KO,4,09:38,25","FGA,4,02:40,95",14,70,6:58,KO,4,09:38,FG25,FGA,4,02:40,HD05,1
2021_08_HD_FG,HD,FG,Hamburg Sea Devils,Frankfurt Galaxy,8/8/2021,Frankfurt,PSD Bank Arena,15:00,17:40,02:40,2800,21 degr.,SW18km/h,cloudy,M. Scholz,B. Hansen,R. Lewis,S. Richardson,D. Jurzyk,K. Przybyla,A. Flaisch-J.,FG,1,0,HD02,"H,1,0,V02","20,13,176","RUSH:6,V01, TACK:94",M. Johannknecht rush for 1 yard to the HD1 (B. Grube).,"H,2,0,V01",rush,NA,0,NA,0,9,35,NA,20,H,FG,"KO,4,09:38,25","FGA,4,02:40,95",14,70,6:58,KO,4,09:38,FG25,FGA,4,02:40,HD05,1
2021_08_HD_FG,HD,FG,Hamburg Sea Devils,Frankfurt Galaxy,8/8/2021,Frankfurt,PSD Bank Arena,15:00,17:40,02:40,2800,21 degr.,SW18km/h,cloudy,M. Scholz,B. Hansen,R. Lewis,S. Richardson,D. Jurzyk,K. Przybyla,A. Flaisch-J.,FG,2,0,HD01,"H,2,0,V01","20,14,177","RUSH:87,V01, TACK:90",K. Mwamba rush for no gain to the HD1 (A. Rieckenberg).,"H,3,0,V01",rush,NA,0,NA,0,9,35,NA,20,H,FG,"KO,4,09:38,25","FGA,4,02:40,95",14,70,6:58,KO,4,09:38,FG25,FGA,4,02:40,HD05,1
2021_08_HD_FG,HD,FG,Hamburg Sea Devils,Frankfurt Galaxy,8/8/2021,Frankfurt,PSD Bank Arena,15:00,17:40,02:40,2800,21 degr.,SW18km/h,cloudy,M. Scholz,B. Hansen,R. Lewis,S. Richardson,D. Jurzyk,K. Przybyla,A. Flaisch-J.,FG,3,0,HD01,"H,3,0,V01","20,15,178","RUSH:33,V05, TACK:23,28",J. Rodney rush for loss of 4 yards to the HD5 (J. Rogers;B. Maruschke).,"H,4,0,V05",rush,NA,0,NA,0,9,35,NA,20,H,FG,"KO,4,09:38,25","FGA,4,02:40,95",14,70,6:58,KO,4,09:38,FG25,FGA,4,02:40,HD05,1
2021_08_HD_FG,HD,FG,Hamburg Sea Devils,Frankfurt Galaxy,8/8/2021,Frankfurt,PSD Bank Arena,15:00,17:40,02:40,2800,21 degr.,SW18km/h,cloudy,M. Scholz,B. Hansen,R. Lewis,S. Richardson,D. Jurzyk,K. Przybyla,A. Flaisch-J.,FG,4,0,HD05,"H,4,0,V05","20,16,179","FGA:42,23,M,V20,R T:02:40","M. Ebsen field goal attempt from 23 MISSED - wide right, spot at HD20, clock 02:40.","V,1,10,V20",field_goal,NA,0,02:40,0,9,35,NA,20,H,FG,"KO,4,09:38,25","FGA,4,02:40,95",14,70,6:58,KO,4,09:38,FG25,FGA,4,02:40,HD05,1
2021_08_HD_FG,HD,FG,Hamburg Sea Devils,Frankfurt Galaxy,8/8/2021,Frankfurt,PSD Bank Arena,15:00,17:40,02:40,2800,21 degr.,SW18km/h,cloudy,M. Scholz,B. Hansen,R. Lewis,S. Richardson,D. Jurzyk,K. Przybyla,A. Flaisch-J.,HD,1,10,HD20,"V,1,10,V20","21,1,180",{DRIVE}:02:40,HAMBURG SEA DEVILS drive start at 02:40.,"V,1,10,V20",NA,NA,0,02:40,0,9,35,NA,21,V,HD,"FGA,4,02:40,20","PUNT,4,01:03,17",3,-3,1:37,FGA,4,02:40,HD20,PUNT,4,01:03,HD17,NA
2021_08_HD_FG,HD,FG,Hamburg Sea Devils,Frankfurt Galaxy,8/8/2021,Frankfurt,PSD Bank Arena,15:00,17:40,02:40,2800,21 degr.,SW18km/h,cloudy,M. Scholz,B. Hansen,R. Lewis,S. Richardson,D. Jurzyk,K. Przybyla,A. Flaisch-J.,HD,1,10,HD20,"V,1,10,V20","21,2,181","PEN:V,FS,A,68,V15,N",PENALTY HD false start (K. Ebanks) 5 yards to the HD15.,"V,1,15,V15",penalty,NA,0,NA,0,9,35,NA,21,V,HD,"FGA,4,02:40,20","PUNT,4,01:03,17",3,-3,1:37,FGA,4,02:40,HD20,PUNT,4,01:03,HD17,NA
2021_08_HD_FG,HD,FG,Hamburg Sea Devils,Frankfurt Galaxy,8/8/2021,Frankfurt,PSD Bank Arena,15:00,17:40,02:40,2800,21 degr.,SW18km/h,cloudy,M. Scholz,B. Hansen,R. Lewis,S. Richardson,D. Jurzyk,K. Przybyla,A. Flaisch-J.,HD,1,15,HD15,"V,1,15,V15","21,3,182","RUSH:34,V15, TACK:53,63",J. Ampaw rush for no gain to the HD15 (D. Josiah;N. Werle).,"V,2,15,V15",rush,NA,0,NA,0,9,35,NA,21,V,HD,"FGA,4,02:40,20","PUNT,4,01:03,17",3,-3,1:37,FGA,4,02:40,HD20,PUNT,4,01:03,HD17,NA
2021_08_HD_FG,HD,FG,Hamburg Sea Devils,Frankfurt Galaxy,8/8/2021,Frankfurt,PSD Bank Arena,15:00,17:40,02:40,2800,21 degr.,SW18km/h,cloudy,M. Scholz,B. Hansen,R. Lewis,S. Richardson,D. Jurzyk,K. Przybyla,A. Flaisch-J.,HD,2,15,HD15,"V,2,15,V15","21,4,183","RUSH:1,V17, TACK:30,47",S. Ceesay rush for 2 yards to the HD17 (F. Reuter;J. Sauren).,"V,3,13,V17",rush,NA,0,NA,0,9,35,NA,21,V,HD,"FGA,4,02:40,20","PUNT,4,01:03,17",3,-3,1:37,FGA,4,02:40,HD20,PUNT,4,01:03,HD17,NA
2021_08_HD_FG,HD,FG,Hamburg Sea Devils,Frankfurt Galaxy,8/8/2021,Frankfurt,PSD Bank Arena,15:00,17:40,02:40,2800,21 degr.,SW18km/h,cloudy,M. Scholz,B. Hansen,R. Lewis,S. Richardson,D. Jurzyk,K. Przybyla,A. Flaisch-J.,HD,3,13,HD17,"V,3,13,V17","21,5,184","RUSH:1,V17, TACK:53",S. Ceesay rush for no gain to the HD17 (D. Josiah).,"V,4,13,V17",rush,NA,0,NA,0,9,35,NA,21,V,HD,"FGA,4,02:40,20","PUNT,4,01:03,17",3,-3,1:37,FGA,4,02:40,HD20,PUNT,4,01:03,HD17,NA
2021_08_HD_FG,HD,FG,Hamburg Sea Devils,Frankfurt Galaxy,8/8/2021,Frankfurt,PSD Bank Arena,15:00,17:40,02:40,2800,21 degr.,SW18km/h,cloudy,M. Scholz,B. Hansen,R. Lewis,S. Richardson,D. Jurzyk,K. Przybyla,A. Flaisch-J.,HD,4,13,HD17,"V,4,13,V17","21,6,185","PUNT:4,H27",P. Andersen punt 56 yards to the FG27.,"H,1,10,H27",punt,NA,0,NA,0,9,35,NA,21,V,HD,"FGA,4,02:40,20","PUNT,4,01:03,17",3,-3,1:37,FGA,4,02:40,HD20,PUNT,4,01:03,HD17,NA
2021_08_HD_FG,HD,FG,Hamburg Sea Devils,Frankfurt Galaxy,8/8/2021,Frankfurt,PSD Bank Arena,15:00,17:40,02:40,2800,21 degr.,SW18km/h,cloudy,M. Scholz,B. Hansen,R. Lewis,S. Richardson,D. Jurzyk,K. Przybyla,A. Flaisch-J.,FG,1,10,FG27,"H,1,10,H27","22,1,186",{DRIVE}:01:03,FRANKFURT GALAXY drive start at 01:03.,"H,1,10,H27",NA,NA,0,01:03,0,9,35,NA,22,H,FG,"PUNT,4,01:03,27","HALF,4,00:00,23",2,-4,1:03,PUNT,4,01:03,FG27,HALF,4,00:00,FG23,NA
2021_08_HD_FG,HD,FG,Hamburg Sea Devils,Frankfurt Galaxy,8/8/2021,Frankfurt,PSD Bank Arena,15:00,17:40,02:40,2800,21 degr.,SW18km/h,cloudy,M. Scholz,B. Hansen,R. Lewis,S. Richardson,D. Jurzyk,K. Przybyla,A. Flaisch-J.,FG,1,10,FG27,"H,1,10,H27","22,2,187","RUSH:6,H25,",M. Johannknecht rush for loss of 2 yards to the FG25.,"H,2,12,H25",rush,NA,0,NA,0,9,35,NA,22,H,FG,"PUNT,4,01:03,27","HALF,4,00:00,23",2,-4,1:03,PUNT,4,01:03,FG27,HALF,4,00:00,FG23,NA
2021_08_HD_FG,HD,FG,Hamburg Sea Devils,Frankfurt Galaxy,8/8/2021,Frankfurt,PSD Bank Arena,15:00,17:40,02:40,2800,21 degr.,SW18km/h,cloudy,M. Scholz,B. Hansen,R. Lewis,S. Richardson,D. Jurzyk,K. Przybyla,A. Flaisch-J.,FG,2,12,FG25,"H,2,12,H25","22,3,189","RUSH:6,H23,",M. Johannknecht rush for loss of 2 yards to the FG23.,"H,3,14,H23",rush,NA,0,NA,0,9,35,NA,22,H,FG,"PUNT,4,01:03,27","HALF,4,00:00,23",2,-4,1:03,PUNT,4,01:03,FG27,HALF,4,00:00,FG23,NA
2021_08_HD_FG,HD,FG,Hamburg Sea Devils,Frankfurt Galaxy,8/8/2021,Frankfurt,PSD Bank Arena,15:00,17:40,02:40,2800,21 degr.,SW18km/h,cloudy,M. Scholz,B. Hansen,R. Lewis,S. Richardson,D. Jurzyk,K. Przybyla,A. Flaisch-J.,FG,3,14,FG23,"H,3,14,H23","22,4,191",HALF: T:00:00,"End of game, clock 00:00.","H,3,14,H23",NA,NA,0,00:00,0,9,35,NA,22,H,FG,"PUNT,4,01:03,27","HALF,4,00:00,23",2,-4,1:03,PUNT,4,01:03,FG27,HALF,4,00:00,FG23,NA
