game_id,away_team_id,home_team_id,away_team,home_team,date,location,stadium,start,end,leaguegame,nitegame,duration,attend,temp,wind,weather,ref,ump,line,lj,bj,fj,sj,cj,alt,posteam,down,togo,spot,context,play_id,tokens,desc,newcontext,play_type,turnover,clock,oob,first_down_with,score,away_score_post,home_score_post,drive_number,drive_vh,drive_team,drive_start,drive_end,drive_plays,drive_yards,drive_top,drive_start_how,drive_start_qtr,drive_start_time,drive_start_spot,drive_end_how,drive_end_qtr,drive_end_time,drive_end_spot,drive_rz
2021_11_FG_BD,FG,BD,Frankfurt Galaxy,Barcelona Dragons,8/28/2021,Reus,Estadio municipal,19:00,22:03,Y,Y,3:03,1386,35,No,Mostly cloudy,R. Miras,D. Clemence,M. Burzek,M. Szczepanski,A. Valverde,J. Lanz,V. Cobas,M. Exposito,M. Exposito,FG,1,10,FG35,"V,1,10,V35","0,1,0","CMT:FG wins toss, elects to kick. BD to defend E goal","FG wins toss, elects to kick. BD to defend E goal","V,1,10,V35",NA,NA,NA,0,NA,0,0,0,0,NA,NA,NA,NA,NA,NA,NA,NA,NA,NA,NA,NA,NA,NA,NA,NA
2021_11_FG_BD,FG,BD,Frankfurt Galaxy,Barcelona Dragons,8/28/2021,Reus,Estadio municipal,19:00,22:03,Y,Y,3:03,1386,35,No,Mostly cloudy,R. Miras,D. Clemence,M. Burzek,M. Szczepanski,A. Valverde,J. Lanz,V. Cobas,M. Exposito,M. Exposito,FG,1,10,FG35,"V,1,10,V35","0,2,1","SPOT:V,V25,N KO:19,H02 RET:5,H32 TACK:44","FG ball on FG25, N. Strahmann kickoff 73 yards to the BD2, J. Constant return 30 yards to the BD32 (M. Gorelik).","H,1,10,H32",kick_off,NA,NA,0,NA,0,0,0,0,NA,NA,NA,NA,NA,NA,NA,NA,NA,NA,NA,NA,NA,NA,NA,NA
2021_11_FG_BD,FG,BD,Frankfurt Galaxy,Barcelona Dragons,8/28/2021,Reus,Estadio municipal,19:00,22:03,Y,Y,3:03,1386,35,No,Mostly cloudy,R. Miras,D. Clemence,M. Burzek,M. Szczepanski,A. Valverde,J. Lanz,V. Cobas,M. Exposito,M. Exposito,BD,1,10,BD32,"H,1,10,H32","1,1,2","PASS:1,F,TM,H32 SACK:55 FUMB:V,H23,55","Z. Edwards sacked for no gain to the BD32 (V. Valasti), fumble by Z. Edwards recovered by FG V. Valasti at BD23.","V,1,10,H23",pass,F,NA,0,NA,0,0,0,1,H,BD,"KO,1,15:00,32","FUMB,1,14:30,23",1,-9,0:30,KO,1,15:00,BD32,FUMB,1,14:30,BD23,NA
2021_11_FG_BD,FG,BD,Frankfurt Galaxy,Barcelona Dragons,8/28/2021,Reus,Estadio municipal,19:00,22:03,Y,Y,3:03,1386,35,No,Mostly cloudy,R. Miras,D. Clemence,M. Burzek,M. Szczepanski,A. Valverde,J. Lanz,V. Cobas,M. Exposito,M. Exposito,FG,1,10,BD23,"V,1,10,H23","2,1,3",{DRIVE}:14:30,FRANKFURT GALAXY drive start at 14:30.,"V,1,10,H23",NA,NA,14:30,0,NA,0,0,0,2,V,FG,"FUMB,1,12:12,77","FGA,1,12:05,79",4,2,0:07,FUMB,1,12:12,BD23,FGA,1,12:05,BD21,NA
2021_11_FG_BD,FG,BD,Frankfurt Galaxy,Barcelona Dragons,8/28/2021,Reus,Estadio municipal,19:00,22:03,Y,Y,3:03,1386,35,No,Mostly cloudy,R. Miras,D. Clemence,M. Burzek,M. Szczepanski,A. Valverde,J. Lanz,V. Cobas,M. Exposito,M. Exposito,FG,1,10,BD23,"V,1,10,H23","2,2,4","PASS:7,S,TM,H30 SACK:90",J. Sullivan sacked for loss of 7 yards to the BD30 (A. Fernandez).,"V,2,17,H30",pass,NA,NA,0,NA,0,0,0,2,V,FG,"FUMB,1,12:12,77","FGA,1,12:05,79",4,2,0:07,FUMB,1,12:12,BD23,FGA,1,12:05,BD21,NA
2021_11_FG_BD,FG,BD,Frankfurt Galaxy,Barcelona Dragons,8/28/2021,Reus,Estadio municipal,19:00,22:03,Y,Y,3:03,1386,35,No,Mostly cloudy,R. Miras,D. Clemence,M. Burzek,M. Szczepanski,A. Valverde,J. Lanz,V. Cobas,M. Exposito,M. Exposito,FG,2,17,BD30,"V,2,17,H30","2,3,5","PASS:7,C,83,H21 OB:","J. Sullivan pass complete to 83 for 9 yards to the BD21, out-of-bounds.","V,3,8,H21",pass,NA,NA,1,NA,0,0,0,2,V,FG,"FUMB,1,12:12,77","FGA,1,12:05,79",4,2,0:07,FUMB,1,12:12,BD23,FGA,1,12:05,BD21,NA
2021_11_FG_BD,FG,BD,Frankfurt Galaxy,Barcelona Dragons,8/28/2021,Reus,Estadio municipal,19:00,22:03,Y,Y,3:03,1386,35,No,Mostly cloudy,R. Miras,D. Clemence,M. Burzek,M. Szczepanski,A. Valverde,J. Lanz,V. Cobas,M. Exposito,M. Exposito,FG,3,8,BD21,"V,3,8,H21","2,4,6","PASS:7,I,13,* BRUP:20",J. Sullivan pass incomplete to M. Rutsch (L. Masero).,"V,4,8,H21",pass,NA,NA,0,NA,0,0,0,2,V,FG,"FUMB,1,12:12,77","FGA,1,12:05,79",4,2,0:07,FUMB,1,12:12,BD23,FGA,1,12:05,BD21,NA
2021_11_FG_BD,FG,BD,Frankfurt Galaxy,Barcelona Dragons,8/28/2021,Reus,Estadio municipal,19:00,22:03,Y,Y,3:03,1386,35,No,Mostly cloudy,R. Miras,D. Clemence,M. Burzek,M. Szczepanski,A. Valverde,J. Lanz,V. Cobas,M. Exposito,M. Exposito,FG,4,8,BD21,"V,4,8,H21","2,5,7",{DRIVE}:12:12,FRANKFURT GALAXY drive start at 12:12.,"V,4,8,H21",NA,NA,12:12,0,NA,0,0,0,2,V,FG,"FUMB,1,12:12,77","FGA,1,12:05,79",4,2,0:07,FUMB,1,12:12,BD23,FGA,1,12:05,BD21,NA
2021_11_FG_BD,FG,BD,Frankfurt Galaxy,Barcelona Dragons,8/28/2021,Reus,Estadio municipal,19:00,22:03,Y,Y,3:03,1386,35,No,Mostly cloudy,R. Miras,D. Clemence,M. Burzek,M. Szczepanski,A. Valverde,J. Lanz,V. Cobas,M. Exposito,M. Exposito,FG,4,8,BD21,"V,4,8,H21","2,6,8","FGA:15,39,M,H29,R T:12:05","M. Siemssen field goal attempt from 39 MISSED - wide right, spot at BD29, clock 12:05.","H,1,10,H29",field_goal,NA,12:05,0,NA,0,0,0,2,V,FG,"FUMB,1,12:12,77","FGA,1,12:05,79",4,2,0:07,FUMB,1,12:12,BD23,FGA,1,12:05,BD21,NA
2021_11_FG_BD,FG,BD,Frankfurt Galaxy,Barcelona Dragons,8/28/2021,Reus,Estadio municipal,19:00,22:03,Y,Y,3:03,1386,35,No,Mostly cloudy,R. Miras,D. Clemence,M. Burzek,M. Szczepanski,A. Valverde,J. Lanz,V. Cobas,M. Exposito,M. Exposito,BD,1,10,BD29,"H,1,10,H29","3,1,9",{DRIVE}:12:03,BARCELONA DRAGONS drive start at 12:03.,"H,1,10,H29",NA,NA,12:03,0,NA,0,0,0,3,H,BD,"FGA,1,12:03,29","PUNT,1,09:54,24",3,-5,2:09,FGA,1,12:03,BD29,PUNT,1,09:54,BD24,NA
2021_11_FG_BD,FG,BD,Frankfurt Galaxy,Barcelona Dragons,8/28/2021,Reus,Estadio municipal,19:00,22:03,Y,Y,3:03,1386,35,No,Mostly cloudy,R. Miras,D. Clemence,M. Burzek,M. Szczepanski,A. Valverde,J. Lanz,V. Cobas,M. Exposito,M. Exposito,BD,1,10,BD29,"H,1,10,H29","3,2,10","RUSH:3,H31, OB:","A. Jimenez rush for 2 yards to the BD31, out-of-bounds.","H,2,8,H31",rush,NA,NA,1,NA,0,0,0,3,H,BD,"FGA,1,12:03,29","PUNT,1,09:54,24",3,-5,2:09,FGA,1,12:03,BD29,PUNT,1,09:54,BD24,NA
2021_11_FG_BD,FG,BD,Frankfurt Galaxy,Barcelona Dragons,8/28/2021,Reus,Estadio municipal,19:00,22:03,Y,Y,3:03,1386,35,No,Mostly cloudy,R. Miras,D. Clemence,M. Burzek,M. Szczepanski,A. Valverde,J. Lanz,V. Cobas,M. Exposito,M. Exposito,BD,2,8,BD31,"H,2,8,H31","3,3,11","PASS:1,I,5,* BRUP:18",Z. Edwards pass incomplete to J. Constant (F. Lowery).,"H,3,8,H31",pass,NA,NA,0,NA,0,0,0,3,H,BD,"FGA,1,12:03,29","PUNT,1,09:54,24",3,-5,2:09,FGA,1,12:03,BD29,PUNT,1,09:54,BD24,NA
2021_11_FG_BD,FG,BD,Frankfurt Galaxy,Barcelona Dragons,8/28/2021,Reus,Estadio municipal,19:00,22:03,Y,Y,3:03,1386,35,No,Mostly cloudy,R. Miras,D. Clemence,M. Burzek,M. Szczepanski,A. Valverde,J. Lanz,V. Cobas,M. Exposito,M. Exposito,BD,3,8,BD31,"H,3,8,H31","3,4,12","PASS:1,S,TM,H24 SACK:55,92",Z. Edwards sacked for loss of 7 yards to the BD24 (V. Valasti;92).,"H,4,15,H24",pass,NA,NA,0,NA,0,0,0,3,H,BD,"FGA,1,12:03,29","PUNT,1,09:54,24",3,-5,2:09,FGA,1,12:03,BD29,PUNT,1,09:54,BD24,NA
2021_11_FG_BD,FG,BD,Frankfurt Galaxy,Barcelona Dragons,8/28/2021,Reus,Estadio municipal,19:00,22:03,Y,Y,3:03,1386,35,No,Mostly cloudy,R. Miras,D. Clemence,M. Burzek,M. Szczepanski,A. Valverde,J. Lanz,V. Cobas,M. Exposito,M. Exposito,BD,4,15,BD24,"H,4,15,H24","3,5,13","PUNT:18,V42 RET:11,V38 OB:","C. Manser punt 34 yards to the FG42, A. Mahoungou return -4 yards to the FG38, out-of-bounds.","V,1,10,V38",punt,NA,NA,1,NA,0,0,0,3,H,BD,"FGA,1,12:03,29","PUNT,1,09:54,24",3,-5,2:09,FGA,1,12:03,BD29,PUNT,1,09:54,BD24,NA
2021_11_FG_BD,FG,BD,Frankfurt Galaxy,Barcelona Dragons,8/28/2021,Reus,Estadio municipal,19:00,22:03,Y,Y,3:03,1386,35,No,Mostly cloudy,R. Miras,D. Clemence,M. Burzek,M. Szczepanski,A. Valverde,J. Lanz,V. Cobas,M. Exposito,M. Exposito,FG,1,10,FG38,"V,1,10,V38","4,1,14",{DRIVE}:09:54,FRANKFURT GALAXY drive start at 09:54.,"V,1,10,V38",NA,NA,09:54,0,NA,0,0,0,4,V,FG,"PUNT,1,09:54,38","TD,1,08:45,100",6,62,1:09,PUNT,1,09:54,FG38,TD,1,08:45,BD00,1
2021_11_FG_BD,FG,BD,Frankfurt Galaxy,Barcelona Dragons,8/28/2021,Reus,Estadio municipal,19:00,22:03,Y,Y,3:03,1386,35,No,Mostly cloudy,R. Miras,D. Clemence,M. Burzek,M. Szczepanski,A. Valverde,J. Lanz,V. Cobas,M. Exposito,M. Exposito,FG,1,10,FG38,"V,1,10,V38","4,2,15","PASS:7,C,86,V46 TACK:20,7",J. Sullivan pass complete to L. Regler for 8 yards to the FG46 (L. Masero;M. Tavarres).,"V,2,2,V46",pass,NA,NA,0,NA,0,0,0,4,V,FG,"PUNT,1,09:54,38","TD,1,08:45,100",6,62,1:09,PUNT,1,09:54,FG38,TD,1,08:45,BD00,1
2021_11_FG_BD,FG,BD,Frankfurt Galaxy,Barcelona Dragons,8/28/2021,Reus,Estadio municipal,19:00,22:03,Y,Y,3:03,1386,35,No,Mostly cloudy,R. Miras,D. Clemence,M. Burzek,M. Szczepanski,A. Valverde,J. Lanz,V. Cobas,M. Exposito,M. Exposito,FG,2,2,FG46,"V,2,2,V46","4,3,16","PEN:H,EN,A,90,H49,N","PENALTY BD encroachment (A. Fernandez) 5 yards to the BD49, 1ST DOWN FG.","V,1,10,H49",penalty,NA,NA,0,penalty,0,0,0,4,V,FG,"PUNT,1,09:54,38","TD,1,08:45,100",6,62,1:09,PUNT,1,09:54,FG38,TD,1,08:45,BD00,1
2021_11_FG_BD,FG,BD,Frankfurt Galaxy,Barcelona Dragons,8/28/2021,Reus,Estadio municipal,19:00,22:03,Y,Y,3:03,1386,35,No,Mostly cloudy,R. Miras,D. Clemence,M. Burzek,M. Szczepanski,A. Valverde,J. Lanz,V. Cobas,M. Exposito,M. Exposito,FG,1,10,BD49,"V,1,10,H49","4,4,17","RUSH:21,H31, OB:","G. Adams rush for 18 yards to the BD31, 1ST DOWN FG, out-of-bounds.","V,1,10,H31",rush,NA,NA,1,rush,0,0,0,4,V,FG,"PUNT,1,09:54,38","TD,1,08:45,100",6,62,1:09,PUNT,1,09:54,FG38,TD,1,08:45,BD00,1
2021_11_FG_BD,FG,BD,Frankfurt Galaxy,Barcelona Dragons,8/28/2021,Reus,Estadio municipal,19:00,22:03,Y,Y,3:03,1386,35,No,Mostly cloudy,R. Miras,D. Clemence,M. Burzek,M. Szczepanski,A. Valverde,J. Lanz,V. Cobas,M. Exposito,M. Exposito,FG,1,10,BD31,"V,1,10,H31","4,5,18","PASS:7,S,TM,H37 SACK:90",J. Sullivan sacked for loss of 6 yards to the BD37 (A. Fernandez).,"V,2,16,H37",pass,NA,NA,0,NA,0,0,0,4,V,FG,"PUNT,1,09:54,38","TD,1,08:45,100",6,62,1:09,PUNT,1,09:54,FG38,TD,1,08:45,BD00,1
2021_11_FG_BD,FG,BD,Frankfurt Galaxy,Barcelona Dragons,8/28/2021,Reus,Estadio municipal,19:00,22:03,Y,Y,3:03,1386,35,No,Mostly cloudy,R. Miras,D. Clemence,M. Burzek,M. Szczepanski,A. Valverde,J. Lanz,V. Cobas,M. Exposito,M. Exposito,FG,2,16,BD37,"V,2,16,H37","4,6,19","PASS:7,C,86,H14 TACK:45,11","J. Sullivan pass complete to L. Regler for 23 yards to the BD14, 1ST DOWN FG (A. Posito;B. Brooks).","V,1,10,H14",pass,NA,NA,0,pass,0,0,0,4,V,FG,"PUNT,1,09:54,38","TD,1,08:45,100",6,62,1:09,PUNT,1,09:54,FG38,TD,1,08:45,BD00,1
2021_11_FG_BD,FG,BD,Frankfurt Galaxy,Barcelona Dragons,8/28/2021,Reus,Estadio municipal,19:00,22:03,Y,Y,3:03,1386,35,No,Mostly cloudy,R. Miras,D. Clemence,M. Burzek,M. Szczepanski,A. Valverde,J. Lanz,V. Cobas,M. Exposito,M. Exposito,FG,1,10,BD14,"V,1,10,H14","4,7,20","RUSH:21,H12, TACK:45",G. Adams rush for 2 yards to the BD12 (A. Posito).,"V,2,8,H12",rush,NA,NA,0,NA,0,0,0,4,V,FG,"PUNT,1,09:54,38","TD,1,08:45,100",6,62,1:09,PUNT,1,09:54,FG38,TD,1,08:45,BD00,1
2021_11_FG_BD,FG,BD,Frankfurt Galaxy,Barcelona Dragons,8/28/2021,Reus,Estadio municipal,19:00,22:03,Y,Y,3:03,1386,35,No,Mostly cloudy,R. Miras,D. Clemence,M. Burzek,M. Szczepanski,A. Valverde,J. Lanz,V. Cobas,M. Exposito,M. Exposito,FG,2,8,BD12,"V,2,8,H12","4,8,21","PASS:7,C,11,H00 T:08:45","J. Sullivan pass complete to A. Mahoungou for 12 yards to the BD0, 1ST DOWN FG, TOUCHDOWN, clock 08:45.","V,1,0,H03",pass,NA,08:45,0,pass,1,6,0,4,V,FG,"PUNT,1,09:54,38","TD,1,08:45,100",6,62,1:09,PUNT,1,09:54,FG38,TD,1,08:45,BD00,1
2021_11_FG_BD,FG,BD,Frankfurt Galaxy,Barcelona Dragons,8/28/2021,Reus,Estadio municipal,19:00,22:03,Y,Y,3:03,1386,35,No,Mostly cloudy,R. Miras,D. Clemence,M. Burzek,M. Szczepanski,A. Valverde,J. Lanz,V. Cobas,M. Exposito,M. Exposito,FG,1,0,BD03,"V,1,0,H03","4,9,22","PAT:K,15,M",M. Siemssen kick attempt failed.,"V,1,0,V35",pat,NA,NA,0,NA,0,6,0,4,V,FG,"PUNT,1,09:54,38","TD,1,08:45,100",6,62,1:09,PUNT,1,09:54,FG38,TD,1,08:45,BD00,1
2021_11_FG_BD,FG,BD,Frankfurt Galaxy,Barcelona Dragons,8/28/2021,Reus,Estadio municipal,19:00,22:03,Y,Y,3:03,1386,35,No,Mostly cloudy,R. Miras,D. Clemence,M. Burzek,M. Szczepanski,A. Valverde,J. Lanz,V. Cobas,M. Exposito,M. Exposito,FG,1,0,FG35,"V,1,0,V35","4,10,23","KO:19,H00 RET:5,V00 T:08:10","N. Strahmann kickoff 65 yards to the BD0, J. Constant return 100 yards to the FG0, TOUCHDOWN, clock 08:10.","H,1,0,V03",kick_off,NA,08:10,0,NA,1,6,6,4,V,FG,"PUNT,1,09:54,38","TD,1,08:45,100",6,62,1:09,PUNT,1,09:54,FG38,TD,1,08:45,BD00,1
2021_11_FG_BD,FG,BD,Frankfurt Galaxy,Barcelona Dragons,8/28/2021,Reus,Estadio municipal,19:00,22:03,Y,Y,3:03,1386,35,No,Mostly cloudy,R. Miras,D. Clemence,M. Burzek,M. Szczepanski,A. Valverde,J. Lanz,V. Cobas,M. Exposito,M. Exposito,BD,1,0,FG03,"H,1,0,V03","5,1,24","PAT:K,8,M",G. Tavecchio kick attempt failed.,"H,1,0,H35",pat,NA,NA,0,NA,0,6,6,5,H,BD,"KO,1,08:10,100","TD,1,08:10,100",0,0,0:00,KO,1,08:10,FG00,TD,1,08:10,FG00,NA
2021_11_FG_BD,FG,BD,Frankfurt Galaxy,Barcelona Dragons,8/28/2021,Reus,Estadio municipal,19:00,22:03,Y,Y,3:03,1386,35,No,Mostly cloudy,R. Miras,D. Clemence,M. Burzek,M. Szczepanski,A. Valverde,J. Lanz,V. Cobas,M. Exposito,M. Exposito,BD,1,0,BD35,"H,1,0,H35","5,2,25","KO:8,V00 TB:","G. Tavecchio kickoff 65 yards to the FG0, touchback.","V,1,10,V25",kick_off,NA,NA,0,NA,0,6,6,5,H,BD,"KO,1,08:10,100","TD,1,08:10,100",0,0,0:00,KO,1,08:10,FG00,TD,1,08:10,FG00,NA
2021_11_FG_BD,FG,BD,Frankfurt Galaxy,Barcelona Dragons,8/28/2021,Reus,Estadio municipal,19:00,22:03,Y,Y,3:03,1386,35,No,Mostly cloudy,R. Miras,D. Clemence,M. Burzek,M. Szczepanski,A. Valverde,J. Lanz,V. Cobas,M. Exposito,M. Exposito,FG,1,10,FG25,"V,1,10,V25","6,1,26",{DRIVE}:07:18,FRANKFURT GALAXY drive start at 07:18.,"V,1,10,V25",NA,NA,07:18,0,NA,0,6,6,6,V,FG,"KO,1,07:18,25","DOWNS,1,03:12,66",8,41,4:06,KO,1,07:18,FG25,DOWNS,1,03:12,BD34,NA
2021_11_FG_BD,FG,BD,Frankfurt Galaxy,Barcelona Dragons,8/28/2021,Reus,Estadio municipal,19:00,22:03,Y,Y,3:03,1386,35,No,Mostly cloudy,R. Miras,D. Clemence,M. Burzek,M. Szczepanski,A. Valverde,J. Lanz,V. Cobas,M. Exposito,M. Exposito,FG,1,10,FG25,"V,1,10,V25","6,2,27","RUSH:21,V33, TACK:7",G. Adams rush for 8 yards to the FG33 (M. Tavarres).,"V,2,2,V33",rush,NA,NA,0,NA,0,6,6,6,V,FG,"KO,1,07:18,25","DOWNS,1,03:12,66",8,41,4:06,KO,1,07:18,FG25,DOWNS,1,03:12,BD34,NA
2021_11_FG_BD,FG,BD,Frankfurt Galaxy,Barcelona Dragons,8/28/2021,Reus,Estadio municipal,19:00,22:03,Y,Y,3:03,1386,35,No,Mostly cloudy,R. Miras,D. Clemence,M. Burzek,M. Szczepanski,A. Valverde,J. Lanz,V. Cobas,M. Exposito,M. Exposito,FG,2,2,FG33,"V,2,2,V33","6,3,28","PASS:7,C,21,V40 TACK:27","J. Sullivan pass complete to G. Adams for 7 yards to the FG40, 1ST DOWN FG (A. Vera).","V,1,10,V40",pass,NA,NA,0,pass,0,6,6,6,V,FG,"KO,1,07:18,25","DOWNS,1,03:12,66",8,41,4:06,KO,1,07:18,FG25,DOWNS,1,03:12,BD34,NA
2021_11_FG_BD,FG,BD,Frankfurt Galaxy,Barcelona Dragons,8/28/2021,Reus,Estadio municipal,19:00,22:03,Y,Y,3:03,1386,35,No,Mostly cloudy,R. Miras,D. Clemence,M. Burzek,M. Szczepanski,A. Valverde,J. Lanz,V. Cobas,M. Exposito,M. Exposito,FG,1,10,FG40,"V,1,10,V40","6,4,29","PEN:H,PF,A,7,H45,1","PENALTY BD personal foul (M. Tavarres) 15 yards to the BD45, 1ST DOWN FG.","V,1,10,H45",penalty,NA,NA,0,penalty,0,6,6,6,V,FG,"KO,1,07:18,25","DOWNS,1,03:12,66",8,41,4:06,KO,1,07:18,FG25,DOWNS,1,03:12,BD34,NA
2021_11_FG_BD,FG,BD,Frankfurt Galaxy,Barcelona Dragons,8/28/2021,Reus,Estadio municipal,19:00,22:03,Y,Y,3:03,1386,35,No,Mostly cloudy,R. Miras,D. Clemence,M. Burzek,M. Szczepanski,A. Valverde,J. Lanz,V. Cobas,M. Exposito,M. Exposito,FG,1,10,BD45,"V,1,10,H45","6,5,30","PASS:7,C,13,H38 OB:","J. Sullivan pass complete to M. Rutsch for 7 yards to the BD38, out-of-bounds.","V,2,3,H38",pass,NA,NA,1,NA,0,6,6,6,V,FG,"KO,1,07:18,25","DOWNS,1,03:12,66",8,41,4:06,KO,1,07:18,FG25,DOWNS,1,03:12,BD34,NA
2021_11_FG_BD,FG,BD,Frankfurt Galaxy,Barcelona Dragons,8/28/2021,Reus,Estadio municipal,19:00,22:03,Y,Y,3:03,1386,35,No,Mostly cloudy,R. Miras,D. Clemence,M. Burzek,M. Szczepanski,A. Valverde,J. Lanz,V. Cobas,M. Exposito,M. Exposito,FG,2,3,BD38,"V,2,3,H38","6,6,31","RUSH:21,H23, TACK:11,7","G. Adams rush for 15 yards to the BD23, 1ST DOWN FG (B. Brooks;M. Tavarres).","V,1,10,H23",rush,NA,NA,0,rush,0,6,6,6,V,FG,"KO,1,07:18,25","DOWNS,1,03:12,66",8,41,4:06,KO,1,07:18,FG25,DOWNS,1,03:12,BD34,NA
2021_11_FG_BD,FG,BD,Frankfurt Galaxy,Barcelona Dragons,8/28/2021,Reus,Estadio municipal,19:00,22:03,Y,Y,3:03,1386,35,No,Mostly cloudy,R. Miras,D. Clemence,M. Burzek,M. Szczepanski,A. Valverde,J. Lanz,V. Cobas,M. Exposito,M. Exposito,FG,1,10,BD23,"V,1,10,H23","6,7,32",TOUT:V T:05:00,"Timeout Frankfurt Galaxy, clock 05:00.","V,1,10,H23",NA,NA,05:00,0,NA,0,6,6,6,V,FG,"KO,1,07:18,25","DOWNS,1,03:12,66",8,41,4:06,KO,1,07:18,FG25,DOWNS,1,03:12,BD34,NA
2021_11_FG_BD,FG,BD,Frankfurt Galaxy,Barcelona Dragons,8/28/2021,Reus,Estadio municipal,19:00,22:03,Y,Y,3:03,1386,35,No,Mostly cloudy,R. Miras,D. Clemence,M. Burzek,M. Szczepanski,A. Valverde,J. Lanz,V. Cobas,M. Exposito,M. Exposito,FG,1,10,BD23,"V,1,10,H23","6,8,33","PASS:7,I,13,*",J. Sullivan pass incomplete to M. Rutsch.,"V,2,10,H23",pass,NA,NA,0,NA,0,6,6,6,V,FG,"KO,1,07:18,25","DOWNS,1,03:12,66",8,41,4:06,KO,1,07:18,FG25,DOWNS,1,03:12,BD34,NA
2021_11_FG_BD,FG,BD,Frankfurt Galaxy,Barcelona Dragons,8/28/2021,Reus,Estadio municipal,19:00,22:03,Y,Y,3:03,1386,35,No,Mostly cloudy,R. Miras,D. Clemence,M. Burzek,M. Szczepanski,A. Valverde,J. Lanz,V. Cobas,M. Exposito,M. Exposito,FG,2,10,BD23,"V,2,10,H23","6,9,34","PEN:V,DG,A,7,H28,N",PENALTY FG delay of game (J. Sullivan) 5 yards to the BD28.,"V,2,15,H28",penalty,NA,NA,0,NA,0,6,6,6,V,FG,"KO,1,07:18,25","DOWNS,1,03:12,66",8,41,4:06,KO,1,07:18,FG25,DOWNS,1,03:12,BD34,NA
2021_11_FG_BD,FG,BD,Frankfurt Galaxy,Barcelona Dragons,8/28/2021,Reus,Estadio municipal,19:00,22:03,Y,Y,3:03,1386,35,No,Mostly cloudy,R. Miras,D. Clemence,M. Burzek,M. Szczepanski,A. Valverde,J. Lanz,V. Cobas,M. Exposito,M. Exposito,FG,2,15,BD28,"V,2,15,H28","6,10,35","PASS:7,C,11,H25 TACK:22",J. Sullivan pass complete to A. Mahoungou for 3 yards to the BD25 (L. Frecha).,"V,3,12,H25",pass,NA,NA,0,NA,0,6,6,6,V,FG,"KO,1,07:18,25","DOWNS,1,03:12,66",8,41,4:06,KO,1,07:18,FG25,DOWNS,1,03:12,BD34,NA
2021_11_FG_BD,FG,BD,Frankfurt Galaxy,Barcelona Dragons,8/28/2021,Reus,Estadio municipal,19:00,22:03,Y,Y,3:03,1386,35,No,Mostly cloudy,R. Miras,D. Clemence,M. Burzek,M. Szczepanski,A. Valverde,J. Lanz,V. Cobas,M. Exposito,M. Exposito,FG,3,12,BD25,"V,3,12,H25","6,11,36","PASS:7,S,TM,H34 SACK:99",J. Sullivan sacked for loss of 9 yards to the BD34 (Y. Rivero).,"V,4,21,H34",pass,NA,NA,0,NA,0,6,6,6,V,FG,"KO,1,07:18,25","DOWNS,1,03:12,66",8,41,4:06,KO,1,07:18,FG25,DOWNS,1,03:12,BD34,NA
2021_11_FG_BD,FG,BD,Frankfurt Galaxy,Barcelona Dragons,8/28/2021,Reus,Estadio municipal,19:00,22:03,Y,Y,3:03,1386,35,No,Mostly cloudy,R. Miras,D. Clemence,M. Burzek,M. Szczepanski,A. Valverde,J. Lanz,V. Cobas,M. Exposito,M. Exposito,FG,4,21,BD34,"V,4,21,H34","6,12,37","PASS:7,I,13,* BRUP:33",J. Sullivan pass incomplete to M. Rutsch (T. Debiez).,"H,1,10,H34",pass,NA,NA,0,NA,0,6,6,6,V,FG,"KO,1,07:18,25","DOWNS,1,03:12,66",8,41,4:06,KO,1,07:18,FG25,DOWNS,1,03:12,BD34,NA
2021_11_FG_BD,FG,BD,Frankfurt Galaxy,Barcelona Dragons,8/28/2021,Reus,Estadio municipal,19:00,22:03,Y,Y,3:03,1386,35,No,Mostly cloudy,R. Miras,D. Clemence,M. Burzek,M. Szczepanski,A. Valverde,J. Lanz,V. Cobas,M. Exposito,M. Exposito,BD,1,10,BD34,"H,1,10,H34","7,1,38",{DRIVE}:03:12,BARCELONA DRAGONS drive start at 03:12.,"H,1,10,H34",NA,NA,03:12,0,NA,0,6,6,7,H,BD,"DOWNS,1,03:12,34","DOWNS,1,01:44,4",4,-30,1:28,DOWNS,1,03:12,BD34,DOWNS,1,01:44,BD04,NA
2021_11_FG_BD,FG,BD,Frankfurt Galaxy,Barcelona Dragons,8/28/2021,Reus,Estadio municipal,19:00,22:03,Y,Y,3:03,1386,35,No,Mostly cloudy,R. Miras,D. Clemence,M. Burzek,M. Szczepanski,A. Valverde,J. Lanz,V. Cobas,M. Exposito,M. Exposito,BD,1,10,BD34,"H,1,10,H34","7,2,39","RUSH:21,H34, TACK:TM",A. Monton rush for no gain to the BD34 (TM).,"H,2,10,H34",rush,NA,NA,0,NA,0,6,6,7,H,BD,"DOWNS,1,03:12,34","DOWNS,1,01:44,4",4,-30,1:28,DOWNS,1,03:12,BD34,DOWNS,1,01:44,BD04,NA
2021_11_FG_BD,FG,BD,Frankfurt Galaxy,Barcelona Dragons,8/28/2021,Reus,Estadio municipal,19:00,22:03,Y,Y,3:03,1386,35,No,Mostly cloudy,R. Miras,D. Clemence,M. Burzek,M. Szczepanski,A. Valverde,J. Lanz,V. Cobas,M. Exposito,M. Exposito,BD,2,10,BD34,"H,2,10,H34","7,3,40","PASS:1,I,4,*",Z. Edwards pass incomplete to R. Bertellin.,"H,3,10,H34",pass,NA,NA,0,NA,0,6,6,7,H,BD,"DOWNS,1,03:12,34","DOWNS,1,01:44,4",4,-30,1:28,DOWNS,1,03:12,BD34,DOWNS,1,01:44,BD04,NA
2021_11_FG_BD,FG,BD,Frankfurt Galaxy,Barcelona Dragons,8/28/2021,Reus,Estadio municipal,19:00,22:03,Y,Y,3:03,1386,35,No,Mostly cloudy,R. Miras,D. Clemence,M. Burzek,M. Szczepanski,A. Valverde,J. Lanz,V. Cobas,M. Exposito,M. Exposito,BD,3,10,BD34,"H,3,10,H34","7,4,41","PASS:1,C,4,H41 TACK:18",Z. Edwards pass complete to R. Bertellin for 7 yards to the BD41 (F. Lowery).,"H,4,3,H41",pass,NA,NA,0,NA,0,6,6,7,H,BD,"DOWNS,1,03:12,34","DOWNS,1,01:44,4",4,-30,1:28,DOWNS,1,03:12,BD34,DOWNS,1,01:44,BD04,NA
2021_11_FG_BD,FG,BD,Frankfurt Galaxy,Barcelona Dragons,8/28/2021,Reus,Estadio municipal,19:00,22:03,Y,Y,3:03,1386,35,No,Mostly cloudy,R. Miras,D. Clemence,M. Burzek,M. Szczepanski,A. Valverde,J. Lanz,V. Cobas,M. Exposito,M. Exposito,BD,4,3,BD41,"H,4,3,H41","7,5,42","RUSH:18,H04, TACK:85",C. Manser rush for loss of 37 yards to the BD4 (M. Hachenberg).,"V,1,0,H04",rush,NA,NA,0,NA,0,6,6,7,H,BD,"DOWNS,1,03:12,34","DOWNS,1,01:44,4",4,-30,1:28,DOWNS,1,03:12,BD34,DOWNS,1,01:44,BD04,NA
2021_11_FG_BD,FG,BD,Frankfurt Galaxy,Barcelona Dragons,8/28/2021,Reus,Estadio municipal,19:00,22:03,Y,Y,3:03,1386,35,No,Mostly cloudy,R. Miras,D. Clemence,M. Burzek,M. Szczepanski,A. Valverde,J. Lanz,V. Cobas,M. Exposito,M. Exposito,FG,1,0,BD04,"V,1,0,H04","8,1,43",{DRIVE}:01:44,FRANKFURT GALAXY drive start at 01:44.,"V,1,0,H04",NA,NA,01:44,0,NA,0,6,6,8,V,FG,"DOWNS,1,01:44,96","FGA,1,01:14,94",4,-2,0:30,DOWNS,1,01:44,BD04,FGA,1,01:14,BD06,1
2021_11_FG_BD,FG,BD,Frankfurt Galaxy,Barcelona Dragons,8/28/2021,Reus,Estadio municipal,19:00,22:03,Y,Y,3:03,1386,35,No,Mostly cloudy,R. Miras,D. Clemence,M. Burzek,M. Szczepanski,A. Valverde,J. Lanz,V. Cobas,M. Exposito,M. Exposito,FG,1,0,BD04,"V,1,0,H04","8,2,44","PASS:7,I,82,* BRUP:27",J. Sullivan pass incomplete to H. Schwarz (A. Vera).,"V,2,0,H04",pass,NA,NA,0,NA,0,6,6,8,V,FG,"DOWNS,1,01:44,96","FGA,1,01:14,94",4,-2,0:30,DOWNS,1,01:44,BD04,FGA,1,01:14,BD06,1
2021_11_FG_BD,FG,BD,Frankfurt Galaxy,Barcelona Dragons,8/28/2021,Reus,Estadio municipal,19:00,22:03,Y,Y,3:03,1386,35,No,Mostly cloudy,R. Miras,D. Clemence,M. Burzek,M. Szczepanski,A. Valverde,J. Lanz,V. Cobas,M. Exposito,M. Exposito,FG,2,0,BD04,"V,2,0,H04","8,3,45","RUSH:7,H06, TACK:7",J. Sullivan rush for loss of 2 yards to the BD6 (M. Tavarres).,"V,3,0,H06",rush,NA,NA,0,NA,0,6,6,8,V,FG,"DOWNS,1,01:44,96","FGA,1,01:14,94",4,-2,0:30,DOWNS,1,01:44,BD04,FGA,1,01:14,BD06,1
2021_11_FG_BD,FG,BD,Frankfurt Galaxy,Barcelona Dragons,8/28/2021,Reus,Estadio municipal,19:00,22:03,Y,Y,3:03,1386,35,No,Mostly cloudy,R. Miras,D. Clemence,M. Burzek,M. Szczepanski,A. Valverde,J. Lanz,V. Cobas,M. Exposito,M. Exposito,FG,3,0,BD06,"V,3,0,H06","8,4,46","PASS:7,I,11,* BRUP:11",J. Sullivan pass incomplete to A. Mahoungou (B. Brooks).,"V,4,0,H06",pass,NA,NA,0,NA,0,6,6,8,V,FG,"DOWNS,1,01:44,96","FGA,1,01:14,94",4,-2,0:30,DOWNS,1,01:44,BD04,FGA,1,01:14,BD06,1
2021_11_FG_BD,FG,BD,Frankfurt Galaxy,Barcelona Dragons,8/28/2021,Reus,Estadio municipal,19:00,22:03,Y,Y,3:03,1386,35,No,Mostly cloudy,R. Miras,D. Clemence,M. Burzek,M. Szczepanski,A. Valverde,J. Lanz,V. Cobas,M. Exposito,M. Exposito,FG,4,0,BD06,"V,4,0,H06","8,5,47","FGA:15,24,M,H20,L T:01:14","M. Siemssen field goal attempt from 24 MISSED - wide left, spot at BD20, clock 01:14.","H,1,10,H20",field_goal,NA,01:14,0,NA,0,6,6,8,V,FG,"DOWNS,1,01:44,96","FGA,1,01:14,94",4,-2,0:30,DOWNS,1,01:44,BD04,FGA,1,01:14,BD06,1
2021_11_FG_BD,FG,BD,Frankfurt Galaxy,Barcelona Dragons,8/28/2021,Reus,Estadio municipal,19:00,22:03,Y,Y,3:03,1386,35,No,Mostly cloudy,R. Miras,D. Clemence,M. Burzek,M. Szczepanski,A. Valverde,J. Lanz,V. Cobas,M. Exposito,M. Exposito,BD,1,10,BD20,"H,1,10,H20","9,1,48",{DRIVE}:01:14,BARCELONA DRAGONS drive start at 01:14.,"H,1,10,H20",NA,NA,01:14,0,NA,0,6,6,9,H,BD,"FGA,1,01:14,20","FGA,2,06:18,72",16,52,9:56,FGA,1,01:14,BD20,FGA,2,06:18,FG28,NA
2021_11_FG_BD,FG,BD,Frankfurt Galaxy,Barcelona Dragons,8/28/2021,Reus,Estadio municipal,19:00,22:03,Y,Y,3:03,1386,35,No,Mostly cloudy,R. Miras,D. Clemence,M. Burzek,M. Szczepanski,A. Valverde,J. Lanz,V. Cobas,M. Exposito,M. Exposito,BD,1,10,BD20,"H,1,10,H20","9,2,49","RUSH:3,H22, TACK:TM",A. Jimenez rush for 2 yards to the BD22 (TM).,"H,2,8,H22",rush,NA,NA,0,NA,0,6,6,9,H,BD,"FGA,1,01:14,20","FGA,2,06:18,72",16,52,9:56,FGA,1,01:14,BD20,FGA,2,06:18,FG28,NA
2021_11_FG_BD,FG,BD,Frankfurt Galaxy,Barcelona Dragons,8/28/2021,Reus,Estadio municipal,19:00,22:03,Y,Y,3:03,1386,35,No,Mostly cloudy,R. Miras,D. Clemence,M. Burzek,M. Szczepanski,A. Valverde,J. Lanz,V. Cobas,M. Exposito,M. Exposito,BD,2,8,BD22,"H,2,8,H22","9,3,50","RUSH:1,H32, TACK:56,48","Z. Edwards rush for 10 yards to the BD32, 1ST DOWN BD (S. Silva Gomez;N. Knoblauch).","H,1,10,H32",rush,NA,NA,0,rush,0,6,6,9,H,BD,"FGA,1,01:14,20","FGA,2,06:18,72",16,52,9:56,FGA,1,01:14,BD20,FGA,2,06:18,FG28,NA
2021_11_FG_BD,FG,BD,Frankfurt Galaxy,Barcelona Dragons,8/28/2021,Reus,Estadio municipal,19:00,22:03,Y,Y,3:03,1386,35,No,Mostly cloudy,R. Miras,D. Clemence,M. Burzek,M. Szczepanski,A. Valverde,J. Lanz,V. Cobas,M. Exposito,M. Exposito,BD,1,10,BD32,"H,1,10,H32","9,4,51",Q:2 T:15:00,"Start of 2nd quarter, clock 15:00.","H,1,10,H32",NA,NA,15:00,0,NA,0,6,6,9,H,BD,"FGA,1,01:14,20","FGA,2,06:18,72",16,52,9:56,FGA,1,01:14,BD20,FGA,2,06:18,FG28,NA
2021_11_FG_BD,FG,BD,Frankfurt Galaxy,Barcelona Dragons,8/28/2021,Reus,Estadio municipal,19:00,22:03,Y,Y,3:03,1386,35,No,Mostly cloudy,R. Miras,D. Clemence,M. Burzek,M. Szczepanski,A. Valverde,J. Lanz,V. Cobas,M. Exposito,M. Exposito,BD,1,10,BD32,"H,1,10,H32","9,5,52","PEN:H,FS,A,4,H27,N",PENALTY BD false start (R. Bertellin) 5 yards to the BD27.,"H,1,15,H27",penalty,NA,NA,0,NA,0,6,6,9,H,BD,"FGA,1,01:14,20","FGA,2,06:18,72",16,52,9:56,FGA,1,01:14,BD20,FGA,2,06:18,FG28,NA
2021_11_FG_BD,FG,BD,Frankfurt Galaxy,Barcelona Dragons,8/28/2021,Reus,Estadio municipal,19:00,22:03,Y,Y,3:03,1386,35,No,Mostly cloudy,R. Miras,D. Clemence,M. Burzek,M. Szczepanski,A. Valverde,J. Lanz,V. Cobas,M. Exposito,M. Exposito,BD,1,15,BD27,"H,1,15,H27","9,6,53","PASS:1,C,4,V45 TACK:14,41 PEN:H,TR,A,78,H24,N NOPLAY:","Z. Edwards pass complete to R. Bertellin for 28 yards to the FG45 (J. Poznanski;S. Gauthier), PENALTY BD tripping (A. Irigoite) 3 yards to the BD24, NO PLAY.","H,1,18,H24",penalty,NA,NA,0,NA,0,6,6,9,H,BD,"FGA,1,01:14,20","FGA,2,06:18,72",16,52,9:56,FGA,1,01:14,BD20,FGA,2,06:18,FG28,NA
2021_11_FG_BD,FG,BD,Frankfurt Galaxy,Barcelona Dragons,8/28/2021,Reus,Estadio municipal,19:00,22:03,Y,Y,3:03,1386,35,No,Mostly cloudy,R. Miras,D. Clemence,M. Burzek,M. Szczepanski,A. Valverde,J. Lanz,V. Cobas,M. Exposito,M. Exposito,BD,1,18,BD24,"H,1,18,H24","9,7,54","PASS:1,C,5,H39 OB: TACK:41","Z. Edwards pass complete to J. Constant for 15 yards to the BD39, out-of-bounds (S. Gauthier).","H,2,3,H39",pass,NA,NA,1,NA,0,6,6,9,H,BD,"FGA,1,01:14,20","FGA,2,06:18,72",16,52,9:56,FGA,1,01:14,BD20,FGA,2,06:18,FG28,NA
2021_11_FG_BD,FG,BD,Frankfurt Galaxy,Barcelona Dragons,8/28/2021,Reus,Estadio municipal,19:00,22:03,Y,Y,3:03,1386,35,No,Mostly cloudy,R. Miras,D. Clemence,M. Burzek,M. Szczepanski,A. Valverde,J. Lanz,V. Cobas,M. Exposito,M. Exposito,BD,2,3,BD39,"H,2,3,H39","9,8,55","PASS:1,C,21,H38 TACK:41",Z. Edwards pass complete to A. Monton for loss of 1 yard to the BD38 (S. Gauthier).,"H,3,4,H38",pass,NA,NA,0,NA,0,6,6,9,H,BD,"FGA,1,01:14,20","FGA,2,06:18,72",16,52,9:56,FGA,1,01:14,BD20,FGA,2,06:18,FG28,NA
2021_11_FG_BD,FG,BD,Frankfurt Galaxy,Barcelona Dragons,8/28/2021,Reus,Estadio municipal,19:00,22:03,Y,Y,3:03,1386,35,No,Mostly cloudy,R. Miras,D. Clemence,M. Burzek,M. Szczepanski,A. Valverde,J. Lanz,V. Cobas,M. Exposito,M. Exposito,BD,3,4,BD38,"H,3,4,H38","9,9,56","RUSH:1,H44, TACK:25,56","Z. Edwards rush for 6 yards to the BD44, 1ST DOWN BD (B. Barnes;S. Silva Gomez).","H,1,10,H44",rush,NA,NA,0,rush,0,6,6,9,H,BD,"FGA,1,01:14,20","FGA,2,06:18,72",16,52,9:56,FGA,1,01:14,BD20,FGA,2,06:18,FG28,NA
2021_11_FG_BD,FG,BD,Frankfurt Galaxy,Barcelona Dragons,8/28/2021,Reus,Estadio municipal,19:00,22:03,Y,Y,3:03,1386,35,No,Mostly cloudy,R. Miras,D. Clemence,M. Burzek,M. Szczepanski,A. Valverde,J. Lanz,V. Cobas,M. Exposito,M. Exposito,BD,1,10,BD44,"H,1,10,H44","9,10,57","PASS:1,C,21,H47 TACK:41",Z. Edwards pass complete to A. Monton for 3 yards to the BD47 (S. Gauthier).,"H,2,7,H47",pass,NA,NA,0,NA,0,6,6,9,H,BD,"FGA,1,01:14,20","FGA,2,06:18,72",16,52,9:56,FGA,1,01:14,BD20,FGA,2,06:18,FG28,NA
2021_11_FG_BD,FG,BD,Frankfurt Galaxy,Barcelona Dragons,8/28/2021,Reus,Estadio municipal,19:00,22:03,Y,Y,3:03,1386,35,No,Mostly cloudy,R. Miras,D. Clemence,M. Burzek,M. Szczepanski,A. Valverde,J. Lanz,V. Cobas,M. Exposito,M. Exposito,BD,2,7,BD47,"H,2,7,H47","9,11,58","PASS:1,I,4,*",Z. Edwards pass incomplete to R. Bertellin.,"H,3,7,H47",pass,NA,NA,0,NA,0,6,6,9,H,BD,"FGA,1,01:14,20","FGA,2,06:18,72",16,52,9:56,FGA,1,01:14,BD20,FGA,2,06:18,FG28,NA
2021_11_FG_BD,FG,BD,Frankfurt Galaxy,Barcelona Dragons,8/28/2021,Reus,Estadio municipal,19:00,22:03,Y,Y,3:03,1386,35,No,Mostly cloudy,R. Miras,D. Clemence,M. Burzek,M. Szczepanski,A. Valverde,J. Lanz,V. Cobas,M. Exposito,M. Exposito,BD,3,7,BD47,"H,3,7,H47","9,12,59","PASS:1,C,5,V44 TACK:14","Z. Edwards pass complete to J. Constant for 9 yards to the FG44, 1ST DOWN BD (J. Poznanski).","H,1,10,V44",pass,NA,NA,0,pass,0,6,6,9,H,BD,"FGA,1,01:14,20","FGA,2,06:18,72",16,52,9:56,FGA,1,01:14,BD20,FGA,2,06:18,FG28,NA
2021_11_FG_BD,FG,BD,Frankfurt Galaxy,Barcelona Dragons,8/28/2021,Reus,Estadio municipal,19:00,22:03,Y,Y,3:03,1386,35,No,Mostly cloudy,R. Miras,D. Clemence,M. Burzek,M. Szczepanski,A. Valverde,J. Lanz,V. Cobas,M. Exposito,M. Exposito,BD,1,10,FG44,"H,1,10,V44","9,13,60","RUSH:3,V43, TACK:94,95",A. Jimenez rush for 1 yard to the FG43 (C. Udegbe;M. Konya).,"H,2,9,V43",rush,NA,NA,0,NA,0,6,6,9,H,BD,"FGA,1,01:14,20","FGA,2,06:18,72",16,52,9:56,FGA,1,01:14,BD20,FGA,2,06:18,FG28,NA
2021_11_FG_BD,FG,BD,Frankfurt Galaxy,Barcelona Dragons,8/28/2021,Reus,Estadio municipal,19:00,22:03,Y,Y,3:03,1386,35,No,Mostly cloudy,R. Miras,D. Clemence,M. Burzek,M. Szczepanski,A. Valverde,J. Lanz,V. Cobas,M. Exposito,M. Exposito,BD,2,9,FG43,"H,2,9,V43","9,14,61","PASS:1,I,4,*",Z. Edwards pass incomplete to R. Bertellin.,"H,3,9,V43",pass,NA,NA,0,NA,0,6,6,9,H,BD,"FGA,1,01:14,20","FGA,2,06:18,72",16,52,9:56,FGA,1,01:14,BD20,FGA,2,06:18,FG28,NA
2021_11_FG_BD,FG,BD,Frankfurt Galaxy,Barcelona Dragons,8/28/2021,Reus,Estadio municipal,19:00,22:03,Y,Y,3:03,1386,35,No,Mostly cloudy,R. Miras,D. Clemence,M. Burzek,M. Szczepanski,A. Valverde,J. Lanz,V. Cobas,M. Exposito,M. Exposito,BD,3,9,FG43,"H,3,9,V43","9,15,62","PASS:1,C,5,V37 TACK:10",Z. Edwards pass complete to J. Constant for 6 yards to the FG37 (O. Williams).,"H,4,3,V37",pass,NA,NA,0,NA,0,6,6,9,H,BD,"FGA,1,01:14,20","FGA,2,06:18,72",16,52,9:56,FGA,1,01:14,BD20,FGA,2,06:18,FG28,NA
2021_11_FG_BD,FG,BD,Frankfurt Galaxy,Barcelona Dragons,8/28/2021,Reus,Estadio municipal,19:00,22:03,Y,Y,3:03,1386,35,No,Mostly cloudy,R. Miras,D. Clemence,M. Burzek,M. Szczepanski,A. Valverde,J. Lanz,V. Cobas,M. Exposito,M. Exposito,BD,4,3,FG37,"H,4,3,V37","9,16,63","RUSH:1,V30, TACK:41","Z. Edwards rush for 7 yards to the FG30, 1ST DOWN BD (S. Gauthier).","H,1,10,V30",rush,NA,NA,0,rush,0,6,6,9,H,BD,"FGA,1,01:14,20","FGA,2,06:18,72",16,52,9:56,FGA,1,01:14,BD20,FGA,2,06:18,FG28,NA
2021_11_FG_BD,FG,BD,Frankfurt Galaxy,Barcelona Dragons,8/28/2021,Reus,Estadio municipal,19:00,22:03,Y,Y,3:03,1386,35,No,Mostly cloudy,R. Miras,D. Clemence,M. Burzek,M. Szczepanski,A. Valverde,J. Lanz,V. Cobas,M. Exposito,M. Exposito,BD,1,10,FG30,"H,1,10,V30","9,17,64","PASS:1,S,TM,V40 SACK:53",Z. Edwards sacked for loss of 10 yards to the FG40 (D. Josiah).,"H,2,20,V40",pass,NA,NA,0,NA,0,6,6,9,H,BD,"FGA,1,01:14,20","FGA,2,06:18,72",16,52,9:56,FGA,1,01:14,BD20,FGA,2,06:18,FG28,NA
2021_11_FG_BD,FG,BD,Frankfurt Galaxy,Barcelona Dragons,8/28/2021,Reus,Estadio municipal,19:00,22:03,Y,Y,3:03,1386,35,No,Mostly cloudy,R. Miras,D. Clemence,M. Burzek,M. Szczepanski,A. Valverde,J. Lanz,V. Cobas,M. Exposito,M. Exposito,BD,2,20,FG40,"H,2,20,V40","9,18,65","PASS:1,C,4,V33 TACK:41,46",Z. Edwards pass complete to R. Bertellin for 7 yards to the FG33 (S. Gauthier;O. Ogbevoen).,"H,3,13,V33",pass,NA,NA,0,NA,0,6,6,9,H,BD,"FGA,1,01:14,20","FGA,2,06:18,72",16,52,9:56,FGA,1,01:14,BD20,FGA,2,06:18,FG28,NA
2021_11_FG_BD,FG,BD,Frankfurt Galaxy,Barcelona Dragons,8/28/2021,Reus,Estadio municipal,19:00,22:03,Y,Y,3:03,1386,35,No,Mostly cloudy,R. Miras,D. Clemence,M. Burzek,M. Szczepanski,A. Valverde,J. Lanz,V. Cobas,M. Exposito,M. Exposito,BD,3,13,FG33,"H,3,13,V33","9,19,66","PASS:1,C,4,V28 TACK:14,48",Z. Edwards pass complete to R. Bertellin for 5 yards to the FG28 (J. Poznanski;N. Knoblauch).,"H,4,8,V28",pass,NA,NA,0,NA,0,6,6,9,H,BD,"FGA,1,01:14,20","FGA,2,06:18,72",16,52,9:56,FGA,1,01:14,BD20,FGA,2,06:18,FG28,NA
2021_11_FG_BD,FG,BD,Frankfurt Galaxy,Barcelona Dragons,8/28/2021,Reus,Estadio municipal,19:00,22:03,Y,Y,3:03,1386,35,No,Mostly cloudy,R. Miras,D. Clemence,M. Burzek,M. Szczepanski,A. Valverde,J. Lanz,V. Cobas,M. Exposito,M. Exposito,BD,4,8,FG28,"H,4,8,V28","9,20,67","FGA:8,45,M,H46,S T:06:18","G. Tavecchio field goal attempt from 45 MISSED - short, spot at BD46, clock 06:18.","V,1,10,H46",field_goal,NA,06:18,0,NA,0,6,6,9,H,BD,"FGA,1,01:14,20","FGA,2,06:18,72",16,52,9:56,FGA,1,01:14,BD20,FGA,2,06:18,FG28,NA
2021_11_FG_BD,FG,BD,Frankfurt Galaxy,Barcelona Dragons,8/28/2021,Reus,Estadio municipal,19:00,22:03,Y,Y,3:03,1386,35,No,Mostly cloudy,R. Miras,D. Clemence,M. Burzek,M. Szczepanski,A. Valverde,J. Lanz,V. Cobas,M. Exposito,M. Exposito,FG,1,10,BD46,"V,1,10,H46","10,1,68","{DRIVE}:06:18 PEN:V,UC,A,10,V39,1 NOPLAY:","FRANKFURT GALAXY drive start at 06:18, PENALTY FG unsportsmanlike conduct (O. Williams) 15 yards to the FG39, 1ST DOWN FG, NO PLAY.","V,1,10,V39",penalty,NA,NA,0,penalty,0,6,6,10,V,FG,"FGA,2,06:18,54","DOWNS,2,01:20,87",7,33,4:58,FGA,2,06:18,BD46,DOWNS,2,01:20,BD13,NA
2021_11_FG_BD,FG,BD,Frankfurt Galaxy,Barcelona Dragons,8/28/2021,Reus,Estadio municipal,19:00,22:03,Y,Y,3:03,1386,35,No,Mostly cloudy,R. Miras,D. Clemence,M. Burzek,M. Szczepanski,A. Valverde,J. Lanz,V. Cobas,M. Exposito,M. Exposito,FG,1,10,FG39,"V,1,10,V39","10,2,69","PASS:7,C,11,H48 OB: TACK:25","J. Sullivan pass complete to A. Mahoungou for 13 yards to the BD48, 1ST DOWN FG, out-of-bounds (N. Lester).","V,1,10,H48",pass,NA,NA,1,pass,0,6,6,10,V,FG,"FGA,2,06:18,54","DOWNS,2,01:20,87",7,33,4:58,FGA,2,06:18,BD46,DOWNS,2,01:20,BD13,NA
2021_11_FG_BD,FG,BD,Frankfurt Galaxy,Barcelona Dragons,8/28/2021,Reus,Estadio municipal,19:00,22:03,Y,Y,3:03,1386,35,No,Mostly cloudy,R. Miras,D. Clemence,M. Burzek,M. Szczepanski,A. Valverde,J. Lanz,V. Cobas,M. Exposito,M. Exposito,FG,1,10,BD48,"V,1,10,H48","10,3,70","PASS:7,C,21,H40 TACK:2,7",J. Sullivan pass complete to G. Adams for 8 yards to the BD40 (G. Prati;M. Tavarres).,"V,2,2,H40",pass,NA,NA,0,NA,0,6,6,10,V,FG,"FGA,2,06:18,54","DOWNS,2,01:20,87",7,33,4:58,FGA,2,06:18,BD46,DOWNS,2,01:20,BD13,NA
2021_11_FG_BD,FG,BD,Frankfurt Galaxy,Barcelona Dragons,8/28/2021,Reus,Estadio municipal,19:00,22:03,Y,Y,3:03,1386,35,No,Mostly cloudy,R. Miras,D. Clemence,M. Burzek,M. Szczepanski,A. Valverde,J. Lanz,V. Cobas,M. Exposito,M. Exposito,FG,2,2,BD40,"V,2,2,H40","10,4,71","PASS:7,C,86,H22 TACK:20","J. Sullivan pass complete to L. Regler for 18 yards to the BD22, 1ST DOWN FG (L. Masero).","V,1,10,H22",pass,NA,NA,0,pass,0,6,6,10,V,FG,"FGA,2,06:18,54","DOWNS,2,01:20,87",7,33,4:58,FGA,2,06:18,BD46,DOWNS,2,01:20,BD13,NA
2021_11_FG_BD,FG,BD,Frankfurt Galaxy,Barcelona Dragons,8/28/2021,Reus,Estadio municipal,19:00,22:03,Y,Y,3:03,1386,35,No,Mostly cloudy,R. Miras,D. Clemence,M. Burzek,M. Szczepanski,A. Valverde,J. Lanz,V. Cobas,M. Exposito,M. Exposito,FG,1,10,BD22,"V,1,10,H22","10,5,72","PASS:7,I,86,*",J. Sullivan pass incomplete to L. Regler.,"V,2,10,H22",pass,NA,NA,0,NA,0,6,6,10,V,FG,"FGA,2,06:18,54","DOWNS,2,01:20,87",7,33,4:58,FGA,2,06:18,BD46,DOWNS,2,01:20,BD13,NA
2021_11_FG_BD,FG,BD,Frankfurt Galaxy,Barcelona Dragons,8/28/2021,Reus,Estadio municipal,19:00,22:03,Y,Y,3:03,1386,35,No,Mostly cloudy,R. Miras,D. Clemence,M. Burzek,M. Szczepanski,A. Valverde,J. Lanz,V. Cobas,M. Exposito,M. Exposito,FG,2,10,BD22,"V,2,10,H22","10,6,73","PASS:7,S,TM,H39 SACK:93",J. Sullivan sacked for loss of 17 yards to the BD39 (A. Pinheiro).,"V,3,27,H39",pass,NA,NA,0,NA,0,6,6,10,V,FG,"FGA,2,06:18,54","DOWNS,2,01:20,87",7,33,4:58,FGA,2,06:18,BD46,DOWNS,2,01:20,BD13,NA
2021_11_FG_BD,FG,BD,Frankfurt Galaxy,Barcelona Dragons,8/28/2021,Reus,Estadio municipal,19:00,22:03,Y,Y,3:03,1386,35,No,Mostly cloudy,R. Miras,D. Clemence,M. Burzek,M. Szczepanski,A. Valverde,J. Lanz,V. Cobas,M. Exposito,M. Exposito,FG,3,27,BD39,"V,3,27,H39","10,7,74","PASS:7,C,21,H36 TACK:22",J. Sullivan pass complete to G. Adams for 3 yards to the BD36 (L. Frecha).,"V,4,24,H36",pass,NA,NA,0,NA,0,6,6,10,V,FG,"FGA,2,06:18,54","DOWNS,2,01:20,87",7,33,4:58,FGA,2,06:18,BD46,DOWNS,2,01:20,BD13,NA
2021_11_FG_BD,FG,BD,Frankfurt Galaxy,Barcelona Dragons,8/28/2021,Reus,Estadio municipal,19:00,22:03,Y,Y,3:03,1386,35,No,Mostly cloudy,R. Miras,D. Clemence,M. Burzek,M. Szczepanski,A. Valverde,J. Lanz,V. Cobas,M. Exposito,M. Exposito,FG,4,24,BD36,"V,4,24,H36","10,8,75","PASS:7,C,13,H13 OB: TACK:33","J. Sullivan pass complete to M. Rutsch for 23 yards to the BD13, out-of-bounds (T. Debiez).","H,1,10,H13",pass,NA,NA,1,NA,0,6,6,10,V,FG,"FGA,2,06:18,54","DOWNS,2,01:20,87",7,33,4:58,FGA,2,06:18,BD46,DOWNS,2,01:20,BD13,NA
2021_11_FG_BD,FG,BD,Frankfurt Galaxy,Barcelona Dragons,8/28/2021,Reus,Estadio municipal,19:00,22:03,Y,Y,3:03,1386,35,No,Mostly cloudy,R. Miras,D. Clemence,M. Burzek,M. Szczepanski,A. Valverde,J. Lanz,V. Cobas,M. Exposito,M. Exposito,BD,1,10,BD13,"H,1,10,H13","11,1,76","RUSH:1,H14, TACK:48",Z. Edwards rush for 1 yard to the BD14 (N. Knoblauch).,"H,2,9,H14",rush,NA,NA,0,NA,0,6,6,11,H,BD,"DOWNS,2,01:20,14","PUNT,2,00:20,13",3,-1,1:00,DOWNS,2,01:20,BD14,PUNT,2,00:20,BD13,NA
2021_11_FG_BD,FG,BD,Frankfurt Galaxy,Barcelona Dragons,8/28/2021,Reus,Estadio municipal,19:00,22:03,Y,Y,3:03,1386,35,No,Mostly cloudy,R. Miras,D. Clemence,M. Burzek,M. Szczepanski,A. Valverde,J. Lanz,V. Cobas,M. Exposito,M. Exposito,BD,2,9,BD14,"H,2,9,H14","11,2,77","{DRIVE}:01:20 SPOT:H,H14,Y","BARCELONA DRAGONS drive start at 01:20, BD ball on BD14.","H,2,9,H14",NA,NA,01:20,0,NA,0,6,6,11,H,BD,"DOWNS,2,01:20,14","PUNT,2,00:20,13",3,-1,1:00,DOWNS,2,01:20,BD14,PUNT,2,00:20,BD13,NA
2021_11_FG_BD,FG,BD,Frankfurt Galaxy,Barcelona Dragons,8/28/2021,Reus,Estadio municipal,19:00,22:03,Y,Y,3:03,1386,35,No,Mostly cloudy,R. Miras,D. Clemence,M. Burzek,M. Szczepanski,A. Valverde,J. Lanz,V. Cobas,M. Exposito,M. Exposito,BD,2,9,BD14,"H,2,9,H14","11,3,78","PASS:1,S,TM,H07 SACK:90",Z. Edwards sacked for loss of 7 yards to the BD7 (M. Hor).,"H,3,16,H07",pass,NA,NA,0,NA,0,6,6,11,H,BD,"DOWNS,2,01:20,14","PUNT,2,00:20,13",3,-1,1:00,DOWNS,2,01:20,BD14,PUNT,2,00:20,BD13,NA
2021_11_FG_BD,FG,BD,Frankfurt Galaxy,Barcelona Dragons,8/28/2021,Reus,Estadio municipal,19:00,22:03,Y,Y,3:03,1386,35,No,Mostly cloudy,R. Miras,D. Clemence,M. Burzek,M. Szczepanski,A. Valverde,J. Lanz,V. Cobas,M. Exposito,M. Exposito,BD,3,16,BD07,"H,3,16,H07","11,4,79",TOUT:H T:00:36,"Timeout Barcelona Dragons, clock 00:36.","H,3,16,H07",NA,NA,00:36,0,NA,0,6,6,11,H,BD,"DOWNS,2,01:20,14","PUNT,2,00:20,13",3,-1,1:00,DOWNS,2,01:20,BD14,PUNT,2,00:20,BD13,NA
2021_11_FG_BD,FG,BD,Frankfurt Galaxy,Barcelona Dragons,8/28/2021,Reus,Estadio municipal,19:00,22:03,Y,Y,3:03,1386,35,No,Mostly cloudy,R. Miras,D. Clemence,M. Burzek,M. Szczepanski,A. Valverde,J. Lanz,V. Cobas,M. Exposito,M. Exposito,BD,3,16,BD07,"H,3,16,H07","11,5,80","PASS:1,C,80,H13 TACK:25",Z. Edwards pass complete to J. Torrededia for 6 yards to the BD13 (B. Barnes).,"H,4,10,H13",pass,NA,NA,0,NA,0,6,6,11,H,BD,"DOWNS,2,01:20,14","PUNT,2,00:20,13",3,-1,1:00,DOWNS,2,01:20,BD14,PUNT,2,00:20,BD13,NA
2021_11_FG_BD,FG,BD,Frankfurt Galaxy,Barcelona Dragons,8/28/2021,Reus,Estadio municipal,19:00,22:03,Y,Y,3:03,1386,35,No,Mostly cloudy,R. Miras,D. Clemence,M. Burzek,M. Szczepanski,A. Valverde,J. Lanz,V. Cobas,M. Exposito,M. Exposito,BD,4,10,BD13,"H,4,10,H13","11,6,81",TOUT:V T:00:30,"Timeout Frankfurt Galaxy, clock 00:30.","H,4,10,H13",NA,NA,00:30,0,NA,0,6,6,11,H,BD,"DOWNS,2,01:20,14","PUNT,2,00:20,13",3,-1,1:00,DOWNS,2,01:20,BD14,PUNT,2,00:20,BD13,NA
2021_11_FG_BD,FG,BD,Frankfurt Galaxy,Barcelona Dragons,8/28/2021,Reus,Estadio municipal,19:00,22:03,Y,Y,3:03,1386,35,No,Mostly cloudy,R. Miras,D. Clemence,M. Burzek,M. Szczepanski,A. Valverde,J. Lanz,V. Cobas,M. Exposito,M. Exposito,BD,4,10,BD13,"H,4,10,H13","11,7,82","PUNT:18,H47",C. Manser punt 34 yards to the BD47.,"V,1,10,H47",punt,NA,NA,0,NA,0,6,6,11,H,BD,"DOWNS,2,01:20,14","PUNT,2,00:20,13",3,-1,1:00,DOWNS,2,01:20,BD14,PUNT,2,00:20,BD13,NA
2021_11_FG_BD,FG,BD,Frankfurt Galaxy,Barcelona Dragons,8/28/2021,Reus,Estadio municipal,19:00,22:03,Y,Y,3:03,1386,35,No,Mostly cloudy,R. Miras,D. Clemence,M. Burzek,M. Szczepanski,A. Valverde,J. Lanz,V. Cobas,M. Exposito,M. Exposito,FG,1,10,BD47,"V,1,10,H47","12,1,83",{DRIVE}:00:20,FRANKFURT GALAXY drive start at 00:20.,"V,1,10,H47",NA,NA,00:20,0,NA,0,6,6,12,V,FG,"PUNT,2,00:20,53","INT,2,00:02,67",3,14,0:18,PUNT,2,00:20,BD47,INT,2,00:02,BD33,NA
2021_11_FG_BD,FG,BD,Frankfurt Galaxy,Barcelona Dragons,8/28/2021,Reus,Estadio municipal,19:00,22:03,Y,Y,3:03,1386,35,No,Mostly cloudy,R. Miras,D. Clemence,M. Burzek,M. Szczepanski,A. Valverde,J. Lanz,V. Cobas,M. Exposito,M. Exposito,FG,1,10,BD47,"V,1,10,H47","12,2,84","PASS:7,I,86,*",J. Sullivan pass incomplete to L. Regler.,"V,2,10,H47",pass,NA,NA,0,NA,0,6,6,12,V,FG,"PUNT,2,00:20,53","INT,2,00:02,67",3,14,0:18,PUNT,2,00:20,BD47,INT,2,00:02,BD33,NA
2021_11_FG_BD,FG,BD,Frankfurt Galaxy,Barcelona Dragons,8/28/2021,Reus,Estadio municipal,19:00,22:03,Y,Y,3:03,1386,35,No,Mostly cloudy,R. Miras,D. Clemence,M. Burzek,M. Szczepanski,A. Valverde,J. Lanz,V. Cobas,M. Exposito,M. Exposito,FG,2,10,BD47,"V,2,10,H47","12,3,85","PASS:7,C,19,H33 TACK:22","J. Sullivan pass complete to N. Strahmann for 14 yards to the BD33, 1ST DOWN FG (L. Frecha).","V,1,10,H33",pass,NA,NA,0,pass,0,6,6,12,V,FG,"PUNT,2,00:20,53","INT,2,00:02,67",3,14,0:18,PUNT,2,00:20,BD47,INT,2,00:02,BD33,NA
2021_11_FG_BD,FG,BD,Frankfurt Galaxy,Barcelona Dragons,8/28/2021,Reus,Estadio municipal,19:00,22:03,Y,Y,3:03,1386,35,No,Mostly cloudy,R. Miras,D. Clemence,M. Burzek,M. Szczepanski,A. Valverde,J. Lanz,V. Cobas,M. Exposito,M. Exposito,FG,1,10,BD33,"V,1,10,H33","12,4,86","PASS:7,X,25,H00 RET:25,H08 TACK:11","J. Sullivan pass intercepted by N. Lester at the BD0, N. Lester return 8 yards to the BD8 (A. Mahoungou).","H,1,10,H08",pass,I,NA,0,NA,0,6,6,12,V,FG,"PUNT,2,00:20,53","INT,2,00:02,67",3,14,0:18,PUNT,2,00:20,BD47,INT,2,00:02,BD33,NA
2021_11_FG_BD,FG,BD,Frankfurt Galaxy,Barcelona Dragons,8/28/2021,Reus,Estadio municipal,19:00,22:03,Y,Y,3:03,1386,35,No,Mostly cloudy,R. Miras,D. Clemence,M. Burzek,M. Szczepanski,A. Valverde,J. Lanz,V. Cobas,M. Exposito,M. Exposito,BD,1,10,BD08,"H,1,10,H08","13,1,87",{DRIVE}:00:02,BARCELONA DRAGONS drive start at 00:02.,"H,1,10,H08",NA,NA,00:02,0,NA,0,6,6,13,H,BD,"INT,2,00:02,8","HALF,2,00:00,8",0,0,0:02,INT,2,00:02,BD08,HALF,2,00:00,BD08,NA
2021_11_FG_BD,FG,BD,Frankfurt Galaxy,Barcelona Dragons,8/28/2021,Reus,Estadio municipal,19:00,22:03,Y,Y,3:03,1386,35,No,Mostly cloudy,R. Miras,D. Clemence,M. Burzek,M. Szczepanski,A. Valverde,J. Lanz,V. Cobas,M. Exposito,M. Exposito,BD,1,10,BD08,"H,1,10,H08","13,2,88",HALF: T:00:00,"End of half, clock 00:00.","H,1,10,H08",NA,NA,00:00,0,NA,0,6,6,13,H,BD,"INT,2,00:02,8","HALF,2,00:00,8",0,0,0:02,INT,2,00:02,BD08,HALF,2,00:00,BD08,NA
2021_11_FG_BD,FG,BD,Frankfurt Galaxy,Barcelona Dragons,8/28/2021,Reus,Estadio municipal,19:00,22:03,Y,Y,3:03,1386,35,No,Mostly cloudy,R. Miras,D. Clemence,M. Burzek,M. Szczepanski,A. Valverde,J. Lanz,V. Cobas,M. Exposito,M. Exposito,BD,1,10,BD08,"H,1,10,H08","13,3,89","Q:3 T:15:00 SPOT:H,H35,N","Start of 3rd quarter, clock 15:00, BD ball on BD35.","H,1,10,H35",NA,NA,15:00,0,NA,0,6,6,13,H,BD,"INT,2,00:02,8","HALF,2,00:00,8",0,0,0:02,INT,2,00:02,BD08,HALF,2,00:00,BD08,NA
2021_11_FG_BD,FG,BD,Frankfurt Galaxy,Barcelona Dragons,8/28/2021,Reus,Estadio municipal,19:00,22:03,Y,Y,3:03,1386,35,No,Mostly cloudy,R. Miras,D. Clemence,M. Burzek,M. Szczepanski,A. Valverde,J. Lanz,V. Cobas,M. Exposito,M. Exposito,BD,1,10,BD35,"H,1,10,H35","13,4,90","KO:8,V00 RET:11,V16 TACK:24","G. Tavecchio kickoff 65 yards to the FG0, A. Mahoungou return 16 yards to the FG16 (J. Castanon).","V,1,10,V16",kick_off,NA,NA,0,NA,0,6,6,13,H,BD,"INT,2,00:02,8","HALF,2,00:00,8",0,0,0:02,INT,2,00:02,BD08,HALF,2,00:00,BD08,NA
2021_11_FG_BD,FG,BD,Frankfurt Galaxy,Barcelona Dragons,8/28/2021,Reus,Estadio municipal,19:00,22:03,Y,Y,3:03,1386,35,No,Mostly cloudy,R. Miras,D. Clemence,M. Burzek,M. Szczepanski,A. Valverde,J. Lanz,V. Cobas,M. Exposito,M. Exposito,FG,1,10,FG16,"V,1,10,V16","14,1,91",{DRIVE}:14:53,FRANKFURT GALAXY drive start at 14:53.,"V,1,10,V16",NA,NA,14:53,0,NA,0,6,6,14,V,FG,"KO,3,14:53,16","INT,3,12:20,39",5,23,2:33,KO,3,14:53,FG16,INT,3,12:20,FG39,NA
2021_11_FG_BD,FG,BD,Frankfurt Galaxy,Barcelona Dragons,8/28/2021,Reus,Estadio municipal,19:00,22:03,Y,Y,3:03,1386,35,No,Mostly cloudy,R. Miras,D. Clemence,M. Burzek,M. Szczepanski,A. Valverde,J. Lanz,V. Cobas,M. Exposito,M. Exposito,FG,1,10,FG16,"V,1,10,V16","14,2,92","PASS:7,I,87,*",J. Sullivan pass incomplete to K. Mwamba.,"V,2,10,V16",pass,NA,NA,0,NA,0,6,6,14,V,FG,"KO,3,14:53,16","INT,3,12:20,39",5,23,2:33,KO,3,14:53,FG16,INT,3,12:20,FG39,NA
2021_11_FG_BD,FG,BD,Frankfurt Galaxy,Barcelona Dragons,8/28/2021,Reus,Estadio municipal,19:00,22:03,Y,Y,3:03,1386,35,No,Mostly cloudy,R. Miras,D. Clemence,M. Burzek,M. Szczepanski,A. Valverde,J. Lanz,V. Cobas,M. Exposito,M. Exposito,FG,2,10,FG16,"V,2,10,V16","14,3,93","RUSH:21,V27, TACK:7,45","G. Adams rush for 11 yards to the FG27, 1ST DOWN FG (M. Tavarres;A. Posito).","V,1,10,V27",rush,NA,NA,0,rush,0,6,6,14,V,FG,"KO,3,14:53,16","INT,3,12:20,39",5,23,2:33,KO,3,14:53,FG16,INT,3,12:20,FG39,NA
2021_11_FG_BD,FG,BD,Frankfurt Galaxy,Barcelona Dragons,8/28/2021,Reus,Estadio municipal,19:00,22:03,Y,Y,3:03,1386,35,No,Mostly cloudy,R. Miras,D. Clemence,M. Burzek,M. Szczepanski,A. Valverde,J. Lanz,V. Cobas,M. Exposito,M. Exposito,FG,1,10,FG27,"V,1,10,V27","14,4,94","RUSH:21,V29, TACK:40",G. Adams rush for 2 yards to the FG29 (40).,"V,2,8,V29",rush,NA,NA,0,NA,0,6,6,14,V,FG,"KO,3,14:53,16","INT,3,12:20,39",5,23,2:33,KO,3,14:53,FG16,INT,3,12:20,FG39,NA
2021_11_FG_BD,FG,BD,Frankfurt Galaxy,Barcelona Dragons,8/28/2021,Reus,Estadio municipal,19:00,22:03,Y,Y,3:03,1386,35,No,Mostly cloudy,R. Miras,D. Clemence,M. Burzek,M. Szczepanski,A. Valverde,J. Lanz,V. Cobas,M. Exposito,M. Exposito,FG,2,8,FG29,"V,2,8,V29","14,5,95","PASS:7,C,11,V39 TACK:11,33","J. Sullivan pass complete to A. Mahoungou for 10 yards to the FG39, 1ST DOWN FG (B. Brooks;T. Debiez).","V,1,10,V39",pass,NA,NA,0,pass,0,6,6,14,V,FG,"KO,3,14:53,16","INT,3,12:20,39",5,23,2:33,KO,3,14:53,FG16,INT,3,12:20,FG39,NA
2021_11_FG_BD,FG,BD,Frankfurt Galaxy,Barcelona Dragons,8/28/2021,Reus,Estadio municipal,19:00,22:03,Y,Y,3:03,1386,35,No,Mostly cloudy,R. Miras,D. Clemence,M. Burzek,M. Szczepanski,A. Valverde,J. Lanz,V. Cobas,M. Exposito,M. Exposito,FG,1,10,FG39,"V,1,10,V39","14,6,96","PASS:7,X,27,H43 RET:27,H43 OB: PEN:H,RP,A,7,H47,1 D:1,10 SPOT:V,H47,Y","J. Sullivan pass intercepted by A. Vera at the BD43, A. Vera return 0 yards to the BD43, out-of-bounds, PENALTY BD roughing passer (M. Tavarres) 4 yards to the BD47, 1ST DOWN BD, 1st and 10, FG ball on BD47.","V,1,10,H47",pass,I,NA,1,penalty,0,6,6,14,V,FG,"KO,3,14:53,16","INT,3,12:20,39",5,23,2:33,KO,3,14:53,FG16,INT,3,12:20,FG39,NA
2021_11_FG_BD,FG,BD,Frankfurt Galaxy,Barcelona Dragons,8/28/2021,Reus,Estadio municipal,19:00,22:03,Y,Y,3:03,1386,35,No,Mostly cloudy,R. Miras,D. Clemence,M. Burzek,M. Szczepanski,A. Valverde,J. Lanz,V. Cobas,M. Exposito,M. Exposito,FG,1,10,BD47,"V,1,10,H47","15,1,97",{DRIVE}:12:20,FRANKFURT GALAXY drive start at 12:20.,"V,1,10,H47",NA,NA,12:20,0,NA,0,6,6,15,V,FG,"INT,3,12:20,53","PUNT,3,11:52,56",3,3,0:28,INT,3,12:20,BD47,PUNT,3,11:52,BD44,NA
2021_11_FG_BD,FG,BD,Frankfurt Galaxy,Barcelona Dragons,8/28/2021,Reus,Estadio municipal,19:00,22:03,Y,Y,3:03,1386,35,No,Mostly cloudy,R. Miras,D. Clemence,M. Burzek,M. Szczepanski,A. Valverde,J. Lanz,V. Cobas,M. Exposito,M. Exposito,FG,1,10,BD47,"V,1,10,H47","15,2,98","PASS:7,C,13,H44 OB: TACK:25","J. Sullivan pass complete to M. Rutsch for 3 yards to the BD44, out-of-bounds (N. Lester).","V,2,7,H44",pass,NA,NA,1,NA,0,6,6,15,V,FG,"INT,3,12:20,53","PUNT,3,11:52,56",3,3,0:28,INT,3,12:20,BD47,PUNT,3,11:52,BD44,NA
2021_11_FG_BD,FG,BD,Frankfurt Galaxy,Barcelona Dragons,8/28/2021,Reus,Estadio municipal,19:00,22:03,Y,Y,3:03,1386,35,No,Mostly cloudy,R. Miras,D. Clemence,M. Burzek,M. Szczepanski,A. Valverde,J. Lanz,V. Cobas,M. Exposito,M. Exposito,FG,2,7,BD44,"V,2,7,H44","15,3,99","PASS:7,I,86,*",J. Sullivan pass incomplete to L. Regler.,"V,3,7,H44",pass,NA,NA,0,NA,0,6,6,15,V,FG,"INT,3,12:20,53","PUNT,3,11:52,56",3,3,0:28,INT,3,12:20,BD47,PUNT,3,11:52,BD44,NA
2021_11_FG_BD,FG,BD,Frankfurt Galaxy,Barcelona Dragons,8/28/2021,Reus,Estadio municipal,19:00,22:03,Y,Y,3:03,1386,35,No,Mostly cloudy,R. Miras,D. Clemence,M. Burzek,M. Szczepanski,A. Valverde,J. Lanz,V. Cobas,M. Exposito,M. Exposito,FG,3,7,BD44,"V,3,7,H44","15,4,100","PASS:7,I,11,* BRUP:11",J. Sullivan pass incomplete to A. Mahoungou (B. Brooks).,"V,4,7,H44",pass,NA,NA,0,NA,0,6,6,15,V,FG,"INT,3,12:20,53","PUNT,3,11:52,56",3,3,0:28,INT,3,12:20,BD47,PUNT,3,11:52,BD44,NA
2021_11_FG_BD,FG,BD,Frankfurt Galaxy,Barcelona Dragons,8/28/2021,Reus,Estadio municipal,19:00,22:03,Y,Y,3:03,1386,35,No,Mostly cloudy,R. Miras,D. Clemence,M. Burzek,M. Szczepanski,A. Valverde,J. Lanz,V. Cobas,M. Exposito,M. Exposito,FG,4,7,BD44,"V,4,7,H44","15,5,101","PUNT:18,H05 RET:5,H16 TACK:44,91 PEN:V,TR,A,94,H31,1 D:1,10 SPOT:H,H31,Y","F. Lowery punt 39 yards to the BD5, J. Constant return 11 yards to the BD16 (M. Gorelik;91), PENALTY FG tripping (C. Udegbe) 15 yards to the BD31, 1ST DOWN BD, 1st and 10, BD ball on BD31.","H,1,10,H31",punt,NA,NA,0,penalty,0,6,6,15,V,FG,"INT,3,12:20,53","PUNT,3,11:52,56",3,3,0:28,INT,3,12:20,BD47,PUNT,3,11:52,BD44,NA
2021_11_FG_BD,FG,BD,Frankfurt Galaxy,Barcelona Dragons,8/28/2021,Reus,Estadio municipal,19:00,22:03,Y,Y,3:03,1386,35,No,Mostly cloudy,R. Miras,D. Clemence,M. Burzek,M. Szczepanski,A. Valverde,J. Lanz,V. Cobas,M. Exposito,M. Exposito,BD,1,10,BD31,"H,1,10,H31","16,1,102",{DRIVE}:11:52,BARCELONA DRAGONS drive start at 11:52.,"H,1,10,H31",NA,NA,11:52,0,NA,0,6,6,16,H,BD,"PUNT,3,11:52,31","PUNT,3,09:24,43",4,12,2:28,PUNT,3,11:52,BD31,PUNT,3,09:24,BD43,NA
2021_11_FG_BD,FG,BD,Frankfurt Galaxy,Barcelona Dragons,8/28/2021,Reus,Estadio municipal,19:00,22:03,Y,Y,3:03,1386,35,No,Mostly cloudy,R. Miras,D. Clemence,M. Burzek,M. Szczepanski,A. Valverde,J. Lanz,V. Cobas,M. Exposito,M. Exposito,BD,1,10,BD31,"H,1,10,H31","16,2,103","PASS:1,C,13,H48 OB: TACK:25","Z. Edwards pass complete to S. Anca for 17 yards to the BD48, 1ST DOWN BD, out-of-bounds (B. Barnes).","H,1,10,H48",pass,NA,NA,1,pass,0,6,6,16,H,BD,"PUNT,3,11:52,31","PUNT,3,09:24,43",4,12,2:28,PUNT,3,11:52,BD31,PUNT,3,09:24,BD43,NA
2021_11_FG_BD,FG,BD,Frankfurt Galaxy,Barcelona Dragons,8/28/2021,Reus,Estadio municipal,19:00,22:03,Y,Y,3:03,1386,35,No,Mostly cloudy,R. Miras,D. Clemence,M. Burzek,M. Szczepanski,A. Valverde,J. Lanz,V. Cobas,M. Exposito,M. Exposito,BD,1,10,BD48,"H,1,10,H48","16,3,104","PASS:1,I,21,*",Z. Edwards pass incomplete to A. Monton.,"H,2,10,H48",pass,NA,NA,0,NA,0,6,6,16,H,BD,"PUNT,3,11:52,31","PUNT,3,09:24,43",4,12,2:28,PUNT,3,11:52,BD31,PUNT,3,09:24,BD43,NA
2021_11_FG_BD,FG,BD,Frankfurt Galaxy,Barcelona Dragons,8/28/2021,Reus,Estadio municipal,19:00,22:03,Y,Y,3:03,1386,35,No,Mostly cloudy,R. Miras,D. Clemence,M. Burzek,M. Szczepanski,A. Valverde,J. Lanz,V. Cobas,M. Exposito,M. Exposito,BD,2,10,BD48,"H,2,10,H48","16,4,105","PASS:1,S,TM,H47 SACK:55",Z. Edwards sacked for loss of 1 yard to the BD47 (V. Valasti).,"H,3,11,H47",pass,NA,NA,0,NA,0,6,6,16,H,BD,"PUNT,3,11:52,31","PUNT,3,09:24,43",4,12,2:28,PUNT,3,11:52,BD31,PUNT,3,09:24,BD43,NA
2021_11_FG_BD,FG,BD,Frankfurt Galaxy,Barcelona Dragons,8/28/2021,Reus,Estadio municipal,19:00,22:03,Y,Y,3:03,1386,35,No,Mostly cloudy,R. Miras,D. Clemence,M. Burzek,M. Szczepanski,A. Valverde,J. Lanz,V. Cobas,M. Exposito,M. Exposito,BD,3,11,BD47,"H,3,11,H47","16,5,106","PASS:1,C,4,H43 TACK:41",Z. Edwards pass complete to R. Bertellin for loss of 4 yards to the BD43 (S. Gauthier).,"H,4,15,H43",pass,NA,NA,0,NA,0,6,6,16,H,BD,"PUNT,3,11:52,31","PUNT,3,09:24,43",4,12,2:28,PUNT,3,11:52,BD31,PUNT,3,09:24,BD43,NA
2021_11_FG_BD,FG,BD,Frankfurt Galaxy,Barcelona Dragons,8/28/2021,Reus,Estadio municipal,19:00,22:03,Y,Y,3:03,1386,35,No,Mostly cloudy,R. Miras,D. Clemence,M. Burzek,M. Szczepanski,A. Valverde,J. Lanz,V. Cobas,M. Exposito,M. Exposito,BD,4,15,BD43,"H,4,15,H43","16,6,107","PUNT:18,V19 RET:10,V45 TACK:45,33","C. Manser punt 38 yards to the FG19, O. Williams return 26 yards to the FG45 (A. Posito;T. Debiez).","V,1,10,V45",punt,NA,NA,0,NA,0,6,6,16,H,BD,"PUNT,3,11:52,31","PUNT,3,09:24,43",4,12,2:28,PUNT,3,11:52,BD31,PUNT,3,09:24,BD43,NA
2021_11_FG_BD,FG,BD,Frankfurt Galaxy,Barcelona Dragons,8/28/2021,Reus,Estadio municipal,19:00,22:03,Y,Y,3:03,1386,35,No,Mostly cloudy,R. Miras,D. Clemence,M. Burzek,M. Szczepanski,A. Valverde,J. Lanz,V. Cobas,M. Exposito,M. Exposito,FG,1,10,FG45,"V,1,10,V45","17,1,108",{DRIVE}:09:24,FRANKFURT GALAXY drive start at 09:24.,"V,1,10,V45",NA,NA,09:24,0,NA,0,6,6,17,V,FG,"PUNT,3,09:24,45","TD,3,05:48,100",7,55,3:36,PUNT,3,09:24,FG45,TD,3,05:48,BD00,1
2021_11_FG_BD,FG,BD,Frankfurt Galaxy,Barcelona Dragons,8/28/2021,Reus,Estadio municipal,19:00,22:03,Y,Y,3:03,1386,35,No,Mostly cloudy,R. Miras,D. Clemence,M. Burzek,M. Szczepanski,A. Valverde,J. Lanz,V. Cobas,M. Exposito,M. Exposito,FG,1,10,FG45,"V,1,10,V45","17,2,109","PASS:7,C,87,H43 TACK:7","J. Sullivan pass complete to K. Mwamba for 12 yards to the BD43, 1ST DOWN FG (M. Tavarres).","V,1,10,H43",pass,NA,NA,0,pass,0,6,6,17,V,FG,"PUNT,3,09:24,45","TD,3,05:48,100",7,55,3:36,PUNT,3,09:24,FG45,TD,3,05:48,BD00,1
2021_11_FG_BD,FG,BD,Frankfurt Galaxy,Barcelona Dragons,8/28/2021,Reus,Estadio municipal,19:00,22:03,Y,Y,3:03,1386,35,No,Mostly cloudy,R. Miras,D. Clemence,M. Burzek,M. Szczepanski,A. Valverde,J. Lanz,V. Cobas,M. Exposito,M. Exposito,FG,1,10,BD43,"V,1,10,H43","17,3,110","RUSH:21,H42, TACK:49,7",G. Adams rush for 1 yard to the BD42 (S. Castaner;M. Tavarres).,"V,2,9,H42",rush,NA,NA,0,NA,0,6,6,17,V,FG,"PUNT,3,09:24,45","TD,3,05:48,100",7,55,3:36,PUNT,3,09:24,FG45,TD,3,05:48,BD00,1
2021_11_FG_BD,FG,BD,Frankfurt Galaxy,Barcelona Dragons,8/28/2021,Reus,Estadio municipal,19:00,22:03,Y,Y,3:03,1386,35,No,Mostly cloudy,R. Miras,D. Clemence,M. Burzek,M. Szczepanski,A. Valverde,J. Lanz,V. Cobas,M. Exposito,M. Exposito,FG,2,9,BD42,"V,2,9,H42","17,4,111","RUSH:21,H31, TACK:11,2","G. Adams rush for 11 yards to the BD31, 1ST DOWN FG (B. Brooks;G. Prati).","V,1,10,H31",rush,NA,NA,0,rush,0,6,6,17,V,FG,"PUNT,3,09:24,45","TD,3,05:48,100",7,55,3:36,PUNT,3,09:24,FG45,TD,3,05:48,BD00,1
2021_11_FG_BD,FG,BD,Frankfurt Galaxy,Barcelona Dragons,8/28/2021,Reus,Estadio municipal,19:00,22:03,Y,Y,3:03,1386,35,No,Mostly cloudy,R. Miras,D. Clemence,M. Burzek,M. Szczepanski,A. Valverde,J. Lanz,V. Cobas,M. Exposito,M. Exposito,FG,1,10,BD31,"V,1,10,H31","17,5,112","RUSH:21,H26, TACK:90,7",G. Adams rush for 5 yards to the BD26 (A. Fernandez;M. Tavarres).,"V,2,5,H26",rush,NA,NA,0,NA,0,6,6,17,V,FG,"PUNT,3,09:24,45","TD,3,05:48,100",7,55,3:36,PUNT,3,09:24,FG45,TD,3,05:48,BD00,1
2021_11_FG_BD,FG,BD,Frankfurt Galaxy,Barcelona Dragons,8/28/2021,Reus,Estadio municipal,19:00,22:03,Y,Y,3:03,1386,35,No,Mostly cloudy,R. Miras,D. Clemence,M. Burzek,M. Szczepanski,A. Valverde,J. Lanz,V. Cobas,M. Exposito,M. Exposito,FG,2,5,BD26,"V,2,5,H26","17,6,113","PEN:V,UC,O PEN:H,UC,O NOPLAY:","PENALTY FG unsportsmanlike conduct off-setting, PENALTY BD unsportsmanlike conduct off-setting, NO PLAY.","V,2,5,H26",penalty,NA,NA,0,NA,0,6,6,17,V,FG,"PUNT,3,09:24,45","TD,3,05:48,100",7,55,3:36,PUNT,3,09:24,FG45,TD,3,05:48,BD00,1
2021_11_FG_BD,FG,BD,Frankfurt Galaxy,Barcelona Dragons,8/28/2021,Reus,Estadio municipal,19:00,22:03,Y,Y,3:03,1386,35,No,Mostly cloudy,R. Miras,D. Clemence,M. Burzek,M. Szczepanski,A. Valverde,J. Lanz,V. Cobas,M. Exposito,M. Exposito,FG,2,5,BD26,"V,2,5,H26","17,7,114","PASS:7,C,86,H12 TACK:27","J. Sullivan pass complete to L. Regler for 14 yards to the BD12, 1ST DOWN FG (A. Vera).","V,1,10,H12",pass,NA,NA,0,pass,0,6,6,17,V,FG,"PUNT,3,09:24,45","TD,3,05:48,100",7,55,3:36,PUNT,3,09:24,FG45,TD,3,05:48,BD00,1
2021_11_FG_BD,FG,BD,Frankfurt Galaxy,Barcelona Dragons,8/28/2021,Reus,Estadio municipal,19:00,22:03,Y,Y,3:03,1386,35,No,Mostly cloudy,R. Miras,D. Clemence,M. Burzek,M. Szczepanski,A. Valverde,J. Lanz,V. Cobas,M. Exposito,M. Exposito,FG,1,10,BD12,"V,1,10,H12","17,8,115","RUSH:21,H05, TACK:7",G. Adams rush for 7 yards to the BD5 (M. Tavarres).,"V,2,3,H05",rush,NA,NA,0,NA,0,6,6,17,V,FG,"PUNT,3,09:24,45","TD,3,05:48,100",7,55,3:36,PUNT,3,09:24,FG45,TD,3,05:48,BD00,1
2021_11_FG_BD,FG,BD,Frankfurt Galaxy,Barcelona Dragons,8/28/2021,Reus,Estadio municipal,19:00,22:03,Y,Y,3:03,1386,35,No,Mostly cloudy,R. Miras,D. Clemence,M. Burzek,M. Szczepanski,A. Valverde,J. Lanz,V. Cobas,M. Exposito,M. Exposito,FG,2,3,BD05,"V,2,3,H05","17,9,116","PASS:7,C,82,H00 T:05:48","J. Sullivan pass complete to H. Schwarz for 5 yards to the BD0, 1ST DOWN FG, TOUCHDOWN, clock 05:48.","V,1,0,H03",pass,NA,05:48,0,pass,1,12,6,17,V,FG,"PUNT,3,09:24,45","TD,3,05:48,100",7,55,3:36,PUNT,3,09:24,FG45,TD,3,05:48,BD00,1
2021_11_FG_BD,FG,BD,Frankfurt Galaxy,Barcelona Dragons,8/28/2021,Reus,Estadio municipal,19:00,22:03,Y,Y,3:03,1386,35,No,Mostly cloudy,R. Miras,D. Clemence,M. Burzek,M. Szczepanski,A. Valverde,J. Lanz,V. Cobas,M. Exposito,M. Exposito,FG,1,0,BD03,"V,1,0,H03","17,10,117","PAT:P,7/11,G",J. Sullivan pass attempt to A. Mahoungou good.,"V,1,0,V35",pat,NA,NA,0,NA,1,14,6,17,V,FG,"PUNT,3,09:24,45","TD,3,05:48,100",7,55,3:36,PUNT,3,09:24,FG45,TD,3,05:48,BD00,1
2021_11_FG_BD,FG,BD,Frankfurt Galaxy,Barcelona Dragons,8/28/2021,Reus,Estadio municipal,19:00,22:03,Y,Y,3:03,1386,35,No,Mostly cloudy,R. Miras,D. Clemence,M. Burzek,M. Szczepanski,A. Valverde,J. Lanz,V. Cobas,M. Exposito,M. Exposito,FG,1,0,FG35,"V,1,0,V35","17,11,118","KO:19,H06 RET:5,H38 TACK:57,53","N. Strahmann kickoff 59 yards to the BD6, J. Constant return 32 yards to the BD38 (M. Krauss;D. Josiah).","H,1,10,H38",kick_off,NA,NA,0,NA,0,14,6,17,V,FG,"PUNT,3,09:24,45","TD,3,05:48,100",7,55,3:36,PUNT,3,09:24,FG45,TD,3,05:48,BD00,1
2021_11_FG_BD,FG,BD,Frankfurt Galaxy,Barcelona Dragons,8/28/2021,Reus,Estadio municipal,19:00,22:03,Y,Y,3:03,1386,35,No,Mostly cloudy,R. Miras,D. Clemence,M. Burzek,M. Szczepanski,A. Valverde,J. Lanz,V. Cobas,M. Exposito,M. Exposito,BD,1,10,BD38,"H,1,10,H38","18,1,119",{DRIVE}:05:30,BARCELONA DRAGONS drive start at 05:30.,"H,1,10,H38",NA,NA,05:30,0,NA,0,14,6,18,H,BD,"KO,3,05:30,38","PUNT,3,04:09,41",3,3,1:21,KO,3,05:30,BD38,PUNT,3,04:09,BD41,NA
2021_11_FG_BD,FG,BD,Frankfurt Galaxy,Barcelona Dragons,8/28/2021,Reus,Estadio municipal,19:00,22:03,Y,Y,3:03,1386,35,No,Mostly cloudy,R. Miras,D. Clemence,M. Burzek,M. Szczepanski,A. Valverde,J. Lanz,V. Cobas,M. Exposito,M. Exposito,BD,1,10,BD38,"H,1,10,H38","18,2,120","PASS:1,C,4,H42 TACK:18",Z. Edwards pass complete to R. Bertellin for 4 yards to the BD42 (F. Lowery).,"H,2,6,H42",pass,NA,NA,0,NA,0,14,6,18,H,BD,"KO,3,05:30,38","PUNT,3,04:09,41",3,3,1:21,KO,3,05:30,BD38,PUNT,3,04:09,BD41,NA
2021_11_FG_BD,FG,BD,Frankfurt Galaxy,Barcelona Dragons,8/28/2021,Reus,Estadio municipal,19:00,22:03,Y,Y,3:03,1386,35,No,Mostly cloudy,R. Miras,D. Clemence,M. Burzek,M. Szczepanski,A. Valverde,J. Lanz,V. Cobas,M. Exposito,M. Exposito,BD,2,6,BD42,"H,2,6,H42","18,3,121","RUSH:3,H41, TACK:56",A. Jimenez rush for loss of 1 yard to the BD41 (S. Silva Gomez).,"H,3,7,H41",rush,NA,NA,0,NA,0,14,6,18,H,BD,"KO,3,05:30,38","PUNT,3,04:09,41",3,3,1:21,KO,3,05:30,BD38,PUNT,3,04:09,BD41,NA
2021_11_FG_BD,FG,BD,Frankfurt Galaxy,Barcelona Dragons,8/28/2021,Reus,Estadio municipal,19:00,22:03,Y,Y,3:03,1386,35,No,Mostly cloudy,R. Miras,D. Clemence,M. Burzek,M. Szczepanski,A. Valverde,J. Lanz,V. Cobas,M. Exposito,M. Exposito,BD,3,7,BD41,"H,3,7,H41","18,4,122","PASS:1,I,13,* BRUP:14",Z. Edwards pass incomplete to S. Anca (J. Poznanski).,"H,4,7,H41",pass,NA,NA,0,NA,0,14,6,18,H,BD,"KO,3,05:30,38","PUNT,3,04:09,41",3,3,1:21,KO,3,05:30,BD38,PUNT,3,04:09,BD41,NA
2021_11_FG_BD,FG,BD,Frankfurt Galaxy,Barcelona Dragons,8/28/2021,Reus,Estadio municipal,19:00,22:03,Y,Y,3:03,1386,35,No,Mostly cloudy,R. Miras,D. Clemence,M. Burzek,M. Szczepanski,A. Valverde,J. Lanz,V. Cobas,M. Exposito,M. Exposito,BD,4,7,BD41,"H,4,7,H41","18,5,123","PUNT:18,V36",C. Manser punt 23 yards to the FG36.,"V,1,10,V36",punt,NA,NA,0,NA,0,14,6,18,H,BD,"KO,3,05:30,38","PUNT,3,04:09,41",3,3,1:21,KO,3,05:30,BD38,PUNT,3,04:09,BD41,NA
2021_11_FG_BD,FG,BD,Frankfurt Galaxy,Barcelona Dragons,8/28/2021,Reus,Estadio municipal,19:00,22:03,Y,Y,3:03,1386,35,No,Mostly cloudy,R. Miras,D. Clemence,M. Burzek,M. Szczepanski,A. Valverde,J. Lanz,V. Cobas,M. Exposito,M. Exposito,FG,1,10,FG36,"V,1,10,V36","19,1,124",{DRIVE}:04:09,FRANKFURT GALAXY drive start at 04:09.,"V,1,10,V36",NA,NA,04:09,0,NA,0,14,6,19,V,FG,"PUNT,3,04:09,36","TD,3,00:11,100",8,64,3:58,PUNT,3,04:09,FG36,TD,3,00:11,BD00,NA
2021_11_FG_BD,FG,BD,Frankfurt Galaxy,Barcelona Dragons,8/28/2021,Reus,Estadio municipal,19:00,22:03,Y,Y,3:03,1386,35,No,Mostly cloudy,R. Miras,D. Clemence,M. Burzek,M. Szczepanski,A. Valverde,J. Lanz,V. Cobas,M. Exposito,M. Exposito,FG,1,10,FG36,"V,1,10,V36","19,2,125","RUSH:22,V41, TACK:7",G. Ameln rush for 5 yards to the FG41 (M. Tavarres).,"V,2,5,V41",rush,NA,NA,0,NA,0,14,6,19,V,FG,"PUNT,3,04:09,36","TD,3,00:11,100",8,64,3:58,PUNT,3,04:09,FG36,TD,3,00:11,BD00,NA
2021_11_FG_BD,FG,BD,Frankfurt Galaxy,Barcelona Dragons,8/28/2021,Reus,Estadio municipal,19:00,22:03,Y,Y,3:03,1386,35,No,Mostly cloudy,R. Miras,D. Clemence,M. Burzek,M. Szczepanski,A. Valverde,J. Lanz,V. Cobas,M. Exposito,M. Exposito,FG,2,5,FG41,"V,2,5,V41","19,3,126","PASS:7,C,87,H46 TACK:22","J. Sullivan pass complete to K. Mwamba for 13 yards to the BD46, 1ST DOWN FG (L. Frecha).","V,1,10,H46",pass,NA,NA,0,pass,0,14,6,19,V,FG,"PUNT,3,04:09,36","TD,3,00:11,100",8,64,3:58,PUNT,3,04:09,FG36,TD,3,00:11,BD00,NA
2021_11_FG_BD,FG,BD,Frankfurt Galaxy,Barcelona Dragons,8/28/2021,Reus,Estadio municipal,19:00,22:03,Y,Y,3:03,1386,35,No,Mostly cloudy,R. Miras,D. Clemence,M. Burzek,M. Szczepanski,A. Valverde,J. Lanz,V. Cobas,M. Exposito,M. Exposito,FG,1,10,BD46,"V,1,10,H46","19,4,127","PASS:7,C,11,H35 TACK:45","J. Sullivan pass complete to A. Mahoungou for 11 yards to the BD35, 1ST DOWN FG (A. Posito).","V,1,10,H35",pass,NA,NA,0,pass,0,14,6,19,V,FG,"PUNT,3,04:09,36","TD,3,00:11,100",8,64,3:58,PUNT,3,04:09,FG36,TD,3,00:11,BD00,NA
2021_11_FG_BD,FG,BD,Frankfurt Galaxy,Barcelona Dragons,8/28/2021,Reus,Estadio municipal,19:00,22:03,Y,Y,3:03,1386,35,No,Mostly cloudy,R. Miras,D. Clemence,M. Burzek,M. Szczepanski,A. Valverde,J. Lanz,V. Cobas,M. Exposito,M. Exposito,FG,1,10,BD35,"V,1,10,H35","19,5,128","RUSH:22,H35, TACK:7,2 PEN:V,HO,A,52,H45,N","G. Ameln rush for no gain to the BD35 (M. Tavarres;G. Prati), PENALTY FG holding (D. Minton) 10 yards to the BD45.","V,1,20,H45",rush,NA,NA,0,NA,0,14,6,19,V,FG,"PUNT,3,04:09,36","TD,3,00:11,100",8,64,3:58,PUNT,3,04:09,FG36,TD,3,00:11,BD00,NA
2021_11_FG_BD,FG,BD,Frankfurt Galaxy,Barcelona Dragons,8/28/2021,Reus,Estadio municipal,19:00,22:03,Y,Y,3:03,1386,35,No,Mostly cloudy,R. Miras,D. Clemence,M. Burzek,M. Szczepanski,A. Valverde,J. Lanz,V. Cobas,M. Exposito,M. Exposito,FG,1,20,BD45,"V,1,20,H45","19,6,129","D:1,20",1st and 20.,"V,1,20,H45",NA,NA,NA,0,NA,0,14,6,19,V,FG,"PUNT,3,04:09,36","TD,3,00:11,100",8,64,3:58,PUNT,3,04:09,FG36,TD,3,00:11,BD00,NA
2021_11_FG_BD,FG,BD,Frankfurt Galaxy,Barcelona Dragons,8/28/2021,Reus,Estadio municipal,19:00,22:03,Y,Y,3:03,1386,35,No,Mostly cloudy,R. Miras,D. Clemence,M. Burzek,M. Szczepanski,A. Valverde,J. Lanz,V. Cobas,M. Exposito,M. Exposito,FG,1,20,BD45,"V,1,20,H45","19,7,130","PASS:7,I,11,*",J. Sullivan pass incomplete to A. Mahoungou.,"V,2,20,H45",pass,NA,NA,0,NA,0,14,6,19,V,FG,"PUNT,3,04:09,36","TD,3,00:11,100",8,64,3:58,PUNT,3,04:09,FG36,TD,3,00:11,BD00,NA
2021_11_FG_BD,FG,BD,Frankfurt Galaxy,Barcelona Dragons,8/28/2021,Reus,Estadio municipal,19:00,22:03,Y,Y,3:03,1386,35,No,Mostly cloudy,R. Miras,D. Clemence,M. Burzek,M. Szczepanski,A. Valverde,J. Lanz,V. Cobas,M. Exposito,M. Exposito,FG,2,20,BD45,"V,2,20,H45","19,8,131","PASS:7,C,86,H32 TACK:11",J. Sullivan pass complete to L. Regler for 13 yards to the BD32 (B. Brooks).,"V,3,7,H32",pass,NA,NA,0,NA,0,14,6,19,V,FG,"PUNT,3,04:09,36","TD,3,00:11,100",8,64,3:58,PUNT,3,04:09,FG36,TD,3,00:11,BD00,NA
2021_11_FG_BD,FG,BD,Frankfurt Galaxy,Barcelona Dragons,8/28/2021,Reus,Estadio municipal,19:00,22:03,Y,Y,3:03,1386,35,No,Mostly cloudy,R. Miras,D. Clemence,M. Burzek,M. Szczepanski,A. Valverde,J. Lanz,V. Cobas,M. Exposito,M. Exposito,FG,3,7,BD32,"V,3,7,H32","19,9,132","PASS:7,C,11,H22 TACK:11","J. Sullivan pass complete to A. Mahoungou for 10 yards to the BD22, 1ST DOWN FG (B. Brooks).","V,1,10,H22",pass,NA,NA,0,pass,0,14,6,19,V,FG,"PUNT,3,04:09,36","TD,3,00:11,100",8,64,3:58,PUNT,3,04:09,FG36,TD,3,00:11,BD00,NA
2021_11_FG_BD,FG,BD,Frankfurt Galaxy,Barcelona Dragons,8/28/2021,Reus,Estadio municipal,19:00,22:03,Y,Y,3:03,1386,35,No,Mostly cloudy,R. Miras,D. Clemence,M. Burzek,M. Szczepanski,A. Valverde,J. Lanz,V. Cobas,M. Exposito,M. Exposito,FG,1,10,BD22,"V,1,10,H22","19,10,133","PASS:7,C,86,H00 T:00:11","J. Sullivan pass complete to L. Regler for 22 yards to the BD0, 1ST DOWN FG, TOUCHDOWN, clock 00:11.","V,1,0,H03",pass,NA,00:11,0,pass,1,20,6,19,V,FG,"PUNT,3,04:09,36","TD,3,00:11,100",8,64,3:58,PUNT,3,04:09,FG36,TD,3,00:11,BD00,NA
2021_11_FG_BD,FG,BD,Frankfurt Galaxy,Barcelona Dragons,8/28/2021,Reus,Estadio municipal,19:00,22:03,Y,Y,3:03,1386,35,No,Mostly cloudy,R. Miras,D. Clemence,M. Burzek,M. Szczepanski,A. Valverde,J. Lanz,V. Cobas,M. Exposito,M. Exposito,FG,1,0,BD03,"V,1,0,H03","19,11,134","PAT:R,7,G",J. Sullivan rush attempt good.,"V,1,0,V35",pat,NA,NA,0,NA,1,22,6,19,V,FG,"PUNT,3,04:09,36","TD,3,00:11,100",8,64,3:58,PUNT,3,04:09,FG36,TD,3,00:11,BD00,NA
2021_11_FG_BD,FG,BD,Frankfurt Galaxy,Barcelona Dragons,8/28/2021,Reus,Estadio municipal,19:00,22:03,Y,Y,3:03,1386,35,No,Mostly cloudy,R. Miras,D. Clemence,M. Burzek,M. Szczepanski,A. Valverde,J. Lanz,V. Cobas,M. Exposito,M. Exposito,FG,1,0,FG35,"V,1,0,V35","19,12,135","KO:19,H05 RET:5,H36 TACK:29,44","N. Strahmann kickoff 60 yards to the BD5, J. Constant return 31 yards to the BD36 (M. Riepe;M. Gorelik).","H,1,10,H36",kick_off,NA,NA,0,NA,0,22,6,19,V,FG,"PUNT,3,04:09,36","TD,3,00:11,100",8,64,3:58,PUNT,3,04:09,FG36,TD,3,00:11,BD00,NA
2021_11_FG_BD,FG,BD,Frankfurt Galaxy,Barcelona Dragons,8/28/2021,Reus,Estadio municipal,19:00,22:03,Y,Y,3:03,1386,35,No,Mostly cloudy,R. Miras,D. Clemence,M. Burzek,M. Szczepanski,A. Valverde,J. Lanz,V. Cobas,M. Exposito,M. Exposito,BD,1,10,BD36,"H,1,10,H36","20,1,136",{DRIVE}:00:03,BARCELONA DRAGONS drive start at 00:03.,"H,1,10,H36",NA,NA,00:03,0,NA,0,22,6,20,H,BD,"KO,3,00:03,36","TD,4,07:30,100",17,64,7:33,KO,3,00:03,BD36,TD,4,07:30,FG00,1
2021_11_FG_BD,FG,BD,Frankfurt Galaxy,Barcelona Dragons,8/28/2021,Reus,Estadio municipal,19:00,22:03,Y,Y,3:03,1386,35,No,Mostly cloudy,R. Miras,D. Clemence,M. Burzek,M. Szczepanski,A. Valverde,J. Lanz,V. Cobas,M. Exposito,M. Exposito,BD,1,10,BD36,"H,1,10,H36","20,2,137","PEN:H,HO,A,78,H26,N",PENALTY BD holding (A. Irigoite) 10 yards to the BD26.,"H,1,20,H26",penalty,NA,NA,0,NA,0,22,6,20,H,BD,"KO,3,00:03,36","TD,4,07:30,100",17,64,7:33,KO,3,00:03,BD36,TD,4,07:30,FG00,1
2021_11_FG_BD,FG,BD,Frankfurt Galaxy,Barcelona Dragons,8/28/2021,Reus,Estadio municipal,19:00,22:03,Y,Y,3:03,1386,35,No,Mostly cloudy,R. Miras,D. Clemence,M. Burzek,M. Szczepanski,A. Valverde,J. Lanz,V. Cobas,M. Exposito,M. Exposito,BD,1,20,BD26,"H,1,20,H26","20,3,138","PASS:1,C,13,H31 TACK:41",Z. Edwards pass complete to S. Anca for 5 yards to the BD31 (S. Gauthier).,"H,2,15,H31",pass,NA,NA,0,NA,0,22,6,20,H,BD,"KO,3,00:03,36","TD,4,07:30,100",17,64,7:33,KO,3,00:03,BD36,TD,4,07:30,FG00,1
2021_11_FG_BD,FG,BD,Frankfurt Galaxy,Barcelona Dragons,8/28/2021,Reus,Estadio municipal,19:00,22:03,Y,Y,3:03,1386,35,No,Mostly cloudy,R. Miras,D. Clemence,M. Burzek,M. Szczepanski,A. Valverde,J. Lanz,V. Cobas,M. Exposito,M. Exposito,BD,2,15,BD31,"H,2,15,H31","20,4,139",Q:4 T:15:00,"Start of 4th quarter, clock 15:00.","H,2,15,H31",NA,NA,15:00,0,NA,0,22,6,20,H,BD,"KO,3,00:03,36","TD,4,07:30,100",17,64,7:33,KO,3,00:03,BD36,TD,4,07:30,FG00,1
2021_11_FG_BD,FG,BD,Frankfurt Galaxy,Barcelona Dragons,8/28/2021,Reus,Estadio municipal,19:00,22:03,Y,Y,3:03,1386,35,No,Mostly cloudy,R. Miras,D. Clemence,M. Burzek,M. Szczepanski,A. Valverde,J. Lanz,V. Cobas,M. Exposito,M. Exposito,BD,2,15,BD31,"H,2,15,H31","20,5,140","PASS:1,C,5,H28 TACK:41",Z. Edwards pass complete to J. Constant for loss of 3 yards to the BD28 (S. Gauthier).,"H,3,18,H28",pass,NA,NA,0,NA,0,22,6,20,H,BD,"KO,3,00:03,36","TD,4,07:30,100",17,64,7:33,KO,3,00:03,BD36,TD,4,07:30,FG00,1
2021_11_FG_BD,FG,BD,Frankfurt Galaxy,Barcelona Dragons,8/28/2021,Reus,Estadio municipal,19:00,22:03,Y,Y,3:03,1386,35,No,Mostly cloudy,R. Miras,D. Clemence,M. Burzek,M. Szczepanski,A. Valverde,J. Lanz,V. Cobas,M. Exposito,M. Exposito,BD,3,18,BD28,"H,3,18,H28","20,6,141","PASS:1,C,4,H44 TACK:18,48",Z. Edwards pass complete to R. Bertellin for 16 yards to the BD44 (F. Lowery;N. Knoblauch).,"H,4,2,H44",pass,NA,NA,0,NA,0,22,6,20,H,BD,"KO,3,00:03,36","TD,4,07:30,100",17,64,7:33,KO,3,00:03,BD36,TD,4,07:30,FG00,1
2021_11_FG_BD,FG,BD,Frankfurt Galaxy,Barcelona Dragons,8/28/2021,Reus,Estadio municipal,19:00,22:03,Y,Y,3:03,1386,35,No,Mostly cloudy,R. Miras,D. Clemence,M. Burzek,M. Szczepanski,A. Valverde,J. Lanz,V. Cobas,M. Exposito,M. Exposito,BD,4,2,BD44,"H,4,2,H44","20,7,142","RUSH:1,H47, TACK:41","Z. Edwards rush for 3 yards to the BD47, 1ST DOWN BD (S. Gauthier).","H,1,10,H47",rush,NA,NA,0,rush,0,22,6,20,H,BD,"KO,3,00:03,36","TD,4,07:30,100",17,64,7:33,KO,3,00:03,BD36,TD,4,07:30,FG00,1
2021_11_FG_BD,FG,BD,Frankfurt Galaxy,Barcelona Dragons,8/28/2021,Reus,Estadio municipal,19:00,22:03,Y,Y,3:03,1386,35,No,Mostly cloudy,R. Miras,D. Clemence,M. Burzek,M. Szczepanski,A. Valverde,J. Lanz,V. Cobas,M. Exposito,M. Exposito,BD,1,10,BD47,"H,1,10,H47","20,8,143","RUSH:1,V48, TACK:48,18",Z. Edwards rush for 5 yards to the FG48 (N. Knoblauch;F. Lowery).,"H,2,5,V48",rush,NA,NA,0,NA,0,22,6,20,H,BD,"KO,3,00:03,36","TD,4,07:30,100",17,64,7:33,KO,3,00:03,BD36,TD,4,07:30,FG00,1
2021_11_FG_BD,FG,BD,Frankfurt Galaxy,Barcelona Dragons,8/28/2021,Reus,Estadio municipal,19:00,22:03,Y,Y,3:03,1386,35,No,Mostly cloudy,R. Miras,D. Clemence,M. Burzek,M. Szczepanski,A. Valverde,J. Lanz,V. Cobas,M. Exposito,M. Exposito,BD,2,5,FG48,"H,2,5,V48","20,9,144","PASS:1,I,4,*",Z. Edwards pass incomplete to R. Bertellin.,"H,3,5,V48",pass,NA,NA,0,NA,0,22,6,20,H,BD,"KO,3,00:03,36","TD,4,07:30,100",17,64,7:33,KO,3,00:03,BD36,TD,4,07:30,FG00,1
2021_11_FG_BD,FG,BD,Frankfurt Galaxy,Barcelona Dragons,8/28/2021,Reus,Estadio municipal,19:00,22:03,Y,Y,3:03,1386,35,No,Mostly cloudy,R. Miras,D. Clemence,M. Burzek,M. Szczepanski,A. Valverde,J. Lanz,V. Cobas,M. Exposito,M. Exposito,BD,3,5,FG48,"H,3,5,V48","20,10,145","PASS:5,C,4,V39 OB:","J. Constant pass complete to R. Bertellin for 9 yards to the FG39, 1ST DOWN BD, out-of-bounds.","H,1,10,V39",pass,NA,NA,1,pass,0,22,6,20,H,BD,"KO,3,00:03,36","TD,4,07:30,100",17,64,7:33,KO,3,00:03,BD36,TD,4,07:30,FG00,1
2021_11_FG_BD,FG,BD,Frankfurt Galaxy,Barcelona Dragons,8/28/2021,Reus,Estadio municipal,19:00,22:03,Y,Y,3:03,1386,35,No,Mostly cloudy,R. Miras,D. Clemence,M. Burzek,M. Szczepanski,A. Valverde,J. Lanz,V. Cobas,M. Exposito,M. Exposito,BD,1,10,FG39,"H,1,10,V39","20,11,146","RUSH:1,V34, OB:","Z. Edwards rush for 5 yards to the FG34, out-of-bounds.","H,2,5,V34",rush,NA,NA,1,NA,0,22,6,20,H,BD,"KO,3,00:03,36","TD,4,07:30,100",17,64,7:33,KO,3,00:03,BD36,TD,4,07:30,FG00,1
2021_11_FG_BD,FG,BD,Frankfurt Galaxy,Barcelona Dragons,8/28/2021,Reus,Estadio municipal,19:00,22:03,Y,Y,3:03,1386,35,No,Mostly cloudy,R. Miras,D. Clemence,M. Burzek,M. Szczepanski,A. Valverde,J. Lanz,V. Cobas,M. Exposito,M. Exposito,BD,2,5,FG34,"H,2,5,V34","20,12,147","PASS:1,I,5,*",Z. Edwards pass incomplete to J. Constant.,"H,3,5,V34",pass,NA,NA,0,NA,0,22,6,20,H,BD,"KO,3,00:03,36","TD,4,07:30,100",17,64,7:33,KO,3,00:03,BD36,TD,4,07:30,FG00,1
2021_11_FG_BD,FG,BD,Frankfurt Galaxy,Barcelona Dragons,8/28/2021,Reus,Estadio municipal,19:00,22:03,Y,Y,3:03,1386,35,No,Mostly cloudy,R. Miras,D. Clemence,M. Burzek,M. Szczepanski,A. Valverde,J. Lanz,V. Cobas,M. Exposito,M. Exposito,BD,3,5,FG34,"H,3,5,V34","20,13,148","PASS:1,I,5,* BRUP:99",Z. Edwards pass incomplete to J. Constant (K. Maier).,"H,4,5,V34",pass,NA,NA,0,NA,0,22,6,20,H,BD,"KO,3,00:03,36","TD,4,07:30,100",17,64,7:33,KO,3,00:03,BD36,TD,4,07:30,FG00,1
2021_11_FG_BD,FG,BD,Frankfurt Galaxy,Barcelona Dragons,8/28/2021,Reus,Estadio municipal,19:00,22:03,Y,Y,3:03,1386,35,No,Mostly cloudy,R. Miras,D. Clemence,M. Burzek,M. Szczepanski,A. Valverde,J. Lanz,V. Cobas,M. Exposito,M. Exposito,BD,4,5,FG34,"H,4,5,V34","20,14,149","PASS:1,C,4,V19 TACK:48","Z. Edwards pass complete to R. Bertellin for 15 yards to the FG19, 1ST DOWN BD (N. Knoblauch).","H,1,10,V19",pass,NA,NA,0,pass,0,22,6,20,H,BD,"KO,3,00:03,36","TD,4,07:30,100",17,64,7:33,KO,3,00:03,BD36,TD,4,07:30,FG00,1
2021_11_FG_BD,FG,BD,Frankfurt Galaxy,Barcelona Dragons,8/28/2021,Reus,Estadio municipal,19:00,22:03,Y,Y,3:03,1386,35,No,Mostly cloudy,R. Miras,D. Clemence,M. Burzek,M. Szczepanski,A. Valverde,J. Lanz,V. Cobas,M. Exposito,M. Exposito,BD,1,10,FG19,"H,1,10,V19","20,15,150","PASS:1,I,4,* PEN:V,PI,A,18,V08,1","Z. Edwards pass incomplete to R. Bertellin, PENALTY FG pass interference (F. Lowery) 11 yards to the FG8, 1ST DOWN BD.","H,1,0,V08",pass,NA,NA,0,penalty,0,22,6,20,H,BD,"KO,3,00:03,36","TD,4,07:30,100",17,64,7:33,KO,3,00:03,BD36,TD,4,07:30,FG00,1
2021_11_FG_BD,FG,BD,Frankfurt Galaxy,Barcelona Dragons,8/28/2021,Reus,Estadio municipal,19:00,22:03,Y,Y,3:03,1386,35,No,Mostly cloudy,R. Miras,D. Clemence,M. Burzek,M. Szczepanski,A. Valverde,J. Lanz,V. Cobas,M. Exposito,M. Exposito,BD,1,0,FG08,"H,1,0,V08","20,16,151","D:1,8",1st and 8.,"H,1,0,V08",NA,NA,NA,0,NA,0,22,6,20,H,BD,"KO,3,00:03,36","TD,4,07:30,100",17,64,7:33,KO,3,00:03,BD36,TD,4,07:30,FG00,1
2021_11_FG_BD,FG,BD,Frankfurt Galaxy,Barcelona Dragons,8/28/2021,Reus,Estadio municipal,19:00,22:03,Y,Y,3:03,1386,35,No,Mostly cloudy,R. Miras,D. Clemence,M. Burzek,M. Szczepanski,A. Valverde,J. Lanz,V. Cobas,M. Exposito,M. Exposito,BD,1,0,FG08,"H,1,0,V08","20,17,152",TOUT:V T:09:43,"Timeout Frankfurt Galaxy, clock 09:43.","H,1,0,V08",NA,NA,09:43,0,NA,0,22,6,20,H,BD,"KO,3,00:03,36","TD,4,07:30,100",17,64,7:33,KO,3,00:03,BD36,TD,4,07:30,FG00,1
2021_11_FG_BD,FG,BD,Frankfurt Galaxy,Barcelona Dragons,8/28/2021,Reus,Estadio municipal,19:00,22:03,Y,Y,3:03,1386,35,No,Mostly cloudy,R. Miras,D. Clemence,M. Burzek,M. Szczepanski,A. Valverde,J. Lanz,V. Cobas,M. Exposito,M. Exposito,BD,1,0,FG08,"H,1,0,V08","20,18,153","PASS:4,I,1,*",R. Bertellin pass incomplete to Z. Edwards.,"H,2,0,V08",pass,NA,NA,0,NA,0,22,6,20,H,BD,"KO,3,00:03,36","TD,4,07:30,100",17,64,7:33,KO,3,00:03,BD36,TD,4,07:30,FG00,1
2021_11_FG_BD,FG,BD,Frankfurt Galaxy,Barcelona Dragons,8/28/2021,Reus,Estadio municipal,19:00,22:03,Y,Y,3:03,1386,35,No,Mostly cloudy,R. Miras,D. Clemence,M. Burzek,M. Szczepanski,A. Valverde,J. Lanz,V. Cobas,M. Exposito,M. Exposito,BD,2,0,FG08,"H,2,0,V08","20,19,154","PEN:V,FS,A,96,V04,N",PENALTY FG false start (M. Sy) 4 yards to the FG4.,"H,2,0,V04",penalty,NA,NA,0,NA,0,22,6,20,H,BD,"KO,3,00:03,36","TD,4,07:30,100",17,64,7:33,KO,3,00:03,BD36,TD,4,07:30,FG00,1
2021_11_FG_BD,FG,BD,Frankfurt Galaxy,Barcelona Dragons,8/28/2021,Reus,Estadio municipal,19:00,22:03,Y,Y,3:03,1386,35,No,Mostly cloudy,R. Miras,D. Clemence,M. Burzek,M. Szczepanski,A. Valverde,J. Lanz,V. Cobas,M. Exposito,M. Exposito,BD,2,0,FG04,"H,2,0,V04","20,20,155","PEN:V,UC,A,96,V02,1","PENALTY FG unsportsmanlike conduct (M. Sy) 2 yards to the FG2, 1ST DOWN BD.","H,1,0,V02",penalty,NA,NA,0,penalty,0,22,6,20,H,BD,"KO,3,00:03,36","TD,4,07:30,100",17,64,7:33,KO,3,00:03,BD36,TD,4,07:30,FG00,1
2021_11_FG_BD,FG,BD,Frankfurt Galaxy,Barcelona Dragons,8/28/2021,Reus,Estadio municipal,19:00,22:03,Y,Y,3:03,1386,35,No,Mostly cloudy,R. Miras,D. Clemence,M. Burzek,M. Szczepanski,A. Valverde,J. Lanz,V. Cobas,M. Exposito,M. Exposito,BD,1,0,FG02,"H,1,0,V02","20,21,156","RUSH:5,V02, OB: TACK:14,18","J. Constant rush for no gain to the FG2, out-of-bounds (J. Poznanski;F. Lowery).","H,2,0,V02",rush,NA,NA,1,NA,0,22,6,20,H,BD,"KO,3,00:03,36","TD,4,07:30,100",17,64,7:33,KO,3,00:03,BD36,TD,4,07:30,FG00,1
2021_11_FG_BD,FG,BD,Frankfurt Galaxy,Barcelona Dragons,8/28/2021,Reus,Estadio municipal,19:00,22:03,Y,Y,3:03,1386,35,No,Mostly cloudy,R. Miras,D. Clemence,M. Burzek,M. Szczepanski,A. Valverde,J. Lanz,V. Cobas,M. Exposito,M. Exposito,BD,2,0,FG02,"H,2,0,V02","20,22,157","RUSH:1,V01, TACK:41",Z. Edwards rush for 1 yard to the FG1 (S. Gauthier).,"H,3,0,V01",rush,NA,NA,0,NA,0,22,6,20,H,BD,"KO,3,00:03,36","TD,4,07:30,100",17,64,7:33,KO,3,00:03,BD36,TD,4,07:30,FG00,1
2021_11_FG_BD,FG,BD,Frankfurt Galaxy,Barcelona Dragons,8/28/2021,Reus,Estadio municipal,19:00,22:03,Y,Y,3:03,1386,35,No,Mostly cloudy,R. Miras,D. Clemence,M. Burzek,M. Szczepanski,A. Valverde,J. Lanz,V. Cobas,M. Exposito,M. Exposito,BD,3,0,FG01,"H,3,0,V01","20,23,158","RUSH:1,V02, TACK:14",Z. Edwards rush for loss of 1 yard to the FG2 (J. Poznanski).,"H,4,0,V02",rush,NA,NA,0,NA,0,22,6,20,H,BD,"KO,3,00:03,36","TD,4,07:30,100",17,64,7:33,KO,3,00:03,BD36,TD,4,07:30,FG00,1
2021_11_FG_BD,FG,BD,Frankfurt Galaxy,Barcelona Dragons,8/28/2021,Reus,Estadio municipal,19:00,22:03,Y,Y,3:03,1386,35,No,Mostly cloudy,R. Miras,D. Clemence,M. Burzek,M. Szczepanski,A. Valverde,J. Lanz,V. Cobas,M. Exposito,M. Exposito,BD,4,0,FG02,"H,4,0,V02","20,24,159","PASS:4,C,4,V00 T:07:30","R. Bertellin pass complete to R. Bertellin for 2 yards to the FG0, TOUCHDOWN, clock 07:30.","H,1,0,V03",pass,NA,07:30,0,NA,1,22,12,20,H,BD,"KO,3,00:03,36","TD,4,07:30,100",17,64,7:33,KO,3,00:03,BD36,TD,4,07:30,FG00,1
2021_11_FG_BD,FG,BD,Frankfurt Galaxy,Barcelona Dragons,8/28/2021,Reus,Estadio municipal,19:00,22:03,Y,Y,3:03,1386,35,No,Mostly cloudy,R. Miras,D. Clemence,M. Burzek,M. Szczepanski,A. Valverde,J. Lanz,V. Cobas,M. Exposito,M. Exposito,BD,1,0,FG03,"H,1,0,V03","20,25,160","PEN:V,RP,A,55,H50,N","PENALTY FG roughing passer (V. Valasti) 47 yards to the 50 yardline, 1ST DOWN BD.","H,1,10,H50",penalty,NA,NA,0,penalty,0,22,12,20,H,BD,"KO,3,00:03,36","TD,4,07:30,100",17,64,7:33,KO,3,00:03,BD36,TD,4,07:30,FG00,1
2021_11_FG_BD,FG,BD,Frankfurt Galaxy,Barcelona Dragons,8/28/2021,Reus,Estadio municipal,19:00,22:03,Y,Y,3:03,1386,35,No,Mostly cloudy,R. Miras,D. Clemence,M. Burzek,M. Szczepanski,A. Valverde,J. Lanz,V. Cobas,M. Exposito,M. Exposito,BD,1,10,BD50,"H,1,10,H50","20,26,161","PAT:R,1,G",Z. Edwards rush attempt good.,"H,1,0,H35",pat,NA,NA,0,NA,1,22,14,20,H,BD,"KO,3,00:03,36","TD,4,07:30,100",17,64,7:33,KO,3,00:03,BD36,TD,4,07:30,FG00,1
2021_11_FG_BD,FG,BD,Frankfurt Galaxy,Barcelona Dragons,8/28/2021,Reus,Estadio municipal,19:00,22:03,Y,Y,3:03,1386,35,No,Mostly cloudy,R. Miras,D. Clemence,M. Burzek,M. Szczepanski,A. Valverde,J. Lanz,V. Cobas,M. Exposito,M. Exposito,BD,1,0,BD35,"H,1,0,H35","20,27,162","KO:8,V34 FC:10","G. Tavecchio kickoff 31 yards to the FG34, fair catch by O. Williams.","V,1,10,V34",kick_off,NA,NA,0,NA,0,22,14,20,H,BD,"KO,3,00:03,36","TD,4,07:30,100",17,64,7:33,KO,3,00:03,BD36,TD,4,07:30,FG00,1
2021_11_FG_BD,FG,BD,Frankfurt Galaxy,Barcelona Dragons,8/28/2021,Reus,Estadio municipal,19:00,22:03,Y,Y,3:03,1386,35,No,Mostly cloudy,R. Miras,D. Clemence,M. Burzek,M. Szczepanski,A. Valverde,J. Lanz,V. Cobas,M. Exposito,M. Exposito,FG,1,10,FG34,"V,1,10,V34","21,1,163",{DRIVE}:07:27,FRANKFURT GALAXY drive start at 07:27.,"V,1,10,V34",NA,NA,07:27,0,NA,0,22,14,21,V,FG,"KO,4,07:27,34","HALF,4,00:00,75",11,41,7:27,KO,4,07:27,FG34,HALF,4,00:00,BD25,NA
2021_11_FG_BD,FG,BD,Frankfurt Galaxy,Barcelona Dragons,8/28/2021,Reus,Estadio municipal,19:00,22:03,Y,Y,3:03,1386,35,No,Mostly cloudy,R. Miras,D. Clemence,M. Burzek,M. Szczepanski,A. Valverde,J. Lanz,V. Cobas,M. Exposito,M. Exposito,FG,1,10,FG34,"V,1,10,V34","21,2,164","RUSH:33,V40, TACK:7,49",J. Rodney rush for 6 yards to the FG40 (M. Tavarres;S. Castaner).,"V,2,4,V40",rush,NA,NA,0,NA,0,22,14,21,V,FG,"KO,4,07:27,34","HALF,4,00:00,75",11,41,7:27,KO,4,07:27,FG34,HALF,4,00:00,BD25,NA
2021_11_FG_BD,FG,BD,Frankfurt Galaxy,Barcelona Dragons,8/28/2021,Reus,Estadio municipal,19:00,22:03,Y,Y,3:03,1386,35,No,Mostly cloudy,R. Miras,D. Clemence,M. Burzek,M. Szczepanski,A. Valverde,J. Lanz,V. Cobas,M. Exposito,M. Exposito,FG,2,4,FG40,"V,2,4,V40","21,3,165",TOUT:H T:07:23,"Timeout Barcelona Dragons, clock 07:23.","V,2,4,V40",NA,NA,07:23,0,NA,0,22,14,21,V,FG,"KO,4,07:27,34","HALF,4,00:00,75",11,41,7:27,KO,4,07:27,FG34,HALF,4,00:00,BD25,NA
2021_11_FG_BD,FG,BD,Frankfurt Galaxy,Barcelona Dragons,8/28/2021,Reus,Estadio municipal,19:00,22:03,Y,Y,3:03,1386,35,No,Mostly cloudy,R. Miras,D. Clemence,M. Burzek,M. Szczepanski,A. Valverde,J. Lanz,V. Cobas,M. Exposito,M. Exposito,FG,2,4,FG40,"V,2,4,V40","21,4,166","RUSH:33,V46, TACK:90","J. Rodney rush for 6 yards to the FG46, 1ST DOWN FG (A. Fernandez).","V,1,10,V46",rush,NA,NA,0,rush,0,22,14,21,V,FG,"KO,4,07:27,34","HALF,4,00:00,75",11,41,7:27,KO,4,07:27,FG34,HALF,4,00:00,BD25,NA
2021_11_FG_BD,FG,BD,Frankfurt Galaxy,Barcelona Dragons,8/28/2021,Reus,Estadio municipal,19:00,22:03,Y,Y,3:03,1386,35,No,Mostly cloudy,R. Miras,D. Clemence,M. Burzek,M. Szczepanski,A. Valverde,J. Lanz,V. Cobas,M. Exposito,M. Exposito,FG,1,10,FG46,"V,1,10,V46","21,5,167","RUSH:33,H46, TACK:7",J. Rodney rush for 8 yards to the BD46 (M. Tavarres).,"V,2,2,H46",rush,NA,NA,0,NA,0,22,14,21,V,FG,"KO,4,07:27,34","HALF,4,00:00,75",11,41,7:27,KO,4,07:27,FG34,HALF,4,00:00,BD25,NA
2021_11_FG_BD,FG,BD,Frankfurt Galaxy,Barcelona Dragons,8/28/2021,Reus,Estadio municipal,19:00,22:03,Y,Y,3:03,1386,35,No,Mostly cloudy,R. Miras,D. Clemence,M. Burzek,M. Szczepanski,A. Valverde,J. Lanz,V. Cobas,M. Exposito,M. Exposito,FG,2,2,BD46,"V,2,2,H46","21,6,168","PASS:7,I,82,* BRUP:90",J. Sullivan pass incomplete to H. Schwarz (A. Fernandez).,"V,3,2,H46",pass,NA,NA,0,NA,0,22,14,21,V,FG,"KO,4,07:27,34","HALF,4,00:00,75",11,41,7:27,KO,4,07:27,FG34,HALF,4,00:00,BD25,NA
2021_11_FG_BD,FG,BD,Frankfurt Galaxy,Barcelona Dragons,8/28/2021,Reus,Estadio municipal,19:00,22:03,Y,Y,3:03,1386,35,No,Mostly cloudy,R. Miras,D. Clemence,M. Burzek,M. Szczepanski,A. Valverde,J. Lanz,V. Cobas,M. Exposito,M. Exposito,FG,3,2,BD46,"V,3,2,H46","21,7,169","RUSH:33,H44, TACK:33","J. Rodney rush for 2 yards to the BD44, 1ST DOWN FG (T. Debiez).","V,1,10,H44",rush,NA,NA,0,rush,0,22,14,21,V,FG,"KO,4,07:27,34","HALF,4,00:00,75",11,41,7:27,KO,4,07:27,FG34,HALF,4,00:00,BD25,NA
2021_11_FG_BD,FG,BD,Frankfurt Galaxy,Barcelona Dragons,8/28/2021,Reus,Estadio municipal,19:00,22:03,Y,Y,3:03,1386,35,No,Mostly cloudy,R. Miras,D. Clemence,M. Burzek,M. Szczepanski,A. Valverde,J. Lanz,V. Cobas,M. Exposito,M. Exposito,FG,1,10,BD44,"V,1,10,H44","21,8,170","PASS:7,I,11,*",J. Sullivan pass incomplete to A. Mahoungou.,"V,2,10,H44",pass,NA,NA,0,NA,0,22,14,21,V,FG,"KO,4,07:27,34","HALF,4,00:00,75",11,41,7:27,KO,4,07:27,FG34,HALF,4,00:00,BD25,NA
2021_11_FG_BD,FG,BD,Frankfurt Galaxy,Barcelona Dragons,8/28/2021,Reus,Estadio municipal,19:00,22:03,Y,Y,3:03,1386,35,No,Mostly cloudy,R. Miras,D. Clemence,M. Burzek,M. Szczepanski,A. Valverde,J. Lanz,V. Cobas,M. Exposito,M. Exposito,FG,2,10,BD44,"V,2,10,H44","21,9,171","RUSH:33,H36, TACK:59",J. Rodney rush for 8 yards to the BD36 (59).,"V,3,2,H36",rush,NA,NA,0,NA,0,22,14,21,V,FG,"KO,4,07:27,34","HALF,4,00:00,75",11,41,7:27,KO,4,07:27,FG34,HALF,4,00:00,BD25,NA
2021_11_FG_BD,FG,BD,Frankfurt Galaxy,Barcelona Dragons,8/28/2021,Reus,Estadio municipal,19:00,22:03,Y,Y,3:03,1386,35,No,Mostly cloudy,R. Miras,D. Clemence,M. Burzek,M. Szczepanski,A. Valverde,J. Lanz,V. Cobas,M. Exposito,M. Exposito,FG,3,2,BD36,"V,3,2,H36","21,10,172","RUSH:33,H33, TACK:7","J. Rodney rush for 3 yards to the BD33, 1ST DOWN FG (M. Tavarres).","V,1,10,H33",rush,NA,NA,0,rush,0,22,14,21,V,FG,"KO,4,07:27,34","HALF,4,00:00,75",11,41,7:27,KO,4,07:27,FG34,HALF,4,00:00,BD25,NA
2021_11_FG_BD,FG,BD,Frankfurt Galaxy,Barcelona Dragons,8/28/2021,Reus,Estadio municipal,19:00,22:03,Y,Y,3:03,1386,35,No,Mostly cloudy,R. Miras,D. Clemence,M. Burzek,M. Szczepanski,A. Valverde,J. Lanz,V. Cobas,M. Exposito,M. Exposito,FG,1,10,BD33,"V,1,10,H33","21,11,173","RUSH:33,H32, TACK:99",J. Rodney rush for 1 yard to the BD32 (Y. Rivero).,"V,2,9,H32",rush,NA,NA,0,NA,0,22,14,21,V,FG,"KO,4,07:27,34","HALF,4,00:00,75",11,41,7:27,KO,4,07:27,FG34,HALF,4,00:00,BD25,NA
2021_11_FG_BD,FG,BD,Frankfurt Galaxy,Barcelona Dragons,8/28/2021,Reus,Estadio municipal,19:00,22:03,Y,Y,3:03,1386,35,No,Mostly cloudy,R. Miras,D. Clemence,M. Burzek,M. Szczepanski,A. Valverde,J. Lanz,V. Cobas,M. Exposito,M. Exposito,FG,2,9,BD32,"V,2,9,H32","21,12,174",TOUT:H T:02:33,"Timeout Barcelona Dragons, clock 02:33.","V,2,9,H32",NA,NA,02:33,0,NA,0,22,14,21,V,FG,"KO,4,07:27,34","HALF,4,00:00,75",11,41,7:27,KO,4,07:27,FG34,HALF,4,00:00,BD25,NA
2021_11_FG_BD,FG,BD,Frankfurt Galaxy,Barcelona Dragons,8/28/2021,Reus,Estadio municipal,19:00,22:03,Y,Y,3:03,1386,35,No,Mostly cloudy,R. Miras,D. Clemence,M. Burzek,M. Szczepanski,A. Valverde,J. Lanz,V. Cobas,M. Exposito,M. Exposito,FG,2,9,BD32,"V,2,9,H32","21,13,175","RUSH:33,H29, TACK:59",J. Rodney rush for 3 yards to the BD29 (59).,"V,3,6,H29",rush,NA,NA,0,NA,0,22,14,21,V,FG,"KO,4,07:27,34","HALF,4,00:00,75",11,41,7:27,KO,4,07:27,FG34,HALF,4,00:00,BD25,NA
2021_11_FG_BD,FG,BD,Frankfurt Galaxy,Barcelona Dragons,8/28/2021,Reus,Estadio municipal,19:00,22:03,Y,Y,3:03,1386,35,No,Mostly cloudy,R. Miras,D. Clemence,M. Burzek,M. Szczepanski,A. Valverde,J. Lanz,V. Cobas,M. Exposito,M. Exposito,FG,3,6,BD29,"V,3,6,H29","21,14,176",TOUT:H T:02:23,"Timeout Barcelona Dragons, clock 02:23.","V,3,6,H29",NA,NA,02:23,0,NA,0,22,14,21,V,FG,"KO,4,07:27,34","HALF,4,00:00,75",11,41,7:27,KO,4,07:27,FG34,HALF,4,00:00,BD25,NA
2021_11_FG_BD,FG,BD,Frankfurt Galaxy,Barcelona Dragons,8/28/2021,Reus,Estadio municipal,19:00,22:03,Y,Y,3:03,1386,35,No,Mostly cloudy,R. Miras,D. Clemence,M. Burzek,M. Szczepanski,A. Valverde,J. Lanz,V. Cobas,M. Exposito,M. Exposito,FG,3,6,BD29,"V,3,6,H29","21,15,177","PASS:7,C,82,H20 TACK:20","J. Sullivan pass complete to H. Schwarz for 9 yards to the BD20, 1ST DOWN FG (L. Masero).","V,1,10,H20",pass,NA,NA,0,pass,0,22,14,21,V,FG,"KO,4,07:27,34","HALF,4,00:00,75",11,41,7:27,KO,4,07:27,FG34,HALF,4,00:00,BD25,NA
2021_11_FG_BD,FG,BD,Frankfurt Galaxy,Barcelona Dragons,8/28/2021,Reus,Estadio municipal,19:00,22:03,Y,Y,3:03,1386,35,No,Mostly cloudy,R. Miras,D. Clemence,M. Burzek,M. Szczepanski,A. Valverde,J. Lanz,V. Cobas,M. Exposito,M. Exposito,FG,1,10,BD20,"V,1,10,H20","21,16,178","PEN:V,DG,A,7,H25,N",PENALTY FG delay of game (J. Sullivan) 5 yards to the BD25.,"V,1,15,H25",penalty,NA,NA,0,NA,0,22,14,21,V,FG,"KO,4,07:27,34","HALF,4,00:00,75",11,41,7:27,KO,4,07:27,FG34,HALF,4,00:00,BD25,NA
2021_11_FG_BD,FG,BD,Frankfurt Galaxy,Barcelona Dragons,8/28/2021,Reus,Estadio municipal,19:00,22:03,Y,Y,3:03,1386,35,No,Mostly cloudy,R. Miras,D. Clemence,M. Burzek,M. Szczepanski,A. Valverde,J. Lanz,V. Cobas,M. Exposito,M. Exposito,FG,1,15,BD25,"V,1,15,H25","21,17,179",HALF: T:00:00,"End of game, clock 00:00.","V,1,15,H25",NA,NA,00:00,0,NA,0,22,14,21,V,FG,"KO,4,07:27,34","HALF,4,00:00,75",11,41,7:27,KO,4,07:27,FG34,HALF,4,00:00,BD25,NA
