game_id,away_team_id,home_team_id,away_team,home_team,date,location,stadium,start,end,duration,attend,temp,wind,weather,ref,ump,line,lj,bj,fj,sj,posteam,down,togo,spot,context,play_id,tokens,desc,newcontext,play_type,clock,oob,first_down_with,score,away_score_post,home_score_post,turnover,drive_number,drive_vh,drive_team,drive_start,drive_end,drive_plays,drive_yards,drive_top,drive_start_how,drive_start_qtr,drive_start_time,drive_start_spot,drive_end_how,drive_end_qtr,drive_end_time,drive_end_spot,drive_rz
2021_09_FG_PW,FG,PW,Frankfurt Galaxy,Panthers Wroclaw,8/15/2021,"Wroclaw, Poland",Stadion Olimpijski,15:00,17:49,2:49,3000,29 C,W 13km/h,Sunny,Walentynowicz,Klimes,Walentynowicz,Szczepanski,Marciniak,Hameder,Romanczyk,FG,1,10,FG35,"V,1,10,V35","0,1,0","SPOT:H,H35,N",PW ball on PW35.,"H,1,10,H35",NA,NA,0,NA,0,0,0,NA,0,NA,NA,NA,NA,NA,NA,NA,NA,NA,NA,NA,NA,NA,NA,NA,NA
2021_09_FG_PW,FG,PW,Frankfurt Galaxy,Panthers Wroclaw,8/15/2021,"Wroclaw, Poland",Stadion Olimpijski,15:00,17:49,2:49,3000,29 C,W 13km/h,Sunny,Walentynowicz,Klimes,Walentynowicz,Szczepanski,Marciniak,Hameder,Romanczyk,PW,1,10,PW35,"H,1,10,H35","0,2,1",Q:1 T:15:00,"Start of 1st quarter, clock 15:00.","H,1,10,H35",NA,15:00,0,NA,0,0,0,NA,0,NA,NA,NA,NA,NA,NA,NA,NA,NA,NA,NA,NA,NA,NA,NA,NA
2021_09_FG_PW,FG,PW,Frankfurt Galaxy,Panthers Wroclaw,8/15/2021,"Wroclaw, Poland",Stadion Olimpijski,15:00,17:49,2:49,3000,29 C,W 13km/h,Sunny,Walentynowicz,Klimes,Walentynowicz,Szczepanski,Marciniak,Hameder,Romanczyk,PW,1,10,PW35,"H,1,10,H35","0,3,2","KO:44,V01 OB: SPOT:V,V40,Y","Tadhg Leader kickoff 64 yards to the FG1, out-of-bounds, FG ball on FG40.","V,1,10,V40",kick_off,NA,1,NA,0,0,0,NA,0,NA,NA,NA,NA,NA,NA,NA,NA,NA,NA,NA,NA,NA,NA,NA,NA
2021_09_FG_PW,FG,PW,Frankfurt Galaxy,Panthers Wroclaw,8/15/2021,"Wroclaw, Poland",Stadion Olimpijski,15:00,17:49,2:49,3000,29 C,W 13km/h,Sunny,Walentynowicz,Klimes,Walentynowicz,Szczepanski,Marciniak,Hameder,Romanczyk,FG,1,10,FG40,"V,1,10,V40","1,1,3","PASS:7,I,13,* PEN:H,PI,A,28,H20,N NOPLAY:","Jakeb Sullivan pass incomplete to Marvin Rutsch, PENALTY PW pass interference (Pierre Courageaux) 40 yards to the PW20, 1ST DOWN FG, NO PLAY.","V,1,10,H20",penalty,NA,0,penalty,0,0,0,NA,1,V,FG,"KO,1,15:00,40","TD,1,13:58,100",3,60,1:02,KO,1,15:00,FG40,TD,1,13:58,PW00,1
2021_09_FG_PW,FG,PW,Frankfurt Galaxy,Panthers Wroclaw,8/15/2021,"Wroclaw, Poland",Stadion Olimpijski,15:00,17:49,2:49,3000,29 C,W 13km/h,Sunny,Walentynowicz,Klimes,Walentynowicz,Szczepanski,Marciniak,Hameder,Romanczyk,FG,1,10,PW20,"V,1,10,H20","1,2,4","RUSH:33,H16, TACK:97",Justin Rodney rush for 4 yards to the PW16 (Lukasz Gembara).,"V,2,6,H16",rush,NA,0,NA,0,0,0,NA,1,V,FG,"KO,1,15:00,40","TD,1,13:58,100",3,60,1:02,KO,1,15:00,FG40,TD,1,13:58,PW00,1
2021_09_FG_PW,FG,PW,Frankfurt Galaxy,Panthers Wroclaw,8/15/2021,"Wroclaw, Poland",Stadion Olimpijski,15:00,17:49,2:49,3000,29 C,W 13km/h,Sunny,Walentynowicz,Klimes,Walentynowicz,Szczepanski,Marciniak,Hameder,Romanczyk,FG,2,6,PW16,"V,2,6,H16","1,3,5","PASS:7,I,82,*",Jakeb Sullivan pass incomplete to Hendrik Schwarz.,"V,3,6,H16",pass,NA,0,NA,0,0,0,NA,1,V,FG,"KO,1,15:00,40","TD,1,13:58,100",3,60,1:02,KO,1,15:00,FG40,TD,1,13:58,PW00,1
2021_09_FG_PW,FG,PW,Frankfurt Galaxy,Panthers Wroclaw,8/15/2021,"Wroclaw, Poland",Stadion Olimpijski,15:00,17:49,2:49,3000,29 C,W 13km/h,Sunny,Walentynowicz,Klimes,Walentynowicz,Szczepanski,Marciniak,Hameder,Romanczyk,FG,3,6,PW16,"V,3,6,H16","1,4,6","PASS:7,C,86,H00 T:13:58","Jakeb Sullivan pass complete to Lorenz Regler for 16 yards to the PW0, 1ST DOWN FG, TOUCHDOWN, clock 13:58.","V,1,10,H15",pass,13:58,0,pass,1,6,0,NA,1,V,FG,"KO,1,15:00,40","TD,1,13:58,100",3,60,1:02,KO,1,15:00,FG40,TD,1,13:58,PW00,1
2021_09_FG_PW,FG,PW,Frankfurt Galaxy,Panthers Wroclaw,8/15/2021,"Wroclaw, Poland",Stadion Olimpijski,15:00,17:49,2:49,3000,29 C,W 13km/h,Sunny,Walentynowicz,Klimes,Walentynowicz,Szczepanski,Marciniak,Hameder,Romanczyk,FG,1,10,PW15,"V,1,10,H15","1,5,7","PAT:K,42,G",Max Ebsen kick attempt good.,"V,1,0,V35",pat,NA,0,NA,1,7,0,NA,1,V,FG,"KO,1,15:00,40","TD,1,13:58,100",3,60,1:02,KO,1,15:00,FG40,TD,1,13:58,PW00,1
2021_09_FG_PW,FG,PW,Frankfurt Galaxy,Panthers Wroclaw,8/15/2021,"Wroclaw, Poland",Stadion Olimpijski,15:00,17:49,2:49,3000,29 C,W 13km/h,Sunny,Walentynowicz,Klimes,Walentynowicz,Szczepanski,Marciniak,Hameder,Romanczyk,FG,1,0,FG35,"V,1,0,V35","1,6,8","KO:19,H00 RET:12,H26 TACK:20","Nico Strahmann kickoff 65 yards to the PW0, KaVontee Turpin return 26 yards to the PW26 (Steffen Olschok).","H,1,10,H26",kick_off,NA,0,NA,0,7,0,NA,1,V,FG,"KO,1,15:00,40","TD,1,13:58,100",3,60,1:02,KO,1,15:00,FG40,TD,1,13:58,PW00,1
2021_09_FG_PW,FG,PW,Frankfurt Galaxy,Panthers Wroclaw,8/15/2021,"Wroclaw, Poland",Stadion Olimpijski,15:00,17:49,2:49,3000,29 C,W 13km/h,Sunny,Walentynowicz,Klimes,Walentynowicz,Szczepanski,Marciniak,Hameder,Romanczyk,PW,1,10,PW26,"H,1,10,H26","2,1,9",{DRIVE}:13:54,PANTHERS WROCLAW drive start at 13:54.,"H,1,10,H26",NA,13:54,0,NA,0,7,0,NA,2,H,PW,"KO,1,13:54,26","INT,1,09:42,40",8,14,4:12,KO,1,13:54,PW26,INT,1,09:42,PW40,NA
2021_09_FG_PW,FG,PW,Frankfurt Galaxy,Panthers Wroclaw,8/15/2021,"Wroclaw, Poland",Stadion Olimpijski,15:00,17:49,2:49,3000,29 C,W 13km/h,Sunny,Walentynowicz,Klimes,Walentynowicz,Szczepanski,Marciniak,Hameder,Romanczyk,PW,1,10,PW26,"H,1,10,H26","2,2,10","PASS:2,C,82,H32",Lokas O´Connor pass complete to Przemyslaw Banat for 6 yards to the PW32.,"H,2,4,H32",pass,NA,0,NA,0,7,0,NA,2,H,PW,"KO,1,13:54,26","INT,1,09:42,40",8,14,4:12,KO,1,13:54,PW26,INT,1,09:42,PW40,NA
2021_09_FG_PW,FG,PW,Frankfurt Galaxy,Panthers Wroclaw,8/15/2021,"Wroclaw, Poland",Stadion Olimpijski,15:00,17:49,2:49,3000,29 C,W 13km/h,Sunny,Walentynowicz,Klimes,Walentynowicz,Szczepanski,Marciniak,Hameder,Romanczyk,PW,2,4,PW32,"H,2,4,H32","2,3,11","PASS:2,C,25,H35 TACK:41",Lokas O´Connor pass complete to Philieas Pasqualini for 3 yards to the PW35 (Sebastian Gauthier).,"H,3,1,H35",pass,NA,0,NA,0,7,0,NA,2,H,PW,"KO,1,13:54,26","INT,1,09:42,40",8,14,4:12,KO,1,13:54,PW26,INT,1,09:42,PW40,NA
2021_09_FG_PW,FG,PW,Frankfurt Galaxy,Panthers Wroclaw,8/15/2021,"Wroclaw, Poland",Stadion Olimpijski,15:00,17:49,2:49,3000,29 C,W 13km/h,Sunny,Walentynowicz,Klimes,Walentynowicz,Szczepanski,Marciniak,Hameder,Romanczyk,PW,3,1,PW35,"H,3,1,H35","2,4,12","D:1,10 SPOT:H,H36,N","1st and 10, PW ball on PW36.","H,1,10,H36",NA,NA,0,NA,0,7,0,NA,2,H,PW,"KO,1,13:54,26","INT,1,09:42,40",8,14,4:12,KO,1,13:54,PW26,INT,1,09:42,PW40,NA
2021_09_FG_PW,FG,PW,Frankfurt Galaxy,Panthers Wroclaw,8/15/2021,"Wroclaw, Poland",Stadion Olimpijski,15:00,17:49,2:49,3000,29 C,W 13km/h,Sunny,Walentynowicz,Klimes,Walentynowicz,Szczepanski,Marciniak,Hameder,Romanczyk,PW,1,10,PW36,"H,1,10,H36","2,5,13","RUSH:25,H37, TACK:90,46",Philieas Pasqualini rush for 1 yard to the PW37 (Marc Anthony Hor;Osaruonamen Ogbevoen).,"H,2,9,H37",rush,NA,0,NA,0,7,0,NA,2,H,PW,"KO,1,13:54,26","INT,1,09:42,40",8,14,4:12,KO,1,13:54,PW26,INT,1,09:42,PW40,NA
2021_09_FG_PW,FG,PW,Frankfurt Galaxy,Panthers Wroclaw,8/15/2021,"Wroclaw, Poland",Stadion Olimpijski,15:00,17:49,2:49,3000,29 C,W 13km/h,Sunny,Walentynowicz,Klimes,Walentynowicz,Szczepanski,Marciniak,Hameder,Romanczyk,PW,2,9,PW37,"H,2,9,H37","2,6,14","RUSH:12,H42, TACK:14",KaVontee Turpin rush for 5 yards to the PW42 (Joshua Poznanski).,"H,3,4,H42",rush,NA,0,NA,0,7,0,NA,2,H,PW,"KO,1,13:54,26","INT,1,09:42,40",8,14,4:12,KO,1,13:54,PW26,INT,1,09:42,PW40,NA
2021_09_FG_PW,FG,PW,Frankfurt Galaxy,Panthers Wroclaw,8/15/2021,"Wroclaw, Poland",Stadion Olimpijski,15:00,17:49,2:49,3000,29 C,W 13km/h,Sunny,Walentynowicz,Klimes,Walentynowicz,Szczepanski,Marciniak,Hameder,Romanczyk,PW,3,4,PW42,"H,3,4,H42","2,7,15","PASS:2,C,82,H50 TACK:29","Lokas O´Connor pass complete to Przemyslaw Banat for 8 yards to the 50 yardline, 1ST DOWN PW (Marius Riepe).","H,1,10,H50",pass,NA,0,pass,0,7,0,NA,2,H,PW,"KO,1,13:54,26","INT,1,09:42,40",8,14,4:12,KO,1,13:54,PW26,INT,1,09:42,PW40,NA
2021_09_FG_PW,FG,PW,Frankfurt Galaxy,Panthers Wroclaw,8/15/2021,"Wroclaw, Poland",Stadion Olimpijski,15:00,17:49,2:49,3000,29 C,W 13km/h,Sunny,Walentynowicz,Klimes,Walentynowicz,Szczepanski,Marciniak,Hameder,Romanczyk,PW,1,10,PW50,"H,1,10,H50","2,8,16","PASS:2,I,23,*",Lokas O´Connor pass incomplete to Jakub Mazan.,"H,2,10,H50",pass,NA,0,NA,0,7,0,NA,2,H,PW,"KO,1,13:54,26","INT,1,09:42,40",8,14,4:12,KO,1,13:54,PW26,INT,1,09:42,PW40,NA
2021_09_FG_PW,FG,PW,Frankfurt Galaxy,Panthers Wroclaw,8/15/2021,"Wroclaw, Poland",Stadion Olimpijski,15:00,17:49,2:49,3000,29 C,W 13km/h,Sunny,Walentynowicz,Klimes,Walentynowicz,Szczepanski,Marciniak,Hameder,Romanczyk,PW,2,10,PW50,"H,2,10,H50","2,9,17","RUSH:2,V45, TACK:43 PEN:H,HO,A,74,H40,N NOPLAY:","Lokas O´Connor rush for 5 yards to the FG45 (Jonathan Silva Gomez), PENALTY PW holding (Murilo Silva) 10 yards to the PW40, NO PLAY.","H,2,20,H40",penalty,NA,0,NA,0,7,0,NA,2,H,PW,"KO,1,13:54,26","INT,1,09:42,40",8,14,4:12,KO,1,13:54,PW26,INT,1,09:42,PW40,NA
2021_09_FG_PW,FG,PW,Frankfurt Galaxy,Panthers Wroclaw,8/15/2021,"Wroclaw, Poland",Stadion Olimpijski,15:00,17:49,2:49,3000,29 C,W 13km/h,Sunny,Walentynowicz,Klimes,Walentynowicz,Szczepanski,Marciniak,Hameder,Romanczyk,PW,2,20,PW40,"H,2,20,H40","2,10,18","PASS:2,I,15,* BRUP:14",Lokas O´Connor pass incomplete to Bartosz Dziedzic (Joshua Poznanski).,"H,3,20,H40",pass,NA,0,NA,0,7,0,NA,2,H,PW,"KO,1,13:54,26","INT,1,09:42,40",8,14,4:12,KO,1,13:54,PW26,INT,1,09:42,PW40,NA
2021_09_FG_PW,FG,PW,Frankfurt Galaxy,Panthers Wroclaw,8/15/2021,"Wroclaw, Poland",Stadion Olimpijski,15:00,17:49,2:49,3000,29 C,W 13km/h,Sunny,Walentynowicz,Klimes,Walentynowicz,Szczepanski,Marciniak,Hameder,Romanczyk,PW,3,20,PW40,"H,3,20,H40","2,11,19","PASS:2,X,18,V35 RET:18,H31 TACK:23","Lokas O´Connor pass intercepted by F. Lowery at the FG35, F. Lowery return 34 yards to the PW31 (Jakub Mazan).","V,1,10,H31",pass,NA,0,NA,0,7,0,I,2,H,PW,"KO,1,13:54,26","INT,1,09:42,40",8,14,4:12,KO,1,13:54,PW26,INT,1,09:42,PW40,NA
2021_09_FG_PW,FG,PW,Frankfurt Galaxy,Panthers Wroclaw,8/15/2021,"Wroclaw, Poland",Stadion Olimpijski,15:00,17:49,2:49,3000,29 C,W 13km/h,Sunny,Walentynowicz,Klimes,Walentynowicz,Szczepanski,Marciniak,Hameder,Romanczyk,FG,1,10,PW31,"V,1,10,H31","3,1,20",{DRIVE}:09:42,FRANKFURT GALAXY drive start at 09:42.,"V,1,10,H31",NA,09:42,0,NA,0,7,0,NA,3,V,FG,"INT,1,09:42,69","TD,1,05:22,100",8,31,4:20,INT,1,09:42,PW31,TD,1,05:22,PW00,1
2021_09_FG_PW,FG,PW,Frankfurt Galaxy,Panthers Wroclaw,8/15/2021,"Wroclaw, Poland",Stadion Olimpijski,15:00,17:49,2:49,3000,29 C,W 13km/h,Sunny,Walentynowicz,Klimes,Walentynowicz,Szczepanski,Marciniak,Hameder,Romanczyk,FG,1,10,PW31,"V,1,10,H31","3,2,21","RUSH:33,H29, TACK:92",Justin Rodney rush for 2 yards to the PW29 (Adrian Brudny).,"V,2,8,H29",rush,NA,0,NA,0,7,0,NA,3,V,FG,"INT,1,09:42,69","TD,1,05:22,100",8,31,4:20,INT,1,09:42,PW31,TD,1,05:22,PW00,1
2021_09_FG_PW,FG,PW,Frankfurt Galaxy,Panthers Wroclaw,8/15/2021,"Wroclaw, Poland",Stadion Olimpijski,15:00,17:49,2:49,3000,29 C,W 13km/h,Sunny,Walentynowicz,Klimes,Walentynowicz,Szczepanski,Marciniak,Hameder,Romanczyk,FG,2,8,PW29,"V,2,8,H29","3,3,22","PASS:7,C,13,H18 TACK:5 PEN:H,OD,D","Jakeb Sullivan pass complete to Marvin Rutsch for 11 yards to the PW18, 1ST DOWN FG (Goran Zec), PENALTY PW offside defense declined.","V,1,10,H18",pass,NA,0,pass,0,7,0,NA,3,V,FG,"INT,1,09:42,69","TD,1,05:22,100",8,31,4:20,INT,1,09:42,PW31,TD,1,05:22,PW00,1
2021_09_FG_PW,FG,PW,Frankfurt Galaxy,Panthers Wroclaw,8/15/2021,"Wroclaw, Poland",Stadion Olimpijski,15:00,17:49,2:49,3000,29 C,W 13km/h,Sunny,Walentynowicz,Klimes,Walentynowicz,Szczepanski,Marciniak,Hameder,Romanczyk,FG,1,10,PW18,"V,1,10,H18","3,4,23","SPOT:V,H13,N",FG ball on PW13.,"V,1,10,H13",NA,NA,0,NA,0,7,0,NA,3,V,FG,"INT,1,09:42,69","TD,1,05:22,100",8,31,4:20,INT,1,09:42,PW31,TD,1,05:22,PW00,1
2021_09_FG_PW,FG,PW,Frankfurt Galaxy,Panthers Wroclaw,8/15/2021,"Wroclaw, Poland",Stadion Olimpijski,15:00,17:49,2:49,3000,29 C,W 13km/h,Sunny,Walentynowicz,Klimes,Walentynowicz,Szczepanski,Marciniak,Hameder,Romanczyk,FG,1,10,PW13,"V,1,10,H13","3,5,24","RUSH:33,H07, TACK:4",Justin Rodney rush for 6 yards to the PW7 (William Lloyd).,"V,2,4,H07",rush,NA,0,NA,0,7,0,NA,3,V,FG,"INT,1,09:42,69","TD,1,05:22,100",8,31,4:20,INT,1,09:42,PW31,TD,1,05:22,PW00,1
2021_09_FG_PW,FG,PW,Frankfurt Galaxy,Panthers Wroclaw,8/15/2021,"Wroclaw, Poland",Stadion Olimpijski,15:00,17:49,2:49,3000,29 C,W 13km/h,Sunny,Walentynowicz,Klimes,Walentynowicz,Szczepanski,Marciniak,Hameder,Romanczyk,FG,2,4,PW07,"V,2,4,H07","3,6,25","RUSH:33,H06, TACK:94,4",Justin Rodney rush for 1 yard to the PW6 (Karlis Brauns;William Lloyd).,"V,3,3,H06",rush,NA,0,NA,0,7,0,NA,3,V,FG,"INT,1,09:42,69","TD,1,05:22,100",8,31,4:20,INT,1,09:42,PW31,TD,1,05:22,PW00,1
2021_09_FG_PW,FG,PW,Frankfurt Galaxy,Panthers Wroclaw,8/15/2021,"Wroclaw, Poland",Stadion Olimpijski,15:00,17:49,2:49,3000,29 C,W 13km/h,Sunny,Walentynowicz,Klimes,Walentynowicz,Szczepanski,Marciniak,Hameder,Romanczyk,FG,3,3,PW06,"V,3,3,H06","3,7,26","RUSH:7,H01, TACK:4","Jakeb Sullivan rush for 5 yards to the PW1, 1ST DOWN FG (William Lloyd).","V,1,0,H01",rush,NA,0,rush,0,7,0,NA,3,V,FG,"INT,1,09:42,69","TD,1,05:22,100",8,31,4:20,INT,1,09:42,PW31,TD,1,05:22,PW00,1
2021_09_FG_PW,FG,PW,Frankfurt Galaxy,Panthers Wroclaw,8/15/2021,"Wroclaw, Poland",Stadion Olimpijski,15:00,17:49,2:49,3000,29 C,W 13km/h,Sunny,Walentynowicz,Klimes,Walentynowicz,Szczepanski,Marciniak,Hameder,Romanczyk,FG,1,0,PW01,"V,1,0,H01","3,8,27","RUSH:7,H01, TACK:92,37",Jakeb Sullivan rush for no gain to the PW1 (Adrian Brudny;Filip Kloskowski).,"V,2,0,H01",rush,NA,0,NA,0,7,0,NA,3,V,FG,"INT,1,09:42,69","TD,1,05:22,100",8,31,4:20,INT,1,09:42,PW31,TD,1,05:22,PW00,1
2021_09_FG_PW,FG,PW,Frankfurt Galaxy,Panthers Wroclaw,8/15/2021,"Wroclaw, Poland",Stadion Olimpijski,15:00,17:49,2:49,3000,29 C,W 13km/h,Sunny,Walentynowicz,Klimes,Walentynowicz,Szczepanski,Marciniak,Hameder,Romanczyk,FG,2,0,PW01,"V,2,0,H01","3,9,28","RUSH:33,H04, TACK:8",Justin Rodney rush for loss of 3 yards to the PW4 (Hubert Ogrodowczyk).,"V,3,0,H04",rush,NA,0,NA,0,7,0,NA,3,V,FG,"INT,1,09:42,69","TD,1,05:22,100",8,31,4:20,INT,1,09:42,PW31,TD,1,05:22,PW00,1
2021_09_FG_PW,FG,PW,Frankfurt Galaxy,Panthers Wroclaw,8/15/2021,"Wroclaw, Poland",Stadion Olimpijski,15:00,17:49,2:49,3000,29 C,W 13km/h,Sunny,Walentynowicz,Klimes,Walentynowicz,Szczepanski,Marciniak,Hameder,Romanczyk,FG,3,0,PW04,"V,3,0,H04","3,10,29","SPOT:V,H02,N",FG ball on PW2.,"V,3,0,H02",NA,NA,0,NA,0,7,0,NA,3,V,FG,"INT,1,09:42,69","TD,1,05:22,100",8,31,4:20,INT,1,09:42,PW31,TD,1,05:22,PW00,1
2021_09_FG_PW,FG,PW,Frankfurt Galaxy,Panthers Wroclaw,8/15/2021,"Wroclaw, Poland",Stadion Olimpijski,15:00,17:49,2:49,3000,29 C,W 13km/h,Sunny,Walentynowicz,Klimes,Walentynowicz,Szczepanski,Marciniak,Hameder,Romanczyk,FG,3,0,PW02,"V,3,0,H02","3,11,30","PASS:7,C,84,H00 T:05:22","Jakeb Sullivan pass complete to Cheikhou Sow for 2 yards to the PW0, TOUCHDOWN, clock 05:22.","V,1,10,H15",pass,05:22,0,NA,1,13,0,NA,3,V,FG,"INT,1,09:42,69","TD,1,05:22,100",8,31,4:20,INT,1,09:42,PW31,TD,1,05:22,PW00,1
2021_09_FG_PW,FG,PW,Frankfurt Galaxy,Panthers Wroclaw,8/15/2021,"Wroclaw, Poland",Stadion Olimpijski,15:00,17:49,2:49,3000,29 C,W 13km/h,Sunny,Walentynowicz,Klimes,Walentynowicz,Szczepanski,Marciniak,Hameder,Romanczyk,FG,1,10,PW15,"V,1,10,H15","3,12,31",TOUT:V T:05:22,"Timeout Frankfurt Galaxy, clock 05:22.","V,1,10,H15",NA,05:22,0,NA,0,13,0,NA,3,V,FG,"INT,1,09:42,69","TD,1,05:22,100",8,31,4:20,INT,1,09:42,PW31,TD,1,05:22,PW00,1
2021_09_FG_PW,FG,PW,Frankfurt Galaxy,Panthers Wroclaw,8/15/2021,"Wroclaw, Poland",Stadion Olimpijski,15:00,17:49,2:49,3000,29 C,W 13km/h,Sunny,Walentynowicz,Klimes,Walentynowicz,Szczepanski,Marciniak,Hameder,Romanczyk,FG,1,10,PW15,"V,1,10,H15","3,13,32","PEN:H,OD,A,94,H10,N",PENALTY PW offside defense (Karlis Brauns) 5 yards to the PW10.,"V,1,5,H10",penalty,NA,0,NA,0,13,0,NA,3,V,FG,"INT,1,09:42,69","TD,1,05:22,100",8,31,4:20,INT,1,09:42,PW31,TD,1,05:22,PW00,1
2021_09_FG_PW,FG,PW,Frankfurt Galaxy,Panthers Wroclaw,8/15/2021,"Wroclaw, Poland",Stadion Olimpijski,15:00,17:49,2:49,3000,29 C,W 13km/h,Sunny,Walentynowicz,Klimes,Walentynowicz,Szczepanski,Marciniak,Hameder,Romanczyk,FG,1,5,PW10,"V,1,5,H10","3,14,33","PAT:K,82,X",Hendrik Schwarz kick attempt failed (intercepted).,"V,1,0,V35",pat,NA,0,NA,0,13,0,NA,3,V,FG,"INT,1,09:42,69","TD,1,05:22,100",8,31,4:20,INT,1,09:42,PW31,TD,1,05:22,PW00,1
2021_09_FG_PW,FG,PW,Frankfurt Galaxy,Panthers Wroclaw,8/15/2021,"Wroclaw, Poland",Stadion Olimpijski,15:00,17:49,2:49,3000,29 C,W 13km/h,Sunny,Walentynowicz,Klimes,Walentynowicz,Szczepanski,Marciniak,Hameder,Romanczyk,FG,1,0,FG35,"V,1,0,V35","3,15,34","KO:19,H04 RET:12,H36 TACK:19","Nico Strahmann kickoff 61 yards to the PW4, KaVontee Turpin return 32 yards to the PW36 (Nico Strahmann).","H,1,10,H36",kick_off,NA,0,NA,0,13,0,NA,3,V,FG,"INT,1,09:42,69","TD,1,05:22,100",8,31,4:20,INT,1,09:42,PW31,TD,1,05:22,PW00,1
2021_09_FG_PW,FG,PW,Frankfurt Galaxy,Panthers Wroclaw,8/15/2021,"Wroclaw, Poland",Stadion Olimpijski,15:00,17:49,2:49,3000,29 C,W 13km/h,Sunny,Walentynowicz,Klimes,Walentynowicz,Szczepanski,Marciniak,Hameder,Romanczyk,PW,1,10,PW36,"H,1,10,H36","4,1,35",{DRIVE}:05:19,PANTHERS WROCLAW drive start at 05:19.,"H,1,10,H36",NA,05:19,0,NA,0,13,0,NA,4,H,PW,"KO,1,05:19,36","INT,1,01:58,82",6,46,3:21,KO,1,05:19,PW36,INT,1,01:58,FG18,1
2021_09_FG_PW,FG,PW,Frankfurt Galaxy,Panthers Wroclaw,8/15/2021,"Wroclaw, Poland",Stadion Olimpijski,15:00,17:49,2:49,3000,29 C,W 13km/h,Sunny,Walentynowicz,Klimes,Walentynowicz,Szczepanski,Marciniak,Hameder,Romanczyk,PW,1,10,PW36,"H,1,10,H36","4,2,36","RUSH:25,H42, TACK:56",Philieas Pasqualini rush for 6 yards to the PW42 (Sebast. Silva Gomez).,"H,2,4,H42",rush,NA,0,NA,0,13,0,NA,4,H,PW,"KO,1,05:19,36","INT,1,01:58,82",6,46,3:21,KO,1,05:19,PW36,INT,1,01:58,FG18,1
2021_09_FG_PW,FG,PW,Frankfurt Galaxy,Panthers Wroclaw,8/15/2021,"Wroclaw, Poland",Stadion Olimpijski,15:00,17:49,2:49,3000,29 C,W 13km/h,Sunny,Walentynowicz,Klimes,Walentynowicz,Szczepanski,Marciniak,Hameder,Romanczyk,PW,2,4,PW42,"H,2,4,H42","4,3,37","PASS:2,C,15,V41 TACK:14","Lokas O´Connor pass complete to Bartosz Dziedzic for 17 yards to the FG41, 1ST DOWN PW (Joshua Poznanski).","H,1,10,V41",pass,NA,0,pass,0,13,0,NA,4,H,PW,"KO,1,05:19,36","INT,1,01:58,82",6,46,3:21,KO,1,05:19,PW36,INT,1,01:58,FG18,1
2021_09_FG_PW,FG,PW,Frankfurt Galaxy,Panthers Wroclaw,8/15/2021,"Wroclaw, Poland",Stadion Olimpijski,15:00,17:49,2:49,3000,29 C,W 13km/h,Sunny,Walentynowicz,Klimes,Walentynowicz,Szczepanski,Marciniak,Hameder,Romanczyk,PW,1,10,FG41,"H,1,10,V41","4,4,38","RUSH:25,V40, TACK:96,56",Philieas Pasqualini rush for 1 yard to the FG40 (M. Sy;Sebast. Silva Gomez).,"H,2,9,V40",rush,NA,0,NA,0,13,0,NA,4,H,PW,"KO,1,05:19,36","INT,1,01:58,82",6,46,3:21,KO,1,05:19,PW36,INT,1,01:58,FG18,1
2021_09_FG_PW,FG,PW,Frankfurt Galaxy,Panthers Wroclaw,8/15/2021,"Wroclaw, Poland",Stadion Olimpijski,15:00,17:49,2:49,3000,29 C,W 13km/h,Sunny,Walentynowicz,Klimes,Walentynowicz,Szczepanski,Marciniak,Hameder,Romanczyk,PW,2,9,FG40,"H,2,9,V40","4,5,39","RUSH:25,V26, TACK:18,41","Philieas Pasqualini rush for 14 yards to the FG26, 1ST DOWN PW (F. Lowery;Sebastian Gauthier).","H,1,10,V26",rush,NA,0,rush,0,13,0,NA,4,H,PW,"KO,1,05:19,36","INT,1,01:58,82",6,46,3:21,KO,1,05:19,PW36,INT,1,01:58,FG18,1
2021_09_FG_PW,FG,PW,Frankfurt Galaxy,Panthers Wroclaw,8/15/2021,"Wroclaw, Poland",Stadion Olimpijski,15:00,17:49,2:49,3000,29 C,W 13km/h,Sunny,Walentynowicz,Klimes,Walentynowicz,Szczepanski,Marciniak,Hameder,Romanczyk,PW,1,10,FG26,"H,1,10,V26","4,6,40","PASS:2,C,15,V18 TACK:18,25",Lokas O´Connor pass complete to Bartosz Dziedzic for 8 yards to the FG18 (F. Lowery;Benji Barnes).,"H,2,2,V18",pass,NA,0,NA,0,13,0,NA,4,H,PW,"KO,1,05:19,36","INT,1,01:58,82",6,46,3:21,KO,1,05:19,PW36,INT,1,01:58,FG18,1
2021_09_FG_PW,FG,PW,Frankfurt Galaxy,Panthers Wroclaw,8/15/2021,"Wroclaw, Poland",Stadion Olimpijski,15:00,17:49,2:49,3000,29 C,W 13km/h,Sunny,Walentynowicz,Klimes,Walentynowicz,Szczepanski,Marciniak,Hameder,Romanczyk,PW,2,2,FG18,"H,2,2,V18","4,7,41","PASS:2,X,41,V02 RET:41,V02","Lokas O´Connor pass intercepted by Sebastian Gauthier at the FG2, Sebastian Gauthier return 0 yards to the FG2.","V,1,10,V02",pass,NA,0,NA,0,13,0,I,4,H,PW,"KO,1,05:19,36","INT,1,01:58,82",6,46,3:21,KO,1,05:19,PW36,INT,1,01:58,FG18,1
2021_09_FG_PW,FG,PW,Frankfurt Galaxy,Panthers Wroclaw,8/15/2021,"Wroclaw, Poland",Stadion Olimpijski,15:00,17:49,2:49,3000,29 C,W 13km/h,Sunny,Walentynowicz,Klimes,Walentynowicz,Szczepanski,Marciniak,Hameder,Romanczyk,FG,1,10,FG02,"V,1,10,V02","5,1,42",{DRIVE}:01:58,FRANKFURT GALAXY drive start at 01:58.,"V,1,10,V02",NA,01:58,0,NA,0,13,0,NA,5,V,FG,"INT,1,01:58,2","FGA,2,08:36,74",14,72,8:22,INT,1,01:58,FG02,FGA,2,08:36,PW26,1
2021_09_FG_PW,FG,PW,Frankfurt Galaxy,Panthers Wroclaw,8/15/2021,"Wroclaw, Poland",Stadion Olimpijski,15:00,17:49,2:49,3000,29 C,W 13km/h,Sunny,Walentynowicz,Klimes,Walentynowicz,Szczepanski,Marciniak,Hameder,Romanczyk,FG,1,10,FG02,"V,1,10,V02","5,2,43","PASS:7,C,19,V12 TACK:24","Jakeb Sullivan pass complete to Nico Strahmann for 10 yards to the FG12, 1ST DOWN FG (William James).","V,1,10,V12",pass,NA,0,pass,0,13,0,NA,5,V,FG,"INT,1,01:58,2","FGA,2,08:36,74",14,72,8:22,INT,1,01:58,FG02,FGA,2,08:36,PW26,1
2021_09_FG_PW,FG,PW,Frankfurt Galaxy,Panthers Wroclaw,8/15/2021,"Wroclaw, Poland",Stadion Olimpijski,15:00,17:49,2:49,3000,29 C,W 13km/h,Sunny,Walentynowicz,Klimes,Walentynowicz,Szczepanski,Marciniak,Hameder,Romanczyk,FG,1,10,FG12,"V,1,10,V12","5,3,44","PASS:7,I,86,* PEN:H,OD,A,94,V17,N NOPLAY:","Jakeb Sullivan pass incomplete to Lorenz Regler, PENALTY PW offside defense (Karlis Brauns) 5 yards to the FG17, NO PLAY.","V,1,5,V17",penalty,NA,0,NA,0,13,0,NA,5,V,FG,"INT,1,01:58,2","FGA,2,08:36,74",14,72,8:22,INT,1,01:58,FG02,FGA,2,08:36,PW26,1
2021_09_FG_PW,FG,PW,Frankfurt Galaxy,Panthers Wroclaw,8/15/2021,"Wroclaw, Poland",Stadion Olimpijski,15:00,17:49,2:49,3000,29 C,W 13km/h,Sunny,Walentynowicz,Klimes,Walentynowicz,Szczepanski,Marciniak,Hameder,Romanczyk,FG,1,5,FG17,"V,1,5,V17","5,4,45","RUSH:33,V24, TACK:4","Justin Rodney rush for 7 yards to the FG24, 1ST DOWN FG (William Lloyd).","V,1,10,V24",rush,NA,0,rush,0,13,0,NA,5,V,FG,"INT,1,01:58,2","FGA,2,08:36,74",14,72,8:22,INT,1,01:58,FG02,FGA,2,08:36,PW26,1
2021_09_FG_PW,FG,PW,Frankfurt Galaxy,Panthers Wroclaw,8/15/2021,"Wroclaw, Poland",Stadion Olimpijski,15:00,17:49,2:49,3000,29 C,W 13km/h,Sunny,Walentynowicz,Klimes,Walentynowicz,Szczepanski,Marciniak,Hameder,Romanczyk,FG,1,10,FG24,"V,1,10,V24","5,5,46","PASS:7,S,TM,V16 SACK:94",Jakeb Sullivan sacked for loss of 8 yards to the FG16 (Karlis Brauns).,"V,2,18,V16",pass,NA,0,NA,0,13,0,NA,5,V,FG,"INT,1,01:58,2","FGA,2,08:36,74",14,72,8:22,INT,1,01:58,FG02,FGA,2,08:36,PW26,1
2021_09_FG_PW,FG,PW,Frankfurt Galaxy,Panthers Wroclaw,8/15/2021,"Wroclaw, Poland",Stadion Olimpijski,15:00,17:49,2:49,3000,29 C,W 13km/h,Sunny,Walentynowicz,Klimes,Walentynowicz,Szczepanski,Marciniak,Hameder,Romanczyk,FG,2,18,FG16,"V,2,18,V16","5,6,47",TOUT:H T:00:07,"Timeout Panthers Wroclaw, clock 00:07.","V,2,18,V16",NA,00:07,0,NA,0,13,0,NA,5,V,FG,"INT,1,01:58,2","FGA,2,08:36,74",14,72,8:22,INT,1,01:58,FG02,FGA,2,08:36,PW26,1
2021_09_FG_PW,FG,PW,Frankfurt Galaxy,Panthers Wroclaw,8/15/2021,"Wroclaw, Poland",Stadion Olimpijski,15:00,17:49,2:49,3000,29 C,W 13km/h,Sunny,Walentynowicz,Klimes,Walentynowicz,Szczepanski,Marciniak,Hameder,Romanczyk,FG,2,18,FG16,"V,2,18,V16","5,7,48","PASS:7,C,19,V25 TACK:24",Jakeb Sullivan pass complete to Nico Strahmann for 9 yards to the FG25 (William James).,"V,3,9,V25",pass,NA,0,NA,0,13,0,NA,5,V,FG,"INT,1,01:58,2","FGA,2,08:36,74",14,72,8:22,INT,1,01:58,FG02,FGA,2,08:36,PW26,1
2021_09_FG_PW,FG,PW,Frankfurt Galaxy,Panthers Wroclaw,8/15/2021,"Wroclaw, Poland",Stadion Olimpijski,15:00,17:49,2:49,3000,29 C,W 13km/h,Sunny,Walentynowicz,Klimes,Walentynowicz,Szczepanski,Marciniak,Hameder,Romanczyk,FG,3,9,FG25,"V,3,9,V25","5,8,49",Q:2 T:15:00,"Start of 2nd quarter, clock 15:00.","V,3,9,V25",NA,15:00,0,NA,0,13,0,NA,5,V,FG,"INT,1,01:58,2","FGA,2,08:36,74",14,72,8:22,INT,1,01:58,FG02,FGA,2,08:36,PW26,1
2021_09_FG_PW,FG,PW,Frankfurt Galaxy,Panthers Wroclaw,8/15/2021,"Wroclaw, Poland",Stadion Olimpijski,15:00,17:49,2:49,3000,29 C,W 13km/h,Sunny,Walentynowicz,Klimes,Walentynowicz,Szczepanski,Marciniak,Hameder,Romanczyk,FG,3,9,FG25,"V,3,9,V25","5,9,50","PASS:7,C,13,V40 TACK:5","Jakeb Sullivan pass complete to Marvin Rutsch for 15 yards to the FG40, 1ST DOWN FG (Goran Zec).","V,1,10,V40",pass,NA,0,pass,0,13,0,NA,5,V,FG,"INT,1,01:58,2","FGA,2,08:36,74",14,72,8:22,INT,1,01:58,FG02,FGA,2,08:36,PW26,1
2021_09_FG_PW,FG,PW,Frankfurt Galaxy,Panthers Wroclaw,8/15/2021,"Wroclaw, Poland",Stadion Olimpijski,15:00,17:49,2:49,3000,29 C,W 13km/h,Sunny,Walentynowicz,Klimes,Walentynowicz,Szczepanski,Marciniak,Hameder,Romanczyk,FG,1,10,FG40,"V,1,10,V40","5,10,51","PASS:7,I,11,* BRUP:1",Jakeb Sullivan pass incomplete to Anthony Mahoungou (Darius Robinson).,"V,2,10,V40",pass,NA,0,NA,0,13,0,NA,5,V,FG,"INT,1,01:58,2","FGA,2,08:36,74",14,72,8:22,INT,1,01:58,FG02,FGA,2,08:36,PW26,1
2021_09_FG_PW,FG,PW,Frankfurt Galaxy,Panthers Wroclaw,8/15/2021,"Wroclaw, Poland",Stadion Olimpijski,15:00,17:49,2:49,3000,29 C,W 13km/h,Sunny,Walentynowicz,Klimes,Walentynowicz,Szczepanski,Marciniak,Hameder,Romanczyk,FG,2,10,FG40,"V,2,10,V40","5,11,52","RUSH:33,V46, TACK:4,8",Justin Rodney rush for 6 yards to the FG46 (William Lloyd;Hubert Ogrodowczyk).,"V,3,4,V46",rush,NA,0,NA,0,13,0,NA,5,V,FG,"INT,1,01:58,2","FGA,2,08:36,74",14,72,8:22,INT,1,01:58,FG02,FGA,2,08:36,PW26,1
2021_09_FG_PW,FG,PW,Frankfurt Galaxy,Panthers Wroclaw,8/15/2021,"Wroclaw, Poland",Stadion Olimpijski,15:00,17:49,2:49,3000,29 C,W 13km/h,Sunny,Walentynowicz,Klimes,Walentynowicz,Szczepanski,Marciniak,Hameder,Romanczyk,FG,3,4,FG46,"V,3,4,V46","5,12,53","PASS:7,C,86,H32 TACK:31","Jakeb Sullivan pass complete to Lorenz Regler for 22 yards to the PW32, 1ST DOWN FG (Szymon Romanowski).","V,1,10,H32",pass,NA,0,pass,0,13,0,NA,5,V,FG,"INT,1,01:58,2","FGA,2,08:36,74",14,72,8:22,INT,1,01:58,FG02,FGA,2,08:36,PW26,1
2021_09_FG_PW,FG,PW,Frankfurt Galaxy,Panthers Wroclaw,8/15/2021,"Wroclaw, Poland",Stadion Olimpijski,15:00,17:49,2:49,3000,29 C,W 13km/h,Sunny,Walentynowicz,Klimes,Walentynowicz,Szczepanski,Marciniak,Hameder,Romanczyk,FG,1,10,PW32,"V,1,10,H32","5,13,54","PASS:7,C,84,H30 TACK:28 PEN:V,12,A,TM,H37,N NOPLAY:","Jakeb Sullivan pass complete to Cheikhou Sow for 2 yards to the PW30 (Pierre Courageaux), PENALTY FG 12 men on the field 5 yards to the PW37, NO PLAY.","V,1,15,H37",penalty,NA,0,NA,0,13,0,NA,5,V,FG,"INT,1,01:58,2","FGA,2,08:36,74",14,72,8:22,INT,1,01:58,FG02,FGA,2,08:36,PW26,1
2021_09_FG_PW,FG,PW,Frankfurt Galaxy,Panthers Wroclaw,8/15/2021,"Wroclaw, Poland",Stadion Olimpijski,15:00,17:49,2:49,3000,29 C,W 13km/h,Sunny,Walentynowicz,Klimes,Walentynowicz,Szczepanski,Marciniak,Hameder,Romanczyk,FG,1,15,PW37,"V,1,15,H37","5,14,55","PASS:7,C,82,H18 TACK:6,4","Jakeb Sullivan pass complete to Hendrik Schwarz for 19 yards to the PW18, 1ST DOWN FG (Kamil Ruta;William Lloyd).","V,1,10,H18",pass,NA,0,pass,0,13,0,NA,5,V,FG,"INT,1,01:58,2","FGA,2,08:36,74",14,72,8:22,INT,1,01:58,FG02,FGA,2,08:36,PW26,1
2021_09_FG_PW,FG,PW,Frankfurt Galaxy,Panthers Wroclaw,8/15/2021,"Wroclaw, Poland",Stadion Olimpijski,15:00,17:49,2:49,3000,29 C,W 13km/h,Sunny,Walentynowicz,Klimes,Walentynowicz,Szczepanski,Marciniak,Hameder,Romanczyk,FG,1,10,PW18,"V,1,10,H18","5,15,56","RUSH:33,H14, TACK:6,97",Justin Rodney rush for 4 yards to the PW14 (Kamil Ruta;Lukasz Gembara).,"V,2,6,H14",rush,NA,0,NA,0,13,0,NA,5,V,FG,"INT,1,01:58,2","FGA,2,08:36,74",14,72,8:22,INT,1,01:58,FG02,FGA,2,08:36,PW26,1
2021_09_FG_PW,FG,PW,Frankfurt Galaxy,Panthers Wroclaw,8/15/2021,"Wroclaw, Poland",Stadion Olimpijski,15:00,17:49,2:49,3000,29 C,W 13km/h,Sunny,Walentynowicz,Klimes,Walentynowicz,Szczepanski,Marciniak,Hameder,Romanczyk,FG,2,6,PW14,"V,2,6,H14","5,16,57","PEN:V,FS,A,33,H19,N",PENALTY FG false start (Justin Rodney) 5 yards to the PW19.,"V,2,11,H19",penalty,NA,0,NA,0,13,0,NA,5,V,FG,"INT,1,01:58,2","FGA,2,08:36,74",14,72,8:22,INT,1,01:58,FG02,FGA,2,08:36,PW26,1
2021_09_FG_PW,FG,PW,Frankfurt Galaxy,Panthers Wroclaw,8/15/2021,"Wroclaw, Poland",Stadion Olimpijski,15:00,17:49,2:49,3000,29 C,W 13km/h,Sunny,Walentynowicz,Klimes,Walentynowicz,Szczepanski,Marciniak,Hameder,Romanczyk,FG,2,11,PW19,"V,2,11,H19","5,17,58","RUSH:7,H12, TACK:57",Jakeb Sullivan rush for 7 yards to the PW12 (Daniel Tarnawski).,"V,3,4,H12",rush,NA,0,NA,0,13,0,NA,5,V,FG,"INT,1,01:58,2","FGA,2,08:36,74",14,72,8:22,INT,1,01:58,FG02,FGA,2,08:36,PW26,1
2021_09_FG_PW,FG,PW,Frankfurt Galaxy,Panthers Wroclaw,8/15/2021,"Wroclaw, Poland",Stadion Olimpijski,15:00,17:49,2:49,3000,29 C,W 13km/h,Sunny,Walentynowicz,Klimes,Walentynowicz,Szczepanski,Marciniak,Hameder,Romanczyk,FG,3,4,PW12,"V,3,4,H12","5,18,59","SPOT:V,H32,N",FG ball on PW32.,"V,3,4,H32",NA,NA,0,NA,0,13,0,NA,5,V,FG,"INT,1,01:58,2","FGA,2,08:36,74",14,72,8:22,INT,1,01:58,FG02,FGA,2,08:36,PW26,1
2021_09_FG_PW,FG,PW,Frankfurt Galaxy,Panthers Wroclaw,8/15/2021,"Wroclaw, Poland",Stadion Olimpijski,15:00,17:49,2:49,3000,29 C,W 13km/h,Sunny,Walentynowicz,Klimes,Walentynowicz,Szczepanski,Marciniak,Hameder,Romanczyk,FG,3,4,PW32,"V,3,4,H32","5,19,60","D:2,24",2nd and 24.,"V,2,24,H32",NA,NA,0,NA,0,13,0,NA,5,V,FG,"INT,1,01:58,2","FGA,2,08:36,74",14,72,8:22,INT,1,01:58,FG02,FGA,2,08:36,PW26,1
2021_09_FG_PW,FG,PW,Frankfurt Galaxy,Panthers Wroclaw,8/15/2021,"Wroclaw, Poland",Stadion Olimpijski,15:00,17:49,2:49,3000,29 C,W 13km/h,Sunny,Walentynowicz,Klimes,Walentynowicz,Szczepanski,Marciniak,Hameder,Romanczyk,FG,2,24,PW32,"V,2,24,H32","5,20,61","PASS:7,S,TM,H45 SACK:93",Jakeb Sullivan sacked for loss of 13 yards to the PW45 (Damian Wesolowski).,"V,3,37,H45",pass,NA,0,NA,0,13,0,NA,5,V,FG,"INT,1,01:58,2","FGA,2,08:36,74",14,72,8:22,INT,1,01:58,FG02,FGA,2,08:36,PW26,1
2021_09_FG_PW,FG,PW,Frankfurt Galaxy,Panthers Wroclaw,8/15/2021,"Wroclaw, Poland",Stadion Olimpijski,15:00,17:49,2:49,3000,29 C,W 13km/h,Sunny,Walentynowicz,Klimes,Walentynowicz,Szczepanski,Marciniak,Hameder,Romanczyk,FG,3,37,PW45,"V,3,37,H45","5,21,62","PASS:7,C,13,H26 TACK:5,28",Jakeb Sullivan pass complete to Marvin Rutsch for 19 yards to the PW26 (Goran Zec;Pierre Courageaux).,"V,4,18,H26",pass,NA,0,NA,0,13,0,NA,5,V,FG,"INT,1,01:58,2","FGA,2,08:36,74",14,72,8:22,INT,1,01:58,FG02,FGA,2,08:36,PW26,1
2021_09_FG_PW,FG,PW,Frankfurt Galaxy,Panthers Wroclaw,8/15/2021,"Wroclaw, Poland",Stadion Olimpijski,15:00,17:49,2:49,3000,29 C,W 13km/h,Sunny,Walentynowicz,Klimes,Walentynowicz,Szczepanski,Marciniak,Hameder,Romanczyk,FG,4,18,PW26,"V,4,18,H26","5,22,63","FGA:42,44,M,H34,L T:08:36","Max Ebsen field goal attempt from 44 MISSED - wide left, spot at PW34, clock 08:36.","H,1,10,H34",field_goal,08:36,0,NA,0,13,0,NA,5,V,FG,"INT,1,01:58,2","FGA,2,08:36,74",14,72,8:22,INT,1,01:58,FG02,FGA,2,08:36,PW26,1
2021_09_FG_PW,FG,PW,Frankfurt Galaxy,Panthers Wroclaw,8/15/2021,"Wroclaw, Poland",Stadion Olimpijski,15:00,17:49,2:49,3000,29 C,W 13km/h,Sunny,Walentynowicz,Klimes,Walentynowicz,Szczepanski,Marciniak,Hameder,Romanczyk,PW,1,10,PW34,"H,1,10,H34","6,1,64",{DRIVE}:08:36,PANTHERS WROCLAW drive start at 08:36.,"H,1,10,H34",NA,08:36,0,NA,0,13,0,NA,6,H,PW,"FGA,2,08:36,34","PUNT,2,06:49,26",3,-8,1:47,FGA,2,08:36,PW34,PUNT,2,06:49,PW26,NA
2021_09_FG_PW,FG,PW,Frankfurt Galaxy,Panthers Wroclaw,8/15/2021,"Wroclaw, Poland",Stadion Olimpijski,15:00,17:49,2:49,3000,29 C,W 13km/h,Sunny,Walentynowicz,Klimes,Walentynowicz,Szczepanski,Marciniak,Hameder,Romanczyk,PW,1,10,PW34,"H,1,10,H34","6,2,65",TOUT:H T:08:36,"Timeout Panthers Wroclaw, clock 08:36.","H,1,10,H34",NA,08:36,0,NA,0,13,0,NA,6,H,PW,"FGA,2,08:36,34","PUNT,2,06:49,26",3,-8,1:47,FGA,2,08:36,PW34,PUNT,2,06:49,PW26,NA
2021_09_FG_PW,FG,PW,Frankfurt Galaxy,Panthers Wroclaw,8/15/2021,"Wroclaw, Poland",Stadion Olimpijski,15:00,17:49,2:49,3000,29 C,W 13km/h,Sunny,Walentynowicz,Klimes,Walentynowicz,Szczepanski,Marciniak,Hameder,Romanczyk,PW,1,10,PW34,"H,1,10,H34","6,3,66","PASS:2,I,82,*",Lokas O´Connor pass incomplete to Przemyslaw Banat.,"H,2,10,H34",pass,NA,0,NA,0,13,0,NA,6,H,PW,"FGA,2,08:36,34","PUNT,2,06:49,26",3,-8,1:47,FGA,2,08:36,PW34,PUNT,2,06:49,PW26,NA
2021_09_FG_PW,FG,PW,Frankfurt Galaxy,Panthers Wroclaw,8/15/2021,"Wroclaw, Poland",Stadion Olimpijski,15:00,17:49,2:49,3000,29 C,W 13km/h,Sunny,Walentynowicz,Klimes,Walentynowicz,Szczepanski,Marciniak,Hameder,Romanczyk,PW,2,10,PW34,"H,2,10,H34","6,4,67","PASS:2,C,12,H33 TACK:42,36",Lokas O´Connor pass complete to KaVontee Turpin for loss of 1 yard to the PW33 (Max Ebsen;Myron De Vane).,"H,3,11,H33",pass,NA,0,NA,0,13,0,NA,6,H,PW,"FGA,2,08:36,34","PUNT,2,06:49,26",3,-8,1:47,FGA,2,08:36,PW34,PUNT,2,06:49,PW26,NA
2021_09_FG_PW,FG,PW,Frankfurt Galaxy,Panthers Wroclaw,8/15/2021,"Wroclaw, Poland",Stadion Olimpijski,15:00,17:49,2:49,3000,29 C,W 13km/h,Sunny,Walentynowicz,Klimes,Walentynowicz,Szczepanski,Marciniak,Hameder,Romanczyk,PW,3,11,PW33,"H,3,11,H33","6,5,68",TOUT:V T:07:43,"Timeout Frankfurt Galaxy, clock 07:43.","H,3,11,H33",NA,07:43,0,NA,0,13,0,NA,6,H,PW,"FGA,2,08:36,34","PUNT,2,06:49,26",3,-8,1:47,FGA,2,08:36,PW34,PUNT,2,06:49,PW26,NA
2021_09_FG_PW,FG,PW,Frankfurt Galaxy,Panthers Wroclaw,8/15/2021,"Wroclaw, Poland",Stadion Olimpijski,15:00,17:49,2:49,3000,29 C,W 13km/h,Sunny,Walentynowicz,Klimes,Walentynowicz,Szczepanski,Marciniak,Hameder,Romanczyk,PW,3,11,PW33,"H,3,11,H33","6,6,69","PASS:2,S,TM,H26 SACK:90",Lokas O´Connor sacked for loss of 7 yards to the PW26 (Marc Anthony Hor).,"H,4,18,H26",pass,NA,0,NA,0,13,0,NA,6,H,PW,"FGA,2,08:36,34","PUNT,2,06:49,26",3,-8,1:47,FGA,2,08:36,PW34,PUNT,2,06:49,PW26,NA
2021_09_FG_PW,FG,PW,Frankfurt Galaxy,Panthers Wroclaw,8/15/2021,"Wroclaw, Poland",Stadion Olimpijski,15:00,17:49,2:49,3000,29 C,W 13km/h,Sunny,Walentynowicz,Klimes,Walentynowicz,Szczepanski,Marciniak,Hameder,Romanczyk,PW,4,18,PW26,"H,4,18,H26","6,7,70","PUNT:44,V20 OB:","Tadhg Leader punt 54 yards to the FG20, out-of-bounds.","V,1,10,V20",punt,NA,1,NA,0,13,0,NA,6,H,PW,"FGA,2,08:36,34","PUNT,2,06:49,26",3,-8,1:47,FGA,2,08:36,PW34,PUNT,2,06:49,PW26,NA
2021_09_FG_PW,FG,PW,Frankfurt Galaxy,Panthers Wroclaw,8/15/2021,"Wroclaw, Poland",Stadion Olimpijski,15:00,17:49,2:49,3000,29 C,W 13km/h,Sunny,Walentynowicz,Klimes,Walentynowicz,Szczepanski,Marciniak,Hameder,Romanczyk,FG,1,10,FG20,"V,1,10,V20","7,1,71",{DRIVE}:06:49,FRANKFURT GALAXY drive start at 06:49.,"V,1,10,V20",NA,06:49,0,NA,0,13,0,NA,7,V,FG,"PUNT,2,06:49,20","PUNT,2,05:04,14",4,-6,1:45,PUNT,2,06:49,FG20,PUNT,2,05:04,FG14,NA
2021_09_FG_PW,FG,PW,Frankfurt Galaxy,Panthers Wroclaw,8/15/2021,"Wroclaw, Poland",Stadion Olimpijski,15:00,17:49,2:49,3000,29 C,W 13km/h,Sunny,Walentynowicz,Klimes,Walentynowicz,Szczepanski,Marciniak,Hameder,Romanczyk,FG,1,10,FG20,"V,1,10,V20","7,2,72","PASS:7,I,82,*",Jakeb Sullivan pass incomplete to Hendrik Schwarz.,"V,2,10,V20",pass,NA,0,NA,0,13,0,NA,7,V,FG,"PUNT,2,06:49,20","PUNT,2,05:04,14",4,-6,1:45,PUNT,2,06:49,FG20,PUNT,2,05:04,FG14,NA
2021_09_FG_PW,FG,PW,Frankfurt Galaxy,Panthers Wroclaw,8/15/2021,"Wroclaw, Poland",Stadion Olimpijski,15:00,17:49,2:49,3000,29 C,W 13km/h,Sunny,Walentynowicz,Klimes,Walentynowicz,Szczepanski,Marciniak,Hameder,Romanczyk,FG,2,10,FG20,"V,2,10,V20","7,3,73","PEN:V,12,A,TM,V15,N",PENALTY FG 12 men on the field 5 yards to the FG15.,"V,2,15,V15",penalty,NA,0,NA,0,13,0,NA,7,V,FG,"PUNT,2,06:49,20","PUNT,2,05:04,14",4,-6,1:45,PUNT,2,06:49,FG20,PUNT,2,05:04,FG14,NA
2021_09_FG_PW,FG,PW,Frankfurt Galaxy,Panthers Wroclaw,8/15/2021,"Wroclaw, Poland",Stadion Olimpijski,15:00,17:49,2:49,3000,29 C,W 13km/h,Sunny,Walentynowicz,Klimes,Walentynowicz,Szczepanski,Marciniak,Hameder,Romanczyk,FG,2,15,FG15,"V,2,15,V15","7,4,74","D:1,15 PASS:7,C,11,V18 TACK:4","1st and 15, Jakeb Sullivan pass complete to Anthony Mahoungou for 3 yards to the FG18 (William Lloyd).","V,2,12,V18",pass,NA,0,NA,0,13,0,NA,7,V,FG,"PUNT,2,06:49,20","PUNT,2,05:04,14",4,-6,1:45,PUNT,2,06:49,FG20,PUNT,2,05:04,FG14,NA
2021_09_FG_PW,FG,PW,Frankfurt Galaxy,Panthers Wroclaw,8/15/2021,"Wroclaw, Poland",Stadion Olimpijski,15:00,17:49,2:49,3000,29 C,W 13km/h,Sunny,Walentynowicz,Klimes,Walentynowicz,Szczepanski,Marciniak,Hameder,Romanczyk,FG,2,12,FG18,"V,2,12,V18","7,5,75","PASS:7,I,86,*",Jakeb Sullivan pass incomplete to Lorenz Regler.,"V,3,12,V18",pass,NA,0,NA,0,13,0,NA,7,V,FG,"PUNT,2,06:49,20","PUNT,2,05:04,14",4,-6,1:45,PUNT,2,06:49,FG20,PUNT,2,05:04,FG14,NA
2021_09_FG_PW,FG,PW,Frankfurt Galaxy,Panthers Wroclaw,8/15/2021,"Wroclaw, Poland",Stadion Olimpijski,15:00,17:49,2:49,3000,29 C,W 13km/h,Sunny,Walentynowicz,Klimes,Walentynowicz,Szczepanski,Marciniak,Hameder,Romanczyk,FG,3,12,FG18,"V,3,12,V18","7,6,76","PASS:7,S,TM,V19 SACK:57,99",Jakeb Sullivan sacked for 1 yard to the FG19 (Daniel Tarnawski;Robert Rosolek).,"V,4,11,V19",pass,NA,0,NA,0,13,0,NA,7,V,FG,"PUNT,2,06:49,20","PUNT,2,05:04,14",4,-6,1:45,PUNT,2,06:49,FG20,PUNT,2,05:04,FG14,NA
2021_09_FG_PW,FG,PW,Frankfurt Galaxy,Panthers Wroclaw,8/15/2021,"Wroclaw, Poland",Stadion Olimpijski,15:00,17:49,2:49,3000,29 C,W 13km/h,Sunny,Walentynowicz,Klimes,Walentynowicz,Szczepanski,Marciniak,Hameder,Romanczyk,FG,4,11,FG19,"V,4,11,V19","7,7,77","PEN:V,FS,A,44,V14,N",PENALTY FG false start (Mark Gorelik) 5 yards to the FG14.,"V,4,16,V14",penalty,NA,0,NA,0,13,0,NA,7,V,FG,"PUNT,2,06:49,20","PUNT,2,05:04,14",4,-6,1:45,PUNT,2,06:49,FG20,PUNT,2,05:04,FG14,NA
2021_09_FG_PW,FG,PW,Frankfurt Galaxy,Panthers Wroclaw,8/15/2021,"Wroclaw, Poland",Stadion Olimpijski,15:00,17:49,2:49,3000,29 C,W 13km/h,Sunny,Walentynowicz,Klimes,Walentynowicz,Szczepanski,Marciniak,Hameder,Romanczyk,FG,4,16,FG14,"V,4,16,V14","7,8,78","PUNT:82,V28 OB:","Hendrik Schwarz punt 14 yards to the FG28, out-of-bounds.","H,1,10,V28",punt,NA,1,NA,0,13,0,NA,7,V,FG,"PUNT,2,06:49,20","PUNT,2,05:04,14",4,-6,1:45,PUNT,2,06:49,FG20,PUNT,2,05:04,FG14,NA
2021_09_FG_PW,FG,PW,Frankfurt Galaxy,Panthers Wroclaw,8/15/2021,"Wroclaw, Poland",Stadion Olimpijski,15:00,17:49,2:49,3000,29 C,W 13km/h,Sunny,Walentynowicz,Klimes,Walentynowicz,Szczepanski,Marciniak,Hameder,Romanczyk,PW,1,10,FG28,"H,1,10,V28","8,1,79",{DRIVE}:05:04,PANTHERS WROCLAW drive start at 05:04.,"H,1,10,V28",NA,05:04,0,NA,0,13,0,NA,8,H,PW,"PUNT,2,05:04,72","FGA,2,03:24,78",4,6,1:40,PUNT,2,05:04,FG28,FGA,2,03:24,FG22,NA
2021_09_FG_PW,FG,PW,Frankfurt Galaxy,Panthers Wroclaw,8/15/2021,"Wroclaw, Poland",Stadion Olimpijski,15:00,17:49,2:49,3000,29 C,W 13km/h,Sunny,Walentynowicz,Klimes,Walentynowicz,Szczepanski,Marciniak,Hameder,Romanczyk,PW,1,10,FG28,"H,1,10,V28","8,2,80","RUSH:12,V27, TACK:94,41",KaVontee Turpin rush for 1 yard to the FG27 (Cedric Udegbe;Sebastian Gauthier).,"H,2,9,V27",rush,NA,0,NA,0,13,0,NA,8,H,PW,"PUNT,2,05:04,72","FGA,2,03:24,78",4,6,1:40,PUNT,2,05:04,FG28,FGA,2,03:24,FG22,NA
2021_09_FG_PW,FG,PW,Frankfurt Galaxy,Panthers Wroclaw,8/15/2021,"Wroclaw, Poland",Stadion Olimpijski,15:00,17:49,2:49,3000,29 C,W 13km/h,Sunny,Walentynowicz,Klimes,Walentynowicz,Szczepanski,Marciniak,Hameder,Romanczyk,PW,2,9,FG27,"H,2,9,V27","8,3,81","RUSH:25,V22, TACK:56,46",Philieas Pasqualini rush for 5 yards to the FG22 (Sebast. Silva Gomez;Osaruonamen Ogbevoen).,"H,3,4,V22",rush,NA,0,NA,0,13,0,NA,8,H,PW,"PUNT,2,05:04,72","FGA,2,03:24,78",4,6,1:40,PUNT,2,05:04,FG28,FGA,2,03:24,FG22,NA
2021_09_FG_PW,FG,PW,Frankfurt Galaxy,Panthers Wroclaw,8/15/2021,"Wroclaw, Poland",Stadion Olimpijski,15:00,17:49,2:49,3000,29 C,W 13km/h,Sunny,Walentynowicz,Klimes,Walentynowicz,Szczepanski,Marciniak,Hameder,Romanczyk,PW,3,4,FG22,"H,3,4,V22","8,4,82","PASS:2,I,15,*",Lokas O´Connor pass incomplete to Bartosz Dziedzic.,"H,4,4,V22",pass,NA,0,NA,0,13,0,NA,8,H,PW,"PUNT,2,05:04,72","FGA,2,03:24,78",4,6,1:40,PUNT,2,05:04,FG28,FGA,2,03:24,FG22,NA
2021_09_FG_PW,FG,PW,Frankfurt Galaxy,Panthers Wroclaw,8/15/2021,"Wroclaw, Poland",Stadion Olimpijski,15:00,17:49,2:49,3000,29 C,W 13km/h,Sunny,Walentynowicz,Klimes,Walentynowicz,Szczepanski,Marciniak,Hameder,Romanczyk,PW,4,4,FG22,"H,4,4,V22","8,5,83","FGA:44,39,M,V29,R T:03:24","Tadhg Leader field goal attempt from 39 MISSED - wide right, spot at FG29, clock 03:24.","V,1,10,V29",field_goal,03:24,0,NA,0,13,0,NA,8,H,PW,"PUNT,2,05:04,72","FGA,2,03:24,78",4,6,1:40,PUNT,2,05:04,FG28,FGA,2,03:24,FG22,NA
2021_09_FG_PW,FG,PW,Frankfurt Galaxy,Panthers Wroclaw,8/15/2021,"Wroclaw, Poland",Stadion Olimpijski,15:00,17:49,2:49,3000,29 C,W 13km/h,Sunny,Walentynowicz,Klimes,Walentynowicz,Szczepanski,Marciniak,Hameder,Romanczyk,FG,1,10,FG29,"V,1,10,V29","9,1,84",{DRIVE}:03:24,FRANKFURT GALAXY drive start at 03:24.,"V,1,10,V29",NA,03:24,0,NA,0,13,0,NA,9,V,FG,"FGA,2,03:24,29","TD,2,00:02,100",12,71,3:22,FGA,2,03:24,FG29,TD,2,00:02,PW00,1
2021_09_FG_PW,FG,PW,Frankfurt Galaxy,Panthers Wroclaw,8/15/2021,"Wroclaw, Poland",Stadion Olimpijski,15:00,17:49,2:49,3000,29 C,W 13km/h,Sunny,Walentynowicz,Klimes,Walentynowicz,Szczepanski,Marciniak,Hameder,Romanczyk,FG,1,10,FG29,"V,1,10,V29","9,2,85","RUSH:22,V31, TACK:8",Gerald Ameln rush for 2 yards to the FG31 (Hubert Ogrodowczyk).,"V,2,8,V31",rush,NA,0,NA,0,13,0,NA,9,V,FG,"FGA,2,03:24,29","TD,2,00:02,100",12,71,3:22,FGA,2,03:24,FG29,TD,2,00:02,PW00,1
2021_09_FG_PW,FG,PW,Frankfurt Galaxy,Panthers Wroclaw,8/15/2021,"Wroclaw, Poland",Stadion Olimpijski,15:00,17:49,2:49,3000,29 C,W 13km/h,Sunny,Walentynowicz,Klimes,Walentynowicz,Szczepanski,Marciniak,Hameder,Romanczyk,FG,2,8,FG31,"V,2,8,V31","9,3,86","RUSH:22,V40, TACK:5","Gerald Ameln rush for 9 yards to the FG40, 1ST DOWN FG (Goran Zec).","V,1,10,V40",rush,NA,0,rush,0,13,0,NA,9,V,FG,"FGA,2,03:24,29","TD,2,00:02,100",12,71,3:22,FGA,2,03:24,FG29,TD,2,00:02,PW00,1
2021_09_FG_PW,FG,PW,Frankfurt Galaxy,Panthers Wroclaw,8/15/2021,"Wroclaw, Poland",Stadion Olimpijski,15:00,17:49,2:49,3000,29 C,W 13km/h,Sunny,Walentynowicz,Klimes,Walentynowicz,Szczepanski,Marciniak,Hameder,Romanczyk,FG,1,10,FG40,"V,1,10,V40","9,4,87","RUSH:22,V44, TACK:8",Gerald Ameln rush for 4 yards to the FG44 (Hubert Ogrodowczyk).,"V,2,6,V44",rush,NA,0,NA,0,13,0,NA,9,V,FG,"FGA,2,03:24,29","TD,2,00:02,100",12,71,3:22,FGA,2,03:24,FG29,TD,2,00:02,PW00,1
2021_09_FG_PW,FG,PW,Frankfurt Galaxy,Panthers Wroclaw,8/15/2021,"Wroclaw, Poland",Stadion Olimpijski,15:00,17:49,2:49,3000,29 C,W 13km/h,Sunny,Walentynowicz,Klimes,Walentynowicz,Szczepanski,Marciniak,Hameder,Romanczyk,FG,2,6,FG44,"V,2,6,V44","9,5,88","PASS:7,C,84,H48 TACK:5","Jakeb Sullivan pass complete to Cheikhou Sow for 8 yards to the PW48, 1ST DOWN FG (Goran Zec).","V,1,10,H48",pass,NA,0,pass,0,13,0,NA,9,V,FG,"FGA,2,03:24,29","TD,2,00:02,100",12,71,3:22,FGA,2,03:24,FG29,TD,2,00:02,PW00,1
2021_09_FG_PW,FG,PW,Frankfurt Galaxy,Panthers Wroclaw,8/15/2021,"Wroclaw, Poland",Stadion Olimpijski,15:00,17:49,2:49,3000,29 C,W 13km/h,Sunny,Walentynowicz,Klimes,Walentynowicz,Szczepanski,Marciniak,Hameder,Romanczyk,FG,1,10,PW48,"V,1,10,H48","9,6,89","PASS:7,S,TM,H48 SACK:94,8",Jakeb Sullivan sacked for no gain to the PW48 (Karlis Brauns;Hubert Ogrodowczyk).,"V,2,10,H48",pass,NA,0,NA,0,13,0,NA,9,V,FG,"FGA,2,03:24,29","TD,2,00:02,100",12,71,3:22,FGA,2,03:24,FG29,TD,2,00:02,PW00,1
2021_09_FG_PW,FG,PW,Frankfurt Galaxy,Panthers Wroclaw,8/15/2021,"Wroclaw, Poland",Stadion Olimpijski,15:00,17:49,2:49,3000,29 C,W 13km/h,Sunny,Walentynowicz,Klimes,Walentynowicz,Szczepanski,Marciniak,Hameder,Romanczyk,FG,2,10,PW48,"V,2,10,H48","9,7,90","PASS:7,C,86,H34","Jakeb Sullivan pass complete to Lorenz Regler for 14 yards to the PW34, 1ST DOWN FG.","V,1,10,H34",pass,NA,0,pass,0,13,0,NA,9,V,FG,"FGA,2,03:24,29","TD,2,00:02,100",12,71,3:22,FGA,2,03:24,FG29,TD,2,00:02,PW00,1
2021_09_FG_PW,FG,PW,Frankfurt Galaxy,Panthers Wroclaw,8/15/2021,"Wroclaw, Poland",Stadion Olimpijski,15:00,17:49,2:49,3000,29 C,W 13km/h,Sunny,Walentynowicz,Klimes,Walentynowicz,Szczepanski,Marciniak,Hameder,Romanczyk,FG,1,10,PW34,"V,1,10,H34","9,8,91","PASS:7,C,19,H20 TACK:5","Jakeb Sullivan pass complete to Nico Strahmann for 14 yards to the PW20, 1ST DOWN FG (Goran Zec).","V,1,10,H20",pass,NA,0,pass,0,13,0,NA,9,V,FG,"FGA,2,03:24,29","TD,2,00:02,100",12,71,3:22,FGA,2,03:24,FG29,TD,2,00:02,PW00,1
2021_09_FG_PW,FG,PW,Frankfurt Galaxy,Panthers Wroclaw,8/15/2021,"Wroclaw, Poland",Stadion Olimpijski,15:00,17:49,2:49,3000,29 C,W 13km/h,Sunny,Walentynowicz,Klimes,Walentynowicz,Szczepanski,Marciniak,Hameder,Romanczyk,FG,1,10,PW20,"V,1,10,H20","9,9,92","PASS:7,C,19,H15 PEN:V,ISU,D","Jakeb Sullivan pass complete to Nico Strahmann for 5 yards to the PW15, PENALTY FG illegal substitution declined.","V,2,5,H15",pass,NA,0,NA,0,13,0,NA,9,V,FG,"FGA,2,03:24,29","TD,2,00:02,100",12,71,3:22,FGA,2,03:24,FG29,TD,2,00:02,PW00,1
2021_09_FG_PW,FG,PW,Frankfurt Galaxy,Panthers Wroclaw,8/15/2021,"Wroclaw, Poland",Stadion Olimpijski,15:00,17:49,2:49,3000,29 C,W 13km/h,Sunny,Walentynowicz,Klimes,Walentynowicz,Szczepanski,Marciniak,Hameder,Romanczyk,FG,2,5,PW15,"V,2,5,H15","9,10,93","D:1,5",1st and 5.,"V,1,5,H15",NA,NA,0,NA,0,13,0,NA,9,V,FG,"FGA,2,03:24,29","TD,2,00:02,100",12,71,3:22,FGA,2,03:24,FG29,TD,2,00:02,PW00,1
2021_09_FG_PW,FG,PW,Frankfurt Galaxy,Panthers Wroclaw,8/15/2021,"Wroclaw, Poland",Stadion Olimpijski,15:00,17:49,2:49,3000,29 C,W 13km/h,Sunny,Walentynowicz,Klimes,Walentynowicz,Szczepanski,Marciniak,Hameder,Romanczyk,FG,1,5,PW15,"V,1,5,H15","9,11,94","PASS:7,I,82,*",Jakeb Sullivan pass incomplete to Hendrik Schwarz.,"V,2,5,H15",pass,NA,0,NA,0,13,0,NA,9,V,FG,"FGA,2,03:24,29","TD,2,00:02,100",12,71,3:22,FGA,2,03:24,FG29,TD,2,00:02,PW00,1
2021_09_FG_PW,FG,PW,Frankfurt Galaxy,Panthers Wroclaw,8/15/2021,"Wroclaw, Poland",Stadion Olimpijski,15:00,17:49,2:49,3000,29 C,W 13km/h,Sunny,Walentynowicz,Klimes,Walentynowicz,Szczepanski,Marciniak,Hameder,Romanczyk,FG,2,5,PW15,"V,2,5,H15","9,12,95","PASS:7,C,84,H09 TACK:8","Jakeb Sullivan pass complete to Cheikhou Sow for 6 yards to the PW9, 1ST DOWN FG (Hubert Ogrodowczyk).","V,1,0,H09",pass,NA,0,pass,0,13,0,NA,9,V,FG,"FGA,2,03:24,29","TD,2,00:02,100",12,71,3:22,FGA,2,03:24,FG29,TD,2,00:02,PW00,1
2021_09_FG_PW,FG,PW,Frankfurt Galaxy,Panthers Wroclaw,8/15/2021,"Wroclaw, Poland",Stadion Olimpijski,15:00,17:49,2:49,3000,29 C,W 13km/h,Sunny,Walentynowicz,Klimes,Walentynowicz,Szczepanski,Marciniak,Hameder,Romanczyk,FG,1,0,PW09,"V,1,0,H09","9,13,96","PASS:7,I,TM,*",Jakeb Sullivan pass incomplete.,"V,2,0,H09",pass,NA,0,NA,0,13,0,NA,9,V,FG,"FGA,2,03:24,29","TD,2,00:02,100",12,71,3:22,FGA,2,03:24,FG29,TD,2,00:02,PW00,1
2021_09_FG_PW,FG,PW,Frankfurt Galaxy,Panthers Wroclaw,8/15/2021,"Wroclaw, Poland",Stadion Olimpijski,15:00,17:49,2:49,3000,29 C,W 13km/h,Sunny,Walentynowicz,Klimes,Walentynowicz,Szczepanski,Marciniak,Hameder,Romanczyk,FG,2,0,PW09,"V,2,0,H09","9,14,97","PASS:7,C,82,H00 T:00:02","Jakeb Sullivan pass complete to Hendrik Schwarz for 9 yards to the PW0, TOUCHDOWN, clock 00:02.","V,1,10,H15",pass,00:02,0,NA,1,19,0,NA,9,V,FG,"FGA,2,03:24,29","TD,2,00:02,100",12,71,3:22,FGA,2,03:24,FG29,TD,2,00:02,PW00,1
2021_09_FG_PW,FG,PW,Frankfurt Galaxy,Panthers Wroclaw,8/15/2021,"Wroclaw, Poland",Stadion Olimpijski,15:00,17:49,2:49,3000,29 C,W 13km/h,Sunny,Walentynowicz,Klimes,Walentynowicz,Szczepanski,Marciniak,Hameder,Romanczyk,FG,1,10,PW15,"V,1,10,H15","9,15,98","PAT:K,42,G",Max Ebsen kick attempt good.,"V,1,0,V35",pat,NA,0,NA,1,20,0,NA,9,V,FG,"FGA,2,03:24,29","TD,2,00:02,100",12,71,3:22,FGA,2,03:24,FG29,TD,2,00:02,PW00,1
2021_09_FG_PW,FG,PW,Frankfurt Galaxy,Panthers Wroclaw,8/15/2021,"Wroclaw, Poland",Stadion Olimpijski,15:00,17:49,2:49,3000,29 C,W 13km/h,Sunny,Walentynowicz,Klimes,Walentynowicz,Szczepanski,Marciniak,Hameder,Romanczyk,FG,1,0,FG35,"V,1,0,V35","9,16,99","KO:19,H43 RET:13,H43","Nico Strahmann kickoff 22 yards to the PW43, Damian Kwiatkowski return 0 yards to the PW43.","H,1,10,H43",kick_off,NA,0,NA,0,20,0,NA,9,V,FG,"FGA,2,03:24,29","TD,2,00:02,100",12,71,3:22,FGA,2,03:24,FG29,TD,2,00:02,PW00,1
2021_09_FG_PW,FG,PW,Frankfurt Galaxy,Panthers Wroclaw,8/15/2021,"Wroclaw, Poland",Stadion Olimpijski,15:00,17:49,2:49,3000,29 C,W 13km/h,Sunny,Walentynowicz,Klimes,Walentynowicz,Szczepanski,Marciniak,Hameder,Romanczyk,PW,1,10,PW43,"H,1,10,H43","10,1,100",{DRIVE}:00:00,PANTHERS WROCLAW drive start at 00:00.,"H,1,10,H43",NA,00:00,0,NA,0,20,0,NA,10,H,PW,"KO,2,00:00,43","HALF,2,00:00,43",0,0,0:00,KO,2,00:00,PW43,HALF,2,00:00,PW43,NA
2021_09_FG_PW,FG,PW,Frankfurt Galaxy,Panthers Wroclaw,8/15/2021,"Wroclaw, Poland",Stadion Olimpijski,15:00,17:49,2:49,3000,29 C,W 13km/h,Sunny,Walentynowicz,Klimes,Walentynowicz,Szczepanski,Marciniak,Hameder,Romanczyk,PW,1,10,PW43,"H,1,10,H43","10,2,101",HALF: T:00:00,"End of half, clock 00:00.","H,1,10,H43",NA,00:00,0,NA,0,20,0,NA,10,H,PW,"KO,2,00:00,43","HALF,2,00:00,43",0,0,0:00,KO,2,00:00,PW43,HALF,2,00:00,PW43,NA
2021_09_FG_PW,FG,PW,Frankfurt Galaxy,Panthers Wroclaw,8/15/2021,"Wroclaw, Poland",Stadion Olimpijski,15:00,17:49,2:49,3000,29 C,W 13km/h,Sunny,Walentynowicz,Klimes,Walentynowicz,Szczepanski,Marciniak,Hameder,Romanczyk,PW,1,10,PW43,"H,1,10,H43","10,3,102","Q:3 T:15:00 SPOT:V,V35,N","Start of 3rd quarter, clock 15:00, FG ball on FG35.","V,1,10,V35",NA,15:00,0,NA,0,20,0,NA,10,H,PW,"KO,2,00:00,43","HALF,2,00:00,43",0,0,0:00,KO,2,00:00,PW43,HALF,2,00:00,PW43,NA
2021_09_FG_PW,FG,PW,Frankfurt Galaxy,Panthers Wroclaw,8/15/2021,"Wroclaw, Poland",Stadion Olimpijski,15:00,17:49,2:49,3000,29 C,W 13km/h,Sunny,Walentynowicz,Klimes,Walentynowicz,Szczepanski,Marciniak,Hameder,Romanczyk,FG,1,10,FG35,"V,1,10,V35","10,4,103","KO:19,H20 RET:24,H34 TACK:53,47","Nico Strahmann kickoff 45 yards to the PW20, William James return 14 yards to the PW34 (Daniel Josiah;Joshua Sauren).","H,1,10,H34",kick_off,NA,0,NA,0,20,0,NA,10,H,PW,"KO,2,00:00,43","HALF,2,00:00,43",0,0,0:00,KO,2,00:00,PW43,HALF,2,00:00,PW43,NA
2021_09_FG_PW,FG,PW,Frankfurt Galaxy,Panthers Wroclaw,8/15/2021,"Wroclaw, Poland",Stadion Olimpijski,15:00,17:49,2:49,3000,29 C,W 13km/h,Sunny,Walentynowicz,Klimes,Walentynowicz,Szczepanski,Marciniak,Hameder,Romanczyk,PW,1,10,PW34,"H,1,10,H34","11,1,104",{DRIVE}:14:51,PANTHERS WROCLAW drive start at 14:51.,"H,1,10,H34",NA,14:51,0,NA,0,20,0,NA,11,H,PW,"KO,3,14:51,34","FUMB,3,14:04,39",3,5,0:47,KO,3,14:51,PW34,FUMB,3,14:04,PW39,NA
2021_09_FG_PW,FG,PW,Frankfurt Galaxy,Panthers Wroclaw,8/15/2021,"Wroclaw, Poland",Stadion Olimpijski,15:00,17:49,2:49,3000,29 C,W 13km/h,Sunny,Walentynowicz,Klimes,Walentynowicz,Szczepanski,Marciniak,Hameder,Romanczyk,PW,1,10,PW34,"H,1,10,H34","11,2,105","PASS:2,I,12,* BRUP:56",Lokas O´Connor pass incomplete to KaVontee Turpin (Sebast. Silva Gomez).,"H,2,10,H34",pass,NA,0,NA,0,20,0,NA,11,H,PW,"KO,3,14:51,34","FUMB,3,14:04,39",3,5,0:47,KO,3,14:51,PW34,FUMB,3,14:04,PW39,NA
2021_09_FG_PW,FG,PW,Frankfurt Galaxy,Panthers Wroclaw,8/15/2021,"Wroclaw, Poland",Stadion Olimpijski,15:00,17:49,2:49,3000,29 C,W 13km/h,Sunny,Walentynowicz,Klimes,Walentynowicz,Szczepanski,Marciniak,Hameder,Romanczyk,PW,2,10,PW34,"H,2,10,H34","11,3,106","RUSH:25,H40, TACK:41,46",Philieas Pasqualini rush for 6 yards to the PW40 (Sebastian Gauthier;Osaruonamen Ogbevoen).,"H,3,4,H40",rush,NA,0,NA,0,20,0,NA,11,H,PW,"KO,3,14:51,34","FUMB,3,14:04,39",3,5,0:47,KO,3,14:51,PW34,FUMB,3,14:04,PW39,NA
2021_09_FG_PW,FG,PW,Frankfurt Galaxy,Panthers Wroclaw,8/15/2021,"Wroclaw, Poland",Stadion Olimpijski,15:00,17:49,2:49,3000,29 C,W 13km/h,Sunny,Walentynowicz,Klimes,Walentynowicz,Szczepanski,Marciniak,Hameder,Romanczyk,PW,3,4,PW40,"H,3,4,H40","11,4,107","RUSH:4,H36, FORCE:56 FUMB:V,H39,56","William Lloyd rush for loss of 4 yards to the PW36, fumble forced by Sebast. Silva Gomez, fumble by William Lloyd recovered by FG Sebast. Silva Gomez at PW39.","V,1,10,H39",rush,NA,0,NA,0,20,0,F,11,H,PW,"KO,3,14:51,34","FUMB,3,14:04,39",3,5,0:47,KO,3,14:51,PW34,FUMB,3,14:04,PW39,NA
2021_09_FG_PW,FG,PW,Frankfurt Galaxy,Panthers Wroclaw,8/15/2021,"Wroclaw, Poland",Stadion Olimpijski,15:00,17:49,2:49,3000,29 C,W 13km/h,Sunny,Walentynowicz,Klimes,Walentynowicz,Szczepanski,Marciniak,Hameder,Romanczyk,FG,1,10,PW39,"V,1,10,H39","12,1,108",{DRIVE}:14:04,FRANKFURT GALAXY drive start at 14:04.,"V,1,10,H39",NA,14:04,0,NA,0,20,0,NA,12,V,FG,"FUMB,3,14:04,61","INT,3,11:51,84",6,23,2:13,FUMB,3,14:04,PW39,INT,3,11:51,PW16,1
2021_09_FG_PW,FG,PW,Frankfurt Galaxy,Panthers Wroclaw,8/15/2021,"Wroclaw, Poland",Stadion Olimpijski,15:00,17:49,2:49,3000,29 C,W 13km/h,Sunny,Walentynowicz,Klimes,Walentynowicz,Szczepanski,Marciniak,Hameder,Romanczyk,FG,1,10,PW39,"V,1,10,H39","12,2,109","PASS:7,I,13,*",Jakeb Sullivan pass incomplete to Marvin Rutsch.,"V,2,10,H39",pass,NA,0,NA,0,20,0,NA,12,V,FG,"FUMB,3,14:04,61","INT,3,11:51,84",6,23,2:13,FUMB,3,14:04,PW39,INT,3,11:51,PW16,1
2021_09_FG_PW,FG,PW,Frankfurt Galaxy,Panthers Wroclaw,8/15/2021,"Wroclaw, Poland",Stadion Olimpijski,15:00,17:49,2:49,3000,29 C,W 13km/h,Sunny,Walentynowicz,Klimes,Walentynowicz,Szczepanski,Marciniak,Hameder,Romanczyk,FG,2,10,PW39,"V,2,10,H39","12,3,110","RUSH:22,H36, TACK:97",Gerald Ameln rush for 3 yards to the PW36 (Lukasz Gembara).,"V,3,7,H36",rush,NA,0,NA,0,20,0,NA,12,V,FG,"FUMB,3,14:04,61","INT,3,11:51,84",6,23,2:13,FUMB,3,14:04,PW39,INT,3,11:51,PW16,1
2021_09_FG_PW,FG,PW,Frankfurt Galaxy,Panthers Wroclaw,8/15/2021,"Wroclaw, Poland",Stadion Olimpijski,15:00,17:49,2:49,3000,29 C,W 13km/h,Sunny,Walentynowicz,Klimes,Walentynowicz,Szczepanski,Marciniak,Hameder,Romanczyk,FG,3,7,PW36,"V,3,7,H36","12,4,111","PASS:7,C,11,H18 TACK:19,28","Jakeb Sullivan pass complete to Anthony Mahoungou for 18 yards to the PW18, 1ST DOWN FG (Daniel Piatkowski;Pierre Courageaux).","V,1,10,H18",pass,NA,0,pass,0,20,0,NA,12,V,FG,"FUMB,3,14:04,61","INT,3,11:51,84",6,23,2:13,FUMB,3,14:04,PW39,INT,3,11:51,PW16,1
2021_09_FG_PW,FG,PW,Frankfurt Galaxy,Panthers Wroclaw,8/15/2021,"Wroclaw, Poland",Stadion Olimpijski,15:00,17:49,2:49,3000,29 C,W 13km/h,Sunny,Walentynowicz,Klimes,Walentynowicz,Szczepanski,Marciniak,Hameder,Romanczyk,FG,1,10,PW18,"V,1,10,H18","12,5,112","RUSH:22,H16, TACK:97",Gerald Ameln rush for 2 yards to the PW16 (Lukasz Gembara).,"V,2,8,H16",rush,NA,0,NA,0,20,0,NA,12,V,FG,"FUMB,3,14:04,61","INT,3,11:51,84",6,23,2:13,FUMB,3,14:04,PW39,INT,3,11:51,PW16,1
2021_09_FG_PW,FG,PW,Frankfurt Galaxy,Panthers Wroclaw,8/15/2021,"Wroclaw, Poland",Stadion Olimpijski,15:00,17:49,2:49,3000,29 C,W 13km/h,Sunny,Walentynowicz,Klimes,Walentynowicz,Szczepanski,Marciniak,Hameder,Romanczyk,FG,2,8,PW16,"V,2,8,H16","12,6,113","PASS:7,I,82,*",Jakeb Sullivan pass incomplete to Hendrik Schwarz.,"V,3,8,H16",pass,NA,0,NA,0,20,0,NA,12,V,FG,"FUMB,3,14:04,61","INT,3,11:51,84",6,23,2:13,FUMB,3,14:04,PW39,INT,3,11:51,PW16,1
2021_09_FG_PW,FG,PW,Frankfurt Galaxy,Panthers Wroclaw,8/15/2021,"Wroclaw, Poland",Stadion Olimpijski,15:00,17:49,2:49,3000,29 C,W 13km/h,Sunny,Walentynowicz,Klimes,Walentynowicz,Szczepanski,Marciniak,Hameder,Romanczyk,FG,3,8,PW16,"V,3,8,H16","12,7,114","PASS:7,X,4,H05 RET:4,H15 TACK:7","Jakeb Sullivan pass intercepted by William Lloyd at the PW5, William Lloyd return 10 yards to the PW15 (Jakeb Sullivan).","H,1,10,H15",pass,NA,0,NA,0,20,0,I,12,V,FG,"FUMB,3,14:04,61","INT,3,11:51,84",6,23,2:13,FUMB,3,14:04,PW39,INT,3,11:51,PW16,1
2021_09_FG_PW,FG,PW,Frankfurt Galaxy,Panthers Wroclaw,8/15/2021,"Wroclaw, Poland",Stadion Olimpijski,15:00,17:49,2:49,3000,29 C,W 13km/h,Sunny,Walentynowicz,Klimes,Walentynowicz,Szczepanski,Marciniak,Hameder,Romanczyk,PW,1,10,PW15,"H,1,10,H15","13,1,115",{DRIVE}:11:51,PANTHERS WROCLAW drive start at 11:51.,"H,1,10,H15",NA,11:51,0,NA,0,20,0,NA,13,H,PW,"INT,3,11:51,15","INT,3,09:46,49",5,34,2:05,INT,3,11:51,PW15,INT,3,09:46,PW49,NA
2021_09_FG_PW,FG,PW,Frankfurt Galaxy,Panthers Wroclaw,8/15/2021,"Wroclaw, Poland",Stadion Olimpijski,15:00,17:49,2:49,3000,29 C,W 13km/h,Sunny,Walentynowicz,Klimes,Walentynowicz,Szczepanski,Marciniak,Hameder,Romanczyk,PW,1,10,PW15,"H,1,10,H15","13,2,116","RUSH:12,H19, TACK:94",KaVontee Turpin rush for 4 yards to the PW19 (Cedric Udegbe).,"H,2,6,H19",rush,NA,0,NA,0,20,0,NA,13,H,PW,"INT,3,11:51,15","INT,3,09:46,49",5,34,2:05,INT,3,11:51,PW15,INT,3,09:46,PW49,NA
2021_09_FG_PW,FG,PW,Frankfurt Galaxy,Panthers Wroclaw,8/15/2021,"Wroclaw, Poland",Stadion Olimpijski,15:00,17:49,2:49,3000,29 C,W 13km/h,Sunny,Walentynowicz,Klimes,Walentynowicz,Szczepanski,Marciniak,Hameder,Romanczyk,PW,2,6,PW19,"H,2,6,H19","13,3,117","PASS:2,C,15,H47 OB:","Lokas O´Connor pass complete to Bartosz Dziedzic for 28 yards to the PW47, 1ST DOWN PW, out-of-bounds.","H,1,10,H47",pass,NA,1,pass,0,20,0,NA,13,H,PW,"INT,3,11:51,15","INT,3,09:46,49",5,34,2:05,INT,3,11:51,PW15,INT,3,09:46,PW49,NA
2021_09_FG_PW,FG,PW,Frankfurt Galaxy,Panthers Wroclaw,8/15/2021,"Wroclaw, Poland",Stadion Olimpijski,15:00,17:49,2:49,3000,29 C,W 13km/h,Sunny,Walentynowicz,Klimes,Walentynowicz,Szczepanski,Marciniak,Hameder,Romanczyk,PW,1,10,PW47,"H,1,10,H47","13,4,118","PASS:2,C,18,H49 TACK:43",Lokas O´Connor pass complete to Adrian Grodecki for 2 yards to the PW49 (Jonathan Silva Gomez).,"H,2,8,H49",pass,NA,0,NA,0,20,0,NA,13,H,PW,"INT,3,11:51,15","INT,3,09:46,49",5,34,2:05,INT,3,11:51,PW15,INT,3,09:46,PW49,NA
2021_09_FG_PW,FG,PW,Frankfurt Galaxy,Panthers Wroclaw,8/15/2021,"Wroclaw, Poland",Stadion Olimpijski,15:00,17:49,2:49,3000,29 C,W 13km/h,Sunny,Walentynowicz,Klimes,Walentynowicz,Szczepanski,Marciniak,Hameder,Romanczyk,PW,2,8,PW49,"H,2,8,H49","13,5,119","PASS:2,I,23,* BRUP:41",Lokas O´Connor pass incomplete to Jakub Mazan (Sebastian Gauthier).,"H,3,8,H49",pass,NA,0,NA,0,20,0,NA,13,H,PW,"INT,3,11:51,15","INT,3,09:46,49",5,34,2:05,INT,3,11:51,PW15,INT,3,09:46,PW49,NA
2021_09_FG_PW,FG,PW,Frankfurt Galaxy,Panthers Wroclaw,8/15/2021,"Wroclaw, Poland",Stadion Olimpijski,15:00,17:49,2:49,3000,29 C,W 13km/h,Sunny,Walentynowicz,Klimes,Walentynowicz,Szczepanski,Marciniak,Hameder,Romanczyk,PW,3,8,PW49,"H,3,8,H49","13,6,120","PASS:2,X,14,V42 RET:14,H00 T:09:46","Lokas O´Connor pass intercepted by Joshua Poznanski at the FG42, Joshua Poznanski return 58 yards to the PW0, TOUCHDOWN, clock 09:46.","V,1,10,H15",pass,09:46,0,NA,1,26,0,I,13,H,PW,"INT,3,11:51,15","INT,3,09:46,49",5,34,2:05,INT,3,11:51,PW15,INT,3,09:46,PW49,NA
2021_09_FG_PW,FG,PW,Frankfurt Galaxy,Panthers Wroclaw,8/15/2021,"Wroclaw, Poland",Stadion Olimpijski,15:00,17:49,2:49,3000,29 C,W 13km/h,Sunny,Walentynowicz,Klimes,Walentynowicz,Szczepanski,Marciniak,Hameder,Romanczyk,FG,1,10,PW15,"V,1,10,H15","14,1,121","PAT:K,42,F",Max Ebsen kick attempt failed (fumbled).,"V,1,0,V35",pat,NA,0,NA,0,26,0,NA,14,V,FG,"INT,3,09:46,100","TD,3,09:46,100",0,0,0:00,INT,3,09:46,PW00,TD,3,09:46,PW00,NA
2021_09_FG_PW,FG,PW,Frankfurt Galaxy,Panthers Wroclaw,8/15/2021,"Wroclaw, Poland",Stadion Olimpijski,15:00,17:49,2:49,3000,29 C,W 13km/h,Sunny,Walentynowicz,Klimes,Walentynowicz,Szczepanski,Marciniak,Hameder,Romanczyk,FG,1,0,FG35,"V,1,0,V35","14,2,122","KO:42,H16 RET:5,H29 TACK:20,85","Max Ebsen kickoff 49 yards to the PW16, Goran Zec return 13 yards to the PW29 (Steffen Olschok;Markus Hachenberg).","H,1,10,H29",kick_off,NA,0,NA,0,26,0,NA,14,V,FG,"INT,3,09:46,100","TD,3,09:46,100",0,0,0:00,INT,3,09:46,PW00,TD,3,09:46,PW00,NA
2021_09_FG_PW,FG,PW,Frankfurt Galaxy,Panthers Wroclaw,8/15/2021,"Wroclaw, Poland",Stadion Olimpijski,15:00,17:49,2:49,3000,29 C,W 13km/h,Sunny,Walentynowicz,Klimes,Walentynowicz,Szczepanski,Marciniak,Hameder,Romanczyk,PW,1,10,PW29,"H,1,10,H29","15,1,123",{DRIVE}:09:38,PANTHERS WROCLAW drive start at 09:38.,"H,1,10,H29",NA,09:38,0,NA,0,26,0,NA,15,H,PW,"KO,3,09:38,29","DOWNS,3,07:44,52",7,23,1:54,KO,3,09:38,PW29,DOWNS,3,07:44,FG48,NA
2021_09_FG_PW,FG,PW,Frankfurt Galaxy,Panthers Wroclaw,8/15/2021,"Wroclaw, Poland",Stadion Olimpijski,15:00,17:49,2:49,3000,29 C,W 13km/h,Sunny,Walentynowicz,Klimes,Walentynowicz,Szczepanski,Marciniak,Hameder,Romanczyk,PW,1,10,PW29,"H,1,10,H29","15,2,124","PASS:2,I,25,*",Lokas O´Connor pass incomplete to Philieas Pasqualini.,"H,2,10,H29",pass,NA,0,NA,0,26,0,NA,15,H,PW,"KO,3,09:38,29","DOWNS,3,07:44,52",7,23,1:54,KO,3,09:38,PW29,DOWNS,3,07:44,FG48,NA
2021_09_FG_PW,FG,PW,Frankfurt Galaxy,Panthers Wroclaw,8/15/2021,"Wroclaw, Poland",Stadion Olimpijski,15:00,17:49,2:49,3000,29 C,W 13km/h,Sunny,Walentynowicz,Klimes,Walentynowicz,Szczepanski,Marciniak,Hameder,Romanczyk,PW,2,10,PW29,"H,2,10,H29","15,3,125","PASS:2,B,7,* BRUP:46",Lokas O´Connor pass incomplete to Jakub Wasiel (Osaruonamen Ogbevoen).,"H,3,10,H29",pass,NA,0,NA,0,26,0,NA,15,H,PW,"KO,3,09:38,29","DOWNS,3,07:44,52",7,23,1:54,KO,3,09:38,PW29,DOWNS,3,07:44,FG48,NA
2021_09_FG_PW,FG,PW,Frankfurt Galaxy,Panthers Wroclaw,8/15/2021,"Wroclaw, Poland",Stadion Olimpijski,15:00,17:49,2:49,3000,29 C,W 13km/h,Sunny,Walentynowicz,Klimes,Walentynowicz,Szczepanski,Marciniak,Hameder,Romanczyk,PW,3,10,PW29,"H,3,10,H29","15,4,126","PASS:2,C,18,H43 TACK:29","Lokas O´Connor pass complete to Adrian Grodecki for 14 yards to the PW43, 1ST DOWN PW (Marius Riepe).","H,1,10,H43",pass,NA,0,pass,0,26,0,NA,15,H,PW,"KO,3,09:38,29","DOWNS,3,07:44,52",7,23,1:54,KO,3,09:38,PW29,DOWNS,3,07:44,FG48,NA
2021_09_FG_PW,FG,PW,Frankfurt Galaxy,Panthers Wroclaw,8/15/2021,"Wroclaw, Poland",Stadion Olimpijski,15:00,17:49,2:49,3000,29 C,W 13km/h,Sunny,Walentynowicz,Klimes,Walentynowicz,Szczepanski,Marciniak,Hameder,Romanczyk,PW,1,10,PW43,"H,1,10,H43","15,5,127","PASS:2,D,82,*","Lokas O´Connor pass incomplete to Przemyslaw Banat, dropped pass.","H,2,10,H43",pass,NA,0,NA,0,26,0,NA,15,H,PW,"KO,3,09:38,29","DOWNS,3,07:44,52",7,23,1:54,KO,3,09:38,PW29,DOWNS,3,07:44,FG48,NA
2021_09_FG_PW,FG,PW,Frankfurt Galaxy,Panthers Wroclaw,8/15/2021,"Wroclaw, Poland",Stadion Olimpijski,15:00,17:49,2:49,3000,29 C,W 13km/h,Sunny,Walentynowicz,Klimes,Walentynowicz,Szczepanski,Marciniak,Hameder,Romanczyk,PW,2,10,PW43,"H,2,10,H43","15,6,128","PEN:H,FS,A,69,H38,N",PENALTY PW false start (Eduardo Gonzalez) 5 yards to the PW38.,"H,2,15,H38",penalty,NA,0,NA,0,26,0,NA,15,H,PW,"KO,3,09:38,29","DOWNS,3,07:44,52",7,23,1:54,KO,3,09:38,PW29,DOWNS,3,07:44,FG48,NA
2021_09_FG_PW,FG,PW,Frankfurt Galaxy,Panthers Wroclaw,8/15/2021,"Wroclaw, Poland",Stadion Olimpijski,15:00,17:49,2:49,3000,29 C,W 13km/h,Sunny,Walentynowicz,Klimes,Walentynowicz,Szczepanski,Marciniak,Hameder,Romanczyk,PW,2,15,PW38,"H,2,15,H38","15,7,129","PASS:2,C,7,V48 TACK:14,29",Lokas O´Connor pass complete to Jakub Wasiel for 14 yards to the FG48 (Joshua Poznanski;Marius Riepe).,"H,3,1,V48",pass,NA,0,NA,0,26,0,NA,15,H,PW,"KO,3,09:38,29","DOWNS,3,07:44,52",7,23,1:54,KO,3,09:38,PW29,DOWNS,3,07:44,FG48,NA
2021_09_FG_PW,FG,PW,Frankfurt Galaxy,Panthers Wroclaw,8/15/2021,"Wroclaw, Poland",Stadion Olimpijski,15:00,17:49,2:49,3000,29 C,W 13km/h,Sunny,Walentynowicz,Klimes,Walentynowicz,Szczepanski,Marciniak,Hameder,Romanczyk,PW,3,1,FG48,"H,3,1,V48","15,8,130","PASS:2,I,23,* BRUP:25",Lokas O´Connor pass incomplete to Jakub Mazan (Benji Barnes).,"H,4,1,V48",pass,NA,0,NA,0,26,0,NA,15,H,PW,"KO,3,09:38,29","DOWNS,3,07:44,52",7,23,1:54,KO,3,09:38,PW29,DOWNS,3,07:44,FG48,NA
2021_09_FG_PW,FG,PW,Frankfurt Galaxy,Panthers Wroclaw,8/15/2021,"Wroclaw, Poland",Stadion Olimpijski,15:00,17:49,2:49,3000,29 C,W 13km/h,Sunny,Walentynowicz,Klimes,Walentynowicz,Szczepanski,Marciniak,Hameder,Romanczyk,PW,4,1,FG48,"H,4,1,V48","15,9,131",TOUT:V T:07:55,"Timeout Frankfurt Galaxy, clock 07:55.","H,4,1,V48",NA,07:55,0,NA,0,26,0,NA,15,H,PW,"KO,3,09:38,29","DOWNS,3,07:44,52",7,23,1:54,KO,3,09:38,PW29,DOWNS,3,07:44,FG48,NA
2021_09_FG_PW,FG,PW,Frankfurt Galaxy,Panthers Wroclaw,8/15/2021,"Wroclaw, Poland",Stadion Olimpijski,15:00,17:49,2:49,3000,29 C,W 13km/h,Sunny,Walentynowicz,Klimes,Walentynowicz,Szczepanski,Marciniak,Hameder,Romanczyk,PW,4,1,FG48,"H,4,1,V48","15,10,132","RUSH:4,V48, TACK:46",William Lloyd rush for no gain to the FG48 (Osaruonamen Ogbevoen).,"V,1,10,V48",rush,NA,0,NA,0,26,0,NA,15,H,PW,"KO,3,09:38,29","DOWNS,3,07:44,52",7,23,1:54,KO,3,09:38,PW29,DOWNS,3,07:44,FG48,NA
2021_09_FG_PW,FG,PW,Frankfurt Galaxy,Panthers Wroclaw,8/15/2021,"Wroclaw, Poland",Stadion Olimpijski,15:00,17:49,2:49,3000,29 C,W 13km/h,Sunny,Walentynowicz,Klimes,Walentynowicz,Szczepanski,Marciniak,Hameder,Romanczyk,FG,1,10,FG48,"V,1,10,V48","16,1,133",{DRIVE}:07:44,FRANKFURT GALAXY drive start at 07:44.,"V,1,10,V48",NA,07:44,0,NA,0,26,0,NA,16,V,FG,"DOWNS,3,07:44,48","FGA,3,03:36,78",9,30,4:08,DOWNS,3,07:44,FG48,FGA,3,03:36,PW22,NA
2021_09_FG_PW,FG,PW,Frankfurt Galaxy,Panthers Wroclaw,8/15/2021,"Wroclaw, Poland",Stadion Olimpijski,15:00,17:49,2:49,3000,29 C,W 13km/h,Sunny,Walentynowicz,Klimes,Walentynowicz,Szczepanski,Marciniak,Hameder,Romanczyk,FG,1,10,FG48,"V,1,10,V48","16,2,134","PEN:V,FS,A,77,V43,N",PENALTY FG false start (Yannic Kiehl) 5 yards to the FG43.,"V,1,15,V43",penalty,NA,0,NA,0,26,0,NA,16,V,FG,"DOWNS,3,07:44,48","FGA,3,03:36,78",9,30,4:08,DOWNS,3,07:44,FG48,FGA,3,03:36,PW22,NA
2021_09_FG_PW,FG,PW,Frankfurt Galaxy,Panthers Wroclaw,8/15/2021,"Wroclaw, Poland",Stadion Olimpijski,15:00,17:49,2:49,3000,29 C,W 13km/h,Sunny,Walentynowicz,Klimes,Walentynowicz,Szczepanski,Marciniak,Hameder,Romanczyk,FG,1,15,FG43,"V,1,15,V43","16,3,135","PASS:7,C,19,V48 TACK:49,19",Jakeb Sullivan pass complete to Nico Strahmann for 5 yards to the FG48 (Kacper Oldak;Daniel Piatkowski).,"V,2,10,V48",pass,NA,0,NA,0,26,0,NA,16,V,FG,"DOWNS,3,07:44,48","FGA,3,03:36,78",9,30,4:08,DOWNS,3,07:44,FG48,FGA,3,03:36,PW22,NA
2021_09_FG_PW,FG,PW,Frankfurt Galaxy,Panthers Wroclaw,8/15/2021,"Wroclaw, Poland",Stadion Olimpijski,15:00,17:49,2:49,3000,29 C,W 13km/h,Sunny,Walentynowicz,Klimes,Walentynowicz,Szczepanski,Marciniak,Hameder,Romanczyk,FG,2,10,FG48,"V,2,10,V48","16,4,136","PASS:7,C,87,H38 TACK:5","Jakeb Sullivan pass complete to K. Mwaba for 14 yards to the PW38, 1ST DOWN FG (Goran Zec).","V,1,10,H38",pass,NA,0,pass,0,26,0,NA,16,V,FG,"DOWNS,3,07:44,48","FGA,3,03:36,78",9,30,4:08,DOWNS,3,07:44,FG48,FGA,3,03:36,PW22,NA
2021_09_FG_PW,FG,PW,Frankfurt Galaxy,Panthers Wroclaw,8/15/2021,"Wroclaw, Poland",Stadion Olimpijski,15:00,17:49,2:49,3000,29 C,W 13km/h,Sunny,Walentynowicz,Klimes,Walentynowicz,Szczepanski,Marciniak,Hameder,Romanczyk,FG,1,10,PW38,"V,1,10,H38","16,5,137","RUSH:33,H37, TACK:8",Justin Rodney rush for 1 yard to the PW37 (Hubert Ogrodowczyk).,"V,2,9,H37",rush,NA,0,NA,0,26,0,NA,16,V,FG,"DOWNS,3,07:44,48","FGA,3,03:36,78",9,30,4:08,DOWNS,3,07:44,FG48,FGA,3,03:36,PW22,NA
2021_09_FG_PW,FG,PW,Frankfurt Galaxy,Panthers Wroclaw,8/15/2021,"Wroclaw, Poland",Stadion Olimpijski,15:00,17:49,2:49,3000,29 C,W 13km/h,Sunny,Walentynowicz,Klimes,Walentynowicz,Szczepanski,Marciniak,Hameder,Romanczyk,FG,2,9,PW37,"V,2,9,H37","16,6,138","PASS:7,C,82,H34 TACK:8",Jakeb Sullivan pass complete to Hendrik Schwarz for 3 yards to the PW34 (Hubert Ogrodowczyk).,"V,3,6,H34",pass,NA,0,NA,0,26,0,NA,16,V,FG,"DOWNS,3,07:44,48","FGA,3,03:36,78",9,30,4:08,DOWNS,3,07:44,FG48,FGA,3,03:36,PW22,NA
2021_09_FG_PW,FG,PW,Frankfurt Galaxy,Panthers Wroclaw,8/15/2021,"Wroclaw, Poland",Stadion Olimpijski,15:00,17:49,2:49,3000,29 C,W 13km/h,Sunny,Walentynowicz,Klimes,Walentynowicz,Szczepanski,Marciniak,Hameder,Romanczyk,FG,3,6,PW34,"V,3,6,H34","16,7,139","PASS:7,C,87,H26 TACK:5,37","Jakeb Sullivan pass complete to K. Mwaba for 8 yards to the PW26, 1ST DOWN FG (Goran Zec;Filip Kloskowski).","V,1,10,H26",pass,NA,0,pass,0,26,0,NA,16,V,FG,"DOWNS,3,07:44,48","FGA,3,03:36,78",9,30,4:08,DOWNS,3,07:44,FG48,FGA,3,03:36,PW22,NA
2021_09_FG_PW,FG,PW,Frankfurt Galaxy,Panthers Wroclaw,8/15/2021,"Wroclaw, Poland",Stadion Olimpijski,15:00,17:49,2:49,3000,29 C,W 13km/h,Sunny,Walentynowicz,Klimes,Walentynowicz,Szczepanski,Marciniak,Hameder,Romanczyk,FG,1,10,PW26,"V,1,10,H26","16,8,140","RUSH:33,H22, TACK:19,28",Justin Rodney rush for 4 yards to the PW22 (Daniel Piatkowski;Pierre Courageaux).,"V,2,6,H22",rush,NA,0,NA,0,26,0,NA,16,V,FG,"DOWNS,3,07:44,48","FGA,3,03:36,78",9,30,4:08,DOWNS,3,07:44,FG48,FGA,3,03:36,PW22,NA
2021_09_FG_PW,FG,PW,Frankfurt Galaxy,Panthers Wroclaw,8/15/2021,"Wroclaw, Poland",Stadion Olimpijski,15:00,17:49,2:49,3000,29 C,W 13km/h,Sunny,Walentynowicz,Klimes,Walentynowicz,Szczepanski,Marciniak,Hameder,Romanczyk,FG,2,6,PW22,"V,2,6,H22","16,9,141","RUSH:33,H22, TACK:92,8",Justin Rodney rush for no gain to the PW22 (Adrian Brudny;Hubert Ogrodowczyk).,"V,3,6,H22",rush,NA,0,NA,0,26,0,NA,16,V,FG,"DOWNS,3,07:44,48","FGA,3,03:36,78",9,30,4:08,DOWNS,3,07:44,FG48,FGA,3,03:36,PW22,NA
2021_09_FG_PW,FG,PW,Frankfurt Galaxy,Panthers Wroclaw,8/15/2021,"Wroclaw, Poland",Stadion Olimpijski,15:00,17:49,2:49,3000,29 C,W 13km/h,Sunny,Walentynowicz,Klimes,Walentynowicz,Szczepanski,Marciniak,Hameder,Romanczyk,FG,3,6,PW22,"V,3,6,H22","16,10,142","PASS:7,I,82,* BRUP:26",Jakeb Sullivan pass incomplete to Hendrik Schwarz (Marcin Osumek).,"V,4,6,H22",pass,NA,0,NA,0,26,0,NA,16,V,FG,"DOWNS,3,07:44,48","FGA,3,03:36,78",9,30,4:08,DOWNS,3,07:44,FG48,FGA,3,03:36,PW22,NA
2021_09_FG_PW,FG,PW,Frankfurt Galaxy,Panthers Wroclaw,8/15/2021,"Wroclaw, Poland",Stadion Olimpijski,15:00,17:49,2:49,3000,29 C,W 13km/h,Sunny,Walentynowicz,Klimes,Walentynowicz,Szczepanski,Marciniak,Hameder,Romanczyk,FG,4,6,PW22,"V,4,6,H22","16,11,143","FGA:42,39,M,H29,L T:03:36","Max Ebsen field goal attempt from 39 MISSED - wide left, spot at PW29, clock 03:36.","H,1,10,H29",field_goal,03:36,0,NA,0,26,0,NA,16,V,FG,"DOWNS,3,07:44,48","FGA,3,03:36,78",9,30,4:08,DOWNS,3,07:44,FG48,FGA,3,03:36,PW22,NA
2021_09_FG_PW,FG,PW,Frankfurt Galaxy,Panthers Wroclaw,8/15/2021,"Wroclaw, Poland",Stadion Olimpijski,15:00,17:49,2:49,3000,29 C,W 13km/h,Sunny,Walentynowicz,Klimes,Walentynowicz,Szczepanski,Marciniak,Hameder,Romanczyk,PW,1,10,PW29,"H,1,10,H29","17,1,144",{DRIVE}:03:36,PANTHERS WROCLAW drive start at 03:36.,"H,1,10,H29",NA,03:36,0,NA,0,26,0,NA,17,H,PW,"FGA,3,03:36,29","PUNT,3,01:26,15",3,-14,2:10,FGA,3,03:36,PW29,PUNT,3,01:26,PW15,NA
2021_09_FG_PW,FG,PW,Frankfurt Galaxy,Panthers Wroclaw,8/15/2021,"Wroclaw, Poland",Stadion Olimpijski,15:00,17:49,2:49,3000,29 C,W 13km/h,Sunny,Walentynowicz,Klimes,Walentynowicz,Szczepanski,Marciniak,Hameder,Romanczyk,PW,1,10,PW29,"H,1,10,H29","17,2,145","RUSH:25,H33, TACK:56,90",Philieas Pasqualini rush for 4 yards to the PW33 (Sebast. Silva Gomez;Marc Anthony Hor).,"H,2,6,H33",rush,NA,0,NA,0,26,0,NA,17,H,PW,"FGA,3,03:36,29","PUNT,3,01:26,15",3,-14,2:10,FGA,3,03:36,PW29,PUNT,3,01:26,PW15,NA
2021_09_FG_PW,FG,PW,Frankfurt Galaxy,Panthers Wroclaw,8/15/2021,"Wroclaw, Poland",Stadion Olimpijski,15:00,17:49,2:49,3000,29 C,W 13km/h,Sunny,Walentynowicz,Klimes,Walentynowicz,Szczepanski,Marciniak,Hameder,Romanczyk,PW,2,6,PW33,"H,2,6,H33","17,3,146","PASS:2,S,TM,H25 SACK:90",Lokas O´Connor sacked for loss of 8 yards to the PW25 (Marc Anthony Hor).,"H,3,14,H25",pass,NA,0,NA,0,26,0,NA,17,H,PW,"FGA,3,03:36,29","PUNT,3,01:26,15",3,-14,2:10,FGA,3,03:36,PW29,PUNT,3,01:26,PW15,NA
2021_09_FG_PW,FG,PW,Frankfurt Galaxy,Panthers Wroclaw,8/15/2021,"Wroclaw, Poland",Stadion Olimpijski,15:00,17:49,2:49,3000,29 C,W 13km/h,Sunny,Walentynowicz,Klimes,Walentynowicz,Szczepanski,Marciniak,Hameder,Romanczyk,PW,3,14,PW25,"H,3,14,H25","17,4,147","PASS:2,S,TM,H15 SACK:90,99",Lokas O´Connor sacked for loss of 10 yards to the PW15 (Marc Anthony Hor;Kevin Maier).,"H,4,24,H15",pass,NA,0,NA,0,26,0,NA,17,H,PW,"FGA,3,03:36,29","PUNT,3,01:26,15",3,-14,2:10,FGA,3,03:36,PW29,PUNT,3,01:26,PW15,NA
2021_09_FG_PW,FG,PW,Frankfurt Galaxy,Panthers Wroclaw,8/15/2021,"Wroclaw, Poland",Stadion Olimpijski,15:00,17:49,2:49,3000,29 C,W 13km/h,Sunny,Walentynowicz,Klimes,Walentynowicz,Szczepanski,Marciniak,Hameder,Romanczyk,PW,4,24,PW15,"H,4,24,H15","17,5,148","PUNT:44,V46 RET:11,V45 TACK:30","Tadhg Leader punt 39 yards to the FG46, Anthony Mahoungou return -1 yards to the FG45 (Pawel Barul).","V,1,10,V45",punt,NA,0,NA,0,26,0,NA,17,H,PW,"FGA,3,03:36,29","PUNT,3,01:26,15",3,-14,2:10,FGA,3,03:36,PW29,PUNT,3,01:26,PW15,NA
2021_09_FG_PW,FG,PW,Frankfurt Galaxy,Panthers Wroclaw,8/15/2021,"Wroclaw, Poland",Stadion Olimpijski,15:00,17:49,2:49,3000,29 C,W 13km/h,Sunny,Walentynowicz,Klimes,Walentynowicz,Szczepanski,Marciniak,Hameder,Romanczyk,FG,1,10,FG45,"V,1,10,V45","18,1,149",{DRIVE}:01:26,FRANKFURT GALAXY drive start at 01:26.,"V,1,10,V45",NA,01:26,0,NA,0,26,0,NA,18,V,FG,"PUNT,3,01:26,45","PUNT,3,00:38,44",2,-1,0:48,PUNT,3,01:26,FG45,PUNT,3,00:38,FG44,NA
2021_09_FG_PW,FG,PW,Frankfurt Galaxy,Panthers Wroclaw,8/15/2021,"Wroclaw, Poland",Stadion Olimpijski,15:00,17:49,2:49,3000,29 C,W 13km/h,Sunny,Walentynowicz,Klimes,Walentynowicz,Szczepanski,Marciniak,Hameder,Romanczyk,FG,1,10,FG45,"V,1,10,V45","18,2,150","PASS:7,C,11,V43 TACK:1,47",Jakeb Sullivan pass complete to Anthony Mahoungou for loss of 2 yards to the FG43 (Darius Robinson;Antoni Idziak).,"V,2,12,V43",pass,NA,0,NA,0,26,0,NA,18,V,FG,"PUNT,3,01:26,45","PUNT,3,00:38,44",2,-1,0:48,PUNT,3,01:26,FG45,PUNT,3,00:38,FG44,NA
2021_09_FG_PW,FG,PW,Frankfurt Galaxy,Panthers Wroclaw,8/15/2021,"Wroclaw, Poland",Stadion Olimpijski,15:00,17:49,2:49,3000,29 C,W 13km/h,Sunny,Walentynowicz,Klimes,Walentynowicz,Szczepanski,Marciniak,Hameder,Romanczyk,FG,2,12,FG43,"V,2,12,V43","18,3,151","PASS:7,I,86,* BRUP:26",Jakeb Sullivan pass incomplete to Lorenz Regler (Marcin Osumek).,"V,3,12,V43",pass,NA,0,NA,0,26,0,NA,18,V,FG,"PUNT,3,01:26,45","PUNT,3,00:38,44",2,-1,0:48,PUNT,3,01:26,FG45,PUNT,3,00:38,FG44,NA
2021_09_FG_PW,FG,PW,Frankfurt Galaxy,Panthers Wroclaw,8/15/2021,"Wroclaw, Poland",Stadion Olimpijski,15:00,17:49,2:49,3000,29 C,W 13km/h,Sunny,Walentynowicz,Klimes,Walentynowicz,Szczepanski,Marciniak,Hameder,Romanczyk,FG,3,12,FG43,"V,3,12,V43","18,4,152","PEN:V,FS,A,TM,V38,N",PENALTY FG false start 5 yards to the FG38.,"V,3,17,V38",penalty,NA,0,NA,0,26,0,NA,18,V,FG,"PUNT,3,01:26,45","PUNT,3,00:38,44",2,-1,0:48,PUNT,3,01:26,FG45,PUNT,3,00:38,FG44,NA
2021_09_FG_PW,FG,PW,Frankfurt Galaxy,Panthers Wroclaw,8/15/2021,"Wroclaw, Poland",Stadion Olimpijski,15:00,17:49,2:49,3000,29 C,W 13km/h,Sunny,Walentynowicz,Klimes,Walentynowicz,Szczepanski,Marciniak,Hameder,Romanczyk,FG,3,17,FG38,"V,3,17,V38","18,5,153","PASS:7,C,22,V44 TACK:4 PEN:V,HO,D PEN:V,PI,A,TM,V44,N NOPLAY:","Jakeb Sullivan pass complete to Gerald Ameln for 6 yards to the FG44 (William Lloyd), PENALTY FG holding declined, PENALTY FG pass interference 6 yards to the FG44, NO PLAY.","V,3,23,V44",penalty,NA,0,NA,0,26,0,NA,18,V,FG,"PUNT,3,01:26,45","PUNT,3,00:38,44",2,-1,0:48,PUNT,3,01:26,FG45,PUNT,3,00:38,FG44,NA
2021_09_FG_PW,FG,PW,Frankfurt Galaxy,Panthers Wroclaw,8/15/2021,"Wroclaw, Poland",Stadion Olimpijski,15:00,17:49,2:49,3000,29 C,W 13km/h,Sunny,Walentynowicz,Klimes,Walentynowicz,Szczepanski,Marciniak,Hameder,Romanczyk,FG,3,23,FG44,"V,3,23,V44","18,6,154","SPOT:V,V44,N D:4,11 PUNT:82,H38 OB:","FG ball on FG44, 4th and 11, Hendrik Schwarz punt 18 yards to the PW38, out-of-bounds.","H,1,10,H38",punt,NA,1,NA,0,26,0,NA,18,V,FG,"PUNT,3,01:26,45","PUNT,3,00:38,44",2,-1,0:48,PUNT,3,01:26,FG45,PUNT,3,00:38,FG44,NA
2021_09_FG_PW,FG,PW,Frankfurt Galaxy,Panthers Wroclaw,8/15/2021,"Wroclaw, Poland",Stadion Olimpijski,15:00,17:49,2:49,3000,29 C,W 13km/h,Sunny,Walentynowicz,Klimes,Walentynowicz,Szczepanski,Marciniak,Hameder,Romanczyk,PW,1,10,PW38,"H,1,10,H38","19,1,155",{DRIVE}:00:38,PANTHERS WROCLAW drive start at 00:38.,"H,1,10,H38",NA,00:38,0,NA,0,26,0,NA,19,H,PW,"PUNT,3,00:38,38","FUMB,4,13:15,60",7,22,2:23,PUNT,3,00:38,PW38,FUMB,4,13:15,FG40,NA
2021_09_FG_PW,FG,PW,Frankfurt Galaxy,Panthers Wroclaw,8/15/2021,"Wroclaw, Poland",Stadion Olimpijski,15:00,17:49,2:49,3000,29 C,W 13km/h,Sunny,Walentynowicz,Klimes,Walentynowicz,Szczepanski,Marciniak,Hameder,Romanczyk,PW,1,10,PW38,"H,1,10,H38","19,2,156","RUSH:25,H46, TACK:41",Philieas Pasqualini rush for 8 yards to the PW46 (Sebastian Gauthier).,"H,2,2,H46",rush,NA,0,NA,0,26,0,NA,19,H,PW,"PUNT,3,00:38,38","FUMB,4,13:15,60",7,22,2:23,PUNT,3,00:38,PW38,FUMB,4,13:15,FG40,NA
2021_09_FG_PW,FG,PW,Frankfurt Galaxy,Panthers Wroclaw,8/15/2021,"Wroclaw, Poland",Stadion Olimpijski,15:00,17:49,2:49,3000,29 C,W 13km/h,Sunny,Walentynowicz,Klimes,Walentynowicz,Szczepanski,Marciniak,Hameder,Romanczyk,PW,2,2,PW46,"H,2,2,H46","19,3,157","PASS:2,B,25,* BRUP:95",Lokas O´Connor pass incomplete to Philieas Pasqualini (Mete Konya).,"H,3,2,H46",pass,NA,0,NA,0,26,0,NA,19,H,PW,"PUNT,3,00:38,38","FUMB,4,13:15,60",7,22,2:23,PUNT,3,00:38,PW38,FUMB,4,13:15,FG40,NA
2021_09_FG_PW,FG,PW,Frankfurt Galaxy,Panthers Wroclaw,8/15/2021,"Wroclaw, Poland",Stadion Olimpijski,15:00,17:49,2:49,3000,29 C,W 13km/h,Sunny,Walentynowicz,Klimes,Walentynowicz,Szczepanski,Marciniak,Hameder,Romanczyk,PW,3,2,PW46,"H,3,2,H46","19,4,158","PASS:2,C,23,V43 TACK:25,55","Lokas O´Connor pass complete to Jakub Mazan for 11 yards to the FG43, 1ST DOWN PW (Benji Barnes;Ville Valasti).","H,1,10,V43",pass,NA,0,pass,0,26,0,NA,19,H,PW,"PUNT,3,00:38,38","FUMB,4,13:15,60",7,22,2:23,PUNT,3,00:38,PW38,FUMB,4,13:15,FG40,NA
2021_09_FG_PW,FG,PW,Frankfurt Galaxy,Panthers Wroclaw,8/15/2021,"Wroclaw, Poland",Stadion Olimpijski,15:00,17:49,2:49,3000,29 C,W 13km/h,Sunny,Walentynowicz,Klimes,Walentynowicz,Szczepanski,Marciniak,Hameder,Romanczyk,PW,1,10,FG43,"H,1,10,V43","19,5,159",Q:4 T:15:00,"Start of 4th quarter, clock 15:00.","H,1,10,V43",NA,15:00,0,NA,0,26,0,NA,19,H,PW,"PUNT,3,00:38,38","FUMB,4,13:15,60",7,22,2:23,PUNT,3,00:38,PW38,FUMB,4,13:15,FG40,NA
2021_09_FG_PW,FG,PW,Frankfurt Galaxy,Panthers Wroclaw,8/15/2021,"Wroclaw, Poland",Stadion Olimpijski,15:00,17:49,2:49,3000,29 C,W 13km/h,Sunny,Walentynowicz,Klimes,Walentynowicz,Szczepanski,Marciniak,Hameder,Romanczyk,PW,1,10,FG43,"H,1,10,V43","19,6,160","PASS:2,B,TM,* BRUP:25",Lokas O´Connor pass incomplete (Benji Barnes).,"H,2,10,V43",pass,NA,0,NA,0,26,0,NA,19,H,PW,"PUNT,3,00:38,38","FUMB,4,13:15,60",7,22,2:23,PUNT,3,00:38,PW38,FUMB,4,13:15,FG40,NA
2021_09_FG_PW,FG,PW,Frankfurt Galaxy,Panthers Wroclaw,8/15/2021,"Wroclaw, Poland",Stadion Olimpijski,15:00,17:49,2:49,3000,29 C,W 13km/h,Sunny,Walentynowicz,Klimes,Walentynowicz,Szczepanski,Marciniak,Hameder,Romanczyk,PW,2,10,FG43,"H,2,10,V43","19,7,161","RUSH:13,V46, TACK:25,55",Damian Kwiatkowski rush for loss of 3 yards to the FG46 (Benji Barnes;Ville Valasti).,"H,3,13,V46",rush,NA,0,NA,0,26,0,NA,19,H,PW,"PUNT,3,00:38,38","FUMB,4,13:15,60",7,22,2:23,PUNT,3,00:38,PW38,FUMB,4,13:15,FG40,NA
2021_09_FG_PW,FG,PW,Frankfurt Galaxy,Panthers Wroclaw,8/15/2021,"Wroclaw, Poland",Stadion Olimpijski,15:00,17:49,2:49,3000,29 C,W 13km/h,Sunny,Walentynowicz,Klimes,Walentynowicz,Szczepanski,Marciniak,Hameder,Romanczyk,PW,3,13,FG46,"H,3,13,V46","19,8,162","PASS:2,C,13,V33 TACK:14","Lokas O´Connor pass complete to Damian Kwiatkowski for 13 yards to the FG33, 1ST DOWN PW (Joshua Poznanski).","H,1,10,V33",pass,NA,0,pass,0,26,0,NA,19,H,PW,"PUNT,3,00:38,38","FUMB,4,13:15,60",7,22,2:23,PUNT,3,00:38,PW38,FUMB,4,13:15,FG40,NA
2021_09_FG_PW,FG,PW,Frankfurt Galaxy,Panthers Wroclaw,8/15/2021,"Wroclaw, Poland",Stadion Olimpijski,15:00,17:49,2:49,3000,29 C,W 13km/h,Sunny,Walentynowicz,Klimes,Walentynowicz,Szczepanski,Marciniak,Hameder,Romanczyk,PW,1,10,FG33,"H,1,10,V33","19,9,163","D:4,3",4th and 3.,"H,4,3,V33",NA,NA,0,NA,0,26,0,NA,19,H,PW,"PUNT,3,00:38,38","FUMB,4,13:15,60",7,22,2:23,PUNT,3,00:38,PW38,FUMB,4,13:15,FG40,NA
2021_09_FG_PW,FG,PW,Frankfurt Galaxy,Panthers Wroclaw,8/15/2021,"Wroclaw, Poland",Stadion Olimpijski,15:00,17:49,2:49,3000,29 C,W 13km/h,Sunny,Walentynowicz,Klimes,Walentynowicz,Szczepanski,Marciniak,Hameder,Romanczyk,PW,4,3,FG33,"H,4,3,V33","19,10,164","RUSH:25,V40, FORCE:41 FUMB:V,V40,40","Philieas Pasqualini rush for loss of 7 yards to the FG40, fumble forced by Sebastian Gauthier, fumble by Philieas Pasqualini recovered by FG Kadel King at FG40.","V,1,10,V40",rush,NA,0,NA,0,26,0,F,19,H,PW,"PUNT,3,00:38,38","FUMB,4,13:15,60",7,22,2:23,PUNT,3,00:38,PW38,FUMB,4,13:15,FG40,NA
2021_09_FG_PW,FG,PW,Frankfurt Galaxy,Panthers Wroclaw,8/15/2021,"Wroclaw, Poland",Stadion Olimpijski,15:00,17:49,2:49,3000,29 C,W 13km/h,Sunny,Walentynowicz,Klimes,Walentynowicz,Szczepanski,Marciniak,Hameder,Romanczyk,FG,1,10,FG40,"V,1,10,V40","20,1,165",{DRIVE}:13:15,FRANKFURT GALAXY drive start at 13:15.,"V,1,10,V40",NA,13:15,0,NA,0,26,0,NA,20,V,FG,"FUMB,4,13:15,40","FG,4,06:46,81",11,41,6:29,FUMB,4,13:15,FG40,FG,4,06:46,PW19,1
2021_09_FG_PW,FG,PW,Frankfurt Galaxy,Panthers Wroclaw,8/15/2021,"Wroclaw, Poland",Stadion Olimpijski,15:00,17:49,2:49,3000,29 C,W 13km/h,Sunny,Walentynowicz,Klimes,Walentynowicz,Szczepanski,Marciniak,Hameder,Romanczyk,FG,1,10,FG40,"V,1,10,V40","20,2,166","RUSH:33,V46, TACK:99,4",Justin Rodney rush for 6 yards to the FG46 (Robert Rosolek;William Lloyd).,"V,2,4,V46",rush,NA,0,NA,0,26,0,NA,20,V,FG,"FUMB,4,13:15,40","FG,4,06:46,81",11,41,6:29,FUMB,4,13:15,FG40,FG,4,06:46,PW19,1
2021_09_FG_PW,FG,PW,Frankfurt Galaxy,Panthers Wroclaw,8/15/2021,"Wroclaw, Poland",Stadion Olimpijski,15:00,17:49,2:49,3000,29 C,W 13km/h,Sunny,Walentynowicz,Klimes,Walentynowicz,Szczepanski,Marciniak,Hameder,Romanczyk,FG,2,4,FG46,"V,2,4,V46","20,3,167","RUSH:33,H48, TACK:24,92","Justin Rodney rush for 6 yards to the PW48, 1ST DOWN FG (William James;Adrian Brudny).","V,1,10,H48",rush,NA,0,rush,0,26,0,NA,20,V,FG,"FUMB,4,13:15,40","FG,4,06:46,81",11,41,6:29,FUMB,4,13:15,FG40,FG,4,06:46,PW19,1
2021_09_FG_PW,FG,PW,Frankfurt Galaxy,Panthers Wroclaw,8/15/2021,"Wroclaw, Poland",Stadion Olimpijski,15:00,17:49,2:49,3000,29 C,W 13km/h,Sunny,Walentynowicz,Klimes,Walentynowicz,Szczepanski,Marciniak,Hameder,Romanczyk,FG,1,10,PW48,"V,1,10,H48","20,4,168","RUSH:33,H48, TACK:93,99",Justin Rodney rush for no gain to the PW48 (Damian Wesolowski;Robert Rosolek).,"V,2,10,H48",rush,NA,0,NA,0,26,0,NA,20,V,FG,"FUMB,4,13:15,40","FG,4,06:46,81",11,41,6:29,FUMB,4,13:15,FG40,FG,4,06:46,PW19,1
2021_09_FG_PW,FG,PW,Frankfurt Galaxy,Panthers Wroclaw,8/15/2021,"Wroclaw, Poland",Stadion Olimpijski,15:00,17:49,2:49,3000,29 C,W 13km/h,Sunny,Walentynowicz,Klimes,Walentynowicz,Szczepanski,Marciniak,Hameder,Romanczyk,FG,2,10,PW48,"V,2,10,H48","20,5,169","PASS:7,C,19,H37 TACK:28","Jakeb Sullivan pass complete to Nico Strahmann for 11 yards to the PW37, 1ST DOWN FG (Pierre Courageaux).","V,1,10,H37",pass,NA,0,pass,0,26,0,NA,20,V,FG,"FUMB,4,13:15,40","FG,4,06:46,81",11,41,6:29,FUMB,4,13:15,FG40,FG,4,06:46,PW19,1
2021_09_FG_PW,FG,PW,Frankfurt Galaxy,Panthers Wroclaw,8/15/2021,"Wroclaw, Poland",Stadion Olimpijski,15:00,17:49,2:49,3000,29 C,W 13km/h,Sunny,Walentynowicz,Klimes,Walentynowicz,Szczepanski,Marciniak,Hameder,Romanczyk,FG,1,10,PW37,"V,1,10,H37","20,6,170","RUSH:22,H37, TACK:99,92",Gerald Ameln rush for no gain to the PW37 (Robert Rosolek;Adrian Brudny).,"V,2,10,H37",rush,NA,0,NA,0,26,0,NA,20,V,FG,"FUMB,4,13:15,40","FG,4,06:46,81",11,41,6:29,FUMB,4,13:15,FG40,FG,4,06:46,PW19,1
2021_09_FG_PW,FG,PW,Frankfurt Galaxy,Panthers Wroclaw,8/15/2021,"Wroclaw, Poland",Stadion Olimpijski,15:00,17:49,2:49,3000,29 C,W 13km/h,Sunny,Walentynowicz,Klimes,Walentynowicz,Szczepanski,Marciniak,Hameder,Romanczyk,FG,2,10,PW37,"V,2,10,H37","20,7,171","PASS:7,C,86,H29 TACK:20",Jakeb Sullivan pass complete to Lorenz Regler for 8 yards to the PW29 (Kacper Rokicinski).,"V,3,2,H29",pass,NA,0,NA,0,26,0,NA,20,V,FG,"FUMB,4,13:15,40","FG,4,06:46,81",11,41,6:29,FUMB,4,13:15,FG40,FG,4,06:46,PW19,1
2021_09_FG_PW,FG,PW,Frankfurt Galaxy,Panthers Wroclaw,8/15/2021,"Wroclaw, Poland",Stadion Olimpijski,15:00,17:49,2:49,3000,29 C,W 13km/h,Sunny,Walentynowicz,Klimes,Walentynowicz,Szczepanski,Marciniak,Hameder,Romanczyk,FG,3,2,PW29,"V,3,2,H29","20,8,172","RUSH:22,H26, TACK:47,5","Gerald Ameln rush for 3 yards to the PW26, 1ST DOWN FG (Antoni Idziak;Goran Zec).","V,1,10,H26",rush,NA,0,rush,0,26,0,NA,20,V,FG,"FUMB,4,13:15,40","FG,4,06:46,81",11,41,6:29,FUMB,4,13:15,FG40,FG,4,06:46,PW19,1
2021_09_FG_PW,FG,PW,Frankfurt Galaxy,Panthers Wroclaw,8/15/2021,"Wroclaw, Poland",Stadion Olimpijski,15:00,17:49,2:49,3000,29 C,W 13km/h,Sunny,Walentynowicz,Klimes,Walentynowicz,Szczepanski,Marciniak,Hameder,Romanczyk,FG,1,10,PW26,"V,1,10,H26","20,9,173","RUSH:22,H24, TACK:97,37",Gerald Ameln rush for 2 yards to the PW24 (Lukasz Gembara;Filip Kloskowski).,"V,2,8,H24",rush,NA,0,NA,0,26,0,NA,20,V,FG,"FUMB,4,13:15,40","FG,4,06:46,81",11,41,6:29,FUMB,4,13:15,FG40,FG,4,06:46,PW19,1
2021_09_FG_PW,FG,PW,Frankfurt Galaxy,Panthers Wroclaw,8/15/2021,"Wroclaw, Poland",Stadion Olimpijski,15:00,17:49,2:49,3000,29 C,W 13km/h,Sunny,Walentynowicz,Klimes,Walentynowicz,Szczepanski,Marciniak,Hameder,Romanczyk,FG,2,8,PW24,"V,2,8,H24","20,10,174","RUSH:22,H19, TACK:4,57",Gerald Ameln rush for 5 yards to the PW19 (William Lloyd;Daniel Tarnawski).,"V,3,3,H19",rush,NA,0,NA,0,26,0,NA,20,V,FG,"FUMB,4,13:15,40","FG,4,06:46,81",11,41,6:29,FUMB,4,13:15,FG40,FG,4,06:46,PW19,1
2021_09_FG_PW,FG,PW,Frankfurt Galaxy,Panthers Wroclaw,8/15/2021,"Wroclaw, Poland",Stadion Olimpijski,15:00,17:49,2:49,3000,29 C,W 13km/h,Sunny,Walentynowicz,Klimes,Walentynowicz,Szczepanski,Marciniak,Hameder,Romanczyk,FG,3,3,PW19,"V,3,3,H19","20,11,175","PASS:7,I,86,*",Jakeb Sullivan pass incomplete to Lorenz Regler.,"V,4,3,H19",pass,NA,0,NA,0,26,0,NA,20,V,FG,"FUMB,4,13:15,40","FG,4,06:46,81",11,41,6:29,FUMB,4,13:15,FG40,FG,4,06:46,PW19,1
2021_09_FG_PW,FG,PW,Frankfurt Galaxy,Panthers Wroclaw,8/15/2021,"Wroclaw, Poland",Stadion Olimpijski,15:00,17:49,2:49,3000,29 C,W 13km/h,Sunny,Walentynowicz,Klimes,Walentynowicz,Szczepanski,Marciniak,Hameder,Romanczyk,FG,4,3,PW19,"V,4,3,H19","20,12,176","FGA:42,38,G T:06:46","Max Ebsen field goal attempt from 38 GOOD, clock 06:46.","V,1,0,V35",field_goal,06:46,0,NA,1,29,0,NA,20,V,FG,"FUMB,4,13:15,40","FG,4,06:46,81",11,41,6:29,FUMB,4,13:15,FG40,FG,4,06:46,PW19,1
2021_09_FG_PW,FG,PW,Frankfurt Galaxy,Panthers Wroclaw,8/15/2021,"Wroclaw, Poland",Stadion Olimpijski,15:00,17:49,2:49,3000,29 C,W 13km/h,Sunny,Walentynowicz,Klimes,Walentynowicz,Szczepanski,Marciniak,Hameder,Romanczyk,FG,1,0,FG35,"V,1,0,V35","20,13,177","KO:42,H00 RET:23,H28 TACK:47,15","Max Ebsen kickoff 65 yards to the PW0, Jakub Mazan return 28 yards to the PW28 (Joshua Sauren;Max Siemssen).","H,1,10,H28",kick_off,NA,0,NA,0,29,0,NA,20,V,FG,"FUMB,4,13:15,40","FG,4,06:46,81",11,41,6:29,FUMB,4,13:15,FG40,FG,4,06:46,PW19,1
2021_09_FG_PW,FG,PW,Frankfurt Galaxy,Panthers Wroclaw,8/15/2021,"Wroclaw, Poland",Stadion Olimpijski,15:00,17:49,2:49,3000,29 C,W 13km/h,Sunny,Walentynowicz,Klimes,Walentynowicz,Szczepanski,Marciniak,Hameder,Romanczyk,PW,1,10,PW28,"H,1,10,H28","21,1,178",{DRIVE}:06:37,PANTHERS WROCLAW drive start at 06:37.,"H,1,10,H28",NA,06:37,0,NA,0,29,0,NA,21,H,PW,"KO,4,06:37,28","INT,4,06:00,33",2,5,0:37,KO,4,06:37,PW28,INT,4,06:00,PW33,NA
2021_09_FG_PW,FG,PW,Frankfurt Galaxy,Panthers Wroclaw,8/15/2021,"Wroclaw, Poland",Stadion Olimpijski,15:00,17:49,2:49,3000,29 C,W 13km/h,Sunny,Walentynowicz,Klimes,Walentynowicz,Szczepanski,Marciniak,Hameder,Romanczyk,PW,1,10,PW28,"H,1,10,H28","21,2,179","RUSH:13,H33, TACK:94",Damian Kwiatkowski rush for 5 yards to the PW33 (Cedric Udegbe).,"H,2,5,H33",rush,NA,0,NA,0,29,0,NA,21,H,PW,"KO,4,06:37,28","INT,4,06:00,33",2,5,0:37,KO,4,06:37,PW28,INT,4,06:00,PW33,NA
2021_09_FG_PW,FG,PW,Frankfurt Galaxy,Panthers Wroclaw,8/15/2021,"Wroclaw, Poland",Stadion Olimpijski,15:00,17:49,2:49,3000,29 C,W 13km/h,Sunny,Walentynowicz,Klimes,Walentynowicz,Szczepanski,Marciniak,Hameder,Romanczyk,PW,2,5,PW33,"H,2,5,H33","21,3,180","PASS:2,X,14,H35 RET:14,H00 T:06:00","Lokas O´Connor pass intercepted by Joshua Poznanski at the PW35, Joshua Poznanski return 35 yards to the PW0, TOUCHDOWN, clock 06:00.","V,1,10,H15",pass,06:00,0,NA,1,35,0,I,21,H,PW,"KO,4,06:37,28","INT,4,06:00,33",2,5,0:37,KO,4,06:37,PW28,INT,4,06:00,PW33,NA
2021_09_FG_PW,FG,PW,Frankfurt Galaxy,Panthers Wroclaw,8/15/2021,"Wroclaw, Poland",Stadion Olimpijski,15:00,17:49,2:49,3000,29 C,W 13km/h,Sunny,Walentynowicz,Klimes,Walentynowicz,Szczepanski,Marciniak,Hameder,Romanczyk,FG,1,10,PW15,"V,1,10,H15","22,1,181","PAT:K,42,G",Max Ebsen kick attempt good.,"V,1,0,V35",pat,NA,0,NA,1,36,0,NA,22,V,FG,"INT,4,06:00,100","TD,4,06:00,100",0,0,0:00,INT,4,06:00,PW00,TD,4,06:00,PW00,NA
2021_09_FG_PW,FG,PW,Frankfurt Galaxy,Panthers Wroclaw,8/15/2021,"Wroclaw, Poland",Stadion Olimpijski,15:00,17:49,2:49,3000,29 C,W 13km/h,Sunny,Walentynowicz,Klimes,Walentynowicz,Szczepanski,Marciniak,Hameder,Romanczyk,FG,1,0,FG35,"V,1,0,V35","22,2,182","KO:42,H00 RET:23,H20 TACK:36,99","Max Ebsen kickoff 65 yards to the PW0, Jakub Mazan return 20 yards to the PW20 (Myron De Vane;Kevin Maier).","H,1,10,H20",kick_off,NA,0,NA,0,36,0,NA,22,V,FG,"INT,4,06:00,100","TD,4,06:00,100",0,0,0:00,INT,4,06:00,PW00,TD,4,06:00,PW00,NA
2021_09_FG_PW,FG,PW,Frankfurt Galaxy,Panthers Wroclaw,8/15/2021,"Wroclaw, Poland",Stadion Olimpijski,15:00,17:49,2:49,3000,29 C,W 13km/h,Sunny,Walentynowicz,Klimes,Walentynowicz,Szczepanski,Marciniak,Hameder,Romanczyk,PW,1,10,PW20,"H,1,10,H20","23,1,183",{DRIVE}:05:53,PANTHERS WROCLAW drive start at 05:53.,"H,1,10,H20",NA,05:53,0,NA,0,36,0,NA,23,H,PW,"KO,4,05:53,20","TD,4,01:45,100",10,80,4:08,KO,4,05:53,PW20,TD,4,01:45,FG00,NA
2021_09_FG_PW,FG,PW,Frankfurt Galaxy,Panthers Wroclaw,8/15/2021,"Wroclaw, Poland",Stadion Olimpijski,15:00,17:49,2:49,3000,29 C,W 13km/h,Sunny,Walentynowicz,Klimes,Walentynowicz,Szczepanski,Marciniak,Hameder,Romanczyk,PW,1,10,PW20,"H,1,10,H20","23,2,184","RUSH:13,H22, TACK:94,63",Damian Kwiatkowski rush for 2 yards to the PW22 (Cedric Udegbe;N. Werle).,"H,2,8,H22",rush,NA,0,NA,0,36,0,NA,23,H,PW,"KO,4,05:53,20","TD,4,01:45,100",10,80,4:08,KO,4,05:53,PW20,TD,4,01:45,FG00,NA
2021_09_FG_PW,FG,PW,Frankfurt Galaxy,Panthers Wroclaw,8/15/2021,"Wroclaw, Poland",Stadion Olimpijski,15:00,17:49,2:49,3000,29 C,W 13km/h,Sunny,Walentynowicz,Klimes,Walentynowicz,Szczepanski,Marciniak,Hameder,Romanczyk,PW,2,8,PW22,"H,2,8,H22","23,3,185","PASS:2,D,82,*","Lokas O´Connor pass incomplete to Przemyslaw Banat, dropped pass.","H,3,8,H22",pass,NA,0,NA,0,36,0,NA,23,H,PW,"KO,4,05:53,20","TD,4,01:45,100",10,80,4:08,KO,4,05:53,PW20,TD,4,01:45,FG00,NA
2021_09_FG_PW,FG,PW,Frankfurt Galaxy,Panthers Wroclaw,8/15/2021,"Wroclaw, Poland",Stadion Olimpijski,15:00,17:49,2:49,3000,29 C,W 13km/h,Sunny,Walentynowicz,Klimes,Walentynowicz,Szczepanski,Marciniak,Hameder,Romanczyk,PW,3,8,PW22,"H,3,8,H22","23,4,186","PASS:2,I,82,* PEN:V,PI,A,TM,H27,N NOPLAY:","Lokas O´Connor pass incomplete to Przemyslaw Banat, PENALTY FG pass interference 5 yards to the PW27, NO PLAY.","H,3,3,H27",penalty,NA,0,NA,0,36,0,NA,23,H,PW,"KO,4,05:53,20","TD,4,01:45,100",10,80,4:08,KO,4,05:53,PW20,TD,4,01:45,FG00,NA
2021_09_FG_PW,FG,PW,Frankfurt Galaxy,Panthers Wroclaw,8/15/2021,"Wroclaw, Poland",Stadion Olimpijski,15:00,17:49,2:49,3000,29 C,W 13km/h,Sunny,Walentynowicz,Klimes,Walentynowicz,Szczepanski,Marciniak,Hameder,Romanczyk,PW,3,3,PW27,"H,3,3,H27","23,5,187","D:1,10",1st and 10.,"H,1,10,H27",NA,NA,0,NA,0,36,0,NA,23,H,PW,"KO,4,05:53,20","TD,4,01:45,100",10,80,4:08,KO,4,05:53,PW20,TD,4,01:45,FG00,NA
2021_09_FG_PW,FG,PW,Frankfurt Galaxy,Panthers Wroclaw,8/15/2021,"Wroclaw, Poland",Stadion Olimpijski,15:00,17:49,2:49,3000,29 C,W 13km/h,Sunny,Walentynowicz,Klimes,Walentynowicz,Szczepanski,Marciniak,Hameder,Romanczyk,PW,1,10,PW27,"H,1,10,H27","23,6,188","RUSH:13,H25, TACK:36",Damian Kwiatkowski rush for loss of 2 yards to the PW25 (Myron De Vane).,"H,2,12,H25",rush,NA,0,NA,0,36,0,NA,23,H,PW,"KO,4,05:53,20","TD,4,01:45,100",10,80,4:08,KO,4,05:53,PW20,TD,4,01:45,FG00,NA
2021_09_FG_PW,FG,PW,Frankfurt Galaxy,Panthers Wroclaw,8/15/2021,"Wroclaw, Poland",Stadion Olimpijski,15:00,17:49,2:49,3000,29 C,W 13km/h,Sunny,Walentynowicz,Klimes,Walentynowicz,Szczepanski,Marciniak,Hameder,Romanczyk,PW,2,12,PW25,"H,2,12,H25","23,7,189","PASS:2,C,23,H39 TACK:30,47","Lokas O´Connor pass complete to Jakub Mazan for 14 yards to the PW39, 1ST DOWN PW (F. Reuter;Joshua Sauren).","H,1,10,H39",pass,NA,0,pass,0,36,0,NA,23,H,PW,"KO,4,05:53,20","TD,4,01:45,100",10,80,4:08,KO,4,05:53,PW20,TD,4,01:45,FG00,NA
2021_09_FG_PW,FG,PW,Frankfurt Galaxy,Panthers Wroclaw,8/15/2021,"Wroclaw, Poland",Stadion Olimpijski,15:00,17:49,2:49,3000,29 C,W 13km/h,Sunny,Walentynowicz,Klimes,Walentynowicz,Szczepanski,Marciniak,Hameder,Romanczyk,PW,1,10,PW39,"H,1,10,H39","23,8,190","RUSH:13,H43, TACK:47",Damian Kwiatkowski rush for 4 yards to the PW43 (Joshua Sauren).,"H,2,6,H43",rush,NA,0,NA,0,36,0,NA,23,H,PW,"KO,4,05:53,20","TD,4,01:45,100",10,80,4:08,KO,4,05:53,PW20,TD,4,01:45,FG00,NA
2021_09_FG_PW,FG,PW,Frankfurt Galaxy,Panthers Wroclaw,8/15/2021,"Wroclaw, Poland",Stadion Olimpijski,15:00,17:49,2:49,3000,29 C,W 13km/h,Sunny,Walentynowicz,Klimes,Walentynowicz,Szczepanski,Marciniak,Hameder,Romanczyk,PW,2,6,PW43,"H,2,6,H43","23,9,191","PASS:2,C,82,V39 OB:","Lokas O´Connor pass complete to Przemyslaw Banat for 18 yards to the FG39, 1ST DOWN PW, out-of-bounds.","H,1,10,V39",pass,NA,1,pass,0,36,0,NA,23,H,PW,"KO,4,05:53,20","TD,4,01:45,100",10,80,4:08,KO,4,05:53,PW20,TD,4,01:45,FG00,NA
2021_09_FG_PW,FG,PW,Frankfurt Galaxy,Panthers Wroclaw,8/15/2021,"Wroclaw, Poland",Stadion Olimpijski,15:00,17:49,2:49,3000,29 C,W 13km/h,Sunny,Walentynowicz,Klimes,Walentynowicz,Szczepanski,Marciniak,Hameder,Romanczyk,PW,1,10,FG39,"H,1,10,V39","23,10,192","RUSH:25,V36, TACK:47,53",Philieas Pasqualini rush for 3 yards to the FG36 (Joshua Sauren;Daniel Josiah).,"H,2,7,V36",rush,NA,0,NA,0,36,0,NA,23,H,PW,"KO,4,05:53,20","TD,4,01:45,100",10,80,4:08,KO,4,05:53,PW20,TD,4,01:45,FG00,NA
2021_09_FG_PW,FG,PW,Frankfurt Galaxy,Panthers Wroclaw,8/15/2021,"Wroclaw, Poland",Stadion Olimpijski,15:00,17:49,2:49,3000,29 C,W 13km/h,Sunny,Walentynowicz,Klimes,Walentynowicz,Szczepanski,Marciniak,Hameder,Romanczyk,PW,2,7,FG36,"H,2,7,V36","23,11,193","RUSH:23,V40, FUMB:H,V40,23","Jakub Mazan rush for loss of 4 yards to the FG40, fumble by Jakub Mazan recovered by PW Jakub Mazan at FG40.","H,3,11,V40",rush,NA,0,NA,0,36,0,NA,23,H,PW,"KO,4,05:53,20","TD,4,01:45,100",10,80,4:08,KO,4,05:53,PW20,TD,4,01:45,FG00,NA
2021_09_FG_PW,FG,PW,Frankfurt Galaxy,Panthers Wroclaw,8/15/2021,"Wroclaw, Poland",Stadion Olimpijski,15:00,17:49,2:49,3000,29 C,W 13km/h,Sunny,Walentynowicz,Klimes,Walentynowicz,Szczepanski,Marciniak,Hameder,Romanczyk,PW,3,11,FG40,"H,3,11,V40","23,12,194","PASS:2,C,87,V41 TACK:43",Lokas O´Connor pass complete to Igor Maslanka for loss of 1 yard to the FG41 (Jonathan Silva Gomez).,"H,4,12,V41",pass,NA,0,NA,0,36,0,NA,23,H,PW,"KO,4,05:53,20","TD,4,01:45,100",10,80,4:08,KO,4,05:53,PW20,TD,4,01:45,FG00,NA
2021_09_FG_PW,FG,PW,Frankfurt Galaxy,Panthers Wroclaw,8/15/2021,"Wroclaw, Poland",Stadion Olimpijski,15:00,17:49,2:49,3000,29 C,W 13km/h,Sunny,Walentynowicz,Klimes,Walentynowicz,Szczepanski,Marciniak,Hameder,Romanczyk,PW,4,12,FG41,"H,4,12,V41","23,13,195","PASS:2,C,23,V00 T:01:45","Lokas O´Connor pass complete to Jakub Mazan for 41 yards to the FG0, 1ST DOWN PW, TOUCHDOWN, clock 01:45.","H,1,10,V15",pass,01:45,0,pass,1,36,6,NA,23,H,PW,"KO,4,05:53,20","TD,4,01:45,100",10,80,4:08,KO,4,05:53,PW20,TD,4,01:45,FG00,NA
2021_09_FG_PW,FG,PW,Frankfurt Galaxy,Panthers Wroclaw,8/15/2021,"Wroclaw, Poland",Stadion Olimpijski,15:00,17:49,2:49,3000,29 C,W 13km/h,Sunny,Walentynowicz,Klimes,Walentynowicz,Szczepanski,Marciniak,Hameder,Romanczyk,PW,1,10,FG15,"H,1,10,V15","23,14,196","PAT:K,44,G",Tadhg Leader kick attempt good.,"H,1,0,H35",pat,NA,0,NA,1,36,7,NA,23,H,PW,"KO,4,05:53,20","TD,4,01:45,100",10,80,4:08,KO,4,05:53,PW20,TD,4,01:45,FG00,NA
2021_09_FG_PW,FG,PW,Frankfurt Galaxy,Panthers Wroclaw,8/15/2021,"Wroclaw, Poland",Stadion Olimpijski,15:00,17:49,2:49,3000,29 C,W 13km/h,Sunny,Walentynowicz,Klimes,Walentynowicz,Szczepanski,Marciniak,Hameder,Romanczyk,PW,1,0,PW35,"H,1,0,H35","23,15,197",TOUT:H T:01:45,"Timeout Panthers Wroclaw, clock 01:45.","H,1,0,H35",NA,01:45,0,NA,0,36,7,NA,23,H,PW,"KO,4,05:53,20","TD,4,01:45,100",10,80,4:08,KO,4,05:53,PW20,TD,4,01:45,FG00,NA
2021_09_FG_PW,FG,PW,Frankfurt Galaxy,Panthers Wroclaw,8/15/2021,"Wroclaw, Poland",Stadion Olimpijski,15:00,17:49,2:49,3000,29 C,W 13km/h,Sunny,Walentynowicz,Klimes,Walentynowicz,Szczepanski,Marciniak,Hameder,Romanczyk,PW,1,0,PW35,"H,1,0,H35","23,16,198","KO:44,V00 TB:","Tadhg Leader kickoff 65 yards to the FG0, touchback.","V,1,10,V25",kick_off,NA,0,NA,0,36,7,NA,23,H,PW,"KO,4,05:53,20","TD,4,01:45,100",10,80,4:08,KO,4,05:53,PW20,TD,4,01:45,FG00,NA
2021_09_FG_PW,FG,PW,Frankfurt Galaxy,Panthers Wroclaw,8/15/2021,"Wroclaw, Poland",Stadion Olimpijski,15:00,17:49,2:49,3000,29 C,W 13km/h,Sunny,Walentynowicz,Klimes,Walentynowicz,Szczepanski,Marciniak,Hameder,Romanczyk,FG,1,10,FG25,"V,1,10,V25","24,1,199",{DRIVE}:01:45,FRANKFURT GALAXY drive start at 01:45.,"V,1,10,V25",NA,01:45,0,NA,0,36,7,NA,24,V,FG,"KO,4,01:45,25","HALF,4,00:00,42",3,17,1:45,KO,4,01:45,FG25,HALF,4,00:00,FG42,NA
2021_09_FG_PW,FG,PW,Frankfurt Galaxy,Panthers Wroclaw,8/15/2021,"Wroclaw, Poland",Stadion Olimpijski,15:00,17:49,2:49,3000,29 C,W 13km/h,Sunny,Walentynowicz,Klimes,Walentynowicz,Szczepanski,Marciniak,Hameder,Romanczyk,FG,1,10,FG25,"V,1,10,V25","24,2,200","RUSH:27,V26, TACK:21",Florian Schneikert rush for 1 yard to the FG26 (Przemyslaw Lewszyk).,"V,2,9,V26",rush,NA,0,NA,0,36,7,NA,24,V,FG,"KO,4,01:45,25","HALF,4,00:00,42",3,17,1:45,KO,4,01:45,FG25,HALF,4,00:00,FG42,NA
2021_09_FG_PW,FG,PW,Frankfurt Galaxy,Panthers Wroclaw,8/15/2021,"Wroclaw, Poland",Stadion Olimpijski,15:00,17:49,2:49,3000,29 C,W 13km/h,Sunny,Walentynowicz,Klimes,Walentynowicz,Szczepanski,Marciniak,Hameder,Romanczyk,FG,2,9,FG26,"V,2,9,V26","24,3,201","RUSH:27,V38, TACK:22,31","Florian Schneikert rush for 12 yards to the FG38, 1ST DOWN FG (Jaroslaw Lewszyk;Szymon Romanowski).","V,1,10,V38",rush,NA,0,rush,0,36,7,NA,24,V,FG,"KO,4,01:45,25","HALF,4,00:00,42",3,17,1:45,KO,4,01:45,FG25,HALF,4,00:00,FG42,NA
2021_09_FG_PW,FG,PW,Frankfurt Galaxy,Panthers Wroclaw,8/15/2021,"Wroclaw, Poland",Stadion Olimpijski,15:00,17:49,2:49,3000,29 C,W 13km/h,Sunny,Walentynowicz,Klimes,Walentynowicz,Szczepanski,Marciniak,Hameder,Romanczyk,FG,1,10,FG38,"V,1,10,V38","24,4,202","RUSH:27,V42, TACK:98,49",Florian Schneikert rush for 4 yards to the FG42 (Mateusz Dymek;Kacper Oldak).,"V,2,6,V42",rush,NA,0,NA,0,36,7,NA,24,V,FG,"KO,4,01:45,25","HALF,4,00:00,42",3,17,1:45,KO,4,01:45,FG25,HALF,4,00:00,FG42,NA
2021_09_FG_PW,FG,PW,Frankfurt Galaxy,Panthers Wroclaw,8/15/2021,"Wroclaw, Poland",Stadion Olimpijski,15:00,17:49,2:49,3000,29 C,W 13km/h,Sunny,Walentynowicz,Klimes,Walentynowicz,Szczepanski,Marciniak,Hameder,Romanczyk,FG,2,6,FG42,"V,2,6,V42","24,5,203",HALF: T:00:00,"End of game, clock 00:00.","V,2,6,V42",NA,00:00,0,NA,0,36,7,NA,24,V,FG,"KO,4,01:45,25","HALF,4,00:00,42",3,17,1:45,KO,4,01:45,FG25,HALF,4,00:00,FG42,NA
