game_id,away_team_id,home_team_id,away_team,home_team,date,location,stadium,start,end,leaguegame,nitegame,duration,attend,temp,wind,weather,ref,ump,line,lj,bj,fj,sj,posteam,down,togo,spot,context,play_id,tokens,desc,newcontext,play_type,clock,first_down_with,score,away_score_post,home_score_post,oob,turnover,drive_number,drive_vh,drive_team,drive_start,drive_end,drive_plays,drive_yards,drive_top,drive_start_how,drive_start_qtr,drive_start_time,drive_start_spot,drive_end_how,drive_end_qtr,drive_end_time,drive_end_spot,drive_rz
2021_02_LK_PW,LK,PW,Leipzig Kings,Panthers Wroclaw,6/26/2021,"Wroclaw, Poland",Stadion Olimpijski,18:00,21:03,Y,Y,3:03,3000,22 C,N13,Cloudy,Ratajczak,Klimes,Szczepanski,Walentynowicz,Marciniak,Przybyla,Kriesman,LK,1,10,LK35,"V,1,10,V35","0,1,0","CMT:Kings won the toss, defers, Kings receive","Kings won the toss, defers, Kings receive","V,1,10,V35",NA,NA,NA,0,0,0,0,NA,0,NA,NA,NA,NA,NA,NA,NA,NA,NA,NA,NA,NA,NA,NA,NA,NA
2021_02_LK_PW,LK,PW,Leipzig Kings,Panthers Wroclaw,6/26/2021,"Wroclaw, Poland",Stadion Olimpijski,18:00,21:03,Y,Y,3:03,3000,22 C,N13,Cloudy,Ratajczak,Klimes,Szczepanski,Walentynowicz,Marciniak,Przybyla,Kriesman,LK,1,10,LK35,"V,1,10,V35","0,2,1","SPOT:H,H35,N Q:1 T:00:00","PW ball on PW35, start of 1st quarter, clock 00:00.","H,1,10,H35",NA,00:00,NA,0,0,0,0,NA,0,NA,NA,NA,NA,NA,NA,NA,NA,NA,NA,NA,NA,NA,NA,NA,NA
2021_02_LK_PW,LK,PW,Leipzig Kings,Panthers Wroclaw,6/26/2021,"Wroclaw, Poland",Stadion Olimpijski,18:00,21:03,Y,Y,3:03,3000,22 C,N13,Cloudy,Ratajczak,Klimes,Szczepanski,Walentynowicz,Marciniak,Przybyla,Kriesman,PW,1,10,PW35,"H,1,10,H35","0,3,2","KO:11,V20 RET:11,V34 TACK:49","D. Panczyszyn kickoff 45 yards to the LK20, A. Dable-Wolf return 14 yards to the LK34 (K. Oldak).","V,1,10,V34",kick_off,NA,NA,0,0,0,0,NA,0,NA,NA,NA,NA,NA,NA,NA,NA,NA,NA,NA,NA,NA,NA,NA,NA
2021_02_LK_PW,LK,PW,Leipzig Kings,Panthers Wroclaw,6/26/2021,"Wroclaw, Poland",Stadion Olimpijski,18:00,21:03,Y,Y,3:03,3000,22 C,N13,Cloudy,Ratajczak,Klimes,Szczepanski,Walentynowicz,Marciniak,Przybyla,Kriesman,LK,1,10,LK34,"V,1,10,V34","1,1,3","PASS:3,C,1,V42 TACK:4",M. Birdsong pass complete to J. Templar for 8 yards to the LK42 (W. Lloyd).,"V,2,2,V42",pass,NA,NA,0,0,0,0,NA,1,V,LK,"KO,1,00:00,34","FGA,1,00:00,73",9,39,0:00,KO,1,00:00,LK34,FGA,1,00:00,PW27,NA
2021_02_LK_PW,LK,PW,Leipzig Kings,Panthers Wroclaw,6/26/2021,"Wroclaw, Poland",Stadion Olimpijski,18:00,21:03,Y,Y,3:03,3000,22 C,N13,Cloudy,Ratajczak,Klimes,Szczepanski,Walentynowicz,Marciniak,Przybyla,Kriesman,LK,2,2,LK42,"V,2,2,V42","1,2,4","RUSH:2,V44, TACK:4,6","J. Aguemon rush for 2 yards to the LK44, 1ST DOWN LK (W. Lloyd;K. Ruta).","V,1,10,V44",rush,NA,rush,0,0,0,0,NA,1,V,LK,"KO,1,00:00,34","FGA,1,00:00,73",9,39,0:00,KO,1,00:00,LK34,FGA,1,00:00,PW27,NA
2021_02_LK_PW,LK,PW,Leipzig Kings,Panthers Wroclaw,6/26/2021,"Wroclaw, Poland",Stadion Olimpijski,18:00,21:03,Y,Y,3:03,3000,22 C,N13,Cloudy,Ratajczak,Klimes,Szczepanski,Walentynowicz,Marciniak,Przybyla,Kriesman,LK,1,10,LK44,"V,1,10,V44","1,3,5","RUSH:2,H48, TACK:4",J. Aguemon rush for 8 yards to the PW48 (W. Lloyd).,"V,2,2,H48",rush,NA,NA,0,0,0,0,NA,1,V,LK,"KO,1,00:00,34","FGA,1,00:00,73",9,39,0:00,KO,1,00:00,LK34,FGA,1,00:00,PW27,NA
2021_02_LK_PW,LK,PW,Leipzig Kings,Panthers Wroclaw,6/26/2021,"Wroclaw, Poland",Stadion Olimpijski,18:00,21:03,Y,Y,3:03,3000,22 C,N13,Cloudy,Ratajczak,Klimes,Szczepanski,Walentynowicz,Marciniak,Przybyla,Kriesman,LK,2,2,PW48,"V,2,2,H48","1,4,6","RUSH:22,H50, TACK:5",R. Sobowale rush for loss of 2 yards to the 50 yardline (G. Zec).,"V,3,4,V50",rush,NA,NA,0,0,0,0,NA,1,V,LK,"KO,1,00:00,34","FGA,1,00:00,73",9,39,0:00,KO,1,00:00,LK34,FGA,1,00:00,PW27,NA
2021_02_LK_PW,LK,PW,Leipzig Kings,Panthers Wroclaw,6/26/2021,"Wroclaw, Poland",Stadion Olimpijski,18:00,21:03,Y,Y,3:03,3000,22 C,N13,Cloudy,Ratajczak,Klimes,Szczepanski,Walentynowicz,Marciniak,Przybyla,Kriesman,LK,3,4,LK50,"V,3,4,V50","1,5,7","PASS:3,C,11,H31 TACK:5","M. Birdsong pass complete to A. Dable-Wolf for 19 yards to the PW31, 1ST DOWN LK (G. Zec).","V,1,10,H31",pass,NA,pass,0,0,0,0,NA,1,V,LK,"KO,1,00:00,34","FGA,1,00:00,73",9,39,0:00,KO,1,00:00,LK34,FGA,1,00:00,PW27,NA
2021_02_LK_PW,LK,PW,Leipzig Kings,Panthers Wroclaw,6/26/2021,"Wroclaw, Poland",Stadion Olimpijski,18:00,21:03,Y,Y,3:03,3000,22 C,N13,Cloudy,Ratajczak,Klimes,Szczepanski,Walentynowicz,Marciniak,Przybyla,Kriesman,LK,1,10,PW31,"V,1,10,H31","1,6,8","PASS:3,I,6,*",M. Birdsong pass incomplete to T. Knuettel.,"V,2,10,H31",pass,NA,NA,0,0,0,0,NA,1,V,LK,"KO,1,00:00,34","FGA,1,00:00,73",9,39,0:00,KO,1,00:00,LK34,FGA,1,00:00,PW27,NA
2021_02_LK_PW,LK,PW,Leipzig Kings,Panthers Wroclaw,6/26/2021,"Wroclaw, Poland",Stadion Olimpijski,18:00,21:03,Y,Y,3:03,3000,22 C,N13,Cloudy,Ratajczak,Klimes,Szczepanski,Walentynowicz,Marciniak,Przybyla,Kriesman,LK,2,10,PW31,"V,2,10,H31","1,7,9","RUSH:2,H28, TACK:92,94",J. Aguemon rush for 3 yards to the PW28 (A. Brudny;K. Brauns).,"V,3,7,H28",rush,NA,NA,0,0,0,0,NA,1,V,LK,"KO,1,00:00,34","FGA,1,00:00,73",9,39,0:00,KO,1,00:00,LK34,FGA,1,00:00,PW27,NA
2021_02_LK_PW,LK,PW,Leipzig Kings,Panthers Wroclaw,6/26/2021,"Wroclaw, Poland",Stadion Olimpijski,18:00,21:03,Y,Y,3:03,3000,22 C,N13,Cloudy,Ratajczak,Klimes,Szczepanski,Walentynowicz,Marciniak,Przybyla,Kriesman,LK,3,7,PW28,"V,3,7,H28","1,8,10","RUSH:2,H22, TACK:4",J. Aguemon rush for 6 yards to the PW22 (W. Lloyd).,"V,4,1,H22",rush,NA,NA,0,0,0,0,NA,1,V,LK,"KO,1,00:00,34","FGA,1,00:00,73",9,39,0:00,KO,1,00:00,LK34,FGA,1,00:00,PW27,NA
2021_02_LK_PW,LK,PW,Leipzig Kings,Panthers Wroclaw,6/26/2021,"Wroclaw, Poland",Stadion Olimpijski,18:00,21:03,Y,Y,3:03,3000,22 C,N13,Cloudy,Ratajczak,Klimes,Szczepanski,Walentynowicz,Marciniak,Przybyla,Kriesman,LK,4,1,PW22,"V,4,1,H22","1,9,11",TOUT:V T:00:00,"Timeout Leipzig Kings, clock 00:00.","V,4,1,H22",NA,00:00,NA,0,0,0,0,NA,1,V,LK,"KO,1,00:00,34","FGA,1,00:00,73",9,39,0:00,KO,1,00:00,LK34,FGA,1,00:00,PW27,NA
2021_02_LK_PW,LK,PW,Leipzig Kings,Panthers Wroclaw,6/26/2021,"Wroclaw, Poland",Stadion Olimpijski,18:00,21:03,Y,Y,3:03,3000,22 C,N13,Cloudy,Ratajczak,Klimes,Szczepanski,Walentynowicz,Marciniak,Przybyla,Kriesman,LK,4,1,PW22,"V,4,1,H22","1,10,12","PEN:V,FS,A,70,H27,N",PENALTY LK false start (S. Baafi) 5 yards to the PW27.,"V,4,6,H27",penalty,NA,NA,0,0,0,0,NA,1,V,LK,"KO,1,00:00,34","FGA,1,00:00,73",9,39,0:00,KO,1,00:00,LK34,FGA,1,00:00,PW27,NA
2021_02_LK_PW,LK,PW,Leipzig Kings,Panthers Wroclaw,6/26/2021,"Wroclaw, Poland",Stadion Olimpijski,18:00,21:03,Y,Y,3:03,3000,22 C,N13,Cloudy,Ratajczak,Klimes,Szczepanski,Walentynowicz,Marciniak,Przybyla,Kriesman,LK,4,6,PW27,"V,4,6,H27","1,11,13","FGA:18,44,B,H35,H,1 T:00:00 BLOCK:1 +:1,V00 T:00:00","M. Ulbrich field goal attempt from 44 BLOCKED, recovered by PW D. Robinson at PW35 spot at PW35, clock 00:00 (blocked by D. Robinson), D. Robinson for 65 yards to the LK0, TOUCHDOWN, clock 00:00.","H,1,10,V15",field_goal,00:00,NA,1,0,6,0,NA,1,V,LK,"KO,1,00:00,34","FGA,1,00:00,73",9,39,0:00,KO,1,00:00,LK34,FGA,1,00:00,PW27,NA
2021_02_LK_PW,LK,PW,Leipzig Kings,Panthers Wroclaw,6/26/2021,"Wroclaw, Poland",Stadion Olimpijski,18:00,21:03,Y,Y,3:03,3000,22 C,N13,Cloudy,Ratajczak,Klimes,Szczepanski,Walentynowicz,Marciniak,Przybyla,Kriesman,PW,1,10,LK15,"H,1,10,V15","2,1,14","PAT:K,11,G",D. Panczyszyn kick attempt good.,"H,1,0,H35",pat,NA,NA,1,0,7,0,NA,2,H,PW,"FGA,1,00:00,35","TD,0,00:00,35",0,0,0:00,FGA,1,00:00,PW35,TD,0,00:00,PW35,NA
2021_02_LK_PW,LK,PW,Leipzig Kings,Panthers Wroclaw,6/26/2021,"Wroclaw, Poland",Stadion Olimpijski,18:00,21:03,Y,Y,3:03,3000,22 C,N13,Cloudy,Ratajczak,Klimes,Szczepanski,Walentynowicz,Marciniak,Przybyla,Kriesman,PW,1,0,PW35,"H,1,0,H35","2,2,15","KO:11,V10 RET:8,V45 TACK:3,31","D. Panczyszyn kickoff 55 yards to the LK10, A. Jalloh return 35 yards to the LK45 (S. Jarmolkowicz;S. Romanowski).","V,1,10,V45",kick_off,NA,NA,0,0,7,0,NA,2,H,PW,"FGA,1,00:00,35","TD,0,00:00,35",0,0,0:00,FGA,1,00:00,PW35,TD,0,00:00,PW35,NA
2021_02_LK_PW,LK,PW,Leipzig Kings,Panthers Wroclaw,6/26/2021,"Wroclaw, Poland",Stadion Olimpijski,18:00,21:03,Y,Y,3:03,3000,22 C,N13,Cloudy,Ratajczak,Klimes,Szczepanski,Walentynowicz,Marciniak,Przybyla,Kriesman,LK,1,10,LK45,"V,1,10,V45","3,1,16","PASS:3,C,6,H11 TACK:26","M. Birdsong pass complete to T. Knuettel for 44 yards to the PW11, 1ST DOWN LK (M. Osumek).","V,1,10,H11",pass,NA,pass,0,0,7,0,NA,3,V,LK,"KO,1,00:00,45","DOWNS,1,00:00,89",5,44,0:00,KO,1,00:00,LK45,DOWNS,1,00:00,PW11,1
2021_02_LK_PW,LK,PW,Leipzig Kings,Panthers Wroclaw,6/26/2021,"Wroclaw, Poland",Stadion Olimpijski,18:00,21:03,Y,Y,3:03,3000,22 C,N13,Cloudy,Ratajczak,Klimes,Szczepanski,Walentynowicz,Marciniak,Przybyla,Kriesman,LK,1,10,PW11,"V,1,10,H11","3,2,17","RUSH:2,H11, TACK:94",J. Aguemon rush for no gain to the PW11 (K. Brauns).,"V,2,10,H11",rush,NA,NA,0,0,7,0,NA,3,V,LK,"KO,1,00:00,45","DOWNS,1,00:00,89",5,44,0:00,KO,1,00:00,LK45,DOWNS,1,00:00,PW11,1
2021_02_LK_PW,LK,PW,Leipzig Kings,Panthers Wroclaw,6/26/2021,"Wroclaw, Poland",Stadion Olimpijski,18:00,21:03,Y,Y,3:03,3000,22 C,N13,Cloudy,Ratajczak,Klimes,Szczepanski,Walentynowicz,Marciniak,Przybyla,Kriesman,LK,2,10,PW11,"V,2,10,H11","3,3,18","PASS:3,D,6,*","M. Birdsong pass incomplete to T. Knuettel, dropped pass.","V,3,10,H11",pass,NA,NA,0,0,7,0,NA,3,V,LK,"KO,1,00:00,45","DOWNS,1,00:00,89",5,44,0:00,KO,1,00:00,LK45,DOWNS,1,00:00,PW11,1
2021_02_LK_PW,LK,PW,Leipzig Kings,Panthers Wroclaw,6/26/2021,"Wroclaw, Poland",Stadion Olimpijski,18:00,21:03,Y,Y,3:03,3000,22 C,N13,Cloudy,Ratajczak,Klimes,Szczepanski,Walentynowicz,Marciniak,Przybyla,Kriesman,LK,3,10,PW11,"V,3,10,H11","3,4,19","PASS:3,B,11,* BRUP:4 PEN:V,HO,O PEN:H,IC,O NOPLAY:","M. Birdsong pass incomplete to A. Dable-Wolf (W. Lloyd), PENALTY LK holding off-setting, PENALTY PW illegal contact off-setting, NO PLAY.","V,3,10,H11",penalty,NA,NA,0,0,7,0,NA,3,V,LK,"KO,1,00:00,45","DOWNS,1,00:00,89",5,44,0:00,KO,1,00:00,LK45,DOWNS,1,00:00,PW11,1
2021_02_LK_PW,LK,PW,Leipzig Kings,Panthers Wroclaw,6/26/2021,"Wroclaw, Poland",Stadion Olimpijski,18:00,21:03,Y,Y,3:03,3000,22 C,N13,Cloudy,Ratajczak,Klimes,Szczepanski,Walentynowicz,Marciniak,Przybyla,Kriesman,LK,3,10,PW11,"V,3,10,H11","3,5,20","PASS:3,B,TM,* BRUP:99",M. Birdsong pass incomplete (R. Rosolek).,"V,4,10,H11",pass,NA,NA,0,0,7,0,NA,3,V,LK,"KO,1,00:00,45","DOWNS,1,00:00,89",5,44,0:00,KO,1,00:00,LK45,DOWNS,1,00:00,PW11,1
2021_02_LK_PW,LK,PW,Leipzig Kings,Panthers Wroclaw,6/26/2021,"Wroclaw, Poland",Stadion Olimpijski,18:00,21:03,Y,Y,3:03,3000,22 C,N13,Cloudy,Ratajczak,Klimes,Szczepanski,Walentynowicz,Marciniak,Przybyla,Kriesman,LK,4,10,PW11,"V,4,10,H11","3,6,21","PASS:3,I,11,* BRUP:5",M. Birdsong pass incomplete to A. Dable-Wolf (G. Zec).,"H,1,10,H11",pass,NA,NA,0,0,7,0,NA,3,V,LK,"KO,1,00:00,45","DOWNS,1,00:00,89",5,44,0:00,KO,1,00:00,LK45,DOWNS,1,00:00,PW11,1
2021_02_LK_PW,LK,PW,Leipzig Kings,Panthers Wroclaw,6/26/2021,"Wroclaw, Poland",Stadion Olimpijski,18:00,21:03,Y,Y,3:03,3000,22 C,N13,Cloudy,Ratajczak,Klimes,Szczepanski,Walentynowicz,Marciniak,Przybyla,Kriesman,PW,1,10,PW11,"H,1,10,H11","4,1,22","PEN:V,HO,D",PENALTY LK holding declined.,"H,1,10,H11",penalty,NA,NA,0,0,7,0,NA,4,H,PW,"DOWNS,1,00:00,11","PUNT,1,00:00,18",3,7,0:00,DOWNS,1,00:00,PW11,PUNT,1,00:00,PW18,NA
2021_02_LK_PW,LK,PW,Leipzig Kings,Panthers Wroclaw,6/26/2021,"Wroclaw, Poland",Stadion Olimpijski,18:00,21:03,Y,Y,3:03,3000,22 C,N13,Cloudy,Ratajczak,Klimes,Szczepanski,Walentynowicz,Marciniak,Przybyla,Kriesman,PW,1,10,PW11,"H,1,10,H11","4,2,23","PASS:2,C,15,H18 TACK:8",L. O'Connor pass complete to B. Dziedzic for 7 yards to the PW18 (A. Jalloh).,"H,2,3,H18",pass,NA,NA,0,0,7,0,NA,4,H,PW,"DOWNS,1,00:00,11","PUNT,1,00:00,18",3,7,0:00,DOWNS,1,00:00,PW11,PUNT,1,00:00,PW18,NA
2021_02_LK_PW,LK,PW,Leipzig Kings,Panthers Wroclaw,6/26/2021,"Wroclaw, Poland",Stadion Olimpijski,18:00,21:03,Y,Y,3:03,3000,22 C,N13,Cloudy,Ratajczak,Klimes,Szczepanski,Walentynowicz,Marciniak,Przybyla,Kriesman,PW,2,3,PW18,"H,2,3,H18","4,3,24","RUSH:24,H20, TACK:45",M. Herndon rush for 2 yards to the PW20 (K. Kitchens).,"H,3,1,H20",rush,NA,NA,0,0,7,0,NA,4,H,PW,"DOWNS,1,00:00,11","PUNT,1,00:00,18",3,7,0:00,DOWNS,1,00:00,PW11,PUNT,1,00:00,PW18,NA
2021_02_LK_PW,LK,PW,Leipzig Kings,Panthers Wroclaw,6/26/2021,"Wroclaw, Poland",Stadion Olimpijski,18:00,21:03,Y,Y,3:03,3000,22 C,N13,Cloudy,Ratajczak,Klimes,Szczepanski,Walentynowicz,Marciniak,Przybyla,Kriesman,PW,3,1,PW20,"H,3,1,H20","4,4,25","RUSH:24,H18, TACK:99,45",M. Herndon rush for loss of 2 yards to the PW18 (V. Buffet;K. Kitchens).,"H,4,3,H18",rush,NA,NA,0,0,7,0,NA,4,H,PW,"DOWNS,1,00:00,11","PUNT,1,00:00,18",3,7,0:00,DOWNS,1,00:00,PW11,PUNT,1,00:00,PW18,NA
2021_02_LK_PW,LK,PW,Leipzig Kings,Panthers Wroclaw,6/26/2021,"Wroclaw, Poland",Stadion Olimpijski,18:00,21:03,Y,Y,3:03,3000,22 C,N13,Cloudy,Ratajczak,Klimes,Szczepanski,Walentynowicz,Marciniak,Przybyla,Kriesman,PW,4,3,PW18,"H,4,3,H18","4,5,26","PUNT:11,H48 RET:8,H48 TACK:21","D. Panczyszyn punt 30 yards to the PW48, A. Jalloh return 0 yards to the PW48 (P. Lewszyk).","V,1,10,H48",punt,NA,NA,0,0,7,0,NA,4,H,PW,"DOWNS,1,00:00,11","PUNT,1,00:00,18",3,7,0:00,DOWNS,1,00:00,PW11,PUNT,1,00:00,PW18,NA
2021_02_LK_PW,LK,PW,Leipzig Kings,Panthers Wroclaw,6/26/2021,"Wroclaw, Poland",Stadion Olimpijski,18:00,21:03,Y,Y,3:03,3000,22 C,N13,Cloudy,Ratajczak,Klimes,Szczepanski,Walentynowicz,Marciniak,Przybyla,Kriesman,LK,1,10,PW48,"V,1,10,H48","5,1,27","PASS:3,C,6,V48 TACK:8",M. Birdsong pass complete to T. Knuettel for loss of 4 yards to the LK48 (H. Ogrodowczyk).,"V,2,14,V48",pass,NA,NA,0,0,7,0,NA,5,V,LK,"PUNT,1,00:00,52","TD,1,00:00,100",4,48,0:00,PUNT,1,00:00,PW48,TD,1,00:00,PW00,NA
2021_02_LK_PW,LK,PW,Leipzig Kings,Panthers Wroclaw,6/26/2021,"Wroclaw, Poland",Stadion Olimpijski,18:00,21:03,Y,Y,3:03,3000,22 C,N13,Cloudy,Ratajczak,Klimes,Szczepanski,Walentynowicz,Marciniak,Przybyla,Kriesman,LK,2,14,LK48,"V,2,14,V48","5,2,28","PASS:3,C,84,H31 TACK:5,4","M. Birdsong pass complete to Y. Omi for 21 yards to the PW31, 1ST DOWN LK (G. Zec;W. Lloyd).","V,1,10,H31",pass,NA,pass,0,0,7,0,NA,5,V,LK,"PUNT,1,00:00,52","TD,1,00:00,100",4,48,0:00,PUNT,1,00:00,PW48,TD,1,00:00,PW00,NA
2021_02_LK_PW,LK,PW,Leipzig Kings,Panthers Wroclaw,6/26/2021,"Wroclaw, Poland",Stadion Olimpijski,18:00,21:03,Y,Y,3:03,3000,22 C,N13,Cloudy,Ratajczak,Klimes,Szczepanski,Walentynowicz,Marciniak,Przybyla,Kriesman,LK,1,10,PW31,"V,1,10,H31","5,3,29","PEN:H,OD,A,99,H26,N",PENALTY PW offside defense (R. Rosolek) 5 yards to the PW26.,"V,1,5,H26",penalty,NA,NA,0,0,7,0,NA,5,V,LK,"PUNT,1,00:00,52","TD,1,00:00,100",4,48,0:00,PUNT,1,00:00,PW48,TD,1,00:00,PW00,NA
2021_02_LK_PW,LK,PW,Leipzig Kings,Panthers Wroclaw,6/26/2021,"Wroclaw, Poland",Stadion Olimpijski,18:00,21:03,Y,Y,3:03,3000,22 C,N13,Cloudy,Ratajczak,Klimes,Szczepanski,Walentynowicz,Marciniak,Przybyla,Kriesman,LK,1,5,PW26,"V,1,5,H26","5,4,30","PEN:V,FS,A,70,H31,N",PENALTY LK false start (S. Baafi) 5 yards to the PW31.,"V,1,10,H31",penalty,NA,NA,0,0,7,0,NA,5,V,LK,"PUNT,1,00:00,52","TD,1,00:00,100",4,48,0:00,PUNT,1,00:00,PW48,TD,1,00:00,PW00,NA
2021_02_LK_PW,LK,PW,Leipzig Kings,Panthers Wroclaw,6/26/2021,"Wroclaw, Poland",Stadion Olimpijski,18:00,21:03,Y,Y,3:03,3000,22 C,N13,Cloudy,Ratajczak,Klimes,Szczepanski,Walentynowicz,Marciniak,Przybyla,Kriesman,LK,1,10,PW31,"V,1,10,H31","5,5,31","RUSH:22,H27, TACK:99,5",R. Sobowale rush for 4 yards to the PW27 (R. Rosolek;G. Zec).,"V,2,6,H27",rush,NA,NA,0,0,7,0,NA,5,V,LK,"PUNT,1,00:00,52","TD,1,00:00,100",4,48,0:00,PUNT,1,00:00,PW48,TD,1,00:00,PW00,NA
2021_02_LK_PW,LK,PW,Leipzig Kings,Panthers Wroclaw,6/26/2021,"Wroclaw, Poland",Stadion Olimpijski,18:00,21:03,Y,Y,3:03,3000,22 C,N13,Cloudy,Ratajczak,Klimes,Szczepanski,Walentynowicz,Marciniak,Przybyla,Kriesman,LK,2,6,PW27,"V,2,6,H27","5,6,32","PASS:3,C,6,H00 T:00:00","M. Birdsong pass complete to T. Knuettel for 27 yards to the PW0, 1ST DOWN LK, TOUCHDOWN, clock 00:00.","V,1,10,H15",pass,00:00,pass,1,6,7,0,NA,5,V,LK,"PUNT,1,00:00,52","TD,1,00:00,100",4,48,0:00,PUNT,1,00:00,PW48,TD,1,00:00,PW00,NA
2021_02_LK_PW,LK,PW,Leipzig Kings,Panthers Wroclaw,6/26/2021,"Wroclaw, Poland",Stadion Olimpijski,18:00,21:03,Y,Y,3:03,3000,22 C,N13,Cloudy,Ratajczak,Klimes,Szczepanski,Walentynowicz,Marciniak,Przybyla,Kriesman,LK,1,10,PW15,"V,1,10,H15","5,7,33","PAT:K,18,M",M. Ulbrich kick attempt failed.,"V,1,0,V35",pat,NA,NA,0,6,7,0,NA,5,V,LK,"PUNT,1,00:00,52","TD,1,00:00,100",4,48,0:00,PUNT,1,00:00,PW48,TD,1,00:00,PW00,NA
2021_02_LK_PW,LK,PW,Leipzig Kings,Panthers Wroclaw,6/26/2021,"Wroclaw, Poland",Stadion Olimpijski,18:00,21:03,Y,Y,3:03,3000,22 C,N13,Cloudy,Ratajczak,Klimes,Szczepanski,Walentynowicz,Marciniak,Przybyla,Kriesman,LK,1,0,LK35,"V,1,0,V35","5,8,34","KO:18,H07 RET:4,V30 TACK:34","M. Ulbrich kickoff 58 yards to the PW7, W. Lloyd return 63 yards to the LK30 (D: Wuensche).","H,1,10,V30",kick_off,NA,NA,0,6,7,0,NA,5,V,LK,"PUNT,1,00:00,52","TD,1,00:00,100",4,48,0:00,PUNT,1,00:00,PW48,TD,1,00:00,PW00,NA
2021_02_LK_PW,LK,PW,Leipzig Kings,Panthers Wroclaw,6/26/2021,"Wroclaw, Poland",Stadion Olimpijski,18:00,21:03,Y,Y,3:03,3000,22 C,N13,Cloudy,Ratajczak,Klimes,Szczepanski,Walentynowicz,Marciniak,Przybyla,Kriesman,PW,1,10,LK30,"H,1,10,V30","6,1,35","PASS:2,D,15,*","L. O'Connor pass incomplete to B. Dziedzic, dropped pass.","H,2,10,V30",pass,NA,NA,0,6,7,0,NA,6,H,PW,"KO,1,00:00,70","TD,1,00:00,100",5,30,0:00,KO,1,00:00,LK30,TD,1,00:00,LK00,1
2021_02_LK_PW,LK,PW,Leipzig Kings,Panthers Wroclaw,6/26/2021,"Wroclaw, Poland",Stadion Olimpijski,18:00,21:03,Y,Y,3:03,3000,22 C,N13,Cloudy,Ratajczak,Klimes,Szczepanski,Walentynowicz,Marciniak,Przybyla,Kriesman,PW,2,10,LK30,"H,2,10,V30","6,2,36","PASS:2,C,15,V08 TACK:33","L. O'Connor pass complete to B. Dziedzic for 22 yards to the LK8, 1ST DOWN PW (P. Meissner).","H,1,0,V08",pass,NA,pass,0,6,7,0,NA,6,H,PW,"KO,1,00:00,70","TD,1,00:00,100",5,30,0:00,KO,1,00:00,LK30,TD,1,00:00,LK00,1
2021_02_LK_PW,LK,PW,Leipzig Kings,Panthers Wroclaw,6/26/2021,"Wroclaw, Poland",Stadion Olimpijski,18:00,21:03,Y,Y,3:03,3000,22 C,N13,Cloudy,Ratajczak,Klimes,Szczepanski,Walentynowicz,Marciniak,Przybyla,Kriesman,PW,1,0,LK08,"H,1,0,V08","6,3,37","RUSH:24,V07, TACK:45",M. Herndon rush for 1 yard to the LK7 (K. Kitchens).,"H,2,0,V07",rush,NA,NA,0,6,7,0,NA,6,H,PW,"KO,1,00:00,70","TD,1,00:00,100",5,30,0:00,KO,1,00:00,LK30,TD,1,00:00,LK00,1
2021_02_LK_PW,LK,PW,Leipzig Kings,Panthers Wroclaw,6/26/2021,"Wroclaw, Poland",Stadion Olimpijski,18:00,21:03,Y,Y,3:03,3000,22 C,N13,Cloudy,Ratajczak,Klimes,Szczepanski,Walentynowicz,Marciniak,Przybyla,Kriesman,PW,2,0,LK07,"H,2,0,V07","6,4,38","PASS:2,D,23,*","L. O'Connor pass incomplete to J. Mazan, dropped pass.","H,3,0,V07",pass,NA,NA,0,6,7,0,NA,6,H,PW,"KO,1,00:00,70","TD,1,00:00,100",5,30,0:00,KO,1,00:00,LK30,TD,1,00:00,LK00,1
2021_02_LK_PW,LK,PW,Leipzig Kings,Panthers Wroclaw,6/26/2021,"Wroclaw, Poland",Stadion Olimpijski,18:00,21:03,Y,Y,3:03,3000,22 C,N13,Cloudy,Ratajczak,Klimes,Szczepanski,Walentynowicz,Marciniak,Przybyla,Kriesman,PW,3,0,LK07,"H,3,0,V07","6,5,39","PEN:V,IC,A,21,V04,1","PENALTY LK illegal contact (D. Docal) 3 yards to the LK4, 1ST DOWN PW.","H,1,0,V04",penalty,NA,penalty,0,6,7,0,NA,6,H,PW,"KO,1,00:00,70","TD,1,00:00,100",5,30,0:00,KO,1,00:00,LK30,TD,1,00:00,LK00,1
2021_02_LK_PW,LK,PW,Leipzig Kings,Panthers Wroclaw,6/26/2021,"Wroclaw, Poland",Stadion Olimpijski,18:00,21:03,Y,Y,3:03,3000,22 C,N13,Cloudy,Ratajczak,Klimes,Szczepanski,Walentynowicz,Marciniak,Przybyla,Kriesman,PW,1,0,LK04,"H,1,0,V04","6,6,40","PASS:2,C,23,V00 T:00:00","L. O'Connor pass complete to J. Mazan for 4 yards to the LK0, 1ST DOWN PW, TOUCHDOWN, clock 00:00.","H,1,10,V15",pass,00:00,pass,1,6,13,0,NA,6,H,PW,"KO,1,00:00,70","TD,1,00:00,100",5,30,0:00,KO,1,00:00,LK30,TD,1,00:00,LK00,1
2021_02_LK_PW,LK,PW,Leipzig Kings,Panthers Wroclaw,6/26/2021,"Wroclaw, Poland",Stadion Olimpijski,18:00,21:03,Y,Y,3:03,3000,22 C,N13,Cloudy,Ratajczak,Klimes,Szczepanski,Walentynowicz,Marciniak,Przybyla,Kriesman,PW,1,10,LK15,"H,1,10,V15","6,7,41","PAT:K,11,G",D. Panczyszyn kick attempt good.,"H,1,0,H35",pat,NA,NA,1,6,14,0,NA,6,H,PW,"KO,1,00:00,70","TD,1,00:00,100",5,30,0:00,KO,1,00:00,LK30,TD,1,00:00,LK00,1
2021_02_LK_PW,LK,PW,Leipzig Kings,Panthers Wroclaw,6/26/2021,"Wroclaw, Poland",Stadion Olimpijski,18:00,21:03,Y,Y,3:03,3000,22 C,N13,Cloudy,Ratajczak,Klimes,Szczepanski,Walentynowicz,Marciniak,Przybyla,Kriesman,PW,1,0,PW35,"H,1,0,H35","6,8,42","KO:11,V05 RET:8,V32 TACK:42,45","D. Panczyszyn kickoff 60 yards to the LK5, A. Jalloh return 27 yards to the LK32 (J. Chmiel;T. Kiszka).","V,1,10,V32",kick_off,NA,NA,0,6,14,0,NA,6,H,PW,"KO,1,00:00,70","TD,1,00:00,100",5,30,0:00,KO,1,00:00,LK30,TD,1,00:00,LK00,1
2021_02_LK_PW,LK,PW,Leipzig Kings,Panthers Wroclaw,6/26/2021,"Wroclaw, Poland",Stadion Olimpijski,18:00,21:03,Y,Y,3:03,3000,22 C,N13,Cloudy,Ratajczak,Klimes,Szczepanski,Walentynowicz,Marciniak,Przybyla,Kriesman,LK,1,10,LK32,"V,1,10,V32","7,1,43","RUSH:22,V36, TACK:4,5",R. Sobowale rush for 4 yards to the LK36 (W. Lloyd;G. Zec).,"V,2,6,V36",rush,NA,NA,0,6,14,0,NA,7,V,LK,"KO,2,00:00,32","PUNT,2,00:00,60",7,28,0:00,KO,2,00:00,LK32,PUNT,2,00:00,PW40,NA
2021_02_LK_PW,LK,PW,Leipzig Kings,Panthers Wroclaw,6/26/2021,"Wroclaw, Poland",Stadion Olimpijski,18:00,21:03,Y,Y,3:03,3000,22 C,N13,Cloudy,Ratajczak,Klimes,Szczepanski,Walentynowicz,Marciniak,Przybyla,Kriesman,LK,2,6,LK36,"V,2,6,V36","7,2,44","PASS:3,C,6,V44 TACK:19","M. Birdsong pass complete to T. Knuettel for 8 yards to the LK44, 1ST DOWN LK (D. Piatkowski).","V,1,10,V44",pass,NA,pass,0,6,14,0,NA,7,V,LK,"KO,2,00:00,32","PUNT,2,00:00,60",7,28,0:00,KO,2,00:00,LK32,PUNT,2,00:00,PW40,NA
2021_02_LK_PW,LK,PW,Leipzig Kings,Panthers Wroclaw,6/26/2021,"Wroclaw, Poland",Stadion Olimpijski,18:00,21:03,Y,Y,3:03,3000,22 C,N13,Cloudy,Ratajczak,Klimes,Szczepanski,Walentynowicz,Marciniak,Przybyla,Kriesman,LK,1,10,LK44,"V,1,10,V44","7,3,45","RUSH:2,H47, TACK:8",J. Aguemon rush for 9 yards to the PW47 (H. Ogrodowczyk).,"V,2,1,H47",rush,NA,NA,0,6,14,0,NA,7,V,LK,"KO,2,00:00,32","PUNT,2,00:00,60",7,28,0:00,KO,2,00:00,LK32,PUNT,2,00:00,PW40,NA
2021_02_LK_PW,LK,PW,Leipzig Kings,Panthers Wroclaw,6/26/2021,"Wroclaw, Poland",Stadion Olimpijski,18:00,21:03,Y,Y,3:03,3000,22 C,N13,Cloudy,Ratajczak,Klimes,Szczepanski,Walentynowicz,Marciniak,Przybyla,Kriesman,LK,2,1,PW47,"V,2,1,H47","7,4,46",Q:2 T:00:00,"Start of 2nd quarter, clock 00:00.","V,2,1,H47",NA,00:00,NA,0,6,14,0,NA,7,V,LK,"KO,2,00:00,32","PUNT,2,00:00,60",7,28,0:00,KO,2,00:00,LK32,PUNT,2,00:00,PW40,NA
2021_02_LK_PW,LK,PW,Leipzig Kings,Panthers Wroclaw,6/26/2021,"Wroclaw, Poland",Stadion Olimpijski,18:00,21:03,Y,Y,3:03,3000,22 C,N13,Cloudy,Ratajczak,Klimes,Szczepanski,Walentynowicz,Marciniak,Przybyla,Kriesman,LK,2,1,PW47,"V,2,1,H47","7,5,47","RUSH:22,H42, TACK:94,4","R. Sobowale rush for 5 yards to the PW42, 1ST DOWN LK (K. Brauns;W. Lloyd).","V,1,10,H42",rush,NA,rush,0,6,14,0,NA,7,V,LK,"KO,2,00:00,32","PUNT,2,00:00,60",7,28,0:00,KO,2,00:00,LK32,PUNT,2,00:00,PW40,NA
2021_02_LK_PW,LK,PW,Leipzig Kings,Panthers Wroclaw,6/26/2021,"Wroclaw, Poland",Stadion Olimpijski,18:00,21:03,Y,Y,3:03,3000,22 C,N13,Cloudy,Ratajczak,Klimes,Szczepanski,Walentynowicz,Marciniak,Przybyla,Kriesman,LK,1,10,PW42,"V,1,10,H42","7,6,48","RUSH:2,H40, TACK:4,50",J. Aguemon rush for 2 yards to the PW40 (W. Lloyd;S. Adamczyk).,"V,2,8,H40",rush,NA,NA,0,6,14,0,NA,7,V,LK,"KO,2,00:00,32","PUNT,2,00:00,60",7,28,0:00,KO,2,00:00,LK32,PUNT,2,00:00,PW40,NA
2021_02_LK_PW,LK,PW,Leipzig Kings,Panthers Wroclaw,6/26/2021,"Wroclaw, Poland",Stadion Olimpijski,18:00,21:03,Y,Y,3:03,3000,22 C,N13,Cloudy,Ratajczak,Klimes,Szczepanski,Walentynowicz,Marciniak,Przybyla,Kriesman,LK,2,8,PW40,"V,2,8,H40","7,7,49","PASS:3,I,12,*",M. Birdsong pass incomplete to J. Awini.,"V,3,8,H40",pass,NA,NA,0,6,14,0,NA,7,V,LK,"KO,2,00:00,32","PUNT,2,00:00,60",7,28,0:00,KO,2,00:00,LK32,PUNT,2,00:00,PW40,NA
2021_02_LK_PW,LK,PW,Leipzig Kings,Panthers Wroclaw,6/26/2021,"Wroclaw, Poland",Stadion Olimpijski,18:00,21:03,Y,Y,3:03,3000,22 C,N13,Cloudy,Ratajczak,Klimes,Szczepanski,Walentynowicz,Marciniak,Przybyla,Kriesman,LK,3,8,PW40,"V,3,8,H40","7,8,50","PASS:3,I,1,*",M. Birdsong pass incomplete to J. Templar.,"V,4,8,H40",pass,NA,NA,0,6,14,0,NA,7,V,LK,"KO,2,00:00,32","PUNT,2,00:00,60",7,28,0:00,KO,2,00:00,LK32,PUNT,2,00:00,PW40,NA
2021_02_LK_PW,LK,PW,Leipzig Kings,Panthers Wroclaw,6/26/2021,"Wroclaw, Poland",Stadion Olimpijski,18:00,21:03,Y,Y,3:03,3000,22 C,N13,Cloudy,Ratajczak,Klimes,Szczepanski,Walentynowicz,Marciniak,Przybyla,Kriesman,LK,4,8,PW40,"V,4,8,H40","7,9,51","PUNT:1,H08",J. Templar punt 32 yards to the PW8.,"H,1,10,H08",punt,NA,NA,0,6,14,0,NA,7,V,LK,"KO,2,00:00,32","PUNT,2,00:00,60",7,28,0:00,KO,2,00:00,LK32,PUNT,2,00:00,PW40,NA
2021_02_LK_PW,LK,PW,Leipzig Kings,Panthers Wroclaw,6/26/2021,"Wroclaw, Poland",Stadion Olimpijski,18:00,21:03,Y,Y,3:03,3000,22 C,N13,Cloudy,Ratajczak,Klimes,Szczepanski,Walentynowicz,Marciniak,Przybyla,Kriesman,PW,1,10,PW08,"H,1,10,H08","8,1,52","RUSH:25,H09, TACK:40,92",P. Pasqualini rush for 1 yard to the PW9 (O. Rohnebak;A. Zetterberg).,"H,2,9,H09",rush,NA,NA,0,6,14,0,NA,8,H,PW,"PUNT,2,00:00,8","TD,2,00:00,100",4,92,0:00,PUNT,2,00:00,PW08,TD,2,00:00,LK00,1
2021_02_LK_PW,LK,PW,Leipzig Kings,Panthers Wroclaw,6/26/2021,"Wroclaw, Poland",Stadion Olimpijski,18:00,21:03,Y,Y,3:03,3000,22 C,N13,Cloudy,Ratajczak,Klimes,Szczepanski,Walentynowicz,Marciniak,Przybyla,Kriesman,PW,2,9,PW09,"H,2,9,H09","8,2,53","PASS:2,C,25,V27 TACK:8 PEN:V,OD,D","L. O'Connor pass complete to P. Pasqualini for 64 yards to the LK27, 1ST DOWN PW (A. Jalloh), PENALTY LK offside defense declined.","H,1,10,V27",pass,NA,pass,0,6,14,0,NA,8,H,PW,"PUNT,2,00:00,8","TD,2,00:00,100",4,92,0:00,PUNT,2,00:00,PW08,TD,2,00:00,LK00,1
2021_02_LK_PW,LK,PW,Leipzig Kings,Panthers Wroclaw,6/26/2021,"Wroclaw, Poland",Stadion Olimpijski,18:00,21:03,Y,Y,3:03,3000,22 C,N13,Cloudy,Ratajczak,Klimes,Szczepanski,Walentynowicz,Marciniak,Przybyla,Kriesman,PW,1,10,LK27,"H,1,10,V27","8,3,54","PASS:2,C,15,V03 TACK:28,33","L. O'Connor pass complete to B. Dziedzic for 24 yards to the LK3, 1ST DOWN PW (J. Dietze;P. Meissner).","H,1,0,V03",pass,NA,pass,0,6,14,0,NA,8,H,PW,"PUNT,2,00:00,8","TD,2,00:00,100",4,92,0:00,PUNT,2,00:00,PW08,TD,2,00:00,LK00,1
2021_02_LK_PW,LK,PW,Leipzig Kings,Panthers Wroclaw,6/26/2021,"Wroclaw, Poland",Stadion Olimpijski,18:00,21:03,Y,Y,3:03,3000,22 C,N13,Cloudy,Ratajczak,Klimes,Szczepanski,Walentynowicz,Marciniak,Przybyla,Kriesman,PW,1,0,LK03,"H,1,0,V03","8,4,55","PASS:2,C,82,V00 T:00:00","L. O'Connor pass complete to P. Banat for 3 yards to the LK0, 1ST DOWN PW, TOUCHDOWN, clock 00:00.","H,1,10,V15",pass,00:00,pass,1,6,20,0,NA,8,H,PW,"PUNT,2,00:00,8","TD,2,00:00,100",4,92,0:00,PUNT,2,00:00,PW08,TD,2,00:00,LK00,1
2021_02_LK_PW,LK,PW,Leipzig Kings,Panthers Wroclaw,6/26/2021,"Wroclaw, Poland",Stadion Olimpijski,18:00,21:03,Y,Y,3:03,3000,22 C,N13,Cloudy,Ratajczak,Klimes,Szczepanski,Walentynowicz,Marciniak,Przybyla,Kriesman,PW,1,10,LK15,"H,1,10,V15","8,5,56","PAT:K,11,M",D. Panczyszyn kick attempt failed.,"H,1,0,H35",pat,NA,NA,0,6,20,0,NA,8,H,PW,"PUNT,2,00:00,8","TD,2,00:00,100",4,92,0:00,PUNT,2,00:00,PW08,TD,2,00:00,LK00,1
2021_02_LK_PW,LK,PW,Leipzig Kings,Panthers Wroclaw,6/26/2021,"Wroclaw, Poland",Stadion Olimpijski,18:00,21:03,Y,Y,3:03,3000,22 C,N13,Cloudy,Ratajczak,Klimes,Szczepanski,Walentynowicz,Marciniak,Przybyla,Kriesman,PW,1,0,PW35,"H,1,0,H35","8,6,57","KO:11,V13 RET:11,V32 TACK:31","D. Panczyszyn kickoff 52 yards to the LK13, A. Dable-Wolf return 19 yards to the LK32 (S. Romanowski).","V,1,10,V32",kick_off,NA,NA,0,6,20,0,NA,8,H,PW,"PUNT,2,00:00,8","TD,2,00:00,100",4,92,0:00,PUNT,2,00:00,PW08,TD,2,00:00,LK00,1
2021_02_LK_PW,LK,PW,Leipzig Kings,Panthers Wroclaw,6/26/2021,"Wroclaw, Poland",Stadion Olimpijski,18:00,21:03,Y,Y,3:03,3000,22 C,N13,Cloudy,Ratajczak,Klimes,Szczepanski,Walentynowicz,Marciniak,Przybyla,Kriesman,LK,1,10,LK32,"V,1,10,V32","9,1,58","PASS:3,C,84,V41 OB: TACK:8","M. Birdsong pass complete to Y. Omi for 9 yards to the LK41, out-of-bounds (H. Ogrodowczyk).","V,2,1,V41",pass,NA,NA,0,6,20,1,NA,9,V,LK,"KO,2,00:00,32","INT,2,00:00,64",5,32,0:00,KO,2,00:00,LK32,INT,2,00:00,PW36,NA
2021_02_LK_PW,LK,PW,Leipzig Kings,Panthers Wroclaw,6/26/2021,"Wroclaw, Poland",Stadion Olimpijski,18:00,21:03,Y,Y,3:03,3000,22 C,N13,Cloudy,Ratajczak,Klimes,Szczepanski,Walentynowicz,Marciniak,Przybyla,Kriesman,LK,2,1,LK41,"V,2,1,V41","9,2,59","PASS:3,I,TM,* PEN:V,HO,A,70,V31,N NOPLAY:","M. Birdsong pass incomplete, PENALTY LK holding (S. Baafi) 10 yards to the LK31, NO PLAY.","V,2,11,V31",penalty,NA,NA,0,6,20,0,NA,9,V,LK,"KO,2,00:00,32","INT,2,00:00,64",5,32,0:00,KO,2,00:00,LK32,INT,2,00:00,PW36,NA
2021_02_LK_PW,LK,PW,Leipzig Kings,Panthers Wroclaw,6/26/2021,"Wroclaw, Poland",Stadion Olimpijski,18:00,21:03,Y,Y,3:03,3000,22 C,N13,Cloudy,Ratajczak,Klimes,Szczepanski,Walentynowicz,Marciniak,Przybyla,Kriesman,LK,2,11,LK31,"V,2,11,V31","9,3,60","RUSH:2,V29, TACK:94,99",J. Aguemon rush for loss of 2 yards to the LK29 (K. Brauns;R. Rosolek).,"V,3,13,V29",rush,NA,NA,0,6,20,0,NA,9,V,LK,"KO,2,00:00,32","INT,2,00:00,64",5,32,0:00,KO,2,00:00,LK32,INT,2,00:00,PW36,NA
2021_02_LK_PW,LK,PW,Leipzig Kings,Panthers Wroclaw,6/26/2021,"Wroclaw, Poland",Stadion Olimpijski,18:00,21:03,Y,Y,3:03,3000,22 C,N13,Cloudy,Ratajczak,Klimes,Szczepanski,Walentynowicz,Marciniak,Przybyla,Kriesman,LK,3,13,LK29,"V,3,13,V29","9,4,61","RUSH:3,H47, OB: TACK:8","M. Birdsong rush for 24 yards to the PW47, 1ST DOWN LK, out-of-bounds (H. Ogrodowczyk).","V,1,10,H47",rush,NA,rush,0,6,20,1,NA,9,V,LK,"KO,2,00:00,32","INT,2,00:00,64",5,32,0:00,KO,2,00:00,LK32,INT,2,00:00,PW36,NA
2021_02_LK_PW,LK,PW,Leipzig Kings,Panthers Wroclaw,6/26/2021,"Wroclaw, Poland",Stadion Olimpijski,18:00,21:03,Y,Y,3:03,3000,22 C,N13,Cloudy,Ratajczak,Klimes,Szczepanski,Walentynowicz,Marciniak,Przybyla,Kriesman,LK,1,10,PW47,"V,1,10,H47","9,5,62","PASS:3,C,6,H36 TACK:26,4","M. Birdsong pass complete to T. Knuettel for 11 yards to the PW36, 1ST DOWN LK (M. Osumek;W. Lloyd).","V,1,10,H36",pass,NA,pass,0,6,20,0,NA,9,V,LK,"KO,2,00:00,32","INT,2,00:00,64",5,32,0:00,KO,2,00:00,LK32,INT,2,00:00,PW36,NA
2021_02_LK_PW,LK,PW,Leipzig Kings,Panthers Wroclaw,6/26/2021,"Wroclaw, Poland",Stadion Olimpijski,18:00,21:03,Y,Y,3:03,3000,22 C,N13,Cloudy,Ratajczak,Klimes,Szczepanski,Walentynowicz,Marciniak,Przybyla,Kriesman,LK,1,10,PW36,"V,1,10,H36","9,6,63","PASS:3,X,6,H31 RET:6,V20 TACK:3,1","M. Birdsong pass intercepted by K. Ruta at the PW31, K. Ruta return 49 yards to the LK20 (M. Birdsong;J. Templar).","H,1,10,V20",pass,NA,NA,0,6,20,0,I,9,V,LK,"KO,2,00:00,32","INT,2,00:00,64",5,32,0:00,KO,2,00:00,LK32,INT,2,00:00,PW36,NA
2021_02_LK_PW,LK,PW,Leipzig Kings,Panthers Wroclaw,6/26/2021,"Wroclaw, Poland",Stadion Olimpijski,18:00,21:03,Y,Y,3:03,3000,22 C,N13,Cloudy,Ratajczak,Klimes,Szczepanski,Walentynowicz,Marciniak,Przybyla,Kriesman,PW,1,10,LK20,"H,1,10,V20","10,1,64","PASS:2,C,16,V00 T:00:00","L. O'Connor pass complete to W. Zieba for 20 yards to the LK0, 1ST DOWN PW, TOUCHDOWN, clock 00:00.","H,1,10,V15",pass,00:00,pass,1,6,26,0,NA,10,H,PW,"INT,2,00:00,80","TD,2,00:00,100",1,20,0:00,INT,2,00:00,LK20,TD,2,00:00,LK00,NA
2021_02_LK_PW,LK,PW,Leipzig Kings,Panthers Wroclaw,6/26/2021,"Wroclaw, Poland",Stadion Olimpijski,18:00,21:03,Y,Y,3:03,3000,22 C,N13,Cloudy,Ratajczak,Klimes,Szczepanski,Walentynowicz,Marciniak,Przybyla,Kriesman,PW,1,10,LK15,"H,1,10,V15","10,2,65","PAT:K,11,M",D. Panczyszyn kick attempt failed.,"H,1,0,H35",pat,NA,NA,0,6,26,0,NA,10,H,PW,"INT,2,00:00,80","TD,2,00:00,100",1,20,0:00,INT,2,00:00,LK20,TD,2,00:00,LK00,NA
2021_02_LK_PW,LK,PW,Leipzig Kings,Panthers Wroclaw,6/26/2021,"Wroclaw, Poland",Stadion Olimpijski,18:00,21:03,Y,Y,3:03,3000,22 C,N13,Cloudy,Ratajczak,Klimes,Szczepanski,Walentynowicz,Marciniak,Przybyla,Kriesman,PW,1,0,PW35,"H,1,0,H35","10,3,66","KO:11,V20 RET:11,V35 TACK:21","D. Panczyszyn kickoff 45 yards to the LK20, A. Dable-Wolf return 15 yards to the LK35 (P. Lewszyk).","V,1,10,V35",kick_off,NA,NA,0,6,26,0,NA,10,H,PW,"INT,2,00:00,80","TD,2,00:00,100",1,20,0:00,INT,2,00:00,LK20,TD,2,00:00,LK00,NA
2021_02_LK_PW,LK,PW,Leipzig Kings,Panthers Wroclaw,6/26/2021,"Wroclaw, Poland",Stadion Olimpijski,18:00,21:03,Y,Y,3:03,3000,22 C,N13,Cloudy,Ratajczak,Klimes,Szczepanski,Walentynowicz,Marciniak,Przybyla,Kriesman,LK,1,10,LK35,"V,1,10,V35","11,1,67","PASS:3,C,6,V40 TACK:26",M. Birdsong pass complete to T. Knuettel for 5 yards to the LK40 (M. Osumek).,"V,2,5,V40",pass,NA,NA,0,6,26,0,NA,11,V,LK,"KO,2,00:00,35","TD,2,00:00,100",9,65,0:00,KO,2,00:00,LK35,TD,2,00:00,PW00,1
2021_02_LK_PW,LK,PW,Leipzig Kings,Panthers Wroclaw,6/26/2021,"Wroclaw, Poland",Stadion Olimpijski,18:00,21:03,Y,Y,3:03,3000,22 C,N13,Cloudy,Ratajczak,Klimes,Szczepanski,Walentynowicz,Marciniak,Przybyla,Kriesman,LK,2,5,LK40,"V,2,5,V40","11,2,68","PASS:3,C,12,V49 TACK:26","M. Birdsong pass complete to J. Awini for 9 yards to the LK49, 1ST DOWN LK (M. Osumek).","V,1,10,V49",pass,NA,pass,0,6,26,0,NA,11,V,LK,"KO,2,00:00,35","TD,2,00:00,100",9,65,0:00,KO,2,00:00,LK35,TD,2,00:00,PW00,1
2021_02_LK_PW,LK,PW,Leipzig Kings,Panthers Wroclaw,6/26/2021,"Wroclaw, Poland",Stadion Olimpijski,18:00,21:03,Y,Y,3:03,3000,22 C,N13,Cloudy,Ratajczak,Klimes,Szczepanski,Walentynowicz,Marciniak,Przybyla,Kriesman,LK,1,10,LK49,"V,1,10,V49","11,3,69","PASS:3,C,12,H41 TACK:5,4","M. Birdsong pass complete to J. Awini for 10 yards to the PW41, 1ST DOWN LK (G. Zec;W. Lloyd).","V,1,10,H41",pass,NA,pass,0,6,26,0,NA,11,V,LK,"KO,2,00:00,35","TD,2,00:00,100",9,65,0:00,KO,2,00:00,LK35,TD,2,00:00,PW00,1
2021_02_LK_PW,LK,PW,Leipzig Kings,Panthers Wroclaw,6/26/2021,"Wroclaw, Poland",Stadion Olimpijski,18:00,21:03,Y,Y,3:03,3000,22 C,N13,Cloudy,Ratajczak,Klimes,Szczepanski,Walentynowicz,Marciniak,Przybyla,Kriesman,LK,1,10,PW41,"V,1,10,H41","11,4,70","PASS:3,S,TM,H44 SACK:92",M. Birdsong sacked for loss of 3 yards to the PW44 (A. Brudny).,"V,2,13,H44",pass,NA,NA,0,6,26,0,NA,11,V,LK,"KO,2,00:00,35","TD,2,00:00,100",9,65,0:00,KO,2,00:00,LK35,TD,2,00:00,PW00,1
2021_02_LK_PW,LK,PW,Leipzig Kings,Panthers Wroclaw,6/26/2021,"Wroclaw, Poland",Stadion Olimpijski,18:00,21:03,Y,Y,3:03,3000,22 C,N13,Cloudy,Ratajczak,Klimes,Szczepanski,Walentynowicz,Marciniak,Przybyla,Kriesman,LK,2,13,PW44,"V,2,13,H44","11,5,71","PASS:3,C,6,H28 TACK:1,94","M. Birdsong pass complete to T. Knuettel for 16 yards to the PW28, 1ST DOWN LK (D. Robinson;K. Brauns).","V,1,10,H28",pass,NA,pass,0,6,26,0,NA,11,V,LK,"KO,2,00:00,35","TD,2,00:00,100",9,65,0:00,KO,2,00:00,LK35,TD,2,00:00,PW00,1
2021_02_LK_PW,LK,PW,Leipzig Kings,Panthers Wroclaw,6/26/2021,"Wroclaw, Poland",Stadion Olimpijski,18:00,21:03,Y,Y,3:03,3000,22 C,N13,Cloudy,Ratajczak,Klimes,Szczepanski,Walentynowicz,Marciniak,Przybyla,Kriesman,LK,1,10,PW28,"V,1,10,H28","11,6,72","PASS:3,C,12,H15 TACK:26","M. Birdsong pass complete to J. Awini for 13 yards to the PW15, 1ST DOWN LK (M. Osumek).","V,1,10,H15",pass,NA,pass,0,6,26,0,NA,11,V,LK,"KO,2,00:00,35","TD,2,00:00,100",9,65,0:00,KO,2,00:00,LK35,TD,2,00:00,PW00,1
2021_02_LK_PW,LK,PW,Leipzig Kings,Panthers Wroclaw,6/26/2021,"Wroclaw, Poland",Stadion Olimpijski,18:00,21:03,Y,Y,3:03,3000,22 C,N13,Cloudy,Ratajczak,Klimes,Szczepanski,Walentynowicz,Marciniak,Przybyla,Kriesman,LK,1,10,PW15,"V,1,10,H15","11,7,73","RUSH:22,H08, TACK:47,4",R. Sobowale rush for 7 yards to the PW8 (A. Idziak;W. Lloyd).,"V,2,3,H08",rush,NA,NA,0,6,26,0,NA,11,V,LK,"KO,2,00:00,35","TD,2,00:00,100",9,65,0:00,KO,2,00:00,LK35,TD,2,00:00,PW00,1
2021_02_LK_PW,LK,PW,Leipzig Kings,Panthers Wroclaw,6/26/2021,"Wroclaw, Poland",Stadion Olimpijski,18:00,21:03,Y,Y,3:03,3000,22 C,N13,Cloudy,Ratajczak,Klimes,Szczepanski,Walentynowicz,Marciniak,Przybyla,Kriesman,LK,2,3,PW08,"V,2,3,H08","11,8,74","PASS:3,I,11,*",M. Birdsong pass incomplete to A. Dable-Wolf.,"V,3,3,H08",pass,NA,NA,0,6,26,0,NA,11,V,LK,"KO,2,00:00,35","TD,2,00:00,100",9,65,0:00,KO,2,00:00,LK35,TD,2,00:00,PW00,1
2021_02_LK_PW,LK,PW,Leipzig Kings,Panthers Wroclaw,6/26/2021,"Wroclaw, Poland",Stadion Olimpijski,18:00,21:03,Y,Y,3:03,3000,22 C,N13,Cloudy,Ratajczak,Klimes,Szczepanski,Walentynowicz,Marciniak,Przybyla,Kriesman,LK,3,3,PW08,"V,3,3,H08","11,9,75","PASS:3,C,22,H00 T:00:00","M. Birdsong pass complete to R. Sobowale for 8 yards to the PW0, 1ST DOWN LK, TOUCHDOWN, clock 00:00.","V,1,10,H15",pass,00:00,pass,1,12,26,0,NA,11,V,LK,"KO,2,00:00,35","TD,2,00:00,100",9,65,0:00,KO,2,00:00,LK35,TD,2,00:00,PW00,1
2021_02_LK_PW,LK,PW,Leipzig Kings,Panthers Wroclaw,6/26/2021,"Wroclaw, Poland",Stadion Olimpijski,18:00,21:03,Y,Y,3:03,3000,22 C,N13,Cloudy,Ratajczak,Klimes,Szczepanski,Walentynowicz,Marciniak,Przybyla,Kriesman,LK,1,10,PW15,"V,1,10,H15","11,10,76","PAT:P,3/22,G",M. Birdsong pass attempt to R. Sobowale good.,"V,1,0,V35",pat,NA,NA,1,14,26,0,NA,11,V,LK,"KO,2,00:00,35","TD,2,00:00,100",9,65,0:00,KO,2,00:00,LK35,TD,2,00:00,PW00,1
2021_02_LK_PW,LK,PW,Leipzig Kings,Panthers Wroclaw,6/26/2021,"Wroclaw, Poland",Stadion Olimpijski,18:00,21:03,Y,Y,3:03,3000,22 C,N13,Cloudy,Ratajczak,Klimes,Szczepanski,Walentynowicz,Marciniak,Przybyla,Kriesman,LK,1,0,LK35,"V,1,0,V35","11,11,77","KO:18,H35 RET:13,H35","M. Ulbrich kickoff 30 yards to the PW35, D. Kwiatkowski return 0 yards to the PW35.","H,1,10,H35",kick_off,NA,NA,0,14,26,0,NA,11,V,LK,"KO,2,00:00,35","TD,2,00:00,100",9,65,0:00,KO,2,00:00,LK35,TD,2,00:00,PW00,1
2021_02_LK_PW,LK,PW,Leipzig Kings,Panthers Wroclaw,6/26/2021,"Wroclaw, Poland",Stadion Olimpijski,18:00,21:03,Y,Y,3:03,3000,22 C,N13,Cloudy,Ratajczak,Klimes,Szczepanski,Walentynowicz,Marciniak,Przybyla,Kriesman,PW,1,10,PW35,"H,1,10,H35","12,1,78","PASS:2,C,15,H43 TACK:17",L. O'Connor pass complete to B. Dziedzic for 8 yards to the PW43 (S. Braun).,"H,2,2,H43",pass,NA,NA,0,14,26,0,NA,12,H,PW,"KO,2,00:00,35","TD,0,00:00,100",14,65,0:00,KO,2,00:00,PW35,TD,0,00:00,LK00,1
2021_02_LK_PW,LK,PW,Leipzig Kings,Panthers Wroclaw,6/26/2021,"Wroclaw, Poland",Stadion Olimpijski,18:00,21:03,Y,Y,3:03,3000,22 C,N13,Cloudy,Ratajczak,Klimes,Szczepanski,Walentynowicz,Marciniak,Przybyla,Kriesman,PW,2,2,PW43,"H,2,2,H43","12,2,79","PASS:2,C,15,H47 TACK:8,91","L. O'Connor pass complete to B. Dziedzic for 4 yards to the PW47, 1ST DOWN PW (A. Jalloh;D. Dennerlein).","H,1,10,H47",pass,NA,pass,0,14,26,0,NA,12,H,PW,"KO,2,00:00,35","TD,0,00:00,100",14,65,0:00,KO,2,00:00,PW35,TD,0,00:00,LK00,1
2021_02_LK_PW,LK,PW,Leipzig Kings,Panthers Wroclaw,6/26/2021,"Wroclaw, Poland",Stadion Olimpijski,18:00,21:03,Y,Y,3:03,3000,22 C,N13,Cloudy,Ratajczak,Klimes,Szczepanski,Walentynowicz,Marciniak,Przybyla,Kriesman,PW,1,10,PW47,"H,1,10,H47","12,3,80","PASS:2,C,23,V42 TACK:28 PEN:H,HO,A,70,H37,N NOPLAY:","L. O'Connor pass complete to J. Mazan for 11 yards to the LK42 (J. Dietze), PENALTY PW holding (M. Stajer) 10 yards to the PW37, NO PLAY.","H,1,20,H37",penalty,NA,NA,0,14,26,0,NA,12,H,PW,"KO,2,00:00,35","TD,0,00:00,100",14,65,0:00,KO,2,00:00,PW35,TD,0,00:00,LK00,1
2021_02_LK_PW,LK,PW,Leipzig Kings,Panthers Wroclaw,6/26/2021,"Wroclaw, Poland",Stadion Olimpijski,18:00,21:03,Y,Y,3:03,3000,22 C,N13,Cloudy,Ratajczak,Klimes,Szczepanski,Walentynowicz,Marciniak,Przybyla,Kriesman,PW,1,20,PW37,"H,1,20,H37","12,4,81","PASS:2,B,23,* BRUP:17",L. O'Connor pass incomplete to J. Mazan (S. Braun).,"H,2,20,H37",pass,NA,NA,0,14,26,0,NA,12,H,PW,"KO,2,00:00,35","TD,0,00:00,100",14,65,0:00,KO,2,00:00,PW35,TD,0,00:00,LK00,1
2021_02_LK_PW,LK,PW,Leipzig Kings,Panthers Wroclaw,6/26/2021,"Wroclaw, Poland",Stadion Olimpijski,18:00,21:03,Y,Y,3:03,3000,22 C,N13,Cloudy,Ratajczak,Klimes,Szczepanski,Walentynowicz,Marciniak,Przybyla,Kriesman,PW,2,20,PW37,"H,2,20,H37","12,5,82","PASS:2,C,82,V48 TACK:26",L. O'Connor pass complete to P. Banat for 15 yards to the LK48 (F. Borger).,"H,3,5,V48",pass,NA,NA,0,14,26,0,NA,12,H,PW,"KO,2,00:00,35","TD,0,00:00,100",14,65,0:00,KO,2,00:00,PW35,TD,0,00:00,LK00,1
2021_02_LK_PW,LK,PW,Leipzig Kings,Panthers Wroclaw,6/26/2021,"Wroclaw, Poland",Stadion Olimpijski,18:00,21:03,Y,Y,3:03,3000,22 C,N13,Cloudy,Ratajczak,Klimes,Szczepanski,Walentynowicz,Marciniak,Przybyla,Kriesman,PW,3,5,LK48,"H,3,5,V48","12,6,83","PASS:2,I,23,* PEN:V,ICT,A,8,V43,1 NOPLAY:","L. O'Connor pass incomplete to J. Mazan, PENALTY LK illegal contact (A. Jalloh) 5 yards to the LK43, 1ST DOWN PW, NO PLAY.","H,1,10,V43",penalty,NA,penalty,0,14,26,0,NA,12,H,PW,"KO,2,00:00,35","TD,0,00:00,100",14,65,0:00,KO,2,00:00,PW35,TD,0,00:00,LK00,1
2021_02_LK_PW,LK,PW,Leipzig Kings,Panthers Wroclaw,6/26/2021,"Wroclaw, Poland",Stadion Olimpijski,18:00,21:03,Y,Y,3:03,3000,22 C,N13,Cloudy,Ratajczak,Klimes,Szczepanski,Walentynowicz,Marciniak,Przybyla,Kriesman,PW,1,10,LK43,"H,1,10,V43","12,7,84","PASS:2,C,82,V32","L. O'Connor pass complete to P. Banat for 11 yards to the LK32, 1ST DOWN PW.","H,1,10,V32",pass,NA,pass,0,14,26,0,NA,12,H,PW,"KO,2,00:00,35","TD,0,00:00,100",14,65,0:00,KO,2,00:00,PW35,TD,0,00:00,LK00,1
2021_02_LK_PW,LK,PW,Leipzig Kings,Panthers Wroclaw,6/26/2021,"Wroclaw, Poland",Stadion Olimpijski,18:00,21:03,Y,Y,3:03,3000,22 C,N13,Cloudy,Ratajczak,Klimes,Szczepanski,Walentynowicz,Marciniak,Przybyla,Kriesman,PW,1,10,LK32,"H,1,10,V32","12,8,85","PASS:2,C,15,V26 TACK:17",L. O'Connor pass complete to B. Dziedzic for 6 yards to the LK26 (S. Braun).,"H,2,4,V26",pass,NA,NA,0,14,26,0,NA,12,H,PW,"KO,2,00:00,35","TD,0,00:00,100",14,65,0:00,KO,2,00:00,PW35,TD,0,00:00,LK00,1
2021_02_LK_PW,LK,PW,Leipzig Kings,Panthers Wroclaw,6/26/2021,"Wroclaw, Poland",Stadion Olimpijski,18:00,21:03,Y,Y,3:03,3000,22 C,N13,Cloudy,Ratajczak,Klimes,Szczepanski,Walentynowicz,Marciniak,Przybyla,Kriesman,PW,2,4,LK26,"H,2,4,V26","12,9,86",TOUT:V T:00:00,"Timeout Leipzig Kings, clock 00:00.","H,2,4,V26",NA,00:00,NA,0,14,26,0,NA,12,H,PW,"KO,2,00:00,35","TD,0,00:00,100",14,65,0:00,KO,2,00:00,PW35,TD,0,00:00,LK00,1
2021_02_LK_PW,LK,PW,Leipzig Kings,Panthers Wroclaw,6/26/2021,"Wroclaw, Poland",Stadion Olimpijski,18:00,21:03,Y,Y,3:03,3000,22 C,N13,Cloudy,Ratajczak,Klimes,Szczepanski,Walentynowicz,Marciniak,Przybyla,Kriesman,PW,2,4,LK26,"H,2,4,V26","12,10,87","PASS:2,B,82,* BRUP:6",L. O'Connor pass incomplete to P. Banat (T. Knuettel).,"H,3,4,V26",pass,NA,NA,0,14,26,0,NA,12,H,PW,"KO,2,00:00,35","TD,0,00:00,100",14,65,0:00,KO,2,00:00,PW35,TD,0,00:00,LK00,1
2021_02_LK_PW,LK,PW,Leipzig Kings,Panthers Wroclaw,6/26/2021,"Wroclaw, Poland",Stadion Olimpijski,18:00,21:03,Y,Y,3:03,3000,22 C,N13,Cloudy,Ratajczak,Klimes,Szczepanski,Walentynowicz,Marciniak,Przybyla,Kriesman,PW,3,4,LK26,"H,3,4,V26","12,11,88","PASS:2,C,15,V22 TACK:6","L. O'Connor pass complete to B. Dziedzic for 4 yards to the LK22, 1ST DOWN PW (T. Knuettel).","H,1,10,V22",pass,NA,pass,0,14,26,0,NA,12,H,PW,"KO,2,00:00,35","TD,0,00:00,100",14,65,0:00,KO,2,00:00,PW35,TD,0,00:00,LK00,1
2021_02_LK_PW,LK,PW,Leipzig Kings,Panthers Wroclaw,6/26/2021,"Wroclaw, Poland",Stadion Olimpijski,18:00,21:03,Y,Y,3:03,3000,22 C,N13,Cloudy,Ratajczak,Klimes,Szczepanski,Walentynowicz,Marciniak,Przybyla,Kriesman,PW,1,10,LK22,"H,1,10,V22","12,12,89","PASS:2,C,23,V20 TACK:17",L. O'Connor pass complete to J. Mazan for 2 yards to the LK20 (S. Braun).,"H,2,8,V20",pass,NA,NA,0,14,26,0,NA,12,H,PW,"KO,2,00:00,35","TD,0,00:00,100",14,65,0:00,KO,2,00:00,PW35,TD,0,00:00,LK00,1
2021_02_LK_PW,LK,PW,Leipzig Kings,Panthers Wroclaw,6/26/2021,"Wroclaw, Poland",Stadion Olimpijski,18:00,21:03,Y,Y,3:03,3000,22 C,N13,Cloudy,Ratajczak,Klimes,Szczepanski,Walentynowicz,Marciniak,Przybyla,Kriesman,PW,2,8,LK20,"H,2,8,V20","12,13,90",TOUT:H T:00:00,"Timeout Panthers Wroclaw, clock 00:00.","H,2,8,V20",NA,00:00,NA,0,14,26,0,NA,12,H,PW,"KO,2,00:00,35","TD,0,00:00,100",14,65,0:00,KO,2,00:00,PW35,TD,0,00:00,LK00,1
2021_02_LK_PW,LK,PW,Leipzig Kings,Panthers Wroclaw,6/26/2021,"Wroclaw, Poland",Stadion Olimpijski,18:00,21:03,Y,Y,3:03,3000,22 C,N13,Cloudy,Ratajczak,Klimes,Szczepanski,Walentynowicz,Marciniak,Przybyla,Kriesman,PW,2,8,LK20,"H,2,8,V20","12,14,91","PASS:2,I,82,* PEN:H,HO,A,74,V30,N NOPLAY:","L. O'Connor pass incomplete to P. Banat, PENALTY PW holding (M. Silva) 10 yards to the LK30, NO PLAY.","H,2,18,V30",penalty,NA,NA,0,14,26,0,NA,12,H,PW,"KO,2,00:00,35","TD,0,00:00,100",14,65,0:00,KO,2,00:00,PW35,TD,0,00:00,LK00,1
2021_02_LK_PW,LK,PW,Leipzig Kings,Panthers Wroclaw,6/26/2021,"Wroclaw, Poland",Stadion Olimpijski,18:00,21:03,Y,Y,3:03,3000,22 C,N13,Cloudy,Ratajczak,Klimes,Szczepanski,Walentynowicz,Marciniak,Przybyla,Kriesman,PW,2,18,LK30,"H,2,18,V30","12,15,92","PASS:2,D,7,*","L. O'Connor pass incomplete to J. Wasiel, dropped pass.","H,3,18,V30",pass,NA,NA,0,14,26,0,NA,12,H,PW,"KO,2,00:00,35","TD,0,00:00,100",14,65,0:00,KO,2,00:00,PW35,TD,0,00:00,LK00,1
2021_02_LK_PW,LK,PW,Leipzig Kings,Panthers Wroclaw,6/26/2021,"Wroclaw, Poland",Stadion Olimpijski,18:00,21:03,Y,Y,3:03,3000,22 C,N13,Cloudy,Ratajczak,Klimes,Szczepanski,Walentynowicz,Marciniak,Przybyla,Kriesman,PW,3,18,LK30,"H,3,18,V30","12,16,93","PASS:2,C,23,V11 TACK:83","L. O'Connor pass complete to J. Mazan for 19 yards to the LK11, 1ST DOWN PW (J. Breme).","H,1,10,V11",pass,NA,pass,0,14,26,0,NA,12,H,PW,"KO,2,00:00,35","TD,0,00:00,100",14,65,0:00,KO,2,00:00,PW35,TD,0,00:00,LK00,1
2021_02_LK_PW,LK,PW,Leipzig Kings,Panthers Wroclaw,6/26/2021,"Wroclaw, Poland",Stadion Olimpijski,18:00,21:03,Y,Y,3:03,3000,22 C,N13,Cloudy,Ratajczak,Klimes,Szczepanski,Walentynowicz,Marciniak,Przybyla,Kriesman,PW,1,10,LK11,"H,1,10,V11","12,17,94",TOUT:H T:00:00,"Timeout Panthers Wroclaw, clock 00:00.","H,1,10,V11",NA,00:00,NA,0,14,26,0,NA,12,H,PW,"KO,2,00:00,35","TD,0,00:00,100",14,65,0:00,KO,2,00:00,PW35,TD,0,00:00,LK00,1
2021_02_LK_PW,LK,PW,Leipzig Kings,Panthers Wroclaw,6/26/2021,"Wroclaw, Poland",Stadion Olimpijski,18:00,21:03,Y,Y,3:03,3000,22 C,N13,Cloudy,Ratajczak,Klimes,Szczepanski,Walentynowicz,Marciniak,Przybyla,Kriesman,PW,1,10,LK11,"H,1,10,V11","12,18,95","PASS:2,B,16,* BRUP:21",L. O'Connor pass incomplete to W. Zieba (D. Docal).,"H,2,10,V11",pass,NA,NA,0,14,26,0,NA,12,H,PW,"KO,2,00:00,35","TD,0,00:00,100",14,65,0:00,KO,2,00:00,PW35,TD,0,00:00,LK00,1
2021_02_LK_PW,LK,PW,Leipzig Kings,Panthers Wroclaw,6/26/2021,"Wroclaw, Poland",Stadion Olimpijski,18:00,21:03,Y,Y,3:03,3000,22 C,N13,Cloudy,Ratajczak,Klimes,Szczepanski,Walentynowicz,Marciniak,Przybyla,Kriesman,PW,2,10,LK11,"H,2,10,V11","12,19,96","PASS:2,I,16,*",L. O'Connor pass incomplete to W. Zieba.,"H,3,10,V11",pass,NA,NA,0,14,26,0,NA,12,H,PW,"KO,2,00:00,35","TD,0,00:00,100",14,65,0:00,KO,2,00:00,PW35,TD,0,00:00,LK00,1
2021_02_LK_PW,LK,PW,Leipzig Kings,Panthers Wroclaw,6/26/2021,"Wroclaw, Poland",Stadion Olimpijski,18:00,21:03,Y,Y,3:03,3000,22 C,N13,Cloudy,Ratajczak,Klimes,Szczepanski,Walentynowicz,Marciniak,Przybyla,Kriesman,PW,3,10,LK11,"H,3,10,V11","12,20,97","PASS:2,C,16,V00 T:00:00 PEN:V,UC,A,91,V00,N","L. O'Connor pass complete to W. Zieba for 11 yards to the LK0, 1ST DOWN PW, TOUCHDOWN, clock 00:00, PENALTY LK unsportsmanlike conduct (D. Dennerlein) 15 yards to the LK0, TOUCHDOWN.","H,1,0,V00",pass,00:00,pass,1,14,32,0,NA,12,H,PW,"KO,2,00:00,35","TD,0,00:00,100",14,65,0:00,KO,2,00:00,PW35,TD,0,00:00,LK00,1
2021_02_LK_PW,LK,PW,Leipzig Kings,Panthers Wroclaw,6/26/2021,"Wroclaw, Poland",Stadion Olimpijski,18:00,21:03,Y,Y,3:03,3000,22 C,N13,Cloudy,Ratajczak,Klimes,Szczepanski,Walentynowicz,Marciniak,Przybyla,Kriesman,PW,1,0,LK00,"H,1,0,V00","12,21,98","PAT:K,11,G",D. Panczyszyn kick attempt good.,"H,1,0,H35",pat,NA,NA,1,14,33,0,NA,12,H,PW,"KO,2,00:00,35","TD,0,00:00,100",14,65,0:00,KO,2,00:00,PW35,TD,0,00:00,LK00,1
2021_02_LK_PW,LK,PW,Leipzig Kings,Panthers Wroclaw,6/26/2021,"Wroclaw, Poland",Stadion Olimpijski,18:00,21:03,Y,Y,3:03,3000,22 C,N13,Cloudy,Ratajczak,Klimes,Szczepanski,Walentynowicz,Marciniak,Przybyla,Kriesman,PW,1,0,PW35,"H,1,0,H35","12,22,99","SPOT:H,H50,N",PW ball on 50 yardline.,"H,1,0,H50",NA,NA,NA,0,14,33,0,NA,12,H,PW,"KO,2,00:00,35","TD,0,00:00,100",14,65,0:00,KO,2,00:00,PW35,TD,0,00:00,LK00,1
2021_02_LK_PW,LK,PW,Leipzig Kings,Panthers Wroclaw,6/26/2021,"Wroclaw, Poland",Stadion Olimpijski,18:00,21:03,Y,Y,3:03,3000,22 C,N13,Cloudy,Ratajczak,Klimes,Szczepanski,Walentynowicz,Marciniak,Przybyla,Kriesman,PW,1,0,PW50,"H,1,0,H50","12,23,100","KO:11,V00 RET:8,V10 TACK:49,20","D. Panczyszyn kickoff 50 yards to the LK0, A. Jalloh return 10 yards to the LK10 (K. Oldak;K. Rokicinski).","V,1,10,V10",kick_off,NA,NA,0,14,33,0,NA,12,H,PW,"KO,2,00:00,35","TD,0,00:00,100",14,65,0:00,KO,2,00:00,PW35,TD,0,00:00,LK00,1
2021_02_LK_PW,LK,PW,Leipzig Kings,Panthers Wroclaw,6/26/2021,"Wroclaw, Poland",Stadion Olimpijski,18:00,21:03,Y,Y,3:03,3000,22 C,N13,Cloudy,Ratajczak,Klimes,Szczepanski,Walentynowicz,Marciniak,Przybyla,Kriesman,LK,1,10,LK10,"V,1,10,V10","13,1,101",HALF: T:00:00,"End of half, clock 00:00.","V,1,10,V10",NA,00:00,NA,0,14,33,0,NA,13,V,LK,"KO,2,00:00,10","HALF,2,00:00,10",0,0,0:00,KO,2,00:00,LK10,HALF,2,00:00,LK10,NA
2021_02_LK_PW,LK,PW,Leipzig Kings,Panthers Wroclaw,6/26/2021,"Wroclaw, Poland",Stadion Olimpijski,18:00,21:03,Y,Y,3:03,3000,22 C,N13,Cloudy,Ratajczak,Klimes,Szczepanski,Walentynowicz,Marciniak,Przybyla,Kriesman,LK,1,10,LK10,"V,1,10,V10","13,2,102","Q:3 T:00:00 SPOT:V,V35,N","Start of 3rd quarter, clock 00:00, LK ball on LK35.","V,1,10,V35",NA,00:00,NA,0,14,33,0,NA,13,V,LK,"KO,2,00:00,10","HALF,2,00:00,10",0,0,0:00,KO,2,00:00,LK10,HALF,2,00:00,LK10,NA
2021_02_LK_PW,LK,PW,Leipzig Kings,Panthers Wroclaw,6/26/2021,"Wroclaw, Poland",Stadion Olimpijski,18:00,21:03,Y,Y,3:03,3000,22 C,N13,Cloudy,Ratajczak,Klimes,Szczepanski,Walentynowicz,Marciniak,Przybyla,Kriesman,LK,1,10,LK35,"V,1,10,V35","13,3,103","KO:18,H40 OB: SPOT:H,H40,Y","M. Ulbrich kickoff 25 yards to the PW40, out-of-bounds, PW ball on PW40.","H,1,10,H40",kick_off,NA,NA,0,14,33,1,NA,13,V,LK,"KO,2,00:00,10","HALF,2,00:00,10",0,0,0:00,KO,2,00:00,LK10,HALF,2,00:00,LK10,NA
2021_02_LK_PW,LK,PW,Leipzig Kings,Panthers Wroclaw,6/26/2021,"Wroclaw, Poland",Stadion Olimpijski,18:00,21:03,Y,Y,3:03,3000,22 C,N13,Cloudy,Ratajczak,Klimes,Szczepanski,Walentynowicz,Marciniak,Przybyla,Kriesman,PW,1,10,PW40,"H,1,10,H40","14,1,104","PASS:2,S,TM,H35 SACK:45",L. O'Connor sacked for loss of 5 yards to the PW35 (K. Kitchens).,"H,2,15,H35",pass,NA,NA,0,14,33,0,NA,14,H,PW,"KO,3,00:00,40","FUMB,3,00:00,10",5,-30,0:00,KO,3,00:00,PW40,FUMB,3,00:00,PW10,NA
2021_02_LK_PW,LK,PW,Leipzig Kings,Panthers Wroclaw,6/26/2021,"Wroclaw, Poland",Stadion Olimpijski,18:00,21:03,Y,Y,3:03,3000,22 C,N13,Cloudy,Ratajczak,Klimes,Szczepanski,Walentynowicz,Marciniak,Przybyla,Kriesman,PW,2,15,PW35,"H,2,15,H35","14,2,105","PASS:2,C,24,H47 TACK:6,28",L. O'Connor pass complete to M. Herndon for 12 yards to the PW47 (T. Knuettel;J. Dietze).,"H,3,3,H47",pass,NA,NA,0,14,33,0,NA,14,H,PW,"KO,3,00:00,40","FUMB,3,00:00,10",5,-30,0:00,KO,3,00:00,PW40,FUMB,3,00:00,PW10,NA
2021_02_LK_PW,LK,PW,Leipzig Kings,Panthers Wroclaw,6/26/2021,"Wroclaw, Poland",Stadion Olimpijski,18:00,21:03,Y,Y,3:03,3000,22 C,N13,Cloudy,Ratajczak,Klimes,Szczepanski,Walentynowicz,Marciniak,Przybyla,Kriesman,PW,3,3,PW47,"H,3,3,H47","14,3,106","PASS:2,C,24,V49 TACK:6,40","L. O'Connor pass complete to M. Herndon for 4 yards to the LK49, 1ST DOWN PW (T. Knuettel;O. Rohnebak).","H,1,10,V49",pass,NA,pass,0,14,33,0,NA,14,H,PW,"KO,3,00:00,40","FUMB,3,00:00,10",5,-30,0:00,KO,3,00:00,PW40,FUMB,3,00:00,PW10,NA
2021_02_LK_PW,LK,PW,Leipzig Kings,Panthers Wroclaw,6/26/2021,"Wroclaw, Poland",Stadion Olimpijski,18:00,21:03,Y,Y,3:03,3000,22 C,N13,Cloudy,Ratajczak,Klimes,Szczepanski,Walentynowicz,Marciniak,Przybyla,Kriesman,PW,1,10,LK49,"H,1,10,V49","14,4,107","RUSH:24,V49, TACK:40,17",M. Herndon rush for no gain to the LK49 (O. Rohnebak;S. Braun).,"H,2,10,V49",rush,NA,NA,0,14,33,0,NA,14,H,PW,"KO,3,00:00,40","FUMB,3,00:00,10",5,-30,0:00,KO,3,00:00,PW40,FUMB,3,00:00,PW10,NA
2021_02_LK_PW,LK,PW,Leipzig Kings,Panthers Wroclaw,6/26/2021,"Wroclaw, Poland",Stadion Olimpijski,18:00,21:03,Y,Y,3:03,3000,22 C,N13,Cloudy,Ratajczak,Klimes,Szczepanski,Walentynowicz,Marciniak,Przybyla,Kriesman,PW,2,10,LK49,"H,2,10,V49","14,5,108","PASS:2,C,23,V45 FORCE:17 FUMB:V,H10,6 TACK:23","L. O'Connor pass complete to J. Mazan for 4 yards to the LK45, fumble forced by S. Braun, fumble by J. Mazan recovered by LK T. Knuettel at PW10 (J. Mazan).","V,1,0,H10",pass,NA,NA,0,14,33,0,F,14,H,PW,"KO,3,00:00,40","FUMB,3,00:00,10",5,-30,0:00,KO,3,00:00,PW40,FUMB,3,00:00,PW10,NA
2021_02_LK_PW,LK,PW,Leipzig Kings,Panthers Wroclaw,6/26/2021,"Wroclaw, Poland",Stadion Olimpijski,18:00,21:03,Y,Y,3:03,3000,22 C,N13,Cloudy,Ratajczak,Klimes,Szczepanski,Walentynowicz,Marciniak,Przybyla,Kriesman,LK,1,0,PW10,"V,1,0,H10","15,1,109","SPOT:V,H10,Y",LK ball on PW10.,"V,1,0,H10",NA,NA,NA,0,14,33,0,NA,15,V,LK,"FUMB,3,00:00,90","TD,3,00:00,100",1,10,0:00,FUMB,3,00:00,PW10,TD,3,00:00,PW00,1
2021_02_LK_PW,LK,PW,Leipzig Kings,Panthers Wroclaw,6/26/2021,"Wroclaw, Poland",Stadion Olimpijski,18:00,21:03,Y,Y,3:03,3000,22 C,N13,Cloudy,Ratajczak,Klimes,Szczepanski,Walentynowicz,Marciniak,Przybyla,Kriesman,LK,1,0,PW10,"V,1,0,H10","15,2,110","PASS:3,C,12,H00 T:00:00","M. Birdsong pass complete to J. Awini for 10 yards to the PW0, 1ST DOWN LK, TOUCHDOWN, clock 00:00.","V,1,10,H15",pass,00:00,pass,1,20,33,0,NA,15,V,LK,"FUMB,3,00:00,90","TD,3,00:00,100",1,10,0:00,FUMB,3,00:00,PW10,TD,3,00:00,PW00,1
2021_02_LK_PW,LK,PW,Leipzig Kings,Panthers Wroclaw,6/26/2021,"Wroclaw, Poland",Stadion Olimpijski,18:00,21:03,Y,Y,3:03,3000,22 C,N13,Cloudy,Ratajczak,Klimes,Szczepanski,Walentynowicz,Marciniak,Przybyla,Kriesman,LK,1,10,PW15,"V,1,10,H15","15,3,111","PAT:R,3,G",M. Birdsong rush attempt good.,"V,1,0,V35",pat,NA,NA,1,22,33,0,NA,15,V,LK,"FUMB,3,00:00,90","TD,3,00:00,100",1,10,0:00,FUMB,3,00:00,PW10,TD,3,00:00,PW00,1
2021_02_LK_PW,LK,PW,Leipzig Kings,Panthers Wroclaw,6/26/2021,"Wroclaw, Poland",Stadion Olimpijski,18:00,21:03,Y,Y,3:03,3000,22 C,N13,Cloudy,Ratajczak,Klimes,Szczepanski,Walentynowicz,Marciniak,Przybyla,Kriesman,LK,1,0,LK35,"V,1,0,V35","15,4,112","KO:18,H35 RET:13,H35","M. Ulbrich kickoff 30 yards to the PW35, D. Kwiatkowski return 0 yards to the PW35.","H,1,10,H35",kick_off,NA,NA,0,22,33,0,NA,15,V,LK,"FUMB,3,00:00,90","TD,3,00:00,100",1,10,0:00,FUMB,3,00:00,PW10,TD,3,00:00,PW00,1
2021_02_LK_PW,LK,PW,Leipzig Kings,Panthers Wroclaw,6/26/2021,"Wroclaw, Poland",Stadion Olimpijski,18:00,21:03,Y,Y,3:03,3000,22 C,N13,Cloudy,Ratajczak,Klimes,Szczepanski,Walentynowicz,Marciniak,Przybyla,Kriesman,PW,1,10,PW35,"H,1,10,H35","16,1,113","RUSH:25,H37, TACK:45",P. Pasqualini rush for 2 yards to the PW37 (K. Kitchens).,"H,2,8,H37",rush,NA,NA,0,22,33,0,NA,16,H,PW,"KO,3,00:00,35","TD,3,00:00,100",9,65,0:00,KO,3,00:00,PW35,TD,3,00:00,LK00,1
2021_02_LK_PW,LK,PW,Leipzig Kings,Panthers Wroclaw,6/26/2021,"Wroclaw, Poland",Stadion Olimpijski,18:00,21:03,Y,Y,3:03,3000,22 C,N13,Cloudy,Ratajczak,Klimes,Szczepanski,Walentynowicz,Marciniak,Przybyla,Kriesman,PW,2,8,PW37,"H,2,8,H37","16,2,114","PASS:2,B,82,* BRUP:40",L. O'Connor pass incomplete to P. Banat (O. Rohnebak).,"H,3,8,H37",pass,NA,NA,0,22,33,0,NA,16,H,PW,"KO,3,00:00,35","TD,3,00:00,100",9,65,0:00,KO,3,00:00,PW35,TD,3,00:00,LK00,1
2021_02_LK_PW,LK,PW,Leipzig Kings,Panthers Wroclaw,6/26/2021,"Wroclaw, Poland",Stadion Olimpijski,18:00,21:03,Y,Y,3:03,3000,22 C,N13,Cloudy,Ratajczak,Klimes,Szczepanski,Walentynowicz,Marciniak,Przybyla,Kriesman,PW,3,8,PW37,"H,3,8,H37","16,3,115","PASS:2,C,15,H48 TACK:40","L. O'Connor pass complete to B. Dziedzic for 11 yards to the PW48, 1ST DOWN PW (O. Rohnebak).","H,1,10,H48",pass,NA,pass,0,22,33,0,NA,16,H,PW,"KO,3,00:00,35","TD,3,00:00,100",9,65,0:00,KO,3,00:00,PW35,TD,3,00:00,LK00,1
2021_02_LK_PW,LK,PW,Leipzig Kings,Panthers Wroclaw,6/26/2021,"Wroclaw, Poland",Stadion Olimpijski,18:00,21:03,Y,Y,3:03,3000,22 C,N13,Cloudy,Ratajczak,Klimes,Szczepanski,Walentynowicz,Marciniak,Przybyla,Kriesman,PW,1,10,PW48,"H,1,10,H48","16,4,116","RUSH:25,H45, TACK:40,8 PEN:H,HO,A,55,H38,N NOPLAY:","P. Pasqualini rush for loss of 3 yards to the PW45 (O. Rohnebak;A. Jalloh), PENALTY PW holding (R. Rogaczewski) 10 yards to the PW38, NO PLAY.","H,1,20,H38",penalty,NA,NA,0,22,33,0,NA,16,H,PW,"KO,3,00:00,35","TD,3,00:00,100",9,65,0:00,KO,3,00:00,PW35,TD,3,00:00,LK00,1
2021_02_LK_PW,LK,PW,Leipzig Kings,Panthers Wroclaw,6/26/2021,"Wroclaw, Poland",Stadion Olimpijski,18:00,21:03,Y,Y,3:03,3000,22 C,N13,Cloudy,Ratajczak,Klimes,Szczepanski,Walentynowicz,Marciniak,Przybyla,Kriesman,PW,1,20,PW38,"H,1,20,H38","16,5,117","PASS:2,B,82,* BRUP:6",L. O'Connor pass incomplete to P. Banat (T. Knuettel).,"H,2,20,H38",pass,NA,NA,0,22,33,0,NA,16,H,PW,"KO,3,00:00,35","TD,3,00:00,100",9,65,0:00,KO,3,00:00,PW35,TD,3,00:00,LK00,1
2021_02_LK_PW,LK,PW,Leipzig Kings,Panthers Wroclaw,6/26/2021,"Wroclaw, Poland",Stadion Olimpijski,18:00,21:03,Y,Y,3:03,3000,22 C,N13,Cloudy,Ratajczak,Klimes,Szczepanski,Walentynowicz,Marciniak,Przybyla,Kriesman,PW,2,20,PW38,"H,2,20,H38","16,6,118","PASS:2,C,23,H43 TACK:17",L. O'Connor pass complete to J. Mazan for 5 yards to the PW43 (S. Braun).,"H,3,15,H43",pass,NA,NA,0,22,33,0,NA,16,H,PW,"KO,3,00:00,35","TD,3,00:00,100",9,65,0:00,KO,3,00:00,PW35,TD,3,00:00,LK00,1
2021_02_LK_PW,LK,PW,Leipzig Kings,Panthers Wroclaw,6/26/2021,"Wroclaw, Poland",Stadion Olimpijski,18:00,21:03,Y,Y,3:03,3000,22 C,N13,Cloudy,Ratajczak,Klimes,Szczepanski,Walentynowicz,Marciniak,Przybyla,Kriesman,PW,3,15,PW43,"H,3,15,H43","16,7,119","PASS:2,X,8,V18 RET:8,V18 PEN:V,PI,A,21,V21,1 NOPLAY:","L. O'Connor pass intercepted by A. Jalloh at the LK18, A. Jalloh return to the LK18, PENALTY LK pass interference (D. Docal) 36 yards to the LK21, 1ST DOWN PW, NO PLAY.","H,1,10,V21",penalty,NA,penalty,0,22,33,0,NA,16,H,PW,"KO,3,00:00,35","TD,3,00:00,100",9,65,0:00,KO,3,00:00,PW35,TD,3,00:00,LK00,1
2021_02_LK_PW,LK,PW,Leipzig Kings,Panthers Wroclaw,6/26/2021,"Wroclaw, Poland",Stadion Olimpijski,18:00,21:03,Y,Y,3:03,3000,22 C,N13,Cloudy,Ratajczak,Klimes,Szczepanski,Walentynowicz,Marciniak,Przybyla,Kriesman,PW,1,10,LK21,"H,1,10,V21","16,8,120","PASS:2,I,23,*",L. O'Connor pass incomplete to J. Mazan.,"H,2,10,V21",pass,NA,NA,0,22,33,0,NA,16,H,PW,"KO,3,00:00,35","TD,3,00:00,100",9,65,0:00,KO,3,00:00,PW35,TD,3,00:00,LK00,1
2021_02_LK_PW,LK,PW,Leipzig Kings,Panthers Wroclaw,6/26/2021,"Wroclaw, Poland",Stadion Olimpijski,18:00,21:03,Y,Y,3:03,3000,22 C,N13,Cloudy,Ratajczak,Klimes,Szczepanski,Walentynowicz,Marciniak,Przybyla,Kriesman,PW,2,10,LK21,"H,2,10,V21","16,9,121","RUSH:25,V13, TACK:28",P. Pasqualini rush for 8 yards to the LK13 (J. Dietze).,"H,3,2,V13",rush,NA,NA,0,22,33,0,NA,16,H,PW,"KO,3,00:00,35","TD,3,00:00,100",9,65,0:00,KO,3,00:00,PW35,TD,3,00:00,LK00,1
2021_02_LK_PW,LK,PW,Leipzig Kings,Panthers Wroclaw,6/26/2021,"Wroclaw, Poland",Stadion Olimpijski,18:00,21:03,Y,Y,3:03,3000,22 C,N13,Cloudy,Ratajczak,Klimes,Szczepanski,Walentynowicz,Marciniak,Przybyla,Kriesman,PW,3,2,LK13,"H,3,2,V13","16,10,122","RUSH:25,V08, TACK:40","P. Pasqualini rush for 5 yards to the LK8, 1ST DOWN PW (O. Rohnebak).","H,1,0,V08",rush,NA,rush,0,22,33,0,NA,16,H,PW,"KO,3,00:00,35","TD,3,00:00,100",9,65,0:00,KO,3,00:00,PW35,TD,3,00:00,LK00,1
2021_02_LK_PW,LK,PW,Leipzig Kings,Panthers Wroclaw,6/26/2021,"Wroclaw, Poland",Stadion Olimpijski,18:00,21:03,Y,Y,3:03,3000,22 C,N13,Cloudy,Ratajczak,Klimes,Szczepanski,Walentynowicz,Marciniak,Przybyla,Kriesman,PW,1,0,LK08,"H,1,0,V08","16,11,123","RUSH:25,V00, T:00:00","P. Pasqualini rush for 8 yards to the LK0, 1ST DOWN PW, TOUCHDOWN, clock 00:00.","H,1,10,V15",rush,00:00,rush,1,22,39,0,NA,16,H,PW,"KO,3,00:00,35","TD,3,00:00,100",9,65,0:00,KO,3,00:00,PW35,TD,3,00:00,LK00,1
2021_02_LK_PW,LK,PW,Leipzig Kings,Panthers Wroclaw,6/26/2021,"Wroclaw, Poland",Stadion Olimpijski,18:00,21:03,Y,Y,3:03,3000,22 C,N13,Cloudy,Ratajczak,Klimes,Szczepanski,Walentynowicz,Marciniak,Przybyla,Kriesman,PW,1,10,LK15,"H,1,10,V15","16,12,124","PAT:K,11,G",D. Panczyszyn kick attempt good.,"H,1,0,H35",pat,NA,NA,1,22,40,0,NA,16,H,PW,"KO,3,00:00,35","TD,3,00:00,100",9,65,0:00,KO,3,00:00,PW35,TD,3,00:00,LK00,1
2021_02_LK_PW,LK,PW,Leipzig Kings,Panthers Wroclaw,6/26/2021,"Wroclaw, Poland",Stadion Olimpijski,18:00,21:03,Y,Y,3:03,3000,22 C,N13,Cloudy,Ratajczak,Klimes,Szczepanski,Walentynowicz,Marciniak,Przybyla,Kriesman,PW,1,0,PW35,"H,1,0,H35","16,13,125","KO:85,V08 RET:8,H00 T:00:00","O. Wypych kickoff 57 yards to the LK8, A. Jalloh return 92 yards to the PW0, TOUCHDOWN, clock 00:00.","V,1,10,H15",kick_off,00:00,NA,1,28,40,0,NA,16,H,PW,"KO,3,00:00,35","TD,3,00:00,100",9,65,0:00,KO,3,00:00,PW35,TD,3,00:00,LK00,1
2021_02_LK_PW,LK,PW,Leipzig Kings,Panthers Wroclaw,6/26/2021,"Wroclaw, Poland",Stadion Olimpijski,18:00,21:03,Y,Y,3:03,3000,22 C,N13,Cloudy,Ratajczak,Klimes,Szczepanski,Walentynowicz,Marciniak,Przybyla,Kriesman,LK,1,10,PW15,"V,1,10,H15","17,1,126","PAT:R,2,B",J. Aguemon rush attempt failed (blocked).,"V,1,0,V35",pat,NA,NA,0,28,40,0,NA,17,V,LK,"KO,3,00:00,100","TD,3,00:00,100",0,0,0:00,KO,3,00:00,PW00,TD,3,00:00,PW00,NA
2021_02_LK_PW,LK,PW,Leipzig Kings,Panthers Wroclaw,6/26/2021,"Wroclaw, Poland",Stadion Olimpijski,18:00,21:03,Y,Y,3:03,3000,22 C,N13,Cloudy,Ratajczak,Klimes,Szczepanski,Walentynowicz,Marciniak,Przybyla,Kriesman,LK,1,0,LK35,"V,1,0,V35","17,2,127","KO:18,H28 RET:13,H28","M. Ulbrich kickoff 37 yards to the PW28, D. Kwiatkowski return 0 yards to the PW28.","H,1,10,H28",kick_off,NA,NA,0,28,40,0,NA,17,V,LK,"KO,3,00:00,100","TD,3,00:00,100",0,0,0:00,KO,3,00:00,PW00,TD,3,00:00,PW00,NA
2021_02_LK_PW,LK,PW,Leipzig Kings,Panthers Wroclaw,6/26/2021,"Wroclaw, Poland",Stadion Olimpijski,18:00,21:03,Y,Y,3:03,3000,22 C,N13,Cloudy,Ratajczak,Klimes,Szczepanski,Walentynowicz,Marciniak,Przybyla,Kriesman,PW,1,10,PW28,"H,1,10,H28","18,1,128","SPOT:H,H30,Y",PW ball on PW30.,"H,1,10,H30",NA,NA,NA,0,28,40,0,NA,18,H,PW,"KO,4,00:00,30","TD,4,00:00,100",11,70,0:00,KO,4,00:00,PW30,TD,4,00:00,LK00,1
2021_02_LK_PW,LK,PW,Leipzig Kings,Panthers Wroclaw,6/26/2021,"Wroclaw, Poland",Stadion Olimpijski,18:00,21:03,Y,Y,3:03,3000,22 C,N13,Cloudy,Ratajczak,Klimes,Szczepanski,Walentynowicz,Marciniak,Przybyla,Kriesman,PW,1,10,PW30,"H,1,10,H30","18,2,129","PASS:2,C,24,H41 TACK:8,41","L. O'Connor pass complete to M. Herndon for 11 yards to the PW41, 1ST DOWN PW (A. Jalloh;A. Dommann).","H,1,10,H41",pass,NA,pass,0,28,40,0,NA,18,H,PW,"KO,4,00:00,30","TD,4,00:00,100",11,70,0:00,KO,4,00:00,PW30,TD,4,00:00,LK00,1
2021_02_LK_PW,LK,PW,Leipzig Kings,Panthers Wroclaw,6/26/2021,"Wroclaw, Poland",Stadion Olimpijski,18:00,21:03,Y,Y,3:03,3000,22 C,N13,Cloudy,Ratajczak,Klimes,Szczepanski,Walentynowicz,Marciniak,Przybyla,Kriesman,PW,1,10,PW41,"H,1,10,H41","18,3,130","PASS:2,S,TM,H39 SACK:45",L. O'Connor sacked for loss of 2 yards to the PW39 (K. Kitchens).,"H,2,12,H39",pass,NA,NA,0,28,40,0,NA,18,H,PW,"KO,4,00:00,30","TD,4,00:00,100",11,70,0:00,KO,4,00:00,PW30,TD,4,00:00,LK00,1
2021_02_LK_PW,LK,PW,Leipzig Kings,Panthers Wroclaw,6/26/2021,"Wroclaw, Poland",Stadion Olimpijski,18:00,21:03,Y,Y,3:03,3000,22 C,N13,Cloudy,Ratajczak,Klimes,Szczepanski,Walentynowicz,Marciniak,Przybyla,Kriesman,PW,2,12,PW39,"H,2,12,H39","18,4,131","PASS:2,C,23,H49 TACK:40,21",L. O'Connor pass complete to J. Mazan for 10 yards to the PW49 (O. Rohnebak;D. Docal).,"H,3,2,H49",pass,NA,NA,0,28,40,0,NA,18,H,PW,"KO,4,00:00,30","TD,4,00:00,100",11,70,0:00,KO,4,00:00,PW30,TD,4,00:00,LK00,1
2021_02_LK_PW,LK,PW,Leipzig Kings,Panthers Wroclaw,6/26/2021,"Wroclaw, Poland",Stadion Olimpijski,18:00,21:03,Y,Y,3:03,3000,22 C,N13,Cloudy,Ratajczak,Klimes,Szczepanski,Walentynowicz,Marciniak,Przybyla,Kriesman,PW,3,2,PW49,"H,3,2,H49","18,5,132","RUSH:24,V47, TACK:8,91","M. Herndon rush for 4 yards to the LK47, 1ST DOWN PW (A. Jalloh;D. Dennerlein).","H,1,10,V47",rush,NA,rush,0,28,40,0,NA,18,H,PW,"KO,4,00:00,30","TD,4,00:00,100",11,70,0:00,KO,4,00:00,PW30,TD,4,00:00,LK00,1
2021_02_LK_PW,LK,PW,Leipzig Kings,Panthers Wroclaw,6/26/2021,"Wroclaw, Poland",Stadion Olimpijski,18:00,21:03,Y,Y,3:03,3000,22 C,N13,Cloudy,Ratajczak,Klimes,Szczepanski,Walentynowicz,Marciniak,Przybyla,Kriesman,PW,1,10,LK47,"H,1,10,V47","18,6,133","RUSH:24,V40, TACK:41",M. Herndon rush for 7 yards to the LK40 (A. Dommann).,"H,2,3,V40",rush,NA,NA,0,28,40,0,NA,18,H,PW,"KO,4,00:00,30","TD,4,00:00,100",11,70,0:00,KO,4,00:00,PW30,TD,4,00:00,LK00,1
2021_02_LK_PW,LK,PW,Leipzig Kings,Panthers Wroclaw,6/26/2021,"Wroclaw, Poland",Stadion Olimpijski,18:00,21:03,Y,Y,3:03,3000,22 C,N13,Cloudy,Ratajczak,Klimes,Szczepanski,Walentynowicz,Marciniak,Przybyla,Kriesman,PW,2,3,LK40,"H,2,3,V40","18,7,134","PASS:2,C,40,V41 TACK:41",L. O'Connor pass complete to K. Starcyweski for loss of 1 yard to the LK41 (A. Dommann).,"H,3,4,V41",pass,NA,NA,0,28,40,0,NA,18,H,PW,"KO,4,00:00,30","TD,4,00:00,100",11,70,0:00,KO,4,00:00,PW30,TD,4,00:00,LK00,1
2021_02_LK_PW,LK,PW,Leipzig Kings,Panthers Wroclaw,6/26/2021,"Wroclaw, Poland",Stadion Olimpijski,18:00,21:03,Y,Y,3:03,3000,22 C,N13,Cloudy,Ratajczak,Klimes,Szczepanski,Walentynowicz,Marciniak,Przybyla,Kriesman,PW,3,4,LK41,"H,3,4,V41","18,8,135",TOUT:H T:00:00,"Timeout Panthers Wroclaw, clock 00:00.","H,3,4,V41",NA,00:00,NA,0,28,40,0,NA,18,H,PW,"KO,4,00:00,30","TD,4,00:00,100",11,70,0:00,KO,4,00:00,PW30,TD,4,00:00,LK00,1
2021_02_LK_PW,LK,PW,Leipzig Kings,Panthers Wroclaw,6/26/2021,"Wroclaw, Poland",Stadion Olimpijski,18:00,21:03,Y,Y,3:03,3000,22 C,N13,Cloudy,Ratajczak,Klimes,Szczepanski,Walentynowicz,Marciniak,Przybyla,Kriesman,PW,3,4,LK41,"H,3,4,V41","18,9,136","RUSH:25,V38, TACK:40",P. Pasqualini rush for 3 yards to the LK38 (O. Rohnebak).,"H,4,1,V38",rush,NA,NA,0,28,40,0,NA,18,H,PW,"KO,4,00:00,30","TD,4,00:00,100",11,70,0:00,KO,4,00:00,PW30,TD,4,00:00,LK00,1
2021_02_LK_PW,LK,PW,Leipzig Kings,Panthers Wroclaw,6/26/2021,"Wroclaw, Poland",Stadion Olimpijski,18:00,21:03,Y,Y,3:03,3000,22 C,N13,Cloudy,Ratajczak,Klimes,Szczepanski,Walentynowicz,Marciniak,Przybyla,Kriesman,PW,4,1,LK38,"H,4,1,V38","18,10,137","PASS:2,C,15,V32 TACK:41,40","L. O'Connor pass complete to B. Dziedzic for 6 yards to the LK32, 1ST DOWN PW (A. Dommann;O. Rohnebak).","H,1,10,V32",pass,NA,pass,0,28,40,0,NA,18,H,PW,"KO,4,00:00,30","TD,4,00:00,100",11,70,0:00,KO,4,00:00,PW30,TD,4,00:00,LK00,1
2021_02_LK_PW,LK,PW,Leipzig Kings,Panthers Wroclaw,6/26/2021,"Wroclaw, Poland",Stadion Olimpijski,18:00,21:03,Y,Y,3:03,3000,22 C,N13,Cloudy,Ratajczak,Klimes,Szczepanski,Walentynowicz,Marciniak,Przybyla,Kriesman,PW,1,10,LK32,"H,1,10,V32","18,11,138","RUSH:13,V23, TACK:53,90",D. Kwiatkowski rush for 9 yards to the LK23 (P. Topolewski;D. Thiele).,"H,2,1,V23",rush,NA,NA,0,28,40,0,NA,18,H,PW,"KO,4,00:00,30","TD,4,00:00,100",11,70,0:00,KO,4,00:00,PW30,TD,4,00:00,LK00,1
2021_02_LK_PW,LK,PW,Leipzig Kings,Panthers Wroclaw,6/26/2021,"Wroclaw, Poland",Stadion Olimpijski,18:00,21:03,Y,Y,3:03,3000,22 C,N13,Cloudy,Ratajczak,Klimes,Szczepanski,Walentynowicz,Marciniak,Przybyla,Kriesman,PW,2,1,LK23,"H,2,1,V23","18,12,139","PASS:2,C,40,V16 TACK:40,53","L. O'Connor pass complete to K. Starcyweski for 7 yards to the LK16, 1ST DOWN PW (O. Rohnebak;P. Topolewski).","H,1,10,V16",pass,NA,pass,0,28,40,0,NA,18,H,PW,"KO,4,00:00,30","TD,4,00:00,100",11,70,0:00,KO,4,00:00,PW30,TD,4,00:00,LK00,1
2021_02_LK_PW,LK,PW,Leipzig Kings,Panthers Wroclaw,6/26/2021,"Wroclaw, Poland",Stadion Olimpijski,18:00,21:03,Y,Y,3:03,3000,22 C,N13,Cloudy,Ratajczak,Klimes,Szczepanski,Walentynowicz,Marciniak,Przybyla,Kriesman,PW,1,10,LK16,"H,1,10,V16","18,13,140","RUSH:13,V08, TACK:40 PEN:H,HO,A,40,V23,N NOPLAY:","D. Kwiatkowski rush for 8 yards to the LK8 (O. Rohnebak), PENALTY PW holding (K. Starcyweski) 7 yards to the LK23, NO PLAY.","H,1,17,V23",penalty,NA,NA,0,28,40,0,NA,18,H,PW,"KO,4,00:00,30","TD,4,00:00,100",11,70,0:00,KO,4,00:00,PW30,TD,4,00:00,LK00,1
2021_02_LK_PW,LK,PW,Leipzig Kings,Panthers Wroclaw,6/26/2021,"Wroclaw, Poland",Stadion Olimpijski,18:00,21:03,Y,Y,3:03,3000,22 C,N13,Cloudy,Ratajczak,Klimes,Szczepanski,Walentynowicz,Marciniak,Przybyla,Kriesman,PW,1,17,LK23,"H,1,17,V23","18,14,141","PEN:H,FS,A,70,V28,N",PENALTY PW false start (M. Stajer) 5 yards to the LK28.,"H,1,22,V28",penalty,NA,NA,0,28,40,0,NA,18,H,PW,"KO,4,00:00,30","TD,4,00:00,100",11,70,0:00,KO,4,00:00,PW30,TD,4,00:00,LK00,1
2021_02_LK_PW,LK,PW,Leipzig Kings,Panthers Wroclaw,6/26/2021,"Wroclaw, Poland",Stadion Olimpijski,18:00,21:03,Y,Y,3:03,3000,22 C,N13,Cloudy,Ratajczak,Klimes,Szczepanski,Walentynowicz,Marciniak,Przybyla,Kriesman,PW,1,22,LK28,"H,1,22,V28","18,15,142","RUSH:25,V00, T:00:00","P. Pasqualini rush for 28 yards to the LK0, 1ST DOWN PW, TOUCHDOWN, clock 00:00.","H,1,10,V15",rush,00:00,rush,1,28,46,0,NA,18,H,PW,"KO,4,00:00,30","TD,4,00:00,100",11,70,0:00,KO,4,00:00,PW30,TD,4,00:00,LK00,1
2021_02_LK_PW,LK,PW,Leipzig Kings,Panthers Wroclaw,6/26/2021,"Wroclaw, Poland",Stadion Olimpijski,18:00,21:03,Y,Y,3:03,3000,22 C,N13,Cloudy,Ratajczak,Klimes,Szczepanski,Walentynowicz,Marciniak,Przybyla,Kriesman,PW,1,10,LK15,"H,1,10,V15","18,16,143","PAT:K,11,G",D. Panczyszyn kick attempt good.,"H,1,0,H35",pat,NA,NA,1,28,47,0,NA,18,H,PW,"KO,4,00:00,30","TD,4,00:00,100",11,70,0:00,KO,4,00:00,PW30,TD,4,00:00,LK00,1
2021_02_LK_PW,LK,PW,Leipzig Kings,Panthers Wroclaw,6/26/2021,"Wroclaw, Poland",Stadion Olimpijski,18:00,21:03,Y,Y,3:03,3000,22 C,N13,Cloudy,Ratajczak,Klimes,Szczepanski,Walentynowicz,Marciniak,Przybyla,Kriesman,PW,1,0,PW35,"H,1,0,H35","18,17,144",Q:4 T:00:00,"Start of 4th quarter, clock 00:00.","H,1,0,H35",NA,00:00,NA,0,28,47,0,NA,18,H,PW,"KO,4,00:00,30","TD,4,00:00,100",11,70,0:00,KO,4,00:00,PW30,TD,4,00:00,LK00,1
2021_02_LK_PW,LK,PW,Leipzig Kings,Panthers Wroclaw,6/26/2021,"Wroclaw, Poland",Stadion Olimpijski,18:00,21:03,Y,Y,3:03,3000,22 C,N13,Cloudy,Ratajczak,Klimes,Szczepanski,Walentynowicz,Marciniak,Przybyla,Kriesman,PW,1,0,PW35,"H,1,0,H35","18,18,145","KO:11,V32 RET:11,V35 TACK:21","D. Panczyszyn kickoff 33 yards to the LK32, A. Dable-Wolf return 3 yards to the LK35 (P. Lewszyk).","V,1,10,V35",kick_off,NA,NA,0,28,47,0,NA,18,H,PW,"KO,4,00:00,30","TD,4,00:00,100",11,70,0:00,KO,4,00:00,PW30,TD,4,00:00,LK00,1
2021_02_LK_PW,LK,PW,Leipzig Kings,Panthers Wroclaw,6/26/2021,"Wroclaw, Poland",Stadion Olimpijski,18:00,21:03,Y,Y,3:03,3000,22 C,N13,Cloudy,Ratajczak,Klimes,Szczepanski,Walentynowicz,Marciniak,Przybyla,Kriesman,LK,1,10,LK35,"V,1,10,V35","19,1,146","RUSH:22,V38, TACK:99,4",R. Sobowale rush for 3 yards to the LK38 (R. Rosolek;W. Lloyd).,"V,2,7,V38",rush,NA,NA,0,28,47,0,NA,19,V,LK,"KO,3,00:00,35","INT,4,00:00,38",3,3,0:00,KO,3,00:00,LK35,INT,4,00:00,LK38,NA
2021_02_LK_PW,LK,PW,Leipzig Kings,Panthers Wroclaw,6/26/2021,"Wroclaw, Poland",Stadion Olimpijski,18:00,21:03,Y,Y,3:03,3000,22 C,N13,Cloudy,Ratajczak,Klimes,Szczepanski,Walentynowicz,Marciniak,Przybyla,Kriesman,LK,2,7,LK38,"V,2,7,V38","19,2,147","PASS:3,C,22,V38 TACK:1,94",M. Birdsong pass complete to R. Sobowale for no gain to the LK38 (D. Robinson;K. Brauns).,"V,3,7,V38",pass,NA,NA,0,28,47,0,NA,19,V,LK,"KO,3,00:00,35","INT,4,00:00,38",3,3,0:00,KO,3,00:00,LK35,INT,4,00:00,LK38,NA
2021_02_LK_PW,LK,PW,Leipzig Kings,Panthers Wroclaw,6/26/2021,"Wroclaw, Poland",Stadion Olimpijski,18:00,21:03,Y,Y,3:03,3000,22 C,N13,Cloudy,Ratajczak,Klimes,Szczepanski,Walentynowicz,Marciniak,Przybyla,Kriesman,LK,3,7,LK38,"V,3,7,V38","19,3,148","PASS:3,X,5,H45 RET:5,V42 TACK:11 PEN:H,UC,A,94,H35,N D:1,10 SPOT:H,H35,Y","M. Birdsong pass intercepted by G. Zec at the PW45, G. Zec return 13 yards to the LK42 (A. Dable-Wolf), PENALTY PW unsportsmanlike conduct (K. Brauns) 23 yards to the PW35, 1st and 10, PW ball on PW35.","H,1,10,H35",pass,NA,NA,0,28,47,0,I,19,V,LK,"KO,3,00:00,35","INT,4,00:00,38",3,3,0:00,KO,3,00:00,LK35,INT,4,00:00,LK38,NA
2021_02_LK_PW,LK,PW,Leipzig Kings,Panthers Wroclaw,6/26/2021,"Wroclaw, Poland",Stadion Olimpijski,18:00,21:03,Y,Y,3:03,3000,22 C,N13,Cloudy,Ratajczak,Klimes,Szczepanski,Walentynowicz,Marciniak,Przybyla,Kriesman,PW,1,10,PW35,"H,1,10,H35","20,1,149","RUSH:24,H42, TACK:28,40 PEN:V,UR,A,28,V43,1","M. Herndon rush for 7 yards to the PW42 (J. Dietze;O. Rohnebak), PENALTY LK unnecessary roughness (J. Dietze) 15 yards to the LK43, 1ST DOWN PW.","H,1,10,V43",rush,NA,penalty,0,28,47,0,NA,20,H,PW,"INT,4,00:00,35","TD,0,00:00,100",5,65,0:00,INT,4,00:00,PW35,TD,0,00:00,LK00,NA
2021_02_LK_PW,LK,PW,Leipzig Kings,Panthers Wroclaw,6/26/2021,"Wroclaw, Poland",Stadion Olimpijski,18:00,21:03,Y,Y,3:03,3000,22 C,N13,Cloudy,Ratajczak,Klimes,Szczepanski,Walentynowicz,Marciniak,Przybyla,Kriesman,PW,1,10,LK43,"H,1,10,V43","20,2,150","D:1,10",1st and 10.,"H,1,10,V43",NA,NA,NA,0,28,47,0,NA,20,H,PW,"INT,4,00:00,35","TD,0,00:00,100",5,65,0:00,INT,4,00:00,PW35,TD,0,00:00,LK00,NA
2021_02_LK_PW,LK,PW,Leipzig Kings,Panthers Wroclaw,6/26/2021,"Wroclaw, Poland",Stadion Olimpijski,18:00,21:03,Y,Y,3:03,3000,22 C,N13,Cloudy,Ratajczak,Klimes,Szczepanski,Walentynowicz,Marciniak,Przybyla,Kriesman,PW,1,10,LK43,"H,1,10,V43","20,3,151","RUSH:24,V39, TACK:92,41",M. Herndon rush for 4 yards to the LK39 (A. Zetterberg;A. Dommann).,"H,2,6,V39",rush,NA,NA,0,28,47,0,NA,20,H,PW,"INT,4,00:00,35","TD,0,00:00,100",5,65,0:00,INT,4,00:00,PW35,TD,0,00:00,LK00,NA
2021_02_LK_PW,LK,PW,Leipzig Kings,Panthers Wroclaw,6/26/2021,"Wroclaw, Poland",Stadion Olimpijski,18:00,21:03,Y,Y,3:03,3000,22 C,N13,Cloudy,Ratajczak,Klimes,Szczepanski,Walentynowicz,Marciniak,Przybyla,Kriesman,PW,2,6,LK39,"H,2,6,V39","20,4,152","PASS:2,C,40,V30 TACK:53,21","L. O'Connor pass complete to K. Starcyweski for 9 yards to the LK30, 1ST DOWN PW (P. Topolewski;D. Docal).","H,1,10,V30",pass,NA,pass,0,28,47,0,NA,20,H,PW,"INT,4,00:00,35","TD,0,00:00,100",5,65,0:00,INT,4,00:00,PW35,TD,0,00:00,LK00,NA
2021_02_LK_PW,LK,PW,Leipzig Kings,Panthers Wroclaw,6/26/2021,"Wroclaw, Poland",Stadion Olimpijski,18:00,21:03,Y,Y,3:03,3000,22 C,N13,Cloudy,Ratajczak,Klimes,Szczepanski,Walentynowicz,Marciniak,Przybyla,Kriesman,PW,1,10,LK30,"H,1,10,V30","20,5,153","RUSH:13,V25, TACK:8,41",D. Kwiatkowski rush for 5 yards to the LK25 (A. Jalloh;A. Dommann).,"H,2,5,V25",rush,NA,NA,0,28,47,0,NA,20,H,PW,"INT,4,00:00,35","TD,0,00:00,100",5,65,0:00,INT,4,00:00,PW35,TD,0,00:00,LK00,NA
2021_02_LK_PW,LK,PW,Leipzig Kings,Panthers Wroclaw,6/26/2021,"Wroclaw, Poland",Stadion Olimpijski,18:00,21:03,Y,Y,3:03,3000,22 C,N13,Cloudy,Ratajczak,Klimes,Szczepanski,Walentynowicz,Marciniak,Przybyla,Kriesman,PW,2,5,LK25,"H,2,5,V25","20,6,154","RUSH:13,V00, T:00:00","D. Kwiatkowski rush for 25 yards to the LK0, 1ST DOWN PW, TOUCHDOWN, clock 00:00.","H,1,10,V15",rush,00:00,rush,1,28,53,0,NA,20,H,PW,"INT,4,00:00,35","TD,0,00:00,100",5,65,0:00,INT,4,00:00,PW35,TD,0,00:00,LK00,NA
2021_02_LK_PW,LK,PW,Leipzig Kings,Panthers Wroclaw,6/26/2021,"Wroclaw, Poland",Stadion Olimpijski,18:00,21:03,Y,Y,3:03,3000,22 C,N13,Cloudy,Ratajczak,Klimes,Szczepanski,Walentynowicz,Marciniak,Przybyla,Kriesman,PW,1,10,LK15,"H,1,10,V15","20,7,155","PAT:K,11,G PEN:V,RK,D","D. Panczyszyn kick attempt good, PENALTY LK roughing the kicker declined.","H,1,0,H35",pat,NA,NA,1,28,54,0,NA,20,H,PW,"INT,4,00:00,35","TD,0,00:00,100",5,65,0:00,INT,4,00:00,PW35,TD,0,00:00,LK00,NA
2021_02_LK_PW,LK,PW,Leipzig Kings,Panthers Wroclaw,6/26/2021,"Wroclaw, Poland",Stadion Olimpijski,18:00,21:03,Y,Y,3:03,3000,22 C,N13,Cloudy,Ratajczak,Klimes,Szczepanski,Walentynowicz,Marciniak,Przybyla,Kriesman,PW,1,0,PW35,"H,1,0,H35","20,8,156","SPOT:H,H50,N",PW ball on 50 yardline.,"H,1,0,H50",NA,NA,NA,0,28,54,0,NA,20,H,PW,"INT,4,00:00,35","TD,0,00:00,100",5,65,0:00,INT,4,00:00,PW35,TD,0,00:00,LK00,NA
2021_02_LK_PW,LK,PW,Leipzig Kings,Panthers Wroclaw,6/26/2021,"Wroclaw, Poland",Stadion Olimpijski,18:00,21:03,Y,Y,3:03,3000,22 C,N13,Cloudy,Ratajczak,Klimes,Szczepanski,Walentynowicz,Marciniak,Przybyla,Kriesman,PW,1,0,PW50,"H,1,0,H50","20,9,157","KO:85,V00 TB:","O. Wypych kickoff 50 yards to the LK0, touchback.","V,1,10,V25",kick_off,NA,NA,0,28,54,0,NA,20,H,PW,"INT,4,00:00,35","TD,0,00:00,100",5,65,0:00,INT,4,00:00,PW35,TD,0,00:00,LK00,NA
2021_02_LK_PW,LK,PW,Leipzig Kings,Panthers Wroclaw,6/26/2021,"Wroclaw, Poland",Stadion Olimpijski,18:00,21:03,Y,Y,3:03,3000,22 C,N13,Cloudy,Ratajczak,Klimes,Szczepanski,Walentynowicz,Marciniak,Przybyla,Kriesman,LK,1,10,LK25,"V,1,10,V25","21,1,158","RUSH:24,V25, TACK:8 PEN:V,NY,D","L. Schneider rush for no gain to the LK25 (H. Ogrodowczyk), PENALTY LK no yards declined.","V,2,10,V25",rush,NA,NA,0,28,54,0,NA,21,V,LK,"KO,4,00:00,25","PUNT,4,00:00,49",8,24,0:00,KO,4,00:00,LK25,PUNT,4,00:00,LK49,NA
2021_02_LK_PW,LK,PW,Leipzig Kings,Panthers Wroclaw,6/26/2021,"Wroclaw, Poland",Stadion Olimpijski,18:00,21:03,Y,Y,3:03,3000,22 C,N13,Cloudy,Ratajczak,Klimes,Szczepanski,Walentynowicz,Marciniak,Przybyla,Kriesman,LK,2,10,LK25,"V,2,10,V25","21,2,159","RUSH:15,V34, TACK:47",T. van Duijn rush for 9 yards to the LK34 (A. Idziak).,"V,3,1,V34",rush,NA,NA,0,28,54,0,NA,21,V,LK,"KO,4,00:00,25","PUNT,4,00:00,49",8,24,0:00,KO,4,00:00,LK25,PUNT,4,00:00,LK49,NA
2021_02_LK_PW,LK,PW,Leipzig Kings,Panthers Wroclaw,6/26/2021,"Wroclaw, Poland",Stadion Olimpijski,18:00,21:03,Y,Y,3:03,3000,22 C,N13,Cloudy,Ratajczak,Klimes,Szczepanski,Walentynowicz,Marciniak,Przybyla,Kriesman,LK,3,1,LK34,"V,3,1,V34","21,3,160","RUSH:24,V36, TACK:4","L. Schneider rush for 2 yards to the LK36, 1ST DOWN LK (W. Lloyd).","V,1,10,V36",rush,NA,rush,0,28,54,0,NA,21,V,LK,"KO,4,00:00,25","PUNT,4,00:00,49",8,24,0:00,KO,4,00:00,LK25,PUNT,4,00:00,LK49,NA
2021_02_LK_PW,LK,PW,Leipzig Kings,Panthers Wroclaw,6/26/2021,"Wroclaw, Poland",Stadion Olimpijski,18:00,21:03,Y,Y,3:03,3000,22 C,N13,Cloudy,Ratajczak,Klimes,Szczepanski,Walentynowicz,Marciniak,Przybyla,Kriesman,LK,1,10,LK36,"V,1,10,V36","21,4,161","PASS:15,C,83,V43 TACK:3,47",T. van Duijn pass complete to J. Breme for 7 yards to the LK43 (S. Jarmolkowicz;A. Idziak).,"V,2,3,V43",pass,NA,NA,0,28,54,0,NA,21,V,LK,"KO,4,00:00,25","PUNT,4,00:00,49",8,24,0:00,KO,4,00:00,LK25,PUNT,4,00:00,LK49,NA
2021_02_LK_PW,LK,PW,Leipzig Kings,Panthers Wroclaw,6/26/2021,"Wroclaw, Poland",Stadion Olimpijski,18:00,21:03,Y,Y,3:03,3000,22 C,N13,Cloudy,Ratajczak,Klimes,Szczepanski,Walentynowicz,Marciniak,Przybyla,Kriesman,LK,2,3,LK43,"V,2,3,V43","21,5,162","RUSH:22,V47, TACK:4,94","R. Sobowale rush for 4 yards to the LK47, 1ST DOWN LK (W. Lloyd;K. Brauns).","V,1,10,V47",rush,NA,rush,0,28,54,0,NA,21,V,LK,"KO,4,00:00,25","PUNT,4,00:00,49",8,24,0:00,KO,4,00:00,LK25,PUNT,4,00:00,LK49,NA
2021_02_LK_PW,LK,PW,Leipzig Kings,Panthers Wroclaw,6/26/2021,"Wroclaw, Poland",Stadion Olimpijski,18:00,21:03,Y,Y,3:03,3000,22 C,N13,Cloudy,Ratajczak,Klimes,Szczepanski,Walentynowicz,Marciniak,Przybyla,Kriesman,LK,1,10,LK47,"V,1,10,V47","21,6,163","PASS:15,C,22,H46 TACK:49",T. van Duijn pass complete to R. Sobowale for 7 yards to the PW46 (K. Oldak).,"V,2,3,H46",pass,NA,NA,0,28,54,0,NA,21,V,LK,"KO,4,00:00,25","PUNT,4,00:00,49",8,24,0:00,KO,4,00:00,LK25,PUNT,4,00:00,LK49,NA
2021_02_LK_PW,LK,PW,Leipzig Kings,Panthers Wroclaw,6/26/2021,"Wroclaw, Poland",Stadion Olimpijski,18:00,21:03,Y,Y,3:03,3000,22 C,N13,Cloudy,Ratajczak,Klimes,Szczepanski,Walentynowicz,Marciniak,Przybyla,Kriesman,LK,2,3,PW46,"V,2,3,H46","21,7,164","PEN:V,ISU,A,TM,V49,N",PENALTY LK illegal substitution 5 yards to the LK49.,"V,2,8,V49",penalty,NA,NA,0,28,54,0,NA,21,V,LK,"KO,4,00:00,25","PUNT,4,00:00,49",8,24,0:00,KO,4,00:00,LK25,PUNT,4,00:00,LK49,NA
2021_02_LK_PW,LK,PW,Leipzig Kings,Panthers Wroclaw,6/26/2021,"Wroclaw, Poland",Stadion Olimpijski,18:00,21:03,Y,Y,3:03,3000,22 C,N13,Cloudy,Ratajczak,Klimes,Szczepanski,Walentynowicz,Marciniak,Przybyla,Kriesman,LK,2,8,LK49,"V,2,8,V49","21,8,165","PASS:15,B,81,* BRUP:21",T. van Duijn pass incomplete to A. Fischer (P. Lewszyk).,"V,3,8,V49",pass,NA,NA,0,28,54,0,NA,21,V,LK,"KO,4,00:00,25","PUNT,4,00:00,49",8,24,0:00,KO,4,00:00,LK25,PUNT,4,00:00,LK49,NA
2021_02_LK_PW,LK,PW,Leipzig Kings,Panthers Wroclaw,6/26/2021,"Wroclaw, Poland",Stadion Olimpijski,18:00,21:03,Y,Y,3:03,3000,22 C,N13,Cloudy,Ratajczak,Klimes,Szczepanski,Walentynowicz,Marciniak,Przybyla,Kriesman,LK,3,8,LK49,"V,3,8,V49","21,9,166","PASS:15,I,85,*",T. van Duijn pass incomplete to L. Birkel.,"V,4,8,V49",pass,NA,NA,0,28,54,0,NA,21,V,LK,"KO,4,00:00,25","PUNT,4,00:00,49",8,24,0:00,KO,4,00:00,LK25,PUNT,4,00:00,LK49,NA
2021_02_LK_PW,LK,PW,Leipzig Kings,Panthers Wroclaw,6/26/2021,"Wroclaw, Poland",Stadion Olimpijski,18:00,21:03,Y,Y,3:03,3000,22 C,N13,Cloudy,Ratajczak,Klimes,Szczepanski,Walentynowicz,Marciniak,Przybyla,Kriesman,LK,4,8,LK49,"V,4,8,V49","21,10,167","PUNT:1,H16",J. Templar punt 35 yards to the PW16.,"H,1,10,H16",punt,NA,NA,0,28,54,0,NA,21,V,LK,"KO,4,00:00,25","PUNT,4,00:00,49",8,24,0:00,KO,4,00:00,LK25,PUNT,4,00:00,LK49,NA
2021_02_LK_PW,LK,PW,Leipzig Kings,Panthers Wroclaw,6/26/2021,"Wroclaw, Poland",Stadion Olimpijski,18:00,21:03,Y,Y,3:03,3000,22 C,N13,Cloudy,Ratajczak,Klimes,Szczepanski,Walentynowicz,Marciniak,Przybyla,Kriesman,PW,1,10,PW16,"H,1,10,H16","22,1,168","SPOT:H,H15,Y",PW ball on PW15.,"H,1,10,H15",NA,NA,NA,0,28,54,0,NA,22,H,PW,"PUNT,4,00:00,15","PUNT,4,00:00,21",3,6,0:00,PUNT,4,00:00,PW15,PUNT,4,00:00,PW21,NA
2021_02_LK_PW,LK,PW,Leipzig Kings,Panthers Wroclaw,6/26/2021,"Wroclaw, Poland",Stadion Olimpijski,18:00,21:03,Y,Y,3:03,3000,22 C,N13,Cloudy,Ratajczak,Klimes,Szczepanski,Walentynowicz,Marciniak,Przybyla,Kriesman,PW,1,10,PW15,"H,1,10,H15","22,2,169","RUSH:13,H19, TACK:50",D. Kwiatkowski rush for 4 yards to the PW19 (J. Schultes).,"H,2,6,H19",rush,NA,NA,0,28,54,0,NA,22,H,PW,"PUNT,4,00:00,15","PUNT,4,00:00,21",3,6,0:00,PUNT,4,00:00,PW15,PUNT,4,00:00,PW21,NA
2021_02_LK_PW,LK,PW,Leipzig Kings,Panthers Wroclaw,6/26/2021,"Wroclaw, Poland",Stadion Olimpijski,18:00,21:03,Y,Y,3:03,3000,22 C,N13,Cloudy,Ratajczak,Klimes,Szczepanski,Walentynowicz,Marciniak,Przybyla,Kriesman,PW,2,6,PW19,"H,2,6,H19","22,3,170","RUSH:13,H21, TACK:8,54",D. Kwiatkowski rush for 2 yards to the PW21 (A. Jalloh;M. Strauss).,"H,3,4,H21",rush,NA,NA,0,28,54,0,NA,22,H,PW,"PUNT,4,00:00,15","PUNT,4,00:00,21",3,6,0:00,PUNT,4,00:00,PW15,PUNT,4,00:00,PW21,NA
2021_02_LK_PW,LK,PW,Leipzig Kings,Panthers Wroclaw,6/26/2021,"Wroclaw, Poland",Stadion Olimpijski,18:00,21:03,Y,Y,3:03,3000,22 C,N13,Cloudy,Ratajczak,Klimes,Szczepanski,Walentynowicz,Marciniak,Przybyla,Kriesman,PW,3,4,PW21,"H,3,4,H21","22,4,171","PASS:2,B,13,* BRUP:50",L. O'Connor pass incomplete to D. Kwiatkowski (J. Schultes).,"H,4,4,H21",pass,NA,NA,0,28,54,0,NA,22,H,PW,"PUNT,4,00:00,15","PUNT,4,00:00,21",3,6,0:00,PUNT,4,00:00,PW15,PUNT,4,00:00,PW21,NA
2021_02_LK_PW,LK,PW,Leipzig Kings,Panthers Wroclaw,6/26/2021,"Wroclaw, Poland",Stadion Olimpijski,18:00,21:03,Y,Y,3:03,3000,22 C,N13,Cloudy,Ratajczak,Klimes,Szczepanski,Walentynowicz,Marciniak,Przybyla,Kriesman,PW,4,4,PW21,"H,4,4,H21","22,5,172","PUNT:11,V33 OB:","D. Panczyszyn punt 46 yards to the LK33, out-of-bounds.","V,1,10,V33",punt,NA,NA,0,28,54,1,NA,22,H,PW,"PUNT,4,00:00,15","PUNT,4,00:00,21",3,6,0:00,PUNT,4,00:00,PW15,PUNT,4,00:00,PW21,NA
2021_02_LK_PW,LK,PW,Leipzig Kings,Panthers Wroclaw,6/26/2021,"Wroclaw, Poland",Stadion Olimpijski,18:00,21:03,Y,Y,3:03,3000,22 C,N13,Cloudy,Ratajczak,Klimes,Szczepanski,Walentynowicz,Marciniak,Przybyla,Kriesman,LK,1,10,LK33,"V,1,10,V33","23,1,173","PASS:15,C,83,V41 TACK:20",T. van Duijn pass complete to J. Breme for 8 yards to the LK41 (K. Rokicinski).,"V,2,2,V41",pass,NA,NA,0,28,54,0,NA,23,V,LK,"PUNT,4,00:00,33","HALF,4,00:00,99",13,66,0:00,PUNT,4,00:00,LK33,HALF,4,00:00,PW01,1
2021_02_LK_PW,LK,PW,Leipzig Kings,Panthers Wroclaw,6/26/2021,"Wroclaw, Poland",Stadion Olimpijski,18:00,21:03,Y,Y,3:03,3000,22 C,N13,Cloudy,Ratajczak,Klimes,Szczepanski,Walentynowicz,Marciniak,Przybyla,Kriesman,LK,2,2,LK41,"V,2,2,V41","23,2,174","RUSH:24,V46, TACK:21","L. Schneider rush for 5 yards to the LK46, 1ST DOWN LK (P. Lewszyk).","V,1,10,V46",rush,NA,rush,0,28,54,0,NA,23,V,LK,"PUNT,4,00:00,33","HALF,4,00:00,99",13,66,0:00,PUNT,4,00:00,LK33,HALF,4,00:00,PW01,1
2021_02_LK_PW,LK,PW,Leipzig Kings,Panthers Wroclaw,6/26/2021,"Wroclaw, Poland",Stadion Olimpijski,18:00,21:03,Y,Y,3:03,3000,22 C,N13,Cloudy,Ratajczak,Klimes,Szczepanski,Walentynowicz,Marciniak,Przybyla,Kriesman,LK,1,10,LK46,"V,1,10,V46","23,3,175","RUSH:24,V43, TACK:98,96",L. Schneider rush for loss of 3 yards to the LK43 (M. Dymek;P. Ostrowski).,"V,2,13,V43",rush,NA,NA,0,28,54,0,NA,23,V,LK,"PUNT,4,00:00,33","HALF,4,00:00,99",13,66,0:00,PUNT,4,00:00,LK33,HALF,4,00:00,PW01,1
2021_02_LK_PW,LK,PW,Leipzig Kings,Panthers Wroclaw,6/26/2021,"Wroclaw, Poland",Stadion Olimpijski,18:00,21:03,Y,Y,3:03,3000,22 C,N13,Cloudy,Ratajczak,Klimes,Szczepanski,Walentynowicz,Marciniak,Przybyla,Kriesman,LK,2,13,LK43,"V,2,13,V43","23,4,176","PASS:15,I,TM,*",T. van Duijn pass incomplete.,"V,3,13,V43",pass,NA,NA,0,28,54,0,NA,23,V,LK,"PUNT,4,00:00,33","HALF,4,00:00,99",13,66,0:00,PUNT,4,00:00,LK33,HALF,4,00:00,PW01,1
2021_02_LK_PW,LK,PW,Leipzig Kings,Panthers Wroclaw,6/26/2021,"Wroclaw, Poland",Stadion Olimpijski,18:00,21:03,Y,Y,3:03,3000,22 C,N13,Cloudy,Ratajczak,Klimes,Szczepanski,Walentynowicz,Marciniak,Przybyla,Kriesman,LK,3,13,LK43,"V,3,13,V43","23,5,177","PASS:15,C,80,H40 TACK:3","T. van Duijn pass complete to M. Riedel for 17 yards to the PW40, 1ST DOWN LK (S. Jarmolkowicz).","V,1,10,H40",pass,NA,pass,0,28,54,0,NA,23,V,LK,"PUNT,4,00:00,33","HALF,4,00:00,99",13,66,0:00,PUNT,4,00:00,LK33,HALF,4,00:00,PW01,1
2021_02_LK_PW,LK,PW,Leipzig Kings,Panthers Wroclaw,6/26/2021,"Wroclaw, Poland",Stadion Olimpijski,18:00,21:03,Y,Y,3:03,3000,22 C,N13,Cloudy,Ratajczak,Klimes,Szczepanski,Walentynowicz,Marciniak,Przybyla,Kriesman,LK,1,10,PW40,"V,1,10,H40","23,6,178","RUSH:15,H30, TACK:20,94","T. van Duijn rush for 10 yards to the PW30, 1ST DOWN LK (K. Rokicinski;K. Brauns).","V,1,10,H30",rush,NA,rush,0,28,54,0,NA,23,V,LK,"PUNT,4,00:00,33","HALF,4,00:00,99",13,66,0:00,PUNT,4,00:00,LK33,HALF,4,00:00,PW01,1
2021_02_LK_PW,LK,PW,Leipzig Kings,Panthers Wroclaw,6/26/2021,"Wroclaw, Poland",Stadion Olimpijski,18:00,21:03,Y,Y,3:03,3000,22 C,N13,Cloudy,Ratajczak,Klimes,Szczepanski,Walentynowicz,Marciniak,Przybyla,Kriesman,LK,1,10,PW30,"V,1,10,H30","23,7,179",TOUT:V T:00:00,"Timeout Leipzig Kings, clock 00:00.","V,1,10,H30",NA,00:00,NA,0,28,54,0,NA,23,V,LK,"PUNT,4,00:00,33","HALF,4,00:00,99",13,66,0:00,PUNT,4,00:00,LK33,HALF,4,00:00,PW01,1
2021_02_LK_PW,LK,PW,Leipzig Kings,Panthers Wroclaw,6/26/2021,"Wroclaw, Poland",Stadion Olimpijski,18:00,21:03,Y,Y,3:03,3000,22 C,N13,Cloudy,Ratajczak,Klimes,Szczepanski,Walentynowicz,Marciniak,Przybyla,Kriesman,LK,1,10,PW30,"V,1,10,H30","23,8,180","PASS:15,C,80,H19 TACK:3,22","T. van Duijn pass complete to M. Riedel for 11 yards to the PW19, 1ST DOWN LK (S. Jarmolkowicz;J. Lewszyk).","V,1,10,H19",pass,NA,pass,0,28,54,0,NA,23,V,LK,"PUNT,4,00:00,33","HALF,4,00:00,99",13,66,0:00,PUNT,4,00:00,LK33,HALF,4,00:00,PW01,1
2021_02_LK_PW,LK,PW,Leipzig Kings,Panthers Wroclaw,6/26/2021,"Wroclaw, Poland",Stadion Olimpijski,18:00,21:03,Y,Y,3:03,3000,22 C,N13,Cloudy,Ratajczak,Klimes,Szczepanski,Walentynowicz,Marciniak,Przybyla,Kriesman,LK,1,10,PW19,"V,1,10,H19","23,9,181","RUSH:24,H12, TACK:94,21",L. Schneider rush for 7 yards to the PW12 (K. Brauns;P. Lewszyk).,"V,2,3,H12",rush,NA,NA,0,28,54,0,NA,23,V,LK,"PUNT,4,00:00,33","HALF,4,00:00,99",13,66,0:00,PUNT,4,00:00,LK33,HALF,4,00:00,PW01,1
2021_02_LK_PW,LK,PW,Leipzig Kings,Panthers Wroclaw,6/26/2021,"Wroclaw, Poland",Stadion Olimpijski,18:00,21:03,Y,Y,3:03,3000,22 C,N13,Cloudy,Ratajczak,Klimes,Szczepanski,Walentynowicz,Marciniak,Przybyla,Kriesman,LK,2,3,PW12,"V,2,3,H12","23,10,182","PASS:15,C,24,H04 TACK:9","T. van Duijn pass complete to L. Schneider for 8 yards to the PW4, 1ST DOWN LK (T. Witalis).","V,1,0,H04",pass,NA,pass,0,28,54,0,NA,23,V,LK,"PUNT,4,00:00,33","HALF,4,00:00,99",13,66,0:00,PUNT,4,00:00,LK33,HALF,4,00:00,PW01,1
2021_02_LK_PW,LK,PW,Leipzig Kings,Panthers Wroclaw,6/26/2021,"Wroclaw, Poland",Stadion Olimpijski,18:00,21:03,Y,Y,3:03,3000,22 C,N13,Cloudy,Ratajczak,Klimes,Szczepanski,Walentynowicz,Marciniak,Przybyla,Kriesman,LK,1,0,PW04,"V,1,0,H04","23,11,183",TOUT:V T:00:00,"Timeout Leipzig Kings, clock 00:00.","V,1,0,H04",NA,00:00,NA,0,28,54,0,NA,23,V,LK,"PUNT,4,00:00,33","HALF,4,00:00,99",13,66,0:00,PUNT,4,00:00,LK33,HALF,4,00:00,PW01,1
2021_02_LK_PW,LK,PW,Leipzig Kings,Panthers Wroclaw,6/26/2021,"Wroclaw, Poland",Stadion Olimpijski,18:00,21:03,Y,Y,3:03,3000,22 C,N13,Cloudy,Ratajczak,Klimes,Szczepanski,Walentynowicz,Marciniak,Przybyla,Kriesman,LK,1,0,PW04,"V,1,0,H04","23,12,184","PASS:15,I,83,*",T. van Duijn pass incomplete to J. Breme.,"V,2,0,H04",pass,NA,NA,0,28,54,0,NA,23,V,LK,"PUNT,4,00:00,33","HALF,4,00:00,99",13,66,0:00,PUNT,4,00:00,LK33,HALF,4,00:00,PW01,1
2021_02_LK_PW,LK,PW,Leipzig Kings,Panthers Wroclaw,6/26/2021,"Wroclaw, Poland",Stadion Olimpijski,18:00,21:03,Y,Y,3:03,3000,22 C,N13,Cloudy,Ratajczak,Klimes,Szczepanski,Walentynowicz,Marciniak,Przybyla,Kriesman,LK,2,0,PW04,"V,2,0,H04","23,13,185","PASS:15,I,89,* PEN:H,PI,A,20,H01,1 NOPLAY:","T. van Duijn pass incomplete to N. Baeumer, PENALTY PW pass interference (K. Rokicinski) 3 yards to the PW1, 1ST DOWN LK, NO PLAY.","V,1,0,H01",penalty,NA,penalty,0,28,54,0,NA,23,V,LK,"PUNT,4,00:00,33","HALF,4,00:00,99",13,66,0:00,PUNT,4,00:00,LK33,HALF,4,00:00,PW01,1
2021_02_LK_PW,LK,PW,Leipzig Kings,Panthers Wroclaw,6/26/2021,"Wroclaw, Poland",Stadion Olimpijski,18:00,21:03,Y,Y,3:03,3000,22 C,N13,Cloudy,Ratajczak,Klimes,Szczepanski,Walentynowicz,Marciniak,Przybyla,Kriesman,LK,1,0,PW01,"V,1,0,H01","23,14,186","PEN:V,FS,A,51,H06,N",PENALTY LK false start (M. Parnow) 5 yards to the PW6.,"V,1,0,H06",penalty,NA,NA,0,28,54,0,NA,23,V,LK,"PUNT,4,00:00,33","HALF,4,00:00,99",13,66,0:00,PUNT,4,00:00,LK33,HALF,4,00:00,PW01,1
2021_02_LK_PW,LK,PW,Leipzig Kings,Panthers Wroclaw,6/26/2021,"Wroclaw, Poland",Stadion Olimpijski,18:00,21:03,Y,Y,3:03,3000,22 C,N13,Cloudy,Ratajczak,Klimes,Szczepanski,Walentynowicz,Marciniak,Przybyla,Kriesman,LK,1,0,PW06,"V,1,0,H06","23,15,187","PASS:15,D,24,* PEN:V,FS,A,TM,V11,N NOPLAY:","T. van Duijn pass incomplete to L. Schneider, dropped pass, PENALTY LK false start 83 yards to the LK11, NO PLAY.","V,1,0,V11",penalty,NA,NA,0,28,54,0,NA,23,V,LK,"PUNT,4,00:00,33","HALF,4,00:00,99",13,66,0:00,PUNT,4,00:00,LK33,HALF,4,00:00,PW01,1
2021_02_LK_PW,LK,PW,Leipzig Kings,Panthers Wroclaw,6/26/2021,"Wroclaw, Poland",Stadion Olimpijski,18:00,21:03,Y,Y,3:03,3000,22 C,N13,Cloudy,Ratajczak,Klimes,Szczepanski,Walentynowicz,Marciniak,Przybyla,Kriesman,LK,1,0,LK11,"V,1,0,V11","23,16,188","PASS:15,I,89,*",T. van Duijn pass incomplete to N. Baeumer.,"V,2,0,V11",pass,NA,NA,0,28,54,0,NA,23,V,LK,"PUNT,4,00:00,33","HALF,4,00:00,99",13,66,0:00,PUNT,4,00:00,LK33,HALF,4,00:00,PW01,1
2021_02_LK_PW,LK,PW,Leipzig Kings,Panthers Wroclaw,6/26/2021,"Wroclaw, Poland",Stadion Olimpijski,18:00,21:03,Y,Y,3:03,3000,22 C,N13,Cloudy,Ratajczak,Klimes,Szczepanski,Walentynowicz,Marciniak,Przybyla,Kriesman,LK,2,0,LK11,"V,2,0,V11","23,17,189","PASS:15,C,24,H02 TACK:94",T. van Duijn pass complete to L. Schneider for 87 yards to the PW2 (K. Brauns).,"V,3,0,H02",pass,NA,NA,0,28,54,0,NA,23,V,LK,"PUNT,4,00:00,33","HALF,4,00:00,99",13,66,0:00,PUNT,4,00:00,LK33,HALF,4,00:00,PW01,1
2021_02_LK_PW,LK,PW,Leipzig Kings,Panthers Wroclaw,6/26/2021,"Wroclaw, Poland",Stadion Olimpijski,18:00,21:03,Y,Y,3:03,3000,22 C,N13,Cloudy,Ratajczak,Klimes,Szczepanski,Walentynowicz,Marciniak,Przybyla,Kriesman,LK,3,0,PW02,"V,3,0,H02","23,18,190",TOUT:V T:00:00,"Timeout Leipzig Kings, clock 00:00.","V,3,0,H02",NA,00:00,NA,0,28,54,0,NA,23,V,LK,"PUNT,4,00:00,33","HALF,4,00:00,99",13,66,0:00,PUNT,4,00:00,LK33,HALF,4,00:00,PW01,1
2021_02_LK_PW,LK,PW,Leipzig Kings,Panthers Wroclaw,6/26/2021,"Wroclaw, Poland",Stadion Olimpijski,18:00,21:03,Y,Y,3:03,3000,22 C,N13,Cloudy,Ratajczak,Klimes,Szczepanski,Walentynowicz,Marciniak,Przybyla,Kriesman,LK,3,0,PW02,"V,3,0,H02","23,19,191","PASS:15,X,9,H00 RET:9,H00 TB: PEN:H,HO,A,9,H01,N NOPLAY:","T. van Duijn pass intercepted by T. Witalis at the PW0, T. Witalis return to the PW0, touchback, PENALTY PW holding (T. Witalis) 1 yards to the PW1, NO PLAY.","V,3,0,H01",penalty,NA,NA,0,28,54,0,NA,23,V,LK,"PUNT,4,00:00,33","HALF,4,00:00,99",13,66,0:00,PUNT,4,00:00,LK33,HALF,4,00:00,PW01,1
2021_02_LK_PW,LK,PW,Leipzig Kings,Panthers Wroclaw,6/26/2021,"Wroclaw, Poland",Stadion Olimpijski,18:00,21:03,Y,Y,3:03,3000,22 C,N13,Cloudy,Ratajczak,Klimes,Szczepanski,Walentynowicz,Marciniak,Przybyla,Kriesman,LK,3,0,PW01,"V,3,0,H01","23,20,192","PASS:15,B,83,* BRUP:31",T. van Duijn pass incomplete to J. Breme (S. Romanowski).,"V,4,0,H01",pass,NA,NA,0,28,54,0,NA,23,V,LK,"PUNT,4,00:00,33","HALF,4,00:00,99",13,66,0:00,PUNT,4,00:00,LK33,HALF,4,00:00,PW01,1
2021_02_LK_PW,LK,PW,Leipzig Kings,Panthers Wroclaw,6/26/2021,"Wroclaw, Poland",Stadion Olimpijski,18:00,21:03,Y,Y,3:03,3000,22 C,N13,Cloudy,Ratajczak,Klimes,Szczepanski,Walentynowicz,Marciniak,Przybyla,Kriesman,LK,4,0,PW01,"V,4,0,H01","23,21,193",HALF: T:00:00,"End of game, clock 00:00.","V,4,0,H01",NA,00:00,NA,0,28,54,0,NA,23,V,LK,"PUNT,4,00:00,33","HALF,4,00:00,99",13,66,0:00,PUNT,4,00:00,LK33,HALF,4,00:00,PW01,1
