game_id,away_team_id,home_team_id,away_team,home_team,date,location,stadium,start,end,leaguegame,duration,attend,temp,wind,weather,ref,ump,lj,bj,fj,sj,cj,alt,posteam,down,togo,spot,context,play_id,tokens,desc,newcontext,play_type,first_down_with,score,away_score_post,home_score_post,clock,oob,turnover,drive_number,drive_vh,drive_team,drive_start,drive_end,drive_plays,drive_yards,drive_top,drive_start_how,drive_start_qtr,drive_start_time,drive_start_spot,drive_end_how,drive_end_qtr,drive_end_time,drive_end_spot,drive_rz
2021_11_LK_HD,LK,HD,Leipzig Kings,Hamburg Sea Devils,8/29/2021,Hamburg,Stadion Hoheluft,15:00,17:55,Y,02:55,1625,19,SW,Rainy,Denker,Kattillus,Haltermann,Jurzyk,Hoffmann,Christensen,Berger,Berger,LK,1,10,LK35,"V,1,10,V35","0,1,0","CMT:hd wins toss, elects to receive","hd wins toss, elects to receive","V,1,10,V35",NA,NA,0,0,0,NA,0,NA,0,NA,NA,NA,NA,NA,NA,NA,NA,NA,NA,NA,NA,NA,NA,NA,NA
2021_11_LK_HD,LK,HD,Leipzig Kings,Hamburg Sea Devils,8/29/2021,Hamburg,Stadion Hoheluft,15:00,17:55,Y,02:55,1625,19,SW,Rainy,Denker,Kattillus,Haltermann,Jurzyk,Hoffmann,Christensen,Berger,Berger,LK,1,10,LK35,"V,1,10,V35","0,2,1","SPOT:V,V35,N KO:18,H03 RET:23,H34 TACK:32","LK ball on LK35, M. Ulbrich kickoff 62 yards to the HD3, J. Rogers return 31 yards to the HD34 (L.Deckwarth).","H,1,10,H34",kick_off,NA,0,0,0,NA,0,NA,0,NA,NA,NA,NA,NA,NA,NA,NA,NA,NA,NA,NA,NA,NA,NA,NA
2021_11_LK_HD,LK,HD,Leipzig Kings,Hamburg Sea Devils,8/29/2021,Hamburg,Stadion Hoheluft,15:00,17:55,Y,02:55,1625,19,SW,Rainy,Denker,Kattillus,Haltermann,Jurzyk,Hoffmann,Christensen,Berger,Berger,HD,1,10,HD34,"H,1,10,H34","1,1,2","RUSH:34,V33, TACK:28,8","J. Ampaw rush for 33 yards to the LK33, 1ST DOWN HD (J. Dietze;A. Jalloh).","H,1,10,V33",rush,rush,0,0,0,NA,0,NA,1,H,HD,"KO,1,15:00,34","TD,1,12:58,100",4,66,2:02,KO,1,15:00,HD34,TD,1,12:58,LK00,1
2021_11_LK_HD,LK,HD,Leipzig Kings,Hamburg Sea Devils,8/29/2021,Hamburg,Stadion Hoheluft,15:00,17:55,Y,02:55,1625,19,SW,Rainy,Denker,Kattillus,Haltermann,Jurzyk,Hoffmann,Christensen,Berger,Berger,HD,1,10,LK33,"H,1,10,V33","1,2,3","RUSH:34,V29, TACK:40",J. Ampaw rush for 4 yards to the LK29 (O. Rohnebak).,"H,2,6,V29",rush,NA,0,0,0,NA,0,NA,1,H,HD,"KO,1,15:00,34","TD,1,12:58,100",4,66,2:02,KO,1,15:00,HD34,TD,1,12:58,LK00,1
2021_11_LK_HD,LK,HD,Leipzig Kings,Hamburg Sea Devils,8/29/2021,Hamburg,Stadion Hoheluft,15:00,17:55,Y,02:55,1625,19,SW,Rainy,Denker,Kattillus,Haltermann,Jurzyk,Hoffmann,Christensen,Berger,Berger,HD,2,6,LK29,"H,2,6,V29","1,3,4","PASS:1,C,82,V04 TACK:8","S. Ceesay pass complete to T. Nill for 25 yards to the LK4, 1ST DOWN HD (A. Jalloh).","H,1,0,V04",pass,pass,0,0,0,NA,0,NA,1,H,HD,"KO,1,15:00,34","TD,1,12:58,100",4,66,2:02,KO,1,15:00,HD34,TD,1,12:58,LK00,1
2021_11_LK_HD,LK,HD,Leipzig Kings,Hamburg Sea Devils,8/29/2021,Hamburg,Stadion Hoheluft,15:00,17:55,Y,02:55,1625,19,SW,Rainy,Denker,Kattillus,Haltermann,Jurzyk,Hoffmann,Christensen,Berger,Berger,HD,1,0,LK04,"H,1,0,V04","1,4,5","RUSH:34,V00, T:12:58 PAT:K,4,G","J. Ampaw rush for 4 yards to the LK0, 1ST DOWN HD, TOUCHDOWN, clock 12:58, P. Andersen kick attempt good.","H,1,0,H35",pat,rush,1,0,7,12:58,0,NA,1,H,HD,"KO,1,15:00,34","TD,1,12:58,100",4,66,2:02,KO,1,15:00,HD34,TD,1,12:58,LK00,1
2021_11_LK_HD,LK,HD,Leipzig Kings,Hamburg Sea Devils,8/29/2021,Hamburg,Stadion Hoheluft,15:00,17:55,Y,02:55,1625,19,SW,Rainy,Denker,Kattillus,Haltermann,Jurzyk,Hoffmann,Christensen,Berger,Berger,HD,1,0,HD35,"H,1,0,H35","1,5,6","KO:4,V07 RET:8,V22 TACK:18","P. Andersen kickoff 58 yards to the LK7, A. Jalloh return 15 yards to the LK22 (M. Amankwah).","V,1,10,V22",kick_off,NA,0,0,7,NA,0,NA,1,H,HD,"KO,1,15:00,34","TD,1,12:58,100",4,66,2:02,KO,1,15:00,HD34,TD,1,12:58,LK00,1
2021_11_LK_HD,LK,HD,Leipzig Kings,Hamburg Sea Devils,8/29/2021,Hamburg,Stadion Hoheluft,15:00,17:55,Y,02:55,1625,19,SW,Rainy,Denker,Kattillus,Haltermann,Jurzyk,Hoffmann,Christensen,Berger,Berger,LK,1,10,LK22,"V,1,10,V22","2,1,7",{DRIVE}:12:50,LEIPZIG KINGS drive start at 12:50.,"V,1,10,V22",NA,NA,0,0,7,12:50,0,NA,2,V,LK,"KO,1,12:50,22","PUNT,1,08:30,29",5,7,4:20,KO,1,12:50,LK22,PUNT,1,08:30,LK29,NA
2021_11_LK_HD,LK,HD,Leipzig Kings,Hamburg Sea Devils,8/29/2021,Hamburg,Stadion Hoheluft,15:00,17:55,Y,02:55,1625,19,SW,Rainy,Denker,Kattillus,Haltermann,Jurzyk,Hoffmann,Christensen,Berger,Berger,LK,1,10,LK22,"V,1,10,V22","2,2,8","RUSH:12,V25, TACK:94",J. Awini rush for 3 yards to the LK25 (B. Grube).,"V,2,7,V25",rush,NA,0,0,7,NA,0,NA,2,V,LK,"KO,1,12:50,22","PUNT,1,08:30,29",5,7,4:20,KO,1,12:50,LK22,PUNT,1,08:30,LK29,NA
2021_11_LK_HD,LK,HD,Leipzig Kings,Hamburg Sea Devils,8/29/2021,Hamburg,Stadion Hoheluft,15:00,17:55,Y,02:55,1625,19,SW,Rainy,Denker,Kattillus,Haltermann,Jurzyk,Hoffmann,Christensen,Berger,Berger,LK,2,7,LK25,"V,2,7,V25","2,3,9","PASS:3,C,12,V35 TACK:31,57","M. Birdsong pass complete to J. Awini for 10 yards to the LK35, 1ST DOWN LK (J.Juurlink;D. Laporte).","V,1,10,V35",pass,pass,0,0,7,NA,0,NA,2,V,LK,"KO,1,12:50,22","PUNT,1,08:30,29",5,7,4:20,KO,1,12:50,LK22,PUNT,1,08:30,LK29,NA
2021_11_LK_HD,LK,HD,Leipzig Kings,Hamburg Sea Devils,8/29/2021,Hamburg,Stadion Hoheluft,15:00,17:55,Y,02:55,1625,19,SW,Rainy,Denker,Kattillus,Haltermann,Jurzyk,Hoffmann,Christensen,Berger,Berger,LK,1,10,LK35,"V,1,10,V35","2,4,10","PEN:V,FS,A,70,V28,N",PENALTY LK false start (S. Baafi) 7 yards to the LK28.,"V,1,17,V28",penalty,NA,0,0,7,NA,0,NA,2,V,LK,"KO,1,12:50,22","PUNT,1,08:30,29",5,7,4:20,KO,1,12:50,LK22,PUNT,1,08:30,LK29,NA
2021_11_LK_HD,LK,HD,Leipzig Kings,Hamburg Sea Devils,8/29/2021,Hamburg,Stadion Hoheluft,15:00,17:55,Y,02:55,1625,19,SW,Rainy,Denker,Kattillus,Haltermann,Jurzyk,Hoffmann,Christensen,Berger,Berger,LK,1,17,LK28,"V,1,17,V28","2,5,11","RUSH:12,V30, TACK:57",J. Awini rush for 2 yards to the LK30 (D. Laporte).,"V,2,15,V30",rush,NA,0,0,7,NA,0,NA,2,V,LK,"KO,1,12:50,22","PUNT,1,08:30,29",5,7,4:20,KO,1,12:50,LK22,PUNT,1,08:30,LK29,NA
2021_11_LK_HD,LK,HD,Leipzig Kings,Hamburg Sea Devils,8/29/2021,Hamburg,Stadion Hoheluft,15:00,17:55,Y,02:55,1625,19,SW,Rainy,Denker,Kattillus,Haltermann,Jurzyk,Hoffmann,Christensen,Berger,Berger,LK,2,15,LK30,"V,2,15,V30","2,6,12","RUSH:8,V31, TACK:25",A. Jalloh rush for 1 yard to the LK31 (C. Slater).,"V,3,14,V31",rush,NA,0,0,7,NA,0,NA,2,V,LK,"KO,1,12:50,22","PUNT,1,08:30,29",5,7,4:20,KO,1,12:50,LK22,PUNT,1,08:30,LK29,NA
2021_11_LK_HD,LK,HD,Leipzig Kings,Hamburg Sea Devils,8/29/2021,Hamburg,Stadion Hoheluft,15:00,17:55,Y,02:55,1625,19,SW,Rainy,Denker,Kattillus,Haltermann,Jurzyk,Hoffmann,Christensen,Berger,Berger,LK,3,14,LK31,"V,3,14,V31","2,7,13","PASS:3,C,8,V29 TACK:40",M. Birdsong pass complete to A. Jalloh for loss of 2 yards to the LK29 (M. Spiegel).,"V,4,16,V29",pass,NA,0,0,7,NA,0,NA,2,V,LK,"KO,1,12:50,22","PUNT,1,08:30,29",5,7,4:20,KO,1,12:50,LK22,PUNT,1,08:30,LK29,NA
2021_11_LK_HD,LK,HD,Leipzig Kings,Hamburg Sea Devils,8/29/2021,Hamburg,Stadion Hoheluft,15:00,17:55,Y,02:55,1625,19,SW,Rainy,Denker,Kattillus,Haltermann,Jurzyk,Hoffmann,Christensen,Berger,Berger,LK,4,16,LK29,"V,4,16,V29","2,8,14","PUNT:1,H30 RET:23,V49 OB:","J. Templar punt 41 yards to the HD30, J. Rogers return 21 yards to the LK49, out-of-bounds.","H,1,10,V49",punt,NA,0,0,7,NA,1,NA,2,V,LK,"KO,1,12:50,22","PUNT,1,08:30,29",5,7,4:20,KO,1,12:50,LK22,PUNT,1,08:30,LK29,NA
2021_11_LK_HD,LK,HD,Leipzig Kings,Hamburg Sea Devils,8/29/2021,Hamburg,Stadion Hoheluft,15:00,17:55,Y,02:55,1625,19,SW,Rainy,Denker,Kattillus,Haltermann,Jurzyk,Hoffmann,Christensen,Berger,Berger,HD,1,10,LK49,"H,1,10,V49","3,1,15",{DRIVE}:08:30,HAMBURG SEA DEVILS drive start at 08:30.,"H,1,10,V49",NA,NA,0,0,7,08:30,0,NA,3,H,HD,"PUNT,1,08:30,51","FGA,1,05:45,66",5,15,2:45,PUNT,1,08:30,LK49,FGA,1,05:45,LK34,NA
2021_11_LK_HD,LK,HD,Leipzig Kings,Hamburg Sea Devils,8/29/2021,Hamburg,Stadion Hoheluft,15:00,17:55,Y,02:55,1625,19,SW,Rainy,Denker,Kattillus,Haltermann,Jurzyk,Hoffmann,Christensen,Berger,Berger,HD,1,10,LK49,"H,1,10,V49","3,2,16","RUSH:1,V34, TACK:28","S. Ceesay rush for 15 yards to the LK34, 1ST DOWN HD (J. Dietze).","H,1,10,V34",rush,rush,0,0,7,NA,0,NA,3,H,HD,"PUNT,1,08:30,51","FGA,1,05:45,66",5,15,2:45,PUNT,1,08:30,LK49,FGA,1,05:45,LK34,NA
2021_11_LK_HD,LK,HD,Leipzig Kings,Hamburg Sea Devils,8/29/2021,Hamburg,Stadion Hoheluft,15:00,17:55,Y,02:55,1625,19,SW,Rainy,Denker,Kattillus,Haltermann,Jurzyk,Hoffmann,Christensen,Berger,Berger,HD,1,10,LK34,"H,1,10,V34","3,3,17","PASS:1,I,12,* PEN:V,OD,A,55,V29,N NOPLAY:","S. Ceesay pass incomplete to J. Madin Cerezo, PENALTY LK offside defense (55) 5 yards to the LK29, NO PLAY.","H,1,5,V29",penalty,NA,0,0,7,NA,0,NA,3,H,HD,"PUNT,1,08:30,51","FGA,1,05:45,66",5,15,2:45,PUNT,1,08:30,LK49,FGA,1,05:45,LK34,NA
2021_11_LK_HD,LK,HD,Leipzig Kings,Hamburg Sea Devils,8/29/2021,Hamburg,Stadion Hoheluft,15:00,17:55,Y,02:55,1625,19,SW,Rainy,Denker,Kattillus,Haltermann,Jurzyk,Hoffmann,Christensen,Berger,Berger,HD,1,5,LK29,"H,1,5,V29","3,4,18","RUSH:34,V25, TACK:50,92",J. Ampaw rush for 4 yards to the LK25 (J.Schultes;A. Zetterberg).,"H,2,1,V25",rush,NA,0,0,7,NA,0,NA,3,H,HD,"PUNT,1,08:30,51","FGA,1,05:45,66",5,15,2:45,PUNT,1,08:30,LK49,FGA,1,05:45,LK34,NA
2021_11_LK_HD,LK,HD,Leipzig Kings,Hamburg Sea Devils,8/29/2021,Hamburg,Stadion Hoheluft,15:00,17:55,Y,02:55,1625,19,SW,Rainy,Denker,Kattillus,Haltermann,Jurzyk,Hoffmann,Christensen,Berger,Berger,HD,2,1,LK25,"H,2,1,V25","3,5,19","PASS:1,I,82,*",S. Ceesay pass incomplete to T. Nill.,"H,3,1,V25",pass,NA,0,0,7,NA,0,NA,3,H,HD,"PUNT,1,08:30,51","FGA,1,05:45,66",5,15,2:45,PUNT,1,08:30,LK49,FGA,1,05:45,LK34,NA
2021_11_LK_HD,LK,HD,Leipzig Kings,Hamburg Sea Devils,8/29/2021,Hamburg,Stadion Hoheluft,15:00,17:55,Y,02:55,1625,19,SW,Rainy,Denker,Kattillus,Haltermann,Jurzyk,Hoffmann,Christensen,Berger,Berger,HD,3,1,LK25,"H,3,1,V25","3,6,20",TOUT:H T:06:57,"Timeout Hamburg Sea Devils, clock 06:57.","H,3,1,V25",NA,NA,0,0,7,06:57,0,NA,3,H,HD,"PUNT,1,08:30,51","FGA,1,05:45,66",5,15,2:45,PUNT,1,08:30,LK49,FGA,1,05:45,LK34,NA
2021_11_LK_HD,LK,HD,Leipzig Kings,Hamburg Sea Devils,8/29/2021,Hamburg,Stadion Hoheluft,15:00,17:55,Y,02:55,1625,19,SW,Rainy,Denker,Kattillus,Haltermann,Jurzyk,Hoffmann,Christensen,Berger,Berger,HD,3,1,LK25,"H,3,1,V25","3,7,21","RUSH:34,V34,",J. Ampaw rush for loss of 9 yards to the LK34.,"H,4,10,V34",rush,NA,0,0,7,NA,0,NA,3,H,HD,"PUNT,1,08:30,51","FGA,1,05:45,66",5,15,2:45,PUNT,1,08:30,LK49,FGA,1,05:45,LK34,NA
2021_11_LK_HD,LK,HD,Leipzig Kings,Hamburg Sea Devils,8/29/2021,Hamburg,Stadion Hoheluft,15:00,17:55,Y,02:55,1625,19,SW,Rainy,Denker,Kattillus,Haltermann,Jurzyk,Hoffmann,Christensen,Berger,Berger,HD,4,10,LK34,"H,4,10,V34","3,8,23","FGA:4,45,M,V34,R T:05:45","P. Andersen field goal attempt from 45 MISSED - wide right, spot at LK34, clock 05:45.","V,1,10,V34",field_goal,NA,0,0,7,05:45,0,NA,3,H,HD,"PUNT,1,08:30,51","FGA,1,05:45,66",5,15,2:45,PUNT,1,08:30,LK49,FGA,1,05:45,LK34,NA
2021_11_LK_HD,LK,HD,Leipzig Kings,Hamburg Sea Devils,8/29/2021,Hamburg,Stadion Hoheluft,15:00,17:55,Y,02:55,1625,19,SW,Rainy,Denker,Kattillus,Haltermann,Jurzyk,Hoffmann,Christensen,Berger,Berger,LK,1,10,LK34,"V,1,10,V34","4,1,24",{DRIVE}:05:45,LEIPZIG KINGS drive start at 05:45.,"V,1,10,V34",NA,NA,0,0,7,05:45,0,NA,4,V,LK,"FGA,1,05:45,34","INT,1,01:38,66",9,32,4:07,FGA,1,05:45,LK34,INT,1,01:38,HD34,NA
2021_11_LK_HD,LK,HD,Leipzig Kings,Hamburg Sea Devils,8/29/2021,Hamburg,Stadion Hoheluft,15:00,17:55,Y,02:55,1625,19,SW,Rainy,Denker,Kattillus,Haltermann,Jurzyk,Hoffmann,Christensen,Berger,Berger,LK,1,10,LK34,"V,1,10,V34","4,2,25","RUSH:12,V40, TACK:57",J. Awini rush for 6 yards to the LK40 (D. Laporte).,"V,2,4,V40",rush,NA,0,0,7,NA,0,NA,4,V,LK,"FGA,1,05:45,34","INT,1,01:38,66",9,32,4:07,FGA,1,05:45,LK34,INT,1,01:38,HD34,NA
2021_11_LK_HD,LK,HD,Leipzig Kings,Hamburg Sea Devils,8/29/2021,Hamburg,Stadion Hoheluft,15:00,17:55,Y,02:55,1625,19,SW,Rainy,Denker,Kattillus,Haltermann,Jurzyk,Hoffmann,Christensen,Berger,Berger,LK,2,4,LK40,"V,2,4,V40","4,3,26","PASS:3,I,30,* BRUP:27",M. Birdsong pass incomplete to N.Baeumer (L. Mueller).,"V,3,4,V40",pass,NA,0,0,7,NA,0,NA,4,V,LK,"FGA,1,05:45,34","INT,1,01:38,66",9,32,4:07,FGA,1,05:45,LK34,INT,1,01:38,HD34,NA
2021_11_LK_HD,LK,HD,Leipzig Kings,Hamburg Sea Devils,8/29/2021,Hamburg,Stadion Hoheluft,15:00,17:55,Y,02:55,1625,19,SW,Rainy,Denker,Kattillus,Haltermann,Jurzyk,Hoffmann,Christensen,Berger,Berger,LK,3,4,LK40,"V,3,4,V40","4,4,27","PASS:3,C,11,V49 TACK:28","M. Birdsong pass complete to A. Dable-Wolf for 9 yards to the LK49, 1ST DOWN LK (B. Maruschke).","V,1,10,V49",pass,pass,0,0,7,NA,0,NA,4,V,LK,"FGA,1,05:45,34","INT,1,01:38,66",9,32,4:07,FGA,1,05:45,LK34,INT,1,01:38,HD34,NA
2021_11_LK_HD,LK,HD,Leipzig Kings,Hamburg Sea Devils,8/29/2021,Hamburg,Stadion Hoheluft,15:00,17:55,Y,02:55,1625,19,SW,Rainy,Denker,Kattillus,Haltermann,Jurzyk,Hoffmann,Christensen,Berger,Berger,LK,1,10,LK49,"V,1,10,V49","4,5,28","PEN:V,FS,A,6,V44,N",PENALTY LK false start (T. Knuettel) 5 yards to the LK44.,"V,1,15,V44",penalty,NA,0,0,7,NA,0,NA,4,V,LK,"FGA,1,05:45,34","INT,1,01:38,66",9,32,4:07,FGA,1,05:45,LK34,INT,1,01:38,HD34,NA
2021_11_LK_HD,LK,HD,Leipzig Kings,Hamburg Sea Devils,8/29/2021,Hamburg,Stadion Hoheluft,15:00,17:55,Y,02:55,1625,19,SW,Rainy,Denker,Kattillus,Haltermann,Jurzyk,Hoffmann,Christensen,Berger,Berger,LK,1,15,LK44,"V,1,15,V44","4,6,29","PASS:3,C,85,H48 TACK:40",M. Birdsong pass complete to A.Doroshev for 8 yards to the HD48 (M. Spiegel).,"V,2,7,H48",pass,NA,0,0,7,NA,0,NA,4,V,LK,"FGA,1,05:45,34","INT,1,01:38,66",9,32,4:07,FGA,1,05:45,LK34,INT,1,01:38,HD34,NA
2021_11_LK_HD,LK,HD,Leipzig Kings,Hamburg Sea Devils,8/29/2021,Hamburg,Stadion Hoheluft,15:00,17:55,Y,02:55,1625,19,SW,Rainy,Denker,Kattillus,Haltermann,Jurzyk,Hoffmann,Christensen,Berger,Berger,LK,2,7,HD48,"V,2,7,H48","4,7,30","PASS:3,I,11,*",M. Birdsong pass incomplete to A. Dable-Wolf.,"V,3,7,H48",pass,NA,0,0,7,NA,0,NA,4,V,LK,"FGA,1,05:45,34","INT,1,01:38,66",9,32,4:07,FGA,1,05:45,LK34,INT,1,01:38,HD34,NA
2021_11_LK_HD,LK,HD,Leipzig Kings,Hamburg Sea Devils,8/29/2021,Hamburg,Stadion Hoheluft,15:00,17:55,Y,02:55,1625,19,SW,Rainy,Denker,Kattillus,Haltermann,Jurzyk,Hoffmann,Christensen,Berger,Berger,LK,3,7,HD48,"V,3,7,H48","4,8,31","RUSH:3,H40, OB:","M. Birdsong rush for 8 yards to the HD40, 1ST DOWN LK, out-of-bounds.","V,1,10,H40",rush,rush,0,0,7,NA,1,NA,4,V,LK,"FGA,1,05:45,34","INT,1,01:38,66",9,32,4:07,FGA,1,05:45,LK34,INT,1,01:38,HD34,NA
2021_11_LK_HD,LK,HD,Leipzig Kings,Hamburg Sea Devils,8/29/2021,Hamburg,Stadion Hoheluft,15:00,17:55,Y,02:55,1625,19,SW,Rainy,Denker,Kattillus,Haltermann,Jurzyk,Hoffmann,Christensen,Berger,Berger,LK,1,10,HD40,"V,1,10,H40","4,9,32","RUSH:12,H34, TACK:31",J. Awini rush for 6 yards to the HD34 (J.Juurlink).,"V,2,4,H34",rush,NA,0,0,7,NA,0,NA,4,V,LK,"FGA,1,05:45,34","INT,1,01:38,66",9,32,4:07,FGA,1,05:45,LK34,INT,1,01:38,HD34,NA
2021_11_LK_HD,LK,HD,Leipzig Kings,Hamburg Sea Devils,8/29/2021,Hamburg,Stadion Hoheluft,15:00,17:55,Y,02:55,1625,19,SW,Rainy,Denker,Kattillus,Haltermann,Jurzyk,Hoffmann,Christensen,Berger,Berger,LK,2,4,HD34,"V,2,4,H34","4,10,33","PASS:3,I,8,* BRUP:27",M. Birdsong pass incomplete to A. Jalloh (L. Mueller).,"V,3,4,H34",pass,NA,0,0,7,NA,0,NA,4,V,LK,"FGA,1,05:45,34","INT,1,01:38,66",9,32,4:07,FGA,1,05:45,LK34,INT,1,01:38,HD34,NA
2021_11_LK_HD,LK,HD,Leipzig Kings,Hamburg Sea Devils,8/29/2021,Hamburg,Stadion Hoheluft,15:00,17:55,Y,02:55,1625,19,SW,Rainy,Denker,Kattillus,Haltermann,Jurzyk,Hoffmann,Christensen,Berger,Berger,LK,3,4,HD34,"V,3,4,H34","4,11,34",TOUT:H T:01:49,"Timeout Hamburg Sea Devils, clock 01:49.","V,3,4,H34",NA,NA,0,0,7,01:49,0,NA,4,V,LK,"FGA,1,05:45,34","INT,1,01:38,66",9,32,4:07,FGA,1,05:45,LK34,INT,1,01:38,HD34,NA
2021_11_LK_HD,LK,HD,Leipzig Kings,Hamburg Sea Devils,8/29/2021,Hamburg,Stadion Hoheluft,15:00,17:55,Y,02:55,1625,19,SW,Rainy,Denker,Kattillus,Haltermann,Jurzyk,Hoffmann,Christensen,Berger,Berger,LK,3,4,HD34,"V,3,4,H34","4,12,35","PASS:3,X,25,H10 RET:25,H37","M. Birdsong pass intercepted by C. Slater at the HD10, C. Slater return 27 yards to the HD37.","H,1,10,H37",pass,NA,0,0,7,NA,0,I,4,V,LK,"FGA,1,05:45,34","INT,1,01:38,66",9,32,4:07,FGA,1,05:45,LK34,INT,1,01:38,HD34,NA
2021_11_LK_HD,LK,HD,Leipzig Kings,Hamburg Sea Devils,8/29/2021,Hamburg,Stadion Hoheluft,15:00,17:55,Y,02:55,1625,19,SW,Rainy,Denker,Kattillus,Haltermann,Jurzyk,Hoffmann,Christensen,Berger,Berger,HD,1,10,HD37,"H,1,10,H37","5,1,36",{DRIVE}:01:38,HAMBURG SEA DEVILS drive start at 01:38.,"H,1,10,H37",NA,NA,0,0,7,01:38,0,NA,5,H,HD,"INT,1,01:38,37","TD,2,14:57,100",5,63,1:41,INT,1,01:38,HD37,TD,2,14:57,LK00,1
2021_11_LK_HD,LK,HD,Leipzig Kings,Hamburg Sea Devils,8/29/2021,Hamburg,Stadion Hoheluft,15:00,17:55,Y,02:55,1625,19,SW,Rainy,Denker,Kattillus,Haltermann,Jurzyk,Hoffmann,Christensen,Berger,Berger,HD,1,10,HD37,"H,1,10,H37","5,2,37","RUSH:34,H34,",J. Ampaw rush for loss of 3 yards to the HD34.,"H,2,13,H34",rush,NA,0,0,7,NA,0,NA,5,H,HD,"INT,1,01:38,37","TD,2,14:57,100",5,63,1:41,INT,1,01:38,HD37,TD,2,14:57,LK00,1
2021_11_LK_HD,LK,HD,Leipzig Kings,Hamburg Sea Devils,8/29/2021,Hamburg,Stadion Hoheluft,15:00,17:55,Y,02:55,1625,19,SW,Rainy,Denker,Kattillus,Haltermann,Jurzyk,Hoffmann,Christensen,Berger,Berger,HD,2,13,HD34,"H,2,13,H34","5,3,38","PASS:1,C,82,H48 TACK:28","S. Ceesay pass complete to T. Nill for 14 yards to the HD48, 1ST DOWN HD (J. Dietze).","H,1,10,H48",pass,pass,0,0,7,NA,0,NA,5,H,HD,"INT,1,01:38,37","TD,2,14:57,100",5,63,1:41,INT,1,01:38,HD37,TD,2,14:57,LK00,1
2021_11_LK_HD,LK,HD,Leipzig Kings,Hamburg Sea Devils,8/29/2021,Hamburg,Stadion Hoheluft,15:00,17:55,Y,02:55,1625,19,SW,Rainy,Denker,Kattillus,Haltermann,Jurzyk,Hoffmann,Christensen,Berger,Berger,HD,1,10,HD48,"H,1,10,H48","5,4,39","PASS:1,I,12,*",S. Ceesay pass incomplete to J. Madin Cerezo.,"H,2,10,H48",pass,NA,0,0,7,NA,0,NA,5,H,HD,"INT,1,01:38,37","TD,2,14:57,100",5,63,1:41,INT,1,01:38,HD37,TD,2,14:57,LK00,1
2021_11_LK_HD,LK,HD,Leipzig Kings,Hamburg Sea Devils,8/29/2021,Hamburg,Stadion Hoheluft,15:00,17:55,Y,02:55,1625,19,SW,Rainy,Denker,Kattillus,Haltermann,Jurzyk,Hoffmann,Christensen,Berger,Berger,HD,2,10,HD48,"H,2,10,H48","5,5,40","PASS:1,I,12,* PEN:V,PI,A,4,V08,1 NOPLAY:","S. Ceesay pass incomplete to J. Madin Cerezo, PENALTY LK pass interference (R. Henrique) 44 yards to the LK8, 1ST DOWN HD, NO PLAY.","H,1,0,V08",penalty,penalty,0,0,7,NA,0,NA,5,H,HD,"INT,1,01:38,37","TD,2,14:57,100",5,63,1:41,INT,1,01:38,HD37,TD,2,14:57,LK00,1
2021_11_LK_HD,LK,HD,Leipzig Kings,Hamburg Sea Devils,8/29/2021,Hamburg,Stadion Hoheluft,15:00,17:55,Y,02:55,1625,19,SW,Rainy,Denker,Kattillus,Haltermann,Jurzyk,Hoffmann,Christensen,Berger,Berger,HD,1,0,LK08,"H,1,0,V08","5,6,41","PEN:H,FS,A,68,V13,N",PENALTY HD false start (K. Ebanks) 5 yards to the LK13.,"H,1,0,V13",penalty,NA,0,0,7,NA,0,NA,5,H,HD,"INT,1,01:38,37","TD,2,14:57,100",5,63,1:41,INT,1,01:38,HD37,TD,2,14:57,LK00,1
2021_11_LK_HD,LK,HD,Leipzig Kings,Hamburg Sea Devils,8/29/2021,Hamburg,Stadion Hoheluft,15:00,17:55,Y,02:55,1625,19,SW,Rainy,Denker,Kattillus,Haltermann,Jurzyk,Hoffmann,Christensen,Berger,Berger,HD,1,0,LK13,"H,1,0,V13","5,7,42","PEN:H,FS,A,68,V18,N",PENALTY HD false start (K. Ebanks) 5 yards to the LK18.,"H,1,0,V18",penalty,NA,0,0,7,NA,0,NA,5,H,HD,"INT,1,01:38,37","TD,2,14:57,100",5,63,1:41,INT,1,01:38,HD37,TD,2,14:57,LK00,1
2021_11_LK_HD,LK,HD,Leipzig Kings,Hamburg Sea Devils,8/29/2021,Hamburg,Stadion Hoheluft,15:00,17:55,Y,02:55,1625,19,SW,Rainy,Denker,Kattillus,Haltermann,Jurzyk,Hoffmann,Christensen,Berger,Berger,HD,1,0,LK18,"H,1,0,V18","5,8,43","RUSH:1,V08, OB:","S. Ceesay rush for 10 yards to the LK8, out-of-bounds.","H,2,0,V08",rush,NA,0,0,7,NA,1,NA,5,H,HD,"INT,1,01:38,37","TD,2,14:57,100",5,63,1:41,INT,1,01:38,HD37,TD,2,14:57,LK00,1
2021_11_LK_HD,LK,HD,Leipzig Kings,Hamburg Sea Devils,8/29/2021,Hamburg,Stadion Hoheluft,15:00,17:55,Y,02:55,1625,19,SW,Rainy,Denker,Kattillus,Haltermann,Jurzyk,Hoffmann,Christensen,Berger,Berger,HD,2,0,LK08,"H,2,0,V08","5,9,44",Q:2 T:15:00,"Start of 2nd quarter, clock 15:00.","H,2,0,V08",NA,NA,0,0,7,15:00,0,NA,5,H,HD,"INT,1,01:38,37","TD,2,14:57,100",5,63,1:41,INT,1,01:38,HD37,TD,2,14:57,LK00,1
2021_11_LK_HD,LK,HD,Leipzig Kings,Hamburg Sea Devils,8/29/2021,Hamburg,Stadion Hoheluft,15:00,17:55,Y,02:55,1625,19,SW,Rainy,Denker,Kattillus,Haltermann,Jurzyk,Hoffmann,Christensen,Berger,Berger,HD,2,0,LK08,"H,2,0,V08","5,10,45","PASS:1,C,82,V00 T:14:57 PAT:K,4,G","S. Ceesay pass complete to T. Nill for 8 yards to the LK0, 1ST DOWN HD, TOUCHDOWN, clock 14:57, P. Andersen kick attempt good.","H,1,0,H35",pat,pass,1,0,14,14:57,0,NA,5,H,HD,"INT,1,01:38,37","TD,2,14:57,100",5,63,1:41,INT,1,01:38,HD37,TD,2,14:57,LK00,1
2021_11_LK_HD,LK,HD,Leipzig Kings,Hamburg Sea Devils,8/29/2021,Hamburg,Stadion Hoheluft,15:00,17:55,Y,02:55,1625,19,SW,Rainy,Denker,Kattillus,Haltermann,Jurzyk,Hoffmann,Christensen,Berger,Berger,HD,1,0,HD35,"H,1,0,H35","5,11,46","KO:4,V00 TB:","P. Andersen kickoff 65 yards to the LK0, touchback.","V,1,10,V25",kick_off,NA,0,0,14,NA,0,NA,5,H,HD,"INT,1,01:38,37","TD,2,14:57,100",5,63,1:41,INT,1,01:38,HD37,TD,2,14:57,LK00,1
2021_11_LK_HD,LK,HD,Leipzig Kings,Hamburg Sea Devils,8/29/2021,Hamburg,Stadion Hoheluft,15:00,17:55,Y,02:55,1625,19,SW,Rainy,Denker,Kattillus,Haltermann,Jurzyk,Hoffmann,Christensen,Berger,Berger,LK,1,10,LK25,"V,1,10,V25","6,1,47",{DRIVE}:14:57,LEIPZIG KINGS drive start at 14:57.,"V,1,10,V25",NA,NA,0,0,14,14:57,0,NA,6,V,LK,"KO,2,14:57,25","PUNT,2,12:06,39",4,14,2:51,KO,2,14:57,LK25,PUNT,2,12:06,LK39,NA
2021_11_LK_HD,LK,HD,Leipzig Kings,Hamburg Sea Devils,8/29/2021,Hamburg,Stadion Hoheluft,15:00,17:55,Y,02:55,1625,19,SW,Rainy,Denker,Kattillus,Haltermann,Jurzyk,Hoffmann,Christensen,Berger,Berger,LK,1,10,LK25,"V,1,10,V25","6,2,48","RUSH:12,V35, TACK:28","J. Awini rush for 10 yards to the LK35, 1ST DOWN LK (B. Maruschke).","V,1,10,V35",rush,rush,0,0,14,NA,0,NA,6,V,LK,"KO,2,14:57,25","PUNT,2,12:06,39",4,14,2:51,KO,2,14:57,LK25,PUNT,2,12:06,LK39,NA
2021_11_LK_HD,LK,HD,Leipzig Kings,Hamburg Sea Devils,8/29/2021,Hamburg,Stadion Hoheluft,15:00,17:55,Y,02:55,1625,19,SW,Rainy,Denker,Kattillus,Haltermann,Jurzyk,Hoffmann,Christensen,Berger,Berger,LK,1,10,LK35,"V,1,10,V35","6,3,49","RUSH:12,V39, TACK:99,25",J. Awini rush for 4 yards to the LK39 (N. Imasuen;C. Slater).,"V,2,6,V39",rush,NA,0,0,14,NA,0,NA,6,V,LK,"KO,2,14:57,25","PUNT,2,12:06,39",4,14,2:51,KO,2,14:57,LK25,PUNT,2,12:06,LK39,NA
2021_11_LK_HD,LK,HD,Leipzig Kings,Hamburg Sea Devils,8/29/2021,Hamburg,Stadion Hoheluft,15:00,17:55,Y,02:55,1625,19,SW,Rainy,Denker,Kattillus,Haltermann,Jurzyk,Hoffmann,Christensen,Berger,Berger,LK,2,6,LK39,"V,2,6,V39","6,4,50","PEN:V,FS,A,76,V34,N",PENALTY LK false start (P. K. Molberg) 5 yards to the LK34.,"V,2,11,V34",penalty,NA,0,0,14,NA,0,NA,6,V,LK,"KO,2,14:57,25","PUNT,2,12:06,39",4,14,2:51,KO,2,14:57,LK25,PUNT,2,12:06,LK39,NA
2021_11_LK_HD,LK,HD,Leipzig Kings,Hamburg Sea Devils,8/29/2021,Hamburg,Stadion Hoheluft,15:00,17:55,Y,02:55,1625,19,SW,Rainy,Denker,Kattillus,Haltermann,Jurzyk,Hoffmann,Christensen,Berger,Berger,LK,2,11,LK34,"V,2,11,V34","6,5,51","RUSH:3,V33, TACK:99,94",M. Birdsong rush for loss of 1 yard to the LK33 (N. Imasuen;B. Grube).,"V,3,12,V33",rush,NA,0,0,14,NA,0,NA,6,V,LK,"KO,2,14:57,25","PUNT,2,12:06,39",4,14,2:51,KO,2,14:57,LK25,PUNT,2,12:06,LK39,NA
2021_11_LK_HD,LK,HD,Leipzig Kings,Hamburg Sea Devils,8/29/2021,Hamburg,Stadion Hoheluft,15:00,17:55,Y,02:55,1625,19,SW,Rainy,Denker,Kattillus,Haltermann,Jurzyk,Hoffmann,Christensen,Berger,Berger,LK,3,12,LK33,"V,3,12,V33","6,6,52","PASS:3,I,11,* BRUP:28",M. Birdsong pass incomplete to A. Dable-Wolf (B. Maruschke).,"V,4,12,V33",pass,NA,0,0,14,NA,0,NA,6,V,LK,"KO,2,14:57,25","PUNT,2,12:06,39",4,14,2:51,KO,2,14:57,LK25,PUNT,2,12:06,LK39,NA
2021_11_LK_HD,LK,HD,Leipzig Kings,Hamburg Sea Devils,8/29/2021,Hamburg,Stadion Hoheluft,15:00,17:55,Y,02:55,1625,19,SW,Rainy,Denker,Kattillus,Haltermann,Jurzyk,Hoffmann,Christensen,Berger,Berger,LK,4,12,LK33,"V,4,12,V33","6,7,53","RUSH:1,V42, TACK:31 PEN:H,FO,A,46,V39,N NOPLAY:","J. Templar rush for 9 yards to the LK42 (J.Juurlink), PENALTY HD illegal formation (D.Rotaermel) 6 yards to the LK39, NO PLAY.","V,4,6,V39",penalty,NA,0,0,14,NA,0,NA,6,V,LK,"KO,2,14:57,25","PUNT,2,12:06,39",4,14,2:51,KO,2,14:57,LK25,PUNT,2,12:06,LK39,NA
2021_11_LK_HD,LK,HD,Leipzig Kings,Hamburg Sea Devils,8/29/2021,Hamburg,Stadion Hoheluft,15:00,17:55,Y,02:55,1625,19,SW,Rainy,Denker,Kattillus,Haltermann,Jurzyk,Hoffmann,Christensen,Berger,Berger,LK,4,6,LK39,"V,4,6,V39","6,8,54","PUNT:1,H16 DN:","J. Templar punt 45 yards to the HD16, downed.","H,1,10,H16",punt,NA,0,0,14,NA,0,NA,6,V,LK,"KO,2,14:57,25","PUNT,2,12:06,39",4,14,2:51,KO,2,14:57,LK25,PUNT,2,12:06,LK39,NA
2021_11_LK_HD,LK,HD,Leipzig Kings,Hamburg Sea Devils,8/29/2021,Hamburg,Stadion Hoheluft,15:00,17:55,Y,02:55,1625,19,SW,Rainy,Denker,Kattillus,Haltermann,Jurzyk,Hoffmann,Christensen,Berger,Berger,HD,1,10,HD16,"H,1,10,H16","7,1,55",{DRIVE}:12:06,HAMBURG SEA DEVILS drive start at 12:06.,"H,1,10,H16",NA,NA,0,0,14,12:06,0,NA,7,H,HD,"PUNT,2,12:06,16","FG,2,07:13,58",9,42,4:53,PUNT,2,12:06,HD16,FG,2,07:13,LK42,NA
2021_11_LK_HD,LK,HD,Leipzig Kings,Hamburg Sea Devils,8/29/2021,Hamburg,Stadion Hoheluft,15:00,17:55,Y,02:55,1625,19,SW,Rainy,Denker,Kattillus,Haltermann,Jurzyk,Hoffmann,Christensen,Berger,Berger,HD,1,10,HD16,"H,1,10,H16","7,2,56","RUSH:34,H20, TACK:99",J. Ampaw rush for 4 yards to the HD20 (V. Buffet).,"H,2,6,H20",rush,NA,0,0,14,NA,0,NA,7,H,HD,"PUNT,2,12:06,16","FG,2,07:13,58",9,42,4:53,PUNT,2,12:06,HD16,FG,2,07:13,LK42,NA
2021_11_LK_HD,LK,HD,Leipzig Kings,Hamburg Sea Devils,8/29/2021,Hamburg,Stadion Hoheluft,15:00,17:55,Y,02:55,1625,19,SW,Rainy,Denker,Kattillus,Haltermann,Jurzyk,Hoffmann,Christensen,Berger,Berger,HD,2,6,HD20,"H,2,6,H20","7,3,57","RUSH:1,H25, OB:","S. Ceesay rush for 5 yards to the HD25, out-of-bounds.","H,3,1,H25",rush,NA,0,0,14,NA,1,NA,7,H,HD,"PUNT,2,12:06,16","FG,2,07:13,58",9,42,4:53,PUNT,2,12:06,HD16,FG,2,07:13,LK42,NA
2021_11_LK_HD,LK,HD,Leipzig Kings,Hamburg Sea Devils,8/29/2021,Hamburg,Stadion Hoheluft,15:00,17:55,Y,02:55,1625,19,SW,Rainy,Denker,Kattillus,Haltermann,Jurzyk,Hoffmann,Christensen,Berger,Berger,HD,3,1,HD25,"H,3,1,H25","7,4,58","RUSH:34,H42, TACK:33","J. Ampaw rush for 17 yards to the HD42, 1ST DOWN HD (P. Meissner).","H,1,10,H42",rush,rush,0,0,14,NA,0,NA,7,H,HD,"PUNT,2,12:06,16","FG,2,07:13,58",9,42,4:53,PUNT,2,12:06,HD16,FG,2,07:13,LK42,NA
2021_11_LK_HD,LK,HD,Leipzig Kings,Hamburg Sea Devils,8/29/2021,Hamburg,Stadion Hoheluft,15:00,17:55,Y,02:55,1625,19,SW,Rainy,Denker,Kattillus,Haltermann,Jurzyk,Hoffmann,Christensen,Berger,Berger,HD,1,10,HD42,"H,1,10,H42","7,5,59","PASS:1,S,TM,H33 SACK:45",S. Ceesay sacked for loss of 9 yards to the HD33 (K. Kitchens).,"H,2,19,H33",pass,NA,0,0,14,NA,0,NA,7,H,HD,"PUNT,2,12:06,16","FG,2,07:13,58",9,42,4:53,PUNT,2,12:06,HD16,FG,2,07:13,LK42,NA
2021_11_LK_HD,LK,HD,Leipzig Kings,Hamburg Sea Devils,8/29/2021,Hamburg,Stadion Hoheluft,15:00,17:55,Y,02:55,1625,19,SW,Rainy,Denker,Kattillus,Haltermann,Jurzyk,Hoffmann,Christensen,Berger,Berger,HD,2,19,HD33,"H,2,19,H33","7,6,60","RUSH:1,V46, TACK:21,40","S. Ceesay rush for 21 yards to the LK46, 1ST DOWN HD (D. Docal;O. Rohnebak).","H,1,10,V46",rush,rush,0,0,14,NA,0,NA,7,H,HD,"PUNT,2,12:06,16","FG,2,07:13,58",9,42,4:53,PUNT,2,12:06,HD16,FG,2,07:13,LK42,NA
2021_11_LK_HD,LK,HD,Leipzig Kings,Hamburg Sea Devils,8/29/2021,Hamburg,Stadion Hoheluft,15:00,17:55,Y,02:55,1625,19,SW,Rainy,Denker,Kattillus,Haltermann,Jurzyk,Hoffmann,Christensen,Berger,Berger,HD,1,10,LK46,"H,1,10,V46","7,7,61","PASS:1,C,34,V43 TACK:40",S. Ceesay pass complete to J. Ampaw for 3 yards to the LK43 (O. Rohnebak).,"H,2,7,V43",pass,NA,0,0,14,NA,0,NA,7,H,HD,"PUNT,2,12:06,16","FG,2,07:13,58",9,42,4:53,PUNT,2,12:06,HD16,FG,2,07:13,LK42,NA
2021_11_LK_HD,LK,HD,Leipzig Kings,Hamburg Sea Devils,8/29/2021,Hamburg,Stadion Hoheluft,15:00,17:55,Y,02:55,1625,19,SW,Rainy,Denker,Kattillus,Haltermann,Jurzyk,Hoffmann,Christensen,Berger,Berger,HD,2,7,LK43,"H,2,7,V43","7,8,62","RUSH:34,V42, TACK:99,40",J. Ampaw rush for 1 yard to the LK42 (V. Buffet;O. Rohnebak).,"H,3,6,V42",rush,NA,0,0,14,NA,0,NA,7,H,HD,"PUNT,2,12:06,16","FG,2,07:13,58",9,42,4:53,PUNT,2,12:06,HD16,FG,2,07:13,LK42,NA
2021_11_LK_HD,LK,HD,Leipzig Kings,Hamburg Sea Devils,8/29/2021,Hamburg,Stadion Hoheluft,15:00,17:55,Y,02:55,1625,19,SW,Rainy,Denker,Kattillus,Haltermann,Jurzyk,Hoffmann,Christensen,Berger,Berger,HD,3,6,LK42,"H,3,6,V42","7,9,63","PASS:1,I,19,*",S. Ceesay pass incomplete to N. Amroun.,"H,4,6,V42",pass,NA,0,0,14,NA,0,NA,7,H,HD,"PUNT,2,12:06,16","FG,2,07:13,58",9,42,4:53,PUNT,2,12:06,HD16,FG,2,07:13,LK42,NA
2021_11_LK_HD,LK,HD,Leipzig Kings,Hamburg Sea Devils,8/29/2021,Hamburg,Stadion Hoheluft,15:00,17:55,Y,02:55,1625,19,SW,Rainy,Denker,Kattillus,Haltermann,Jurzyk,Hoffmann,Christensen,Berger,Berger,HD,4,6,LK42,"H,4,6,V42","7,10,64","FGA:4,59,G T:07:13","P. Andersen field goal attempt from 59 GOOD, clock 07:13.","H,1,0,H35",field_goal,NA,1,0,17,07:13,0,NA,7,H,HD,"PUNT,2,12:06,16","FG,2,07:13,58",9,42,4:53,PUNT,2,12:06,HD16,FG,2,07:13,LK42,NA
2021_11_LK_HD,LK,HD,Leipzig Kings,Hamburg Sea Devils,8/29/2021,Hamburg,Stadion Hoheluft,15:00,17:55,Y,02:55,1625,19,SW,Rainy,Denker,Kattillus,Haltermann,Jurzyk,Hoffmann,Christensen,Berger,Berger,HD,1,0,HD35,"H,1,0,H35","7,11,65","KO:4,V00 RET:8,V19 TACK:25","P. Andersen kickoff 65 yards to the LK0, A. Jalloh return 19 yards to the LK19 (C. Slater).","V,1,10,V19",kick_off,NA,0,0,17,NA,0,NA,7,H,HD,"PUNT,2,12:06,16","FG,2,07:13,58",9,42,4:53,PUNT,2,12:06,HD16,FG,2,07:13,LK42,NA
2021_11_LK_HD,LK,HD,Leipzig Kings,Hamburg Sea Devils,8/29/2021,Hamburg,Stadion Hoheluft,15:00,17:55,Y,02:55,1625,19,SW,Rainy,Denker,Kattillus,Haltermann,Jurzyk,Hoffmann,Christensen,Berger,Berger,LK,1,10,LK19,"V,1,10,V19","8,1,66",{DRIVE}:07:07,LEIPZIG KINGS drive start at 07:07.,"V,1,10,V19",NA,NA,0,0,17,07:07,0,NA,8,V,LK,"KO,2,07:07,19","PUNT,2,04:34,8",3,-11,2:33,KO,2,07:07,LK19,PUNT,2,04:34,LK08,NA
2021_11_LK_HD,LK,HD,Leipzig Kings,Hamburg Sea Devils,8/29/2021,Hamburg,Stadion Hoheluft,15:00,17:55,Y,02:55,1625,19,SW,Rainy,Denker,Kattillus,Haltermann,Jurzyk,Hoffmann,Christensen,Berger,Berger,LK,1,10,LK19,"V,1,10,V19","8,2,67","RUSH:12,V18, TACK:46",J. Awini rush for loss of 1 yard to the LK18 (D.Rotaermel).,"V,2,11,V18",rush,NA,0,0,17,NA,0,NA,8,V,LK,"KO,2,07:07,19","PUNT,2,04:34,8",3,-11,2:33,KO,2,07:07,LK19,PUNT,2,04:34,LK08,NA
2021_11_LK_HD,LK,HD,Leipzig Kings,Hamburg Sea Devils,8/29/2021,Hamburg,Stadion Hoheluft,15:00,17:55,Y,02:55,1625,19,SW,Rainy,Denker,Kattillus,Haltermann,Jurzyk,Hoffmann,Christensen,Berger,Berger,LK,2,11,LK18,"V,2,11,V18","8,3,68","PASS:3,C,6,V18 TACK:53",M. Birdsong pass complete to T. Knuettel for no gain to the LK18 (F. Filipovic).,"V,3,11,V18",pass,NA,0,0,17,NA,0,NA,8,V,LK,"KO,2,07:07,19","PUNT,2,04:34,8",3,-11,2:33,KO,2,07:07,LK19,PUNT,2,04:34,LK08,NA
2021_11_LK_HD,LK,HD,Leipzig Kings,Hamburg Sea Devils,8/29/2021,Hamburg,Stadion Hoheluft,15:00,17:55,Y,02:55,1625,19,SW,Rainy,Denker,Kattillus,Haltermann,Jurzyk,Hoffmann,Christensen,Berger,Berger,LK,3,11,LK18,"V,3,11,V18","8,4,69","PASS:3,S,TM,V08 SACK:52",M. Birdsong sacked for loss of 10 yards to the LK8 (A. Mati).,"V,4,21,V08",pass,NA,0,0,17,NA,0,NA,8,V,LK,"KO,2,07:07,19","PUNT,2,04:34,8",3,-11,2:33,KO,2,07:07,LK19,PUNT,2,04:34,LK08,NA
2021_11_LK_HD,LK,HD,Leipzig Kings,Hamburg Sea Devils,8/29/2021,Hamburg,Stadion Hoheluft,15:00,17:55,Y,02:55,1625,19,SW,Rainy,Denker,Kattillus,Haltermann,Jurzyk,Hoffmann,Christensen,Berger,Berger,LK,4,21,LK08,"V,4,21,V08","8,5,70","PUNT:1,H48 RET:23,V37 TACK:29,53","J. Templar punt 44 yards to the HD48, J. Rogers return 15 yards to the LK37 (J.Bandrabur;P. Topolewski).","H,1,10,V37",punt,NA,0,0,17,NA,0,NA,8,V,LK,"KO,2,07:07,19","PUNT,2,04:34,8",3,-11,2:33,KO,2,07:07,LK19,PUNT,2,04:34,LK08,NA
2021_11_LK_HD,LK,HD,Leipzig Kings,Hamburg Sea Devils,8/29/2021,Hamburg,Stadion Hoheluft,15:00,17:55,Y,02:55,1625,19,SW,Rainy,Denker,Kattillus,Haltermann,Jurzyk,Hoffmann,Christensen,Berger,Berger,HD,1,10,LK37,"H,1,10,V37","9,1,71",{DRIVE}:04:34,HAMBURG SEA DEVILS drive start at 04:34.,"H,1,10,V37",NA,NA,0,0,17,04:34,0,NA,9,H,HD,"PUNT,2,04:34,63","FUMB,2,00:53,86",8,23,3:41,PUNT,2,04:34,LK37,FUMB,2,00:53,LK14,1
2021_11_LK_HD,LK,HD,Leipzig Kings,Hamburg Sea Devils,8/29/2021,Hamburg,Stadion Hoheluft,15:00,17:55,Y,02:55,1625,19,SW,Rainy,Denker,Kattillus,Haltermann,Jurzyk,Hoffmann,Christensen,Berger,Berger,HD,1,10,LK37,"H,1,10,V37","9,2,72","RUSH:34,V29, TACK:40,92",J. Ampaw rush for 8 yards to the LK29 (O. Rohnebak;A. Zetterberg).,"H,2,2,V29",rush,NA,0,0,17,NA,0,NA,9,H,HD,"PUNT,2,04:34,63","FUMB,2,00:53,86",8,23,3:41,PUNT,2,04:34,LK37,FUMB,2,00:53,LK14,1
2021_11_LK_HD,LK,HD,Leipzig Kings,Hamburg Sea Devils,8/29/2021,Hamburg,Stadion Hoheluft,15:00,17:55,Y,02:55,1625,19,SW,Rainy,Denker,Kattillus,Haltermann,Jurzyk,Hoffmann,Christensen,Berger,Berger,HD,2,2,LK29,"H,2,2,V29","9,3,73","PASS:1,I,89,* BRUP:4",S. Ceesay pass incomplete to L. Rehder (R. Henrique).,"H,3,2,V29",pass,NA,0,0,17,NA,0,NA,9,H,HD,"PUNT,2,04:34,63","FUMB,2,00:53,86",8,23,3:41,PUNT,2,04:34,LK37,FUMB,2,00:53,LK14,1
2021_11_LK_HD,LK,HD,Leipzig Kings,Hamburg Sea Devils,8/29/2021,Hamburg,Stadion Hoheluft,15:00,17:55,Y,02:55,1625,19,SW,Rainy,Denker,Kattillus,Haltermann,Jurzyk,Hoffmann,Christensen,Berger,Berger,HD,3,2,LK29,"H,3,2,V29","9,4,74","RUSH:34,V25, TACK:70,45","J. Ampaw rush for 4 yards to the LK25, 1ST DOWN HD (S. Baafi;K. Kitchens).","H,1,10,V25",rush,rush,0,0,17,NA,0,NA,9,H,HD,"PUNT,2,04:34,63","FUMB,2,00:53,86",8,23,3:41,PUNT,2,04:34,LK37,FUMB,2,00:53,LK14,1
2021_11_LK_HD,LK,HD,Leipzig Kings,Hamburg Sea Devils,8/29/2021,Hamburg,Stadion Hoheluft,15:00,17:55,Y,02:55,1625,19,SW,Rainy,Denker,Kattillus,Haltermann,Jurzyk,Hoffmann,Christensen,Berger,Berger,HD,1,10,LK25,"H,1,10,V25","9,5,75","PEN:H,FS,A,44,V30,N",PENALTY HD false start (J. Kruse) 5 yards to the LK30.,"H,1,15,V30",penalty,NA,0,0,17,NA,0,NA,9,H,HD,"PUNT,2,04:34,63","FUMB,2,00:53,86",8,23,3:41,PUNT,2,04:34,LK37,FUMB,2,00:53,LK14,1
2021_11_LK_HD,LK,HD,Leipzig Kings,Hamburg Sea Devils,8/29/2021,Hamburg,Stadion Hoheluft,15:00,17:55,Y,02:55,1625,19,SW,Rainy,Denker,Kattillus,Haltermann,Jurzyk,Hoffmann,Christensen,Berger,Berger,HD,1,15,LK30,"H,1,15,V30","9,6,76","PASS:1,I,80,*",S. Ceesay pass incomplete to D. Arboleda.,"H,2,15,V30",pass,NA,0,0,17,NA,0,NA,9,H,HD,"PUNT,2,04:34,63","FUMB,2,00:53,86",8,23,3:41,PUNT,2,04:34,LK37,FUMB,2,00:53,LK14,1
2021_11_LK_HD,LK,HD,Leipzig Kings,Hamburg Sea Devils,8/29/2021,Hamburg,Stadion Hoheluft,15:00,17:55,Y,02:55,1625,19,SW,Rainy,Denker,Kattillus,Haltermann,Jurzyk,Hoffmann,Christensen,Berger,Berger,HD,2,15,LK30,"H,2,15,V30","9,7,77","RUSH:1,V23, TACK:40",S. Ceesay rush for 7 yards to the LK23 (O. Rohnebak).,"H,3,8,V23",rush,NA,0,0,17,NA,0,NA,9,H,HD,"PUNT,2,04:34,63","FUMB,2,00:53,86",8,23,3:41,PUNT,2,04:34,LK37,FUMB,2,00:53,LK14,1
2021_11_LK_HD,LK,HD,Leipzig Kings,Hamburg Sea Devils,8/29/2021,Hamburg,Stadion Hoheluft,15:00,17:55,Y,02:55,1625,19,SW,Rainy,Denker,Kattillus,Haltermann,Jurzyk,Hoffmann,Christensen,Berger,Berger,HD,3,8,LK23,"H,3,8,V23","9,8,79","PASS:1,X,4,V00 RET:4,V00 TB: PEN:V,FS,A,99,V18,N NOPLAY:","S. Ceesay pass intercepted by R. Henrique at the LK0, R. Henrique return to the LK0, touchback, PENALTY LK false start (V. Buffet) 5 yards to the LK18, NO PLAY.","H,3,3,V18",penalty,NA,0,0,17,NA,0,NA,9,H,HD,"PUNT,2,04:34,63","FUMB,2,00:53,86",8,23,3:41,PUNT,2,04:34,LK37,FUMB,2,00:53,LK14,1
2021_11_LK_HD,LK,HD,Leipzig Kings,Hamburg Sea Devils,8/29/2021,Hamburg,Stadion Hoheluft,15:00,17:55,Y,02:55,1625,19,SW,Rainy,Denker,Kattillus,Haltermann,Jurzyk,Hoffmann,Christensen,Berger,Berger,HD,3,3,LK18,"H,3,3,V18","9,9,80","RUSH:34,V14, TACK:40,8","J. Ampaw rush for 4 yards to the LK14, 1ST DOWN HD (O. Rohnebak;A. Jalloh).","H,1,10,V14",rush,rush,0,0,17,NA,0,NA,9,H,HD,"PUNT,2,04:34,63","FUMB,2,00:53,86",8,23,3:41,PUNT,2,04:34,LK37,FUMB,2,00:53,LK14,1
2021_11_LK_HD,LK,HD,Leipzig Kings,Hamburg Sea Devils,8/29/2021,Hamburg,Stadion Hoheluft,15:00,17:55,Y,02:55,1625,19,SW,Rainy,Denker,Kattillus,Haltermann,Jurzyk,Hoffmann,Christensen,Berger,Berger,HD,1,10,LK14,"H,1,10,V14","9,10,81","RUSH:34,V13, TACK:45",J. Ampaw rush for 1 yard to the LK13 (K. Kitchens).,"H,2,9,V13",rush,NA,0,0,17,NA,0,NA,9,H,HD,"PUNT,2,04:34,63","FUMB,2,00:53,86",8,23,3:41,PUNT,2,04:34,LK37,FUMB,2,00:53,LK14,1
2021_11_LK_HD,LK,HD,Leipzig Kings,Hamburg Sea Devils,8/29/2021,Hamburg,Stadion Hoheluft,15:00,17:55,Y,02:55,1625,19,SW,Rainy,Denker,Kattillus,Haltermann,Jurzyk,Hoffmann,Christensen,Berger,Berger,HD,2,9,LK13,"H,2,9,V13","9,11,82","PASS:1,F,TM,V14 FUMB:V,V14,56","S. Ceesay sacked for loss of 1 yard to the LK14, fumble by TEAM recovered by LK L. Leota at LK14.","V,1,10,V14",pass,NA,0,0,17,NA,0,F,9,H,HD,"PUNT,2,04:34,63","FUMB,2,00:53,86",8,23,3:41,PUNT,2,04:34,LK37,FUMB,2,00:53,LK14,1
2021_11_LK_HD,LK,HD,Leipzig Kings,Hamburg Sea Devils,8/29/2021,Hamburg,Stadion Hoheluft,15:00,17:55,Y,02:55,1625,19,SW,Rainy,Denker,Kattillus,Haltermann,Jurzyk,Hoffmann,Christensen,Berger,Berger,LK,1,10,LK14,"V,1,10,V14","10,1,84",{DRIVE}:00:53,LEIPZIG KINGS drive start at 00:53.,"V,1,10,V14",NA,NA,0,0,17,00:53,0,NA,10,V,LK,"FUMB,2,00:53,14","HALF,2,00:00,17",4,3,0:53,FUMB,2,00:53,LK14,HALF,2,00:00,LK17,NA
2021_11_LK_HD,LK,HD,Leipzig Kings,Hamburg Sea Devils,8/29/2021,Hamburg,Stadion Hoheluft,15:00,17:55,Y,02:55,1625,19,SW,Rainy,Denker,Kattillus,Haltermann,Jurzyk,Hoffmann,Christensen,Berger,Berger,LK,1,10,LK14,"V,1,10,V14","10,2,85","PASS:3,C,11,V21 TACK:28",M. Birdsong pass complete to A. Dable-Wolf for 7 yards to the LK21 (B. Maruschke).,"V,2,3,V21",pass,NA,0,0,17,NA,0,NA,10,V,LK,"FUMB,2,00:53,14","HALF,2,00:00,17",4,3,0:53,FUMB,2,00:53,LK14,HALF,2,00:00,LK17,NA
2021_11_LK_HD,LK,HD,Leipzig Kings,Hamburg Sea Devils,8/29/2021,Hamburg,Stadion Hoheluft,15:00,17:55,Y,02:55,1625,19,SW,Rainy,Denker,Kattillus,Haltermann,Jurzyk,Hoffmann,Christensen,Berger,Berger,LK,2,3,LK21,"V,2,3,V21","10,3,86","PASS:3,S,TM,V12 SACK:53,57",M. Birdsong sacked for loss of 9 yards to the LK12 (F. Filipovic;D. Laporte).,"V,3,12,V12",pass,NA,0,0,17,NA,0,NA,10,V,LK,"FUMB,2,00:53,14","HALF,2,00:00,17",4,3,0:53,FUMB,2,00:53,LK14,HALF,2,00:00,LK17,NA
2021_11_LK_HD,LK,HD,Leipzig Kings,Hamburg Sea Devils,8/29/2021,Hamburg,Stadion Hoheluft,15:00,17:55,Y,02:55,1625,19,SW,Rainy,Denker,Kattillus,Haltermann,Jurzyk,Hoffmann,Christensen,Berger,Berger,LK,3,12,LK12,"V,3,12,V12","10,4,87",TOUT:V T:00:21,"Timeout Leipzig Kings, clock 00:21.","V,3,12,V12",NA,NA,0,0,17,00:21,0,NA,10,V,LK,"FUMB,2,00:53,14","HALF,2,00:00,17",4,3,0:53,FUMB,2,00:53,LK14,HALF,2,00:00,LK17,NA
2021_11_LK_HD,LK,HD,Leipzig Kings,Hamburg Sea Devils,8/29/2021,Hamburg,Stadion Hoheluft,15:00,17:55,Y,02:55,1625,19,SW,Rainy,Denker,Kattillus,Haltermann,Jurzyk,Hoffmann,Christensen,Berger,Berger,LK,3,12,LK12,"V,3,12,V12","10,5,88","RUSH:85,V27, TACK:28,31","A.Doroshev rush for 15 yards to the LK27, 1ST DOWN LK (B. Maruschke;J.Juurlink).","V,1,10,V27",rush,rush,0,0,17,NA,0,NA,10,V,LK,"FUMB,2,00:53,14","HALF,2,00:00,17",4,3,0:53,FUMB,2,00:53,LK14,HALF,2,00:00,LK17,NA
2021_11_LK_HD,LK,HD,Leipzig Kings,Hamburg Sea Devils,8/29/2021,Hamburg,Stadion Hoheluft,15:00,17:55,Y,02:55,1625,19,SW,Rainy,Denker,Kattillus,Haltermann,Jurzyk,Hoffmann,Christensen,Berger,Berger,LK,1,10,LK27,"V,1,10,V27","10,6,89",TOUT:V T:00:12,"Timeout Leipzig Kings, clock 00:12.","V,1,10,V27",NA,NA,0,0,17,00:12,0,NA,10,V,LK,"FUMB,2,00:53,14","HALF,2,00:00,17",4,3,0:53,FUMB,2,00:53,LK14,HALF,2,00:00,LK17,NA
2021_11_LK_HD,LK,HD,Leipzig Kings,Hamburg Sea Devils,8/29/2021,Hamburg,Stadion Hoheluft,15:00,17:55,Y,02:55,1625,19,SW,Rainy,Denker,Kattillus,Haltermann,Jurzyk,Hoffmann,Christensen,Berger,Berger,LK,1,10,LK27,"V,1,10,V27","10,7,90","PASS:3,C,84,V42 OB: PEN:V,FM,A,70,V17,N NOPLAY:","M. Birdsong pass complete to Y. Omi for 15 yards to the LK42, out-of-bounds, PENALTY LK face mask (S. Baafi) 10 yards to the LK17, NO PLAY.","V,1,20,V17",penalty,NA,0,0,17,NA,1,NA,10,V,LK,"FUMB,2,00:53,14","HALF,2,00:00,17",4,3,0:53,FUMB,2,00:53,LK14,HALF,2,00:00,LK17,NA
2021_11_LK_HD,LK,HD,Leipzig Kings,Hamburg Sea Devils,8/29/2021,Hamburg,Stadion Hoheluft,15:00,17:55,Y,02:55,1625,19,SW,Rainy,Denker,Kattillus,Haltermann,Jurzyk,Hoffmann,Christensen,Berger,Berger,LK,1,20,LK17,"V,1,20,V17","10,8,91","RUSH:3,V17,",M. Birdsong rush for no gain to the LK17.,"V,2,20,V17",rush,NA,0,0,17,NA,0,NA,10,V,LK,"FUMB,2,00:53,14","HALF,2,00:00,17",4,3,0:53,FUMB,2,00:53,LK14,HALF,2,00:00,LK17,NA
2021_11_LK_HD,LK,HD,Leipzig Kings,Hamburg Sea Devils,8/29/2021,Hamburg,Stadion Hoheluft,15:00,17:55,Y,02:55,1625,19,SW,Rainy,Denker,Kattillus,Haltermann,Jurzyk,Hoffmann,Christensen,Berger,Berger,LK,2,20,LK17,"V,2,20,V17","10,9,92",HALF: T:00:00,"End of half, clock 00:00.","V,2,20,V17",NA,NA,0,0,17,00:00,0,NA,10,V,LK,"FUMB,2,00:53,14","HALF,2,00:00,17",4,3,0:53,FUMB,2,00:53,LK14,HALF,2,00:00,LK17,NA
2021_11_LK_HD,LK,HD,Leipzig Kings,Hamburg Sea Devils,8/29/2021,Hamburg,Stadion Hoheluft,15:00,17:55,Y,02:55,1625,19,SW,Rainy,Denker,Kattillus,Haltermann,Jurzyk,Hoffmann,Christensen,Berger,Berger,LK,2,20,LK17,"V,2,20,V17","10,10,93","Q:3 T:15:00 SPOT:H,H35,N","Start of 3rd quarter, clock 15:00, HD ball on HD35.","H,2,20,H35",NA,NA,0,0,17,15:00,0,NA,10,V,LK,"FUMB,2,00:53,14","HALF,2,00:00,17",4,3,0:53,FUMB,2,00:53,LK14,HALF,2,00:00,LK17,NA
2021_11_LK_HD,LK,HD,Leipzig Kings,Hamburg Sea Devils,8/29/2021,Hamburg,Stadion Hoheluft,15:00,17:55,Y,02:55,1625,19,SW,Rainy,Denker,Kattillus,Haltermann,Jurzyk,Hoffmann,Christensen,Berger,Berger,HD,2,20,HD35,"H,2,20,H35","10,11,94","KO:4,V00 TB:","P. Andersen kickoff 65 yards to the LK0, touchback.","V,1,10,V25",kick_off,NA,0,0,17,NA,0,NA,10,V,LK,"FUMB,2,00:53,14","HALF,2,00:00,17",4,3,0:53,FUMB,2,00:53,LK14,HALF,2,00:00,LK17,NA
2021_11_LK_HD,LK,HD,Leipzig Kings,Hamburg Sea Devils,8/29/2021,Hamburg,Stadion Hoheluft,15:00,17:55,Y,02:55,1625,19,SW,Rainy,Denker,Kattillus,Haltermann,Jurzyk,Hoffmann,Christensen,Berger,Berger,LK,1,10,LK25,"V,1,10,V25","11,1,95",{DRIVE}:15:00,LEIPZIG KINGS drive start at 15:00.,"V,1,10,V25",NA,NA,0,0,17,15:00,0,NA,11,V,LK,"KO,3,15:00,25","PUNT,3,11:35,43",5,18,3:25,KO,3,15:00,LK25,PUNT,3,11:35,LK43,NA
2021_11_LK_HD,LK,HD,Leipzig Kings,Hamburg Sea Devils,8/29/2021,Hamburg,Stadion Hoheluft,15:00,17:55,Y,02:55,1625,19,SW,Rainy,Denker,Kattillus,Haltermann,Jurzyk,Hoffmann,Christensen,Berger,Berger,LK,1,10,LK25,"V,1,10,V25","11,2,96","RUSH:12,V30, TACK:21",J. Awini rush for 5 yards to the LK30 (V. Wilson-O.).,"V,2,5,V30",rush,NA,0,0,17,NA,0,NA,11,V,LK,"KO,3,15:00,25","PUNT,3,11:35,43",5,18,3:25,KO,3,15:00,LK25,PUNT,3,11:35,LK43,NA
2021_11_LK_HD,LK,HD,Leipzig Kings,Hamburg Sea Devils,8/29/2021,Hamburg,Stadion Hoheluft,15:00,17:55,Y,02:55,1625,19,SW,Rainy,Denker,Kattillus,Haltermann,Jurzyk,Hoffmann,Christensen,Berger,Berger,LK,2,5,LK30,"V,2,5,V30","11,3,97","PASS:3,C,85,V42 TACK:31","M. Birdsong pass complete to A.Doroshev for 12 yards to the LK42, 1ST DOWN LK (J.Juurlink).","V,1,10,V42",pass,pass,0,0,17,NA,0,NA,11,V,LK,"KO,3,15:00,25","PUNT,3,11:35,43",5,18,3:25,KO,3,15:00,LK25,PUNT,3,11:35,LK43,NA
2021_11_LK_HD,LK,HD,Leipzig Kings,Hamburg Sea Devils,8/29/2021,Hamburg,Stadion Hoheluft,15:00,17:55,Y,02:55,1625,19,SW,Rainy,Denker,Kattillus,Haltermann,Jurzyk,Hoffmann,Christensen,Berger,Berger,LK,1,10,LK42,"V,1,10,V42","11,4,98","RUSH:12,V38, TACK:99,57",J. Awini rush for loss of 4 yards to the LK38 (N. Imasuen;D. Laporte).,"V,2,14,V38",rush,NA,0,0,17,NA,0,NA,11,V,LK,"KO,3,15:00,25","PUNT,3,11:35,43",5,18,3:25,KO,3,15:00,LK25,PUNT,3,11:35,LK43,NA
2021_11_LK_HD,LK,HD,Leipzig Kings,Hamburg Sea Devils,8/29/2021,Hamburg,Stadion Hoheluft,15:00,17:55,Y,02:55,1625,19,SW,Rainy,Denker,Kattillus,Haltermann,Jurzyk,Hoffmann,Christensen,Berger,Berger,LK,2,14,LK38,"V,2,14,V38","11,5,99","PASS:3,C,11,H49 TACK:31",M. Birdsong pass complete to A. Dable-Wolf for 13 yards to the HD49 (J.Juurlink).,"V,3,1,H49",pass,NA,0,0,17,NA,0,NA,11,V,LK,"KO,3,15:00,25","PUNT,3,11:35,43",5,18,3:25,KO,3,15:00,LK25,PUNT,3,11:35,LK43,NA
2021_11_LK_HD,LK,HD,Leipzig Kings,Hamburg Sea Devils,8/29/2021,Hamburg,Stadion Hoheluft,15:00,17:55,Y,02:55,1625,19,SW,Rainy,Denker,Kattillus,Haltermann,Jurzyk,Hoffmann,Christensen,Berger,Berger,LK,3,1,HD49,"V,3,1,H49","11,6,100","PASS:3,S,TM,V43 SACK:40,94",M. Birdsong sacked for loss of 8 yards to the LK43 (M. Spiegel;B. Grube).,"V,4,9,V43",pass,NA,0,0,17,NA,0,NA,11,V,LK,"KO,3,15:00,25","PUNT,3,11:35,43",5,18,3:25,KO,3,15:00,LK25,PUNT,3,11:35,LK43,NA
2021_11_LK_HD,LK,HD,Leipzig Kings,Hamburg Sea Devils,8/29/2021,Hamburg,Stadion Hoheluft,15:00,17:55,Y,02:55,1625,19,SW,Rainy,Denker,Kattillus,Haltermann,Jurzyk,Hoffmann,Christensen,Berger,Berger,LK,4,9,LK43,"V,4,9,V43","11,7,101","PUNT:1,H11 DN:","J. Templar punt 46 yards to the HD11, downed.","H,1,10,H11",punt,NA,0,0,17,NA,0,NA,11,V,LK,"KO,3,15:00,25","PUNT,3,11:35,43",5,18,3:25,KO,3,15:00,LK25,PUNT,3,11:35,LK43,NA
2021_11_LK_HD,LK,HD,Leipzig Kings,Hamburg Sea Devils,8/29/2021,Hamburg,Stadion Hoheluft,15:00,17:55,Y,02:55,1625,19,SW,Rainy,Denker,Kattillus,Haltermann,Jurzyk,Hoffmann,Christensen,Berger,Berger,HD,1,10,HD11,"H,1,10,H11","12,1,102",{DRIVE}:11:35,HAMBURG SEA DEVILS drive start at 11:35.,"H,1,10,H11",NA,NA,0,0,17,11:35,0,NA,12,H,HD,"PUNT,3,11:35,11","PUNT,3,10:17,18",3,7,1:18,PUNT,3,11:35,HD11,PUNT,3,10:17,HD18,NA
2021_11_LK_HD,LK,HD,Leipzig Kings,Hamburg Sea Devils,8/29/2021,Hamburg,Stadion Hoheluft,15:00,17:55,Y,02:55,1625,19,SW,Rainy,Denker,Kattillus,Haltermann,Jurzyk,Hoffmann,Christensen,Berger,Berger,HD,1,10,HD11,"H,1,10,H11","12,2,103","RUSH:34,H18, TACK:28,40",J. Ampaw rush for 7 yards to the HD18 (J. Dietze;O. Rohnebak).,"H,2,3,H18",rush,NA,0,0,17,NA,0,NA,12,H,HD,"PUNT,3,11:35,11","PUNT,3,10:17,18",3,7,1:18,PUNT,3,11:35,HD11,PUNT,3,10:17,HD18,NA
2021_11_LK_HD,LK,HD,Leipzig Kings,Hamburg Sea Devils,8/29/2021,Hamburg,Stadion Hoheluft,15:00,17:55,Y,02:55,1625,19,SW,Rainy,Denker,Kattillus,Haltermann,Jurzyk,Hoffmann,Christensen,Berger,Berger,HD,2,3,HD18,"H,2,3,H18","12,3,104","PASS:1,I,80,*",S. Ceesay pass incomplete to D. Arboleda.,"H,3,3,H18",pass,NA,0,0,17,NA,0,NA,12,H,HD,"PUNT,3,11:35,11","PUNT,3,10:17,18",3,7,1:18,PUNT,3,11:35,HD11,PUNT,3,10:17,HD18,NA
2021_11_LK_HD,LK,HD,Leipzig Kings,Hamburg Sea Devils,8/29/2021,Hamburg,Stadion Hoheluft,15:00,17:55,Y,02:55,1625,19,SW,Rainy,Denker,Kattillus,Haltermann,Jurzyk,Hoffmann,Christensen,Berger,Berger,HD,3,3,HD18,"H,3,3,H18","12,4,105","RUSH:1,H18, TACK:56",S. Ceesay rush for no gain to the HD18 (L. Leota).,"H,4,3,H18",rush,NA,0,0,17,NA,0,NA,12,H,HD,"PUNT,3,11:35,11","PUNT,3,10:17,18",3,7,1:18,PUNT,3,11:35,HD11,PUNT,3,10:17,HD18,NA
2021_11_LK_HD,LK,HD,Leipzig Kings,Hamburg Sea Devils,8/29/2021,Hamburg,Stadion Hoheluft,15:00,17:55,Y,02:55,1625,19,SW,Rainy,Denker,Kattillus,Haltermann,Jurzyk,Hoffmann,Christensen,Berger,Berger,HD,4,3,HD18,"H,4,3,H18","12,5,107","PUNT:4,V35 RET:8,V46 TACK:25","P. Andersen punt 47 yards to the LK35, A. Jalloh return 11 yards to the LK46 (C. Slater).","V,1,10,V46",punt,NA,0,0,17,NA,0,NA,12,H,HD,"PUNT,3,11:35,11","PUNT,3,10:17,18",3,7,1:18,PUNT,3,11:35,HD11,PUNT,3,10:17,HD18,NA
2021_11_LK_HD,LK,HD,Leipzig Kings,Hamburg Sea Devils,8/29/2021,Hamburg,Stadion Hoheluft,15:00,17:55,Y,02:55,1625,19,SW,Rainy,Denker,Kattillus,Haltermann,Jurzyk,Hoffmann,Christensen,Berger,Berger,LK,1,10,LK46,"V,1,10,V46","13,1,108",{DRIVE}:10:17,LEIPZIG KINGS drive start at 10:17.,"V,1,10,V46",NA,NA,0,0,17,10:17,0,NA,13,V,LK,"PUNT,3,10:17,46","FUMB,3,09:40,46",2,0,0:37,PUNT,3,10:17,LK46,FUMB,3,09:40,LK46,NA
2021_11_LK_HD,LK,HD,Leipzig Kings,Hamburg Sea Devils,8/29/2021,Hamburg,Stadion Hoheluft,15:00,17:55,Y,02:55,1625,19,SW,Rainy,Denker,Kattillus,Haltermann,Jurzyk,Hoffmann,Christensen,Berger,Berger,LK,1,10,LK46,"V,1,10,V46","13,2,109","RUSH:12,H49, TACK:98",J. Awini rush for 5 yards to the HD49 (H. Awuah).,"V,2,5,H49",rush,NA,0,0,17,NA,0,NA,13,V,LK,"PUNT,3,10:17,46","FUMB,3,09:40,46",2,0,0:37,PUNT,3,10:17,LK46,FUMB,3,09:40,LK46,NA
2021_11_LK_HD,LK,HD,Leipzig Kings,Hamburg Sea Devils,8/29/2021,Hamburg,Stadion Hoheluft,15:00,17:55,Y,02:55,1625,19,SW,Rainy,Denker,Kattillus,Haltermann,Jurzyk,Hoffmann,Christensen,Berger,Berger,LK,2,5,HD49,"V,2,5,H49","13,3,110","RUSH:3,V46, FUMB:H,V46,99","M. Birdsong rush for loss of 5 yards to the LK46, fumble by M. Birdsong recovered by HD N. Imasuen at LK46.","H,1,10,V46",rush,NA,0,0,17,NA,0,F,13,V,LK,"PUNT,3,10:17,46","FUMB,3,09:40,46",2,0,0:37,PUNT,3,10:17,LK46,FUMB,3,09:40,LK46,NA
2021_11_LK_HD,LK,HD,Leipzig Kings,Hamburg Sea Devils,8/29/2021,Hamburg,Stadion Hoheluft,15:00,17:55,Y,02:55,1625,19,SW,Rainy,Denker,Kattillus,Haltermann,Jurzyk,Hoffmann,Christensen,Berger,Berger,HD,1,10,LK46,"H,1,10,V46","14,1,111",{DRIVE}:09:40,HAMBURG SEA DEVILS drive start at 09:40.,"H,1,10,V46",NA,NA,0,0,17,09:40,0,NA,14,H,HD,"FUMB,3,09:40,54","FGA,3,05:32,72",6,18,4:08,FUMB,3,09:40,LK46,FGA,3,05:32,LK28,NA
2021_11_LK_HD,LK,HD,Leipzig Kings,Hamburg Sea Devils,8/29/2021,Hamburg,Stadion Hoheluft,15:00,17:55,Y,02:55,1625,19,SW,Rainy,Denker,Kattillus,Haltermann,Jurzyk,Hoffmann,Christensen,Berger,Berger,HD,1,10,LK46,"H,1,10,V46","14,2,112","PEN:H,DG,A,1,H49,N",PENALTY HD delay of game (S. Ceesay) 5 yards to the HD49.,"H,1,15,H49",penalty,NA,0,0,17,NA,0,NA,14,H,HD,"FUMB,3,09:40,54","FGA,3,05:32,72",6,18,4:08,FUMB,3,09:40,LK46,FGA,3,05:32,LK28,NA
2021_11_LK_HD,LK,HD,Leipzig Kings,Hamburg Sea Devils,8/29/2021,Hamburg,Stadion Hoheluft,15:00,17:55,Y,02:55,1625,19,SW,Rainy,Denker,Kattillus,Haltermann,Jurzyk,Hoffmann,Christensen,Berger,Berger,HD,1,15,HD49,"H,1,15,H49","14,3,113","RUSH:26,V44, TACK:28",S. Homadi rush for 7 yards to the LK44 (J. Dietze).,"H,2,8,V44",rush,NA,0,0,17,NA,0,NA,14,H,HD,"FUMB,3,09:40,54","FGA,3,05:32,72",6,18,4:08,FUMB,3,09:40,LK46,FGA,3,05:32,LK28,NA
2021_11_LK_HD,LK,HD,Leipzig Kings,Hamburg Sea Devils,8/29/2021,Hamburg,Stadion Hoheluft,15:00,17:55,Y,02:55,1625,19,SW,Rainy,Denker,Kattillus,Haltermann,Jurzyk,Hoffmann,Christensen,Berger,Berger,HD,2,8,LK44,"H,2,8,V44","14,4,114","PASS:1,C,16,V38 TACK:21",S. Ceesay pass complete to L. Kusterer for 6 yards to the LK38 (D. Docal).,"H,3,2,V38",pass,NA,0,0,17,NA,0,NA,14,H,HD,"FUMB,3,09:40,54","FGA,3,05:32,72",6,18,4:08,FUMB,3,09:40,LK46,FGA,3,05:32,LK28,NA
2021_11_LK_HD,LK,HD,Leipzig Kings,Hamburg Sea Devils,8/29/2021,Hamburg,Stadion Hoheluft,15:00,17:55,Y,02:55,1625,19,SW,Rainy,Denker,Kattillus,Haltermann,Jurzyk,Hoffmann,Christensen,Berger,Berger,HD,3,2,LK38,"H,3,2,V38","14,5,115","PEN:V,OD,A,45,V33,1","PENALTY LK offside defense (K. Kitchens) 5 yards to the LK33, 1ST DOWN HD.","H,1,10,V33",penalty,penalty,0,0,17,NA,0,NA,14,H,HD,"FUMB,3,09:40,54","FGA,3,05:32,72",6,18,4:08,FUMB,3,09:40,LK46,FGA,3,05:32,LK28,NA
2021_11_LK_HD,LK,HD,Leipzig Kings,Hamburg Sea Devils,8/29/2021,Hamburg,Stadion Hoheluft,15:00,17:55,Y,02:55,1625,19,SW,Rainy,Denker,Kattillus,Haltermann,Jurzyk,Hoffmann,Christensen,Berger,Berger,HD,1,10,LK33,"H,1,10,V33","14,6,116","RUSH:1,V33, TACK:45",S. Ceesay rush for no gain to the LK33 (K. Kitchens).,"H,2,10,V33",rush,NA,0,0,17,NA,0,NA,14,H,HD,"FUMB,3,09:40,54","FGA,3,05:32,72",6,18,4:08,FUMB,3,09:40,LK46,FGA,3,05:32,LK28,NA
2021_11_LK_HD,LK,HD,Leipzig Kings,Hamburg Sea Devils,8/29/2021,Hamburg,Stadion Hoheluft,15:00,17:55,Y,02:55,1625,19,SW,Rainy,Denker,Kattillus,Haltermann,Jurzyk,Hoffmann,Christensen,Berger,Berger,HD,2,10,LK33,"H,2,10,V33","14,7,117","RUSH:26,V28, TACK:45",S. Homadi rush for 5 yards to the LK28 (K. Kitchens).,"H,3,5,V28",rush,NA,0,0,17,NA,0,NA,14,H,HD,"FUMB,3,09:40,54","FGA,3,05:32,72",6,18,4:08,FUMB,3,09:40,LK46,FGA,3,05:32,LK28,NA
2021_11_LK_HD,LK,HD,Leipzig Kings,Hamburg Sea Devils,8/29/2021,Hamburg,Stadion Hoheluft,15:00,17:55,Y,02:55,1625,19,SW,Rainy,Denker,Kattillus,Haltermann,Jurzyk,Hoffmann,Christensen,Berger,Berger,HD,3,5,LK28,"H,3,5,V28","14,8,118","PASS:1,C,89,V28 TACK:8,21",S. Ceesay pass complete to L. Rehder for no gain to the LK28 (A. Jalloh;D. Docal).,"H,4,5,V28",pass,NA,0,0,17,NA,0,NA,14,H,HD,"FUMB,3,09:40,54","FGA,3,05:32,72",6,18,4:08,FUMB,3,09:40,LK46,FGA,3,05:32,LK28,NA
2021_11_LK_HD,LK,HD,Leipzig Kings,Hamburg Sea Devils,8/29/2021,Hamburg,Stadion Hoheluft,15:00,17:55,Y,02:55,1625,19,SW,Rainy,Denker,Kattillus,Haltermann,Jurzyk,Hoffmann,Christensen,Berger,Berger,HD,4,5,LK28,"H,4,5,V28","14,9,119","FGA:4,46,M,V36,L T:05:32","P. Andersen field goal attempt from 46 MISSED - wide left, spot at LK36, clock 05:32.","V,1,10,V36",field_goal,NA,0,0,17,05:32,0,NA,14,H,HD,"FUMB,3,09:40,54","FGA,3,05:32,72",6,18,4:08,FUMB,3,09:40,LK46,FGA,3,05:32,LK28,NA
2021_11_LK_HD,LK,HD,Leipzig Kings,Hamburg Sea Devils,8/29/2021,Hamburg,Stadion Hoheluft,15:00,17:55,Y,02:55,1625,19,SW,Rainy,Denker,Kattillus,Haltermann,Jurzyk,Hoffmann,Christensen,Berger,Berger,LK,1,10,LK36,"V,1,10,V36","15,1,120",{DRIVE}:05:32,LEIPZIG KINGS drive start at 05:32.,"V,1,10,V36",NA,NA,0,0,17,05:32,0,NA,15,V,LK,"FGA,3,05:32,36","TD,3,03:17,100",4,64,2:15,FGA,3,05:32,LK36,TD,3,03:17,HD00,NA
2021_11_LK_HD,LK,HD,Leipzig Kings,Hamburg Sea Devils,8/29/2021,Hamburg,Stadion Hoheluft,15:00,17:55,Y,02:55,1625,19,SW,Rainy,Denker,Kattillus,Haltermann,Jurzyk,Hoffmann,Christensen,Berger,Berger,LK,1,10,LK36,"V,1,10,V36","15,2,121","RUSH:12,H38, TACK:31,27","J. Awini rush for 26 yards to the HD38, 1ST DOWN LK (J.Juurlink;L. Mueller).","V,1,10,H38",rush,rush,0,0,17,NA,0,NA,15,V,LK,"FGA,3,05:32,36","TD,3,03:17,100",4,64,2:15,FGA,3,05:32,LK36,TD,3,03:17,HD00,NA
2021_11_LK_HD,LK,HD,Leipzig Kings,Hamburg Sea Devils,8/29/2021,Hamburg,Stadion Hoheluft,15:00,17:55,Y,02:55,1625,19,SW,Rainy,Denker,Kattillus,Haltermann,Jurzyk,Hoffmann,Christensen,Berger,Berger,LK,1,10,HD38,"V,1,10,H38","15,3,122","PASS:3,C,12,H27 TACK:21","M. Birdsong pass complete to J. Awini for 11 yards to the HD27, 1ST DOWN LK (V. Wilson-O.).","V,1,10,H27",pass,pass,0,0,17,NA,0,NA,15,V,LK,"FGA,3,05:32,36","TD,3,03:17,100",4,64,2:15,FGA,3,05:32,LK36,TD,3,03:17,HD00,NA
2021_11_LK_HD,LK,HD,Leipzig Kings,Hamburg Sea Devils,8/29/2021,Hamburg,Stadion Hoheluft,15:00,17:55,Y,02:55,1625,19,SW,Rainy,Denker,Kattillus,Haltermann,Jurzyk,Hoffmann,Christensen,Berger,Berger,LK,1,10,HD27,"V,1,10,H27","15,4,123","RUSH:12,H24, TACK:40,21",J. Awini rush for 3 yards to the HD24 (M. Spiegel;V. Wilson-O.).,"V,2,7,H24",rush,NA,0,0,17,NA,0,NA,15,V,LK,"FGA,3,05:32,36","TD,3,03:17,100",4,64,2:15,FGA,3,05:32,LK36,TD,3,03:17,HD00,NA
2021_11_LK_HD,LK,HD,Leipzig Kings,Hamburg Sea Devils,8/29/2021,Hamburg,Stadion Hoheluft,15:00,17:55,Y,02:55,1625,19,SW,Rainy,Denker,Kattillus,Haltermann,Jurzyk,Hoffmann,Christensen,Berger,Berger,LK,2,7,HD24,"V,2,7,H24","15,5,124",TOUT:H T:03:37,"Timeout Hamburg Sea Devils, clock 03:37.","V,2,7,H24",NA,NA,0,0,17,03:37,0,NA,15,V,LK,"FGA,3,05:32,36","TD,3,03:17,100",4,64,2:15,FGA,3,05:32,LK36,TD,3,03:17,HD00,NA
2021_11_LK_HD,LK,HD,Leipzig Kings,Hamburg Sea Devils,8/29/2021,Hamburg,Stadion Hoheluft,15:00,17:55,Y,02:55,1625,19,SW,Rainy,Denker,Kattillus,Haltermann,Jurzyk,Hoffmann,Christensen,Berger,Berger,LK,2,7,HD24,"V,2,7,H24","15,6,125","RUSH:8,H00, T:03:17 PAT:K,18,M","A. Jalloh rush for 24 yards to the HD0, 1ST DOWN LK, TOUCHDOWN, clock 03:17, M. Ulbrich kick attempt failed.","V,1,0,V35",pat,rush,1,6,17,03:17,0,NA,15,V,LK,"FGA,3,05:32,36","TD,3,03:17,100",4,64,2:15,FGA,3,05:32,LK36,TD,3,03:17,HD00,NA
2021_11_LK_HD,LK,HD,Leipzig Kings,Hamburg Sea Devils,8/29/2021,Hamburg,Stadion Hoheluft,15:00,17:55,Y,02:55,1625,19,SW,Rainy,Denker,Kattillus,Haltermann,Jurzyk,Hoffmann,Christensen,Berger,Berger,LK,1,0,LK35,"V,1,0,V35","15,7,126","KO:18,H00 TB:","M. Ulbrich kickoff 65 yards to the HD0, touchback.","H,1,10,H25",kick_off,NA,0,6,17,NA,0,NA,15,V,LK,"FGA,3,05:32,36","TD,3,03:17,100",4,64,2:15,FGA,3,05:32,LK36,TD,3,03:17,HD00,NA
2021_11_LK_HD,LK,HD,Leipzig Kings,Hamburg Sea Devils,8/29/2021,Hamburg,Stadion Hoheluft,15:00,17:55,Y,02:55,1625,19,SW,Rainy,Denker,Kattillus,Haltermann,Jurzyk,Hoffmann,Christensen,Berger,Berger,HD,1,10,HD25,"H,1,10,H25","16,1,127",{DRIVE}:03:19,HAMBURG SEA DEVILS drive start at 03:19.,"H,1,10,H25",NA,NA,0,6,17,03:19,0,NA,16,H,HD,"KO,3,03:19,25","PUNT,3,01:20,28",3,3,1:59,KO,3,03:19,HD25,PUNT,3,01:20,HD28,NA
2021_11_LK_HD,LK,HD,Leipzig Kings,Hamburg Sea Devils,8/29/2021,Hamburg,Stadion Hoheluft,15:00,17:55,Y,02:55,1625,19,SW,Rainy,Denker,Kattillus,Haltermann,Jurzyk,Hoffmann,Christensen,Berger,Berger,HD,1,10,HD25,"H,1,10,H25","16,2,128","PASS:1,C,85,H49 TACK:28 PEN:H,BL,A,78,H15,N NOPLAY:","S. Ceesay pass complete to M. Donalies for 24 yards to the HD49 (J. Dietze), PENALTY HD illegal block (I. Maragos) 10 yards to the HD15, NO PLAY.","H,1,20,H15",penalty,NA,0,6,17,NA,0,NA,16,H,HD,"KO,3,03:19,25","PUNT,3,01:20,28",3,3,1:59,KO,3,03:19,HD25,PUNT,3,01:20,HD28,NA
2021_11_LK_HD,LK,HD,Leipzig Kings,Hamburg Sea Devils,8/29/2021,Hamburg,Stadion Hoheluft,15:00,17:55,Y,02:55,1625,19,SW,Rainy,Denker,Kattillus,Haltermann,Jurzyk,Hoffmann,Christensen,Berger,Berger,HD,1,20,HD15,"H,1,20,H15","16,3,129","RUSH:1,H31, TACK:28",S. Ceesay rush for 16 yards to the HD31 (J. Dietze).,"H,2,4,H31",rush,NA,0,6,17,NA,0,NA,16,H,HD,"KO,3,03:19,25","PUNT,3,01:20,28",3,3,1:59,KO,3,03:19,HD25,PUNT,3,01:20,HD28,NA
2021_11_LK_HD,LK,HD,Leipzig Kings,Hamburg Sea Devils,8/29/2021,Hamburg,Stadion Hoheluft,15:00,17:55,Y,02:55,1625,19,SW,Rainy,Denker,Kattillus,Haltermann,Jurzyk,Hoffmann,Christensen,Berger,Berger,HD,2,4,HD31,"H,2,4,H31","16,4,130","RUSH:32,H28, TACK:56",J. Hummel rush for loss of 3 yards to the HD28 (L. Leota).,"H,3,7,H28",rush,NA,0,6,17,NA,0,NA,16,H,HD,"KO,3,03:19,25","PUNT,3,01:20,28",3,3,1:59,KO,3,03:19,HD25,PUNT,3,01:20,HD28,NA
2021_11_LK_HD,LK,HD,Leipzig Kings,Hamburg Sea Devils,8/29/2021,Hamburg,Stadion Hoheluft,15:00,17:55,Y,02:55,1625,19,SW,Rainy,Denker,Kattillus,Haltermann,Jurzyk,Hoffmann,Christensen,Berger,Berger,HD,3,7,HD28,"H,3,7,H28","16,5,131",TOUT:H T:01:28,"Timeout Hamburg Sea Devils, clock 01:28.","H,3,7,H28",NA,NA,0,6,17,01:28,0,NA,16,H,HD,"KO,3,03:19,25","PUNT,3,01:20,28",3,3,1:59,KO,3,03:19,HD25,PUNT,3,01:20,HD28,NA
2021_11_LK_HD,LK,HD,Leipzig Kings,Hamburg Sea Devils,8/29/2021,Hamburg,Stadion Hoheluft,15:00,17:55,Y,02:55,1625,19,SW,Rainy,Denker,Kattillus,Haltermann,Jurzyk,Hoffmann,Christensen,Berger,Berger,HD,3,7,HD28,"H,3,7,H28","16,6,132","PASS:1,I,89,* BRUP:4",S. Ceesay pass incomplete to L. Rehder (R. Henrique).,"H,4,7,H28",pass,NA,0,6,17,NA,0,NA,16,H,HD,"KO,3,03:19,25","PUNT,3,01:20,28",3,3,1:59,KO,3,03:19,HD25,PUNT,3,01:20,HD28,NA
2021_11_LK_HD,LK,HD,Leipzig Kings,Hamburg Sea Devils,8/29/2021,Hamburg,Stadion Hoheluft,15:00,17:55,Y,02:55,1625,19,SW,Rainy,Denker,Kattillus,Haltermann,Jurzyk,Hoffmann,Christensen,Berger,Berger,HD,4,7,HD28,"H,4,7,H28","16,7,133","PUNT:4,V31 RET:8,V33 PEN:H,FM,A,46,V48,N D:1,10 SPOT:V,V48,Y","P. Andersen punt 41 yards to the LK31, A. Jalloh return 2 yards to the LK33, PENALTY HD face mask (D.Rotaermel) 15 yards to the LK48, 1st and 10, LK ball on LK48.","V,1,10,V48",punt,NA,0,6,17,NA,0,NA,16,H,HD,"KO,3,03:19,25","PUNT,3,01:20,28",3,3,1:59,KO,3,03:19,HD25,PUNT,3,01:20,HD28,NA
2021_11_LK_HD,LK,HD,Leipzig Kings,Hamburg Sea Devils,8/29/2021,Hamburg,Stadion Hoheluft,15:00,17:55,Y,02:55,1625,19,SW,Rainy,Denker,Kattillus,Haltermann,Jurzyk,Hoffmann,Christensen,Berger,Berger,LK,1,10,LK48,"V,1,10,V48","17,1,134",{DRIVE}:01:20,LEIPZIG KINGS drive start at 01:20.,"V,1,10,V48",NA,NA,0,6,17,01:20,0,NA,17,V,LK,"PUNT,3,01:20,58","TD,4,12:10,100",8,42,4:10,PUNT,3,01:20,HD42,TD,4,12:10,HD00,1
2021_11_LK_HD,LK,HD,Leipzig Kings,Hamburg Sea Devils,8/29/2021,Hamburg,Stadion Hoheluft,15:00,17:55,Y,02:55,1625,19,SW,Rainy,Denker,Kattillus,Haltermann,Jurzyk,Hoffmann,Christensen,Berger,Berger,LK,1,10,LK48,"V,1,10,V48","17,2,135","RUSH:12,H46, TACK:57",J. Awini rush for 6 yards to the HD46 (D. Laporte).,"V,2,4,H46",rush,NA,0,6,17,NA,0,NA,17,V,LK,"PUNT,3,01:20,58","TD,4,12:10,100",8,42,4:10,PUNT,3,01:20,HD42,TD,4,12:10,HD00,1
2021_11_LK_HD,LK,HD,Leipzig Kings,Hamburg Sea Devils,8/29/2021,Hamburg,Stadion Hoheluft,15:00,17:55,Y,02:55,1625,19,SW,Rainy,Denker,Kattillus,Haltermann,Jurzyk,Hoffmann,Christensen,Berger,Berger,LK,2,4,HD46,"V,2,4,H46","17,3,136","RUSH:12,H43, TACK:28",J. Awini rush for 3 yards to the HD43 (B. Maruschke).,"V,3,1,H43",rush,NA,0,6,17,NA,0,NA,17,V,LK,"PUNT,3,01:20,58","TD,4,12:10,100",8,42,4:10,PUNT,3,01:20,HD42,TD,4,12:10,HD00,1
2021_11_LK_HD,LK,HD,Leipzig Kings,Hamburg Sea Devils,8/29/2021,Hamburg,Stadion Hoheluft,15:00,17:55,Y,02:55,1625,19,SW,Rainy,Denker,Kattillus,Haltermann,Jurzyk,Hoffmann,Christensen,Berger,Berger,LK,3,1,HD43,"V,3,1,H43","17,4,137",Q:4 T:15:00,"Start of 4th quarter, clock 15:00.","V,3,1,H43",NA,NA,0,6,17,15:00,0,NA,17,V,LK,"PUNT,3,01:20,58","TD,4,12:10,100",8,42,4:10,PUNT,3,01:20,HD42,TD,4,12:10,HD00,1
2021_11_LK_HD,LK,HD,Leipzig Kings,Hamburg Sea Devils,8/29/2021,Hamburg,Stadion Hoheluft,15:00,17:55,Y,02:55,1625,19,SW,Rainy,Denker,Kattillus,Haltermann,Jurzyk,Hoffmann,Christensen,Berger,Berger,LK,3,1,HD43,"V,3,1,H43","17,5,138","SPOT:V,H42,Y",LK ball on HD42.,"V,3,1,H42",NA,NA,0,6,17,NA,0,NA,17,V,LK,"PUNT,3,01:20,58","TD,4,12:10,100",8,42,4:10,PUNT,3,01:20,HD42,TD,4,12:10,HD00,1
2021_11_LK_HD,LK,HD,Leipzig Kings,Hamburg Sea Devils,8/29/2021,Hamburg,Stadion Hoheluft,15:00,17:55,Y,02:55,1625,19,SW,Rainy,Denker,Kattillus,Haltermann,Jurzyk,Hoffmann,Christensen,Berger,Berger,LK,3,1,HD42,"V,3,1,H42","17,6,139","PASS:3,C,1,H30 TACK:40","M. Birdsong pass complete to J. Templar for 12 yards to the HD30, 1ST DOWN LK (M. Spiegel).","V,1,10,H30",pass,pass,0,6,17,NA,0,NA,17,V,LK,"PUNT,3,01:20,58","TD,4,12:10,100",8,42,4:10,PUNT,3,01:20,HD42,TD,4,12:10,HD00,1
2021_11_LK_HD,LK,HD,Leipzig Kings,Hamburg Sea Devils,8/29/2021,Hamburg,Stadion Hoheluft,15:00,17:55,Y,02:55,1625,19,SW,Rainy,Denker,Kattillus,Haltermann,Jurzyk,Hoffmann,Christensen,Berger,Berger,LK,1,10,HD30,"V,1,10,H30","17,7,140","PASS:3,C,8,H21 TACK:27,21",M. Birdsong pass complete to A. Jalloh for 9 yards to the HD21 (L. Mueller;V. Wilson-O.).,"V,2,1,H21",pass,NA,0,6,17,NA,0,NA,17,V,LK,"PUNT,3,01:20,58","TD,4,12:10,100",8,42,4:10,PUNT,3,01:20,HD42,TD,4,12:10,HD00,1
2021_11_LK_HD,LK,HD,Leipzig Kings,Hamburg Sea Devils,8/29/2021,Hamburg,Stadion Hoheluft,15:00,17:55,Y,02:55,1625,19,SW,Rainy,Denker,Kattillus,Haltermann,Jurzyk,Hoffmann,Christensen,Berger,Berger,LK,2,1,HD21,"V,2,1,H21","17,8,141","PASS:3,B,8,* BRUP:94",M. Birdsong pass incomplete to A. Jalloh (B. Grube).,"V,3,1,H21",pass,NA,0,6,17,NA,0,NA,17,V,LK,"PUNT,3,01:20,58","TD,4,12:10,100",8,42,4:10,PUNT,3,01:20,HD42,TD,4,12:10,HD00,1
2021_11_LK_HD,LK,HD,Leipzig Kings,Hamburg Sea Devils,8/29/2021,Hamburg,Stadion Hoheluft,15:00,17:55,Y,02:55,1625,19,SW,Rainy,Denker,Kattillus,Haltermann,Jurzyk,Hoffmann,Christensen,Berger,Berger,LK,3,1,HD21,"V,3,1,H21","17,9,142","RUSH:12,H19, TACK:31","J. Awini rush for 2 yards to the HD19, 1ST DOWN LK (J.Juurlink).","V,1,10,H19",rush,rush,0,6,17,NA,0,NA,17,V,LK,"PUNT,3,01:20,58","TD,4,12:10,100",8,42,4:10,PUNT,3,01:20,HD42,TD,4,12:10,HD00,1
2021_11_LK_HD,LK,HD,Leipzig Kings,Hamburg Sea Devils,8/29/2021,Hamburg,Stadion Hoheluft,15:00,17:55,Y,02:55,1625,19,SW,Rainy,Denker,Kattillus,Haltermann,Jurzyk,Hoffmann,Christensen,Berger,Berger,LK,1,10,HD19,"V,1,10,H19","17,10,143","RUSH:12,H19, TACK:31,99",J. Awini rush for no gain to the HD19 (J.Juurlink;N. Imasuen).,"V,2,10,H19",rush,NA,0,6,17,NA,0,NA,17,V,LK,"PUNT,3,01:20,58","TD,4,12:10,100",8,42,4:10,PUNT,3,01:20,HD42,TD,4,12:10,HD00,1
2021_11_LK_HD,LK,HD,Leipzig Kings,Hamburg Sea Devils,8/29/2021,Hamburg,Stadion Hoheluft,15:00,17:55,Y,02:55,1625,19,SW,Rainy,Denker,Kattillus,Haltermann,Jurzyk,Hoffmann,Christensen,Berger,Berger,LK,2,10,HD19,"V,2,10,H19","17,11,144",TOUT:H T:12:17,"Timeout Hamburg Sea Devils, clock 12:17.","V,2,10,H19",NA,NA,0,6,17,12:17,0,NA,17,V,LK,"PUNT,3,01:20,58","TD,4,12:10,100",8,42,4:10,PUNT,3,01:20,HD42,TD,4,12:10,HD00,1
2021_11_LK_HD,LK,HD,Leipzig Kings,Hamburg Sea Devils,8/29/2021,Hamburg,Stadion Hoheluft,15:00,17:55,Y,02:55,1625,19,SW,Rainy,Denker,Kattillus,Haltermann,Jurzyk,Hoffmann,Christensen,Berger,Berger,LK,2,10,HD19,"V,2,10,H19","17,12,145","PASS:3,C,6,H00 T:12:10 PAT:P,3,M","M. Birdsong pass complete to T. Knuettel for 19 yards to the HD0, 1ST DOWN LK, TOUCHDOWN, clock 12:10, M. Birdsong pass attempt failed.","V,1,0,V35",pat,pass,1,12,17,12:10,0,NA,17,V,LK,"PUNT,3,01:20,58","TD,4,12:10,100",8,42,4:10,PUNT,3,01:20,HD42,TD,4,12:10,HD00,1
2021_11_LK_HD,LK,HD,Leipzig Kings,Hamburg Sea Devils,8/29/2021,Hamburg,Stadion Hoheluft,15:00,17:55,Y,02:55,1625,19,SW,Rainy,Denker,Kattillus,Haltermann,Jurzyk,Hoffmann,Christensen,Berger,Berger,LK,1,0,LK35,"V,1,0,V35","17,13,146","KO:18,H02 RET:82,H33 TACK:28","M. Ulbrich kickoff 63 yards to the HD2, T. Nill return 31 yards to the HD33 (J. Dietze).","H,1,10,H33",kick_off,NA,0,12,17,NA,0,NA,17,V,LK,"PUNT,3,01:20,58","TD,4,12:10,100",8,42,4:10,PUNT,3,01:20,HD42,TD,4,12:10,HD00,1
2021_11_LK_HD,LK,HD,Leipzig Kings,Hamburg Sea Devils,8/29/2021,Hamburg,Stadion Hoheluft,15:00,17:55,Y,02:55,1625,19,SW,Rainy,Denker,Kattillus,Haltermann,Jurzyk,Hoffmann,Christensen,Berger,Berger,HD,1,10,HD33,"H,1,10,H33","18,1,147",{DRIVE}:11:56,HAMBURG SEA DEVILS drive start at 11:56.,"H,1,10,H33",NA,NA,0,12,17,11:56,0,NA,18,H,HD,"KO,4,11:56,33","PUNT,4,08:25,35",5,2,3:31,KO,4,11:56,HD33,PUNT,4,08:25,HD35,NA
2021_11_LK_HD,LK,HD,Leipzig Kings,Hamburg Sea Devils,8/29/2021,Hamburg,Stadion Hoheluft,15:00,17:55,Y,02:55,1625,19,SW,Rainy,Denker,Kattillus,Haltermann,Jurzyk,Hoffmann,Christensen,Berger,Berger,HD,1,10,HD33,"H,1,10,H33","18,2,148","RUSH:34,H36, TACK:56,41",J. Ampaw rush for 3 yards to the HD36 (L. Leota;A.Dommann).,"H,2,7,H36",rush,NA,0,12,17,NA,0,NA,18,H,HD,"KO,4,11:56,33","PUNT,4,08:25,35",5,2,3:31,KO,4,11:56,HD33,PUNT,4,08:25,HD35,NA
2021_11_LK_HD,LK,HD,Leipzig Kings,Hamburg Sea Devils,8/29/2021,Hamburg,Stadion Hoheluft,15:00,17:55,Y,02:55,1625,19,SW,Rainy,Denker,Kattillus,Haltermann,Jurzyk,Hoffmann,Christensen,Berger,Berger,HD,2,7,HD36,"H,2,7,H36","18,3,149","PASS:1,C,89,H44 TACK:21,40","S. Ceesay pass complete to L. Rehder for 8 yards to the HD44, 1ST DOWN HD (D. Docal;O. Rohnebak).","H,1,10,H44",pass,pass,0,12,17,NA,0,NA,18,H,HD,"KO,4,11:56,33","PUNT,4,08:25,35",5,2,3:31,KO,4,11:56,HD33,PUNT,4,08:25,HD35,NA
2021_11_LK_HD,LK,HD,Leipzig Kings,Hamburg Sea Devils,8/29/2021,Hamburg,Stadion Hoheluft,15:00,17:55,Y,02:55,1625,19,SW,Rainy,Denker,Kattillus,Haltermann,Jurzyk,Hoffmann,Christensen,Berger,Berger,HD,1,10,HD44,"H,1,10,H44","18,4,150","RUSH:1,H46, TACK:92,56",S. Ceesay rush for 2 yards to the HD46 (A. Zetterberg;L. Leota).,"H,2,8,H46",rush,NA,0,12,17,NA,0,NA,18,H,HD,"KO,4,11:56,33","PUNT,4,08:25,35",5,2,3:31,KO,4,11:56,HD33,PUNT,4,08:25,HD35,NA
2021_11_LK_HD,LK,HD,Leipzig Kings,Hamburg Sea Devils,8/29/2021,Hamburg,Stadion Hoheluft,15:00,17:55,Y,02:55,1625,19,SW,Rainy,Denker,Kattillus,Haltermann,Jurzyk,Hoffmann,Christensen,Berger,Berger,HD,2,8,HD46,"H,2,8,H46","18,5,151","RUSH:1,H40, TACK:41",S. Ceesay rush for loss of 6 yards to the HD40 (A.Dommann).,"H,3,14,H40",rush,NA,0,12,17,NA,0,NA,18,H,HD,"KO,4,11:56,33","PUNT,4,08:25,35",5,2,3:31,KO,4,11:56,HD33,PUNT,4,08:25,HD35,NA
2021_11_LK_HD,LK,HD,Leipzig Kings,Hamburg Sea Devils,8/29/2021,Hamburg,Stadion Hoheluft,15:00,17:55,Y,02:55,1625,19,SW,Rainy,Denker,Kattillus,Haltermann,Jurzyk,Hoffmann,Christensen,Berger,Berger,HD,3,14,HD40,"H,3,14,H40","18,6,152","PEN:H,FS,A,44,H35,N",PENALTY HD false start (J. Kruse) 5 yards to the HD35.,"H,3,19,H35",penalty,NA,0,12,17,NA,0,NA,18,H,HD,"KO,4,11:56,33","PUNT,4,08:25,35",5,2,3:31,KO,4,11:56,HD33,PUNT,4,08:25,HD35,NA
2021_11_LK_HD,LK,HD,Leipzig Kings,Hamburg Sea Devils,8/29/2021,Hamburg,Stadion Hoheluft,15:00,17:55,Y,02:55,1625,19,SW,Rainy,Denker,Kattillus,Haltermann,Jurzyk,Hoffmann,Christensen,Berger,Berger,HD,3,19,HD35,"H,3,19,H35","18,7,153","PASS:1,I,80,* PEN:H,HO,D","S. Ceesay pass incomplete to D. Arboleda, PENALTY HD holding declined.","H,4,19,H35",pass,NA,0,12,17,NA,0,NA,18,H,HD,"KO,4,11:56,33","PUNT,4,08:25,35",5,2,3:31,KO,4,11:56,HD33,PUNT,4,08:25,HD35,NA
2021_11_LK_HD,LK,HD,Leipzig Kings,Hamburg Sea Devils,8/29/2021,Hamburg,Stadion Hoheluft,15:00,17:55,Y,02:55,1625,19,SW,Rainy,Denker,Kattillus,Haltermann,Jurzyk,Hoffmann,Christensen,Berger,Berger,HD,4,19,HD35,"H,4,19,H35","18,8,154","PUNT:4,V22 OB:","P. Andersen punt 43 yards to the LK22, out-of-bounds.","V,1,10,V22",punt,NA,0,12,17,NA,1,NA,18,H,HD,"KO,4,11:56,33","PUNT,4,08:25,35",5,2,3:31,KO,4,11:56,HD33,PUNT,4,08:25,HD35,NA
2021_11_LK_HD,LK,HD,Leipzig Kings,Hamburg Sea Devils,8/29/2021,Hamburg,Stadion Hoheluft,15:00,17:55,Y,02:55,1625,19,SW,Rainy,Denker,Kattillus,Haltermann,Jurzyk,Hoffmann,Christensen,Berger,Berger,LK,1,10,LK22,"V,1,10,V22","19,1,155",{DRIVE}:08:25,LEIPZIG KINGS drive start at 08:25.,"V,1,10,V22",NA,NA,0,12,17,08:25,0,NA,19,V,LK,"PUNT,4,08:25,22","TD,4,01:13,100",16,78,7:12,PUNT,4,08:25,LK22,TD,4,01:13,HD00,1
2021_11_LK_HD,LK,HD,Leipzig Kings,Hamburg Sea Devils,8/29/2021,Hamburg,Stadion Hoheluft,15:00,17:55,Y,02:55,1625,19,SW,Rainy,Denker,Kattillus,Haltermann,Jurzyk,Hoffmann,Christensen,Berger,Berger,LK,1,10,LK22,"V,1,10,V22","19,2,156","RUSH:12,V20, TACK:98,99",J. Awini rush for loss of 2 yards to the LK20 (H. Awuah;N. Imasuen).,"V,2,12,V20",rush,NA,0,12,17,NA,0,NA,19,V,LK,"PUNT,4,08:25,22","TD,4,01:13,100",16,78,7:12,PUNT,4,08:25,LK22,TD,4,01:13,HD00,1
2021_11_LK_HD,LK,HD,Leipzig Kings,Hamburg Sea Devils,8/29/2021,Hamburg,Stadion Hoheluft,15:00,17:55,Y,02:55,1625,19,SW,Rainy,Denker,Kattillus,Haltermann,Jurzyk,Hoffmann,Christensen,Berger,Berger,LK,2,12,LK20,"V,2,12,V20","19,3,157","PASS:3,C,12,V30 TACK:21,94",M. Birdsong pass complete to J. Awini for 10 yards to the LK30 (V. Wilson-O.;B. Grube).,"V,3,2,V30",pass,NA,0,12,17,NA,0,NA,19,V,LK,"PUNT,4,08:25,22","TD,4,01:13,100",16,78,7:12,PUNT,4,08:25,LK22,TD,4,01:13,HD00,1
2021_11_LK_HD,LK,HD,Leipzig Kings,Hamburg Sea Devils,8/29/2021,Hamburg,Stadion Hoheluft,15:00,17:55,Y,02:55,1625,19,SW,Rainy,Denker,Kattillus,Haltermann,Jurzyk,Hoffmann,Christensen,Berger,Berger,LK,3,2,LK30,"V,3,2,V30","19,4,158","RUSH:12,V34, TACK:31,97","J. Awini rush for 4 yards to the LK34, 1ST DOWN LK (J.Juurlink;B. Tchouadje).","V,1,10,V34",rush,rush,0,12,17,NA,0,NA,19,V,LK,"PUNT,4,08:25,22","TD,4,01:13,100",16,78,7:12,PUNT,4,08:25,LK22,TD,4,01:13,HD00,1
2021_11_LK_HD,LK,HD,Leipzig Kings,Hamburg Sea Devils,8/29/2021,Hamburg,Stadion Hoheluft,15:00,17:55,Y,02:55,1625,19,SW,Rainy,Denker,Kattillus,Haltermann,Jurzyk,Hoffmann,Christensen,Berger,Berger,LK,1,10,LK34,"V,1,10,V34","19,5,159","PASS:3,C,85,V39 TACK:31",M. Birdsong pass complete to A.Doroshev for 5 yards to the LK39 (J.Juurlink).,"V,2,5,V39",pass,NA,0,12,17,NA,0,NA,19,V,LK,"PUNT,4,08:25,22","TD,4,01:13,100",16,78,7:12,PUNT,4,08:25,LK22,TD,4,01:13,HD00,1
2021_11_LK_HD,LK,HD,Leipzig Kings,Hamburg Sea Devils,8/29/2021,Hamburg,Stadion Hoheluft,15:00,17:55,Y,02:55,1625,19,SW,Rainy,Denker,Kattillus,Haltermann,Jurzyk,Hoffmann,Christensen,Berger,Berger,LK,2,5,LK39,"V,2,5,V39","19,6,160","PASS:3,C,84,V46 TACK:27","M. Birdsong pass complete to Y. Omi for 7 yards to the LK46, 1ST DOWN LK (L. Mueller).","V,1,10,V46",pass,pass,0,12,17,NA,0,NA,19,V,LK,"PUNT,4,08:25,22","TD,4,01:13,100",16,78,7:12,PUNT,4,08:25,LK22,TD,4,01:13,HD00,1
2021_11_LK_HD,LK,HD,Leipzig Kings,Hamburg Sea Devils,8/29/2021,Hamburg,Stadion Hoheluft,15:00,17:55,Y,02:55,1625,19,SW,Rainy,Denker,Kattillus,Haltermann,Jurzyk,Hoffmann,Christensen,Berger,Berger,LK,1,10,LK46,"V,1,10,V46","19,7,161","RUSH:85,V49, TACK:94,97",A.Doroshev rush for 3 yards to the LK49 (B. Grube;B. Tchouadje).,"V,2,7,V49",rush,NA,0,12,17,NA,0,NA,19,V,LK,"PUNT,4,08:25,22","TD,4,01:13,100",16,78,7:12,PUNT,4,08:25,LK22,TD,4,01:13,HD00,1
2021_11_LK_HD,LK,HD,Leipzig Kings,Hamburg Sea Devils,8/29/2021,Hamburg,Stadion Hoheluft,15:00,17:55,Y,02:55,1625,19,SW,Rainy,Denker,Kattillus,Haltermann,Jurzyk,Hoffmann,Christensen,Berger,Berger,LK,2,7,LK49,"V,2,7,V49","19,8,162","PASS:3,C,30,H38 TACK:31","M. Birdsong pass complete to N.Baeumer for 13 yards to the HD38, 1ST DOWN LK (J.Juurlink).","V,1,10,H38",pass,pass,0,12,17,NA,0,NA,19,V,LK,"PUNT,4,08:25,22","TD,4,01:13,100",16,78,7:12,PUNT,4,08:25,LK22,TD,4,01:13,HD00,1
2021_11_LK_HD,LK,HD,Leipzig Kings,Hamburg Sea Devils,8/29/2021,Hamburg,Stadion Hoheluft,15:00,17:55,Y,02:55,1625,19,SW,Rainy,Denker,Kattillus,Haltermann,Jurzyk,Hoffmann,Christensen,Berger,Berger,LK,1,10,HD38,"V,1,10,H38","19,9,163","PASS:3,C,8,H29 TACK:27",M. Birdsong pass complete to A. Jalloh for 9 yards to the HD29 (L. Mueller).,"V,2,1,H29",pass,NA,0,12,17,NA,0,NA,19,V,LK,"PUNT,4,08:25,22","TD,4,01:13,100",16,78,7:12,PUNT,4,08:25,LK22,TD,4,01:13,HD00,1
2021_11_LK_HD,LK,HD,Leipzig Kings,Hamburg Sea Devils,8/29/2021,Hamburg,Stadion Hoheluft,15:00,17:55,Y,02:55,1625,19,SW,Rainy,Denker,Kattillus,Haltermann,Jurzyk,Hoffmann,Christensen,Berger,Berger,LK,2,1,HD29,"V,2,1,H29","19,10,164","PEN:V,FS,A,70,H34,N",PENALTY LK false start (S. Baafi) 5 yards to the HD34.,"V,2,6,H34",penalty,NA,0,12,17,NA,0,NA,19,V,LK,"PUNT,4,08:25,22","TD,4,01:13,100",16,78,7:12,PUNT,4,08:25,LK22,TD,4,01:13,HD00,1
2021_11_LK_HD,LK,HD,Leipzig Kings,Hamburg Sea Devils,8/29/2021,Hamburg,Stadion Hoheluft,15:00,17:55,Y,02:55,1625,19,SW,Rainy,Denker,Kattillus,Haltermann,Jurzyk,Hoffmann,Christensen,Berger,Berger,LK,2,6,HD34,"V,2,6,H34","19,11,165","PASS:3,B,6,* BRUP:31",M. Birdsong pass incomplete to T. Knuettel (J.Juurlink).,"V,3,6,H34",pass,NA,0,12,17,NA,0,NA,19,V,LK,"PUNT,4,08:25,22","TD,4,01:13,100",16,78,7:12,PUNT,4,08:25,LK22,TD,4,01:13,HD00,1
2021_11_LK_HD,LK,HD,Leipzig Kings,Hamburg Sea Devils,8/29/2021,Hamburg,Stadion Hoheluft,15:00,17:55,Y,02:55,1625,19,SW,Rainy,Denker,Kattillus,Haltermann,Jurzyk,Hoffmann,Christensen,Berger,Berger,LK,3,6,HD34,"V,3,6,H34","19,12,166","PASS:3,C,84,H24 TACK:27,31","M. Birdsong pass complete to Y. Omi for 10 yards to the HD24, 1ST DOWN LK (L. Mueller;J.Juurlink).","V,1,10,H24",pass,pass,0,12,17,NA,0,NA,19,V,LK,"PUNT,4,08:25,22","TD,4,01:13,100",16,78,7:12,PUNT,4,08:25,LK22,TD,4,01:13,HD00,1
2021_11_LK_HD,LK,HD,Leipzig Kings,Hamburg Sea Devils,8/29/2021,Hamburg,Stadion Hoheluft,15:00,17:55,Y,02:55,1625,19,SW,Rainy,Denker,Kattillus,Haltermann,Jurzyk,Hoffmann,Christensen,Berger,Berger,LK,1,10,HD24,"V,1,10,H24","19,13,167","PASS:3,I,8,*",M. Birdsong pass incomplete to A. Jalloh.,"V,2,10,H24",pass,NA,0,12,17,NA,0,NA,19,V,LK,"PUNT,4,08:25,22","TD,4,01:13,100",16,78,7:12,PUNT,4,08:25,LK22,TD,4,01:13,HD00,1
2021_11_LK_HD,LK,HD,Leipzig Kings,Hamburg Sea Devils,8/29/2021,Hamburg,Stadion Hoheluft,15:00,17:55,Y,02:55,1625,19,SW,Rainy,Denker,Kattillus,Haltermann,Jurzyk,Hoffmann,Christensen,Berger,Berger,LK,2,10,HD24,"V,2,10,H24","19,14,168","PASS:3,B,85,* BRUP:27",M. Birdsong pass incomplete to A.Doroshev (L. Mueller).,"V,3,10,H24",pass,NA,0,12,17,NA,0,NA,19,V,LK,"PUNT,4,08:25,22","TD,4,01:13,100",16,78,7:12,PUNT,4,08:25,LK22,TD,4,01:13,HD00,1
2021_11_LK_HD,LK,HD,Leipzig Kings,Hamburg Sea Devils,8/29/2021,Hamburg,Stadion Hoheluft,15:00,17:55,Y,02:55,1625,19,SW,Rainy,Denker,Kattillus,Haltermann,Jurzyk,Hoffmann,Christensen,Berger,Berger,LK,3,10,HD24,"V,3,10,H24","19,15,169","RUSH:12,H20, TACK:94,31",J. Awini rush for 4 yards to the HD20 (B. Grube;J.Juurlink).,"V,4,6,H20",rush,NA,0,12,17,NA,0,NA,19,V,LK,"PUNT,4,08:25,22","TD,4,01:13,100",16,78,7:12,PUNT,4,08:25,LK22,TD,4,01:13,HD00,1
2021_11_LK_HD,LK,HD,Leipzig Kings,Hamburg Sea Devils,8/29/2021,Hamburg,Stadion Hoheluft,15:00,17:55,Y,02:55,1625,19,SW,Rainy,Denker,Kattillus,Haltermann,Jurzyk,Hoffmann,Christensen,Berger,Berger,LK,4,6,HD20,"V,4,6,H20","19,16,171","RUSH:3,H13, TACK:28","M. Birdsong rush for 7 yards to the HD13, 1ST DOWN LK (B. Maruschke).","V,1,10,H13",rush,rush,0,12,17,NA,0,NA,19,V,LK,"PUNT,4,08:25,22","TD,4,01:13,100",16,78,7:12,PUNT,4,08:25,LK22,TD,4,01:13,HD00,1
2021_11_LK_HD,LK,HD,Leipzig Kings,Hamburg Sea Devils,8/29/2021,Hamburg,Stadion Hoheluft,15:00,17:55,Y,02:55,1625,19,SW,Rainy,Denker,Kattillus,Haltermann,Jurzyk,Hoffmann,Christensen,Berger,Berger,LK,1,10,HD13,"V,1,10,H13","19,17,172","PASS:3,I,85,*",M. Birdsong pass incomplete to A.Doroshev.,"V,2,10,H13",pass,NA,0,12,17,NA,0,NA,19,V,LK,"PUNT,4,08:25,22","TD,4,01:13,100",16,78,7:12,PUNT,4,08:25,LK22,TD,4,01:13,HD00,1
2021_11_LK_HD,LK,HD,Leipzig Kings,Hamburg Sea Devils,8/29/2021,Hamburg,Stadion Hoheluft,15:00,17:55,Y,02:55,1625,19,SW,Rainy,Denker,Kattillus,Haltermann,Jurzyk,Hoffmann,Christensen,Berger,Berger,LK,2,10,HD13,"V,2,10,H13","19,18,173","PASS:3,C,6,H00 T:01:13","M. Birdsong pass complete to T. Knuettel for 13 yards to the HD0, 1ST DOWN LK, TOUCHDOWN, clock 01:13.","V,1,10,H15",pass,pass,1,18,17,01:13,0,NA,19,V,LK,"PUNT,4,08:25,22","TD,4,01:13,100",16,78,7:12,PUNT,4,08:25,LK22,TD,4,01:13,HD00,1
2021_11_LK_HD,LK,HD,Leipzig Kings,Hamburg Sea Devils,8/29/2021,Hamburg,Stadion Hoheluft,15:00,17:55,Y,02:55,1625,19,SW,Rainy,Denker,Kattillus,Haltermann,Jurzyk,Hoffmann,Christensen,Berger,Berger,LK,1,10,HD15,"V,1,10,H15","19,19,174",TOUT:V T:01:13,"Timeout Leipzig Kings, clock 01:13.","V,1,10,H15",NA,NA,0,18,17,01:13,0,NA,19,V,LK,"PUNT,4,08:25,22","TD,4,01:13,100",16,78,7:12,PUNT,4,08:25,LK22,TD,4,01:13,HD00,1
2021_11_LK_HD,LK,HD,Leipzig Kings,Hamburg Sea Devils,8/29/2021,Hamburg,Stadion Hoheluft,15:00,17:55,Y,02:55,1625,19,SW,Rainy,Denker,Kattillus,Haltermann,Jurzyk,Hoffmann,Christensen,Berger,Berger,LK,1,10,HD15,"V,1,10,H15","19,20,175","PAT:R,12,M",J. Awini rush attempt failed.,"V,1,0,V35",pat,NA,0,18,17,NA,0,NA,19,V,LK,"PUNT,4,08:25,22","TD,4,01:13,100",16,78,7:12,PUNT,4,08:25,LK22,TD,4,01:13,HD00,1
2021_11_LK_HD,LK,HD,Leipzig Kings,Hamburg Sea Devils,8/29/2021,Hamburg,Stadion Hoheluft,15:00,17:55,Y,02:55,1625,19,SW,Rainy,Denker,Kattillus,Haltermann,Jurzyk,Hoffmann,Christensen,Berger,Berger,LK,1,0,LK35,"V,1,0,V35","19,21,176","KO:18,H01 RET:23,H20 TACK:45 PEN:H,HO,A,44,H10,N D:1,10 SPOT:H,H10,Y","M. Ulbrich kickoff 64 yards to the HD1, J. Rogers return 19 yards to the HD20 (K. Kitchens), PENALTY HD holding (J. Kruse) 10 yards to the HD10, 1st and 10, HD ball on HD10.","H,1,10,H10",kick_off,NA,0,18,17,NA,0,NA,19,V,LK,"PUNT,4,08:25,22","TD,4,01:13,100",16,78,7:12,PUNT,4,08:25,LK22,TD,4,01:13,HD00,1
2021_11_LK_HD,LK,HD,Leipzig Kings,Hamburg Sea Devils,8/29/2021,Hamburg,Stadion Hoheluft,15:00,17:55,Y,02:55,1625,19,SW,Rainy,Denker,Kattillus,Haltermann,Jurzyk,Hoffmann,Christensen,Berger,Berger,HD,1,10,HD10,"H,1,10,H10","20,1,177",{DRIVE}:01:13,HAMBURG SEA DEVILS drive start at 01:13.,"H,1,10,H10",NA,NA,0,18,17,01:13,0,NA,20,H,HD,"KO,4,01:13,10","DOWNS,4,00:00,5",4,-5,1:13,KO,4,01:13,HD10,DOWNS,4,00:00,HD05,NA
2021_11_LK_HD,LK,HD,Leipzig Kings,Hamburg Sea Devils,8/29/2021,Hamburg,Stadion Hoheluft,15:00,17:55,Y,02:55,1625,19,SW,Rainy,Denker,Kattillus,Haltermann,Jurzyk,Hoffmann,Christensen,Berger,Berger,HD,1,10,HD10,"H,1,10,H10","20,2,178","RUSH:1,H10, TACK:41",S. Ceesay rush for no gain to the HD10 (A.Dommann).,"H,2,10,H10",rush,NA,0,18,17,NA,0,NA,20,H,HD,"KO,4,01:13,10","DOWNS,4,00:00,5",4,-5,1:13,KO,4,01:13,HD10,DOWNS,4,00:00,HD05,NA
2021_11_LK_HD,LK,HD,Leipzig Kings,Hamburg Sea Devils,8/29/2021,Hamburg,Stadion Hoheluft,15:00,17:55,Y,02:55,1625,19,SW,Rainy,Denker,Kattillus,Haltermann,Jurzyk,Hoffmann,Christensen,Berger,Berger,HD,2,10,HD10,"H,2,10,H10","20,3,179","PASS:1,I,85,*",S. Ceesay pass incomplete to M. Donalies.,"H,3,10,H10",pass,NA,0,18,17,NA,0,NA,20,H,HD,"KO,4,01:13,10","DOWNS,4,00:00,5",4,-5,1:13,KO,4,01:13,HD10,DOWNS,4,00:00,HD05,NA
2021_11_LK_HD,LK,HD,Leipzig Kings,Hamburg Sea Devils,8/29/2021,Hamburg,Stadion Hoheluft,15:00,17:55,Y,02:55,1625,19,SW,Rainy,Denker,Kattillus,Haltermann,Jurzyk,Hoffmann,Christensen,Berger,Berger,HD,3,10,HD10,"H,3,10,H10","20,4,180","PASS:1,C,85,H16 TACK:28,7 PEN:H,DG,A,1,H05,N","S. Ceesay pass complete to M. Donalies for 6 yards to the HD16 (J. Dietze;B. Tchiyoko), PENALTY HD delay of game (S. Ceesay) 11 yards to the HD5.","H,3,15,H05",pass,NA,0,18,17,NA,0,NA,20,H,HD,"KO,4,01:13,10","DOWNS,4,00:00,5",4,-5,1:13,KO,4,01:13,HD10,DOWNS,4,00:00,HD05,NA
2021_11_LK_HD,LK,HD,Leipzig Kings,Hamburg Sea Devils,8/29/2021,Hamburg,Stadion Hoheluft,15:00,17:55,Y,02:55,1625,19,SW,Rainy,Denker,Kattillus,Haltermann,Jurzyk,Hoffmann,Christensen,Berger,Berger,HD,3,15,HD05,"H,3,15,H05","20,5,181","D:4,15",4th and 15.,"H,4,15,H05",NA,NA,0,18,17,NA,0,NA,20,H,HD,"KO,4,01:13,10","DOWNS,4,00:00,5",4,-5,1:13,KO,4,01:13,HD10,DOWNS,4,00:00,HD05,NA
2021_11_LK_HD,LK,HD,Leipzig Kings,Hamburg Sea Devils,8/29/2021,Hamburg,Stadion Hoheluft,15:00,17:55,Y,02:55,1625,19,SW,Rainy,Denker,Kattillus,Haltermann,Jurzyk,Hoffmann,Christensen,Berger,Berger,HD,4,15,HD05,"H,4,15,H05","20,6,182",T:00:03,Clock 00:03.,"H,4,15,H05",NA,NA,0,18,17,00:03,0,NA,20,H,HD,"KO,4,01:13,10","DOWNS,4,00:00,5",4,-5,1:13,KO,4,01:13,HD10,DOWNS,4,00:00,HD05,NA
2021_11_LK_HD,LK,HD,Leipzig Kings,Hamburg Sea Devils,8/29/2021,Hamburg,Stadion Hoheluft,15:00,17:55,Y,02:55,1625,19,SW,Rainy,Denker,Kattillus,Haltermann,Jurzyk,Hoffmann,Christensen,Berger,Berger,HD,4,15,HD05,"H,4,15,H05","20,7,183","RUSH:1,H05, TACK:45",S. Ceesay rush for no gain to the HD5 (K. Kitchens).,"V,1,0,H05",rush,NA,0,18,17,NA,0,NA,20,H,HD,"KO,4,01:13,10","DOWNS,4,00:00,5",4,-5,1:13,KO,4,01:13,HD10,DOWNS,4,00:00,HD05,NA
2021_11_LK_HD,LK,HD,Leipzig Kings,Hamburg Sea Devils,8/29/2021,Hamburg,Stadion Hoheluft,15:00,17:55,Y,02:55,1625,19,SW,Rainy,Denker,Kattillus,Haltermann,Jurzyk,Hoffmann,Christensen,Berger,Berger,LK,1,0,HD05,"V,1,0,H05","21,1,184",{DRIVE}:00:00,LEIPZIG KINGS drive start at 00:00.,"V,1,0,H05",NA,NA,0,18,17,00:00,0,NA,21,V,LK,"DOWNS,4,00:00,95","HALF,4,00:00,95",0,0,0:00,DOWNS,4,00:00,HD05,HALF,4,00:00,HD05,NA
2021_11_LK_HD,LK,HD,Leipzig Kings,Hamburg Sea Devils,8/29/2021,Hamburg,Stadion Hoheluft,15:00,17:55,Y,02:55,1625,19,SW,Rainy,Denker,Kattillus,Haltermann,Jurzyk,Hoffmann,Christensen,Berger,Berger,LK,1,0,HD05,"V,1,0,H05","21,2,185",HALF: T:00:00,"End of game, clock 00:00.","V,1,0,H05",NA,NA,0,18,17,00:00,0,NA,21,V,LK,"DOWNS,4,00:00,95","HALF,4,00:00,95",0,0,0:00,DOWNS,4,00:00,HD05,HALF,4,00:00,HD05,NA
