game_id,away_team_id,home_team_id,away_team,home_team,date,location,stadium,start,end,leaguegame,duration,attend,temp,wind,weather,posteam,down,togo,spot,context,play_id,tokens,desc,newcontext,play_type,clock,first_down_with,score,away_score_post,home_score_post,oob,turnover,pcode,drive_number,drive_vh,drive_team,drive_start,drive_end,drive_plays,drive_yards,drive_top,drive_start_how,drive_start_qtr,drive_start_time,drive_start_spot,drive_end_how,drive_end_qtr,drive_end_time,drive_end_spot,drive_rz
2021_11_SS_CC,SS,CC,Stuttgart Surge,Cologne Centurions,8/29/2021,Cologne,Ostkampfbahn,17:15,19:39,Y,02:24,333,17 C,17 kmh,light rain,SS,1,10,SS35,"V,1,10,V35","0,1,0","CMT:CC wins toss and takes the second half option, SS to receive","CC wins toss and takes the second half option, SS to receive","V,1,10,V35",NA,NA,NA,0,0,0,0,NA,NA,0,NA,NA,NA,NA,NA,NA,NA,NA,NA,NA,NA,NA,NA,NA,NA,NA
2021_11_SS_CC,SS,CC,Stuttgart Surge,Cologne Centurions,8/29/2021,Cologne,Ostkampfbahn,17:15,19:39,Y,02:24,333,17 C,17 kmh,light rain,SS,1,10,SS35,"V,1,10,V35","0,2,1","SPOT:H,H35,N",CC ball on CC35.,"H,1,10,H35",NA,NA,NA,0,0,0,0,NA,NA,0,NA,NA,NA,NA,NA,NA,NA,NA,NA,NA,NA,NA,NA,NA,NA,NA
2021_11_SS_CC,SS,CC,Stuttgart Surge,Cologne Centurions,8/29/2021,Cologne,Ostkampfbahn,17:15,19:39,Y,02:24,333,17 C,17 kmh,light rain,CC,1,10,CC35,"H,1,10,H35","0,3,2",Q:1 T:15:00,"Start of 1st quarter, clock 15:00.","H,1,10,H35",NA,15:00,NA,0,0,0,0,NA,NA,0,NA,NA,NA,NA,NA,NA,NA,NA,NA,NA,NA,NA,NA,NA,NA,NA
2021_11_SS_CC,SS,CC,Stuttgart Surge,Cologne Centurions,8/29/2021,Cologne,Ostkampfbahn,17:15,19:39,Y,02:24,333,17 C,17 kmh,light rain,CC,1,10,CC35,"H,1,10,H35","0,4,3","KO:2,V08 RET:4,V31,TACK:5","D. Schuhmacher kickoff 57 yards to the SS8, .","V,1,10,V31",kick_off,NA,NA,0,0,0,0,NA,NA,0,NA,NA,NA,NA,NA,NA,NA,NA,NA,NA,NA,NA,NA,NA,NA,NA
2021_11_SS_CC,SS,CC,Stuttgart Surge,Cologne Centurions,8/29/2021,Cologne,Ostkampfbahn,17:15,19:39,Y,02:24,333,17 C,17 kmh,light rain,SS,1,10,SS31,"V,1,10,V31","1,1,4","RUSH:26,V35, TACK:91",R. Pein rush for 4 yards to the SS35 (R. Sellung).,"V,2,6,V35",rush,NA,NA,0,0,0,0,NA,NA,1,V,SS,"KO,1,15:00,31","FG,1,09:53,86",8,55,5:07,KO,1,15:00,SS31,FG,1,09:53,CC14,1
2021_11_SS_CC,SS,CC,Stuttgart Surge,Cologne Centurions,8/29/2021,Cologne,Ostkampfbahn,17:15,19:39,Y,02:24,333,17 C,17 kmh,light rain,SS,2,6,SS35,"V,2,6,V35","1,2,5","PASS:2,C,14,H20 TACK:9","A. Ellis pass complete to L. Geyer for 45 yards to the CC20, 1ST DOWN SS (W. Bhikh).","V,1,10,H20",pass,NA,pass,0,0,0,0,NA,NA,1,V,SS,"KO,1,15:00,31","FG,1,09:53,86",8,55,5:07,KO,1,15:00,SS31,FG,1,09:53,CC14,1
2021_11_SS_CC,SS,CC,Stuttgart Surge,Cologne Centurions,8/29/2021,Cologne,Ostkampfbahn,17:15,19:39,Y,02:24,333,17 C,17 kmh,light rain,SS,1,10,CC20,"V,1,10,H20","1,3,6","RUSH:26,H21, TACK:44",R. Pein rush for loss of 1 yard to the CC21 (M. Kensy).,"V,2,11,H21",rush,NA,NA,0,0,0,0,NA,NA,1,V,SS,"KO,1,15:00,31","FG,1,09:53,86",8,55,5:07,KO,1,15:00,SS31,FG,1,09:53,CC14,1
2021_11_SS_CC,SS,CC,Stuttgart Surge,Cologne Centurions,8/29/2021,Cologne,Ostkampfbahn,17:15,19:39,Y,02:24,333,17 C,17 kmh,light rain,SS,2,11,CC21,"V,2,11,H21","1,4,7","PASS:2,C,88,H01 TACK:47","A. Ellis pass complete to M. Pludra for 20 yards to the CC1, 1ST DOWN SS (N. Liesen).","V,1,0,H01",pass,NA,pass,0,0,0,0,NA,NA,1,V,SS,"KO,1,15:00,31","FG,1,09:53,86",8,55,5:07,KO,1,15:00,SS31,FG,1,09:53,CC14,1
2021_11_SS_CC,SS,CC,Stuttgart Surge,Cologne Centurions,8/29/2021,Cologne,Ostkampfbahn,17:15,19:39,Y,02:24,333,17 C,17 kmh,light rain,SS,1,0,CC01,"V,1,0,H01","1,5,8","RUSH:5,H01, TACK:44,55",D. Meza rush for no gain to the CC1 (M. Kensy;M. Taylor).,"V,2,0,H01",rush,NA,NA,0,0,0,0,NA,NA,1,V,SS,"KO,1,15:00,31","FG,1,09:53,86",8,55,5:07,KO,1,15:00,SS31,FG,1,09:53,CC14,1
2021_11_SS_CC,SS,CC,Stuttgart Surge,Cologne Centurions,8/29/2021,Cologne,Ostkampfbahn,17:15,19:39,Y,02:24,333,17 C,17 kmh,light rain,SS,2,0,CC01,"V,2,0,H01","1,6,9","RUSH:26,H01, TACK:44",R. Pein rush for no gain to the CC1 (M. Kensy).,"V,3,0,H01",rush,NA,NA,0,0,0,0,NA,NA,1,V,SS,"KO,1,15:00,31","FG,1,09:53,86",8,55,5:07,KO,1,15:00,SS31,FG,1,09:53,CC14,1
2021_11_SS_CC,SS,CC,Stuttgart Surge,Cologne Centurions,8/29/2021,Cologne,Ostkampfbahn,17:15,19:39,Y,02:24,333,17 C,17 kmh,light rain,SS,3,0,CC01,"V,3,0,H01","1,7,10","PASS:2,S,TM,H14 SACK:8",A. Ellis sacked for loss of 13 yards to the CC14 (P. Steffen).,"V,4,0,H14",pass,NA,NA,0,0,0,0,NA,NA,1,V,SS,"KO,1,15:00,31","FG,1,09:53,86",8,55,5:07,KO,1,15:00,SS31,FG,1,09:53,CC14,1
2021_11_SS_CC,SS,CC,Stuttgart Surge,Cologne Centurions,8/29/2021,Cologne,Ostkampfbahn,17:15,19:39,Y,02:24,333,17 C,17 kmh,light rain,SS,4,0,CC14,"V,4,0,H14","1,8,11","FGA:9,31,G T:09:53","S. Mueller field goal attempt from 31 GOOD, clock 09:53.","V,1,0,V35",field_goal,09:53,NA,1,3,0,0,NA,NA,1,V,SS,"KO,1,15:00,31","FG,1,09:53,86",8,55,5:07,KO,1,15:00,SS31,FG,1,09:53,CC14,1
2021_11_SS_CC,SS,CC,Stuttgart Surge,Cologne Centurions,8/29/2021,Cologne,Ostkampfbahn,17:15,19:39,Y,02:24,333,17 C,17 kmh,light rain,SS,1,0,SS35,"V,1,0,V35","1,9,12","KO:17,H07 RET:5,H15 TACK:30","P. Floeser kickoff 58 yards to the CC7, P. Lenhardt return 8 yards to the CC15 (T. Becker).","H,1,10,H15",kick_off,NA,NA,0,3,0,0,NA,NA,1,V,SS,"KO,1,15:00,31","FG,1,09:53,86",8,55,5:07,KO,1,15:00,SS31,FG,1,09:53,CC14,1
2021_11_SS_CC,SS,CC,Stuttgart Surge,Cologne Centurions,8/29/2021,Cologne,Ostkampfbahn,17:15,19:39,Y,02:24,333,17 C,17 kmh,light rain,CC,1,10,CC15,"H,1,10,H15","2,1,13",{DRIVE}:09:51,COLOGNE CENTURIONS drive start at 09:51.,"H,1,10,H15",NA,09:51,NA,0,3,0,0,NA,NA,2,H,CC,"KO,1,09:51,15","PUNT,1,08:45,21",3,6,1:06,KO,1,09:51,CC15,PUNT,1,08:45,CC21,NA
2021_11_SS_CC,SS,CC,Stuttgart Surge,Cologne Centurions,8/29/2021,Cologne,Ostkampfbahn,17:15,19:39,Y,02:24,333,17 C,17 kmh,light rain,CC,1,10,CC15,"H,1,10,H15","2,2,14","RUSH:28,H19, TACK:97",M. London rush for 4 yards to the CC19 (P. Ungericht).,"H,2,6,H19",rush,NA,NA,0,3,0,0,NA,NA,2,H,CC,"KO,1,09:51,15","PUNT,1,08:45,21",3,6,1:06,KO,1,09:51,CC15,PUNT,1,08:45,CC21,NA
2021_11_SS_CC,SS,CC,Stuttgart Surge,Cologne Centurions,8/29/2021,Cologne,Ostkampfbahn,17:15,19:39,Y,02:24,333,17 C,17 kmh,light rain,CC,2,6,CC19,"H,2,6,H19","2,3,15","PASS:12,C,5,H21 TACK:32,3",J. Weinreich pass complete to P. Lenhardt for 2 yards to the CC21 (J. Ludwig-M.;W. Martheli).,"H,3,4,H21",pass,NA,NA,0,3,0,0,NA,NA,2,H,CC,"KO,1,09:51,15","PUNT,1,08:45,21",3,6,1:06,KO,1,09:51,CC15,PUNT,1,08:45,CC21,NA
2021_11_SS_CC,SS,CC,Stuttgart Surge,Cologne Centurions,8/29/2021,Cologne,Ostkampfbahn,17:15,19:39,Y,02:24,333,17 C,17 kmh,light rain,CC,3,4,CC21,"H,3,4,H21","2,4,16","PASS:12,I,28,*",J. Weinreich pass incomplete to M. London.,"H,4,4,H21",pass,NA,NA,0,3,0,0,NA,NA,2,H,CC,"KO,1,09:51,15","PUNT,1,08:45,21",3,6,1:06,KO,1,09:51,CC15,PUNT,1,08:45,CC21,NA
2021_11_SS_CC,SS,CC,Stuttgart Surge,Cologne Centurions,8/29/2021,Cologne,Ostkampfbahn,17:15,19:39,Y,02:24,333,17 C,17 kmh,light rain,CC,4,4,CC21,"H,4,4,H21","2,5,17","PUNT:81,H39 OB:","V. Roediger punt 18 yards to the CC39, out-of-bounds.","V,1,10,H39",punt,NA,NA,0,3,0,1,NA,NA,2,H,CC,"KO,1,09:51,15","PUNT,1,08:45,21",3,6,1:06,KO,1,09:51,CC15,PUNT,1,08:45,CC21,NA
2021_11_SS_CC,SS,CC,Stuttgart Surge,Cologne Centurions,8/29/2021,Cologne,Ostkampfbahn,17:15,19:39,Y,02:24,333,17 C,17 kmh,light rain,SS,1,10,CC39,"V,1,10,H39","3,1,18",{DRIVE}:08:45,STUTTGART SURGE drive start at 08:45.,"V,1,10,H39",NA,08:45,NA,0,3,0,0,NA,NA,3,V,SS,"PUNT,1,08:45,61","INT,1,06:51,62",3,1,1:54,PUNT,1,08:45,CC39,INT,1,06:51,CC38,NA
2021_11_SS_CC,SS,CC,Stuttgart Surge,Cologne Centurions,8/29/2021,Cologne,Ostkampfbahn,17:15,19:39,Y,02:24,333,17 C,17 kmh,light rain,SS,1,10,CC39,"V,1,10,H39","3,2,19","RUSH:26,H36, TACK:47",R. Pein rush for 3 yards to the CC36 (N. Liesen).,"V,2,7,H36",rush,NA,NA,0,3,0,0,NA,NA,3,V,SS,"PUNT,1,08:45,61","INT,1,06:51,62",3,1,1:54,PUNT,1,08:45,CC39,INT,1,06:51,CC38,NA
2021_11_SS_CC,SS,CC,Stuttgart Surge,Cologne Centurions,8/29/2021,Cologne,Ostkampfbahn,17:15,19:39,Y,02:24,333,17 C,17 kmh,light rain,SS,2,7,CC36,"V,2,7,H36","3,3,20","PEN:V,FS,A,73,H41,N",PENALTY SS false start (L. Haebich) 5 yards to the CC41.,"V,2,12,H41",penalty,NA,NA,0,3,0,0,NA,NA,3,V,SS,"PUNT,1,08:45,61","INT,1,06:51,62",3,1,1:54,PUNT,1,08:45,CC39,INT,1,06:51,CC38,NA
2021_11_SS_CC,SS,CC,Stuttgart Surge,Cologne Centurions,8/29/2021,Cologne,Ostkampfbahn,17:15,19:39,Y,02:24,333,17 C,17 kmh,light rain,SS,2,12,CC41,"V,2,12,H41","3,4,21","PASS:2,C,5,H38 TACK:23",A. Ellis pass complete to D. Meza for 3 yards to the CC38 (T. Janssen).,"V,3,9,H38",pass,NA,NA,0,3,0,0,NA,NA,3,V,SS,"PUNT,1,08:45,61","INT,1,06:51,62",3,1,1:54,PUNT,1,08:45,CC39,INT,1,06:51,CC38,NA
2021_11_SS_CC,SS,CC,Stuttgart Surge,Cologne Centurions,8/29/2021,Cologne,Ostkampfbahn,17:15,19:39,Y,02:24,333,17 C,17 kmh,light rain,SS,3,9,CC38,"V,3,9,H38","3,5,22","PASS:2,X,23,H10 RET:23,H10","A. Ellis pass intercepted by T. Janssen at the CC10, T. Janssen return 0 yards to the CC10.","H,1,10,H10",pass,NA,NA,0,3,0,0,I,NA,3,V,SS,"PUNT,1,08:45,61","INT,1,06:51,62",3,1,1:54,PUNT,1,08:45,CC39,INT,1,06:51,CC38,NA
2021_11_SS_CC,SS,CC,Stuttgart Surge,Cologne Centurions,8/29/2021,Cologne,Ostkampfbahn,17:15,19:39,Y,02:24,333,17 C,17 kmh,light rain,CC,1,10,CC10,"H,1,10,H10","4,1,23",{DRIVE}:06:51,COLOGNE CENTURIONS drive start at 06:51.,"H,1,10,H10",NA,06:51,NA,0,3,0,0,NA,NA,4,H,CC,"INT,1,06:51,10","PUNT,1,04:34,17",3,7,2:17,INT,1,06:51,CC10,PUNT,1,04:34,CC17,NA
2021_11_SS_CC,SS,CC,Stuttgart Surge,Cologne Centurions,8/29/2021,Cologne,Ostkampfbahn,17:15,19:39,Y,02:24,333,17 C,17 kmh,light rain,CC,1,10,CC10,"H,1,10,H10","4,2,24","RUSH:28,H07,TACK:42",M. London rush TACK:42 for loss of 3 yards to the CC7.,"H,2,13,H07",rush,NA,NA,0,3,0,0,NA,TACK:42,4,H,CC,"INT,1,06:51,10","PUNT,1,04:34,17",3,7,2:17,INT,1,06:51,CC10,PUNT,1,04:34,CC17,NA
2021_11_SS_CC,SS,CC,Stuttgart Surge,Cologne Centurions,8/29/2021,Cologne,Ostkampfbahn,17:15,19:39,Y,02:24,333,17 C,17 kmh,light rain,CC,2,13,CC07,"H,2,13,H07","4,3,25","RUSH:28,H10, TACK:11",M. London rush for 3 yards to the CC10 (R. Lakalaka).,"H,3,10,H10",rush,NA,NA,0,3,0,0,NA,NA,4,H,CC,"INT,1,06:51,10","PUNT,1,04:34,17",3,7,2:17,INT,1,06:51,CC10,PUNT,1,04:34,CC17,NA
2021_11_SS_CC,SS,CC,Stuttgart Surge,Cologne Centurions,8/29/2021,Cologne,Ostkampfbahn,17:15,19:39,Y,02:24,333,17 C,17 kmh,light rain,CC,3,10,CC10,"H,3,10,H10","4,4,26","PASS:12,C,11,H17 TACK:32",J. Weinreich pass complete to N. Aarass for 7 yards to the CC17 (J. Ludwig-M.).,"H,4,3,H17",pass,NA,NA,0,3,0,0,NA,NA,4,H,CC,"INT,1,06:51,10","PUNT,1,04:34,17",3,7,2:17,INT,1,06:51,CC10,PUNT,1,04:34,CC17,NA
2021_11_SS_CC,SS,CC,Stuttgart Surge,Cologne Centurions,8/29/2021,Cologne,Ostkampfbahn,17:15,19:39,Y,02:24,333,17 C,17 kmh,light rain,CC,4,3,CC17,"H,4,3,H17","4,5,27","PUNT:81,V27 RET:23,V37 OB:","V. Roediger punt 56 yards to the SS27, M. Dabo return 10 yards to the SS37, out-of-bounds.","V,1,10,V37",punt,NA,NA,0,3,0,1,NA,NA,4,H,CC,"INT,1,06:51,10","PUNT,1,04:34,17",3,7,2:17,INT,1,06:51,CC10,PUNT,1,04:34,CC17,NA
2021_11_SS_CC,SS,CC,Stuttgart Surge,Cologne Centurions,8/29/2021,Cologne,Ostkampfbahn,17:15,19:39,Y,02:24,333,17 C,17 kmh,light rain,SS,1,10,SS37,"V,1,10,V37","5,1,28",{DRIVE}:04:34,STUTTGART SURGE drive start at 04:34.,"V,1,10,V37",NA,04:34,NA,0,3,0,0,NA,NA,5,V,SS,"PUNT,1,04:34,37","PUNT,1,02:55,41",3,4,1:39,PUNT,1,04:34,SS37,PUNT,1,02:55,SS41,NA
2021_11_SS_CC,SS,CC,Stuttgart Surge,Cologne Centurions,8/29/2021,Cologne,Ostkampfbahn,17:15,19:39,Y,02:24,333,17 C,17 kmh,light rain,SS,1,10,SS37,"V,1,10,V37","5,2,29","PASS:2,I,14,*",A. Ellis pass incomplete to L. Geyer.,"V,2,10,V37",pass,NA,NA,0,3,0,0,NA,NA,5,V,SS,"PUNT,1,04:34,37","PUNT,1,02:55,41",3,4,1:39,PUNT,1,04:34,SS37,PUNT,1,02:55,SS41,NA
2021_11_SS_CC,SS,CC,Stuttgart Surge,Cologne Centurions,8/29/2021,Cologne,Ostkampfbahn,17:15,19:39,Y,02:24,333,17 C,17 kmh,light rain,SS,2,10,SS37,"V,2,10,V37","5,3,30","RUSH:26,V39, TACK:48",R. Pein rush for 2 yards to the SS39 (K. Bongaerts).,"V,3,8,V39",rush,NA,NA,0,3,0,0,NA,NA,5,V,SS,"PUNT,1,04:34,37","PUNT,1,02:55,41",3,4,1:39,PUNT,1,04:34,SS37,PUNT,1,02:55,SS41,NA
2021_11_SS_CC,SS,CC,Stuttgart Surge,Cologne Centurions,8/29/2021,Cologne,Ostkampfbahn,17:15,19:39,Y,02:24,333,17 C,17 kmh,light rain,SS,3,8,SS39,"V,3,8,V39","5,4,31","PASS:16,C,88,V41 TACK:27",M. Winterlik pass complete to M. Pludra for 2 yards to the SS41 (M. Richter).,"V,4,6,V41",pass,NA,NA,0,3,0,0,NA,NA,5,V,SS,"PUNT,1,04:34,37","PUNT,1,02:55,41",3,4,1:39,PUNT,1,04:34,SS37,PUNT,1,02:55,SS41,NA
2021_11_SS_CC,SS,CC,Stuttgart Surge,Cologne Centurions,8/29/2021,Cologne,Ostkampfbahn,17:15,19:39,Y,02:24,333,17 C,17 kmh,light rain,SS,4,6,SS41,"V,4,6,V41","5,5,32","PUNT:9,H35 DN:","S. Mueller punt 24 yards to the CC35, downed.","H,1,10,H35",punt,NA,NA,0,3,0,0,NA,NA,5,V,SS,"PUNT,1,04:34,37","PUNT,1,02:55,41",3,4,1:39,PUNT,1,04:34,SS37,PUNT,1,02:55,SS41,NA
2021_11_SS_CC,SS,CC,Stuttgart Surge,Cologne Centurions,8/29/2021,Cologne,Ostkampfbahn,17:15,19:39,Y,02:24,333,17 C,17 kmh,light rain,CC,1,10,CC35,"H,1,10,H35","6,1,33",{DRIVE}:02:55,COLOGNE CENTURIONS drive start at 02:55.,"H,1,10,H35",NA,02:55,NA,0,3,0,0,NA,NA,6,H,CC,"PUNT,1,02:55,35","PUNT,2,12:33,52",9,17,5:22,PUNT,1,02:55,CC35,PUNT,2,12:33,SS48,NA
2021_11_SS_CC,SS,CC,Stuttgart Surge,Cologne Centurions,8/29/2021,Cologne,Ostkampfbahn,17:15,19:39,Y,02:24,333,17 C,17 kmh,light rain,CC,1,10,CC35,"H,1,10,H35","6,2,34","RUSH:28,H40, TACK:11",M. London rush for 5 yards to the CC40 (R. Lakalaka).,"H,2,5,H40",rush,NA,NA,0,3,0,0,NA,NA,6,H,CC,"PUNT,1,02:55,35","PUNT,2,12:33,52",9,17,5:22,PUNT,1,02:55,CC35,PUNT,2,12:33,SS48,NA
2021_11_SS_CC,SS,CC,Stuttgart Surge,Cologne Centurions,8/29/2021,Cologne,Ostkampfbahn,17:15,19:39,Y,02:24,333,17 C,17 kmh,light rain,CC,2,5,CC40,"H,2,5,H40","6,3,35","RUSH:28,H48, TACK:42","M. London rush for 8 yards to the CC48, 1ST DOWN CC (Z. Blair).","H,1,10,H48",rush,NA,rush,0,3,0,0,NA,NA,6,H,CC,"PUNT,1,02:55,35","PUNT,2,12:33,52",9,17,5:22,PUNT,1,02:55,CC35,PUNT,2,12:33,SS48,NA
2021_11_SS_CC,SS,CC,Stuttgart Surge,Cologne Centurions,8/29/2021,Cologne,Ostkampfbahn,17:15,19:39,Y,02:24,333,17 C,17 kmh,light rain,CC,1,10,CC48,"H,1,10,H48","6,4,36","RUSH:28,H41, TACK:97,11",M. London rush for loss of 7 yards to the CC41 (P. Ungericht;R. Lakalaka).,"H,2,17,H41",rush,NA,NA,0,3,0,0,NA,NA,6,H,CC,"PUNT,1,02:55,35","PUNT,2,12:33,52",9,17,5:22,PUNT,1,02:55,CC35,PUNT,2,12:33,SS48,NA
2021_11_SS_CC,SS,CC,Stuttgart Surge,Cologne Centurions,8/29/2021,Cologne,Ostkampfbahn,17:15,19:39,Y,02:24,333,17 C,17 kmh,light rain,CC,2,17,CC41,"H,2,17,H41","6,5,37","PASS:12,I,5,*",J. Weinreich pass incomplete to P. Lenhardt.,"H,3,17,H41",pass,NA,NA,0,3,0,0,NA,NA,6,H,CC,"PUNT,1,02:55,35","PUNT,2,12:33,52",9,17,5:22,PUNT,1,02:55,CC35,PUNT,2,12:33,SS48,NA
2021_11_SS_CC,SS,CC,Stuttgart Surge,Cologne Centurions,8/29/2021,Cologne,Ostkampfbahn,17:15,19:39,Y,02:24,333,17 C,17 kmh,light rain,CC,3,17,CC41,"H,3,17,H41","6,6,38","PEN:H,FS,A,11,H36,N",PENALTY CC false start (N. Aarass) 5 yards to the CC36.,"H,3,22,H36",penalty,NA,NA,0,3,0,0,NA,NA,6,H,CC,"PUNT,1,02:55,35","PUNT,2,12:33,52",9,17,5:22,PUNT,1,02:55,CC35,PUNT,2,12:33,SS48,NA
2021_11_SS_CC,SS,CC,Stuttgart Surge,Cologne Centurions,8/29/2021,Cologne,Ostkampfbahn,17:15,19:39,Y,02:24,333,17 C,17 kmh,light rain,CC,3,22,CC36,"H,3,22,H36","6,7,39","PASS:12,C,5,V48 TACK:3",J. Weinreich pass complete to P. Lenhardt for 16 yards to the SS48 (W. Martheli).,"H,4,6,V48",pass,NA,NA,0,3,0,0,NA,NA,6,H,CC,"PUNT,1,02:55,35","PUNT,2,12:33,52",9,17,5:22,PUNT,1,02:55,CC35,PUNT,2,12:33,SS48,NA
2021_11_SS_CC,SS,CC,Stuttgart Surge,Cologne Centurions,8/29/2021,Cologne,Ostkampfbahn,17:15,19:39,Y,02:24,333,17 C,17 kmh,light rain,CC,4,6,SS48,"H,4,6,V48","6,8,40",TOUT:H T:00:30,"Timeout Cologne Centurions, clock 00:30.","H,4,6,V48",NA,00:30,NA,0,3,0,0,NA,NA,6,H,CC,"PUNT,1,02:55,35","PUNT,2,12:33,52",9,17,5:22,PUNT,1,02:55,CC35,PUNT,2,12:33,SS48,NA
2021_11_SS_CC,SS,CC,Stuttgart Surge,Cologne Centurions,8/29/2021,Cologne,Ostkampfbahn,17:15,19:39,Y,02:24,333,17 C,17 kmh,light rain,CC,4,6,SS48,"H,4,6,V48","6,9,41","PASS:12,C,28,V41 TACK:45,11","J. Weinreich pass complete to M. London for 7 yards to the SS41, 1ST DOWN CC (N. Hamulic;R. Lakalaka).","H,1,10,V41",pass,NA,pass,0,3,0,0,NA,NA,6,H,CC,"PUNT,1,02:55,35","PUNT,2,12:33,52",9,17,5:22,PUNT,1,02:55,CC35,PUNT,2,12:33,SS48,NA
2021_11_SS_CC,SS,CC,Stuttgart Surge,Cologne Centurions,8/29/2021,Cologne,Ostkampfbahn,17:15,19:39,Y,02:24,333,17 C,17 kmh,light rain,CC,1,10,SS41,"H,1,10,V41","6,10,42",Q:2 T:15:00,"Start of 2nd quarter, clock 15:00.","H,1,10,V41",NA,15:00,NA,0,3,0,0,NA,NA,6,H,CC,"PUNT,1,02:55,35","PUNT,2,12:33,52",9,17,5:22,PUNT,1,02:55,CC35,PUNT,2,12:33,SS48,NA
2021_11_SS_CC,SS,CC,Stuttgart Surge,Cologne Centurions,8/29/2021,Cologne,Ostkampfbahn,17:15,19:39,Y,02:24,333,17 C,17 kmh,light rain,CC,1,10,SS41,"H,1,10,V41","6,11,43","RUSH:28,V36, TACK:20",M. London rush for 5 yards to the SS36 (L. Ogbevoen).,"H,2,5,V36",rush,NA,NA,0,3,0,0,NA,NA,6,H,CC,"PUNT,1,02:55,35","PUNT,2,12:33,52",9,17,5:22,PUNT,1,02:55,CC35,PUNT,2,12:33,SS48,NA
2021_11_SS_CC,SS,CC,Stuttgart Surge,Cologne Centurions,8/29/2021,Cologne,Ostkampfbahn,17:15,19:39,Y,02:24,333,17 C,17 kmh,light rain,CC,2,5,SS36,"H,2,5,V36","6,12,44","PASS:12,S,TM,V41 SACK:42",J. Weinreich sacked for loss of 5 yards to the SS41 (Z. Blair).,"H,3,10,V41",pass,NA,NA,0,3,0,0,NA,NA,6,H,CC,"PUNT,1,02:55,35","PUNT,2,12:33,52",9,17,5:22,PUNT,1,02:55,CC35,PUNT,2,12:33,SS48,NA
2021_11_SS_CC,SS,CC,Stuttgart Surge,Cologne Centurions,8/29/2021,Cologne,Ostkampfbahn,17:15,19:39,Y,02:24,333,17 C,17 kmh,light rain,CC,3,10,SS41,"H,3,10,V41","6,13,45","PASS:12,C,5,V30 TACK:23 PEN:H,HO,A,73,H49,N NOPLAY:","J. Weinreich pass complete to P. Lenhardt for 11 yards to the SS30 (M. Dabo), PENALTY CC holding (F. Kratz) 10 yards to the CC49, NO PLAY.","H,3,20,H49",penalty,NA,NA,0,3,0,0,NA,NA,6,H,CC,"PUNT,1,02:55,35","PUNT,2,12:33,52",9,17,5:22,PUNT,1,02:55,CC35,PUNT,2,12:33,SS48,NA
2021_11_SS_CC,SS,CC,Stuttgart Surge,Cologne Centurions,8/29/2021,Cologne,Ostkampfbahn,17:15,19:39,Y,02:24,333,17 C,17 kmh,light rain,CC,3,20,CC49,"H,3,20,H49","6,14,46","PASS:12,C,5,V48 TACK:20",J. Weinreich pass complete to P. Lenhardt for 3 yards to the SS48 (L. Ogbevoen).,"H,4,17,V48",pass,NA,NA,0,3,0,0,NA,NA,6,H,CC,"PUNT,1,02:55,35","PUNT,2,12:33,52",9,17,5:22,PUNT,1,02:55,CC35,PUNT,2,12:33,SS48,NA
2021_11_SS_CC,SS,CC,Stuttgart Surge,Cologne Centurions,8/29/2021,Cologne,Ostkampfbahn,17:15,19:39,Y,02:24,333,17 C,17 kmh,light rain,CC,4,17,SS48,"H,4,17,V48","6,15,47","PUNT:81,V23 RET:23,V30 TACK:20","V. Roediger punt 25 yards to the SS23, M. Dabo return 7 yards to the SS30 (J. Seibel).","V,1,10,V30",punt,NA,NA,0,3,0,0,NA,NA,6,H,CC,"PUNT,1,02:55,35","PUNT,2,12:33,52",9,17,5:22,PUNT,1,02:55,CC35,PUNT,2,12:33,SS48,NA
2021_11_SS_CC,SS,CC,Stuttgart Surge,Cologne Centurions,8/29/2021,Cologne,Ostkampfbahn,17:15,19:39,Y,02:24,333,17 C,17 kmh,light rain,SS,1,10,SS30,"V,1,10,V30","7,1,48",{DRIVE}:12:33,STUTTGART SURGE drive start at 12:33.,"V,1,10,V30",NA,12:33,NA,0,3,0,0,NA,NA,7,V,SS,"PUNT,2,12:33,30","PUNT,2,09:10,22",5,-8,3:23,PUNT,2,12:33,SS30,PUNT,2,09:10,SS22,NA
2021_11_SS_CC,SS,CC,Stuttgart Surge,Cologne Centurions,8/29/2021,Cologne,Ostkampfbahn,17:15,19:39,Y,02:24,333,17 C,17 kmh,light rain,SS,1,10,SS30,"V,1,10,V30","7,2,49","RUSH:6,V35, TACK:23",J. Moukouri rush for 5 yards to the SS35 (T. Janssen).,"V,2,5,V35",rush,NA,NA,0,3,0,0,NA,NA,7,V,SS,"PUNT,2,12:33,30","PUNT,2,09:10,22",5,-8,3:23,PUNT,2,12:33,SS30,PUNT,2,09:10,SS22,NA
2021_11_SS_CC,SS,CC,Stuttgart Surge,Cologne Centurions,8/29/2021,Cologne,Ostkampfbahn,17:15,19:39,Y,02:24,333,17 C,17 kmh,light rain,SS,2,5,SS35,"V,2,5,V35","7,3,50","PASS:2,I,14,* BRUP:44",A. Ellis pass incomplete to L. Geyer (M. Kensy).,"V,3,5,V35",pass,NA,NA,0,3,0,0,NA,NA,7,V,SS,"PUNT,2,12:33,30","PUNT,2,09:10,22",5,-8,3:23,PUNT,2,12:33,SS30,PUNT,2,09:10,SS22,NA
2021_11_SS_CC,SS,CC,Stuttgart Surge,Cologne Centurions,8/29/2021,Cologne,Ostkampfbahn,17:15,19:39,Y,02:24,333,17 C,17 kmh,light rain,SS,3,5,SS35,"V,3,5,V35","7,4,51","PEN:H,NZI,A,55,V41,N","PENALTY CC neutral zone infraction (M. Taylor) 6 yards to the SS41, 1ST DOWN SS.","V,1,10,V41",penalty,NA,penalty,0,3,0,0,NA,NA,7,V,SS,"PUNT,2,12:33,30","PUNT,2,09:10,22",5,-8,3:23,PUNT,2,12:33,SS30,PUNT,2,09:10,SS22,NA
2021_11_SS_CC,SS,CC,Stuttgart Surge,Cologne Centurions,8/29/2021,Cologne,Ostkampfbahn,17:15,19:39,Y,02:24,333,17 C,17 kmh,light rain,SS,1,10,SS41,"V,1,10,V41","7,5,52","RUSH:6,V34, TACK:8,23",J. Moukouri rush for loss of 7 yards to the SS34 (P. Steffen;T. Janssen).,"V,2,17,V34",rush,NA,NA,0,3,0,0,NA,NA,7,V,SS,"PUNT,2,12:33,30","PUNT,2,09:10,22",5,-8,3:23,PUNT,2,12:33,SS30,PUNT,2,09:10,SS22,NA
2021_11_SS_CC,SS,CC,Stuttgart Surge,Cologne Centurions,8/29/2021,Cologne,Ostkampfbahn,17:15,19:39,Y,02:24,333,17 C,17 kmh,light rain,SS,2,17,SS34,"V,2,17,V34","7,6,53","PEN:H,NZI,A,3,V39,N",PENALTY CC neutral zone infraction (J. Voelker) 5 yards to the SS39.,"V,2,12,V39",penalty,NA,NA,0,3,0,0,NA,NA,7,V,SS,"PUNT,2,12:33,30","PUNT,2,09:10,22",5,-8,3:23,PUNT,2,12:33,SS30,PUNT,2,09:10,SS22,NA
2021_11_SS_CC,SS,CC,Stuttgart Surge,Cologne Centurions,8/29/2021,Cologne,Ostkampfbahn,17:15,19:39,Y,02:24,333,17 C,17 kmh,light rain,SS,2,12,SS39,"V,2,12,V39","7,7,54","PASS:2,I,18,* PEN:V,UH,A,73,V29,N NOPLAY:","A. Ellis pass incomplete to P. Steigerwald, PENALTY SS illegal use of hands (L. Haebich) 10 yards to the SS29, NO PLAY.","V,2,22,V29",penalty,NA,NA,0,3,0,0,NA,NA,7,V,SS,"PUNT,2,12:33,30","PUNT,2,09:10,22",5,-8,3:23,PUNT,2,12:33,SS30,PUNT,2,09:10,SS22,NA
2021_11_SS_CC,SS,CC,Stuttgart Surge,Cologne Centurions,8/29/2021,Cologne,Ostkampfbahn,17:15,19:39,Y,02:24,333,17 C,17 kmh,light rain,SS,2,22,SS29,"V,2,22,V29","7,8,55","PASS:2,S,TM,V22 SACK:55",A. Ellis sacked for loss of 7 yards to the SS22 (M. Taylor).,"V,3,29,V22",pass,NA,NA,0,3,0,0,NA,NA,7,V,SS,"PUNT,2,12:33,30","PUNT,2,09:10,22",5,-8,3:23,PUNT,2,12:33,SS30,PUNT,2,09:10,SS22,NA
2021_11_SS_CC,SS,CC,Stuttgart Surge,Cologne Centurions,8/29/2021,Cologne,Ostkampfbahn,17:15,19:39,Y,02:24,333,17 C,17 kmh,light rain,SS,3,29,SS22,"V,3,29,V22","7,9,56","PASS:2,I,5,*",A. Ellis pass incomplete to D. Meza.,"V,4,29,V22",pass,NA,NA,0,3,0,0,NA,NA,7,V,SS,"PUNT,2,12:33,30","PUNT,2,09:10,22",5,-8,3:23,PUNT,2,12:33,SS30,PUNT,2,09:10,SS22,NA
2021_11_SS_CC,SS,CC,Stuttgart Surge,Cologne Centurions,8/29/2021,Cologne,Ostkampfbahn,17:15,19:39,Y,02:24,333,17 C,17 kmh,light rain,SS,4,29,SS22,"V,4,29,V22","7,10,57","PUNT:9,H44 OB:","S. Mueller punt 34 yards to the CC44, out-of-bounds.","H,1,10,H44",punt,NA,NA,0,3,0,1,NA,NA,7,V,SS,"PUNT,2,12:33,30","PUNT,2,09:10,22",5,-8,3:23,PUNT,2,12:33,SS30,PUNT,2,09:10,SS22,NA
2021_11_SS_CC,SS,CC,Stuttgart Surge,Cologne Centurions,8/29/2021,Cologne,Ostkampfbahn,17:15,19:39,Y,02:24,333,17 C,17 kmh,light rain,CC,1,10,CC44,"H,1,10,H44","8,1,58",{DRIVE}:09:10,COLOGNE CENTURIONS drive start at 09:10.,"H,1,10,H44",NA,09:10,NA,0,3,0,0,NA,NA,8,H,CC,"PUNT,2,09:10,44","INT,2,07:58,32",2,-12,1:12,PUNT,2,09:10,CC44,INT,2,07:58,CC32,NA
2021_11_SS_CC,SS,CC,Stuttgart Surge,Cologne Centurions,8/29/2021,Cologne,Ostkampfbahn,17:15,19:39,Y,02:24,333,17 C,17 kmh,light rain,CC,1,10,CC44,"H,1,10,H44","8,2,59","RUSH:28,H42, TACK:42",M. London rush for loss of 2 yards to the CC42 (Z. Blair).,"H,2,12,H42",rush,NA,NA,0,3,0,0,NA,NA,8,H,CC,"PUNT,2,09:10,44","INT,2,07:58,32",2,-12,1:12,PUNT,2,09:10,CC44,INT,2,07:58,CC32,NA
2021_11_SS_CC,SS,CC,Stuttgart Surge,Cologne Centurions,8/29/2021,Cologne,Ostkampfbahn,17:15,19:39,Y,02:24,333,17 C,17 kmh,light rain,CC,2,12,CC42,"H,2,12,H42","8,3,60","RUSH:28,H44, TACK:45 PEN:H,HO,A,78,H32,N NOPLAY:","M. London rush for 2 yards to the CC44 (N. Hamulic), PENALTY CC holding (F. Weinreich) 10 yards to the CC32, NO PLAY.","H,2,22,H32",penalty,NA,NA,0,3,0,0,NA,NA,8,H,CC,"PUNT,2,09:10,44","INT,2,07:58,32",2,-12,1:12,PUNT,2,09:10,CC44,INT,2,07:58,CC32,NA
2021_11_SS_CC,SS,CC,Stuttgart Surge,Cologne Centurions,8/29/2021,Cologne,Ostkampfbahn,17:15,19:39,Y,02:24,333,17 C,17 kmh,light rain,CC,2,22,CC32,"H,2,22,H32","8,4,61","PASS:12,X,32,H41 RET:32,H38","J. Weinreich pass intercepted by J. Ludwig-M. at the CC41, J. Ludwig-M. return 3 yards to the CC38.","V,1,10,H38",pass,NA,NA,0,3,0,0,I,NA,8,H,CC,"PUNT,2,09:10,44","INT,2,07:58,32",2,-12,1:12,PUNT,2,09:10,CC44,INT,2,07:58,CC32,NA
2021_11_SS_CC,SS,CC,Stuttgart Surge,Cologne Centurions,8/29/2021,Cologne,Ostkampfbahn,17:15,19:39,Y,02:24,333,17 C,17 kmh,light rain,SS,1,10,CC38,"V,1,10,H38","9,1,62",{DRIVE}:07:58,STUTTGART SURGE drive start at 07:58.,"V,1,10,H38",NA,07:58,NA,0,3,0,0,NA,NA,9,V,SS,"INT,2,07:58,62","TD,2,05:26,100",5,38,2:32,INT,2,07:58,CC38,TD,2,05:26,CC00,NA
2021_11_SS_CC,SS,CC,Stuttgart Surge,Cologne Centurions,8/29/2021,Cologne,Ostkampfbahn,17:15,19:39,Y,02:24,333,17 C,17 kmh,light rain,SS,1,10,CC38,"V,1,10,H38","9,2,63","RUSH:41,H38, TACK:3",B. Yankson rush for no gain to the CC38 (J. Voelker).,"V,2,10,H38",rush,NA,NA,0,3,0,0,NA,NA,9,V,SS,"INT,2,07:58,62","TD,2,05:26,100",5,38,2:32,INT,2,07:58,CC38,TD,2,05:26,CC00,NA
2021_11_SS_CC,SS,CC,Stuttgart Surge,Cologne Centurions,8/29/2021,Cologne,Ostkampfbahn,17:15,19:39,Y,02:24,333,17 C,17 kmh,light rain,SS,2,10,CC38,"V,2,10,H38","9,3,64","PASS:2,C,5,H26 TACK:44,24","A. Ellis pass complete to D. Meza for 12 yards to the CC26, 1ST DOWN SS (M. Kensy;D. Jacobs).","V,1,10,H26",pass,NA,pass,0,3,0,0,NA,NA,9,V,SS,"INT,2,07:58,62","TD,2,05:26,100",5,38,2:32,INT,2,07:58,CC38,TD,2,05:26,CC00,NA
2021_11_SS_CC,SS,CC,Stuttgart Surge,Cologne Centurions,8/29/2021,Cologne,Ostkampfbahn,17:15,19:39,Y,02:24,333,17 C,17 kmh,light rain,SS,1,10,CC26,"V,1,10,H26","9,4,65","RUSH:41,H25, TACK:44",B. Yankson rush for 1 yard to the CC25 (M. Kensy).,"V,2,9,H25",rush,NA,NA,0,3,0,0,NA,NA,9,V,SS,"INT,2,07:58,62","TD,2,05:26,100",5,38,2:32,INT,2,07:58,CC38,TD,2,05:26,CC00,NA
2021_11_SS_CC,SS,CC,Stuttgart Surge,Cologne Centurions,8/29/2021,Cologne,Ostkampfbahn,17:15,19:39,Y,02:24,333,17 C,17 kmh,light rain,SS,2,9,CC25,"V,2,9,H25","9,5,66","PASS:2,I,17,* BRUP:27",A. Ellis pass incomplete to P. Floeser (M. Richter).,"V,3,9,H25",pass,NA,NA,0,3,0,0,NA,NA,9,V,SS,"INT,2,07:58,62","TD,2,05:26,100",5,38,2:32,INT,2,07:58,CC38,TD,2,05:26,CC00,NA
2021_11_SS_CC,SS,CC,Stuttgart Surge,Cologne Centurions,8/29/2021,Cologne,Ostkampfbahn,17:15,19:39,Y,02:24,333,17 C,17 kmh,light rain,SS,3,9,CC25,"V,3,9,H25","9,6,67","PASS:2,C,18,H00 T:05:26","A. Ellis pass complete to P. Steigerwald for 25 yards to the CC0, 1ST DOWN SS, TOUCHDOWN, clock 05:26.","V,1,10,H15",pass,05:26,pass,1,9,0,0,NA,NA,9,V,SS,"INT,2,07:58,62","TD,2,05:26,100",5,38,2:32,INT,2,07:58,CC38,TD,2,05:26,CC00,NA
2021_11_SS_CC,SS,CC,Stuttgart Surge,Cologne Centurions,8/29/2021,Cologne,Ostkampfbahn,17:15,19:39,Y,02:24,333,17 C,17 kmh,light rain,SS,1,10,CC15,"V,1,10,H15","9,7,68","PAT:K,9,M",S. Mueller kick attempt failed.,"V,1,0,V35",pat,NA,NA,0,9,0,0,NA,NA,9,V,SS,"INT,2,07:58,62","TD,2,05:26,100",5,38,2:32,INT,2,07:58,CC38,TD,2,05:26,CC00,NA
2021_11_SS_CC,SS,CC,Stuttgart Surge,Cologne Centurions,8/29/2021,Cologne,Ostkampfbahn,17:15,19:39,Y,02:24,333,17 C,17 kmh,light rain,SS,1,0,SS35,"V,1,0,V35","9,8,69","KO:17,H15 RET:5,V45 TACK:55,45","P. Floeser kickoff 50 yards to the CC15, P. Lenhardt return 40 yards to the SS45 (D. Gratza;N. Hamulic).","H,1,10,V45",kick_off,NA,NA,0,9,0,0,NA,NA,9,V,SS,"INT,2,07:58,62","TD,2,05:26,100",5,38,2:32,INT,2,07:58,CC38,TD,2,05:26,CC00,NA
2021_11_SS_CC,SS,CC,Stuttgart Surge,Cologne Centurions,8/29/2021,Cologne,Ostkampfbahn,17:15,19:39,Y,02:24,333,17 C,17 kmh,light rain,CC,1,10,SS45,"H,1,10,V45","10,1,70",{DRIVE}:05:15,COLOGNE CENTURIONS drive start at 05:15.,"H,1,10,V45",NA,05:15,NA,0,9,0,0,NA,NA,10,H,CC,"KO,2,05:15,55","TD,2,01:55,100",8,45,3:20,KO,2,05:15,SS45,TD,2,01:55,SS00,1
2021_11_SS_CC,SS,CC,Stuttgart Surge,Cologne Centurions,8/29/2021,Cologne,Ostkampfbahn,17:15,19:39,Y,02:24,333,17 C,17 kmh,light rain,CC,1,10,SS45,"H,1,10,V45","10,2,71","RUSH:43,V42, TACK:45,20",P. Poetsch rush for 3 yards to the SS42 (N. Hamulic;L. Ogbevoen).,"H,2,7,V42",rush,NA,NA,0,9,0,0,NA,NA,10,H,CC,"KO,2,05:15,55","TD,2,01:55,100",8,45,3:20,KO,2,05:15,SS45,TD,2,01:55,SS00,1
2021_11_SS_CC,SS,CC,Stuttgart Surge,Cologne Centurions,8/29/2021,Cologne,Ostkampfbahn,17:15,19:39,Y,02:24,333,17 C,17 kmh,light rain,CC,2,7,SS42,"H,2,7,V42","10,3,72","RUSH:28,V35, TACK:45,42","M. London rush for 7 yards to the SS35, 1ST DOWN CC (N. Hamulic;Z. Blair).","H,1,10,V35",rush,NA,rush,0,9,0,0,NA,NA,10,H,CC,"KO,2,05:15,55","TD,2,01:55,100",8,45,3:20,KO,2,05:15,SS45,TD,2,01:55,SS00,1
2021_11_SS_CC,SS,CC,Stuttgart Surge,Cologne Centurions,8/29/2021,Cologne,Ostkampfbahn,17:15,19:39,Y,02:24,333,17 C,17 kmh,light rain,CC,1,10,SS35,"H,1,10,V35","10,4,73","PASS:12,I,11,* BRUP:3",J. Weinreich pass incomplete to N. Aarass (W. Martheli).,"H,2,10,V35",pass,NA,NA,0,9,0,0,NA,NA,10,H,CC,"KO,2,05:15,55","TD,2,01:55,100",8,45,3:20,KO,2,05:15,SS45,TD,2,01:55,SS00,1
2021_11_SS_CC,SS,CC,Stuttgart Surge,Cologne Centurions,8/29/2021,Cologne,Ostkampfbahn,17:15,19:39,Y,02:24,333,17 C,17 kmh,light rain,CC,2,10,SS35,"H,2,10,V35","10,5,74","RUSH:28,V32, TACK:11,20",M. London rush for 3 yards to the SS32 (R. Lakalaka;L. Ogbevoen).,"H,3,7,V32",rush,NA,NA,0,9,0,0,NA,NA,10,H,CC,"KO,2,05:15,55","TD,2,01:55,100",8,45,3:20,KO,2,05:15,SS45,TD,2,01:55,SS00,1
2021_11_SS_CC,SS,CC,Stuttgart Surge,Cologne Centurions,8/29/2021,Cologne,Ostkampfbahn,17:15,19:39,Y,02:24,333,17 C,17 kmh,light rain,CC,3,7,SS32,"H,3,7,V32","10,6,75",TOUT:H T:03:40,"Timeout Cologne Centurions, clock 03:40.","H,3,7,V32",NA,03:40,NA,0,9,0,0,NA,NA,10,H,CC,"KO,2,05:15,55","TD,2,01:55,100",8,45,3:20,KO,2,05:15,SS45,TD,2,01:55,SS00,1
2021_11_SS_CC,SS,CC,Stuttgart Surge,Cologne Centurions,8/29/2021,Cologne,Ostkampfbahn,17:15,19:39,Y,02:24,333,17 C,17 kmh,light rain,CC,3,7,SS32,"H,3,7,V32","10,7,76","PASS:12,C,11,V25 TACK:11","J. Weinreich pass complete to N. Aarass for 7 yards to the SS25, 1ST DOWN CC (R. Lakalaka).","H,1,10,V25",pass,NA,pass,0,9,0,0,NA,NA,10,H,CC,"KO,2,05:15,55","TD,2,01:55,100",8,45,3:20,KO,2,05:15,SS45,TD,2,01:55,SS00,1
2021_11_SS_CC,SS,CC,Stuttgart Surge,Cologne Centurions,8/29/2021,Cologne,Ostkampfbahn,17:15,19:39,Y,02:24,333,17 C,17 kmh,light rain,CC,1,10,SS25,"H,1,10,V25","10,8,77","PASS:12,C,10,V01 TACK:3","J. Weinreich pass complete to J. Schlesinger for 24 yards to the SS1, 1ST DOWN CC (W. Martheli).","H,1,0,V01",pass,NA,pass,0,9,0,0,NA,NA,10,H,CC,"KO,2,05:15,55","TD,2,01:55,100",8,45,3:20,KO,2,05:15,SS45,TD,2,01:55,SS00,1
2021_11_SS_CC,SS,CC,Stuttgart Surge,Cologne Centurions,8/29/2021,Cologne,Ostkampfbahn,17:15,19:39,Y,02:24,333,17 C,17 kmh,light rain,CC,1,0,SS01,"H,1,0,V01","10,9,78","RUSH:12,V01,",J. Weinreich rush for no gain to the SS1.,"H,2,0,V01",rush,NA,NA,0,9,0,0,NA,NA,10,H,CC,"KO,2,05:15,55","TD,2,01:55,100",8,45,3:20,KO,2,05:15,SS45,TD,2,01:55,SS00,1
2021_11_SS_CC,SS,CC,Stuttgart Surge,Cologne Centurions,8/29/2021,Cologne,Ostkampfbahn,17:15,19:39,Y,02:24,333,17 C,17 kmh,light rain,CC,2,0,SS01,"H,2,0,V01","10,10,79","RUSH:12,V00, T:01:55","J. Weinreich rush for 1 yard to the SS0, 1ST DOWN CC, TOUCHDOWN, clock 01:55.","H,1,10,V15",rush,01:55,rush,1,9,6,0,NA,NA,10,H,CC,"KO,2,05:15,55","TD,2,01:55,100",8,45,3:20,KO,2,05:15,SS45,TD,2,01:55,SS00,1
2021_11_SS_CC,SS,CC,Stuttgart Surge,Cologne Centurions,8/29/2021,Cologne,Ostkampfbahn,17:15,19:39,Y,02:24,333,17 C,17 kmh,light rain,CC,1,10,SS15,"H,1,10,V15","10,11,80","PAT:P,12,M",J. Weinreich pass attempt failed.,"H,1,0,H35",pat,NA,NA,0,9,6,0,NA,NA,10,H,CC,"KO,2,05:15,55","TD,2,01:55,100",8,45,3:20,KO,2,05:15,SS45,TD,2,01:55,SS00,1
2021_11_SS_CC,SS,CC,Stuttgart Surge,Cologne Centurions,8/29/2021,Cologne,Ostkampfbahn,17:15,19:39,Y,02:24,333,17 C,17 kmh,light rain,CC,1,0,CC35,"H,1,0,H35","10,12,81","KO:2,V07 RET:4,V20 TACK:3 PEN:V,UH,A,41,V10,N D:1,10 SPOT:V,V10,Y","D. Schuhmacher kickoff 58 yards to the SS7, A. Eitel return 13 yards to the SS20 (J. Voelker), PENALTY SS illegal use of hands (B. Yankson) 10 yards to the SS10, 1st and 10, SS ball on SS10.","V,1,10,V10",kick_off,NA,NA,0,9,6,0,NA,NA,10,H,CC,"KO,2,05:15,55","TD,2,01:55,100",8,45,3:20,KO,2,05:15,SS45,TD,2,01:55,SS00,1
2021_11_SS_CC,SS,CC,Stuttgart Surge,Cologne Centurions,8/29/2021,Cologne,Ostkampfbahn,17:15,19:39,Y,02:24,333,17 C,17 kmh,light rain,SS,1,10,SS10,"V,1,10,V10","11,1,82",{DRIVE}:01:47,STUTTGART SURGE drive start at 01:47.,"V,1,10,V10",NA,01:47,NA,0,9,6,0,NA,NA,11,V,SS,"KO,2,01:47,10","PUNT,2,00:01,11",3,1,1:46,KO,2,01:47,SS10,PUNT,2,00:01,SS11,NA
2021_11_SS_CC,SS,CC,Stuttgart Surge,Cologne Centurions,8/29/2021,Cologne,Ostkampfbahn,17:15,19:39,Y,02:24,333,17 C,17 kmh,light rain,SS,1,10,SS10,"V,1,10,V10","11,2,83","PASS:2,S,TM,V06 SACK:44",A. Ellis sacked for loss of 4 yards to the SS6 (M. Kensy).,"V,2,14,V06",pass,NA,NA,0,9,6,0,NA,NA,11,V,SS,"KO,2,01:47,10","PUNT,2,00:01,11",3,1,1:46,KO,2,01:47,SS10,PUNT,2,00:01,SS11,NA
2021_11_SS_CC,SS,CC,Stuttgart Surge,Cologne Centurions,8/29/2021,Cologne,Ostkampfbahn,17:15,19:39,Y,02:24,333,17 C,17 kmh,light rain,SS,2,14,SS06,"V,2,14,V06","11,3,84","RUSH:2,V11, TACK:44",A. Ellis rush for 5 yards to the SS11 (M. Kensy).,"V,3,9,V11",rush,NA,NA,0,9,6,0,NA,NA,11,V,SS,"KO,2,01:47,10","PUNT,2,00:01,11",3,1,1:46,KO,2,01:47,SS10,PUNT,2,00:01,SS11,NA
2021_11_SS_CC,SS,CC,Stuttgart Surge,Cologne Centurions,8/29/2021,Cologne,Ostkampfbahn,17:15,19:39,Y,02:24,333,17 C,17 kmh,light rain,SS,3,9,SS11,"V,3,9,V11","11,4,85",TOUT:H T:00:51,"Timeout Cologne Centurions, clock 00:51.","V,3,9,V11",NA,00:51,NA,0,9,6,0,NA,NA,11,V,SS,"KO,2,01:47,10","PUNT,2,00:01,11",3,1,1:46,KO,2,01:47,SS10,PUNT,2,00:01,SS11,NA
2021_11_SS_CC,SS,CC,Stuttgart Surge,Cologne Centurions,8/29/2021,Cologne,Ostkampfbahn,17:15,19:39,Y,02:24,333,17 C,17 kmh,light rain,SS,3,9,SS11,"V,3,9,V11","11,5,86","RUSH:41,V11,TACK:30,44",B. Yankson rush TACK:30 for no gain to the SS11.,"V,4,9,V11",rush,NA,NA,0,9,6,0,NA,TACK:30,11,V,SS,"KO,2,01:47,10","PUNT,2,00:01,11",3,1,1:46,KO,2,01:47,SS10,PUNT,2,00:01,SS11,NA
2021_11_SS_CC,SS,CC,Stuttgart Surge,Cologne Centurions,8/29/2021,Cologne,Ostkampfbahn,17:15,19:39,Y,02:24,333,17 C,17 kmh,light rain,SS,4,9,SS11,"V,4,9,V11","11,6,87",TOUT:V T:00:08,"Timeout Stuttgart Surge, clock 00:08.","V,4,9,V11",NA,00:08,NA,0,9,6,0,NA,NA,11,V,SS,"KO,2,01:47,10","PUNT,2,00:01,11",3,1,1:46,KO,2,01:47,SS10,PUNT,2,00:01,SS11,NA
2021_11_SS_CC,SS,CC,Stuttgart Surge,Cologne Centurions,8/29/2021,Cologne,Ostkampfbahn,17:15,19:39,Y,02:24,333,17 C,17 kmh,light rain,SS,4,9,SS11,"V,4,9,V11","11,7,88","PUNT:9,V38 OB:","S. Mueller punt 27 yards to the SS38, out-of-bounds.","H,1,10,V38",punt,NA,NA,0,9,6,1,NA,NA,11,V,SS,"KO,2,01:47,10","PUNT,2,00:01,11",3,1,1:46,KO,2,01:47,SS10,PUNT,2,00:01,SS11,NA
2021_11_SS_CC,SS,CC,Stuttgart Surge,Cologne Centurions,8/29/2021,Cologne,Ostkampfbahn,17:15,19:39,Y,02:24,333,17 C,17 kmh,light rain,CC,1,10,SS38,"H,1,10,V38","12,1,89",{DRIVE}:00:01,COLOGNE CENTURIONS drive start at 00:01.,"H,1,10,V38",NA,00:01,NA,0,9,6,0,NA,NA,12,H,CC,"PUNT,2,00:01,62","HALF,2,00:00,62",1,0,0:01,PUNT,2,00:01,SS38,HALF,2,00:00,SS38,NA
2021_11_SS_CC,SS,CC,Stuttgart Surge,Cologne Centurions,8/29/2021,Cologne,Ostkampfbahn,17:15,19:39,Y,02:24,333,17 C,17 kmh,light rain,CC,1,10,SS38,"H,1,10,V38","12,2,90","PASS:12,S,TM,V38 SACK:98",J. Weinreich sacked for no gain to the SS38 (M. Fuerst).,"H,2,10,V38",pass,NA,NA,0,9,6,0,NA,NA,12,H,CC,"PUNT,2,00:01,62","HALF,2,00:00,62",1,0,0:01,PUNT,2,00:01,SS38,HALF,2,00:00,SS38,NA
2021_11_SS_CC,SS,CC,Stuttgart Surge,Cologne Centurions,8/29/2021,Cologne,Ostkampfbahn,17:15,19:39,Y,02:24,333,17 C,17 kmh,light rain,CC,2,10,SS38,"H,2,10,V38","12,3,91",HALF: T:00:00,"End of half, clock 00:00.","H,2,10,V38",NA,00:00,NA,0,9,6,0,NA,NA,12,H,CC,"PUNT,2,00:01,62","HALF,2,00:00,62",1,0,0:01,PUNT,2,00:01,SS38,HALF,2,00:00,SS38,NA
2021_11_SS_CC,SS,CC,Stuttgart Surge,Cologne Centurions,8/29/2021,Cologne,Ostkampfbahn,17:15,19:39,Y,02:24,333,17 C,17 kmh,light rain,CC,2,10,SS38,"H,2,10,V38","12,4,92",Q:3 T:15:00,"Start of 3rd quarter, clock 15:00.","H,2,10,V38",NA,15:00,NA,0,9,6,0,NA,NA,12,H,CC,"PUNT,2,00:01,62","HALF,2,00:00,62",1,0,0:01,PUNT,2,00:01,SS38,HALF,2,00:00,SS38,NA
2021_11_SS_CC,SS,CC,Stuttgart Surge,Cologne Centurions,8/29/2021,Cologne,Ostkampfbahn,17:15,19:39,Y,02:24,333,17 C,17 kmh,light rain,CC,2,10,SS38,"H,2,10,V38","12,5,93","SPOT:V,V35,N",SS ball on SS35.,"V,2,10,V35",NA,NA,NA,0,9,6,0,NA,NA,12,H,CC,"PUNT,2,00:01,62","HALF,2,00:00,62",1,0,0:01,PUNT,2,00:01,SS38,HALF,2,00:00,SS38,NA
2021_11_SS_CC,SS,CC,Stuttgart Surge,Cologne Centurions,8/29/2021,Cologne,Ostkampfbahn,17:15,19:39,Y,02:24,333,17 C,17 kmh,light rain,SS,2,10,SS35,"V,2,10,V35","12,6,94","KO:17,H16 RET:5,H48 TACK:21","P. Floeser kickoff 49 yards to the CC16, P. Lenhardt return 32 yards to the CC48 (J. Jakob).","H,1,10,H48",kick_off,NA,NA,0,9,6,0,NA,NA,12,H,CC,"PUNT,2,00:01,62","HALF,2,00:00,62",1,0,0:01,PUNT,2,00:01,SS38,HALF,2,00:00,SS38,NA
2021_11_SS_CC,SS,CC,Stuttgart Surge,Cologne Centurions,8/29/2021,Cologne,Ostkampfbahn,17:15,19:39,Y,02:24,333,17 C,17 kmh,light rain,CC,1,10,CC48,"H,1,10,H48","13,1,95",{DRIVE}:14:48,COLOGNE CENTURIONS drive start at 14:48.,"H,1,10,H48",NA,14:48,NA,0,9,6,0,NA,NA,13,H,CC,"KO,3,14:48,48","TD,3,09:14,100",11,52,5:34,KO,3,14:48,CC48,TD,3,09:14,SS00,1
2021_11_SS_CC,SS,CC,Stuttgart Surge,Cologne Centurions,8/29/2021,Cologne,Ostkampfbahn,17:15,19:39,Y,02:24,333,17 C,17 kmh,light rain,CC,1,10,CC48,"H,1,10,H48","13,2,96","RUSH:28,V46, TACK:31",M. London rush for 6 yards to the SS46 (N. Wenzelburger).,"H,2,4,V46",rush,NA,NA,0,9,6,0,NA,NA,13,H,CC,"KO,3,14:48,48","TD,3,09:14,100",11,52,5:34,KO,3,14:48,CC48,TD,3,09:14,SS00,1
2021_11_SS_CC,SS,CC,Stuttgart Surge,Cologne Centurions,8/29/2021,Cologne,Ostkampfbahn,17:15,19:39,Y,02:24,333,17 C,17 kmh,light rain,CC,2,4,SS46,"H,2,4,V46","13,3,97","RUSH:28,V42, FORCE:42 FUMB:H,V41,87","M. London rush for 4 yards to the SS42, fumble forced by Z. Blair, fumble by M. London recovered by CC F. Eichhorn at SS41, 1ST DOWN CC.","H,1,10,V41",rush,NA,rush,0,9,6,0,NA,NA,13,H,CC,"KO,3,14:48,48","TD,3,09:14,100",11,52,5:34,KO,3,14:48,CC48,TD,3,09:14,SS00,1
2021_11_SS_CC,SS,CC,Stuttgart Surge,Cologne Centurions,8/29/2021,Cologne,Ostkampfbahn,17:15,19:39,Y,02:24,333,17 C,17 kmh,light rain,CC,1,10,SS41,"H,1,10,V41","13,4,98","RUSH:28,V39, TACK:45",M. London rush for 2 yards to the SS39 (N. Hamulic).,"H,2,8,V39",rush,NA,NA,0,9,6,0,NA,NA,13,H,CC,"KO,3,14:48,48","TD,3,09:14,100",11,52,5:34,KO,3,14:48,CC48,TD,3,09:14,SS00,1
2021_11_SS_CC,SS,CC,Stuttgart Surge,Cologne Centurions,8/29/2021,Cologne,Ostkampfbahn,17:15,19:39,Y,02:24,333,17 C,17 kmh,light rain,CC,2,8,SS39,"H,2,8,V39","13,5,99","PASS:12,C,5,V33 TACK:32",J. Weinreich pass complete to P. Lenhardt for 6 yards to the SS33 (J. Ludwig-M.).,"H,3,2,V33",pass,NA,NA,0,9,6,0,NA,NA,13,H,CC,"KO,3,14:48,48","TD,3,09:14,100",11,52,5:34,KO,3,14:48,CC48,TD,3,09:14,SS00,1
2021_11_SS_CC,SS,CC,Stuttgart Surge,Cologne Centurions,8/29/2021,Cologne,Ostkampfbahn,17:15,19:39,Y,02:24,333,17 C,17 kmh,light rain,CC,3,2,SS33,"H,3,2,V33","13,6,100","RUSH:28,V29, TACK:45","M. London rush for 4 yards to the SS29, 1ST DOWN CC (N. Hamulic).","H,1,10,V29",rush,NA,rush,0,9,6,0,NA,NA,13,H,CC,"KO,3,14:48,48","TD,3,09:14,100",11,52,5:34,KO,3,14:48,CC48,TD,3,09:14,SS00,1
2021_11_SS_CC,SS,CC,Stuttgart Surge,Cologne Centurions,8/29/2021,Cologne,Ostkampfbahn,17:15,19:39,Y,02:24,333,17 C,17 kmh,light rain,CC,1,10,SS29,"H,1,10,V29","13,7,101","RUSH:28,V25, TACK:11",M. London rush for 4 yards to the SS25 (R. Lakalaka).,"H,2,6,V25",rush,NA,NA,0,9,6,0,NA,NA,13,H,CC,"KO,3,14:48,48","TD,3,09:14,100",11,52,5:34,KO,3,14:48,CC48,TD,3,09:14,SS00,1
2021_11_SS_CC,SS,CC,Stuttgart Surge,Cologne Centurions,8/29/2021,Cologne,Ostkampfbahn,17:15,19:39,Y,02:24,333,17 C,17 kmh,light rain,CC,2,6,SS25,"H,2,6,V25","13,8,102","RUSH:28,V13, TACK:20,98","M. London rush for 12 yards to the SS13, 1ST DOWN CC (L. Ogbevoen;M. Fuerst).","H,1,10,V13",rush,NA,rush,0,9,6,0,NA,NA,13,H,CC,"KO,3,14:48,48","TD,3,09:14,100",11,52,5:34,KO,3,14:48,CC48,TD,3,09:14,SS00,1
2021_11_SS_CC,SS,CC,Stuttgart Surge,Cologne Centurions,8/29/2021,Cologne,Ostkampfbahn,17:15,19:39,Y,02:24,333,17 C,17 kmh,light rain,CC,1,10,SS13,"H,1,10,V13","13,9,103","RUSH:28,V16, TACK:42",M. London rush for loss of 3 yards to the SS16 (Z. Blair).,"H,2,13,V16",rush,NA,NA,0,9,6,0,NA,NA,13,H,CC,"KO,3,14:48,48","TD,3,09:14,100",11,52,5:34,KO,3,14:48,CC48,TD,3,09:14,SS00,1
2021_11_SS_CC,SS,CC,Stuttgart Surge,Cologne Centurions,8/29/2021,Cologne,Ostkampfbahn,17:15,19:39,Y,02:24,333,17 C,17 kmh,light rain,CC,2,13,SS16,"H,2,13,V16","13,10,104","PASS:12,C,87,V09 TACK:45",J. Weinreich pass complete to F. Eichhorn for 7 yards to the SS9 (N. Hamulic).,"H,3,6,V09",pass,NA,NA,0,9,6,0,NA,NA,13,H,CC,"KO,3,14:48,48","TD,3,09:14,100",11,52,5:34,KO,3,14:48,CC48,TD,3,09:14,SS00,1
2021_11_SS_CC,SS,CC,Stuttgart Surge,Cologne Centurions,8/29/2021,Cologne,Ostkampfbahn,17:15,19:39,Y,02:24,333,17 C,17 kmh,light rain,CC,3,6,SS09,"H,3,6,V09","13,11,105","PASS:12,I,10,*",J. Weinreich pass incomplete to J. Schlesinger.,"H,4,6,V09",pass,NA,NA,0,9,6,0,NA,NA,13,H,CC,"KO,3,14:48,48","TD,3,09:14,100",11,52,5:34,KO,3,14:48,CC48,TD,3,09:14,SS00,1
2021_11_SS_CC,SS,CC,Stuttgart Surge,Cologne Centurions,8/29/2021,Cologne,Ostkampfbahn,17:15,19:39,Y,02:24,333,17 C,17 kmh,light rain,CC,4,6,SS09,"H,4,6,V09","13,12,106","PASS:12,C,28,V00 T:09:14 PAT:K,2,G","J. Weinreich pass complete to M. London for 9 yards to the SS0, 1ST DOWN CC, TOUCHDOWN, clock 09:14, D. Schuhmacher kick attempt good.","H,1,0,H35",pat,09:14,pass,1,9,13,0,NA,NA,13,H,CC,"KO,3,14:48,48","TD,3,09:14,100",11,52,5:34,KO,3,14:48,CC48,TD,3,09:14,SS00,1
2021_11_SS_CC,SS,CC,Stuttgart Surge,Cologne Centurions,8/29/2021,Cologne,Ostkampfbahn,17:15,19:39,Y,02:24,333,17 C,17 kmh,light rain,CC,1,0,CC35,"H,1,0,H35","13,13,107","KO:2,V26 RET:88,V39 TACK:4","D. Schuhmacher kickoff 39 yards to the SS26, M. Pludra return 13 yards to the SS39 (G. Ngovo).","V,1,10,V39",kick_off,NA,NA,0,9,13,0,NA,NA,13,H,CC,"KO,3,14:48,48","TD,3,09:14,100",11,52,5:34,KO,3,14:48,CC48,TD,3,09:14,SS00,1
2021_11_SS_CC,SS,CC,Stuttgart Surge,Cologne Centurions,8/29/2021,Cologne,Ostkampfbahn,17:15,19:39,Y,02:24,333,17 C,17 kmh,light rain,SS,1,10,SS39,"V,1,10,V39","14,1,108",{DRIVE}:09:08,STUTTGART SURGE drive start at 09:08.,"V,1,10,V39",NA,09:08,NA,0,9,13,0,NA,NA,14,V,SS,"KO,3,09:08,39","DOWNS,3,06:58,48",4,9,2:10,KO,3,09:08,SS39,DOWNS,3,06:58,SS48,NA
2021_11_SS_CC,SS,CC,Stuttgart Surge,Cologne Centurions,8/29/2021,Cologne,Ostkampfbahn,17:15,19:39,Y,02:24,333,17 C,17 kmh,light rain,SS,1,10,SS39,"V,1,10,V39","14,2,109","RUSH:41,V46, TACK:91,44",B. Yankson rush for 7 yards to the SS46 (R. Sellung;M. Kensy).,"V,2,3,V46",rush,NA,NA,0,9,13,0,NA,NA,14,V,SS,"KO,3,09:08,39","DOWNS,3,06:58,48",4,9,2:10,KO,3,09:08,SS39,DOWNS,3,06:58,SS48,NA
2021_11_SS_CC,SS,CC,Stuttgart Surge,Cologne Centurions,8/29/2021,Cologne,Ostkampfbahn,17:15,19:39,Y,02:24,333,17 C,17 kmh,light rain,SS,2,3,SS46,"V,2,3,V46","14,3,110","RUSH:41,V47, TACK:44",B. Yankson rush for 1 yard to the SS47 (M. Kensy).,"V,3,2,V47",rush,NA,NA,0,9,13,0,NA,NA,14,V,SS,"KO,3,09:08,39","DOWNS,3,06:58,48",4,9,2:10,KO,3,09:08,SS39,DOWNS,3,06:58,SS48,NA
2021_11_SS_CC,SS,CC,Stuttgart Surge,Cologne Centurions,8/29/2021,Cologne,Ostkampfbahn,17:15,19:39,Y,02:24,333,17 C,17 kmh,light rain,SS,3,2,SS47,"V,3,2,V47","14,4,111","RUSH:26,V47, TACK:44",R. Pein rush for no gain to the SS47 (M. Kensy).,"V,4,2,V47",rush,NA,NA,0,9,13,0,NA,NA,14,V,SS,"KO,3,09:08,39","DOWNS,3,06:58,48",4,9,2:10,KO,3,09:08,SS39,DOWNS,3,06:58,SS48,NA
2021_11_SS_CC,SS,CC,Stuttgart Surge,Cologne Centurions,8/29/2021,Cologne,Ostkampfbahn,17:15,19:39,Y,02:24,333,17 C,17 kmh,light rain,SS,4,2,SS47,"V,4,2,V47","14,5,112","RUSH:26,V48, TACK:91",R. Pein rush for 1 yard to the SS48 (R. Sellung).,"H,1,10,V48",rush,NA,NA,0,9,13,0,NA,NA,14,V,SS,"KO,3,09:08,39","DOWNS,3,06:58,48",4,9,2:10,KO,3,09:08,SS39,DOWNS,3,06:58,SS48,NA
2021_11_SS_CC,SS,CC,Stuttgart Surge,Cologne Centurions,8/29/2021,Cologne,Ostkampfbahn,17:15,19:39,Y,02:24,333,17 C,17 kmh,light rain,CC,1,10,SS48,"H,1,10,V48","15,1,113",{DRIVE}:06:58,COLOGNE CENTURIONS drive start at 06:58.,"H,1,10,V48",NA,06:58,NA,0,9,13,0,NA,NA,15,H,CC,"DOWNS,3,06:58,52","PUNT,3,04:19,66",6,14,2:39,DOWNS,3,06:58,SS48,PUNT,3,04:19,SS34,NA
2021_11_SS_CC,SS,CC,Stuttgart Surge,Cologne Centurions,8/29/2021,Cologne,Ostkampfbahn,17:15,19:39,Y,02:24,333,17 C,17 kmh,light rain,CC,1,10,SS48,"H,1,10,V48","15,2,114","RUSH:28,V45, TACK:45",M. London rush for 3 yards to the SS45 (N. Hamulic).,"H,2,7,V45",rush,NA,NA,0,9,13,0,NA,NA,15,H,CC,"DOWNS,3,06:58,52","PUNT,3,04:19,66",6,14,2:39,DOWNS,3,06:58,SS48,PUNT,3,04:19,SS34,NA
2021_11_SS_CC,SS,CC,Stuttgart Surge,Cologne Centurions,8/29/2021,Cologne,Ostkampfbahn,17:15,19:39,Y,02:24,333,17 C,17 kmh,light rain,CC,2,7,SS45,"H,2,7,V45","15,3,115","RUSH:28,V41, TACK:97",M. London rush for 4 yards to the SS41 (P. Ungericht).,"H,3,3,V41",rush,NA,NA,0,9,13,0,NA,NA,15,H,CC,"DOWNS,3,06:58,52","PUNT,3,04:19,66",6,14,2:39,DOWNS,3,06:58,SS48,PUNT,3,04:19,SS34,NA
2021_11_SS_CC,SS,CC,Stuttgart Surge,Cologne Centurions,8/29/2021,Cologne,Ostkampfbahn,17:15,19:39,Y,02:24,333,17 C,17 kmh,light rain,CC,3,3,SS41,"H,3,3,V41","15,4,116","RUSH:28,V33, TACK:20","M. London rush for 8 yards to the SS33, 1ST DOWN CC (L. Ogbevoen).","H,1,10,V33",rush,NA,rush,0,9,13,0,NA,NA,15,H,CC,"DOWNS,3,06:58,52","PUNT,3,04:19,66",6,14,2:39,DOWNS,3,06:58,SS48,PUNT,3,04:19,SS34,NA
2021_11_SS_CC,SS,CC,Stuttgart Surge,Cologne Centurions,8/29/2021,Cologne,Ostkampfbahn,17:15,19:39,Y,02:24,333,17 C,17 kmh,light rain,CC,1,10,SS33,"H,1,10,V33","15,5,117","RUSH:12,V34, TACK:20,42",J. Weinreich rush for loss of 1 yard to the SS34 (L. Ogbevoen;Z. Blair).,"H,2,11,V34",rush,NA,NA,0,9,13,0,NA,NA,15,H,CC,"DOWNS,3,06:58,52","PUNT,3,04:19,66",6,14,2:39,DOWNS,3,06:58,SS48,PUNT,3,04:19,SS34,NA
2021_11_SS_CC,SS,CC,Stuttgart Surge,Cologne Centurions,8/29/2021,Cologne,Ostkampfbahn,17:15,19:39,Y,02:24,333,17 C,17 kmh,light rain,CC,2,11,SS34,"H,2,11,V34","15,6,118","PASS:12,I,81,*",J. Weinreich pass incomplete to V. Roediger.,"H,3,11,V34",pass,NA,NA,0,9,13,0,NA,NA,15,H,CC,"DOWNS,3,06:58,52","PUNT,3,04:19,66",6,14,2:39,DOWNS,3,06:58,SS48,PUNT,3,04:19,SS34,NA
2021_11_SS_CC,SS,CC,Stuttgart Surge,Cologne Centurions,8/29/2021,Cologne,Ostkampfbahn,17:15,19:39,Y,02:24,333,17 C,17 kmh,light rain,CC,3,11,SS34,"H,3,11,V34","15,7,119","PASS:12,I,87,*",J. Weinreich pass incomplete to F. Eichhorn.,"H,4,11,V34",pass,NA,NA,0,9,13,0,NA,NA,15,H,CC,"DOWNS,3,06:58,52","PUNT,3,04:19,66",6,14,2:39,DOWNS,3,06:58,SS48,PUNT,3,04:19,SS34,NA
2021_11_SS_CC,SS,CC,Stuttgart Surge,Cologne Centurions,8/29/2021,Cologne,Ostkampfbahn,17:15,19:39,Y,02:24,333,17 C,17 kmh,light rain,CC,4,11,SS34,"H,4,11,V34","15,8,120","PUNT:81,V04 RET:23,V03 TACK:21","V. Roediger punt 30 yards to the SS4, M. Dabo return -1 yards to the SS3 (S. Vogel).","V,1,10,V03",punt,NA,NA,0,9,13,0,NA,NA,15,H,CC,"DOWNS,3,06:58,52","PUNT,3,04:19,66",6,14,2:39,DOWNS,3,06:58,SS48,PUNT,3,04:19,SS34,NA
2021_11_SS_CC,SS,CC,Stuttgart Surge,Cologne Centurions,8/29/2021,Cologne,Ostkampfbahn,17:15,19:39,Y,02:24,333,17 C,17 kmh,light rain,SS,1,10,SS03,"V,1,10,V03","16,1,121",{DRIVE}:04:19,STUTTGART SURGE drive start at 04:19.,"V,1,10,V03",NA,04:19,NA,0,9,13,0,NA,NA,16,V,SS,"PUNT,3,04:19,3","PUNT,3,00:00,28",8,25,4:19,PUNT,3,04:19,SS03,PUNT,3,00:00,SS28,NA
2021_11_SS_CC,SS,CC,Stuttgart Surge,Cologne Centurions,8/29/2021,Cologne,Ostkampfbahn,17:15,19:39,Y,02:24,333,17 C,17 kmh,light rain,SS,1,10,SS03,"V,1,10,V03","16,2,122","PASS:2,C,5,V13 TACK:8","A. Ellis pass complete to D. Meza for 10 yards to the SS13, 1ST DOWN SS (P. Steffen).","V,1,10,V13",pass,NA,pass,0,9,13,0,NA,NA,16,V,SS,"PUNT,3,04:19,3","PUNT,3,00:00,28",8,25,4:19,PUNT,3,04:19,SS03,PUNT,3,00:00,SS28,NA
2021_11_SS_CC,SS,CC,Stuttgart Surge,Cologne Centurions,8/29/2021,Cologne,Ostkampfbahn,17:15,19:39,Y,02:24,333,17 C,17 kmh,light rain,SS,1,10,SS13,"V,1,10,V13","16,3,123","RUSH:41,V16, TACK:44",B. Yankson rush for 3 yards to the SS16 (M. Kensy).,"V,2,7,V16",rush,NA,NA,0,9,13,0,NA,NA,16,V,SS,"PUNT,3,04:19,3","PUNT,3,00:00,28",8,25,4:19,PUNT,3,04:19,SS03,PUNT,3,00:00,SS28,NA
2021_11_SS_CC,SS,CC,Stuttgart Surge,Cologne Centurions,8/29/2021,Cologne,Ostkampfbahn,17:15,19:39,Y,02:24,333,17 C,17 kmh,light rain,SS,2,7,SS16,"V,2,7,V16","16,4,124","PASS:2,C,5,V26 TACK:44 PEN:V,IBW,A,TM,V11,N","A. Ellis pass complete to D. Meza for 10 yards to the SS26 (M. Kensy), PENALTY SS illegal block above the waist 15 yards to the SS11.","V,2,12,V11",pass,NA,NA,0,9,13,0,NA,NA,16,V,SS,"PUNT,3,04:19,3","PUNT,3,00:00,28",8,25,4:19,PUNT,3,04:19,SS03,PUNT,3,00:00,SS28,NA
2021_11_SS_CC,SS,CC,Stuttgart Surge,Cologne Centurions,8/29/2021,Cologne,Ostkampfbahn,17:15,19:39,Y,02:24,333,17 C,17 kmh,light rain,SS,2,12,SS11,"V,2,12,V11","16,5,125","D:2,12",2nd and 12.,"V,2,12,V11",NA,NA,NA,0,9,13,0,NA,NA,16,V,SS,"PUNT,3,04:19,3","PUNT,3,00:00,28",8,25,4:19,PUNT,3,04:19,SS03,PUNT,3,00:00,SS28,NA
2021_11_SS_CC,SS,CC,Stuttgart Surge,Cologne Centurions,8/29/2021,Cologne,Ostkampfbahn,17:15,19:39,Y,02:24,333,17 C,17 kmh,light rain,SS,2,12,SS11,"V,2,12,V11","16,6,126","PASS:2,C,5,V17 TACK:47",A. Ellis pass complete to D. Meza for 6 yards to the SS17 (N. Liesen).,"V,3,6,V17",pass,NA,NA,0,9,13,0,NA,NA,16,V,SS,"PUNT,3,04:19,3","PUNT,3,00:00,28",8,25,4:19,PUNT,3,04:19,SS03,PUNT,3,00:00,SS28,NA
2021_11_SS_CC,SS,CC,Stuttgart Surge,Cologne Centurions,8/29/2021,Cologne,Ostkampfbahn,17:15,19:39,Y,02:24,333,17 C,17 kmh,light rain,SS,3,6,SS17,"V,3,6,V17","16,7,127","RUSH:41,V23, TACK:8","B. Yankson rush for 6 yards to the SS23, 1ST DOWN SS (P. Steffen).","V,1,10,V23",rush,NA,rush,0,9,13,0,NA,NA,16,V,SS,"PUNT,3,04:19,3","PUNT,3,00:00,28",8,25,4:19,PUNT,3,04:19,SS03,PUNT,3,00:00,SS28,NA
2021_11_SS_CC,SS,CC,Stuttgart Surge,Cologne Centurions,8/29/2021,Cologne,Ostkampfbahn,17:15,19:39,Y,02:24,333,17 C,17 kmh,light rain,SS,1,10,SS23,"V,1,10,V23","16,8,128","RUSH:41,V26, TACK:44",B. Yankson rush for 3 yards to the SS26 (M. Kensy).,"V,2,7,V26",rush,NA,NA,0,9,13,0,NA,NA,16,V,SS,"PUNT,3,04:19,3","PUNT,3,00:00,28",8,25,4:19,PUNT,3,04:19,SS03,PUNT,3,00:00,SS28,NA
2021_11_SS_CC,SS,CC,Stuttgart Surge,Cologne Centurions,8/29/2021,Cologne,Ostkampfbahn,17:15,19:39,Y,02:24,333,17 C,17 kmh,light rain,SS,2,7,SS26,"V,2,7,V26","16,9,129","PASS:2,C,88,V28 TACK:8",A. Ellis pass complete to M. Pludra for 2 yards to the SS28 (P. Steffen).,"V,3,5,V28",pass,NA,NA,0,9,13,0,NA,NA,16,V,SS,"PUNT,3,04:19,3","PUNT,3,00:00,28",8,25,4:19,PUNT,3,04:19,SS03,PUNT,3,00:00,SS28,NA
2021_11_SS_CC,SS,CC,Stuttgart Surge,Cologne Centurions,8/29/2021,Cologne,Ostkampfbahn,17:15,19:39,Y,02:24,333,17 C,17 kmh,light rain,SS,3,5,SS28,"V,3,5,V28","16,10,130","PASS:2,I,88,* BRUP:23",A. Ellis pass incomplete to M. Pludra (T. Janssen).,"V,4,5,V28",pass,NA,NA,0,9,13,0,NA,NA,16,V,SS,"PUNT,3,04:19,3","PUNT,3,00:00,28",8,25,4:19,PUNT,3,04:19,SS03,PUNT,3,00:00,SS28,NA
2021_11_SS_CC,SS,CC,Stuttgart Surge,Cologne Centurions,8/29/2021,Cologne,Ostkampfbahn,17:15,19:39,Y,02:24,333,17 C,17 kmh,light rain,SS,4,5,SS28,"V,4,5,V28","16,11,131","PUNT:9,H33 DN:","S. Mueller punt 39 yards to the CC33, downed.","H,1,10,H33",punt,NA,NA,0,9,13,0,NA,NA,16,V,SS,"PUNT,3,04:19,3","PUNT,3,00:00,28",8,25,4:19,PUNT,3,04:19,SS03,PUNT,3,00:00,SS28,NA
2021_11_SS_CC,SS,CC,Stuttgart Surge,Cologne Centurions,8/29/2021,Cologne,Ostkampfbahn,17:15,19:39,Y,02:24,333,17 C,17 kmh,light rain,CC,1,10,CC33,"H,1,10,H33","17,1,132",{DRIVE}:00:00,COLOGNE CENTURIONS drive start at 00:00.,"H,1,10,H33",NA,00:00,NA,0,9,13,0,NA,NA,17,H,CC,"PUNT,4,15:00,33","TD,4,10:21,100",8,67,4:39,PUNT,4,15:00,CC33,TD,4,10:21,SS00,NA
2021_11_SS_CC,SS,CC,Stuttgart Surge,Cologne Centurions,8/29/2021,Cologne,Ostkampfbahn,17:15,19:39,Y,02:24,333,17 C,17 kmh,light rain,CC,1,10,CC33,"H,1,10,H33","17,2,133",Q:4 T:15:00,"Start of 4th quarter, clock 15:00.","H,1,10,H33",NA,15:00,NA,0,9,13,0,NA,NA,17,H,CC,"PUNT,4,15:00,33","TD,4,10:21,100",8,67,4:39,PUNT,4,15:00,CC33,TD,4,10:21,SS00,NA
2021_11_SS_CC,SS,CC,Stuttgart Surge,Cologne Centurions,8/29/2021,Cologne,Ostkampfbahn,17:15,19:39,Y,02:24,333,17 C,17 kmh,light rain,CC,1,10,CC33,"H,1,10,H33","17,3,134","RUSH:28,H32, TACK:32",M. London rush for loss of 1 yard to the CC32 (J. Ludwig-M.).,"H,2,11,H32",rush,NA,NA,0,9,13,0,NA,NA,17,H,CC,"PUNT,4,15:00,33","TD,4,10:21,100",8,67,4:39,PUNT,4,15:00,CC33,TD,4,10:21,SS00,NA
2021_11_SS_CC,SS,CC,Stuttgart Surge,Cologne Centurions,8/29/2021,Cologne,Ostkampfbahn,17:15,19:39,Y,02:24,333,17 C,17 kmh,light rain,CC,2,11,CC32,"H,2,11,H32","17,4,135","RUSH:28,H36, TACK:42",M. London rush for 4 yards to the CC36 (Z. Blair).,"H,3,7,H36",rush,NA,NA,0,9,13,0,NA,NA,17,H,CC,"PUNT,4,15:00,33","TD,4,10:21,100",8,67,4:39,PUNT,4,15:00,CC33,TD,4,10:21,SS00,NA
2021_11_SS_CC,SS,CC,Stuttgart Surge,Cologne Centurions,8/29/2021,Cologne,Ostkampfbahn,17:15,19:39,Y,02:24,333,17 C,17 kmh,light rain,CC,3,7,CC36,"H,3,7,H36","17,5,136","PASS:6,C,5,H49 TACK:31","J. Nowak pass complete to P. Lenhardt for 13 yards to the CC49, 1ST DOWN CC (N. Wenzelburger).","H,1,10,H49",pass,NA,pass,0,9,13,0,NA,NA,17,H,CC,"PUNT,4,15:00,33","TD,4,10:21,100",8,67,4:39,PUNT,4,15:00,CC33,TD,4,10:21,SS00,NA
2021_11_SS_CC,SS,CC,Stuttgart Surge,Cologne Centurions,8/29/2021,Cologne,Ostkampfbahn,17:15,19:39,Y,02:24,333,17 C,17 kmh,light rain,CC,1,10,CC49,"H,1,10,H49","17,6,137","RUSH:28,V47, TACK:42,48",M. London rush for 4 yards to the SS47 (Z. Blair;T. Stickel).,"H,2,6,V47",rush,NA,NA,0,9,13,0,NA,NA,17,H,CC,"PUNT,4,15:00,33","TD,4,10:21,100",8,67,4:39,PUNT,4,15:00,CC33,TD,4,10:21,SS00,NA
2021_11_SS_CC,SS,CC,Stuttgart Surge,Cologne Centurions,8/29/2021,Cologne,Ostkampfbahn,17:15,19:39,Y,02:24,333,17 C,17 kmh,light rain,CC,2,6,SS47,"H,2,6,V47","17,7,138","RUSH:28,V43, TACK:20",M. London rush for 4 yards to the SS43 (L. Ogbevoen).,"H,3,2,V43",rush,NA,NA,0,9,13,0,NA,NA,17,H,CC,"PUNT,4,15:00,33","TD,4,10:21,100",8,67,4:39,PUNT,4,15:00,CC33,TD,4,10:21,SS00,NA
2021_11_SS_CC,SS,CC,Stuttgart Surge,Cologne Centurions,8/29/2021,Cologne,Ostkampfbahn,17:15,19:39,Y,02:24,333,17 C,17 kmh,light rain,CC,3,2,SS43,"H,3,2,V43","17,8,139","RUSH:28,V42, TACK:11,98",M. London rush for 1 yard to the SS42 (R. Lakalaka;M. Fuerst).,"H,4,1,V42",rush,NA,NA,0,9,13,0,NA,NA,17,H,CC,"PUNT,4,15:00,33","TD,4,10:21,100",8,67,4:39,PUNT,4,15:00,CC33,TD,4,10:21,SS00,NA
2021_11_SS_CC,SS,CC,Stuttgart Surge,Cologne Centurions,8/29/2021,Cologne,Ostkampfbahn,17:15,19:39,Y,02:24,333,17 C,17 kmh,light rain,CC,4,1,SS42,"H,4,1,V42","17,9,140","RUSH:28,V40,TACK:98,97","M. London rush TACK:98 for 2 yards to the SS40, 1ST DOWN CC.","H,1,10,V40",rush,NA,rush,0,9,13,0,NA,TACK:98,17,H,CC,"PUNT,4,15:00,33","TD,4,10:21,100",8,67,4:39,PUNT,4,15:00,CC33,TD,4,10:21,SS00,NA
2021_11_SS_CC,SS,CC,Stuttgart Surge,Cologne Centurions,8/29/2021,Cologne,Ostkampfbahn,17:15,19:39,Y,02:24,333,17 C,17 kmh,light rain,CC,1,10,SS40,"H,1,10,V40","17,10,141","RUSH:28,V00, T:10:21","M. London rush for 40 yards to the SS0, 1ST DOWN CC, TOUCHDOWN, clock 10:21.","H,1,10,V15",rush,10:21,rush,1,9,19,0,NA,NA,17,H,CC,"PUNT,4,15:00,33","TD,4,10:21,100",8,67,4:39,PUNT,4,15:00,CC33,TD,4,10:21,SS00,NA
2021_11_SS_CC,SS,CC,Stuttgart Surge,Cologne Centurions,8/29/2021,Cologne,Ostkampfbahn,17:15,19:39,Y,02:24,333,17 C,17 kmh,light rain,CC,1,10,SS15,"H,1,10,V15","17,11,142","PAT:P,9,M",W. Bhikh pass attempt failed.,"H,1,0,H35",pat,NA,NA,0,9,19,0,NA,NA,17,H,CC,"PUNT,4,15:00,33","TD,4,10:21,100",8,67,4:39,PUNT,4,15:00,CC33,TD,4,10:21,SS00,NA
2021_11_SS_CC,SS,CC,Stuttgart Surge,Cologne Centurions,8/29/2021,Cologne,Ostkampfbahn,17:15,19:39,Y,02:24,333,17 C,17 kmh,light rain,CC,1,0,CC35,"H,1,0,H35","17,12,143","KO:2,V05 RET:39,V19 TACK:8","D. Schuhmacher kickoff 60 yards to the SS5, D. Gfeller return 14 yards to the SS19 (P. Steffen).","V,1,10,V19",kick_off,NA,NA,0,9,19,0,NA,NA,17,H,CC,"PUNT,4,15:00,33","TD,4,10:21,100",8,67,4:39,PUNT,4,15:00,CC33,TD,4,10:21,SS00,NA
2021_11_SS_CC,SS,CC,Stuttgart Surge,Cologne Centurions,8/29/2021,Cologne,Ostkampfbahn,17:15,19:39,Y,02:24,333,17 C,17 kmh,light rain,SS,1,10,SS19,"V,1,10,V19","18,1,144",{DRIVE}:10:14,STUTTGART SURGE drive start at 10:14.,"V,1,10,V19",NA,10:14,NA,0,9,19,0,NA,NA,18,V,SS,"KO,4,10:14,19","INT,4,09:05,16",3,-3,1:09,KO,4,10:14,SS19,INT,4,09:05,SS16,NA
2021_11_SS_CC,SS,CC,Stuttgart Surge,Cologne Centurions,8/29/2021,Cologne,Ostkampfbahn,17:15,19:39,Y,02:24,333,17 C,17 kmh,light rain,SS,1,10,SS19,"V,1,10,V19","18,2,145","PASS:2,S,TM,V12 SACK:93 PEN:V,CHB,D","A. Ellis sacked for loss of 7 yards to the SS12 (S. Ziebarth), PENALTY SS Chopblock declined.","V,2,17,V12",pass,NA,NA,0,9,19,0,NA,NA,18,V,SS,"KO,4,10:14,19","INT,4,09:05,16",3,-3,1:09,KO,4,10:14,SS19,INT,4,09:05,SS16,NA
2021_11_SS_CC,SS,CC,Stuttgart Surge,Cologne Centurions,8/29/2021,Cologne,Ostkampfbahn,17:15,19:39,Y,02:24,333,17 C,17 kmh,light rain,SS,2,17,SS12,"V,2,17,V12","18,3,146","RUSH:26,V16,TACK:55",R. Pein rush TACK:55 for 4 yards to the SS16.,"V,3,13,V16",rush,NA,NA,0,9,19,0,NA,TACK:55,18,V,SS,"KO,4,10:14,19","INT,4,09:05,16",3,-3,1:09,KO,4,10:14,SS19,INT,4,09:05,SS16,NA
2021_11_SS_CC,SS,CC,Stuttgart Surge,Cologne Centurions,8/29/2021,Cologne,Ostkampfbahn,17:15,19:39,Y,02:24,333,17 C,17 kmh,light rain,SS,3,13,SS16,"V,3,13,V16","18,4,147","PASS:2,X,30,V27 RET:30,V13 TACK:41","A. Ellis pass intercepted by M. Mbaye at the SS27, M. Mbaye return 14 yards to the SS13 (B. Yankson).","H,1,10,V13",pass,NA,NA,0,9,19,0,I,NA,18,V,SS,"KO,4,10:14,19","INT,4,09:05,16",3,-3,1:09,KO,4,10:14,SS19,INT,4,09:05,SS16,NA
2021_11_SS_CC,SS,CC,Stuttgart Surge,Cologne Centurions,8/29/2021,Cologne,Ostkampfbahn,17:15,19:39,Y,02:24,333,17 C,17 kmh,light rain,CC,1,10,SS13,"H,1,10,V13","19,1,148",{DRIVE}:09:05,COLOGNE CENTURIONS drive start at 09:05.,"H,1,10,V13",NA,09:05,NA,0,9,19,0,NA,NA,19,H,CC,"INT,4,09:05,87","DOWNS,4,04:23,98",8,11,4:42,INT,4,09:05,SS13,DOWNS,4,04:23,SS02,1
2021_11_SS_CC,SS,CC,Stuttgart Surge,Cologne Centurions,8/29/2021,Cologne,Ostkampfbahn,17:15,19:39,Y,02:24,333,17 C,17 kmh,light rain,CC,1,10,SS13,"H,1,10,V13","19,2,149","RUSH:28,V11, TACK:97",M. London rush for 2 yards to the SS11 (P. Ungericht).,"H,2,8,V11",rush,NA,NA,0,9,19,0,NA,NA,19,H,CC,"INT,4,09:05,87","DOWNS,4,04:23,98",8,11,4:42,INT,4,09:05,SS13,DOWNS,4,04:23,SS02,1
2021_11_SS_CC,SS,CC,Stuttgart Surge,Cologne Centurions,8/29/2021,Cologne,Ostkampfbahn,17:15,19:39,Y,02:24,333,17 C,17 kmh,light rain,CC,2,8,SS11,"H,2,8,V11","19,3,150","RUSH:28,V04, TACK:20",M. London rush for 7 yards to the SS4 (L. Ogbevoen).,"H,3,1,V04",rush,NA,NA,0,9,19,0,NA,NA,19,H,CC,"INT,4,09:05,87","DOWNS,4,04:23,98",8,11,4:42,INT,4,09:05,SS13,DOWNS,4,04:23,SS02,1
2021_11_SS_CC,SS,CC,Stuttgart Surge,Cologne Centurions,8/29/2021,Cologne,Ostkampfbahn,17:15,19:39,Y,02:24,333,17 C,17 kmh,light rain,CC,3,1,SS04,"H,3,1,V04","19,4,151","RUSH:28,V04, TACK:42",M. London rush for no gain to the SS4 (Z. Blair).,"H,4,1,V04",rush,NA,NA,0,9,19,0,NA,NA,19,H,CC,"INT,4,09:05,87","DOWNS,4,04:23,98",8,11,4:42,INT,4,09:05,SS13,DOWNS,4,04:23,SS02,1
2021_11_SS_CC,SS,CC,Stuttgart Surge,Cologne Centurions,8/29/2021,Cologne,Ostkampfbahn,17:15,19:39,Y,02:24,333,17 C,17 kmh,light rain,CC,4,1,SS04,"H,4,1,V04","19,5,152",TOUT:H T:07:20,"Timeout Cologne Centurions, clock 07:20.","H,4,1,V04",NA,07:20,NA,0,9,19,0,NA,NA,19,H,CC,"INT,4,09:05,87","DOWNS,4,04:23,98",8,11,4:42,INT,4,09:05,SS13,DOWNS,4,04:23,SS02,1
2021_11_SS_CC,SS,CC,Stuttgart Surge,Cologne Centurions,8/29/2021,Cologne,Ostkampfbahn,17:15,19:39,Y,02:24,333,17 C,17 kmh,light rain,CC,4,1,SS04,"H,4,1,V04","19,6,153","RUSH:6,V01, TACK:23,92","J. Nowak rush for 3 yards to the SS1, 1ST DOWN CC (M. Dabo;T. Burkhardt).","H,1,0,V01",rush,NA,rush,0,9,19,0,NA,NA,19,H,CC,"INT,4,09:05,87","DOWNS,4,04:23,98",8,11,4:42,INT,4,09:05,SS13,DOWNS,4,04:23,SS02,1
2021_11_SS_CC,SS,CC,Stuttgart Surge,Cologne Centurions,8/29/2021,Cologne,Ostkampfbahn,17:15,19:39,Y,02:24,333,17 C,17 kmh,light rain,CC,1,0,SS01,"H,1,0,V01","19,7,154","RUSH:28,V02, TACK:42",M. London rush for loss of 1 yard to the SS2 (Z. Blair).,"H,2,0,V02",rush,NA,NA,0,9,19,0,NA,NA,19,H,CC,"INT,4,09:05,87","DOWNS,4,04:23,98",8,11,4:42,INT,4,09:05,SS13,DOWNS,4,04:23,SS02,1
2021_11_SS_CC,SS,CC,Stuttgart Surge,Cologne Centurions,8/29/2021,Cologne,Ostkampfbahn,17:15,19:39,Y,02:24,333,17 C,17 kmh,light rain,CC,2,0,SS02,"H,2,0,V02","19,8,155","PEN:H,FS,A,72,V07,N",PENALTY CC false start (F. Jansen) 5 yards to the SS7.,"H,2,0,V07",penalty,NA,NA,0,9,19,0,NA,NA,19,H,CC,"INT,4,09:05,87","DOWNS,4,04:23,98",8,11,4:42,INT,4,09:05,SS13,DOWNS,4,04:23,SS02,1
2021_11_SS_CC,SS,CC,Stuttgart Surge,Cologne Centurions,8/29/2021,Cologne,Ostkampfbahn,17:15,19:39,Y,02:24,333,17 C,17 kmh,light rain,CC,2,0,SS07,"H,2,0,V07","19,9,156","RUSH:28,V03, TACK:42,32",M. London rush for 4 yards to the SS3 (Z. Blair;J. Ludwig-M.).,"H,3,0,V03",rush,NA,NA,0,9,19,0,NA,NA,19,H,CC,"INT,4,09:05,87","DOWNS,4,04:23,98",8,11,4:42,INT,4,09:05,SS13,DOWNS,4,04:23,SS02,1
2021_11_SS_CC,SS,CC,Stuttgart Surge,Cologne Centurions,8/29/2021,Cologne,Ostkampfbahn,17:15,19:39,Y,02:24,333,17 C,17 kmh,light rain,CC,3,0,SS03,"H,3,0,V03","19,10,157","RUSH:43,V02, TACK:11",P. Poetsch rush for 1 yard to the SS2 (R. Lakalaka).,"H,4,0,V02",rush,NA,NA,0,9,19,0,NA,NA,19,H,CC,"INT,4,09:05,87","DOWNS,4,04:23,98",8,11,4:42,INT,4,09:05,SS13,DOWNS,4,04:23,SS02,1
2021_11_SS_CC,SS,CC,Stuttgart Surge,Cologne Centurions,8/29/2021,Cologne,Ostkampfbahn,17:15,19:39,Y,02:24,333,17 C,17 kmh,light rain,CC,4,0,SS02,"H,4,0,V02","19,11,158",TOUT:H T:04:29,"Timeout Cologne Centurions, clock 04:29.","H,4,0,V02",NA,04:29,NA,0,9,19,0,NA,NA,19,H,CC,"INT,4,09:05,87","DOWNS,4,04:23,98",8,11,4:42,INT,4,09:05,SS13,DOWNS,4,04:23,SS02,1
2021_11_SS_CC,SS,CC,Stuttgart Surge,Cologne Centurions,8/29/2021,Cologne,Ostkampfbahn,17:15,19:39,Y,02:24,333,17 C,17 kmh,light rain,CC,4,0,SS02,"H,4,0,V02","19,12,159","PASS:6,I,43,*",J. Nowak pass incomplete to P. Poetsch.,"V,1,10,V02",pass,NA,NA,0,9,19,0,NA,NA,19,H,CC,"INT,4,09:05,87","DOWNS,4,04:23,98",8,11,4:42,INT,4,09:05,SS13,DOWNS,4,04:23,SS02,1
2021_11_SS_CC,SS,CC,Stuttgart Surge,Cologne Centurions,8/29/2021,Cologne,Ostkampfbahn,17:15,19:39,Y,02:24,333,17 C,17 kmh,light rain,SS,1,10,SS02,"V,1,10,V02","20,1,160",{DRIVE}:04:23,STUTTGART SURGE drive start at 04:23.,"V,1,10,V02",NA,04:23,NA,0,9,19,0,NA,NA,20,V,SS,"DOWNS,4,04:23,2","PUNT,4,03:01,6",3,4,1:22,DOWNS,4,04:23,SS02,PUNT,4,03:01,SS06,NA
2021_11_SS_CC,SS,CC,Stuttgart Surge,Cologne Centurions,8/29/2021,Cologne,Ostkampfbahn,17:15,19:39,Y,02:24,333,17 C,17 kmh,light rain,SS,1,10,SS02,"V,1,10,V02","20,2,161","RUSH:41,V09, TACK:21",B. Yankson rush for 7 yards to the SS9 (S. Vogel).,"V,2,3,V09",rush,NA,NA,0,9,19,0,NA,NA,20,V,SS,"DOWNS,4,04:23,2","PUNT,4,03:01,6",3,4,1:22,DOWNS,4,04:23,SS02,PUNT,4,03:01,SS06,NA
2021_11_SS_CC,SS,CC,Stuttgart Surge,Cologne Centurions,8/29/2021,Cologne,Ostkampfbahn,17:15,19:39,Y,02:24,333,17 C,17 kmh,light rain,SS,2,3,SS09,"V,2,3,V09","20,3,162","PASS:2,S,TM,V06 SACK:30",A. Ellis sacked for loss of 3 yards to the SS6 (M. Mbaye).,"V,3,6,V06",pass,NA,NA,0,9,19,0,NA,NA,20,V,SS,"DOWNS,4,04:23,2","PUNT,4,03:01,6",3,4,1:22,DOWNS,4,04:23,SS02,PUNT,4,03:01,SS06,NA
2021_11_SS_CC,SS,CC,Stuttgart Surge,Cologne Centurions,8/29/2021,Cologne,Ostkampfbahn,17:15,19:39,Y,02:24,333,17 C,17 kmh,light rain,SS,3,6,SS06,"V,3,6,V06","20,4,163",TOUT:H T:03:22,"Timeout Cologne Centurions, clock 03:22.","V,3,6,V06",NA,03:22,NA,0,9,19,0,NA,NA,20,V,SS,"DOWNS,4,04:23,2","PUNT,4,03:01,6",3,4,1:22,DOWNS,4,04:23,SS02,PUNT,4,03:01,SS06,NA
2021_11_SS_CC,SS,CC,Stuttgart Surge,Cologne Centurions,8/29/2021,Cologne,Ostkampfbahn,17:15,19:39,Y,02:24,333,17 C,17 kmh,light rain,SS,3,6,SS06,"V,3,6,V06","20,5,164","PASS:2,I,14,* BRUP:9",A. Ellis pass incomplete to L. Geyer (W. Bhikh).,"V,4,6,V06",pass,NA,NA,0,9,19,0,NA,NA,20,V,SS,"DOWNS,4,04:23,2","PUNT,4,03:01,6",3,4,1:22,DOWNS,4,04:23,SS02,PUNT,4,03:01,SS06,NA
2021_11_SS_CC,SS,CC,Stuttgart Surge,Cologne Centurions,8/29/2021,Cologne,Ostkampfbahn,17:15,19:39,Y,02:24,333,17 C,17 kmh,light rain,SS,4,6,SS06,"V,4,6,V06","20,6,165","PUNT:9,H47 DN:","S. Mueller punt 47 yards to the CC47, downed.","H,1,10,H47",punt,NA,NA,0,9,19,0,NA,NA,20,V,SS,"DOWNS,4,04:23,2","PUNT,4,03:01,6",3,4,1:22,DOWNS,4,04:23,SS02,PUNT,4,03:01,SS06,NA
2021_11_SS_CC,SS,CC,Stuttgart Surge,Cologne Centurions,8/29/2021,Cologne,Ostkampfbahn,17:15,19:39,Y,02:24,333,17 C,17 kmh,light rain,CC,1,10,CC47,"H,1,10,H47","21,1,166",{DRIVE}:03:01,COLOGNE CENTURIONS drive start at 03:01.,"H,1,10,H47",NA,03:01,NA,0,9,19,0,NA,NA,21,H,CC,"PUNT,4,03:01,47","HALF,4,00:00,81",5,34,3:01,PUNT,4,03:01,CC47,HALF,4,00:00,SS19,NA
2021_11_SS_CC,SS,CC,Stuttgart Surge,Cologne Centurions,8/29/2021,Cologne,Ostkampfbahn,17:15,19:39,Y,02:24,333,17 C,17 kmh,light rain,CC,1,10,CC47,"H,1,10,H47","21,2,167","RUSH:43,V49, TACK:48",P. Poetsch rush for 4 yards to the SS49 (T. Stickel).,"H,2,6,V49",rush,NA,NA,0,9,19,0,NA,NA,21,H,CC,"PUNT,4,03:01,47","HALF,4,00:00,81",5,34,3:01,PUNT,4,03:01,CC47,HALF,4,00:00,SS19,NA
2021_11_SS_CC,SS,CC,Stuttgart Surge,Cologne Centurions,8/29/2021,Cologne,Ostkampfbahn,17:15,19:39,Y,02:24,333,17 C,17 kmh,light rain,CC,2,6,SS49,"H,2,6,V49","21,3,168","RUSH:6,V41, TACK:98","J. Nowak rush for 8 yards to the SS41, 1ST DOWN CC (M. Fuerst).","H,1,10,V41",rush,NA,rush,0,9,19,0,NA,NA,21,H,CC,"PUNT,4,03:01,47","HALF,4,00:00,81",5,34,3:01,PUNT,4,03:01,CC47,HALF,4,00:00,SS19,NA
2021_11_SS_CC,SS,CC,Stuttgart Surge,Cologne Centurions,8/29/2021,Cologne,Ostkampfbahn,17:15,19:39,Y,02:24,333,17 C,17 kmh,light rain,CC,1,10,SS41,"H,1,10,V41","21,4,169","RUSH:28,V36, TACK:92",M. London rush for 5 yards to the SS36 (T. Burkhardt).,"H,2,5,V36",rush,NA,NA,0,9,19,0,NA,NA,21,H,CC,"PUNT,4,03:01,47","HALF,4,00:00,81",5,34,3:01,PUNT,4,03:01,CC47,HALF,4,00:00,SS19,NA
2021_11_SS_CC,SS,CC,Stuttgart Surge,Cologne Centurions,8/29/2021,Cologne,Ostkampfbahn,17:15,19:39,Y,02:24,333,17 C,17 kmh,light rain,CC,2,5,SS36,"H,2,5,V36","21,5,170","RUSH:26,V33, TACK:72",A. Frisch rush for 3 yards to the SS33 (D. Pisaric).,"H,3,2,V33",rush,NA,NA,0,9,19,0,NA,NA,21,H,CC,"PUNT,4,03:01,47","HALF,4,00:00,81",5,34,3:01,PUNT,4,03:01,CC47,HALF,4,00:00,SS19,NA
2021_11_SS_CC,SS,CC,Stuttgart Surge,Cologne Centurions,8/29/2021,Cologne,Ostkampfbahn,17:15,19:39,Y,02:24,333,17 C,17 kmh,light rain,CC,3,2,SS33,"H,3,2,V33","21,6,171","RUSH:4,V19, TACK:72","G. Ngovo rush for 14 yards to the SS19, 1ST DOWN CC (D. Pisaric).","H,1,10,V19",rush,NA,rush,0,9,19,0,NA,NA,21,H,CC,"PUNT,4,03:01,47","HALF,4,00:00,81",5,34,3:01,PUNT,4,03:01,CC47,HALF,4,00:00,SS19,NA
2021_11_SS_CC,SS,CC,Stuttgart Surge,Cologne Centurions,8/29/2021,Cologne,Ostkampfbahn,17:15,19:39,Y,02:24,333,17 C,17 kmh,light rain,CC,1,10,SS19,"H,1,10,V19","21,7,172",HALF: T:00:00,"End of game, clock 00:00.","H,1,10,V19",NA,00:00,NA,0,9,19,0,NA,NA,21,H,CC,"PUNT,4,03:01,47","HALF,4,00:00,81",5,34,3:01,PUNT,4,03:01,CC47,HALF,4,00:00,SS19,NA
