game_id,away_team_id,home_team_id,away_team,home_team,date,location,stadium,start,end,duration,attend,temp,wind,weather,posteam,down,togo,spot,context,play_id,tokens,desc,newcontext,play_type,clock,first_down_with,oob,score,away_score_post,home_score_post,turnover,drive_number,drive_vh,drive_team,drive_start,drive_end,drive_plays,drive_yards,drive_top,drive_start_how,drive_start_qtr,drive_start_time,drive_start_spot,drive_end_how,drive_end_qtr,drive_end_time,drive_end_spot,drive_rz
2021_07_PW_CC,PW,CC,Panthers Wroclaw,Cologne Centurions,8/1/2021,Cologne,Suedstadion Koeln,15:00,NA,-,0,26 C,16 kmh,sunny - some clouds,PW,1,10,PW30,"V,1,10,V30","0,1,0",CMT:Cologne wins toss elect to receive,Cologne wins toss elect to receive,"V,1,10,V30",NA,NA,NA,0,0,0,0,NA,0,NA,NA,NA,NA,NA,NA,NA,NA,NA,NA,NA,NA,NA,NA,NA,NA
2021_07_PW_CC,PW,CC,Panthers Wroclaw,Cologne Centurions,8/1/2021,Cologne,Suedstadion Koeln,15:00,NA,-,0,26 C,16 kmh,sunny - some clouds,PW,1,10,PW30,"V,1,10,V30","0,2,1",HALF: T:15:00 Q:1 T:15:00,"End of half, clock 15:00, start of 1st quarter, clock 15:00.","V,1,10,V30",NA,15:00,NA,0,0,0,0,NA,0,NA,NA,NA,NA,NA,NA,NA,NA,NA,NA,NA,NA,NA,NA,NA,NA
2021_07_PW_CC,PW,CC,Panthers Wroclaw,Cologne Centurions,8/1/2021,Cologne,Suedstadion Koeln,15:00,NA,-,0,26 C,16 kmh,sunny - some clouds,PW,1,10,PW30,"V,1,10,V30","0,3,2","KO:44,H09 RET:1,H22 TACK:42","T. Leader kickoff 61 yards to the CC9, Q. Pounds return 13 yards to the CC22 (J. Chmiel).","H,1,10,H22",kick_off,NA,NA,0,0,0,0,NA,0,NA,NA,NA,NA,NA,NA,NA,NA,NA,NA,NA,NA,NA,NA,NA,NA
2021_07_PW_CC,PW,CC,Panthers Wroclaw,Cologne Centurions,8/1/2021,Cologne,Suedstadion Koeln,15:00,NA,-,0,26 C,16 kmh,sunny - some clouds,CC,1,10,CC22,"H,1,10,H22","1,1,3","PASS:12,I,1,* BRUP:1",J. Weinreich pass incomplete to Q. Pounds (D. Robinson).,"H,2,10,H22",pass,NA,NA,0,0,0,0,NA,1,H,CC,"KO,1,15:00,22","DOWNS,1,09:40,83",12,61,5:20,KO,1,15:00,CC22,DOWNS,1,09:40,PW17,1
2021_07_PW_CC,PW,CC,Panthers Wroclaw,Cologne Centurions,8/1/2021,Cologne,Suedstadion Koeln,15:00,NA,-,0,26 C,16 kmh,sunny - some clouds,CC,2,10,CC22,"H,2,10,H22","1,2,4","RUSH:28,H24, TACK:6",M. London rush for 2 yards to the CC24 (K. Ruta).,"H,3,8,H24",rush,NA,NA,0,0,0,0,NA,1,H,CC,"KO,1,15:00,22","DOWNS,1,09:40,83",12,61,5:20,KO,1,15:00,CC22,DOWNS,1,09:40,PW17,1
2021_07_PW_CC,PW,CC,Panthers Wroclaw,Cologne Centurions,8/1/2021,Cologne,Suedstadion Koeln,15:00,NA,-,0,26 C,16 kmh,sunny - some clouds,CC,3,8,CC24,"H,3,8,H24","1,3,5","PASS:12,C,11,H40 TACK:9","J. Weinreich pass complete to N. Aarass for 16 yards to the CC40, 1ST DOWN CC (T. Witalis).","H,1,10,H40",pass,NA,pass,0,0,0,0,NA,1,H,CC,"KO,1,15:00,22","DOWNS,1,09:40,83",12,61,5:20,KO,1,15:00,CC22,DOWNS,1,09:40,PW17,1
2021_07_PW_CC,PW,CC,Panthers Wroclaw,Cologne Centurions,8/1/2021,Cologne,Suedstadion Koeln,15:00,NA,-,0,26 C,16 kmh,sunny - some clouds,CC,1,10,CC40,"H,1,10,H40","1,4,6","PASS:12,C,11,H50 TACK:9","J. Weinreich pass complete to N. Aarass for 10 yards to the 50 yardline, 1ST DOWN CC (T. Witalis).","H,1,10,H50",pass,NA,pass,0,0,0,0,NA,1,H,CC,"KO,1,15:00,22","DOWNS,1,09:40,83",12,61,5:20,KO,1,15:00,CC22,DOWNS,1,09:40,PW17,1
2021_07_PW_CC,PW,CC,Panthers Wroclaw,Cologne Centurions,8/1/2021,Cologne,Suedstadion Koeln,15:00,NA,-,0,26 C,16 kmh,sunny - some clouds,CC,1,10,CC50,"H,1,10,H50","1,5,7","RUSH:28,V43, TACK:6",M. London rush for 7 yards to the PW43 (K. Ruta).,"H,2,3,V43",rush,NA,NA,0,0,0,0,NA,1,H,CC,"KO,1,15:00,22","DOWNS,1,09:40,83",12,61,5:20,KO,1,15:00,CC22,DOWNS,1,09:40,PW17,1
2021_07_PW_CC,PW,CC,Panthers Wroclaw,Cologne Centurions,8/1/2021,Cologne,Suedstadion Koeln,15:00,NA,-,0,26 C,16 kmh,sunny - some clouds,CC,2,3,PW43,"H,2,3,V43","1,6,8","RUSH:28,V40, TACK:6,5","M. London rush for 3 yards to the PW40, 1ST DOWN CC (K. Ruta;G. Zec).","H,1,10,V40",rush,NA,rush,0,0,0,0,NA,1,H,CC,"KO,1,15:00,22","DOWNS,1,09:40,83",12,61,5:20,KO,1,15:00,CC22,DOWNS,1,09:40,PW17,1
2021_07_PW_CC,PW,CC,Panthers Wroclaw,Cologne Centurions,8/1/2021,Cologne,Suedstadion Koeln,15:00,NA,-,0,26 C,16 kmh,sunny - some clouds,CC,1,10,PW40,"H,1,10,V40","1,7,9","RUSH:28,V33, TACK:5",M. London rush for 7 yards to the PW33 (G. Zec).,"H,2,3,V33",rush,NA,NA,0,0,0,0,NA,1,H,CC,"KO,1,15:00,22","DOWNS,1,09:40,83",12,61,5:20,KO,1,15:00,CC22,DOWNS,1,09:40,PW17,1
2021_07_PW_CC,PW,CC,Panthers Wroclaw,Cologne Centurions,8/1/2021,Cologne,Suedstadion Koeln,15:00,NA,-,0,26 C,16 kmh,sunny - some clouds,CC,2,3,PW33,"H,2,3,V33","1,8,10","PASS:12,I,1,* PEN:V,RP,A,TM,V17,1","J. Weinreich pass incomplete to Q. Pounds, PENALTY PW roughing passer 16 yards to the PW17, 1ST DOWN CC.","H,1,10,V17",pass,NA,penalty,0,0,0,0,NA,1,H,CC,"KO,1,15:00,22","DOWNS,1,09:40,83",12,61,5:20,KO,1,15:00,CC22,DOWNS,1,09:40,PW17,1
2021_07_PW_CC,PW,CC,Panthers Wroclaw,Cologne Centurions,8/1/2021,Cologne,Suedstadion Koeln,15:00,NA,-,0,26 C,16 kmh,sunny - some clouds,CC,1,10,PW17,"H,1,10,V17","1,9,11","D:1,10 RUSH:28,V18, TACK:8","1st and 10, M. London rush for loss of 1 yard to the PW18 (H. Ogrodowczyk).","H,2,11,V18",rush,NA,NA,0,0,0,0,NA,1,H,CC,"KO,1,15:00,22","DOWNS,1,09:40,83",12,61,5:20,KO,1,15:00,CC22,DOWNS,1,09:40,PW17,1
2021_07_PW_CC,PW,CC,Panthers Wroclaw,Cologne Centurions,8/1/2021,Cologne,Suedstadion Koeln,15:00,NA,-,0,26 C,16 kmh,sunny - some clouds,CC,2,11,PW18,"H,2,11,V18","1,10,12","RUSH:28,V17,",M. London rush for 1 yard to the PW17.,"H,3,10,V17",rush,NA,NA,0,0,0,0,NA,1,H,CC,"KO,1,15:00,22","DOWNS,1,09:40,83",12,61,5:20,KO,1,15:00,CC22,DOWNS,1,09:40,PW17,1
2021_07_PW_CC,PW,CC,Panthers Wroclaw,Cologne Centurions,8/1/2021,Cologne,Suedstadion Koeln,15:00,NA,-,0,26 C,16 kmh,sunny - some clouds,CC,3,10,PW17,"H,3,10,V17","1,11,13","PASS:12,I,10,*",J. Weinreich pass incomplete to J. Schlesinger.,"H,4,10,V17",pass,NA,NA,0,0,0,0,NA,1,H,CC,"KO,1,15:00,22","DOWNS,1,09:40,83",12,61,5:20,KO,1,15:00,CC22,DOWNS,1,09:40,PW17,1
2021_07_PW_CC,PW,CC,Panthers Wroclaw,Cologne Centurions,8/1/2021,Cologne,Suedstadion Koeln,15:00,NA,-,0,26 C,16 kmh,sunny - some clouds,CC,4,10,PW17,"H,4,10,V17","1,12,14",TOUT:H T:09:49,"Timeout Cologne Centurions, clock 09:49.","H,4,10,V17",NA,09:49,NA,0,0,0,0,NA,1,H,CC,"KO,1,15:00,22","DOWNS,1,09:40,83",12,61,5:20,KO,1,15:00,CC22,DOWNS,1,09:40,PW17,1
2021_07_PW_CC,PW,CC,Panthers Wroclaw,Cologne Centurions,8/1/2021,Cologne,Suedstadion Koeln,15:00,NA,-,0,26 C,16 kmh,sunny - some clouds,CC,4,10,PW17,"H,4,10,V17","1,13,15","PASS:12,I,11,* BRUP:26",J. Weinreich pass incomplete to N. Aarass (M. Osumek).,"V,1,10,V17",pass,NA,NA,0,0,0,0,NA,1,H,CC,"KO,1,15:00,22","DOWNS,1,09:40,83",12,61,5:20,KO,1,15:00,CC22,DOWNS,1,09:40,PW17,1
2021_07_PW_CC,PW,CC,Panthers Wroclaw,Cologne Centurions,8/1/2021,Cologne,Suedstadion Koeln,15:00,NA,-,0,26 C,16 kmh,sunny - some clouds,PW,1,10,PW17,"V,1,10,V17","2,1,16","PASS:12,I,87,*",12 pass incomplete to I. Maslaka.,"V,2,10,V17",pass,NA,NA,0,0,0,0,NA,2,V,PW,"DOWNS,1,09:40,17","PUNT,1,07:02,57",7,40,2:38,DOWNS,1,09:40,PW17,PUNT,1,07:02,CC43,NA
2021_07_PW_CC,PW,CC,Panthers Wroclaw,Cologne Centurions,8/1/2021,Cologne,Suedstadion Koeln,15:00,NA,-,0,26 C,16 kmh,sunny - some clouds,PW,2,10,PW17,"V,2,10,V17","2,2,17",{DRIVE}:09:40,PANTHERS WROCLAW drive start at 09:40.,"V,2,10,V17",NA,09:40,NA,0,0,0,0,NA,2,V,PW,"DOWNS,1,09:40,17","PUNT,1,07:02,57",7,40,2:38,DOWNS,1,09:40,PW17,PUNT,1,07:02,CC43,NA
2021_07_PW_CC,PW,CC,Panthers Wroclaw,Cologne Centurions,8/1/2021,Cologne,Suedstadion Koeln,15:00,NA,-,0,26 C,16 kmh,sunny - some clouds,PW,2,10,PW17,"V,2,10,V17","2,3,18","PASS:2,C,82,V32 TACK:TM","L. OConnor pass complete to P. Banat for 15 yards to the PW32, 1ST DOWN PW (TEAM).","V,1,10,V32",pass,NA,pass,0,0,0,0,NA,2,V,PW,"DOWNS,1,09:40,17","PUNT,1,07:02,57",7,40,2:38,DOWNS,1,09:40,PW17,PUNT,1,07:02,CC43,NA
2021_07_PW_CC,PW,CC,Panthers Wroclaw,Cologne Centurions,8/1/2021,Cologne,Suedstadion Koeln,15:00,NA,-,0,26 C,16 kmh,sunny - some clouds,PW,1,10,PW32,"V,1,10,V32","2,4,19","PASS:2,C,82,V40 TACK:30",L. OConnor pass complete to P. Banat for 8 yards to the PW40 (M. Mbaye).,"V,2,2,V40",pass,NA,NA,0,0,0,0,NA,2,V,PW,"DOWNS,1,09:40,17","PUNT,1,07:02,57",7,40,2:38,DOWNS,1,09:40,PW17,PUNT,1,07:02,CC43,NA
2021_07_PW_CC,PW,CC,Panthers Wroclaw,Cologne Centurions,8/1/2021,Cologne,Suedstadion Koeln,15:00,NA,-,0,26 C,16 kmh,sunny - some clouds,PW,2,2,PW40,"V,2,2,V40","2,5,20","RUSH:2,H47, OB:","L. OConnor rush for 13 yards to the CC47, 1ST DOWN PW, out-of-bounds.","V,1,10,H47",rush,NA,rush,1,0,0,0,NA,2,V,PW,"DOWNS,1,09:40,17","PUNT,1,07:02,57",7,40,2:38,DOWNS,1,09:40,PW17,PUNT,1,07:02,CC43,NA
2021_07_PW_CC,PW,CC,Panthers Wroclaw,Cologne Centurions,8/1/2021,Cologne,Suedstadion Koeln,15:00,NA,-,0,26 C,16 kmh,sunny - some clouds,PW,1,10,CC47,"V,1,10,H47","2,6,21","RUSH:25,H45, TACK:44",P. Pasqualini rush for 2 yards to the CC45 (M. Kensy).,"V,2,8,H45",rush,NA,NA,0,0,0,0,NA,2,V,PW,"DOWNS,1,09:40,17","PUNT,1,07:02,57",7,40,2:38,DOWNS,1,09:40,PW17,PUNT,1,07:02,CC43,NA
2021_07_PW_CC,PW,CC,Panthers Wroclaw,Cologne Centurions,8/1/2021,Cologne,Suedstadion Koeln,15:00,NA,-,0,26 C,16 kmh,sunny - some clouds,PW,2,8,CC45,"V,2,8,H45","2,7,22","PASS:2,C,24,H43 TACK:32",L. OConnor pass complete to M. Herndon for 2 yards to the CC43 (R. Grooten).,"V,3,6,H43",pass,NA,NA,0,0,0,0,NA,2,V,PW,"DOWNS,1,09:40,17","PUNT,1,07:02,57",7,40,2:38,DOWNS,1,09:40,PW17,PUNT,1,07:02,CC43,NA
2021_07_PW_CC,PW,CC,Panthers Wroclaw,Cologne Centurions,8/1/2021,Cologne,Suedstadion Koeln,15:00,NA,-,0,26 C,16 kmh,sunny - some clouds,PW,3,6,CC43,"V,3,6,H43","2,8,23","PASS:2,I,23,*",L. OConnor pass incomplete to J. Mazan.,"V,4,6,H43",pass,NA,NA,0,0,0,0,NA,2,V,PW,"DOWNS,1,09:40,17","PUNT,1,07:02,57",7,40,2:38,DOWNS,1,09:40,PW17,PUNT,1,07:02,CC43,NA
2021_07_PW_CC,PW,CC,Panthers Wroclaw,Cologne Centurions,8/1/2021,Cologne,Suedstadion Koeln,15:00,NA,-,0,26 C,16 kmh,sunny - some clouds,PW,4,6,CC43,"V,4,6,H43","2,9,24","PUNT:44,H13 OB:","T. Leader punt 30 yards to the CC13, out-of-bounds.","H,1,10,H13",punt,NA,NA,1,0,0,0,NA,2,V,PW,"DOWNS,1,09:40,17","PUNT,1,07:02,57",7,40,2:38,DOWNS,1,09:40,PW17,PUNT,1,07:02,CC43,NA
2021_07_PW_CC,PW,CC,Panthers Wroclaw,Cologne Centurions,8/1/2021,Cologne,Suedstadion Koeln,15:00,NA,-,0,26 C,16 kmh,sunny - some clouds,CC,1,10,CC13,"H,1,10,H13","3,1,25",{DRIVE}:07:02,COLOGNE CENTURIONS drive start at 07:02.,"H,1,10,H13",NA,07:02,NA,0,0,0,0,NA,3,H,CC,"PUNT,1,07:02,13","PUNT,1,03:49,23",5,10,3:13,PUNT,1,07:02,CC13,PUNT,1,03:49,CC23,NA
2021_07_PW_CC,PW,CC,Panthers Wroclaw,Cologne Centurions,8/1/2021,Cologne,Suedstadion Koeln,15:00,NA,-,0,26 C,16 kmh,sunny - some clouds,CC,1,10,CC13,"H,1,10,H13","3,2,26","RUSH:28,H21, TACK:6",M. London rush for 8 yards to the CC21 (K. Ruta).,"H,2,2,H21",rush,NA,NA,0,0,0,0,NA,3,H,CC,"PUNT,1,07:02,13","PUNT,1,03:49,23",5,10,3:13,PUNT,1,07:02,CC13,PUNT,1,03:49,CC23,NA
2021_07_PW_CC,PW,CC,Panthers Wroclaw,Cologne Centurions,8/1/2021,Cologne,Suedstadion Koeln,15:00,NA,-,0,26 C,16 kmh,sunny - some clouds,CC,2,2,CC21,"H,2,2,H21","3,3,27","RUSH:28,H26, TACK:19,26","M. London rush for 5 yards to the CC26, 1ST DOWN CC (D. Piatkowski;M. Osumek).","H,1,10,H26",rush,NA,rush,0,0,0,0,NA,3,H,CC,"PUNT,1,07:02,13","PUNT,1,03:49,23",5,10,3:13,PUNT,1,07:02,CC13,PUNT,1,03:49,CC23,NA
2021_07_PW_CC,PW,CC,Panthers Wroclaw,Cologne Centurions,8/1/2021,Cologne,Suedstadion Koeln,15:00,NA,-,0,26 C,16 kmh,sunny - some clouds,CC,1,10,CC26,"H,1,10,H26","3,4,28","PASS:12,C,43,H30 TACK:4",J. Weinreich pass complete to P. Poetsch for 4 yards to the CC30 (W. Lloyd).,"H,2,6,H30",pass,NA,NA,0,0,0,0,NA,3,H,CC,"PUNT,1,07:02,13","PUNT,1,03:49,23",5,10,3:13,PUNT,1,07:02,CC13,PUNT,1,03:49,CC23,NA
2021_07_PW_CC,PW,CC,Panthers Wroclaw,Cologne Centurions,8/1/2021,Cologne,Suedstadion Koeln,15:00,NA,-,0,26 C,16 kmh,sunny - some clouds,CC,2,6,CC30,"H,2,6,H30","3,5,29","RUSH:28,H31, TACK:4,94",M. London rush for 1 yard to the CC31 (W. Lloyd;K. Brauns).,"H,3,5,H31",rush,NA,NA,0,0,0,0,NA,3,H,CC,"PUNT,1,07:02,13","PUNT,1,03:49,23",5,10,3:13,PUNT,1,07:02,CC13,PUNT,1,03:49,CC23,NA
2021_07_PW_CC,PW,CC,Panthers Wroclaw,Cologne Centurions,8/1/2021,Cologne,Suedstadion Koeln,15:00,NA,-,0,26 C,16 kmh,sunny - some clouds,CC,3,5,CC31,"H,3,5,H31","3,6,30","PASS:12,S,TM,H23 SACK:93",J. Weinreich sacked for loss of 8 yards to the CC23 (D. Wesolowski).,"H,4,13,H23",pass,NA,NA,0,0,0,0,NA,3,H,CC,"PUNT,1,07:02,13","PUNT,1,03:49,23",5,10,3:13,PUNT,1,07:02,CC13,PUNT,1,03:49,CC23,NA
2021_07_PW_CC,PW,CC,Panthers Wroclaw,Cologne Centurions,8/1/2021,Cologne,Suedstadion Koeln,15:00,NA,-,0,26 C,16 kmh,sunny - some clouds,CC,4,13,CC23,"H,4,13,H23","3,7,31","PUNT:81,V35 RET:1,V45","V. Roediger punt 42 yards to the PW35, D. Robinson return 10 yards to the PW45.","V,1,10,V45",punt,NA,NA,0,0,0,0,NA,3,H,CC,"PUNT,1,07:02,13","PUNT,1,03:49,23",5,10,3:13,PUNT,1,07:02,CC13,PUNT,1,03:49,CC23,NA
2021_07_PW_CC,PW,CC,Panthers Wroclaw,Cologne Centurions,8/1/2021,Cologne,Suedstadion Koeln,15:00,NA,-,0,26 C,16 kmh,sunny - some clouds,PW,1,10,PW45,"V,1,10,V45","4,1,32",{DRIVE}:03:49,PANTHERS WROCLAW drive start at 03:49.,"V,1,10,V45",NA,03:49,NA,0,0,0,0,NA,4,V,PW,"PUNT,1,03:49,45","TD,1,02:36,100",3,55,1:13,PUNT,1,03:49,PW45,TD,1,02:36,CC00,1
2021_07_PW_CC,PW,CC,Panthers Wroclaw,Cologne Centurions,8/1/2021,Cologne,Suedstadion Koeln,15:00,NA,-,0,26 C,16 kmh,sunny - some clouds,PW,1,10,PW45,"V,1,10,V45","4,2,33","RUSH:26,V44, TACK:44",M. Osumek rush for loss of 1 yard to the PW44 (M. Kensy).,"V,2,11,V44",rush,NA,NA,0,0,0,0,NA,4,V,PW,"PUNT,1,03:49,45","TD,1,02:36,100",3,55,1:13,PUNT,1,03:49,PW45,TD,1,02:36,CC00,1
2021_07_PW_CC,PW,CC,Panthers Wroclaw,Cologne Centurions,8/1/2021,Cologne,Suedstadion Koeln,15:00,NA,-,0,26 C,16 kmh,sunny - some clouds,PW,2,11,PW44,"V,2,11,V44","4,3,34","PASS:2,C,23,H14 TACK:24","L. OConnor pass complete to J. Mazan for 42 yards to the CC14, 1ST DOWN PW (D. Jacobs).","V,1,10,H14",pass,NA,pass,0,0,0,0,NA,4,V,PW,"PUNT,1,03:49,45","TD,1,02:36,100",3,55,1:13,PUNT,1,03:49,PW45,TD,1,02:36,CC00,1
2021_07_PW_CC,PW,CC,Panthers Wroclaw,Cologne Centurions,8/1/2021,Cologne,Suedstadion Koeln,15:00,NA,-,0,26 C,16 kmh,sunny - some clouds,PW,1,10,CC14,"V,1,10,H14","4,4,35","PASS:2,C,15,H00 T:02:36 PAT:K,11,M","L. OConnor pass complete to B. Dziedzic for 14 yards to the CC0, 1ST DOWN PW, TOUCHDOWN, clock 02:36, D. Panczyszyn kick attempt failed.","V,1,0,V30",pat,02:36,pass,0,1,6,0,NA,4,V,PW,"PUNT,1,03:49,45","TD,1,02:36,100",3,55,1:13,PUNT,1,03:49,PW45,TD,1,02:36,CC00,1
2021_07_PW_CC,PW,CC,Panthers Wroclaw,Cologne Centurions,8/1/2021,Cologne,Suedstadion Koeln,15:00,NA,-,0,26 C,16 kmh,sunny - some clouds,PW,1,0,PW30,"V,1,0,V30","4,5,36","KO:44,H08 RET:1,H20 TACK:47","T. Leader kickoff 62 yards to the CC8, Q. Pounds return 12 yards to the CC20 (A. Idziak).","H,1,10,H20",kick_off,NA,NA,0,0,6,0,NA,4,V,PW,"PUNT,1,03:49,45","TD,1,02:36,100",3,55,1:13,PUNT,1,03:49,PW45,TD,1,02:36,CC00,1
2021_07_PW_CC,PW,CC,Panthers Wroclaw,Cologne Centurions,8/1/2021,Cologne,Suedstadion Koeln,15:00,NA,-,0,26 C,16 kmh,sunny - some clouds,CC,1,10,CC20,"H,1,10,H20","5,1,37",{DRIVE}:02:29,COLOGNE CENTURIONS drive start at 02:29.,"H,1,10,H20",NA,02:29,NA,0,0,6,0,NA,5,H,CC,"KO,1,02:29,20","PUNT,2,12:51,43",9,23,4:38,KO,1,02:29,CC20,PUNT,2,12:51,CC43,NA
2021_07_PW_CC,PW,CC,Panthers Wroclaw,Cologne Centurions,8/1/2021,Cologne,Suedstadion Koeln,15:00,NA,-,0,26 C,16 kmh,sunny - some clouds,CC,1,10,CC20,"H,1,10,H20","5,2,38","RUSH:28,H19, TACK:50",M. London rush for loss of 1 yard to the CC19 (S. Adamczyk).,"H,2,11,H19",rush,NA,NA,0,0,6,0,NA,5,H,CC,"KO,1,02:29,20","PUNT,2,12:51,43",9,23,4:38,KO,1,02:29,CC20,PUNT,2,12:51,CC43,NA
2021_07_PW_CC,PW,CC,Panthers Wroclaw,Cologne Centurions,8/1/2021,Cologne,Suedstadion Koeln,15:00,NA,-,0,26 C,16 kmh,sunny - some clouds,CC,2,11,CC19,"H,2,11,H19","5,3,39","PASS:12,I,87,*",J. Weinreich pass incomplete to F. Eichhorn.,"H,3,11,H19",pass,NA,NA,0,0,6,0,NA,5,H,CC,"KO,1,02:29,20","PUNT,2,12:51,43",9,23,4:38,KO,1,02:29,CC20,PUNT,2,12:51,CC43,NA
2021_07_PW_CC,PW,CC,Panthers Wroclaw,Cologne Centurions,8/1/2021,Cologne,Suedstadion Koeln,15:00,NA,-,0,26 C,16 kmh,sunny - some clouds,CC,3,11,CC19,"H,3,11,H19","5,4,40","PASS:12,C,87,H29 TACK:4",J. Weinreich pass complete to F. Eichhorn for 10 yards to the CC29 (W. Lloyd).,"H,4,1,H29",pass,NA,NA,0,0,6,0,NA,5,H,CC,"KO,1,02:29,20","PUNT,2,12:51,43",9,23,4:38,KO,1,02:29,CC20,PUNT,2,12:51,CC43,NA
2021_07_PW_CC,PW,CC,Panthers Wroclaw,Cologne Centurions,8/1/2021,Cologne,Suedstadion Koeln,15:00,NA,-,0,26 C,16 kmh,sunny - some clouds,CC,4,1,CC29,"H,4,1,H29","5,5,41",TOUT:H T:01:15,"Timeout Cologne Centurions, clock 01:15.","H,4,1,H29",NA,01:15,NA,0,0,6,0,NA,5,H,CC,"KO,1,02:29,20","PUNT,2,12:51,43",9,23,4:38,KO,1,02:29,CC20,PUNT,2,12:51,CC43,NA
2021_07_PW_CC,PW,CC,Panthers Wroclaw,Cologne Centurions,8/1/2021,Cologne,Suedstadion Koeln,15:00,NA,-,0,26 C,16 kmh,sunny - some clouds,CC,4,1,CC29,"H,4,1,H29","5,6,42","RUSH:28,H31, TACK:8","M. London rush for 2 yards to the CC31, 1ST DOWN CC (H. Ogrodowczyk).","H,1,10,H31",rush,NA,rush,0,0,6,0,NA,5,H,CC,"KO,1,02:29,20","PUNT,2,12:51,43",9,23,4:38,KO,1,02:29,CC20,PUNT,2,12:51,CC43,NA
2021_07_PW_CC,PW,CC,Panthers Wroclaw,Cologne Centurions,8/1/2021,Cologne,Suedstadion Koeln,15:00,NA,-,0,26 C,16 kmh,sunny - some clouds,CC,1,10,CC31,"H,1,10,H31","5,7,43","PASS:12,I,1,*",J. Weinreich pass incomplete to Q. Pounds.,"H,2,10,H31",pass,NA,NA,0,0,6,0,NA,5,H,CC,"KO,1,02:29,20","PUNT,2,12:51,43",9,23,4:38,KO,1,02:29,CC20,PUNT,2,12:51,CC43,NA
2021_07_PW_CC,PW,CC,Panthers Wroclaw,Cologne Centurions,8/1/2021,Cologne,Suedstadion Koeln,15:00,NA,-,0,26 C,16 kmh,sunny - some clouds,CC,2,10,CC31,"H,2,10,H31","5,8,44","RUSH:28,H46, TACK:4","M. London rush for 15 yards to the CC46, 1ST DOWN CC (W. Lloyd).","H,1,10,H46",rush,NA,rush,0,0,6,0,NA,5,H,CC,"KO,1,02:29,20","PUNT,2,12:51,43",9,23,4:38,KO,1,02:29,CC20,PUNT,2,12:51,CC43,NA
2021_07_PW_CC,PW,CC,Panthers Wroclaw,Cologne Centurions,8/1/2021,Cologne,Suedstadion Koeln,15:00,NA,-,0,26 C,16 kmh,sunny - some clouds,CC,1,10,CC46,"H,1,10,H46","5,9,45",Q:2 T:15:00,"Start of 2nd quarter, clock 15:00.","H,1,10,H46",NA,15:00,NA,0,0,6,0,NA,5,H,CC,"KO,1,02:29,20","PUNT,2,12:51,43",9,23,4:38,KO,1,02:29,CC20,PUNT,2,12:51,CC43,NA
2021_07_PW_CC,PW,CC,Panthers Wroclaw,Cologne Centurions,8/1/2021,Cologne,Suedstadion Koeln,15:00,NA,-,0,26 C,16 kmh,sunny - some clouds,CC,1,10,CC46,"H,1,10,H46","5,10,46","PASS:12,C,1,H50 TACK:1",J. Weinreich pass complete to Q. Pounds for 4 yards to the 50 yardline (D. Robinson).,"H,2,6,H50",pass,NA,NA,0,0,6,0,NA,5,H,CC,"KO,1,02:29,20","PUNT,2,12:51,43",9,23,4:38,KO,1,02:29,CC20,PUNT,2,12:51,CC43,NA
2021_07_PW_CC,PW,CC,Panthers Wroclaw,Cologne Centurions,8/1/2021,Cologne,Suedstadion Koeln,15:00,NA,-,0,26 C,16 kmh,sunny - some clouds,CC,2,6,CC50,"H,2,6,H50","5,11,47","RUSH:28,V47, TACK:94",M. London rush for 3 yards to the PW47 (K. Brauns).,"H,3,3,V47",rush,NA,NA,0,0,6,0,NA,5,H,CC,"KO,1,02:29,20","PUNT,2,12:51,43",9,23,4:38,KO,1,02:29,CC20,PUNT,2,12:51,CC43,NA
2021_07_PW_CC,PW,CC,Panthers Wroclaw,Cologne Centurions,8/1/2021,Cologne,Suedstadion Koeln,15:00,NA,-,0,26 C,16 kmh,sunny - some clouds,CC,3,3,PW47,"H,3,3,V47","5,12,48","PEN:H,FS,A,78,H48,N",PENALTY CC false start (F. Weinreich) 5 yards to the CC48.,"H,3,8,H48",penalty,NA,NA,0,0,6,0,NA,5,H,CC,"KO,1,02:29,20","PUNT,2,12:51,43",9,23,4:38,KO,1,02:29,CC20,PUNT,2,12:51,CC43,NA
2021_07_PW_CC,PW,CC,Panthers Wroclaw,Cologne Centurions,8/1/2021,Cologne,Suedstadion Koeln,15:00,NA,-,0,26 C,16 kmh,sunny - some clouds,CC,3,8,CC48,"H,3,8,H48","5,13,49","PASS:12,S,TM,H43 SACK:93",J. Weinreich sacked for loss of 5 yards to the CC43 (D. Wesolowski).,"H,4,13,H43",pass,NA,NA,0,0,6,0,NA,5,H,CC,"KO,1,02:29,20","PUNT,2,12:51,43",9,23,4:38,KO,1,02:29,CC20,PUNT,2,12:51,CC43,NA
2021_07_PW_CC,PW,CC,Panthers Wroclaw,Cologne Centurions,8/1/2021,Cologne,Suedstadion Koeln,15:00,NA,-,0,26 C,16 kmh,sunny - some clouds,CC,4,13,CC43,"H,4,13,H43","5,14,50","PUNT:81,V41 OB:","V. Roediger punt 16 yards to the PW41, out-of-bounds.","V,1,10,V41",punt,NA,NA,1,0,6,0,NA,5,H,CC,"KO,1,02:29,20","PUNT,2,12:51,43",9,23,4:38,KO,1,02:29,CC20,PUNT,2,12:51,CC43,NA
2021_07_PW_CC,PW,CC,Panthers Wroclaw,Cologne Centurions,8/1/2021,Cologne,Suedstadion Koeln,15:00,NA,-,0,26 C,16 kmh,sunny - some clouds,PW,1,10,PW41,"V,1,10,V41","6,1,51",{DRIVE}:12:51,PANTHERS WROCLAW drive start at 12:51.,"V,1,10,V41",NA,12:51,NA,0,0,6,0,NA,6,V,PW,"PUNT,2,12:51,41","PUNT,2,10:27,55",4,14,2:24,PUNT,2,12:51,PW41,PUNT,2,10:27,CC45,NA
2021_07_PW_CC,PW,CC,Panthers Wroclaw,Cologne Centurions,8/1/2021,Cologne,Suedstadion Koeln,15:00,NA,-,0,26 C,16 kmh,sunny - some clouds,PW,1,10,PW41,"V,1,10,V41","6,2,52","RUSH:23,H48,","J. Mazan rush for 11 yards to the CC48, 1ST DOWN PW.","V,1,10,H48",rush,NA,rush,0,0,6,0,NA,6,V,PW,"PUNT,2,12:51,41","PUNT,2,10:27,55",4,14,2:24,PUNT,2,12:51,PW41,PUNT,2,10:27,CC45,NA
2021_07_PW_CC,PW,CC,Panthers Wroclaw,Cologne Centurions,8/1/2021,Cologne,Suedstadion Koeln,15:00,NA,-,0,26 C,16 kmh,sunny - some clouds,PW,1,10,CC48,"V,1,10,H48","6,3,53","PASS:2,I,18,* BRUP:1",L. OConnor pass incomplete to A. Grodecki (Q. Pounds).,"V,2,10,H48",pass,NA,NA,0,0,6,0,NA,6,V,PW,"PUNT,2,12:51,41","PUNT,2,10:27,55",4,14,2:24,PUNT,2,12:51,PW41,PUNT,2,10:27,CC45,NA
2021_07_PW_CC,PW,CC,Panthers Wroclaw,Cologne Centurions,8/1/2021,Cologne,Suedstadion Koeln,15:00,NA,-,0,26 C,16 kmh,sunny - some clouds,PW,2,10,CC48,"V,2,10,H48","6,4,54","PASS:2,C,87,H40 TACK:24",L. OConnor pass complete to I. Maslaka for 8 yards to the CC40 (D. Jacobs).,"V,3,2,H40",pass,NA,NA,0,0,6,0,NA,6,V,PW,"PUNT,2,12:51,41","PUNT,2,10:27,55",4,14,2:24,PUNT,2,12:51,PW41,PUNT,2,10:27,CC45,NA
2021_07_PW_CC,PW,CC,Panthers Wroclaw,Cologne Centurions,8/1/2021,Cologne,Suedstadion Koeln,15:00,NA,-,0,26 C,16 kmh,sunny - some clouds,PW,3,2,CC40,"V,3,2,H40","6,5,55","RUSH:24,H39, TACK:91,23",M. Herndon rush for 1 yard to the CC39 (R. Sellung;T. Janssen).,"V,4,1,H39",rush,NA,NA,0,0,6,0,NA,6,V,PW,"PUNT,2,12:51,41","PUNT,2,10:27,55",4,14,2:24,PUNT,2,12:51,PW41,PUNT,2,10:27,CC45,NA
2021_07_PW_CC,PW,CC,Panthers Wroclaw,Cologne Centurions,8/1/2021,Cologne,Suedstadion Koeln,15:00,NA,-,0,26 C,16 kmh,sunny - some clouds,PW,4,1,CC39,"V,4,1,H39","6,6,56","PEN:V,FS,A,24,H45,N",PENALTY PW false start (M. Herndon) 6 yards to the CC45.,"V,4,7,H45",penalty,NA,NA,0,0,6,0,NA,6,V,PW,"PUNT,2,12:51,41","PUNT,2,10:27,55",4,14,2:24,PUNT,2,12:51,PW41,PUNT,2,10:27,CC45,NA
2021_07_PW_CC,PW,CC,Panthers Wroclaw,Cologne Centurions,8/1/2021,Cologne,Suedstadion Koeln,15:00,NA,-,0,26 C,16 kmh,sunny - some clouds,PW,4,7,CC45,"V,4,7,H45","6,7,57","PUNT:44,H03 RET:1,H04","T. Leader punt 42 yards to the CC3, Q. Pounds return 1 yards to the CC4.","H,1,10,H04",punt,NA,NA,0,0,6,0,NA,6,V,PW,"PUNT,2,12:51,41","PUNT,2,10:27,55",4,14,2:24,PUNT,2,12:51,PW41,PUNT,2,10:27,CC45,NA
2021_07_PW_CC,PW,CC,Panthers Wroclaw,Cologne Centurions,8/1/2021,Cologne,Suedstadion Koeln,15:00,NA,-,0,26 C,16 kmh,sunny - some clouds,CC,1,10,CC04,"H,1,10,H04","7,1,58",{DRIVE}:10:27,COLOGNE CENTURIONS drive start at 10:27.,"H,1,10,H04",NA,10:27,NA,0,0,6,0,NA,7,H,CC,"PUNT,2,10:27,4","TD,2,07:09,100",6,96,3:18,PUNT,2,10:27,CC04,TD,2,07:09,PW00,1
2021_07_PW_CC,PW,CC,Panthers Wroclaw,Cologne Centurions,8/1/2021,Cologne,Suedstadion Koeln,15:00,NA,-,0,26 C,16 kmh,sunny - some clouds,CC,1,10,CC04,"H,1,10,H04","7,2,59","RUSH:28,H07, TACK:8",M. London rush for 3 yards to the CC7 (H. Ogrodowczyk).,"H,2,7,H07",rush,NA,NA,0,0,6,0,NA,7,H,CC,"PUNT,2,10:27,4","TD,2,07:09,100",6,96,3:18,PUNT,2,10:27,CC04,TD,2,07:09,PW00,1
2021_07_PW_CC,PW,CC,Panthers Wroclaw,Cologne Centurions,8/1/2021,Cologne,Suedstadion Koeln,15:00,NA,-,0,26 C,16 kmh,sunny - some clouds,CC,2,7,CC07,"H,2,7,H07","7,3,60","RUSH:28,H11, TACK:26",M. London rush for 4 yards to the CC11 (M. Osumek).,"H,3,3,H11",rush,NA,NA,0,0,6,0,NA,7,H,CC,"PUNT,2,10:27,4","TD,2,07:09,100",6,96,3:18,PUNT,2,10:27,CC04,TD,2,07:09,PW00,1
2021_07_PW_CC,PW,CC,Panthers Wroclaw,Cologne Centurions,8/1/2021,Cologne,Suedstadion Koeln,15:00,NA,-,0,26 C,16 kmh,sunny - some clouds,CC,3,3,CC11,"H,3,3,H11","7,4,61","RUSH:28,V03, TACK:1,26","M. London rush for 86 yards to the PW3, 1ST DOWN CC (D. Robinson;M. Osumek).","H,1,0,V03",rush,NA,rush,0,0,6,0,NA,7,H,CC,"PUNT,2,10:27,4","TD,2,07:09,100",6,96,3:18,PUNT,2,10:27,CC04,TD,2,07:09,PW00,1
2021_07_PW_CC,PW,CC,Panthers Wroclaw,Cologne Centurions,8/1/2021,Cologne,Suedstadion Koeln,15:00,NA,-,0,26 C,16 kmh,sunny - some clouds,CC,1,0,PW03,"H,1,0,V03","7,5,62","RUSH:43,V03, TACK:93",P. Poetsch rush for no gain to the PW3 (D. Wesolowski).,"H,2,0,V03",rush,NA,NA,0,0,6,0,NA,7,H,CC,"PUNT,2,10:27,4","TD,2,07:09,100",6,96,3:18,PUNT,2,10:27,CC04,TD,2,07:09,PW00,1
2021_07_PW_CC,PW,CC,Panthers Wroclaw,Cologne Centurions,8/1/2021,Cologne,Suedstadion Koeln,15:00,NA,-,0,26 C,16 kmh,sunny - some clouds,CC,2,0,PW03,"H,2,0,V03","7,6,63","RUSH:26,V02,",A. Frisch rush for 1 yard to the PW2.,"H,3,0,V02",rush,NA,NA,0,0,6,0,NA,7,H,CC,"PUNT,2,10:27,4","TD,2,07:09,100",6,96,3:18,PUNT,2,10:27,CC04,TD,2,07:09,PW00,1
2021_07_PW_CC,PW,CC,Panthers Wroclaw,Cologne Centurions,8/1/2021,Cologne,Suedstadion Koeln,15:00,NA,-,0,26 C,16 kmh,sunny - some clouds,CC,3,0,PW02,"H,3,0,V02","7,7,64","RUSH:28,V00, T:07:09 PAT:K,2,G","M. London rush for 2 yards to the PW0, 1ST DOWN CC, TOUCHDOWN, clock 07:09, D. Schuhmacher kick attempt good.","H,1,0,H30",pat,07:09,rush,0,1,6,7,NA,7,H,CC,"PUNT,2,10:27,4","TD,2,07:09,100",6,96,3:18,PUNT,2,10:27,CC04,TD,2,07:09,PW00,1
2021_07_PW_CC,PW,CC,Panthers Wroclaw,Cologne Centurions,8/1/2021,Cologne,Suedstadion Koeln,15:00,NA,-,0,26 C,16 kmh,sunny - some clouds,CC,1,0,CC30,"H,1,0,H30","7,8,65","KO:2,V07 OB: SPOT:V,V40,Y","D. Schuhmacher kickoff 63 yards to the PW7, out-of-bounds, PW ball on PW40.","V,1,10,V40",kick_off,NA,NA,1,0,6,7,NA,7,H,CC,"PUNT,2,10:27,4","TD,2,07:09,100",6,96,3:18,PUNT,2,10:27,CC04,TD,2,07:09,PW00,1
2021_07_PW_CC,PW,CC,Panthers Wroclaw,Cologne Centurions,8/1/2021,Cologne,Suedstadion Koeln,15:00,NA,-,0,26 C,16 kmh,sunny - some clouds,PW,1,10,PW40,"V,1,10,V40","8,1,66",{DRIVE}:07:09,PANTHERS WROCLAW drive start at 07:09.,"V,1,10,V40",NA,07:09,NA,0,0,6,7,NA,8,V,PW,"KO,2,07:09,40","TD,2,03:37,100",7,60,3:32,KO,2,07:09,PW40,TD,2,03:37,CC00,1
2021_07_PW_CC,PW,CC,Panthers Wroclaw,Cologne Centurions,8/1/2021,Cologne,Suedstadion Koeln,15:00,NA,-,0,26 C,16 kmh,sunny - some clouds,PW,1,10,PW40,"V,1,10,V40","8,2,67","PASS:2,C,82,V48 OB:","L. OConnor pass complete to P. Banat for 8 yards to the PW48, out-of-bounds.","V,2,2,V48",pass,NA,NA,1,0,6,7,NA,8,V,PW,"KO,2,07:09,40","TD,2,03:37,100",7,60,3:32,KO,2,07:09,PW40,TD,2,03:37,CC00,1
2021_07_PW_CC,PW,CC,Panthers Wroclaw,Cologne Centurions,8/1/2021,Cologne,Suedstadion Koeln,15:00,NA,-,0,26 C,16 kmh,sunny - some clouds,PW,2,2,PW48,"V,2,2,V48","8,3,68","PASS:2,C,23,H40 TACK:23","L. OConnor pass complete to J. Mazan for 12 yards to the CC40, 1ST DOWN PW (T. Janssen).","V,1,10,H40",pass,NA,pass,0,0,6,7,NA,8,V,PW,"KO,2,07:09,40","TD,2,03:37,100",7,60,3:32,KO,2,07:09,PW40,TD,2,03:37,CC00,1
2021_07_PW_CC,PW,CC,Panthers Wroclaw,Cologne Centurions,8/1/2021,Cologne,Suedstadion Koeln,15:00,NA,-,0,26 C,16 kmh,sunny - some clouds,PW,1,10,CC40,"V,1,10,H40","8,4,69","PASS:2,S,TM,H42 SACK:55",L. OConnor sacked for loss of 2 yards to the CC42 (M. Taylor).,"V,2,12,H42",pass,NA,NA,0,0,6,7,NA,8,V,PW,"KO,2,07:09,40","TD,2,03:37,100",7,60,3:32,KO,2,07:09,PW40,TD,2,03:37,CC00,1
2021_07_PW_CC,PW,CC,Panthers Wroclaw,Cologne Centurions,8/1/2021,Cologne,Suedstadion Koeln,15:00,NA,-,0,26 C,16 kmh,sunny - some clouds,PW,2,12,CC42,"V,2,12,H42","8,5,70","PEN:V,FS,A,46,H47,N",PENALTY PW false start (46) 5 yards to the CC47.,"V,2,17,H47",penalty,NA,NA,0,0,6,7,NA,8,V,PW,"KO,2,07:09,40","TD,2,03:37,100",7,60,3:32,KO,2,07:09,PW40,TD,2,03:37,CC00,1
2021_07_PW_CC,PW,CC,Panthers Wroclaw,Cologne Centurions,8/1/2021,Cologne,Suedstadion Koeln,15:00,NA,-,0,26 C,16 kmh,sunny - some clouds,PW,2,17,CC47,"V,2,17,H47","8,6,71","PASS:2,I,18,*",L. OConnor pass incomplete to A. Grodecki.,"V,3,17,H47",pass,NA,NA,0,0,6,7,NA,8,V,PW,"KO,2,07:09,40","TD,2,03:37,100",7,60,3:32,KO,2,07:09,PW40,TD,2,03:37,CC00,1
2021_07_PW_CC,PW,CC,Panthers Wroclaw,Cologne Centurions,8/1/2021,Cologne,Suedstadion Koeln,15:00,NA,-,0,26 C,16 kmh,sunny - some clouds,PW,3,17,CC47,"V,3,17,H47","8,7,72","PASS:2,C,82,H10 TACK:2","L. OConnor pass complete to P. Banat for 37 yards to the CC10, 1ST DOWN PW (D. Schuhmacher).","V,1,0,H10",pass,NA,pass,0,0,6,7,NA,8,V,PW,"KO,2,07:09,40","TD,2,03:37,100",7,60,3:32,KO,2,07:09,PW40,TD,2,03:37,CC00,1
2021_07_PW_CC,PW,CC,Panthers Wroclaw,Cologne Centurions,8/1/2021,Cologne,Suedstadion Koeln,15:00,NA,-,0,26 C,16 kmh,sunny - some clouds,PW,1,0,CC10,"V,1,0,H10","8,8,73","RUSH:24,H11, FUMB:V,H11,74","M. Herndon rush for loss of 1 yard to the CC11, fumble by M. Herndon recovered by PW M. Machado S. at CC11.","V,2,0,H11",rush,NA,NA,0,0,6,7,NA,8,V,PW,"KO,2,07:09,40","TD,2,03:37,100",7,60,3:32,KO,2,07:09,PW40,TD,2,03:37,CC00,1
2021_07_PW_CC,PW,CC,Panthers Wroclaw,Cologne Centurions,8/1/2021,Cologne,Suedstadion Koeln,15:00,NA,-,0,26 C,16 kmh,sunny - some clouds,PW,2,0,CC11,"V,2,0,H11","8,9,74","RUSH:24,H00, T:03:37","M. Herndon rush for 11 yards to the CC0, 1ST DOWN PW, TOUCHDOWN, clock 03:37.","V,1,0,H03",rush,03:37,rush,0,1,12,7,NA,8,V,PW,"KO,2,07:09,40","TD,2,03:37,100",7,60,3:32,KO,2,07:09,PW40,TD,2,03:37,CC00,1
2021_07_PW_CC,PW,CC,Panthers Wroclaw,Cologne Centurions,8/1/2021,Cologne,Suedstadion Koeln,15:00,NA,-,0,26 C,16 kmh,sunny - some clouds,PW,1,0,CC03,"V,1,0,H03","8,10,75","PAT:K,11,G",D. Panczyszyn kick attempt good.,"V,1,0,V30",pat,NA,NA,0,1,13,7,NA,8,V,PW,"KO,2,07:09,40","TD,2,03:37,100",7,60,3:32,KO,2,07:09,PW40,TD,2,03:37,CC00,1
2021_07_PW_CC,PW,CC,Panthers Wroclaw,Cologne Centurions,8/1/2021,Cologne,Suedstadion Koeln,15:00,NA,-,0,26 C,16 kmh,sunny - some clouds,PW,1,0,PW30,"V,1,0,V30","8,11,76","KO:44,H10 RET:1,H27 TACK:3","T. Leader kickoff 60 yards to the CC10, Q. Pounds return 17 yards to the CC27 (S. Jarmolkowicz).","H,1,10,H27",kick_off,NA,NA,0,0,13,7,NA,8,V,PW,"KO,2,07:09,40","TD,2,03:37,100",7,60,3:32,KO,2,07:09,PW40,TD,2,03:37,CC00,1
2021_07_PW_CC,PW,CC,Panthers Wroclaw,Cologne Centurions,8/1/2021,Cologne,Suedstadion Koeln,15:00,NA,-,0,26 C,16 kmh,sunny - some clouds,CC,1,10,CC27,"H,1,10,H27","9,1,77",{DRIVE}:03:30,COLOGNE CENTURIONS drive start at 03:30.,"H,1,10,H27",NA,03:30,NA,0,0,13,7,NA,9,H,CC,"KO,2,03:30,27","PUNT,2,02:06,24",3,-3,1:24,KO,2,03:30,CC27,PUNT,2,02:06,CC24,NA
2021_07_PW_CC,PW,CC,Panthers Wroclaw,Cologne Centurions,8/1/2021,Cologne,Suedstadion Koeln,15:00,NA,-,0,26 C,16 kmh,sunny - some clouds,CC,1,10,CC27,"H,1,10,H27","9,2,78","RUSH:28,H35, TACK:8 PEN:H,HO,A,TM,H19,N NOPLAY:","M. London rush for 8 yards to the CC35 (H. Ogrodowczyk), PENALTY CC holding 8 yards to the CC19, NO PLAY.","H,1,18,H19",penalty,NA,NA,0,0,13,7,NA,9,H,CC,"KO,2,03:30,27","PUNT,2,02:06,24",3,-3,1:24,KO,2,03:30,CC27,PUNT,2,02:06,CC24,NA
2021_07_PW_CC,PW,CC,Panthers Wroclaw,Cologne Centurions,8/1/2021,Cologne,Suedstadion Koeln,15:00,NA,-,0,26 C,16 kmh,sunny - some clouds,CC,1,18,CC19,"H,1,18,H19","9,3,79","PASS:12,C,1,H25 TACK:6",J. Weinreich pass complete to Q. Pounds for 6 yards to the CC25 (K. Ruta).,"H,2,12,H25",pass,NA,NA,0,0,13,7,NA,9,H,CC,"KO,2,03:30,27","PUNT,2,02:06,24",3,-3,1:24,KO,2,03:30,CC27,PUNT,2,02:06,CC24,NA
2021_07_PW_CC,PW,CC,Panthers Wroclaw,Cologne Centurions,8/1/2021,Cologne,Suedstadion Koeln,15:00,NA,-,0,26 C,16 kmh,sunny - some clouds,CC,2,12,CC25,"H,2,12,H25","9,4,80","PASS:12,I,1,*",J. Weinreich pass incomplete to Q. Pounds.,"H,3,12,H25",pass,NA,NA,0,0,13,7,NA,9,H,CC,"KO,2,03:30,27","PUNT,2,02:06,24",3,-3,1:24,KO,2,03:30,CC27,PUNT,2,02:06,CC24,NA
2021_07_PW_CC,PW,CC,Panthers Wroclaw,Cologne Centurions,8/1/2021,Cologne,Suedstadion Koeln,15:00,NA,-,0,26 C,16 kmh,sunny - some clouds,CC,3,12,CC25,"H,3,12,H25","9,5,81","PASS:12,C,10,H24 TACK:26",J. Weinreich pass complete to J. Schlesinger for loss of 1 yard to the CC24 (M. Osumek).,"H,4,13,H24",pass,NA,NA,0,0,13,7,NA,9,H,CC,"KO,2,03:30,27","PUNT,2,02:06,24",3,-3,1:24,KO,2,03:30,CC27,PUNT,2,02:06,CC24,NA
2021_07_PW_CC,PW,CC,Panthers Wroclaw,Cologne Centurions,8/1/2021,Cologne,Suedstadion Koeln,15:00,NA,-,0,26 C,16 kmh,sunny - some clouds,CC,4,13,CC24,"H,4,13,H24","9,6,82",TOUT:V T:02:17,"Timeout Panthers Wroclaw, clock 02:17.","H,4,13,H24",NA,02:17,NA,0,0,13,7,NA,9,H,CC,"KO,2,03:30,27","PUNT,2,02:06,24",3,-3,1:24,KO,2,03:30,CC27,PUNT,2,02:06,CC24,NA
2021_07_PW_CC,PW,CC,Panthers Wroclaw,Cologne Centurions,8/1/2021,Cologne,Suedstadion Koeln,15:00,NA,-,0,26 C,16 kmh,sunny - some clouds,CC,4,13,CC24,"H,4,13,H24","9,7,83","PUNT:81,V49 OB:","V. Roediger punt 27 yards to the PW49, out-of-bounds.","V,1,10,V49",punt,NA,NA,1,0,13,7,NA,9,H,CC,"KO,2,03:30,27","PUNT,2,02:06,24",3,-3,1:24,KO,2,03:30,CC27,PUNT,2,02:06,CC24,NA
2021_07_PW_CC,PW,CC,Panthers Wroclaw,Cologne Centurions,8/1/2021,Cologne,Suedstadion Koeln,15:00,NA,-,0,26 C,16 kmh,sunny - some clouds,PW,1,10,PW49,"V,1,10,V49","10,1,84",{DRIVE}:02:06,PANTHERS WROCLAW drive start at 02:06.,"V,1,10,V49",NA,02:06,NA,0,0,13,7,NA,10,V,PW,"PUNT,2,02:06,49","FG,2,01:24,76",5,27,0:42,PUNT,2,02:06,PW49,FG,2,01:24,CC24,NA
2021_07_PW_CC,PW,CC,Panthers Wroclaw,Cologne Centurions,8/1/2021,Cologne,Suedstadion Koeln,15:00,NA,-,0,26 C,16 kmh,sunny - some clouds,PW,1,10,PW49,"V,1,10,V49","10,2,85","PASS:2,C,24,H26 TACK:30","L. OConnor pass complete to M. Herndon for 25 yards to the CC26, 1ST DOWN PW (M. Mbaye).","V,1,10,H26",pass,NA,pass,0,0,13,7,NA,10,V,PW,"PUNT,2,02:06,49","FG,2,01:24,76",5,27,0:42,PUNT,2,02:06,PW49,FG,2,01:24,CC24,NA
2021_07_PW_CC,PW,CC,Panthers Wroclaw,Cologne Centurions,8/1/2021,Cologne,Suedstadion Koeln,15:00,NA,-,0,26 C,16 kmh,sunny - some clouds,PW,1,10,CC26,"V,1,10,H26","10,3,86","PASS:2,I,18,* BRUP:30",L. OConnor pass incomplete to A. Grodecki (M. Mbaye).,"V,2,10,H26",pass,NA,NA,0,0,13,7,NA,10,V,PW,"PUNT,2,02:06,49","FG,2,01:24,76",5,27,0:42,PUNT,2,02:06,PW49,FG,2,01:24,CC24,NA
2021_07_PW_CC,PW,CC,Panthers Wroclaw,Cologne Centurions,8/1/2021,Cologne,Suedstadion Koeln,15:00,NA,-,0,26 C,16 kmh,sunny - some clouds,PW,2,10,CC26,"V,2,10,H26","10,4,87","PASS:2,C,82,H20 OB: TACK:22 PEN:V,HO,A,56,H31,N NOPLAY:","L. OConnor pass complete to P. Banat for 6 yards to the CC20, out-of-bounds (T. Yagmur), PENALTY PW holding (K. Pawlak) 5 yards to the CC31, NO PLAY.","V,2,15,H31",penalty,NA,NA,1,0,13,7,NA,10,V,PW,"PUNT,2,02:06,49","FG,2,01:24,76",5,27,0:42,PUNT,2,02:06,PW49,FG,2,01:24,CC24,NA
2021_07_PW_CC,PW,CC,Panthers Wroclaw,Cologne Centurions,8/1/2021,Cologne,Suedstadion Koeln,15:00,NA,-,0,26 C,16 kmh,sunny - some clouds,PW,2,15,CC31,"V,2,15,H31","10,5,88","PASS:2,C,23,H24 TACK:8",L. OConnor pass complete to J. Mazan for 7 yards to the CC24 (P. Steffen).,"V,3,8,H24",pass,NA,NA,0,0,13,7,NA,10,V,PW,"PUNT,2,02:06,49","FG,2,01:24,76",5,27,0:42,PUNT,2,02:06,PW49,FG,2,01:24,CC24,NA
2021_07_PW_CC,PW,CC,Panthers Wroclaw,Cologne Centurions,8/1/2021,Cologne,Suedstadion Koeln,15:00,NA,-,0,26 C,16 kmh,sunny - some clouds,PW,3,8,CC24,"V,3,8,H24","10,6,89","PASS:2,I,18,* BRUP:44",L. OConnor pass incomplete to A. Grodecki (M. Kensy).,"V,4,8,H24",pass,NA,NA,0,0,13,7,NA,10,V,PW,"PUNT,2,02:06,49","FG,2,01:24,76",5,27,0:42,PUNT,2,02:06,PW49,FG,2,01:24,CC24,NA
2021_07_PW_CC,PW,CC,Panthers Wroclaw,Cologne Centurions,8/1/2021,Cologne,Suedstadion Koeln,15:00,NA,-,0,26 C,16 kmh,sunny - some clouds,PW,4,8,CC24,"V,4,8,H24","10,7,90","FGA:44,41,G T:01:24","T. Leader field goal attempt from 41 GOOD, clock 01:24.","V,1,0,V30",field_goal,01:24,NA,0,1,16,7,NA,10,V,PW,"PUNT,2,02:06,49","FG,2,01:24,76",5,27,0:42,PUNT,2,02:06,PW49,FG,2,01:24,CC24,NA
2021_07_PW_CC,PW,CC,Panthers Wroclaw,Cologne Centurions,8/1/2021,Cologne,Suedstadion Koeln,15:00,NA,-,0,26 C,16 kmh,sunny - some clouds,PW,1,0,PW30,"V,1,0,V30","10,8,91","KO:44,H00 TB:","T. Leader kickoff 70 yards to the CC0, touchback.","H,1,10,H20",kick_off,NA,NA,0,0,16,7,NA,10,V,PW,"PUNT,2,02:06,49","FG,2,01:24,76",5,27,0:42,PUNT,2,02:06,PW49,FG,2,01:24,CC24,NA
2021_07_PW_CC,PW,CC,Panthers Wroclaw,Cologne Centurions,8/1/2021,Cologne,Suedstadion Koeln,15:00,NA,-,0,26 C,16 kmh,sunny - some clouds,CC,1,10,CC20,"H,1,10,H20","11,1,92",{DRIVE}:01:24,COLOGNE CENTURIONS drive start at 01:24.,"H,1,10,H20",NA,01:24,NA,0,0,16,7,NA,11,H,CC,"KO,2,01:24,20","PUNT,2,00:43,31",3,11,0:41,KO,2,01:24,CC20,PUNT,2,00:43,CC31,NA
2021_07_PW_CC,PW,CC,Panthers Wroclaw,Cologne Centurions,8/1/2021,Cologne,Suedstadion Koeln,15:00,NA,-,0,26 C,16 kmh,sunny - some clouds,CC,1,10,CC20,"H,1,10,H20","11,2,93","SPOT:H,H25,N",CC ball on CC25.,"H,1,10,H25",NA,NA,NA,0,0,16,7,NA,11,H,CC,"KO,2,01:24,20","PUNT,2,00:43,31",3,11,0:41,KO,2,01:24,CC20,PUNT,2,00:43,CC31,NA
2021_07_PW_CC,PW,CC,Panthers Wroclaw,Cologne Centurions,8/1/2021,Cologne,Suedstadion Koeln,15:00,NA,-,0,26 C,16 kmh,sunny - some clouds,CC,1,10,CC25,"H,1,10,H25","11,3,94","RUSH:12,H29, TACK:4",J. Weinreich rush for 4 yards to the CC29 (W. Lloyd).,"H,2,6,H29",rush,NA,NA,0,0,16,7,NA,11,H,CC,"KO,2,01:24,20","PUNT,2,00:43,31",3,11,0:41,KO,2,01:24,CC20,PUNT,2,00:43,CC31,NA
2021_07_PW_CC,PW,CC,Panthers Wroclaw,Cologne Centurions,8/1/2021,Cologne,Suedstadion Koeln,15:00,NA,-,0,26 C,16 kmh,sunny - some clouds,CC,2,6,CC29,"H,2,6,H29","11,4,95","PASS:12,I,87,* BRUP:8",J. Weinreich pass incomplete to F. Eichhorn (H. Ogrodowczyk).,"H,3,6,H29",pass,NA,NA,0,0,16,7,NA,11,H,CC,"KO,2,01:24,20","PUNT,2,00:43,31",3,11,0:41,KO,2,01:24,CC20,PUNT,2,00:43,CC31,NA
2021_07_PW_CC,PW,CC,Panthers Wroclaw,Cologne Centurions,8/1/2021,Cologne,Suedstadion Koeln,15:00,NA,-,0,26 C,16 kmh,sunny - some clouds,CC,3,6,CC29,"H,3,6,H29","11,5,96","PASS:12,C,28,H31 TACK:1",J. Weinreich pass complete to M. London for 2 yards to the CC31 (D. Robinson).,"H,4,4,H31",pass,NA,NA,0,0,16,7,NA,11,H,CC,"KO,2,01:24,20","PUNT,2,00:43,31",3,11,0:41,KO,2,01:24,CC20,PUNT,2,00:43,CC31,NA
2021_07_PW_CC,PW,CC,Panthers Wroclaw,Cologne Centurions,8/1/2021,Cologne,Suedstadion Koeln,15:00,NA,-,0,26 C,16 kmh,sunny - some clouds,CC,4,4,CC31,"H,4,4,H31","11,6,97","PUNT:81,V25 DN:","V. Roediger punt 44 yards to the PW25, downed.","V,1,10,V25",punt,NA,NA,0,0,16,7,NA,11,H,CC,"KO,2,01:24,20","PUNT,2,00:43,31",3,11,0:41,KO,2,01:24,CC20,PUNT,2,00:43,CC31,NA
2021_07_PW_CC,PW,CC,Panthers Wroclaw,Cologne Centurions,8/1/2021,Cologne,Suedstadion Koeln,15:00,NA,-,0,26 C,16 kmh,sunny - some clouds,PW,1,10,PW25,"V,1,10,V25","12,1,98",{DRIVE}:00:43,PANTHERS WROCLAW drive start at 00:43.,"V,1,10,V25",NA,00:43,NA,0,0,16,7,NA,12,V,PW,"PUNT,2,00:43,25","FGA,2,00:03,69",6,44,0:40,PUNT,2,00:43,PW25,FGA,2,00:03,CC31,NA
2021_07_PW_CC,PW,CC,Panthers Wroclaw,Cologne Centurions,8/1/2021,Cologne,Suedstadion Koeln,15:00,NA,-,0,26 C,16 kmh,sunny - some clouds,PW,1,10,PW25,"V,1,10,V25","12,2,99","PASS:2,C,24,V37 TACK:24","L. OConnor pass complete to M. Herndon for 12 yards to the PW37, 1ST DOWN PW (D. Jacobs).","V,1,10,V37",pass,NA,pass,0,0,16,7,NA,12,V,PW,"PUNT,2,00:43,25","FGA,2,00:03,69",6,44,0:40,PUNT,2,00:43,PW25,FGA,2,00:03,CC31,NA
2021_07_PW_CC,PW,CC,Panthers Wroclaw,Cologne Centurions,8/1/2021,Cologne,Suedstadion Koeln,15:00,NA,-,0,26 C,16 kmh,sunny - some clouds,PW,1,10,PW37,"V,1,10,V37","12,3,100","PASS:2,I,15,* BRUP:48",L. OConnor pass incomplete to B. Dziedzic (K. Bongaerts).,"V,2,10,V37",pass,NA,NA,0,0,16,7,NA,12,V,PW,"PUNT,2,00:43,25","FGA,2,00:03,69",6,44,0:40,PUNT,2,00:43,PW25,FGA,2,00:03,CC31,NA
2021_07_PW_CC,PW,CC,Panthers Wroclaw,Cologne Centurions,8/1/2021,Cologne,Suedstadion Koeln,15:00,NA,-,0,26 C,16 kmh,sunny - some clouds,PW,2,10,PW37,"V,2,10,V37","12,4,101","PASS:2,I,82,*",L. OConnor pass incomplete to P. Banat.,"V,3,10,V37",pass,NA,NA,0,0,16,7,NA,12,V,PW,"PUNT,2,00:43,25","FGA,2,00:03,69",6,44,0:40,PUNT,2,00:43,PW25,FGA,2,00:03,CC31,NA
2021_07_PW_CC,PW,CC,Panthers Wroclaw,Cologne Centurions,8/1/2021,Cologne,Suedstadion Koeln,15:00,NA,-,0,26 C,16 kmh,sunny - some clouds,PW,3,10,PW37,"V,3,10,V37","12,5,102",TOUT:V T:00:20,"Timeout Panthers Wroclaw, clock 00:20.","V,3,10,V37",NA,00:20,NA,0,0,16,7,NA,12,V,PW,"PUNT,2,00:43,25","FGA,2,00:03,69",6,44,0:40,PUNT,2,00:43,PW25,FGA,2,00:03,CC31,NA
2021_07_PW_CC,PW,CC,Panthers Wroclaw,Cologne Centurions,8/1/2021,Cologne,Suedstadion Koeln,15:00,NA,-,0,26 C,16 kmh,sunny - some clouds,PW,3,10,PW37,"V,3,10,V37","12,6,103","PASS:2,C,82,V44 OB: TACK:9 PEN:H,PF,A,9,H41,N","L. OConnor pass complete to P. Banat for 7 yards to the PW44, out-of-bounds (W. Bhikh), PENALTY CC personal foul (W. Bhikh) 15 yards to the CC41, 1ST DOWN PW.","V,1,10,H41",pass,NA,penalty,1,0,16,7,NA,12,V,PW,"PUNT,2,00:43,25","FGA,2,00:03,69",6,44,0:40,PUNT,2,00:43,PW25,FGA,2,00:03,CC31,NA
2021_07_PW_CC,PW,CC,Panthers Wroclaw,Cologne Centurions,8/1/2021,Cologne,Suedstadion Koeln,15:00,NA,-,0,26 C,16 kmh,sunny - some clouds,PW,1,10,CC41,"V,1,10,H41","12,7,104","D:1,10",1st and 10.,"V,1,10,H41",NA,NA,NA,0,0,16,7,NA,12,V,PW,"PUNT,2,00:43,25","FGA,2,00:03,69",6,44,0:40,PUNT,2,00:43,PW25,FGA,2,00:03,CC31,NA
2021_07_PW_CC,PW,CC,Panthers Wroclaw,Cologne Centurions,8/1/2021,Cologne,Suedstadion Koeln,15:00,NA,-,0,26 C,16 kmh,sunny - some clouds,PW,1,10,CC41,"V,1,10,H41","12,8,105","RUSH:2,H31, OB: TACK:44","L. OConnor rush for 10 yards to the CC31, 1ST DOWN PW, out-of-bounds (M. Kensy).","V,1,10,H31",rush,NA,rush,1,0,16,7,NA,12,V,PW,"PUNT,2,00:43,25","FGA,2,00:03,69",6,44,0:40,PUNT,2,00:43,PW25,FGA,2,00:03,CC31,NA
2021_07_PW_CC,PW,CC,Panthers Wroclaw,Cologne Centurions,8/1/2021,Cologne,Suedstadion Koeln,15:00,NA,-,0,26 C,16 kmh,sunny - some clouds,PW,1,10,CC31,"V,1,10,H31","12,9,106",TOUT:V T:00:07,"Timeout Panthers Wroclaw, clock 00:07.","V,1,10,H31",NA,00:07,NA,0,0,16,7,NA,12,V,PW,"PUNT,2,00:43,25","FGA,2,00:03,69",6,44,0:40,PUNT,2,00:43,PW25,FGA,2,00:03,CC31,NA
2021_07_PW_CC,PW,CC,Panthers Wroclaw,Cologne Centurions,8/1/2021,Cologne,Suedstadion Koeln,15:00,NA,-,0,26 C,16 kmh,sunny - some clouds,PW,1,10,CC31,"V,1,10,H31","12,10,107","FGA:44,48,M,H38,L T:00:03","T. Leader field goal attempt from 48 MISSED - wide left, spot at CC38, clock 00:03.","H,1,10,H38",field_goal,00:03,NA,0,0,16,7,NA,12,V,PW,"PUNT,2,00:43,25","FGA,2,00:03,69",6,44,0:40,PUNT,2,00:43,PW25,FGA,2,00:03,CC31,NA
2021_07_PW_CC,PW,CC,Panthers Wroclaw,Cologne Centurions,8/1/2021,Cologne,Suedstadion Koeln,15:00,NA,-,0,26 C,16 kmh,sunny - some clouds,CC,1,10,CC38,"H,1,10,H38","13,1,108",{DRIVE}:00:03,COLOGNE CENTURIONS drive start at 00:03.,"H,1,10,H38",NA,00:03,NA,0,0,16,7,NA,13,H,CC,"FGA,2,00:03,38","HALF,2,00:00,37",1,-1,0:03,FGA,2,00:03,CC38,HALF,2,00:00,CC37,NA
2021_07_PW_CC,PW,CC,Panthers Wroclaw,Cologne Centurions,8/1/2021,Cologne,Suedstadion Koeln,15:00,NA,-,0,26 C,16 kmh,sunny - some clouds,CC,1,10,CC38,"H,1,10,H38","13,2,109","RUSH:12,H37,",J. Weinreich rush for loss of 1 yard to the CC37.,"H,2,11,H37",rush,NA,NA,0,0,16,7,NA,13,H,CC,"FGA,2,00:03,38","HALF,2,00:00,37",1,-1,0:03,FGA,2,00:03,CC38,HALF,2,00:00,CC37,NA
2021_07_PW_CC,PW,CC,Panthers Wroclaw,Cologne Centurions,8/1/2021,Cologne,Suedstadion Koeln,15:00,NA,-,0,26 C,16 kmh,sunny - some clouds,CC,2,11,CC37,"H,2,11,H37","13,3,110",HALF: T:00:00,"End of half, clock 00:00.","H,2,11,H37",NA,00:00,NA,0,0,16,7,NA,13,H,CC,"FGA,2,00:03,38","HALF,2,00:00,37",1,-1,0:03,FGA,2,00:03,CC38,HALF,2,00:00,CC37,NA
2021_07_PW_CC,PW,CC,Panthers Wroclaw,Cologne Centurions,8/1/2021,Cologne,Suedstadion Koeln,15:00,NA,-,0,26 C,16 kmh,sunny - some clouds,CC,2,11,CC37,"H,2,11,H37","13,4,111","Q:3 T:15:00 SPOT:H,H35,N","Start of 3rd quarter, clock 15:00, CC ball on CC35.","H,2,11,H35",NA,15:00,NA,0,0,16,7,NA,13,H,CC,"FGA,2,00:03,38","HALF,2,00:00,37",1,-1,0:03,FGA,2,00:03,CC38,HALF,2,00:00,CC37,NA
2021_07_PW_CC,PW,CC,Panthers Wroclaw,Cologne Centurions,8/1/2021,Cologne,Suedstadion Koeln,15:00,NA,-,0,26 C,16 kmh,sunny - some clouds,CC,2,11,CC35,"H,2,11,H35","13,5,112","KO:2,V11 RET:1,H40","D. Schuhmacher kickoff 54 yards to the PW11, D. Robinson return 49 yards to the CC40.","V,1,10,H40",kick_off,NA,NA,0,0,16,7,NA,13,H,CC,"FGA,2,00:03,38","HALF,2,00:00,37",1,-1,0:03,FGA,2,00:03,CC38,HALF,2,00:00,CC37,NA
2021_07_PW_CC,PW,CC,Panthers Wroclaw,Cologne Centurions,8/1/2021,Cologne,Suedstadion Koeln,15:00,NA,-,0,26 C,16 kmh,sunny - some clouds,PW,1,10,CC40,"V,1,10,H40","14,1,113",{DRIVE}:14:55,PANTHERS WROCLAW drive start at 14:55.,"V,1,10,H40",NA,14:55,NA,0,0,16,7,NA,14,V,PW,"KO,3,14:55,60","TD,3,14:55,100",3,40,0:00,KO,3,14:55,CC40,TD,3,14:55,CC00,1
2021_07_PW_CC,PW,CC,Panthers Wroclaw,Cologne Centurions,8/1/2021,Cologne,Suedstadion Koeln,15:00,NA,-,0,26 C,16 kmh,sunny - some clouds,PW,1,10,CC40,"V,1,10,H40","14,2,114","RUSH:28,H35,",P. Courageux rush for 5 yards to the CC35.,"V,2,5,H35",rush,NA,NA,0,0,16,7,NA,14,V,PW,"KO,3,14:55,60","TD,3,14:55,100",3,40,0:00,KO,3,14:55,CC40,TD,3,14:55,CC00,1
2021_07_PW_CC,PW,CC,Panthers Wroclaw,Cologne Centurions,8/1/2021,Cologne,Suedstadion Koeln,15:00,NA,-,0,26 C,16 kmh,sunny - some clouds,PW,2,5,CC35,"V,2,5,H35","14,3,115","PASS:2,I,TM,* PEN:H,PI,A,30,H19,N NOPLAY:","L. OConnor pass incomplete, PENALTY CC pass interference (M. Mbaye) 16 yards to the CC19, 1ST DOWN PW, NO PLAY.","V,1,10,H19",penalty,NA,penalty,0,0,16,7,NA,14,V,PW,"KO,3,14:55,60","TD,3,14:55,100",3,40,0:00,KO,3,14:55,CC40,TD,3,14:55,CC00,1
2021_07_PW_CC,PW,CC,Panthers Wroclaw,Cologne Centurions,8/1/2021,Cologne,Suedstadion Koeln,15:00,NA,-,0,26 C,16 kmh,sunny - some clouds,PW,1,10,CC19,"V,1,10,H19","14,4,116","RUSH:25,H12, TACK:23",P. Pasqualini rush for 7 yards to the CC12 (T. Janssen).,"V,2,3,H12",rush,NA,NA,0,0,16,7,NA,14,V,PW,"KO,3,14:55,60","TD,3,14:55,100",3,40,0:00,KO,3,14:55,CC40,TD,3,14:55,CC00,1
2021_07_PW_CC,PW,CC,Panthers Wroclaw,Cologne Centurions,8/1/2021,Cologne,Suedstadion Koeln,15:00,NA,-,0,26 C,16 kmh,sunny - some clouds,PW,2,3,CC12,"V,2,3,H12","14,5,117","PASS:2,C,82,H00 T:14:55","L. OConnor pass complete to P. Banat for 12 yards to the CC0, 1ST DOWN PW, TOUCHDOWN, clock 14:55.","V,1,0,H03",pass,14:55,pass,0,1,22,7,NA,14,V,PW,"KO,3,14:55,60","TD,3,14:55,100",3,40,0:00,KO,3,14:55,CC40,TD,3,14:55,CC00,1
2021_07_PW_CC,PW,CC,Panthers Wroclaw,Cologne Centurions,8/1/2021,Cologne,Suedstadion Koeln,15:00,NA,-,0,26 C,16 kmh,sunny - some clouds,PW,1,0,CC03,"V,1,0,H03","14,6,118","PAT:K,44,M",T. Leader kick attempt failed.,"V,1,0,V30",pat,NA,NA,0,0,22,7,NA,14,V,PW,"KO,3,14:55,60","TD,3,14:55,100",3,40,0:00,KO,3,14:55,CC40,TD,3,14:55,CC00,1
2021_07_PW_CC,PW,CC,Panthers Wroclaw,Cologne Centurions,8/1/2021,Cologne,Suedstadion Koeln,15:00,NA,-,0,26 C,16 kmh,sunny - some clouds,PW,1,0,PW30,"V,1,0,V30","14,7,119",T:13:16,Clock 13:16.,"V,1,0,V30",NA,13:16,NA,0,0,22,7,NA,14,V,PW,"KO,3,14:55,60","TD,3,14:55,100",3,40,0:00,KO,3,14:55,CC40,TD,3,14:55,CC00,1
2021_07_PW_CC,PW,CC,Panthers Wroclaw,Cologne Centurions,8/1/2021,Cologne,Suedstadion Koeln,15:00,NA,-,0,26 C,16 kmh,sunny - some clouds,PW,1,0,PW30,"V,1,0,V30","14,8,120","KO:44,H15 RET:1,H28 TACK:62","T. Leader kickoff 55 yards to the CC15, Q. Pounds return 13 yards to the CC28 (62).","H,1,10,H28",kick_off,NA,NA,0,0,22,7,NA,14,V,PW,"KO,3,14:55,60","TD,3,14:55,100",3,40,0:00,KO,3,14:55,CC40,TD,3,14:55,CC00,1
2021_07_PW_CC,PW,CC,Panthers Wroclaw,Cologne Centurions,8/1/2021,Cologne,Suedstadion Koeln,15:00,NA,-,0,26 C,16 kmh,sunny - some clouds,CC,1,10,CC28,"H,1,10,H28","15,1,121",{DRIVE}:13:11,COLOGNE CENTURIONS drive start at 13:11.,"H,1,10,H28",NA,13:11,NA,0,0,22,7,NA,15,H,CC,"KO,3,13:11,28","PUNT,3,07:39,41",9,13,5:32,KO,3,13:11,CC28,PUNT,3,07:39,CC41,NA
2021_07_PW_CC,PW,CC,Panthers Wroclaw,Cologne Centurions,8/1/2021,Cologne,Suedstadion Koeln,15:00,NA,-,0,26 C,16 kmh,sunny - some clouds,CC,1,10,CC28,"H,1,10,H28","15,2,122","RUSH:28,H31, TACK:1",M. London rush for 3 yards to the CC31 (D. Robinson).,"H,2,7,H31",rush,NA,NA,0,0,22,7,NA,15,H,CC,"KO,3,13:11,28","PUNT,3,07:39,41",9,13,5:32,KO,3,13:11,CC28,PUNT,3,07:39,CC41,NA
2021_07_PW_CC,PW,CC,Panthers Wroclaw,Cologne Centurions,8/1/2021,Cologne,Suedstadion Koeln,15:00,NA,-,0,26 C,16 kmh,sunny - some clouds,CC,2,7,CC31,"H,2,7,H31","15,3,123","PASS:12,C,1,H35 TACK:1",J. Weinreich pass complete to Q. Pounds for 4 yards to the CC35 (D. Robinson).,"H,3,3,H35",pass,NA,NA,0,0,22,7,NA,15,H,CC,"KO,3,13:11,28","PUNT,3,07:39,41",9,13,5:32,KO,3,13:11,CC28,PUNT,3,07:39,CC41,NA
2021_07_PW_CC,PW,CC,Panthers Wroclaw,Cologne Centurions,8/1/2021,Cologne,Suedstadion Koeln,15:00,NA,-,0,26 C,16 kmh,sunny - some clouds,CC,3,3,CC35,"H,3,3,H35","15,4,124","RUSH:28,H39, TACK:92","M. London rush for 4 yards to the CC39, 1ST DOWN CC (A. Brudny).","H,1,10,H39",rush,NA,rush,0,0,22,7,NA,15,H,CC,"KO,3,13:11,28","PUNT,3,07:39,41",9,13,5:32,KO,3,13:11,CC28,PUNT,3,07:39,CC41,NA
2021_07_PW_CC,PW,CC,Panthers Wroclaw,Cologne Centurions,8/1/2021,Cologne,Suedstadion Koeln,15:00,NA,-,0,26 C,16 kmh,sunny - some clouds,CC,1,10,CC39,"H,1,10,H39","15,5,125","PASS:12,C,1,H46 TACK:8",J. Weinreich pass complete to Q. Pounds for 7 yards to the CC46 (H. Ogrodowczyk).,"H,2,3,H46",pass,NA,NA,0,0,22,7,NA,15,H,CC,"KO,3,13:11,28","PUNT,3,07:39,41",9,13,5:32,KO,3,13:11,CC28,PUNT,3,07:39,CC41,NA
2021_07_PW_CC,PW,CC,Panthers Wroclaw,Cologne Centurions,8/1/2021,Cologne,Suedstadion Koeln,15:00,NA,-,0,26 C,16 kmh,sunny - some clouds,CC,2,3,CC46,"H,2,3,H46","15,6,126","RUSH:28,H48, TACK:94",M. London rush for 2 yards to the CC48 (K. Brauns).,"H,3,1,H48",rush,NA,NA,0,0,22,7,NA,15,H,CC,"KO,3,13:11,28","PUNT,3,07:39,41",9,13,5:32,KO,3,13:11,CC28,PUNT,3,07:39,CC41,NA
2021_07_PW_CC,PW,CC,Panthers Wroclaw,Cologne Centurions,8/1/2021,Cologne,Suedstadion Koeln,15:00,NA,-,0,26 C,16 kmh,sunny - some clouds,CC,3,1,CC48,"H,3,1,H48","15,7,127","RUSH:28,H50,","M. London rush for 2 yards to the 50 yardline, 1ST DOWN CC.","H,1,10,H50",rush,NA,rush,0,0,22,7,NA,15,H,CC,"KO,3,13:11,28","PUNT,3,07:39,41",9,13,5:32,KO,3,13:11,CC28,PUNT,3,07:39,CC41,NA
2021_07_PW_CC,PW,CC,Panthers Wroclaw,Cologne Centurions,8/1/2021,Cologne,Suedstadion Koeln,15:00,NA,-,0,26 C,16 kmh,sunny - some clouds,CC,1,10,CC50,"H,1,10,H50","15,8,128","PASS:12,S,TM,H45 SACK:99",J. Weinreich sacked for loss of 5 yards to the CC45 (R. Rosolek).,"H,2,15,H45",pass,NA,NA,0,0,22,7,NA,15,H,CC,"KO,3,13:11,28","PUNT,3,07:39,41",9,13,5:32,KO,3,13:11,CC28,PUNT,3,07:39,CC41,NA
2021_07_PW_CC,PW,CC,Panthers Wroclaw,Cologne Centurions,8/1/2021,Cologne,Suedstadion Koeln,15:00,NA,-,0,26 C,16 kmh,sunny - some clouds,CC,2,15,CC45,"H,2,15,H45","15,9,129","RUSH:12,H40,",J. Weinreich rush for loss of 5 yards to the CC40.,"H,3,20,H40",rush,NA,NA,0,0,22,7,NA,15,H,CC,"KO,3,13:11,28","PUNT,3,07:39,41",9,13,5:32,KO,3,13:11,CC28,PUNT,3,07:39,CC41,NA
2021_07_PW_CC,PW,CC,Panthers Wroclaw,Cologne Centurions,8/1/2021,Cologne,Suedstadion Koeln,15:00,NA,-,0,26 C,16 kmh,sunny - some clouds,CC,3,20,CC40,"H,3,20,H40","15,10,130","PASS:12,C,1,H41 TACK:6",J. Weinreich pass complete to Q. Pounds for 1 yard to the CC41 (K. Ruta).,"H,4,19,H41",pass,NA,NA,0,0,22,7,NA,15,H,CC,"KO,3,13:11,28","PUNT,3,07:39,41",9,13,5:32,KO,3,13:11,CC28,PUNT,3,07:39,CC41,NA
2021_07_PW_CC,PW,CC,Panthers Wroclaw,Cologne Centurions,8/1/2021,Cologne,Suedstadion Koeln,15:00,NA,-,0,26 C,16 kmh,sunny - some clouds,CC,4,19,CC41,"H,4,19,H41","15,11,131","PUNT:81,V22 DN:","V. Roediger punt 37 yards to the PW22, downed.","V,1,10,V22",punt,NA,NA,0,0,22,7,NA,15,H,CC,"KO,3,13:11,28","PUNT,3,07:39,41",9,13,5:32,KO,3,13:11,CC28,PUNT,3,07:39,CC41,NA
2021_07_PW_CC,PW,CC,Panthers Wroclaw,Cologne Centurions,8/1/2021,Cologne,Suedstadion Koeln,15:00,NA,-,0,26 C,16 kmh,sunny - some clouds,PW,1,10,PW22,"V,1,10,V22","16,1,132",{DRIVE}:07:39,PANTHERS WROCLAW drive start at 07:39.,"V,1,10,V22",NA,07:39,NA,0,0,22,7,NA,16,V,PW,"PUNT,3,07:39,22","INT,3,06:36,19",2,-3,1:03,PUNT,3,07:39,PW22,INT,3,06:36,PW19,NA
2021_07_PW_CC,PW,CC,Panthers Wroclaw,Cologne Centurions,8/1/2021,Cologne,Suedstadion Koeln,15:00,NA,-,0,26 C,16 kmh,sunny - some clouds,PW,1,10,PW22,"V,1,10,V22","16,2,133","RUSH:25,V32, TACK:30,91 PEN:V,HO,A,28,V12,N NOPLAY:","P. Pasqualini rush for 10 yards to the PW32 (M. Mbaye;R. Sellung), PENALTY PW holding (P. Courageux) 10 yards to the PW12, NO PLAY.","V,1,20,V12",penalty,NA,NA,0,0,22,7,NA,16,V,PW,"PUNT,3,07:39,22","INT,3,06:36,19",2,-3,1:03,PUNT,3,07:39,PW22,INT,3,06:36,PW19,NA
2021_07_PW_CC,PW,CC,Panthers Wroclaw,Cologne Centurions,8/1/2021,Cologne,Suedstadion Koeln,15:00,NA,-,0,26 C,16 kmh,sunny - some clouds,PW,1,20,PW12,"V,1,20,V12","16,3,134","PASS:2,C,23,V19 TACK:24",L. OConnor pass complete to J. Mazan for 7 yards to the PW19 (D. Jacobs).,"V,2,13,V19",pass,NA,NA,0,0,22,7,NA,16,V,PW,"PUNT,3,07:39,22","INT,3,06:36,19",2,-3,1:03,PUNT,3,07:39,PW22,INT,3,06:36,PW19,NA
2021_07_PW_CC,PW,CC,Panthers Wroclaw,Cologne Centurions,8/1/2021,Cologne,Suedstadion Koeln,15:00,NA,-,0,26 C,16 kmh,sunny - some clouds,PW,2,13,PW19,"V,2,13,V19","16,4,135","PASS:2,X,8,V20 RET:8,V00 T:06:36 PAT:K,2,G","L. OConnor pass intercepted by P. Steffen at the PW20, P. Steffen return 20 yards to the PW0, TOUCHDOWN, clock 06:36, D. Schuhmacher kick attempt good.","H,1,0,H30",pat,06:36,NA,0,1,22,14,I,16,V,PW,"PUNT,3,07:39,22","INT,3,06:36,19",2,-3,1:03,PUNT,3,07:39,PW22,INT,3,06:36,PW19,NA
2021_07_PW_CC,PW,CC,Panthers Wroclaw,Cologne Centurions,8/1/2021,Cologne,Suedstadion Koeln,15:00,NA,-,0,26 C,16 kmh,sunny - some clouds,CC,1,0,CC30,"H,1,0,H30","17,1,136","KO:2,V00 RET:1,V19 TACK:5","D. Schuhmacher kickoff 70 yards to the PW0, D. Robinson return 19 yards to the PW19 (P. Lenhardt).","V,1,10,V19",kick_off,NA,NA,0,0,22,14,NA,17,H,CC,"INT,3,06:36,100","TD,3,06:36,100",0,0,0:00,INT,3,06:36,PW00,TD,3,06:36,PW00,NA
2021_07_PW_CC,PW,CC,Panthers Wroclaw,Cologne Centurions,8/1/2021,Cologne,Suedstadion Koeln,15:00,NA,-,0,26 C,16 kmh,sunny - some clouds,PW,1,10,PW19,"V,1,10,V19","18,1,137",{DRIVE}:06:28,PANTHERS WROCLAW drive start at 06:28.,"V,1,10,V19",NA,06:28,NA,0,0,22,14,NA,18,V,PW,"KO,3,06:28,19","FUMB,3,05:42,35",2,16,0:46,KO,3,06:28,PW19,FUMB,3,05:42,PW35,NA
2021_07_PW_CC,PW,CC,Panthers Wroclaw,Cologne Centurions,8/1/2021,Cologne,Suedstadion Koeln,15:00,NA,-,0,26 C,16 kmh,sunny - some clouds,PW,1,10,PW19,"V,1,10,V19","18,2,138","RUSH:24,V25, TACK:44",M. Herndon rush for 6 yards to the PW25 (M. Kensy).,"V,2,4,V25",rush,NA,NA,0,0,22,14,NA,18,V,PW,"KO,3,06:28,19","FUMB,3,05:42,35",2,16,0:46,KO,3,06:28,PW19,FUMB,3,05:42,PW35,NA
2021_07_PW_CC,PW,CC,Panthers Wroclaw,Cologne Centurions,8/1/2021,Cologne,Suedstadion Koeln,15:00,NA,-,0,26 C,16 kmh,sunny - some clouds,PW,2,4,PW25,"V,2,4,V25","18,3,139","RUSH:24,V35, FUMB:H,V35,24 PEN:V,HO,D","M. Herndon rush for 10 yards to the PW35, fumble by M. Herndon recovered by CC D. Jacobs at PW35, PENALTY PW holding declined.","H,1,10,V35",rush,NA,NA,0,0,22,14,F,18,V,PW,"KO,3,06:28,19","FUMB,3,05:42,35",2,16,0:46,KO,3,06:28,PW19,FUMB,3,05:42,PW35,NA
2021_07_PW_CC,PW,CC,Panthers Wroclaw,Cologne Centurions,8/1/2021,Cologne,Suedstadion Koeln,15:00,NA,-,0,26 C,16 kmh,sunny - some clouds,CC,1,10,PW35,"H,1,10,V35","19,1,140",{DRIVE}:05:42,COLOGNE CENTURIONS drive start at 05:42.,"H,1,10,V35",NA,05:42,NA,0,0,22,14,NA,19,H,CC,"FUMB,3,05:42,65","TD,3,05:39,100",1,35,0:03,FUMB,3,05:42,PW35,TD,3,05:39,PW00,NA
2021_07_PW_CC,PW,CC,Panthers Wroclaw,Cologne Centurions,8/1/2021,Cologne,Suedstadion Koeln,15:00,NA,-,0,26 C,16 kmh,sunny - some clouds,CC,1,10,PW35,"H,1,10,V35","19,2,141","RUSH:28,V00, T:05:39 PAT:R,12,M","M. London rush for 35 yards to the PW0, 1ST DOWN CC, TOUCHDOWN, clock 05:39, J. Weinreich rush attempt failed.","H,1,0,H30",pat,05:39,rush,0,1,22,20,NA,19,H,CC,"FUMB,3,05:42,65","TD,3,05:39,100",1,35,0:03,FUMB,3,05:42,PW35,TD,3,05:39,PW00,NA
2021_07_PW_CC,PW,CC,Panthers Wroclaw,Cologne Centurions,8/1/2021,Cologne,Suedstadion Koeln,15:00,NA,-,0,26 C,16 kmh,sunny - some clouds,CC,1,0,CC30,"H,1,0,H30","19,3,142","KO:2,V04 RET:23,V28 TACK:47 PEN:V,HO,A,TM,V18,N D:1,10 SPOT:V,V18,Y","D. Schuhmacher kickoff 66 yards to the PW4, J. Mazan return 24 yards to the PW28 (N. Liesen), PENALTY PW holding 10 yards to the PW18, 1st and 10, PW ball on PW18.","V,1,10,V18",kick_off,NA,NA,0,0,22,20,NA,19,H,CC,"FUMB,3,05:42,65","TD,3,05:39,100",1,35,0:03,FUMB,3,05:42,PW35,TD,3,05:39,PW00,NA
2021_07_PW_CC,PW,CC,Panthers Wroclaw,Cologne Centurions,8/1/2021,Cologne,Suedstadion Koeln,15:00,NA,-,0,26 C,16 kmh,sunny - some clouds,PW,1,10,PW18,"V,1,10,V18","20,1,143",{DRIVE}:05:22,PANTHERS WROCLAW drive start at 05:22.,"V,1,10,V18",NA,05:22,NA,0,0,22,20,NA,20,V,PW,"KO,3,05:22,18","PUNT,3,02:21,39",7,21,3:01,KO,3,05:22,PW18,PUNT,3,02:21,PW39,NA
2021_07_PW_CC,PW,CC,Panthers Wroclaw,Cologne Centurions,8/1/2021,Cologne,Suedstadion Koeln,15:00,NA,-,0,26 C,16 kmh,sunny - some clouds,PW,1,10,PW18,"V,1,10,V18","20,2,144","PASS:2,C,40,V26 TACK:58",L. OConnor pass complete to K. Starczewski for 8 yards to the PW26 (L. Weitz).,"V,2,2,V26",pass,NA,NA,0,0,22,20,NA,20,V,PW,"KO,3,05:22,18","PUNT,3,02:21,39",7,21,3:01,KO,3,05:22,PW18,PUNT,3,02:21,PW39,NA
2021_07_PW_CC,PW,CC,Panthers Wroclaw,Cologne Centurions,8/1/2021,Cologne,Suedstadion Koeln,15:00,NA,-,0,26 C,16 kmh,sunny - some clouds,PW,2,2,PW26,"V,2,2,V26","20,3,145","PASS:2,S,TM,V20 SACK:3",L. OConnor sacked for loss of 6 yards to the PW20 (J. Voelker).,"V,3,8,V20",pass,NA,NA,0,0,22,20,NA,20,V,PW,"KO,3,05:22,18","PUNT,3,02:21,39",7,21,3:01,KO,3,05:22,PW18,PUNT,3,02:21,PW39,NA
2021_07_PW_CC,PW,CC,Panthers Wroclaw,Cologne Centurions,8/1/2021,Cologne,Suedstadion Koeln,15:00,NA,-,0,26 C,16 kmh,sunny - some clouds,PW,3,8,PW20,"V,3,8,V20","20,4,146","PASS:2,C,82,V28 TACK:24 PEN:H,HO,D","L. OConnor pass complete to P. Banat for 8 yards to the PW28, 1ST DOWN PW (D. Jacobs), PENALTY CC holding declined.","V,1,10,V28",pass,NA,pass,0,0,22,20,NA,20,V,PW,"KO,3,05:22,18","PUNT,3,02:21,39",7,21,3:01,KO,3,05:22,PW18,PUNT,3,02:21,PW39,NA
2021_07_PW_CC,PW,CC,Panthers Wroclaw,Cologne Centurions,8/1/2021,Cologne,Suedstadion Koeln,15:00,NA,-,0,26 C,16 kmh,sunny - some clouds,PW,1,10,PW28,"V,1,10,V28","20,5,147","RUSH:24,V38, TACK:24","M. Herndon rush for 10 yards to the PW38, 1ST DOWN PW (D. Jacobs).","V,1,10,V38",rush,NA,rush,0,0,22,20,NA,20,V,PW,"KO,3,05:22,18","PUNT,3,02:21,39",7,21,3:01,KO,3,05:22,PW18,PUNT,3,02:21,PW39,NA
2021_07_PW_CC,PW,CC,Panthers Wroclaw,Cologne Centurions,8/1/2021,Cologne,Suedstadion Koeln,15:00,NA,-,0,26 C,16 kmh,sunny - some clouds,PW,1,10,PW38,"V,1,10,V38","20,6,148","PASS:2,I,23,*",L. OConnor pass incomplete to J. Mazan.,"V,2,10,V38",pass,NA,NA,0,0,22,20,NA,20,V,PW,"KO,3,05:22,18","PUNT,3,02:21,39",7,21,3:01,KO,3,05:22,PW18,PUNT,3,02:21,PW39,NA
2021_07_PW_CC,PW,CC,Panthers Wroclaw,Cologne Centurions,8/1/2021,Cologne,Suedstadion Koeln,15:00,NA,-,0,26 C,16 kmh,sunny - some clouds,PW,2,10,PW38,"V,2,10,V38","20,7,149","PASS:2,C,15,V39 TACK:23",L. OConnor pass complete to B. Dziedzic for 1 yard to the PW39 (T. Janssen).,"V,3,9,V39",pass,NA,NA,0,0,22,20,NA,20,V,PW,"KO,3,05:22,18","PUNT,3,02:21,39",7,21,3:01,KO,3,05:22,PW18,PUNT,3,02:21,PW39,NA
2021_07_PW_CC,PW,CC,Panthers Wroclaw,Cologne Centurions,8/1/2021,Cologne,Suedstadion Koeln,15:00,NA,-,0,26 C,16 kmh,sunny - some clouds,PW,3,9,PW39,"V,3,9,V39","20,8,151","PASS:2,I,82,*",L. OConnor pass incomplete to P. Banat.,"V,4,9,V39",pass,NA,NA,0,0,22,20,NA,20,V,PW,"KO,3,05:22,18","PUNT,3,02:21,39",7,21,3:01,KO,3,05:22,PW18,PUNT,3,02:21,PW39,NA
2021_07_PW_CC,PW,CC,Panthers Wroclaw,Cologne Centurions,8/1/2021,Cologne,Suedstadion Koeln,15:00,NA,-,0,26 C,16 kmh,sunny - some clouds,PW,4,9,PW39,"V,4,9,V39","20,9,152","PUNT:44,H45 DN:","T. Leader punt 16 yards to the CC45, downed.","H,1,10,H45",punt,NA,NA,0,0,22,20,NA,20,V,PW,"KO,3,05:22,18","PUNT,3,02:21,39",7,21,3:01,KO,3,05:22,PW18,PUNT,3,02:21,PW39,NA
2021_07_PW_CC,PW,CC,Panthers Wroclaw,Cologne Centurions,8/1/2021,Cologne,Suedstadion Koeln,15:00,NA,-,0,26 C,16 kmh,sunny - some clouds,CC,1,10,CC45,"H,1,10,H45","21,1,153",{DRIVE}:02:21,COLOGNE CENTURIONS drive start at 02:21.,"H,1,10,H45",NA,02:21,NA,0,0,22,20,NA,21,H,CC,"PUNT,3,02:21,45","PUNT,3,00:36,44",3,-1,1:45,PUNT,3,02:21,CC45,PUNT,3,00:36,CC44,NA
2021_07_PW_CC,PW,CC,Panthers Wroclaw,Cologne Centurions,8/1/2021,Cologne,Suedstadion Koeln,15:00,NA,-,0,26 C,16 kmh,sunny - some clouds,CC,1,10,CC45,"H,1,10,H45","21,2,154","RUSH:28,H47, TACK:92",M. London rush for 2 yards to the CC47 (A. Brudny).,"H,2,8,H47",rush,NA,NA,0,0,22,20,NA,21,H,CC,"PUNT,3,02:21,45","PUNT,3,00:36,44",3,-1,1:45,PUNT,3,02:21,CC45,PUNT,3,00:36,CC44,NA
2021_07_PW_CC,PW,CC,Panthers Wroclaw,Cologne Centurions,8/1/2021,Cologne,Suedstadion Koeln,15:00,NA,-,0,26 C,16 kmh,sunny - some clouds,CC,2,8,CC47,"H,2,8,H47","21,3,155","RUSH:12,H44, TACK:6",J. Weinreich rush for loss of 3 yards to the CC44 (K. Ruta).,"H,3,11,H44",rush,NA,NA,0,0,22,20,NA,21,H,CC,"PUNT,3,02:21,45","PUNT,3,00:36,44",3,-1,1:45,PUNT,3,02:21,CC45,PUNT,3,00:36,CC44,NA
2021_07_PW_CC,PW,CC,Panthers Wroclaw,Cologne Centurions,8/1/2021,Cologne,Suedstadion Koeln,15:00,NA,-,0,26 C,16 kmh,sunny - some clouds,CC,3,11,CC44,"H,3,11,H44","21,4,156","PASS:12,I,1,*",J. Weinreich pass incomplete to Q. Pounds.,"H,4,11,H44",pass,NA,NA,0,0,22,20,NA,21,H,CC,"PUNT,3,02:21,45","PUNT,3,00:36,44",3,-1,1:45,PUNT,3,02:21,CC45,PUNT,3,00:36,CC44,NA
2021_07_PW_CC,PW,CC,Panthers Wroclaw,Cologne Centurions,8/1/2021,Cologne,Suedstadion Koeln,15:00,NA,-,0,26 C,16 kmh,sunny - some clouds,CC,4,11,CC44,"H,4,11,H44","21,5,157","PUNT:81,V29 OB:","V. Roediger punt 27 yards to the PW29, out-of-bounds.","V,1,10,V29",punt,NA,NA,1,0,22,20,NA,21,H,CC,"PUNT,3,02:21,45","PUNT,3,00:36,44",3,-1,1:45,PUNT,3,02:21,CC45,PUNT,3,00:36,CC44,NA
2021_07_PW_CC,PW,CC,Panthers Wroclaw,Cologne Centurions,8/1/2021,Cologne,Suedstadion Koeln,15:00,NA,-,0,26 C,16 kmh,sunny - some clouds,PW,1,10,PW29,"V,1,10,V29","22,1,158","{DRIVE}:00:36 PEN:H,FO,A,TM,V35,N","PANTHERS WROCLAW drive start at 00:36, PENALTY CC illegal formation 6 yards to the PW35.","V,1,4,V35",penalty,00:36,NA,0,0,22,20,NA,22,V,PW,"PUNT,3,00:36,29","FG,4,13:02,90",7,61,2:34,PUNT,3,00:36,PW29,FG,4,13:02,CC10,1
2021_07_PW_CC,PW,CC,Panthers Wroclaw,Cologne Centurions,8/1/2021,Cologne,Suedstadion Koeln,15:00,NA,-,0,26 C,16 kmh,sunny - some clouds,PW,1,4,PW35,"V,1,4,V35","22,2,159","D:1,10 RUSH:24,H41, TACK:30","1st and 10, M. Herndon rush for 24 yards to the CC41, 1ST DOWN PW (M. Mbaye).","V,1,10,H41",rush,NA,rush,0,0,22,20,NA,22,V,PW,"PUNT,3,00:36,29","FG,4,13:02,90",7,61,2:34,PUNT,3,00:36,PW29,FG,4,13:02,CC10,1
2021_07_PW_CC,PW,CC,Panthers Wroclaw,Cologne Centurions,8/1/2021,Cologne,Suedstadion Koeln,15:00,NA,-,0,26 C,16 kmh,sunny - some clouds,PW,1,10,CC41,"V,1,10,H41","22,3,160",Q:4 T:15:00,"Start of 4th quarter, clock 15:00.","V,1,10,H41",NA,15:00,NA,0,0,22,20,NA,22,V,PW,"PUNT,3,00:36,29","FG,4,13:02,90",7,61,2:34,PUNT,3,00:36,PW29,FG,4,13:02,CC10,1
2021_07_PW_CC,PW,CC,Panthers Wroclaw,Cologne Centurions,8/1/2021,Cologne,Suedstadion Koeln,15:00,NA,-,0,26 C,16 kmh,sunny - some clouds,PW,1,10,CC41,"V,1,10,H41","22,4,161","PASS:2,I,40,* BRUP:23",L. OConnor pass incomplete to K. Starczewski (T. Janssen).,"V,2,10,H41",pass,NA,NA,0,0,22,20,NA,22,V,PW,"PUNT,3,00:36,29","FG,4,13:02,90",7,61,2:34,PUNT,3,00:36,PW29,FG,4,13:02,CC10,1
2021_07_PW_CC,PW,CC,Panthers Wroclaw,Cologne Centurions,8/1/2021,Cologne,Suedstadion Koeln,15:00,NA,-,0,26 C,16 kmh,sunny - some clouds,PW,2,10,CC41,"V,2,10,H41","22,5,162","PASS:2,C,18,H10 TACK:30","L. OConnor pass complete to A. Grodecki for 31 yards to the CC10, 1ST DOWN PW (M. Mbaye).","V,1,0,H10",pass,NA,pass,0,0,22,20,NA,22,V,PW,"PUNT,3,00:36,29","FG,4,13:02,90",7,61,2:34,PUNT,3,00:36,PW29,FG,4,13:02,CC10,1
2021_07_PW_CC,PW,CC,Panthers Wroclaw,Cologne Centurions,8/1/2021,Cologne,Suedstadion Koeln,15:00,NA,-,0,26 C,16 kmh,sunny - some clouds,PW,1,0,CC10,"V,1,0,H10","22,6,163","RUSH:24,H08, TACK:48",M. Herndon rush for 2 yards to the CC8 (K. Bongaerts).,"V,2,0,H08",rush,NA,NA,0,0,22,20,NA,22,V,PW,"PUNT,3,00:36,29","FG,4,13:02,90",7,61,2:34,PUNT,3,00:36,PW29,FG,4,13:02,CC10,1
2021_07_PW_CC,PW,CC,Panthers Wroclaw,Cologne Centurions,8/1/2021,Cologne,Suedstadion Koeln,15:00,NA,-,0,26 C,16 kmh,sunny - some clouds,PW,2,0,CC08,"V,2,0,H08","22,7,164","RUSH:24,H00, T:13:43 PEN:V,HO,A,64,H19,N NOPLAY:","M. Herndon rush for 8 yards to the CC0, clock 13:43, PENALTY PW holding (S. Drecun) 11 yards to the CC19, NO PLAY.","V,2,0,H19",penalty,13:43,NA,0,0,22,20,NA,22,V,PW,"PUNT,3,00:36,29","FG,4,13:02,90",7,61,2:34,PUNT,3,00:36,PW29,FG,4,13:02,CC10,1
2021_07_PW_CC,PW,CC,Panthers Wroclaw,Cologne Centurions,8/1/2021,Cologne,Suedstadion Koeln,15:00,NA,-,0,26 C,16 kmh,sunny - some clouds,PW,2,0,CC19,"V,2,0,H19","22,8,165","PASS:2,C,15,H10 TACK:30",L. OConnor pass complete to B. Dziedzic for 9 yards to the CC10 (M. Mbaye).,"V,3,0,H10",pass,NA,NA,0,0,22,20,NA,22,V,PW,"PUNT,3,00:36,29","FG,4,13:02,90",7,61,2:34,PUNT,3,00:36,PW29,FG,4,13:02,CC10,1
2021_07_PW_CC,PW,CC,Panthers Wroclaw,Cologne Centurions,8/1/2021,Cologne,Suedstadion Koeln,15:00,NA,-,0,26 C,16 kmh,sunny - some clouds,PW,3,0,CC10,"V,3,0,H10","22,9,166","PASS:2,I,24,*",L. OConnor pass incomplete to M. Herndon.,"V,4,0,H10",pass,NA,NA,0,0,22,20,NA,22,V,PW,"PUNT,3,00:36,29","FG,4,13:02,90",7,61,2:34,PUNT,3,00:36,PW29,FG,4,13:02,CC10,1
2021_07_PW_CC,PW,CC,Panthers Wroclaw,Cologne Centurions,8/1/2021,Cologne,Suedstadion Koeln,15:00,NA,-,0,26 C,16 kmh,sunny - some clouds,PW,4,0,CC10,"V,4,0,H10","22,10,167","FGA:44,30,G T:13:02","T. Leader field goal attempt from 30 GOOD, clock 13:02.","V,1,0,V30",field_goal,13:02,NA,0,1,25,20,NA,22,V,PW,"PUNT,3,00:36,29","FG,4,13:02,90",7,61,2:34,PUNT,3,00:36,PW29,FG,4,13:02,CC10,1
2021_07_PW_CC,PW,CC,Panthers Wroclaw,Cologne Centurions,8/1/2021,Cologne,Suedstadion Koeln,15:00,NA,-,0,26 C,16 kmh,sunny - some clouds,PW,1,0,PW30,"V,1,0,V30","22,11,168","KO:44,H15 RET:24,H43 TACK:42","T. Leader kickoff 55 yards to the CC15, D. Jacobs return 28 yards to the CC43 (J. Chmiel).","H,1,10,H43",kick_off,NA,NA,0,0,25,20,NA,22,V,PW,"PUNT,3,00:36,29","FG,4,13:02,90",7,61,2:34,PUNT,3,00:36,PW29,FG,4,13:02,CC10,1
2021_07_PW_CC,PW,CC,Panthers Wroclaw,Cologne Centurions,8/1/2021,Cologne,Suedstadion Koeln,15:00,NA,-,0,26 C,16 kmh,sunny - some clouds,CC,1,10,CC43,"H,1,10,H43","23,1,169",{DRIVE}:12:52,COLOGNE CENTURIONS drive start at 12:52.,"H,1,10,H43",NA,12:52,NA,0,0,25,20,NA,23,H,CC,"KO,4,12:52,43","TD,4,07:18,100",10,57,5:34,KO,4,12:52,CC43,TD,4,07:18,PW00,1
2021_07_PW_CC,PW,CC,Panthers Wroclaw,Cologne Centurions,8/1/2021,Cologne,Suedstadion Koeln,15:00,NA,-,0,26 C,16 kmh,sunny - some clouds,CC,1,10,CC43,"H,1,10,H43","23,2,170","RUSH:28,H47, TACK:94",M. London rush for 4 yards to the CC47 (K. Brauns).,"H,2,6,H47",rush,NA,NA,0,0,25,20,NA,23,H,CC,"KO,4,12:52,43","TD,4,07:18,100",10,57,5:34,KO,4,12:52,CC43,TD,4,07:18,PW00,1
2021_07_PW_CC,PW,CC,Panthers Wroclaw,Cologne Centurions,8/1/2021,Cologne,Suedstadion Koeln,15:00,NA,-,0,26 C,16 kmh,sunny - some clouds,CC,2,6,CC47,"H,2,6,H47","23,3,171","RUSH:28,V42, TACK:26,4","M. London rush for 11 yards to the PW42, 1ST DOWN CC (M. Osumek;W. Lloyd).","H,1,10,V42",rush,NA,rush,0,0,25,20,NA,23,H,CC,"KO,4,12:52,43","TD,4,07:18,100",10,57,5:34,KO,4,12:52,CC43,TD,4,07:18,PW00,1
2021_07_PW_CC,PW,CC,Panthers Wroclaw,Cologne Centurions,8/1/2021,Cologne,Suedstadion Koeln,15:00,NA,-,0,26 C,16 kmh,sunny - some clouds,CC,1,10,PW42,"H,1,10,V42","23,4,172","PASS:12,I,5,*",J. Weinreich pass incomplete to P. Lenhardt.,"H,2,10,V42",pass,NA,NA,0,0,25,20,NA,23,H,CC,"KO,4,12:52,43","TD,4,07:18,100",10,57,5:34,KO,4,12:52,CC43,TD,4,07:18,PW00,1
2021_07_PW_CC,PW,CC,Panthers Wroclaw,Cologne Centurions,8/1/2021,Cologne,Suedstadion Koeln,15:00,NA,-,0,26 C,16 kmh,sunny - some clouds,CC,2,10,PW42,"H,2,10,V42","23,5,173","RUSH:28,V40, TACK:6",M. London rush for 2 yards to the PW40 (K. Ruta).,"H,3,8,V40",rush,NA,NA,0,0,25,20,NA,23,H,CC,"KO,4,12:52,43","TD,4,07:18,100",10,57,5:34,KO,4,12:52,CC43,TD,4,07:18,PW00,1
2021_07_PW_CC,PW,CC,Panthers Wroclaw,Cologne Centurions,8/1/2021,Cologne,Suedstadion Koeln,15:00,NA,-,0,26 C,16 kmh,sunny - some clouds,CC,3,8,PW40,"H,3,8,V40","23,6,174","PASS:12,C,1,V22 TACK:26","J. Weinreich pass complete to Q. Pounds for 18 yards to the PW22, 1ST DOWN CC (M. Osumek).","H,1,10,V22",pass,NA,pass,0,0,25,20,NA,23,H,CC,"KO,4,12:52,43","TD,4,07:18,100",10,57,5:34,KO,4,12:52,CC43,TD,4,07:18,PW00,1
2021_07_PW_CC,PW,CC,Panthers Wroclaw,Cologne Centurions,8/1/2021,Cologne,Suedstadion Koeln,15:00,NA,-,0,26 C,16 kmh,sunny - some clouds,CC,1,10,PW22,"H,1,10,V22","23,7,175","RUSH:28,V18, TACK:1",M. London rush for 4 yards to the PW18 (D. Robinson).,"H,2,6,V18",rush,NA,NA,0,0,25,20,NA,23,H,CC,"KO,4,12:52,43","TD,4,07:18,100",10,57,5:34,KO,4,12:52,CC43,TD,4,07:18,PW00,1
2021_07_PW_CC,PW,CC,Panthers Wroclaw,Cologne Centurions,8/1/2021,Cologne,Suedstadion Koeln,15:00,NA,-,0,26 C,16 kmh,sunny - some clouds,CC,2,6,PW18,"H,2,6,V18","23,8,176","RUSH:28,V16, TACK:94",M. London rush for 2 yards to the PW16 (K. Brauns).,"H,3,4,V16",rush,NA,NA,0,0,25,20,NA,23,H,CC,"KO,4,12:52,43","TD,4,07:18,100",10,57,5:34,KO,4,12:52,CC43,TD,4,07:18,PW00,1
2021_07_PW_CC,PW,CC,Panthers Wroclaw,Cologne Centurions,8/1/2021,Cologne,Suedstadion Koeln,15:00,NA,-,0,26 C,16 kmh,sunny - some clouds,CC,3,4,PW16,"H,3,4,V16","23,9,177","PEN:H,FS,A,76,V21,N",PENALTY CC false start (N. Meiwurm) 5 yards to the PW21.,"H,3,9,V21",penalty,NA,NA,0,0,25,20,NA,23,H,CC,"KO,4,12:52,43","TD,4,07:18,100",10,57,5:34,KO,4,12:52,CC43,TD,4,07:18,PW00,1
2021_07_PW_CC,PW,CC,Panthers Wroclaw,Cologne Centurions,8/1/2021,Cologne,Suedstadion Koeln,15:00,NA,-,0,26 C,16 kmh,sunny - some clouds,CC,3,9,PW21,"H,3,9,V21","23,10,178","PEN:H,FS,A,56,V26,N",PENALTY CC false start (F. Aybek) 5 yards to the PW26.,"H,3,14,V26",penalty,NA,NA,0,0,25,20,NA,23,H,CC,"KO,4,12:52,43","TD,4,07:18,100",10,57,5:34,KO,4,12:52,CC43,TD,4,07:18,PW00,1
2021_07_PW_CC,PW,CC,Panthers Wroclaw,Cologne Centurions,8/1/2021,Cologne,Suedstadion Koeln,15:00,NA,-,0,26 C,16 kmh,sunny - some clouds,CC,3,14,PW26,"H,3,14,V26","23,11,179","PASS:12,S,TM,V32 SACK:94",J. Weinreich sacked for loss of 6 yards to the PW32 (K. Brauns).,"H,4,20,V32",pass,NA,NA,0,0,25,20,NA,23,H,CC,"KO,4,12:52,43","TD,4,07:18,100",10,57,5:34,KO,4,12:52,CC43,TD,4,07:18,PW00,1
2021_07_PW_CC,PW,CC,Panthers Wroclaw,Cologne Centurions,8/1/2021,Cologne,Suedstadion Koeln,15:00,NA,-,0,26 C,16 kmh,sunny - some clouds,CC,4,20,PW32,"H,4,20,V32","23,12,180",TOUT:H T:08:16,"Timeout Cologne Centurions, clock 08:16.","H,4,20,V32",NA,08:16,NA,0,0,25,20,NA,23,H,CC,"KO,4,12:52,43","TD,4,07:18,100",10,57,5:34,KO,4,12:52,CC43,TD,4,07:18,PW00,1
2021_07_PW_CC,PW,CC,Panthers Wroclaw,Cologne Centurions,8/1/2021,Cologne,Suedstadion Koeln,15:00,NA,-,0,26 C,16 kmh,sunny - some clouds,CC,4,20,PW32,"H,4,20,V32","23,13,181","PASS:12,C,5,V11 TACK:4","J. Weinreich pass complete to P. Lenhardt for 21 yards to the PW11, 1ST DOWN CC (W. Lloyd).","H,1,10,V11",pass,NA,pass,0,0,25,20,NA,23,H,CC,"KO,4,12:52,43","TD,4,07:18,100",10,57,5:34,KO,4,12:52,CC43,TD,4,07:18,PW00,1
2021_07_PW_CC,PW,CC,Panthers Wroclaw,Cologne Centurions,8/1/2021,Cologne,Suedstadion Koeln,15:00,NA,-,0,26 C,16 kmh,sunny - some clouds,CC,1,10,PW11,"H,1,10,V11","23,14,182","RUSH:28,V00, T:07:18 PAT:P,12,M","M. London rush for 11 yards to the PW0, 1ST DOWN CC, TOUCHDOWN, clock 07:18, J. Weinreich pass attempt failed.","H,1,0,H30",pat,07:18,rush,0,1,25,26,NA,23,H,CC,"KO,4,12:52,43","TD,4,07:18,100",10,57,5:34,KO,4,12:52,CC43,TD,4,07:18,PW00,1
2021_07_PW_CC,PW,CC,Panthers Wroclaw,Cologne Centurions,8/1/2021,Cologne,Suedstadion Koeln,15:00,NA,-,0,26 C,16 kmh,sunny - some clouds,CC,1,0,CC30,"H,1,0,H30","23,15,183","KO:2,V08 RET:23,V14 TACK:8 PEN:V,HO,A,TM,V07,N D:1,10 SPOT:V,V07,Y","D. Schuhmacher kickoff 62 yards to the PW8, J. Mazan return 6 yards to the PW14 (P. Steffen), PENALTY PW holding 7 yards to the PW7, 1st and 10, PW ball on PW7.","V,1,10,V07",kick_off,NA,NA,0,0,25,26,NA,23,H,CC,"KO,4,12:52,43","TD,4,07:18,100",10,57,5:34,KO,4,12:52,CC43,TD,4,07:18,PW00,1
2021_07_PW_CC,PW,CC,Panthers Wroclaw,Cologne Centurions,8/1/2021,Cologne,Suedstadion Koeln,15:00,NA,-,0,26 C,16 kmh,sunny - some clouds,PW,1,10,PW07,"V,1,10,V07","24,1,184",{DRIVE}:07:10,PANTHERS WROCLAW drive start at 07:10.,"V,1,10,V07",NA,07:10,NA,0,0,25,26,NA,24,V,PW,"KO,4,07:10,7","FUMB,4,06:55,15",2,8,0:15,KO,4,07:10,PW07,FUMB,4,06:55,PW15,NA
2021_07_PW_CC,PW,CC,Panthers Wroclaw,Cologne Centurions,8/1/2021,Cologne,Suedstadion Koeln,15:00,NA,-,0,26 C,16 kmh,sunny - some clouds,PW,1,10,PW07,"V,1,10,V07","24,2,185","PASS:2,I,15,* BRUP:24",L. OConnor pass incomplete to B. Dziedzic (D. Jacobs).,"V,2,10,V07",pass,NA,NA,0,0,25,26,NA,24,V,PW,"KO,4,07:10,7","FUMB,4,06:55,15",2,8,0:15,KO,4,07:10,PW07,FUMB,4,06:55,PW15,NA
2021_07_PW_CC,PW,CC,Panthers Wroclaw,Cologne Centurions,8/1/2021,Cologne,Suedstadion Koeln,15:00,NA,-,0,26 C,16 kmh,sunny - some clouds,PW,2,10,PW07,"V,2,10,V07","24,3,186","RUSH:24,V15, FUMB:H,V15,8","M. Herndon rush for 8 yards to the PW15, fumble by M. Herndon recovered by CC P. Steffen at PW15.","H,1,10,V15",rush,NA,NA,0,0,25,26,F,24,V,PW,"KO,4,07:10,7","FUMB,4,06:55,15",2,8,0:15,KO,4,07:10,PW07,FUMB,4,06:55,PW15,NA
2021_07_PW_CC,PW,CC,Panthers Wroclaw,Cologne Centurions,8/1/2021,Cologne,Suedstadion Koeln,15:00,NA,-,0,26 C,16 kmh,sunny - some clouds,CC,1,10,PW15,"H,1,10,V15","25,1,187",{DRIVE}:06:55,COLOGNE CENTURIONS drive start at 06:55.,"H,1,10,V15",NA,06:55,NA,0,0,25,26,NA,25,H,CC,"FUMB,4,06:55,85","TD,4,05:35,100",3,15,1:20,FUMB,4,06:55,PW15,TD,4,05:35,PW00,1
2021_07_PW_CC,PW,CC,Panthers Wroclaw,Cologne Centurions,8/1/2021,Cologne,Suedstadion Koeln,15:00,NA,-,0,26 C,16 kmh,sunny - some clouds,CC,1,10,PW15,"H,1,10,V15","25,2,188","RUSH:28,V04, TACK:19","M. London rush for 11 yards to the PW4, 1ST DOWN CC (D. Piatkowski).","H,1,0,V04",rush,NA,rush,0,0,25,26,NA,25,H,CC,"FUMB,4,06:55,85","TD,4,05:35,100",3,15,1:20,FUMB,4,06:55,PW15,TD,4,05:35,PW00,1
2021_07_PW_CC,PW,CC,Panthers Wroclaw,Cologne Centurions,8/1/2021,Cologne,Suedstadion Koeln,15:00,NA,-,0,26 C,16 kmh,sunny - some clouds,CC,1,0,PW04,"H,1,0,V04","25,3,189","RUSH:28,V02, TACK:19",M. London rush for 2 yards to the PW2 (D. Piatkowski).,"H,2,0,V02",rush,NA,NA,0,0,25,26,NA,25,H,CC,"FUMB,4,06:55,85","TD,4,05:35,100",3,15,1:20,FUMB,4,06:55,PW15,TD,4,05:35,PW00,1
2021_07_PW_CC,PW,CC,Panthers Wroclaw,Cologne Centurions,8/1/2021,Cologne,Suedstadion Koeln,15:00,NA,-,0,26 C,16 kmh,sunny - some clouds,CC,2,0,PW02,"H,2,0,V02","25,4,190","RUSH:28,V00, T:05:35 PAT:K,2,G","M. London rush for 2 yards to the PW0, 1ST DOWN CC, TOUCHDOWN, clock 05:35, D. Schuhmacher kick attempt good.","H,1,0,H30",pat,05:35,rush,0,1,25,33,NA,25,H,CC,"FUMB,4,06:55,85","TD,4,05:35,100",3,15,1:20,FUMB,4,06:55,PW15,TD,4,05:35,PW00,1
2021_07_PW_CC,PW,CC,Panthers Wroclaw,Cologne Centurions,8/1/2021,Cologne,Suedstadion Koeln,15:00,NA,-,0,26 C,16 kmh,sunny - some clouds,CC,1,0,CC30,"H,1,0,H30","25,5,191","KO:2,V08 RET:23,V45 TACK:1","D. Schuhmacher kickoff 62 yards to the PW8, J. Mazan return 37 yards to the PW45 (Q. Pounds).","V,1,10,V45",kick_off,NA,NA,0,0,25,33,NA,25,H,CC,"FUMB,4,06:55,85","TD,4,05:35,100",3,15,1:20,FUMB,4,06:55,PW15,TD,4,05:35,PW00,1
2021_07_PW_CC,PW,CC,Panthers Wroclaw,Cologne Centurions,8/1/2021,Cologne,Suedstadion Koeln,15:00,NA,-,0,26 C,16 kmh,sunny - some clouds,PW,1,10,PW45,"V,1,10,V45","26,1,192",{DRIVE}:05:25,PANTHERS WROCLAW drive start at 05:25.,"V,1,10,V45",NA,05:25,NA,0,0,25,33,NA,26,V,PW,"KO,4,05:25,45","TD,4,03:34,100",4,55,1:51,KO,4,05:25,PW45,TD,4,03:34,CC00,1
2021_07_PW_CC,PW,CC,Panthers Wroclaw,Cologne Centurions,8/1/2021,Cologne,Suedstadion Koeln,15:00,NA,-,0,26 C,16 kmh,sunny - some clouds,PW,1,10,PW45,"V,1,10,V45","26,2,193","PASS:2,I,18,*",L. OConnor pass incomplete to A. Grodecki.,"V,2,10,V45",pass,NA,NA,0,0,25,33,NA,26,V,PW,"KO,4,05:25,45","TD,4,03:34,100",4,55,1:51,KO,4,05:25,PW45,TD,4,03:34,CC00,1
2021_07_PW_CC,PW,CC,Panthers Wroclaw,Cologne Centurions,8/1/2021,Cologne,Suedstadion Koeln,15:00,NA,-,0,26 C,16 kmh,sunny - some clouds,PW,2,10,PW45,"V,2,10,V45","26,3,194","PASS:2,I,23,* PEN:H,RP,A,TM,H40,N NOPLAY:","L. OConnor pass incomplete to J. Mazan, PENALTY CC roughing passer 15 yards to the CC40, 1ST DOWN PW, NO PLAY.","V,1,10,H40",penalty,NA,penalty,0,0,25,33,NA,26,V,PW,"KO,4,05:25,45","TD,4,03:34,100",4,55,1:51,KO,4,05:25,PW45,TD,4,03:34,CC00,1
2021_07_PW_CC,PW,CC,Panthers Wroclaw,Cologne Centurions,8/1/2021,Cologne,Suedstadion Koeln,15:00,NA,-,0,26 C,16 kmh,sunny - some clouds,PW,1,10,CC40,"V,1,10,H40","26,4,195","RUSH:25,H28, TACK:58","P. Pasqualini rush for 12 yards to the CC28, 1ST DOWN PW (L. Weitz).","V,1,10,H28",rush,NA,rush,0,0,25,33,NA,26,V,PW,"KO,4,05:25,45","TD,4,03:34,100",4,55,1:51,KO,4,05:25,PW45,TD,4,03:34,CC00,1
2021_07_PW_CC,PW,CC,Panthers Wroclaw,Cologne Centurions,8/1/2021,Cologne,Suedstadion Koeln,15:00,NA,-,0,26 C,16 kmh,sunny - some clouds,PW,1,10,CC28,"V,1,10,H28","26,5,196","PASS:2,I,16,* BRUP:55 PEN:H,RP,A,TM,H13,N NOPLAY:","L. OConnor pass incomplete to W. Zieba (M. Taylor), PENALTY CC roughing passer 15 yards to the CC13, 1ST DOWN PW, NO PLAY.","V,1,10,H13",penalty,NA,penalty,0,0,25,33,NA,26,V,PW,"KO,4,05:25,45","TD,4,03:34,100",4,55,1:51,KO,4,05:25,PW45,TD,4,03:34,CC00,1
2021_07_PW_CC,PW,CC,Panthers Wroclaw,Cologne Centurions,8/1/2021,Cologne,Suedstadion Koeln,15:00,NA,-,0,26 C,16 kmh,sunny - some clouds,PW,1,10,CC13,"V,1,10,H13","26,6,197","PASS:2,I,15,* PEN:H,HO,A,9,H08,1 NOPLAY:","L. OConnor pass incomplete to B. Dziedzic, PENALTY CC holding (W. Bhikh) 5 yards to the CC8, 1ST DOWN PW, NO PLAY.","V,1,0,H08",penalty,NA,penalty,0,0,25,33,NA,26,V,PW,"KO,4,05:25,45","TD,4,03:34,100",4,55,1:51,KO,4,05:25,PW45,TD,4,03:34,CC00,1
2021_07_PW_CC,PW,CC,Panthers Wroclaw,Cologne Centurions,8/1/2021,Cologne,Suedstadion Koeln,15:00,NA,-,0,26 C,16 kmh,sunny - some clouds,PW,1,0,CC08,"V,1,0,H08","26,7,198","RUSH:24,H01, TACK:58",M. Herndon rush for 7 yards to the CC1 (L. Weitz).,"V,2,0,H01",rush,NA,NA,0,0,25,33,NA,26,V,PW,"KO,4,05:25,45","TD,4,03:34,100",4,55,1:51,KO,4,05:25,PW45,TD,4,03:34,CC00,1
2021_07_PW_CC,PW,CC,Panthers Wroclaw,Cologne Centurions,8/1/2021,Cologne,Suedstadion Koeln,15:00,NA,-,0,26 C,16 kmh,sunny - some clouds,PW,2,0,CC01,"V,2,0,H01","26,8,199","PEN:V,FS,A,64,H06,N",PENALTY PW false start (S. Drecun) 5 yards to the CC6.,"V,2,0,H06",penalty,NA,NA,0,0,25,33,NA,26,V,PW,"KO,4,05:25,45","TD,4,03:34,100",4,55,1:51,KO,4,05:25,PW45,TD,4,03:34,CC00,1
2021_07_PW_CC,PW,CC,Panthers Wroclaw,Cologne Centurions,8/1/2021,Cologne,Suedstadion Koeln,15:00,NA,-,0,26 C,16 kmh,sunny - some clouds,PW,2,0,CC06,"V,2,0,H06","26,9,200","RUSH:24,H00, T:03:34 PAT:R,24,M","M. Herndon rush for 6 yards to the CC0, 1ST DOWN PW, TOUCHDOWN, clock 03:34, M. Herndon rush attempt failed.","V,1,0,V30",pat,03:34,rush,0,1,31,33,NA,26,V,PW,"KO,4,05:25,45","TD,4,03:34,100",4,55,1:51,KO,4,05:25,PW45,TD,4,03:34,CC00,1
2021_07_PW_CC,PW,CC,Panthers Wroclaw,Cologne Centurions,8/1/2021,Cologne,Suedstadion Koeln,15:00,NA,-,0,26 C,16 kmh,sunny - some clouds,PW,1,0,PW30,"V,1,0,V30","26,10,201","KO:44,H00 TB:","T. Leader kickoff 70 yards to the CC0, touchback.","H,1,10,H20",kick_off,NA,NA,0,0,31,33,NA,26,V,PW,"KO,4,05:25,45","TD,4,03:34,100",4,55,1:51,KO,4,05:25,PW45,TD,4,03:34,CC00,1
2021_07_PW_CC,PW,CC,Panthers Wroclaw,Cologne Centurions,8/1/2021,Cologne,Suedstadion Koeln,15:00,NA,-,0,26 C,16 kmh,sunny - some clouds,CC,1,10,CC20,"H,1,10,H20","27,1,202",{DRIVE}:03:34,COLOGNE CENTURIONS drive start at 03:34.,"H,1,10,H20",NA,03:34,NA,0,0,31,33,NA,27,H,CC,"KO,4,03:34,20","DOWNS,4,00:29,96",7,76,3:05,KO,4,03:34,CC20,DOWNS,4,00:29,PW04,1
2021_07_PW_CC,PW,CC,Panthers Wroclaw,Cologne Centurions,8/1/2021,Cologne,Suedstadion Koeln,15:00,NA,-,0,26 C,16 kmh,sunny - some clouds,CC,1,10,CC20,"H,1,10,H20","27,2,203","RUSH:28,V21, TACK:6","M. London rush for 59 yards to the PW21, 1ST DOWN CC (K. Ruta).","H,1,10,V21",rush,NA,rush,0,0,31,33,NA,27,H,CC,"KO,4,03:34,20","DOWNS,4,00:29,96",7,76,3:05,KO,4,03:34,CC20,DOWNS,4,00:29,PW04,1
2021_07_PW_CC,PW,CC,Panthers Wroclaw,Cologne Centurions,8/1/2021,Cologne,Suedstadion Koeln,15:00,NA,-,0,26 C,16 kmh,sunny - some clouds,CC,1,10,PW21,"H,1,10,V21","27,3,204","RUSH:28,V12, TACK:4",M. London rush for 9 yards to the PW12 (W. Lloyd).,"H,2,1,V12",rush,NA,NA,0,0,31,33,NA,27,H,CC,"KO,4,03:34,20","DOWNS,4,00:29,96",7,76,3:05,KO,4,03:34,CC20,DOWNS,4,00:29,PW04,1
2021_07_PW_CC,PW,CC,Panthers Wroclaw,Cologne Centurions,8/1/2021,Cologne,Suedstadion Koeln,15:00,NA,-,0,26 C,16 kmh,sunny - some clouds,CC,2,1,PW12,"H,2,1,V12","27,4,205","RUSH:28,V09, TACK:8,97","M. London rush for 3 yards to the PW9, 1ST DOWN CC (H. Ogrodowczyk;L. Gembara).","H,1,0,V09",rush,NA,rush,0,0,31,33,NA,27,H,CC,"KO,4,03:34,20","DOWNS,4,00:29,96",7,76,3:05,KO,4,03:34,CC20,DOWNS,4,00:29,PW04,1
2021_07_PW_CC,PW,CC,Panthers Wroclaw,Cologne Centurions,8/1/2021,Cologne,Suedstadion Koeln,15:00,NA,-,0,26 C,16 kmh,sunny - some clouds,CC,1,0,PW09,"H,1,0,V09","27,5,206",TOUT:V T:01:48,"Timeout Panthers Wroclaw, clock 01:48.","H,1,0,V09",NA,01:48,NA,0,0,31,33,NA,27,H,CC,"KO,4,03:34,20","DOWNS,4,00:29,96",7,76,3:05,KO,4,03:34,CC20,DOWNS,4,00:29,PW04,1
2021_07_PW_CC,PW,CC,Panthers Wroclaw,Cologne Centurions,8/1/2021,Cologne,Suedstadion Koeln,15:00,NA,-,0,26 C,16 kmh,sunny - some clouds,CC,1,0,PW09,"H,1,0,V09","27,6,207","RUSH:28,V10, TACK:94",M. London rush for loss of 1 yard to the PW10 (K. Brauns).,"H,2,0,V10",rush,NA,NA,0,0,31,33,NA,27,H,CC,"KO,4,03:34,20","DOWNS,4,00:29,96",7,76,3:05,KO,4,03:34,CC20,DOWNS,4,00:29,PW04,1
2021_07_PW_CC,PW,CC,Panthers Wroclaw,Cologne Centurions,8/1/2021,Cologne,Suedstadion Koeln,15:00,NA,-,0,26 C,16 kmh,sunny - some clouds,CC,2,0,PW10,"H,2,0,V10","27,7,208",TOUT:V T:01:41,"Timeout Panthers Wroclaw, clock 01:41.","H,2,0,V10",NA,01:41,NA,0,0,31,33,NA,27,H,CC,"KO,4,03:34,20","DOWNS,4,00:29,96",7,76,3:05,KO,4,03:34,CC20,DOWNS,4,00:29,PW04,1
2021_07_PW_CC,PW,CC,Panthers Wroclaw,Cologne Centurions,8/1/2021,Cologne,Suedstadion Koeln,15:00,NA,-,0,26 C,16 kmh,sunny - some clouds,CC,2,0,PW10,"H,2,0,V10","27,8,209","RUSH:28,V01, TACK:6",M. London rush for 9 yards to the PW1 (K. Ruta).,"H,3,0,V01",rush,NA,NA,0,0,31,33,NA,27,H,CC,"KO,4,03:34,20","DOWNS,4,00:29,96",7,76,3:05,KO,4,03:34,CC20,DOWNS,4,00:29,PW04,1
2021_07_PW_CC,PW,CC,Panthers Wroclaw,Cologne Centurions,8/1/2021,Cologne,Suedstadion Koeln,15:00,NA,-,0,26 C,16 kmh,sunny - some clouds,CC,3,0,PW01,"H,3,0,V01","27,9,210",TOUT:V T:01:27,"Timeout Panthers Wroclaw, clock 01:27.","H,3,0,V01",NA,01:27,NA,0,0,31,33,NA,27,H,CC,"KO,4,03:34,20","DOWNS,4,00:29,96",7,76,3:05,KO,4,03:34,CC20,DOWNS,4,00:29,PW04,1
2021_07_PW_CC,PW,CC,Panthers Wroclaw,Cologne Centurions,8/1/2021,Cologne,Suedstadion Koeln,15:00,NA,-,0,26 C,16 kmh,sunny - some clouds,CC,3,0,PW01,"H,3,0,V01","27,10,211","RUSH:28,V03, TACK:94",M. London rush for loss of 2 yards to the PW3 (K. Brauns).,"H,4,0,V03",rush,NA,NA,0,0,31,33,NA,27,H,CC,"KO,4,03:34,20","DOWNS,4,00:29,96",7,76,3:05,KO,4,03:34,CC20,DOWNS,4,00:29,PW04,1
2021_07_PW_CC,PW,CC,Panthers Wroclaw,Cologne Centurions,8/1/2021,Cologne,Suedstadion Koeln,15:00,NA,-,0,26 C,16 kmh,sunny - some clouds,CC,4,0,PW03,"H,4,0,V03","27,11,212",TOUT:H T:00:36,"Timeout Cologne Centurions, clock 00:36.","H,4,0,V03",NA,00:36,NA,0,0,31,33,NA,27,H,CC,"KO,4,03:34,20","DOWNS,4,00:29,96",7,76,3:05,KO,4,03:34,CC20,DOWNS,4,00:29,PW04,1
2021_07_PW_CC,PW,CC,Panthers Wroclaw,Cologne Centurions,8/1/2021,Cologne,Suedstadion Koeln,15:00,NA,-,0,26 C,16 kmh,sunny - some clouds,CC,4,0,PW03,"H,4,0,V03","27,12,213","RUSH:28,V04, TACK:4,19",M. London rush for loss of 1 yard to the PW4 (W. Lloyd;D. Piatkowski).,"V,1,10,V04",rush,NA,NA,0,0,31,33,NA,27,H,CC,"KO,4,03:34,20","DOWNS,4,00:29,96",7,76,3:05,KO,4,03:34,CC20,DOWNS,4,00:29,PW04,1
2021_07_PW_CC,PW,CC,Panthers Wroclaw,Cologne Centurions,8/1/2021,Cologne,Suedstadion Koeln,15:00,NA,-,0,26 C,16 kmh,sunny - some clouds,PW,1,10,PW04,"V,1,10,V04","28,1,214",{DRIVE}:00:29,PANTHERS WROCLAW drive start at 00:29.,"V,1,10,V04",NA,00:29,NA,0,0,31,33,NA,28,V,PW,"DOWNS,4,00:29,4","HALF,4,00:00,22",3,18,0:29,DOWNS,4,00:29,PW04,HALF,4,00:00,PW22,NA
2021_07_PW_CC,PW,CC,Panthers Wroclaw,Cologne Centurions,8/1/2021,Cologne,Suedstadion Koeln,15:00,NA,-,0,26 C,16 kmh,sunny - some clouds,PW,1,10,PW04,"V,1,10,V04","28,2,215","PASS:2,I,23,*",L. OConnor pass incomplete to J. Mazan.,"V,2,10,V04",pass,NA,NA,0,0,31,33,NA,28,V,PW,"DOWNS,4,00:29,4","HALF,4,00:00,22",3,18,0:29,DOWNS,4,00:29,PW04,HALF,4,00:00,PW22,NA
2021_07_PW_CC,PW,CC,Panthers Wroclaw,Cologne Centurions,8/1/2021,Cologne,Suedstadion Koeln,15:00,NA,-,0,26 C,16 kmh,sunny - some clouds,PW,2,10,PW04,"V,2,10,V04","28,3,216","PASS:2,I,82,* BRUP:9",L. OConnor pass incomplete to P. Banat (W. Bhikh).,"V,3,10,V04",pass,NA,NA,0,0,31,33,NA,28,V,PW,"DOWNS,4,00:29,4","HALF,4,00:00,22",3,18,0:29,DOWNS,4,00:29,PW04,HALF,4,00:00,PW22,NA
2021_07_PW_CC,PW,CC,Panthers Wroclaw,Cologne Centurions,8/1/2021,Cologne,Suedstadion Koeln,15:00,NA,-,0,26 C,16 kmh,sunny - some clouds,PW,3,10,PW04,"V,3,10,V04","28,4,217","PASS:2,C,23,V22 TACK:58","L. OConnor pass complete to J. Mazan for 18 yards to the PW22, 1ST DOWN PW (L. Weitz).","V,1,10,V22",pass,NA,pass,0,0,31,33,NA,28,V,PW,"DOWNS,4,00:29,4","HALF,4,00:00,22",3,18,0:29,DOWNS,4,00:29,PW04,HALF,4,00:00,PW22,NA
2021_07_PW_CC,PW,CC,Panthers Wroclaw,Cologne Centurions,8/1/2021,Cologne,Suedstadion Koeln,15:00,NA,-,0,26 C,16 kmh,sunny - some clouds,PW,1,10,PW22,"V,1,10,V22","28,5,218",HALF: T:00:00,"End of game, clock 00:00.","V,1,10,V22",NA,00:00,NA,0,0,31,33,NA,28,V,PW,"DOWNS,4,00:29,4","HALF,4,00:00,22",3,18,0:29,DOWNS,4,00:29,PW04,HALF,4,00:00,PW22,NA
