game_id,away_team_id,home_team_id,away_team,home_team,date,location,stadium,start,end,postseason,duration,attend,temp,wind,weather,ref,ump,line,lj,bj,fj,sj,posteam,down,togo,spot,context,play_id,tokens,desc,newcontext,play_type,oob,first_down_with,score,away_score_post,home_score_post,clock,turnover,drive_number,drive_vh,drive_team,drive_start,drive_end,drive_plays,drive_yards,drive_top,drive_start_how,drive_start_qtr,drive_start_time,drive_start_spot,drive_end_how,drive_end_qtr,drive_end_time,drive_end_spot,drive_rz
2021_13_CC_FG,CC,FG,Cologne Centurions,Frankfurt Galaxy,9/11/2021,Frankfurt,PSD Bank Arena,14:45,NA,Y,-,0,22 degr.,SW10km/h,rainy,K. Walentynow.,J. Poschlod,E. Walentynow.,F. Pachulski,P. Simon,S. Hameder,A. Sourdrille,CC,1,10,CC35,"V,1,10,V35","0,1,0",CMT:CC will kick and FG receives,CC will kick and FG receives,"V,1,10,V35",NA,0,NA,0,0,0,NA,NA,0,NA,NA,NA,NA,NA,NA,NA,NA,NA,NA,NA,NA,NA,NA,NA,NA
2021_13_CC_FG,CC,FG,Cologne Centurions,Frankfurt Galaxy,9/11/2021,Frankfurt,PSD Bank Arena,14:45,NA,Y,-,0,22 degr.,SW10km/h,rainy,K. Walentynow.,J. Poschlod,E. Walentynow.,F. Pachulski,P. Simon,S. Hameder,A. Sourdrille,CC,1,10,CC35,"V,1,10,V35","0,2,1","KO:2,H01 OB: SPOT:H,H40,Y","D. Schuhmacher kickoff 64 yards to the FG1, out-of-bounds, FG ball on FG40.","H,1,10,H40",kick_off,1,NA,0,0,0,NA,NA,0,NA,NA,NA,NA,NA,NA,NA,NA,NA,NA,NA,NA,NA,NA,NA,NA
2021_13_CC_FG,CC,FG,Cologne Centurions,Frankfurt Galaxy,9/11/2021,Frankfurt,PSD Bank Arena,14:45,NA,Y,-,0,22 degr.,SW10km/h,rainy,K. Walentynow.,J. Poschlod,E. Walentynow.,F. Pachulski,P. Simon,S. Hameder,A. Sourdrille,FG,1,10,FG40,"H,1,10,H40","1,1,2","PASS:7,C,19,V25 TACK:3,26","J. Sullivan pass complete to N. Strahmann for 35 yards to the CC25, 1ST DOWN FG (J. Voelker;A. Frisch).","H,1,10,V25",pass,0,pass,0,0,0,NA,NA,1,H,FG,"KO,1,15:00,98","TD,1,13:30,98",3,0,1:30,KO,1,15:00,CC02,TD,1,13:30,CC02,1
2021_13_CC_FG,CC,FG,Cologne Centurions,Frankfurt Galaxy,9/11/2021,Frankfurt,PSD Bank Arena,14:45,NA,Y,-,0,22 degr.,SW10km/h,rainy,K. Walentynow.,J. Poschlod,E. Walentynow.,F. Pachulski,P. Simon,S. Hameder,A. Sourdrille,FG,1,10,CC25,"H,1,10,V25","1,2,3","RUSH:21,V16, TACK:48",G. Adams rush for 9 yards to the CC16 (K. Bongaerts).,"H,2,1,V16",rush,0,NA,0,0,0,NA,NA,1,H,FG,"KO,1,15:00,98","TD,1,13:30,98",3,0,1:30,KO,1,15:00,CC02,TD,1,13:30,CC02,1
2021_13_CC_FG,CC,FG,Cologne Centurions,Frankfurt Galaxy,9/11/2021,Frankfurt,PSD Bank Arena,14:45,NA,Y,-,0,22 degr.,SW10km/h,rainy,K. Walentynow.,J. Poschlod,E. Walentynow.,F. Pachulski,P. Simon,S. Hameder,A. Sourdrille,FG,2,1,CC16,"H,2,1,V16","1,3,4","PASS:7,C,87,V00 T:13:30","J. Sullivan pass complete to K. Mwamba for 16 yards to the CC0, 1ST DOWN FG, TOUCHDOWN, clock 13:30.","H,1,10,V15",pass,0,pass,1,0,6,13:30,NA,1,H,FG,"KO,1,15:00,98","TD,1,13:30,98",3,0,1:30,KO,1,15:00,CC02,TD,1,13:30,CC02,1
2021_13_CC_FG,CC,FG,Cologne Centurions,Frankfurt Galaxy,9/11/2021,Frankfurt,PSD Bank Arena,14:45,NA,Y,-,0,22 degr.,SW10km/h,rainy,K. Walentynow.,J. Poschlod,E. Walentynow.,F. Pachulski,P. Simon,S. Hameder,A. Sourdrille,FG,1,10,CC15,"H,1,10,V15","1,4,5","SPOT:H,V02,Y PAT:R,21,G","FG ball on CC2, G. Adams rush attempt good.","H,1,0,H35",pat,0,NA,1,0,8,NA,NA,1,H,FG,"KO,1,15:00,98","TD,1,13:30,98",3,0,1:30,KO,1,15:00,CC02,TD,1,13:30,CC02,1
2021_13_CC_FG,CC,FG,Cologne Centurions,Frankfurt Galaxy,9/11/2021,Frankfurt,PSD Bank Arena,14:45,NA,Y,-,0,22 degr.,SW10km/h,rainy,K. Walentynow.,J. Poschlod,E. Walentynow.,F. Pachulski,P. Simon,S. Hameder,A. Sourdrille,FG,1,0,FG35,"H,1,0,H35","1,5,6","KO:19,V00 RET:5,V22 TACK:33,48","N. Strahmann kickoff 65 yards to the CC0, P. Lenhardt return 22 yards to the CC22 (J. Rodney;N. Knoblauch).","V,1,10,V22",kick_off,0,NA,0,0,8,NA,NA,1,H,FG,"KO,1,15:00,98","TD,1,13:30,98",3,0,1:30,KO,1,15:00,CC02,TD,1,13:30,CC02,1
2021_13_CC_FG,CC,FG,Cologne Centurions,Frankfurt Galaxy,9/11/2021,Frankfurt,PSD Bank Arena,14:45,NA,Y,-,0,22 degr.,SW10km/h,rainy,K. Walentynow.,J. Poschlod,E. Walentynow.,F. Pachulski,P. Simon,S. Hameder,A. Sourdrille,CC,1,10,CC22,"V,1,10,V22","2,1,7",{DRIVE}:13:24,COLOGNE CENTURIONS drive start at 13:24.,"V,1,10,V22",NA,0,NA,0,0,8,13:24,NA,2,V,CC,"KO,1,13:24,22","PUNT,1,10:32,29",6,7,2:52,KO,1,13:24,CC22,PUNT,1,10:32,CC29,NA
2021_13_CC_FG,CC,FG,Cologne Centurions,Frankfurt Galaxy,9/11/2021,Frankfurt,PSD Bank Arena,14:45,NA,Y,-,0,22 degr.,SW10km/h,rainy,K. Walentynow.,J. Poschlod,E. Walentynow.,F. Pachulski,P. Simon,S. Hameder,A. Sourdrille,CC,1,10,CC22,"V,1,10,V22","2,2,8","RUSH:28,V30, TACK:25",M. London rush for 8 yards to the CC30 (B. Barnes).,"V,2,2,V30",rush,0,NA,0,0,8,NA,NA,2,V,CC,"KO,1,13:24,22","PUNT,1,10:32,29",6,7,2:52,KO,1,13:24,CC22,PUNT,1,10:32,CC29,NA
2021_13_CC_FG,CC,FG,Cologne Centurions,Frankfurt Galaxy,9/11/2021,Frankfurt,PSD Bank Arena,14:45,NA,Y,-,0,22 degr.,SW10km/h,rainy,K. Walentynow.,J. Poschlod,E. Walentynow.,F. Pachulski,P. Simon,S. Hameder,A. Sourdrille,CC,2,2,CC30,"V,2,2,V30","2,3,9","RUSH:28,V31, TACK:90,46",M. London rush for 1 yard to the CC31 (M. Hor;O. Ogbevoen).,"V,3,1,V31",rush,0,NA,0,0,8,NA,NA,2,V,CC,"KO,1,13:24,22","PUNT,1,10:32,29",6,7,2:52,KO,1,13:24,CC22,PUNT,1,10:32,CC29,NA
2021_13_CC_FG,CC,FG,Cologne Centurions,Frankfurt Galaxy,9/11/2021,Frankfurt,PSD Bank Arena,14:45,NA,Y,-,0,22 degr.,SW10km/h,rainy,K. Walentynow.,J. Poschlod,E. Walentynow.,F. Pachulski,P. Simon,S. Hameder,A. Sourdrille,CC,3,1,CC31,"V,3,1,V31","2,4,10","RUSH:28,V33, TACK:46,48","M. London rush for 2 yards to the CC33, 1ST DOWN CC (O. Ogbevoen;N. Knoblauch).","V,1,10,V33",rush,0,rush,0,0,8,NA,NA,2,V,CC,"KO,1,13:24,22","PUNT,1,10:32,29",6,7,2:52,KO,1,13:24,CC22,PUNT,1,10:32,CC29,NA
2021_13_CC_FG,CC,FG,Cologne Centurions,Frankfurt Galaxy,9/11/2021,Frankfurt,PSD Bank Arena,14:45,NA,Y,-,0,22 degr.,SW10km/h,rainy,K. Walentynow.,J. Poschlod,E. Walentynow.,F. Pachulski,P. Simon,S. Hameder,A. Sourdrille,CC,1,10,CC33,"V,1,10,V33","2,5,11","PASS:12,C,1,V29 TACK:43,46",J. Weinreich pass complete to Q. Pounds for loss of 4 yards to the CC29 (J. Silva Gomez;O. Ogbevoen).,"V,2,14,V29",pass,0,NA,0,0,8,NA,NA,2,V,CC,"KO,1,13:24,22","PUNT,1,10:32,29",6,7,2:52,KO,1,13:24,CC22,PUNT,1,10:32,CC29,NA
2021_13_CC_FG,CC,FG,Cologne Centurions,Frankfurt Galaxy,9/11/2021,Frankfurt,PSD Bank Arena,14:45,NA,Y,-,0,22 degr.,SW10km/h,rainy,K. Walentynow.,J. Poschlod,E. Walentynow.,F. Pachulski,P. Simon,S. Hameder,A. Sourdrille,CC,2,14,CC29,"V,2,14,V29","2,6,12","PASS:12,I,5,*",J. Weinreich pass incomplete to P. Lenhardt.,"V,3,14,V29",pass,0,NA,0,0,8,NA,NA,2,V,CC,"KO,1,13:24,22","PUNT,1,10:32,29",6,7,2:52,KO,1,13:24,CC22,PUNT,1,10:32,CC29,NA
2021_13_CC_FG,CC,FG,Cologne Centurions,Frankfurt Galaxy,9/11/2021,Frankfurt,PSD Bank Arena,14:45,NA,Y,-,0,22 degr.,SW10km/h,rainy,K. Walentynow.,J. Poschlod,E. Walentynow.,F. Pachulski,P. Simon,S. Hameder,A. Sourdrille,CC,3,14,CC29,"V,3,14,V29","2,7,13","PASS:12,I,87,* BRUP:14",J. Weinreich pass incomplete to F. Eichhorn (J. Poznanski).,"V,4,14,V29",pass,0,NA,0,0,8,NA,NA,2,V,CC,"KO,1,13:24,22","PUNT,1,10:32,29",6,7,2:52,KO,1,13:24,CC22,PUNT,1,10:32,CC29,NA
2021_13_CC_FG,CC,FG,Cologne Centurions,Frankfurt Galaxy,9/11/2021,Frankfurt,PSD Bank Arena,14:45,NA,Y,-,0,22 degr.,SW10km/h,rainy,K. Walentynow.,J. Poschlod,E. Walentynow.,F. Pachulski,P. Simon,S. Hameder,A. Sourdrille,CC,4,14,CC29,"V,4,14,V29","2,8,14","PUNT:81,H34",V. Roediger punt 37 yards to the FG34.,"H,1,10,H34",punt,0,NA,0,0,8,NA,NA,2,V,CC,"KO,1,13:24,22","PUNT,1,10:32,29",6,7,2:52,KO,1,13:24,CC22,PUNT,1,10:32,CC29,NA
2021_13_CC_FG,CC,FG,Cologne Centurions,Frankfurt Galaxy,9/11/2021,Frankfurt,PSD Bank Arena,14:45,NA,Y,-,0,22 degr.,SW10km/h,rainy,K. Walentynow.,J. Poschlod,E. Walentynow.,F. Pachulski,P. Simon,S. Hameder,A. Sourdrille,FG,1,10,FG34,"H,1,10,H34","3,1,15",{DRIVE}:10:32,FRANKFURT GALAXY drive start at 10:32.,"H,1,10,H34",NA,0,NA,0,0,8,10:32,NA,3,H,FG,"PUNT,1,10:32,98","TD,1,02:44,98",13,0,7:48,PUNT,1,10:32,CC02,TD,1,02:44,CC02,1
2021_13_CC_FG,CC,FG,Cologne Centurions,Frankfurt Galaxy,9/11/2021,Frankfurt,PSD Bank Arena,14:45,NA,Y,-,0,22 degr.,SW10km/h,rainy,K. Walentynow.,J. Poschlod,E. Walentynow.,F. Pachulski,P. Simon,S. Hameder,A. Sourdrille,FG,1,10,FG34,"H,1,10,H34","3,2,16","RUSH:7,H47, TACK:44","J. Sullivan rush for 13 yards to the FG47, 1ST DOWN FG (M. Kensy).","H,1,10,H47",rush,0,rush,0,0,8,NA,NA,3,H,FG,"PUNT,1,10:32,98","TD,1,02:44,98",13,0,7:48,PUNT,1,10:32,CC02,TD,1,02:44,CC02,1
2021_13_CC_FG,CC,FG,Cologne Centurions,Frankfurt Galaxy,9/11/2021,Frankfurt,PSD Bank Arena,14:45,NA,Y,-,0,22 degr.,SW10km/h,rainy,K. Walentynow.,J. Poschlod,E. Walentynow.,F. Pachulski,P. Simon,S. Hameder,A. Sourdrille,FG,1,10,FG47,"H,1,10,H47","3,3,17","RUSH:21,V47, TACK:55",G. Adams rush for 6 yards to the CC47 (M. Taylor).,"H,2,4,V47",rush,0,NA,0,0,8,NA,NA,3,H,FG,"PUNT,1,10:32,98","TD,1,02:44,98",13,0,7:48,PUNT,1,10:32,CC02,TD,1,02:44,CC02,1
2021_13_CC_FG,CC,FG,Cologne Centurions,Frankfurt Galaxy,9/11/2021,Frankfurt,PSD Bank Arena,14:45,NA,Y,-,0,22 degr.,SW10km/h,rainy,K. Walentynow.,J. Poschlod,E. Walentynow.,F. Pachulski,P. Simon,S. Hameder,A. Sourdrille,FG,2,4,CC47,"H,2,4,V47","3,4,18","RUSH:21,V36, TACK:8 PEN:H,HO,A,75,H43,N NOPLAY:","G. Adams rush for 11 yards to the CC36 (P. Steffen), PENALTY FG holding (J. Christensen) 10 yards to the FG43, NO PLAY.","H,2,14,H43",penalty,0,NA,0,0,8,NA,NA,3,H,FG,"PUNT,1,10:32,98","TD,1,02:44,98",13,0,7:48,PUNT,1,10:32,CC02,TD,1,02:44,CC02,1
2021_13_CC_FG,CC,FG,Cologne Centurions,Frankfurt Galaxy,9/11/2021,Frankfurt,PSD Bank Arena,14:45,NA,Y,-,0,22 degr.,SW10km/h,rainy,K. Walentynow.,J. Poschlod,E. Walentynow.,F. Pachulski,P. Simon,S. Hameder,A. Sourdrille,FG,2,14,FG43,"H,2,14,H43","3,5,19","PASS:7,C,82,V46 TACK:27",J. Sullivan pass complete to H. Schwarz for 11 yards to the CC46 (M. Richter).,"H,3,3,V46",pass,0,NA,0,0,8,NA,NA,3,H,FG,"PUNT,1,10:32,98","TD,1,02:44,98",13,0,7:48,PUNT,1,10:32,CC02,TD,1,02:44,CC02,1
2021_13_CC_FG,CC,FG,Cologne Centurions,Frankfurt Galaxy,9/11/2021,Frankfurt,PSD Bank Arena,14:45,NA,Y,-,0,22 degr.,SW10km/h,rainy,K. Walentynow.,J. Poschlod,E. Walentynow.,F. Pachulski,P. Simon,S. Hameder,A. Sourdrille,FG,3,3,CC46,"H,3,3,V46","3,6,20","PASS:7,C,21,V43 TACK:30","J. Sullivan pass complete to G. Adams for 3 yards to the CC43, 1ST DOWN FG (M. Mbaye).","H,1,10,V43",pass,0,pass,0,0,8,NA,NA,3,H,FG,"PUNT,1,10:32,98","TD,1,02:44,98",13,0,7:48,PUNT,1,10:32,CC02,TD,1,02:44,CC02,1
2021_13_CC_FG,CC,FG,Cologne Centurions,Frankfurt Galaxy,9/11/2021,Frankfurt,PSD Bank Arena,14:45,NA,Y,-,0,22 degr.,SW10km/h,rainy,K. Walentynow.,J. Poschlod,E. Walentynow.,F. Pachulski,P. Simon,S. Hameder,A. Sourdrille,FG,1,10,CC43,"H,1,10,V43","3,7,21","RUSH:13,V36, TACK:30,3",M. Rutsch rush for 7 yards to the CC36 (M. Mbaye;J. Voelker).,"H,2,3,V36",rush,0,NA,0,0,8,NA,NA,3,H,FG,"PUNT,1,10:32,98","TD,1,02:44,98",13,0,7:48,PUNT,1,10:32,CC02,TD,1,02:44,CC02,1
2021_13_CC_FG,CC,FG,Cologne Centurions,Frankfurt Galaxy,9/11/2021,Frankfurt,PSD Bank Arena,14:45,NA,Y,-,0,22 degr.,SW10km/h,rainy,K. Walentynow.,J. Poschlod,E. Walentynow.,F. Pachulski,P. Simon,S. Hameder,A. Sourdrille,FG,2,3,CC36,"H,2,3,V36","3,8,22","RUSH:21,V27, TACK:27","G. Adams rush for 9 yards to the CC27, 1ST DOWN FG (M. Richter).","H,1,10,V27",rush,0,rush,0,0,8,NA,NA,3,H,FG,"PUNT,1,10:32,98","TD,1,02:44,98",13,0,7:48,PUNT,1,10:32,CC02,TD,1,02:44,CC02,1
2021_13_CC_FG,CC,FG,Cologne Centurions,Frankfurt Galaxy,9/11/2021,Frankfurt,PSD Bank Arena,14:45,NA,Y,-,0,22 degr.,SW10km/h,rainy,K. Walentynow.,J. Poschlod,E. Walentynow.,F. Pachulski,P. Simon,S. Hameder,A. Sourdrille,FG,1,10,CC27,"H,1,10,V27","3,9,23","RUSH:7,V25, TACK:44",J. Sullivan rush for 2 yards to the CC25 (M. Kensy).,"H,2,8,V25",rush,0,NA,0,0,8,NA,NA,3,H,FG,"PUNT,1,10:32,98","TD,1,02:44,98",13,0,7:48,PUNT,1,10:32,CC02,TD,1,02:44,CC02,1
2021_13_CC_FG,CC,FG,Cologne Centurions,Frankfurt Galaxy,9/11/2021,Frankfurt,PSD Bank Arena,14:45,NA,Y,-,0,22 degr.,SW10km/h,rainy,K. Walentynow.,J. Poschlod,E. Walentynow.,F. Pachulski,P. Simon,S. Hameder,A. Sourdrille,FG,2,8,CC25,"H,2,8,V25","3,10,24","RUSH:21,V18, TACK:44",G. Adams rush for 7 yards to the CC18 (M. Kensy).,"H,3,1,V18",rush,0,NA,0,0,8,NA,NA,3,H,FG,"PUNT,1,10:32,98","TD,1,02:44,98",13,0,7:48,PUNT,1,10:32,CC02,TD,1,02:44,CC02,1
2021_13_CC_FG,CC,FG,Cologne Centurions,Frankfurt Galaxy,9/11/2021,Frankfurt,PSD Bank Arena,14:45,NA,Y,-,0,22 degr.,SW10km/h,rainy,K. Walentynow.,J. Poschlod,E. Walentynow.,F. Pachulski,P. Simon,S. Hameder,A. Sourdrille,FG,3,1,CC18,"H,3,1,V18","3,11,25","RUSH:33,V13, TACK:30,23","J. Rodney rush for 5 yards to the CC13, 1ST DOWN FG (M. Mbaye;T. Janssen).","H,1,10,V13",rush,0,rush,0,0,8,NA,NA,3,H,FG,"PUNT,1,10:32,98","TD,1,02:44,98",13,0,7:48,PUNT,1,10:32,CC02,TD,1,02:44,CC02,1
2021_13_CC_FG,CC,FG,Cologne Centurions,Frankfurt Galaxy,9/11/2021,Frankfurt,PSD Bank Arena,14:45,NA,Y,-,0,22 degr.,SW10km/h,rainy,K. Walentynow.,J. Poschlod,E. Walentynow.,F. Pachulski,P. Simon,S. Hameder,A. Sourdrille,FG,1,10,CC13,"H,1,10,V13","3,12,26","PASS:7,I,11,* PEN:V,OD,A,8,V08,N NOPLAY:","J. Sullivan pass incomplete to A. Mahoungou, PENALTY CC offside defense (P. Steffen) 5 yards to the CC8, NO PLAY.","H,1,5,V08",penalty,0,NA,0,0,8,NA,NA,3,H,FG,"PUNT,1,10:32,98","TD,1,02:44,98",13,0,7:48,PUNT,1,10:32,CC02,TD,1,02:44,CC02,1
2021_13_CC_FG,CC,FG,Cologne Centurions,Frankfurt Galaxy,9/11/2021,Frankfurt,PSD Bank Arena,14:45,NA,Y,-,0,22 degr.,SW10km/h,rainy,K. Walentynow.,J. Poschlod,E. Walentynow.,F. Pachulski,P. Simon,S. Hameder,A. Sourdrille,FG,1,5,CC08,"H,1,5,V08","3,13,27","PASS:7,C,87,V01 TACK:58","J. Sullivan pass complete to K. Mwamba for 7 yards to the CC1, 1ST DOWN FG (L. Weitz).","H,1,0,V01",pass,0,pass,0,0,8,NA,NA,3,H,FG,"PUNT,1,10:32,98","TD,1,02:44,98",13,0,7:48,PUNT,1,10:32,CC02,TD,1,02:44,CC02,1
2021_13_CC_FG,CC,FG,Cologne Centurions,Frankfurt Galaxy,9/11/2021,Frankfurt,PSD Bank Arena,14:45,NA,Y,-,0,22 degr.,SW10km/h,rainy,K. Walentynow.,J. Poschlod,E. Walentynow.,F. Pachulski,P. Simon,S. Hameder,A. Sourdrille,FG,1,0,CC01,"H,1,0,V01","3,14,28","RUSH:21,V01, TACK:3",G. Adams rush for no gain to the CC1 (J. Voelker).,"H,2,0,V01",rush,0,NA,0,0,8,NA,NA,3,H,FG,"PUNT,1,10:32,98","TD,1,02:44,98",13,0,7:48,PUNT,1,10:32,CC02,TD,1,02:44,CC02,1
2021_13_CC_FG,CC,FG,Cologne Centurions,Frankfurt Galaxy,9/11/2021,Frankfurt,PSD Bank Arena,14:45,NA,Y,-,0,22 degr.,SW10km/h,rainy,K. Walentynow.,J. Poschlod,E. Walentynow.,F. Pachulski,P. Simon,S. Hameder,A. Sourdrille,FG,2,0,CC01,"H,2,0,V01","3,15,29","PASS:7,I,52,*",J. Sullivan pass incomplete to D. Minton.,"H,3,0,V01",pass,0,NA,0,0,8,NA,NA,3,H,FG,"PUNT,1,10:32,98","TD,1,02:44,98",13,0,7:48,PUNT,1,10:32,CC02,TD,1,02:44,CC02,1
2021_13_CC_FG,CC,FG,Cologne Centurions,Frankfurt Galaxy,9/11/2021,Frankfurt,PSD Bank Arena,14:45,NA,Y,-,0,22 degr.,SW10km/h,rainy,K. Walentynow.,J. Poschlod,E. Walentynow.,F. Pachulski,P. Simon,S. Hameder,A. Sourdrille,FG,3,0,CC01,"H,3,0,V01","3,16,30","PASS:7,C,82,V00 T:02:44","J. Sullivan pass complete to H. Schwarz for 1 yard to the CC0, 1ST DOWN FG, TOUCHDOWN, clock 02:44.","H,1,10,V15",pass,0,pass,1,0,14,02:44,NA,3,H,FG,"PUNT,1,10:32,98","TD,1,02:44,98",13,0,7:48,PUNT,1,10:32,CC02,TD,1,02:44,CC02,1
2021_13_CC_FG,CC,FG,Cologne Centurions,Frankfurt Galaxy,9/11/2021,Frankfurt,PSD Bank Arena,14:45,NA,Y,-,0,22 degr.,SW10km/h,rainy,K. Walentynow.,J. Poschlod,E. Walentynow.,F. Pachulski,P. Simon,S. Hameder,A. Sourdrille,FG,1,10,CC15,"H,1,10,V15","3,17,31","SPOT:H,V02,Y PAT:P,7,M","FG ball on CC2, J. Sullivan pass attempt failed.","H,1,0,H35",pat,0,NA,0,0,14,NA,NA,3,H,FG,"PUNT,1,10:32,98","TD,1,02:44,98",13,0,7:48,PUNT,1,10:32,CC02,TD,1,02:44,CC02,1
2021_13_CC_FG,CC,FG,Cologne Centurions,Frankfurt Galaxy,9/11/2021,Frankfurt,PSD Bank Arena,14:45,NA,Y,-,0,22 degr.,SW10km/h,rainy,K. Walentynow.,J. Poschlod,E. Walentynow.,F. Pachulski,P. Simon,S. Hameder,A. Sourdrille,FG,1,0,FG35,"H,1,0,H35","3,18,32","KO:19,V00 RET:5,V14 TACK:33","N. Strahmann kickoff 65 yards to the CC0, P. Lenhardt return 14 yards to the CC14 (J. Rodney).","V,1,10,V14",kick_off,0,NA,0,0,14,NA,NA,3,H,FG,"PUNT,1,10:32,98","TD,1,02:44,98",13,0,7:48,PUNT,1,10:32,CC02,TD,1,02:44,CC02,1
2021_13_CC_FG,CC,FG,Cologne Centurions,Frankfurt Galaxy,9/11/2021,Frankfurt,PSD Bank Arena,14:45,NA,Y,-,0,22 degr.,SW10km/h,rainy,K. Walentynow.,J. Poschlod,E. Walentynow.,F. Pachulski,P. Simon,S. Hameder,A. Sourdrille,CC,1,10,CC14,"V,1,10,V14","4,1,33",{DRIVE}:02:37,COLOGNE CENTURIONS drive start at 02:37.,"V,1,10,V14",NA,0,NA,0,0,14,02:37,NA,4,V,CC,"KO,1,02:37,14","PUNT,2,12:23,52",10,38,5:14,KO,1,02:37,CC14,PUNT,2,12:23,FG48,NA
2021_13_CC_FG,CC,FG,Cologne Centurions,Frankfurt Galaxy,9/11/2021,Frankfurt,PSD Bank Arena,14:45,NA,Y,-,0,22 degr.,SW10km/h,rainy,K. Walentynow.,J. Poschlod,E. Walentynow.,F. Pachulski,P. Simon,S. Hameder,A. Sourdrille,CC,1,10,CC14,"V,1,10,V14","4,2,34","RUSH:28,V28, TACK:56,18","M. London rush for 14 yards to the CC28, 1ST DOWN CC (S. Silva Gomez;F. Lowery).","V,1,10,V28",rush,0,rush,0,0,14,NA,NA,4,V,CC,"KO,1,02:37,14","PUNT,2,12:23,52",10,38,5:14,KO,1,02:37,CC14,PUNT,2,12:23,FG48,NA
2021_13_CC_FG,CC,FG,Cologne Centurions,Frankfurt Galaxy,9/11/2021,Frankfurt,PSD Bank Arena,14:45,NA,Y,-,0,22 degr.,SW10km/h,rainy,K. Walentynow.,J. Poschlod,E. Walentynow.,F. Pachulski,P. Simon,S. Hameder,A. Sourdrille,CC,1,10,CC28,"V,1,10,V28","4,3,35","RUSH:28,V28, TACK:43",M. London rush for no gain to the CC28 (J. Silva Gomez).,"V,2,10,V28",rush,0,NA,0,0,14,NA,NA,4,V,CC,"KO,1,02:37,14","PUNT,2,12:23,52",10,38,5:14,KO,1,02:37,CC14,PUNT,2,12:23,FG48,NA
2021_13_CC_FG,CC,FG,Cologne Centurions,Frankfurt Galaxy,9/11/2021,Frankfurt,PSD Bank Arena,14:45,NA,Y,-,0,22 degr.,SW10km/h,rainy,K. Walentynow.,J. Poschlod,E. Walentynow.,F. Pachulski,P. Simon,S. Hameder,A. Sourdrille,CC,2,10,CC28,"V,2,10,V28","4,4,36","PASS:12,I,1,*",J. Weinreich pass incomplete to Q. Pounds.,"V,3,10,V28",pass,0,NA,0,0,14,NA,NA,4,V,CC,"KO,1,02:37,14","PUNT,2,12:23,52",10,38,5:14,KO,1,02:37,CC14,PUNT,2,12:23,FG48,NA
2021_13_CC_FG,CC,FG,Cologne Centurions,Frankfurt Galaxy,9/11/2021,Frankfurt,PSD Bank Arena,14:45,NA,Y,-,0,22 degr.,SW10km/h,rainy,K. Walentynow.,J. Poschlod,E. Walentynow.,F. Pachulski,P. Simon,S. Hameder,A. Sourdrille,CC,3,10,CC28,"V,3,10,V28","4,5,37",TOUT:V T:01:15,"Timeout Cologne Centurions, clock 01:15.","V,3,10,V28",NA,0,NA,0,0,14,01:15,NA,4,V,CC,"KO,1,02:37,14","PUNT,2,12:23,52",10,38,5:14,KO,1,02:37,CC14,PUNT,2,12:23,FG48,NA
2021_13_CC_FG,CC,FG,Cologne Centurions,Frankfurt Galaxy,9/11/2021,Frankfurt,PSD Bank Arena,14:45,NA,Y,-,0,22 degr.,SW10km/h,rainy,K. Walentynow.,J. Poschlod,E. Walentynow.,F. Pachulski,P. Simon,S. Hameder,A. Sourdrille,CC,3,10,CC28,"V,3,10,V28","4,6,38","PASS:12,C,28,V46 TACK:25,94","J. Weinreich pass complete to M. London for 18 yards to the CC46, 1ST DOWN CC (B. Barnes;C. Udegbe).","V,1,10,V46",pass,0,pass,0,0,14,NA,NA,4,V,CC,"KO,1,02:37,14","PUNT,2,12:23,52",10,38,5:14,KO,1,02:37,CC14,PUNT,2,12:23,FG48,NA
2021_13_CC_FG,CC,FG,Cologne Centurions,Frankfurt Galaxy,9/11/2021,Frankfurt,PSD Bank Arena,14:45,NA,Y,-,0,22 degr.,SW10km/h,rainy,K. Walentynow.,J. Poschlod,E. Walentynow.,F. Pachulski,P. Simon,S. Hameder,A. Sourdrille,CC,1,10,CC46,"V,1,10,V46","4,7,39","PASS:12,C,5,H45 TACK:30,10",J. Weinreich pass complete to P. Lenhardt for 9 yards to the FG45 (F. Reuter;O. Williams).,"V,2,1,H45",pass,0,NA,0,0,14,NA,NA,4,V,CC,"KO,1,02:37,14","PUNT,2,12:23,52",10,38,5:14,KO,1,02:37,CC14,PUNT,2,12:23,FG48,NA
2021_13_CC_FG,CC,FG,Cologne Centurions,Frankfurt Galaxy,9/11/2021,Frankfurt,PSD Bank Arena,14:45,NA,Y,-,0,22 degr.,SW10km/h,rainy,K. Walentynow.,J. Poschlod,E. Walentynow.,F. Pachulski,P. Simon,S. Hameder,A. Sourdrille,CC,2,1,FG45,"V,2,1,H45","4,8,40",Q:2 T:15:00,"Start of 2nd quarter, clock 15:00.","V,2,1,H45",NA,0,NA,0,0,14,15:00,NA,4,V,CC,"KO,1,02:37,14","PUNT,2,12:23,52",10,38,5:14,KO,1,02:37,CC14,PUNT,2,12:23,FG48,NA
2021_13_CC_FG,CC,FG,Cologne Centurions,Frankfurt Galaxy,9/11/2021,Frankfurt,PSD Bank Arena,14:45,NA,Y,-,0,22 degr.,SW10km/h,rainy,K. Walentynow.,J. Poschlod,E. Walentynow.,F. Pachulski,P. Simon,S. Hameder,A. Sourdrille,CC,2,1,FG45,"V,2,1,H45","4,9,41","PASS:12,I,1,* BRUP:18",J. Weinreich pass incomplete to Q. Pounds (F. Lowery).,"V,3,1,H45",pass,0,NA,0,0,14,NA,NA,4,V,CC,"KO,1,02:37,14","PUNT,2,12:23,52",10,38,5:14,KO,1,02:37,CC14,PUNT,2,12:23,FG48,NA
2021_13_CC_FG,CC,FG,Cologne Centurions,Frankfurt Galaxy,9/11/2021,Frankfurt,PSD Bank Arena,14:45,NA,Y,-,0,22 degr.,SW10km/h,rainy,K. Walentynow.,J. Poschlod,E. Walentynow.,F. Pachulski,P. Simon,S. Hameder,A. Sourdrille,CC,3,1,FG45,"V,3,1,H45","4,10,42","RUSH:28,H42, TACK:41,14","M. London rush for 3 yards to the FG42, 1ST DOWN CC (S. Gauthier;J. Poznanski).","V,1,10,H42",rush,0,rush,0,0,14,NA,NA,4,V,CC,"KO,1,02:37,14","PUNT,2,12:23,52",10,38,5:14,KO,1,02:37,CC14,PUNT,2,12:23,FG48,NA
2021_13_CC_FG,CC,FG,Cologne Centurions,Frankfurt Galaxy,9/11/2021,Frankfurt,PSD Bank Arena,14:45,NA,Y,-,0,22 degr.,SW10km/h,rainy,K. Walentynow.,J. Poschlod,E. Walentynow.,F. Pachulski,P. Simon,S. Hameder,A. Sourdrille,CC,1,10,FG42,"V,1,10,H42","4,11,43","RUSH:28,H40, TACK:41,46",M. London rush for 2 yards to the FG40 (S. Gauthier;O. Ogbevoen).,"V,2,8,H40",rush,0,NA,0,0,14,NA,NA,4,V,CC,"KO,1,02:37,14","PUNT,2,12:23,52",10,38,5:14,KO,1,02:37,CC14,PUNT,2,12:23,FG48,NA
2021_13_CC_FG,CC,FG,Cologne Centurions,Frankfurt Galaxy,9/11/2021,Frankfurt,PSD Bank Arena,14:45,NA,Y,-,0,22 degr.,SW10km/h,rainy,K. Walentynow.,J. Poschlod,E. Walentynow.,F. Pachulski,P. Simon,S. Hameder,A. Sourdrille,CC,2,8,FG40,"V,2,8,H40","4,12,44","PASS:12,S,TM,H48 SACK:41",J. Weinreich sacked for loss of 8 yards to the FG48 (S. Gauthier).,"V,3,16,H48",pass,0,NA,0,0,14,NA,NA,4,V,CC,"KO,1,02:37,14","PUNT,2,12:23,52",10,38,5:14,KO,1,02:37,CC14,PUNT,2,12:23,FG48,NA
2021_13_CC_FG,CC,FG,Cologne Centurions,Frankfurt Galaxy,9/11/2021,Frankfurt,PSD Bank Arena,14:45,NA,Y,-,0,22 degr.,SW10km/h,rainy,K. Walentynow.,J. Poschlod,E. Walentynow.,F. Pachulski,P. Simon,S. Hameder,A. Sourdrille,CC,3,16,FG48,"V,3,16,H48","4,13,45","PEN:V,DG,A,12,V47,N",PENALTY CC delay of game (J. Weinreich) 5 yards to the CC47.,"V,3,21,V47",penalty,0,NA,0,0,14,NA,NA,4,V,CC,"KO,1,02:37,14","PUNT,2,12:23,52",10,38,5:14,KO,1,02:37,CC14,PUNT,2,12:23,FG48,NA
2021_13_CC_FG,CC,FG,Cologne Centurions,Frankfurt Galaxy,9/11/2021,Frankfurt,PSD Bank Arena,14:45,NA,Y,-,0,22 degr.,SW10km/h,rainy,K. Walentynow.,J. Poschlod,E. Walentynow.,F. Pachulski,P. Simon,S. Hameder,A. Sourdrille,CC,3,21,CC47,"V,3,21,V47","4,14,46","PASS:12,C,1,H48 OB: TACK:10","J. Weinreich pass complete to Q. Pounds for 5 yards to the FG48, out-of-bounds (O. Williams).","V,4,16,H48",pass,1,NA,0,0,14,NA,NA,4,V,CC,"KO,1,02:37,14","PUNT,2,12:23,52",10,38,5:14,KO,1,02:37,CC14,PUNT,2,12:23,FG48,NA
2021_13_CC_FG,CC,FG,Cologne Centurions,Frankfurt Galaxy,9/11/2021,Frankfurt,PSD Bank Arena,14:45,NA,Y,-,0,22 degr.,SW10km/h,rainy,K. Walentynow.,J. Poschlod,E. Walentynow.,F. Pachulski,P. Simon,S. Hameder,A. Sourdrille,CC,4,16,FG48,"V,4,16,H48","4,15,47","PUNT:81,H14 RET:10,H30 TACK:54","V. Roediger punt 34 yards to the FG14, O. Williams return 16 yards to the FG30 (M. Oebels).","H,1,10,H30",punt,0,NA,0,0,14,NA,NA,4,V,CC,"KO,1,02:37,14","PUNT,2,12:23,52",10,38,5:14,KO,1,02:37,CC14,PUNT,2,12:23,FG48,NA
2021_13_CC_FG,CC,FG,Cologne Centurions,Frankfurt Galaxy,9/11/2021,Frankfurt,PSD Bank Arena,14:45,NA,Y,-,0,22 degr.,SW10km/h,rainy,K. Walentynow.,J. Poschlod,E. Walentynow.,F. Pachulski,P. Simon,S. Hameder,A. Sourdrille,FG,1,10,FG30,"H,1,10,H30","5,1,48",{DRIVE}:12:23,FRANKFURT GALAXY drive start at 12:23.,"H,1,10,H30",NA,0,NA,0,0,14,12:23,NA,5,H,FG,"PUNT,2,12:23,30","PUNT,2,10:48,37",3,7,1:35,PUNT,2,12:23,FG30,PUNT,2,10:48,FG37,NA
2021_13_CC_FG,CC,FG,Cologne Centurions,Frankfurt Galaxy,9/11/2021,Frankfurt,PSD Bank Arena,14:45,NA,Y,-,0,22 degr.,SW10km/h,rainy,K. Walentynow.,J. Poschlod,E. Walentynow.,F. Pachulski,P. Simon,S. Hameder,A. Sourdrille,FG,1,10,FG30,"H,1,10,H30","5,2,49","RUSH:21,H32, TACK:91",G. Adams rush for 2 yards to the FG32 (R. Sellung).,"H,2,8,H32",rush,0,NA,0,0,14,NA,NA,5,H,FG,"PUNT,2,12:23,30","PUNT,2,10:48,37",3,7,1:35,PUNT,2,12:23,FG30,PUNT,2,10:48,FG37,NA
2021_13_CC_FG,CC,FG,Cologne Centurions,Frankfurt Galaxy,9/11/2021,Frankfurt,PSD Bank Arena,14:45,NA,Y,-,0,22 degr.,SW10km/h,rainy,K. Walentynow.,J. Poschlod,E. Walentynow.,F. Pachulski,P. Simon,S. Hameder,A. Sourdrille,FG,2,8,FG32,"H,2,8,H32","5,3,50","PASS:7,I,TM,*",J. Sullivan pass incomplete.,"H,3,8,H32",pass,0,NA,0,0,14,NA,NA,5,H,FG,"PUNT,2,12:23,30","PUNT,2,10:48,37",3,7,1:35,PUNT,2,12:23,FG30,PUNT,2,10:48,FG37,NA
2021_13_CC_FG,CC,FG,Cologne Centurions,Frankfurt Galaxy,9/11/2021,Frankfurt,PSD Bank Arena,14:45,NA,Y,-,0,22 degr.,SW10km/h,rainy,K. Walentynow.,J. Poschlod,E. Walentynow.,F. Pachulski,P. Simon,S. Hameder,A. Sourdrille,FG,3,8,FG32,"H,3,8,H32","5,4,51","RUSH:7,H37, TACK:44",J. Sullivan rush for 5 yards to the FG37 (M. Kensy).,"H,4,3,H37",rush,0,NA,0,0,14,NA,NA,5,H,FG,"PUNT,2,12:23,30","PUNT,2,10:48,37",3,7,1:35,PUNT,2,12:23,FG30,PUNT,2,10:48,FG37,NA
2021_13_CC_FG,CC,FG,Cologne Centurions,Frankfurt Galaxy,9/11/2021,Frankfurt,PSD Bank Arena,14:45,NA,Y,-,0,22 degr.,SW10km/h,rainy,K. Walentynow.,J. Poschlod,E. Walentynow.,F. Pachulski,P. Simon,S. Hameder,A. Sourdrille,FG,4,3,FG37,"H,4,3,H37","5,5,52","PUNT:82,V16",H. Schwarz punt 47 yards to the CC16.,"V,1,10,V16",punt,0,NA,0,0,14,NA,NA,5,H,FG,"PUNT,2,12:23,30","PUNT,2,10:48,37",3,7,1:35,PUNT,2,12:23,FG30,PUNT,2,10:48,FG37,NA
2021_13_CC_FG,CC,FG,Cologne Centurions,Frankfurt Galaxy,9/11/2021,Frankfurt,PSD Bank Arena,14:45,NA,Y,-,0,22 degr.,SW10km/h,rainy,K. Walentynow.,J. Poschlod,E. Walentynow.,F. Pachulski,P. Simon,S. Hameder,A. Sourdrille,CC,1,10,CC16,"V,1,10,V16","6,1,53",{DRIVE}:10:48,COLOGNE CENTURIONS drive start at 10:48.,"V,1,10,V16",NA,0,NA,0,0,14,10:48,NA,6,V,CC,"PUNT,2,10:48,16","PUNT,2,08:57,25",3,9,1:51,PUNT,2,10:48,CC16,PUNT,2,08:57,CC25,NA
2021_13_CC_FG,CC,FG,Cologne Centurions,Frankfurt Galaxy,9/11/2021,Frankfurt,PSD Bank Arena,14:45,NA,Y,-,0,22 degr.,SW10km/h,rainy,K. Walentynow.,J. Poschlod,E. Walentynow.,F. Pachulski,P. Simon,S. Hameder,A. Sourdrille,CC,1,10,CC16,"V,1,10,V16","6,2,54","RUSH:28,V18, TACK:94",M. London rush for 2 yards to the CC18 (C. Udegbe).,"V,2,8,V18",rush,0,NA,0,0,14,NA,NA,6,V,CC,"PUNT,2,10:48,16","PUNT,2,08:57,25",3,9,1:51,PUNT,2,10:48,CC16,PUNT,2,08:57,CC25,NA
2021_13_CC_FG,CC,FG,Cologne Centurions,Frankfurt Galaxy,9/11/2021,Frankfurt,PSD Bank Arena,14:45,NA,Y,-,0,22 degr.,SW10km/h,rainy,K. Walentynow.,J. Poschlod,E. Walentynow.,F. Pachulski,P. Simon,S. Hameder,A. Sourdrille,CC,2,8,CC18,"V,2,8,V18","6,3,55","RUSH:28,V24, TACK:96,94",M. London rush for 6 yards to the CC24 (M. Sy;C. Udegbe).,"V,3,2,V24",rush,0,NA,0,0,14,NA,NA,6,V,CC,"PUNT,2,10:48,16","PUNT,2,08:57,25",3,9,1:51,PUNT,2,10:48,CC16,PUNT,2,08:57,CC25,NA
2021_13_CC_FG,CC,FG,Cologne Centurions,Frankfurt Galaxy,9/11/2021,Frankfurt,PSD Bank Arena,14:45,NA,Y,-,0,22 degr.,SW10km/h,rainy,K. Walentynow.,J. Poschlod,E. Walentynow.,F. Pachulski,P. Simon,S. Hameder,A. Sourdrille,CC,3,2,CC24,"V,3,2,V24","6,4,56","RUSH:28,V25, TACK:43,94",M. London rush for 1 yard to the CC25 (J. Silva Gomez;C. Udegbe).,"V,4,1,V25",rush,0,NA,0,0,14,NA,NA,6,V,CC,"PUNT,2,10:48,16","PUNT,2,08:57,25",3,9,1:51,PUNT,2,10:48,CC16,PUNT,2,08:57,CC25,NA
2021_13_CC_FG,CC,FG,Cologne Centurions,Frankfurt Galaxy,9/11/2021,Frankfurt,PSD Bank Arena,14:45,NA,Y,-,0,22 degr.,SW10km/h,rainy,K. Walentynow.,J. Poschlod,E. Walentynow.,F. Pachulski,P. Simon,S. Hameder,A. Sourdrille,CC,4,1,CC25,"V,4,1,V25","6,5,57","PUNT:81,H43 RET:10,H48 TACK:15","V. Roediger punt 32 yards to the FG43, O. Williams return 5 yards to the FG48 (R. Berres).","H,1,10,H48",punt,0,NA,0,0,14,NA,NA,6,V,CC,"PUNT,2,10:48,16","PUNT,2,08:57,25",3,9,1:51,PUNT,2,10:48,CC16,PUNT,2,08:57,CC25,NA
2021_13_CC_FG,CC,FG,Cologne Centurions,Frankfurt Galaxy,9/11/2021,Frankfurt,PSD Bank Arena,14:45,NA,Y,-,0,22 degr.,SW10km/h,rainy,K. Walentynow.,J. Poschlod,E. Walentynow.,F. Pachulski,P. Simon,S. Hameder,A. Sourdrille,FG,1,10,FG48,"H,1,10,H48","7,1,58",{DRIVE}:08:57,FRANKFURT GALAXY drive start at 08:57.,"H,1,10,H48",NA,0,NA,0,0,14,08:57,NA,7,H,FG,"PUNT,2,08:57,48","TD,2,04:30,100",8,52,4:27,PUNT,2,08:57,FG48,TD,2,04:30,CC00,1
2021_13_CC_FG,CC,FG,Cologne Centurions,Frankfurt Galaxy,9/11/2021,Frankfurt,PSD Bank Arena,14:45,NA,Y,-,0,22 degr.,SW10km/h,rainy,K. Walentynow.,J. Poschlod,E. Walentynow.,F. Pachulski,P. Simon,S. Hameder,A. Sourdrille,FG,1,10,FG48,"H,1,10,H48","7,2,59","PASS:7,C,11,V45 TACK:24,8",J. Sullivan pass complete to A. Mahoungou for 7 yards to the CC45 (D. Jacobs;P. Steffen).,"H,2,3,V45",pass,0,NA,0,0,14,NA,NA,7,H,FG,"PUNT,2,08:57,48","TD,2,04:30,100",8,52,4:27,PUNT,2,08:57,FG48,TD,2,04:30,CC00,1
2021_13_CC_FG,CC,FG,Cologne Centurions,Frankfurt Galaxy,9/11/2021,Frankfurt,PSD Bank Arena,14:45,NA,Y,-,0,22 degr.,SW10km/h,rainy,K. Walentynow.,J. Poschlod,E. Walentynow.,F. Pachulski,P. Simon,S. Hameder,A. Sourdrille,FG,2,3,CC45,"H,2,3,V45","7,3,60","RUSH:21,V42, TACK:58","G. Adams rush for 3 yards to the CC42, 1ST DOWN FG (L. Weitz).","H,1,10,V42",rush,0,rush,0,0,14,NA,NA,7,H,FG,"PUNT,2,08:57,48","TD,2,04:30,100",8,52,4:27,PUNT,2,08:57,FG48,TD,2,04:30,CC00,1
2021_13_CC_FG,CC,FG,Cologne Centurions,Frankfurt Galaxy,9/11/2021,Frankfurt,PSD Bank Arena,14:45,NA,Y,-,0,22 degr.,SW10km/h,rainy,K. Walentynow.,J. Poschlod,E. Walentynow.,F. Pachulski,P. Simon,S. Hameder,A. Sourdrille,FG,1,10,CC42,"H,1,10,V42","7,4,61","RUSH:7,V34, TACK:24,44",J. Sullivan rush for 8 yards to the CC34 (D. Jacobs;M. Kensy).,"H,2,2,V34",rush,0,NA,0,0,14,NA,NA,7,H,FG,"PUNT,2,08:57,48","TD,2,04:30,100",8,52,4:27,PUNT,2,08:57,FG48,TD,2,04:30,CC00,1
2021_13_CC_FG,CC,FG,Cologne Centurions,Frankfurt Galaxy,9/11/2021,Frankfurt,PSD Bank Arena,14:45,NA,Y,-,0,22 degr.,SW10km/h,rainy,K. Walentynow.,J. Poschlod,E. Walentynow.,F. Pachulski,P. Simon,S. Hameder,A. Sourdrille,FG,2,2,CC34,"H,2,2,V34","7,5,62","PASS:7,I,13,*",J. Sullivan pass incomplete to M. Rutsch.,"H,3,2,V34",pass,0,NA,0,0,14,NA,NA,7,H,FG,"PUNT,2,08:57,48","TD,2,04:30,100",8,52,4:27,PUNT,2,08:57,FG48,TD,2,04:30,CC00,1
2021_13_CC_FG,CC,FG,Cologne Centurions,Frankfurt Galaxy,9/11/2021,Frankfurt,PSD Bank Arena,14:45,NA,Y,-,0,22 degr.,SW10km/h,rainy,K. Walentynow.,J. Poschlod,E. Walentynow.,F. Pachulski,P. Simon,S. Hameder,A. Sourdrille,FG,3,2,CC34,"H,3,2,V34","7,6,63","PEN:H,FS,A,52,V39,N",PENALTY FG false start (D. Minton) 5 yards to the CC39.,"H,3,7,V39",penalty,0,NA,0,0,14,NA,NA,7,H,FG,"PUNT,2,08:57,48","TD,2,04:30,100",8,52,4:27,PUNT,2,08:57,FG48,TD,2,04:30,CC00,1
2021_13_CC_FG,CC,FG,Cologne Centurions,Frankfurt Galaxy,9/11/2021,Frankfurt,PSD Bank Arena,14:45,NA,Y,-,0,22 degr.,SW10km/h,rainy,K. Walentynow.,J. Poschlod,E. Walentynow.,F. Pachulski,P. Simon,S. Hameder,A. Sourdrille,FG,3,7,CC39,"H,3,7,V39","7,7,64","PASS:7,C,11,V19 TACK:23","J. Sullivan pass complete to A. Mahoungou for 20 yards to the CC19, 1ST DOWN FG (T. Janssen).","H,1,10,V19",pass,0,pass,0,0,14,NA,NA,7,H,FG,"PUNT,2,08:57,48","TD,2,04:30,100",8,52,4:27,PUNT,2,08:57,FG48,TD,2,04:30,CC00,1
2021_13_CC_FG,CC,FG,Cologne Centurions,Frankfurt Galaxy,9/11/2021,Frankfurt,PSD Bank Arena,14:45,NA,Y,-,0,22 degr.,SW10km/h,rainy,K. Walentynow.,J. Poschlod,E. Walentynow.,F. Pachulski,P. Simon,S. Hameder,A. Sourdrille,FG,1,10,CC19,"H,1,10,V19","7,8,65","RUSH:21,V14, TACK:91,55",G. Adams rush for 5 yards to the CC14 (R. Sellung;M. Taylor).,"H,2,5,V14",rush,0,NA,0,0,14,NA,NA,7,H,FG,"PUNT,2,08:57,48","TD,2,04:30,100",8,52,4:27,PUNT,2,08:57,FG48,TD,2,04:30,CC00,1
2021_13_CC_FG,CC,FG,Cologne Centurions,Frankfurt Galaxy,9/11/2021,Frankfurt,PSD Bank Arena,14:45,NA,Y,-,0,22 degr.,SW10km/h,rainy,K. Walentynow.,J. Poschlod,E. Walentynow.,F. Pachulski,P. Simon,S. Hameder,A. Sourdrille,FG,2,5,CC14,"H,2,5,V14","7,9,66","PASS:7,S,TM,V24 SACK:3",J. Sullivan sacked for loss of 10 yards to the CC24 (J. Voelker).,"H,3,15,V24",pass,0,NA,0,0,14,NA,NA,7,H,FG,"PUNT,2,08:57,48","TD,2,04:30,100",8,52,4:27,PUNT,2,08:57,FG48,TD,2,04:30,CC00,1
2021_13_CC_FG,CC,FG,Cologne Centurions,Frankfurt Galaxy,9/11/2021,Frankfurt,PSD Bank Arena,14:45,NA,Y,-,0,22 degr.,SW10km/h,rainy,K. Walentynow.,J. Poschlod,E. Walentynow.,F. Pachulski,P. Simon,S. Hameder,A. Sourdrille,FG,3,15,CC24,"H,3,15,V24","7,10,67","PASS:7,C,82,V00 T:04:30","J. Sullivan pass complete to H. Schwarz for 24 yards to the CC0, 1ST DOWN FG, TOUCHDOWN, clock 04:30.","H,1,10,V15",pass,0,pass,1,0,20,04:30,NA,7,H,FG,"PUNT,2,08:57,48","TD,2,04:30,100",8,52,4:27,PUNT,2,08:57,FG48,TD,2,04:30,CC00,1
2021_13_CC_FG,CC,FG,Cologne Centurions,Frankfurt Galaxy,9/11/2021,Frankfurt,PSD Bank Arena,14:45,NA,Y,-,0,22 degr.,SW10km/h,rainy,K. Walentynow.,J. Poschlod,E. Walentynow.,F. Pachulski,P. Simon,S. Hameder,A. Sourdrille,FG,1,10,CC15,"H,1,10,V15","7,11,68","SPOT:H,V02,Y PAT:R,21,G PEN:H,HO,A,61,V12,N NOPLAY:","FG ball on CC2, G. Adams rush attempt good, PENALTY FG holding (L. Hampel) 3 yards to the CC12, NO PLAY.","H,1,0,V12",penalty,0,NA,0,0,20,NA,NA,7,H,FG,"PUNT,2,08:57,48","TD,2,04:30,100",8,52,4:27,PUNT,2,08:57,FG48,TD,2,04:30,CC00,1
2021_13_CC_FG,CC,FG,Cologne Centurions,Frankfurt Galaxy,9/11/2021,Frankfurt,PSD Bank Arena,14:45,NA,Y,-,0,22 degr.,SW10km/h,rainy,K. Walentynow.,J. Poschlod,E. Walentynow.,F. Pachulski,P. Simon,S. Hameder,A. Sourdrille,FG,1,0,CC12,"H,1,0,V12","7,12,69",TOUT:H T:04:30,"Timeout Frankfurt Galaxy, clock 04:30.","H,1,0,V12",NA,0,NA,0,0,20,04:30,NA,7,H,FG,"PUNT,2,08:57,48","TD,2,04:30,100",8,52,4:27,PUNT,2,08:57,FG48,TD,2,04:30,CC00,1
2021_13_CC_FG,CC,FG,Cologne Centurions,Frankfurt Galaxy,9/11/2021,Frankfurt,PSD Bank Arena,14:45,NA,Y,-,0,22 degr.,SW10km/h,rainy,K. Walentynow.,J. Poschlod,E. Walentynow.,F. Pachulski,P. Simon,S. Hameder,A. Sourdrille,FG,1,0,CC12,"H,1,0,V12","7,13,70","PAT:K,82,G",H. Schwarz kick attempt good.,"H,1,0,H35",pat,0,NA,1,0,21,NA,NA,7,H,FG,"PUNT,2,08:57,48","TD,2,04:30,100",8,52,4:27,PUNT,2,08:57,FG48,TD,2,04:30,CC00,1
2021_13_CC_FG,CC,FG,Cologne Centurions,Frankfurt Galaxy,9/11/2021,Frankfurt,PSD Bank Arena,14:45,NA,Y,-,0,22 degr.,SW10km/h,rainy,K. Walentynow.,J. Poschlod,E. Walentynow.,F. Pachulski,P. Simon,S. Hameder,A. Sourdrille,FG,1,0,FG35,"H,1,0,H35","7,14,71","KO:19,V00 RET:5,V40 TACK:53 PEN:V,BL,A,18,V09,N D:1,10 SPOT:V,V09,Y","N. Strahmann kickoff 65 yards to the CC0, P. Lenhardt return 40 yards to the CC40 (D. Josiah), PENALTY CC illegal block (K. Schiffer) 31 yards to the CC9, 1st and 10, CC ball on CC9.","V,1,10,V09",kick_off,0,NA,0,0,21,NA,NA,7,H,FG,"PUNT,2,08:57,48","TD,2,04:30,100",8,52,4:27,PUNT,2,08:57,FG48,TD,2,04:30,CC00,1
2021_13_CC_FG,CC,FG,Cologne Centurions,Frankfurt Galaxy,9/11/2021,Frankfurt,PSD Bank Arena,14:45,NA,Y,-,0,22 degr.,SW10km/h,rainy,K. Walentynow.,J. Poschlod,E. Walentynow.,F. Pachulski,P. Simon,S. Hameder,A. Sourdrille,CC,1,10,CC09,"V,1,10,V09","8,1,72",{DRIVE}:04:22,COLOGNE CENTURIONS drive start at 04:22.,"V,1,10,V09",NA,0,NA,0,0,21,04:22,NA,8,V,CC,"KO,2,04:22,9","FGA,2,00:50,85",11,76,3:32,KO,2,04:22,CC09,FGA,2,00:50,FG15,1
2021_13_CC_FG,CC,FG,Cologne Centurions,Frankfurt Galaxy,9/11/2021,Frankfurt,PSD Bank Arena,14:45,NA,Y,-,0,22 degr.,SW10km/h,rainy,K. Walentynow.,J. Poschlod,E. Walentynow.,F. Pachulski,P. Simon,S. Hameder,A. Sourdrille,CC,1,10,CC09,"V,1,10,V09","8,2,73","PASS:12,S,TM,V03 SACK:41",J. Weinreich sacked for loss of 6 yards to the CC3 (S. Gauthier).,"V,2,16,V03",pass,0,NA,0,0,21,NA,NA,8,V,CC,"KO,2,04:22,9","FGA,2,00:50,85",11,76,3:32,KO,2,04:22,CC09,FGA,2,00:50,FG15,1
2021_13_CC_FG,CC,FG,Cologne Centurions,Frankfurt Galaxy,9/11/2021,Frankfurt,PSD Bank Arena,14:45,NA,Y,-,0,22 degr.,SW10km/h,rainy,K. Walentynow.,J. Poschlod,E. Walentynow.,F. Pachulski,P. Simon,S. Hameder,A. Sourdrille,CC,2,16,CC03,"V,2,16,V03","8,3,74","RUSH:28,V05, TACK:90,14",M. London rush for 2 yards to the CC5 (M. Hor;J. Poznanski).,"V,3,14,V05",rush,0,NA,0,0,21,NA,NA,8,V,CC,"KO,2,04:22,9","FGA,2,00:50,85",11,76,3:32,KO,2,04:22,CC09,FGA,2,00:50,FG15,1
2021_13_CC_FG,CC,FG,Cologne Centurions,Frankfurt Galaxy,9/11/2021,Frankfurt,PSD Bank Arena,14:45,NA,Y,-,0,22 degr.,SW10km/h,rainy,K. Walentynow.,J. Poschlod,E. Walentynow.,F. Pachulski,P. Simon,S. Hameder,A. Sourdrille,CC,3,14,CC05,"V,3,14,V05","8,4,75","PASS:12,C,5,H27 TACK:10","J. Weinreich pass complete to P. Lenhardt for 68 yards to the FG27, 1ST DOWN CC (O. Williams).","V,1,10,H27",pass,0,pass,0,0,21,NA,NA,8,V,CC,"KO,2,04:22,9","FGA,2,00:50,85",11,76,3:32,KO,2,04:22,CC09,FGA,2,00:50,FG15,1
2021_13_CC_FG,CC,FG,Cologne Centurions,Frankfurt Galaxy,9/11/2021,Frankfurt,PSD Bank Arena,14:45,NA,Y,-,0,22 degr.,SW10km/h,rainy,K. Walentynow.,J. Poschlod,E. Walentynow.,F. Pachulski,P. Simon,S. Hameder,A. Sourdrille,CC,1,10,FG27,"V,1,10,H27","8,5,76","PEN:V,12,A,TM,H32,N",PENALTY CC 12 men on the field 5 yards to the FG32.,"V,1,15,H32",penalty,0,NA,0,0,21,NA,NA,8,V,CC,"KO,2,04:22,9","FGA,2,00:50,85",11,76,3:32,KO,2,04:22,CC09,FGA,2,00:50,FG15,1
2021_13_CC_FG,CC,FG,Cologne Centurions,Frankfurt Galaxy,9/11/2021,Frankfurt,PSD Bank Arena,14:45,NA,Y,-,0,22 degr.,SW10km/h,rainy,K. Walentynow.,J. Poschlod,E. Walentynow.,F. Pachulski,P. Simon,S. Hameder,A. Sourdrille,CC,1,15,FG32,"V,1,15,H32","8,6,77","RUSH:28,H24, OB: TACK:43","M. London rush for 8 yards to the FG24, out-of-bounds (J. Silva Gomez).","V,2,7,H24",rush,1,NA,0,0,21,NA,NA,8,V,CC,"KO,2,04:22,9","FGA,2,00:50,85",11,76,3:32,KO,2,04:22,CC09,FGA,2,00:50,FG15,1
2021_13_CC_FG,CC,FG,Cologne Centurions,Frankfurt Galaxy,9/11/2021,Frankfurt,PSD Bank Arena,14:45,NA,Y,-,0,22 degr.,SW10km/h,rainy,K. Walentynow.,J. Poschlod,E. Walentynow.,F. Pachulski,P. Simon,S. Hameder,A. Sourdrille,CC,2,7,FG24,"V,2,7,H24","8,7,78","RUSH:28,H25, TACK:90,43",M. London rush for loss of 1 yard to the FG25 (M. Hor;J. Silva Gomez).,"V,3,8,H25",rush,0,NA,0,0,21,NA,NA,8,V,CC,"KO,2,04:22,9","FGA,2,00:50,85",11,76,3:32,KO,2,04:22,CC09,FGA,2,00:50,FG15,1
2021_13_CC_FG,CC,FG,Cologne Centurions,Frankfurt Galaxy,9/11/2021,Frankfurt,PSD Bank Arena,14:45,NA,Y,-,0,22 degr.,SW10km/h,rainy,K. Walentynow.,J. Poschlod,E. Walentynow.,F. Pachulski,P. Simon,S. Hameder,A. Sourdrille,CC,3,8,FG25,"V,3,8,H25","8,8,79",TOUT:V T:02:09,"Timeout Cologne Centurions, clock 02:09.","V,3,8,H25",NA,0,NA,0,0,21,02:09,NA,8,V,CC,"KO,2,04:22,9","FGA,2,00:50,85",11,76,3:32,KO,2,04:22,CC09,FGA,2,00:50,FG15,1
2021_13_CC_FG,CC,FG,Cologne Centurions,Frankfurt Galaxy,9/11/2021,Frankfurt,PSD Bank Arena,14:45,NA,Y,-,0,22 degr.,SW10km/h,rainy,K. Walentynow.,J. Poschlod,E. Walentynow.,F. Pachulski,P. Simon,S. Hameder,A. Sourdrille,CC,3,8,FG25,"V,3,8,H25","8,9,80","PASS:12,I,1,*",J. Weinreich pass incomplete to Q. Pounds.,"V,4,8,H25",pass,0,NA,0,0,21,NA,NA,8,V,CC,"KO,2,04:22,9","FGA,2,00:50,85",11,76,3:32,KO,2,04:22,CC09,FGA,2,00:50,FG15,1
2021_13_CC_FG,CC,FG,Cologne Centurions,Frankfurt Galaxy,9/11/2021,Frankfurt,PSD Bank Arena,14:45,NA,Y,-,0,22 degr.,SW10km/h,rainy,K. Walentynow.,J. Poschlod,E. Walentynow.,F. Pachulski,P. Simon,S. Hameder,A. Sourdrille,CC,4,8,FG25,"V,4,8,H25","8,10,81","PASS:12,C,28,H12 TACK:43,25","J. Weinreich pass complete to M. London for 13 yards to the FG12, 1ST DOWN CC (J. Silva Gomez;B. Barnes).","V,1,10,H12",pass,0,pass,0,0,21,NA,NA,8,V,CC,"KO,2,04:22,9","FGA,2,00:50,85",11,76,3:32,KO,2,04:22,CC09,FGA,2,00:50,FG15,1
2021_13_CC_FG,CC,FG,Cologne Centurions,Frankfurt Galaxy,9/11/2021,Frankfurt,PSD Bank Arena,14:45,NA,Y,-,0,22 degr.,SW10km/h,rainy,K. Walentynow.,J. Poschlod,E. Walentynow.,F. Pachulski,P. Simon,S. Hameder,A. Sourdrille,CC,1,10,FG12,"V,1,10,H12","8,11,82","RUSH:28,H07, TACK:43,41",M. London rush for 5 yards to the FG7 (J. Silva Gomez;S. Gauthier).,"V,2,5,H07",rush,0,NA,0,0,21,NA,NA,8,V,CC,"KO,2,04:22,9","FGA,2,00:50,85",11,76,3:32,KO,2,04:22,CC09,FGA,2,00:50,FG15,1
2021_13_CC_FG,CC,FG,Cologne Centurions,Frankfurt Galaxy,9/11/2021,Frankfurt,PSD Bank Arena,14:45,NA,Y,-,0,22 degr.,SW10km/h,rainy,K. Walentynow.,J. Poschlod,E. Walentynow.,F. Pachulski,P. Simon,S. Hameder,A. Sourdrille,CC,2,5,FG07,"V,2,5,H07","8,12,83","PASS:12,I,87,*",J. Weinreich pass incomplete to F. Eichhorn.,"V,3,5,H07",pass,0,NA,0,0,21,NA,NA,8,V,CC,"KO,2,04:22,9","FGA,2,00:50,85",11,76,3:32,KO,2,04:22,CC09,FGA,2,00:50,FG15,1
2021_13_CC_FG,CC,FG,Cologne Centurions,Frankfurt Galaxy,9/11/2021,Frankfurt,PSD Bank Arena,14:45,NA,Y,-,0,22 degr.,SW10km/h,rainy,K. Walentynow.,J. Poschlod,E. Walentynow.,F. Pachulski,P. Simon,S. Hameder,A. Sourdrille,CC,3,5,FG07,"V,3,5,H07","8,13,84","RUSH:28,H00, T:01:05 PEN:V,HO,A,68,H17,N NOPLAY:","M. London rush for 7 yards to the FG0, clock 01:05, PENALTY CC holding (N. Wiens) 10 yards to the FG17, NO PLAY.","V,3,15,H17",penalty,0,NA,0,0,21,01:05,NA,8,V,CC,"KO,2,04:22,9","FGA,2,00:50,85",11,76,3:32,KO,2,04:22,CC09,FGA,2,00:50,FG15,1
2021_13_CC_FG,CC,FG,Cologne Centurions,Frankfurt Galaxy,9/11/2021,Frankfurt,PSD Bank Arena,14:45,NA,Y,-,0,22 degr.,SW10km/h,rainy,K. Walentynow.,J. Poschlod,E. Walentynow.,F. Pachulski,P. Simon,S. Hameder,A. Sourdrille,CC,3,15,FG17,"V,3,15,H17","8,14,85","PASS:12,C,28,H15 TACK:56",J. Weinreich pass complete to M. London for 2 yards to the FG15 (S. Silva Gomez).,"V,4,13,H15",pass,0,NA,0,0,21,NA,NA,8,V,CC,"KO,2,04:22,9","FGA,2,00:50,85",11,76,3:32,KO,2,04:22,CC09,FGA,2,00:50,FG15,1
2021_13_CC_FG,CC,FG,Cologne Centurions,Frankfurt Galaxy,9/11/2021,Frankfurt,PSD Bank Arena,14:45,NA,Y,-,0,22 degr.,SW10km/h,rainy,K. Walentynow.,J. Poschlod,E. Walentynow.,F. Pachulski,P. Simon,S. Hameder,A. Sourdrille,CC,4,13,FG15,"V,4,13,H15","8,15,86",TOUT:H T:00:50,"Timeout Frankfurt Galaxy, clock 00:50.","V,4,13,H15",NA,0,NA,0,0,21,00:50,NA,8,V,CC,"KO,2,04:22,9","FGA,2,00:50,85",11,76,3:32,KO,2,04:22,CC09,FGA,2,00:50,FG15,1
2021_13_CC_FG,CC,FG,Cologne Centurions,Frankfurt Galaxy,9/11/2021,Frankfurt,PSD Bank Arena,14:45,NA,Y,-,0,22 degr.,SW10km/h,rainy,K. Walentynow.,J. Poschlod,E. Walentynow.,F. Pachulski,P. Simon,S. Hameder,A. Sourdrille,CC,4,13,FG15,"V,4,13,H15","8,16,87","FGA:2,32,B,H12,H,29 T:00:50 BLOCK:29 +:29,V45 TACK:80","D. Schuhmacher field goal attempt from 32 BLOCKED, recovered by FG M. Riepe at FG12 spot at FG12, clock 00:50 (blocked by M. Riepe), M. Riepe for 43 yards to the CC45 (T. Groendeals).","H,1,10,V45",field_goal,0,NA,0,0,21,00:50,NA,8,V,CC,"KO,2,04:22,9","FGA,2,00:50,85",11,76,3:32,KO,2,04:22,CC09,FGA,2,00:50,FG15,1
2021_13_CC_FG,CC,FG,Cologne Centurions,Frankfurt Galaxy,9/11/2021,Frankfurt,PSD Bank Arena,14:45,NA,Y,-,0,22 degr.,SW10km/h,rainy,K. Walentynow.,J. Poschlod,E. Walentynow.,F. Pachulski,P. Simon,S. Hameder,A. Sourdrille,FG,1,10,CC45,"H,1,10,V45","9,1,88","SPOT:H,H47,Y",FG ball on FG47.,"H,1,10,H47",NA,0,NA,0,0,21,NA,NA,9,H,FG,"FGA,2,00:50,47","TD,2,00:20,100",2,53,0:30,FGA,2,00:50,FG47,TD,2,00:20,CC00,NA
2021_13_CC_FG,CC,FG,Cologne Centurions,Frankfurt Galaxy,9/11/2021,Frankfurt,PSD Bank Arena,14:45,NA,Y,-,0,22 degr.,SW10km/h,rainy,K. Walentynow.,J. Poschlod,E. Walentynow.,F. Pachulski,P. Simon,S. Hameder,A. Sourdrille,FG,1,10,FG47,"H,1,10,H47","9,2,89","PASS:7,C,19,V34 TACK:19,9","J. Sullivan pass complete to N. Strahmann for 19 yards to the CC34, 1ST DOWN FG (E. Akguen;W. Bhikh).","H,1,10,V34",pass,0,pass,0,0,21,NA,NA,9,H,FG,"FGA,2,00:50,47","TD,2,00:20,100",2,53,0:30,FGA,2,00:50,FG47,TD,2,00:20,CC00,NA
2021_13_CC_FG,CC,FG,Cologne Centurions,Frankfurt Galaxy,9/11/2021,Frankfurt,PSD Bank Arena,14:45,NA,Y,-,0,22 degr.,SW10km/h,rainy,K. Walentynow.,J. Poschlod,E. Walentynow.,F. Pachulski,P. Simon,S. Hameder,A. Sourdrille,FG,1,10,CC34,"H,1,10,V34","9,3,90",TOUT:H T:00:29,"Timeout Frankfurt Galaxy, clock 00:29.","H,1,10,V34",NA,0,NA,0,0,21,00:29,NA,9,H,FG,"FGA,2,00:50,47","TD,2,00:20,100",2,53,0:30,FGA,2,00:50,FG47,TD,2,00:20,CC00,NA
2021_13_CC_FG,CC,FG,Cologne Centurions,Frankfurt Galaxy,9/11/2021,Frankfurt,PSD Bank Arena,14:45,NA,Y,-,0,22 degr.,SW10km/h,rainy,K. Walentynow.,J. Poschlod,E. Walentynow.,F. Pachulski,P. Simon,S. Hameder,A. Sourdrille,FG,1,10,CC34,"H,1,10,V34","9,4,91","PEN:H,FS,A,52,V39,N",PENALTY FG false start (D. Minton) 5 yards to the CC39.,"H,1,15,V39",penalty,0,NA,0,0,21,NA,NA,9,H,FG,"FGA,2,00:50,47","TD,2,00:20,100",2,53,0:30,FGA,2,00:50,FG47,TD,2,00:20,CC00,NA
2021_13_CC_FG,CC,FG,Cologne Centurions,Frankfurt Galaxy,9/11/2021,Frankfurt,PSD Bank Arena,14:45,NA,Y,-,0,22 degr.,SW10km/h,rainy,K. Walentynow.,J. Poschlod,E. Walentynow.,F. Pachulski,P. Simon,S. Hameder,A. Sourdrille,FG,1,15,CC39,"H,1,15,V39","9,5,92","PASS:7,C,11,V00 T:00:20","J. Sullivan pass complete to A. Mahoungou for 39 yards to the CC0, 1ST DOWN FG, TOUCHDOWN, clock 00:20.","H,1,10,V15",pass,0,pass,1,0,27,00:20,NA,9,H,FG,"FGA,2,00:50,47","TD,2,00:20,100",2,53,0:30,FGA,2,00:50,FG47,TD,2,00:20,CC00,NA
2021_13_CC_FG,CC,FG,Cologne Centurions,Frankfurt Galaxy,9/11/2021,Frankfurt,PSD Bank Arena,14:45,NA,Y,-,0,22 degr.,SW10km/h,rainy,K. Walentynow.,J. Poschlod,E. Walentynow.,F. Pachulski,P. Simon,S. Hameder,A. Sourdrille,FG,1,10,CC15,"H,1,10,V15","9,6,93","PAT:K,82,M",H. Schwarz kick attempt failed.,"H,1,0,H35",pat,0,NA,0,0,27,NA,NA,9,H,FG,"FGA,2,00:50,47","TD,2,00:20,100",2,53,0:30,FGA,2,00:50,FG47,TD,2,00:20,CC00,NA
2021_13_CC_FG,CC,FG,Cologne Centurions,Frankfurt Galaxy,9/11/2021,Frankfurt,PSD Bank Arena,14:45,NA,Y,-,0,22 degr.,SW10km/h,rainy,K. Walentynow.,J. Poschlod,E. Walentynow.,F. Pachulski,P. Simon,S. Hameder,A. Sourdrille,FG,1,0,FG35,"H,1,0,H35","9,7,94","KO:19,V03 OB: SPOT:V,V40,Y","N. Strahmann kickoff 62 yards to the CC3, out-of-bounds, CC ball on CC40.","V,1,10,V40",kick_off,1,NA,0,0,27,NA,NA,9,H,FG,"FGA,2,00:50,47","TD,2,00:20,100",2,53,0:30,FGA,2,00:50,FG47,TD,2,00:20,CC00,NA
2021_13_CC_FG,CC,FG,Cologne Centurions,Frankfurt Galaxy,9/11/2021,Frankfurt,PSD Bank Arena,14:45,NA,Y,-,0,22 degr.,SW10km/h,rainy,K. Walentynow.,J. Poschlod,E. Walentynow.,F. Pachulski,P. Simon,S. Hameder,A. Sourdrille,CC,1,10,CC40,"V,1,10,V40","10,1,95",{DRIVE}:00:20,COLOGNE CENTURIONS drive start at 00:20.,"V,1,10,V40",NA,0,NA,0,0,27,00:20,NA,10,H,FG,"KO,2,00:20,35","HALF,2,00:00,35",1,0,0:20,KO,2,00:20,FG35,HALF,2,00:00,FG35,NA
2021_13_CC_FG,CC,FG,Cologne Centurions,Frankfurt Galaxy,9/11/2021,Frankfurt,PSD Bank Arena,14:45,NA,Y,-,0,22 degr.,SW10km/h,rainy,K. Walentynow.,J. Poschlod,E. Walentynow.,F. Pachulski,P. Simon,S. Hameder,A. Sourdrille,CC,1,10,CC40,"V,1,10,V40","10,2,96","RUSH:12,V38,",J. Weinreich rush for loss of 2 yards to the CC38.,"V,2,12,V38",rush,0,NA,0,0,27,NA,NA,10,H,FG,"KO,2,00:20,35","HALF,2,00:00,35",1,0,0:20,KO,2,00:20,FG35,HALF,2,00:00,FG35,NA
2021_13_CC_FG,CC,FG,Cologne Centurions,Frankfurt Galaxy,9/11/2021,Frankfurt,PSD Bank Arena,14:45,NA,Y,-,0,22 degr.,SW10km/h,rainy,K. Walentynow.,J. Poschlod,E. Walentynow.,F. Pachulski,P. Simon,S. Hameder,A. Sourdrille,CC,2,12,CC38,"V,2,12,V38","10,3,98",HALF: T:00:00,"End of half, clock 00:00.","V,2,12,V38",NA,0,NA,0,0,27,00:00,NA,10,H,FG,"KO,2,00:20,35","HALF,2,00:00,35",1,0,0:20,KO,2,00:20,FG35,HALF,2,00:00,FG35,NA
2021_13_CC_FG,CC,FG,Cologne Centurions,Frankfurt Galaxy,9/11/2021,Frankfurt,PSD Bank Arena,14:45,NA,Y,-,0,22 degr.,SW10km/h,rainy,K. Walentynow.,J. Poschlod,E. Walentynow.,F. Pachulski,P. Simon,S. Hameder,A. Sourdrille,CC,2,12,CC38,"V,2,12,V38","10,4,99",Q:3 T:15:00,"Start of 3rd quarter, clock 15:00.","V,2,12,V38",NA,0,NA,0,0,27,15:00,NA,10,H,FG,"KO,2,00:20,35","HALF,2,00:00,35",1,0,0:20,KO,2,00:20,FG35,HALF,2,00:00,FG35,NA
2021_13_CC_FG,CC,FG,Cologne Centurions,Frankfurt Galaxy,9/11/2021,Frankfurt,PSD Bank Arena,14:45,NA,Y,-,0,22 degr.,SW10km/h,rainy,K. Walentynow.,J. Poschlod,E. Walentynow.,F. Pachulski,P. Simon,S. Hameder,A. Sourdrille,CC,2,12,CC38,"V,2,12,V38","10,5,100","SPOT:H,H35,Y",FG ball on FG35.,"H,2,12,H35",NA,0,NA,0,0,27,NA,NA,10,H,FG,"KO,2,00:20,35","HALF,2,00:00,35",1,0,0:20,KO,2,00:20,FG35,HALF,2,00:00,FG35,NA
2021_13_CC_FG,CC,FG,Cologne Centurions,Frankfurt Galaxy,9/11/2021,Frankfurt,PSD Bank Arena,14:45,NA,Y,-,0,22 degr.,SW10km/h,rainy,K. Walentynow.,J. Poschlod,E. Walentynow.,F. Pachulski,P. Simon,S. Hameder,A. Sourdrille,FG,2,12,FG35,"H,2,12,H35","10,6,101","KO:19,V00 TB:","N. Strahmann kickoff 65 yards to the CC0, touchback.","V,1,10,V25",kick_off,0,NA,0,0,27,NA,NA,10,H,FG,"KO,2,00:20,35","HALF,2,00:00,35",1,0,0:20,KO,2,00:20,FG35,HALF,2,00:00,FG35,NA
2021_13_CC_FG,CC,FG,Cologne Centurions,Frankfurt Galaxy,9/11/2021,Frankfurt,PSD Bank Arena,14:45,NA,Y,-,0,22 degr.,SW10km/h,rainy,K. Walentynow.,J. Poschlod,E. Walentynow.,F. Pachulski,P. Simon,S. Hameder,A. Sourdrille,CC,1,10,CC25,"V,1,10,V25","11,1,102",{DRIVE}:15:00,COLOGNE CENTURIONS drive start at 15:00.,"V,1,10,V25",NA,0,NA,0,0,27,15:00,NA,11,V,CC,"KO,3,15:00,25","PUNT,3,13:37,30",3,5,1:23,KO,3,15:00,CC25,PUNT,3,13:37,CC30,NA
2021_13_CC_FG,CC,FG,Cologne Centurions,Frankfurt Galaxy,9/11/2021,Frankfurt,PSD Bank Arena,14:45,NA,Y,-,0,22 degr.,SW10km/h,rainy,K. Walentynow.,J. Poschlod,E. Walentynow.,F. Pachulski,P. Simon,S. Hameder,A. Sourdrille,CC,1,10,CC25,"V,1,10,V25","11,2,103","RUSH:28,V26, TACK:43,56",M. London rush for 1 yard to the CC26 (J. Silva Gomez;S. Silva Gomez).,"V,2,9,V26",rush,0,NA,0,0,27,NA,NA,11,V,CC,"KO,3,15:00,25","PUNT,3,13:37,30",3,5,1:23,KO,3,15:00,CC25,PUNT,3,13:37,CC30,NA
2021_13_CC_FG,CC,FG,Cologne Centurions,Frankfurt Galaxy,9/11/2021,Frankfurt,PSD Bank Arena,14:45,NA,Y,-,0,22 degr.,SW10km/h,rainy,K. Walentynow.,J. Poschlod,E. Walentynow.,F. Pachulski,P. Simon,S. Hameder,A. Sourdrille,CC,2,9,CC26,"V,2,9,V26","11,3,104","RUSH:28,V30, TACK:46",M. London rush for 4 yards to the CC30 (O. Ogbevoen).,"V,3,5,V30",rush,0,NA,0,0,27,NA,NA,11,V,CC,"KO,3,15:00,25","PUNT,3,13:37,30",3,5,1:23,KO,3,15:00,CC25,PUNT,3,13:37,CC30,NA
2021_13_CC_FG,CC,FG,Cologne Centurions,Frankfurt Galaxy,9/11/2021,Frankfurt,PSD Bank Arena,14:45,NA,Y,-,0,22 degr.,SW10km/h,rainy,K. Walentynow.,J. Poschlod,E. Walentynow.,F. Pachulski,P. Simon,S. Hameder,A. Sourdrille,CC,3,5,CC30,"V,3,5,V30","11,4,105","PASS:12,I,1,* PEN:V,HO,D","J. Weinreich pass incomplete to Q. Pounds, PENALTY CC holding declined.","V,4,5,V30",pass,0,NA,0,0,27,NA,NA,11,V,CC,"KO,3,15:00,25","PUNT,3,13:37,30",3,5,1:23,KO,3,15:00,CC25,PUNT,3,13:37,CC30,NA
2021_13_CC_FG,CC,FG,Cologne Centurions,Frankfurt Galaxy,9/11/2021,Frankfurt,PSD Bank Arena,14:45,NA,Y,-,0,22 degr.,SW10km/h,rainy,K. Walentynow.,J. Poschlod,E. Walentynow.,F. Pachulski,P. Simon,S. Hameder,A. Sourdrille,CC,4,5,CC30,"V,4,5,V30","11,5,106","PUNT:81,V47 OB:","V. Roediger punt 17 yards to the CC47, out-of-bounds.","H,1,10,V47",punt,1,NA,0,0,27,NA,NA,11,V,CC,"KO,3,15:00,25","PUNT,3,13:37,30",3,5,1:23,KO,3,15:00,CC25,PUNT,3,13:37,CC30,NA
2021_13_CC_FG,CC,FG,Cologne Centurions,Frankfurt Galaxy,9/11/2021,Frankfurt,PSD Bank Arena,14:45,NA,Y,-,0,22 degr.,SW10km/h,rainy,K. Walentynow.,J. Poschlod,E. Walentynow.,F. Pachulski,P. Simon,S. Hameder,A. Sourdrille,FG,1,10,CC47,"H,1,10,V47","12,1,107",{DRIVE}:13:37,FRANKFURT GALAXY drive start at 13:37.,"H,1,10,V47",NA,0,NA,0,0,27,13:37,NA,12,H,FG,"PUNT,3,13:37,53","PUNT,3,12:43,55",3,2,0:54,PUNT,3,13:37,CC47,PUNT,3,12:43,CC45,NA
2021_13_CC_FG,CC,FG,Cologne Centurions,Frankfurt Galaxy,9/11/2021,Frankfurt,PSD Bank Arena,14:45,NA,Y,-,0,22 degr.,SW10km/h,rainy,K. Walentynow.,J. Poschlod,E. Walentynow.,F. Pachulski,P. Simon,S. Hameder,A. Sourdrille,FG,1,10,CC47,"H,1,10,V47","12,2,108","RUSH:21,V40, TACK:44,48",G. Adams rush for 7 yards to the CC40 (M. Kensy;K. Bongaerts).,"H,2,3,V40",rush,0,NA,0,0,27,NA,NA,12,H,FG,"PUNT,3,13:37,53","PUNT,3,12:43,55",3,2,0:54,PUNT,3,13:37,CC47,PUNT,3,12:43,CC45,NA
2021_13_CC_FG,CC,FG,Cologne Centurions,Frankfurt Galaxy,9/11/2021,Frankfurt,PSD Bank Arena,14:45,NA,Y,-,0,22 degr.,SW10km/h,rainy,K. Walentynow.,J. Poschlod,E. Walentynow.,F. Pachulski,P. Simon,S. Hameder,A. Sourdrille,FG,2,3,CC40,"H,2,3,V40","12,3,109","PASS:7,I,13,* BRUP:30",J. Sullivan pass incomplete to M. Rutsch (M. Mbaye).,"H,3,3,V40",pass,0,NA,0,0,27,NA,NA,12,H,FG,"PUNT,3,13:37,53","PUNT,3,12:43,55",3,2,0:54,PUNT,3,13:37,CC47,PUNT,3,12:43,CC45,NA
2021_13_CC_FG,CC,FG,Cologne Centurions,Frankfurt Galaxy,9/11/2021,Frankfurt,PSD Bank Arena,14:45,NA,Y,-,0,22 degr.,SW10km/h,rainy,K. Walentynow.,J. Poschlod,E. Walentynow.,F. Pachulski,P. Simon,S. Hameder,A. Sourdrille,FG,3,3,CC40,"H,3,3,V40","12,4,110","PASS:7,I,13,* BRUP:9",J. Sullivan pass incomplete to M. Rutsch (W. Bhikh).,"H,4,3,V40",pass,0,NA,0,0,27,NA,NA,12,H,FG,"PUNT,3,13:37,53","PUNT,3,12:43,55",3,2,0:54,PUNT,3,13:37,CC47,PUNT,3,12:43,CC45,NA
2021_13_CC_FG,CC,FG,Cologne Centurions,Frankfurt Galaxy,9/11/2021,Frankfurt,PSD Bank Arena,14:45,NA,Y,-,0,22 degr.,SW10km/h,rainy,K. Walentynow.,J. Poschlod,E. Walentynow.,F. Pachulski,P. Simon,S. Hameder,A. Sourdrille,FG,4,3,CC40,"H,4,3,V40","12,5,111","PEN:H,DG,A,7,V45,N",PENALTY FG delay of game (J. Sullivan) 5 yards to the CC45.,"H,4,8,V45",penalty,0,NA,0,0,27,NA,NA,12,H,FG,"PUNT,3,13:37,53","PUNT,3,12:43,55",3,2,0:54,PUNT,3,13:37,CC47,PUNT,3,12:43,CC45,NA
2021_13_CC_FG,CC,FG,Cologne Centurions,Frankfurt Galaxy,9/11/2021,Frankfurt,PSD Bank Arena,14:45,NA,Y,-,0,22 degr.,SW10km/h,rainy,K. Walentynow.,J. Poschlod,E. Walentynow.,F. Pachulski,P. Simon,S. Hameder,A. Sourdrille,FG,4,8,CC45,"H,4,8,V45","12,6,112","PUNT:82,V12 OB:","H. Schwarz punt 33 yards to the CC12, out-of-bounds.","V,1,10,V12",punt,1,NA,0,0,27,NA,NA,12,H,FG,"PUNT,3,13:37,53","PUNT,3,12:43,55",3,2,0:54,PUNT,3,13:37,CC47,PUNT,3,12:43,CC45,NA
2021_13_CC_FG,CC,FG,Cologne Centurions,Frankfurt Galaxy,9/11/2021,Frankfurt,PSD Bank Arena,14:45,NA,Y,-,0,22 degr.,SW10km/h,rainy,K. Walentynow.,J. Poschlod,E. Walentynow.,F. Pachulski,P. Simon,S. Hameder,A. Sourdrille,CC,1,10,CC12,"V,1,10,V12","13,1,113",{DRIVE}:12:43,COLOGNE CENTURIONS drive start at 12:43.,"V,1,10,V12",NA,0,NA,0,0,27,12:43,NA,13,V,CC,"PUNT,3,12:43,12","PUNT,3,11:06,15",3,3,1:37,PUNT,3,12:43,CC12,PUNT,3,11:06,CC15,NA
2021_13_CC_FG,CC,FG,Cologne Centurions,Frankfurt Galaxy,9/11/2021,Frankfurt,PSD Bank Arena,14:45,NA,Y,-,0,22 degr.,SW10km/h,rainy,K. Walentynow.,J. Poschlod,E. Walentynow.,F. Pachulski,P. Simon,S. Hameder,A. Sourdrille,CC,1,10,CC12,"V,1,10,V12","13,2,114","PASS:12,C,5,V13 TACK:43",J. Weinreich pass complete to P. Lenhardt for 1 yard to the CC13 (J. Silva Gomez).,"V,2,9,V13",pass,0,NA,0,0,27,NA,NA,13,V,CC,"PUNT,3,12:43,12","PUNT,3,11:06,15",3,3,1:37,PUNT,3,12:43,CC12,PUNT,3,11:06,CC15,NA
2021_13_CC_FG,CC,FG,Cologne Centurions,Frankfurt Galaxy,9/11/2021,Frankfurt,PSD Bank Arena,14:45,NA,Y,-,0,22 degr.,SW10km/h,rainy,K. Walentynow.,J. Poschlod,E. Walentynow.,F. Pachulski,P. Simon,S. Hameder,A. Sourdrille,CC,2,9,CC13,"V,2,9,V13","13,3,115","PASS:12,I,1,*",J. Weinreich pass incomplete to Q. Pounds.,"V,3,9,V13",pass,0,NA,0,0,27,NA,NA,13,V,CC,"PUNT,3,12:43,12","PUNT,3,11:06,15",3,3,1:37,PUNT,3,12:43,CC12,PUNT,3,11:06,CC15,NA
2021_13_CC_FG,CC,FG,Cologne Centurions,Frankfurt Galaxy,9/11/2021,Frankfurt,PSD Bank Arena,14:45,NA,Y,-,0,22 degr.,SW10km/h,rainy,K. Walentynow.,J. Poschlod,E. Walentynow.,F. Pachulski,P. Simon,S. Hameder,A. Sourdrille,CC,3,9,CC13,"V,3,9,V13","13,4,116","PASS:12,C,1,V15 TACK:41,48",J. Weinreich pass complete to Q. Pounds for 2 yards to the CC15 (S. Gauthier;N. Knoblauch).,"V,4,7,V15",pass,0,NA,0,0,27,NA,NA,13,V,CC,"PUNT,3,12:43,12","PUNT,3,11:06,15",3,3,1:37,PUNT,3,12:43,CC12,PUNT,3,11:06,CC15,NA
2021_13_CC_FG,CC,FG,Cologne Centurions,Frankfurt Galaxy,9/11/2021,Frankfurt,PSD Bank Arena,14:45,NA,Y,-,0,22 degr.,SW10km/h,rainy,K. Walentynow.,J. Poschlod,E. Walentynow.,F. Pachulski,P. Simon,S. Hameder,A. Sourdrille,CC,4,7,CC15,"V,4,7,V15","13,5,117","PUNT:81,H45 RET:10,H43 FORCE:21 FUMB:V,H43,21","V. Roediger punt 40 yards to the FG45, O. Williams return -2 yards to the FG43, fumble forced by S. Vogel, fumble by O. Williams recovered by CC S. Vogel at FG43.","V,1,10,H43",punt,0,NA,0,0,27,NA,F,13,V,CC,"PUNT,3,12:43,12","PUNT,3,11:06,15",3,3,1:37,PUNT,3,12:43,CC12,PUNT,3,11:06,CC15,NA
2021_13_CC_FG,CC,FG,Cologne Centurions,Frankfurt Galaxy,9/11/2021,Frankfurt,PSD Bank Arena,14:45,NA,Y,-,0,22 degr.,SW10km/h,rainy,K. Walentynow.,J. Poschlod,E. Walentynow.,F. Pachulski,P. Simon,S. Hameder,A. Sourdrille,CC,1,10,FG43,"V,1,10,H43","15,1,118",{DRIVE}:11:06,COLOGNE CENTURIONS drive start at 11:06.,"V,1,10,H43",NA,0,NA,0,0,27,11:06,NA,15,V,CC,"FUMB,3,11:06,57","DOWNS,3,07:03,87",7,30,4:03,FUMB,3,11:06,FG43,DOWNS,3,07:03,FG13,1
2021_13_CC_FG,CC,FG,Cologne Centurions,Frankfurt Galaxy,9/11/2021,Frankfurt,PSD Bank Arena,14:45,NA,Y,-,0,22 degr.,SW10km/h,rainy,K. Walentynow.,J. Poschlod,E. Walentynow.,F. Pachulski,P. Simon,S. Hameder,A. Sourdrille,CC,1,10,FG43,"V,1,10,H43","15,2,119","RUSH:28,H40, TACK:43,48",M. London rush for 3 yards to the FG40 (J. Silva Gomez;N. Knoblauch).,"V,2,7,H40",rush,0,NA,0,0,27,NA,NA,15,V,CC,"FUMB,3,11:06,57","DOWNS,3,07:03,87",7,30,4:03,FUMB,3,11:06,FG43,DOWNS,3,07:03,FG13,1
2021_13_CC_FG,CC,FG,Cologne Centurions,Frankfurt Galaxy,9/11/2021,Frankfurt,PSD Bank Arena,14:45,NA,Y,-,0,22 degr.,SW10km/h,rainy,K. Walentynow.,J. Poschlod,E. Walentynow.,F. Pachulski,P. Simon,S. Hameder,A. Sourdrille,CC,2,7,FG40,"V,2,7,H40","15,3,120","RUSH:28,H33, TACK:14,90","M. London rush for 7 yards to the FG33, 1ST DOWN CC (J. Poznanski;M. Hor).","V,1,10,H33",rush,0,rush,0,0,27,NA,NA,15,V,CC,"FUMB,3,11:06,57","DOWNS,3,07:03,87",7,30,4:03,FUMB,3,11:06,FG43,DOWNS,3,07:03,FG13,1
2021_13_CC_FG,CC,FG,Cologne Centurions,Frankfurt Galaxy,9/11/2021,Frankfurt,PSD Bank Arena,14:45,NA,Y,-,0,22 degr.,SW10km/h,rainy,K. Walentynow.,J. Poschlod,E. Walentynow.,F. Pachulski,P. Simon,S. Hameder,A. Sourdrille,CC,1,10,FG33,"V,1,10,H33","15,4,121","RUSH:28,H17, TACK:56","M. London rush for 16 yards to the FG17, 1ST DOWN CC (S. Silva Gomez).","V,1,10,H17",rush,0,rush,0,0,27,NA,NA,15,V,CC,"FUMB,3,11:06,57","DOWNS,3,07:03,87",7,30,4:03,FUMB,3,11:06,FG43,DOWNS,3,07:03,FG13,1
2021_13_CC_FG,CC,FG,Cologne Centurions,Frankfurt Galaxy,9/11/2021,Frankfurt,PSD Bank Arena,14:45,NA,Y,-,0,22 degr.,SW10km/h,rainy,K. Walentynow.,J. Poschlod,E. Walentynow.,F. Pachulski,P. Simon,S. Hameder,A. Sourdrille,CC,1,10,FG17,"V,1,10,H17","15,5,122","RUSH:28,H14, TACK:46",M. London rush for 3 yards to the FG14 (O. Ogbevoen).,"V,2,7,H14",rush,0,NA,0,0,27,NA,NA,15,V,CC,"FUMB,3,11:06,57","DOWNS,3,07:03,87",7,30,4:03,FUMB,3,11:06,FG43,DOWNS,3,07:03,FG13,1
2021_13_CC_FG,CC,FG,Cologne Centurions,Frankfurt Galaxy,9/11/2021,Frankfurt,PSD Bank Arena,14:45,NA,Y,-,0,22 degr.,SW10km/h,rainy,K. Walentynow.,J. Poschlod,E. Walentynow.,F. Pachulski,P. Simon,S. Hameder,A. Sourdrille,CC,2,7,FG14,"V,2,7,H14","15,6,123","RUSH:28,H08, TACK:56",M. London rush for 6 yards to the FG8 (S. Silva Gomez).,"V,3,1,H08",rush,0,NA,0,0,27,NA,NA,15,V,CC,"FUMB,3,11:06,57","DOWNS,3,07:03,87",7,30,4:03,FUMB,3,11:06,FG43,DOWNS,3,07:03,FG13,1
2021_13_CC_FG,CC,FG,Cologne Centurions,Frankfurt Galaxy,9/11/2021,Frankfurt,PSD Bank Arena,14:45,NA,Y,-,0,22 degr.,SW10km/h,rainy,K. Walentynow.,J. Poschlod,E. Walentynow.,F. Pachulski,P. Simon,S. Hameder,A. Sourdrille,CC,3,1,FG08,"V,3,1,H08","15,7,124","RUSH:28,H08, TACK:96,41",M. London rush for no gain to the FG8 (M. Sy;S. Gauthier).,"V,4,1,H08",rush,0,NA,0,0,27,NA,NA,15,V,CC,"FUMB,3,11:06,57","DOWNS,3,07:03,87",7,30,4:03,FUMB,3,11:06,FG43,DOWNS,3,07:03,FG13,1
2021_13_CC_FG,CC,FG,Cologne Centurions,Frankfurt Galaxy,9/11/2021,Frankfurt,PSD Bank Arena,14:45,NA,Y,-,0,22 degr.,SW10km/h,rainy,K. Walentynow.,J. Poschlod,E. Walentynow.,F. Pachulski,P. Simon,S. Hameder,A. Sourdrille,CC,4,1,FG08,"V,4,1,H08","15,8,125",TOUT:V T:07:07,"Timeout Cologne Centurions, clock 07:07.","V,4,1,H08",NA,0,NA,0,0,27,07:07,NA,15,V,CC,"FUMB,3,11:06,57","DOWNS,3,07:03,87",7,30,4:03,FUMB,3,11:06,FG43,DOWNS,3,07:03,FG13,1
2021_13_CC_FG,CC,FG,Cologne Centurions,Frankfurt Galaxy,9/11/2021,Frankfurt,PSD Bank Arena,14:45,NA,Y,-,0,22 degr.,SW10km/h,rainy,K. Walentynow.,J. Poschlod,E. Walentynow.,F. Pachulski,P. Simon,S. Hameder,A. Sourdrille,CC,4,1,FG08,"V,4,1,H08","15,9,126","PEN:V,FS,A,43,H13,N",PENALTY CC false start (P. Poetsch) 5 yards to the FG13.,"V,4,6,H13",penalty,0,NA,0,0,27,NA,NA,15,V,CC,"FUMB,3,11:06,57","DOWNS,3,07:03,87",7,30,4:03,FUMB,3,11:06,FG43,DOWNS,3,07:03,FG13,1
2021_13_CC_FG,CC,FG,Cologne Centurions,Frankfurt Galaxy,9/11/2021,Frankfurt,PSD Bank Arena,14:45,NA,Y,-,0,22 degr.,SW10km/h,rainy,K. Walentynow.,J. Poschlod,E. Walentynow.,F. Pachulski,P. Simon,S. Hameder,A. Sourdrille,CC,4,6,FG13,"V,4,6,H13","15,10,127","PASS:12,I,28,*",J. Weinreich pass incomplete to M. London.,"H,1,10,H13",pass,0,NA,0,0,27,NA,NA,15,V,CC,"FUMB,3,11:06,57","DOWNS,3,07:03,87",7,30,4:03,FUMB,3,11:06,FG43,DOWNS,3,07:03,FG13,1
2021_13_CC_FG,CC,FG,Cologne Centurions,Frankfurt Galaxy,9/11/2021,Frankfurt,PSD Bank Arena,14:45,NA,Y,-,0,22 degr.,SW10km/h,rainy,K. Walentynow.,J. Poschlod,E. Walentynow.,F. Pachulski,P. Simon,S. Hameder,A. Sourdrille,FG,1,10,FG13,"H,1,10,H13","16,1,128",{DRIVE}:07:03,FRANKFURT GALAXY drive start at 07:03.,"H,1,10,H13",NA,0,NA,0,0,27,07:03,NA,16,H,FG,"DOWNS,3,07:03,13","TD,3,03:15,100",7,87,3:48,DOWNS,3,07:03,FG13,TD,3,03:15,CC00,NA
2021_13_CC_FG,CC,FG,Cologne Centurions,Frankfurt Galaxy,9/11/2021,Frankfurt,PSD Bank Arena,14:45,NA,Y,-,0,22 degr.,SW10km/h,rainy,K. Walentynow.,J. Poschlod,E. Walentynow.,F. Pachulski,P. Simon,S. Hameder,A. Sourdrille,FG,1,10,FG13,"H,1,10,H13","16,2,129","RUSH:21,H20, TACK:44,8",G. Adams rush for 7 yards to the FG20 (M. Kensy;P. Steffen).,"H,2,3,H20",rush,0,NA,0,0,27,NA,NA,16,H,FG,"DOWNS,3,07:03,13","TD,3,03:15,100",7,87,3:48,DOWNS,3,07:03,FG13,TD,3,03:15,CC00,NA
2021_13_CC_FG,CC,FG,Cologne Centurions,Frankfurt Galaxy,9/11/2021,Frankfurt,PSD Bank Arena,14:45,NA,Y,-,0,22 degr.,SW10km/h,rainy,K. Walentynow.,J. Poschlod,E. Walentynow.,F. Pachulski,P. Simon,S. Hameder,A. Sourdrille,FG,2,3,FG20,"H,2,3,H20","16,3,130","RUSH:33,H26, TACK:91,44","J. Rodney rush for 6 yards to the FG26, 1ST DOWN FG (R. Sellung;M. Kensy).","H,1,10,H26",rush,0,rush,0,0,27,NA,NA,16,H,FG,"DOWNS,3,07:03,13","TD,3,03:15,100",7,87,3:48,DOWNS,3,07:03,FG13,TD,3,03:15,CC00,NA
2021_13_CC_FG,CC,FG,Cologne Centurions,Frankfurt Galaxy,9/11/2021,Frankfurt,PSD Bank Arena,14:45,NA,Y,-,0,22 degr.,SW10km/h,rainy,K. Walentynow.,J. Poschlod,E. Walentynow.,F. Pachulski,P. Simon,S. Hameder,A. Sourdrille,FG,1,10,FG26,"H,1,10,H26","16,4,131","RUSH:33,H31, TACK:44",J. Rodney rush for 5 yards to the FG31 (M. Kensy).,"H,2,5,H31",rush,0,NA,0,0,27,NA,NA,16,H,FG,"DOWNS,3,07:03,13","TD,3,03:15,100",7,87,3:48,DOWNS,3,07:03,FG13,TD,3,03:15,CC00,NA
2021_13_CC_FG,CC,FG,Cologne Centurions,Frankfurt Galaxy,9/11/2021,Frankfurt,PSD Bank Arena,14:45,NA,Y,-,0,22 degr.,SW10km/h,rainy,K. Walentynow.,J. Poschlod,E. Walentynow.,F. Pachulski,P. Simon,S. Hameder,A. Sourdrille,FG,2,5,FG31,"H,2,5,H31","16,5,132","RUSH:33,H25, TACK:44,55",J. Rodney rush for loss of 6 yards to the FG25 (M. Kensy;M. Taylor).,"H,3,11,H25",rush,0,NA,0,0,27,NA,NA,16,H,FG,"DOWNS,3,07:03,13","TD,3,03:15,100",7,87,3:48,DOWNS,3,07:03,FG13,TD,3,03:15,CC00,NA
2021_13_CC_FG,CC,FG,Cologne Centurions,Frankfurt Galaxy,9/11/2021,Frankfurt,PSD Bank Arena,14:45,NA,Y,-,0,22 degr.,SW10km/h,rainy,K. Walentynow.,J. Poschlod,E. Walentynow.,F. Pachulski,P. Simon,S. Hameder,A. Sourdrille,FG,3,11,FG25,"H,3,11,H25","16,6,133","PASS:7,C,82,H36 OB: TACK:9","J. Sullivan pass complete to H. Schwarz for 11 yards to the FG36, 1ST DOWN FG, out-of-bounds (W. Bhikh).","H,1,10,H36",pass,1,pass,0,0,27,NA,NA,16,H,FG,"DOWNS,3,07:03,13","TD,3,03:15,100",7,87,3:48,DOWNS,3,07:03,FG13,TD,3,03:15,CC00,NA
2021_13_CC_FG,CC,FG,Cologne Centurions,Frankfurt Galaxy,9/11/2021,Frankfurt,PSD Bank Arena,14:45,NA,Y,-,0,22 degr.,SW10km/h,rainy,K. Walentynow.,J. Poschlod,E. Walentynow.,F. Pachulski,P. Simon,S. Hameder,A. Sourdrille,FG,1,10,FG36,"H,1,10,H36","16,7,134","RUSH:33,H45, TACK:55",J. Rodney rush for 9 yards to the FG45 (M. Taylor).,"H,2,1,H45",rush,0,NA,0,0,27,NA,NA,16,H,FG,"DOWNS,3,07:03,13","TD,3,03:15,100",7,87,3:48,DOWNS,3,07:03,FG13,TD,3,03:15,CC00,NA
2021_13_CC_FG,CC,FG,Cologne Centurions,Frankfurt Galaxy,9/11/2021,Frankfurt,PSD Bank Arena,14:45,NA,Y,-,0,22 degr.,SW10km/h,rainy,K. Walentynow.,J. Poschlod,E. Walentynow.,F. Pachulski,P. Simon,S. Hameder,A. Sourdrille,FG,2,1,FG45,"H,2,1,H45","16,8,135","PASS:7,C,13,V00 T:03:15","J. Sullivan pass complete to M. Rutsch for 55 yards to the CC0, 1ST DOWN FG, TOUCHDOWN, clock 03:15.","H,1,10,V15",pass,0,pass,1,0,33,03:15,NA,16,H,FG,"DOWNS,3,07:03,13","TD,3,03:15,100",7,87,3:48,DOWNS,3,07:03,FG13,TD,3,03:15,CC00,NA
2021_13_CC_FG,CC,FG,Cologne Centurions,Frankfurt Galaxy,9/11/2021,Frankfurt,PSD Bank Arena,14:45,NA,Y,-,0,22 degr.,SW10km/h,rainy,K. Walentynow.,J. Poschlod,E. Walentynow.,F. Pachulski,P. Simon,S. Hameder,A. Sourdrille,FG,1,10,CC15,"H,1,10,V15","16,9,136","PAT:K,82,M",H. Schwarz kick attempt failed.,"H,1,0,H35",pat,0,NA,0,0,33,NA,NA,16,H,FG,"DOWNS,3,07:03,13","TD,3,03:15,100",7,87,3:48,DOWNS,3,07:03,FG13,TD,3,03:15,CC00,NA
2021_13_CC_FG,CC,FG,Cologne Centurions,Frankfurt Galaxy,9/11/2021,Frankfurt,PSD Bank Arena,14:45,NA,Y,-,0,22 degr.,SW10km/h,rainy,K. Walentynow.,J. Poschlod,E. Walentynow.,F. Pachulski,P. Simon,S. Hameder,A. Sourdrille,FG,1,0,FG35,"H,1,0,H35","16,10,137","KO:19,V00 TB:","N. Strahmann kickoff 65 yards to the CC0, touchback.","V,1,10,V25",kick_off,0,NA,0,0,33,NA,NA,16,H,FG,"DOWNS,3,07:03,13","TD,3,03:15,100",7,87,3:48,DOWNS,3,07:03,FG13,TD,3,03:15,CC00,NA
2021_13_CC_FG,CC,FG,Cologne Centurions,Frankfurt Galaxy,9/11/2021,Frankfurt,PSD Bank Arena,14:45,NA,Y,-,0,22 degr.,SW10km/h,rainy,K. Walentynow.,J. Poschlod,E. Walentynow.,F. Pachulski,P. Simon,S. Hameder,A. Sourdrille,CC,1,10,CC25,"V,1,10,V25","17,1,138",{DRIVE}:03:15,COLOGNE CENTURIONS drive start at 03:15.,"V,1,10,V25",NA,0,NA,0,0,33,03:15,NA,17,V,CC,"KO,3,03:15,25","INT,3,01:40,42",5,17,1:35,KO,3,03:15,CC25,INT,3,01:40,CC42,NA
2021_13_CC_FG,CC,FG,Cologne Centurions,Frankfurt Galaxy,9/11/2021,Frankfurt,PSD Bank Arena,14:45,NA,Y,-,0,22 degr.,SW10km/h,rainy,K. Walentynow.,J. Poschlod,E. Walentynow.,F. Pachulski,P. Simon,S. Hameder,A. Sourdrille,CC,1,10,CC25,"V,1,10,V25","17,2,139",TOUT:H T:03:13,"Timeout Frankfurt Galaxy, clock 03:13.","V,1,10,V25",NA,0,NA,0,0,33,03:13,NA,17,V,CC,"KO,3,03:15,25","INT,3,01:40,42",5,17,1:35,KO,3,03:15,CC25,INT,3,01:40,CC42,NA
2021_13_CC_FG,CC,FG,Cologne Centurions,Frankfurt Galaxy,9/11/2021,Frankfurt,PSD Bank Arena,14:45,NA,Y,-,0,22 degr.,SW10km/h,rainy,K. Walentynow.,J. Poschlod,E. Walentynow.,F. Pachulski,P. Simon,S. Hameder,A. Sourdrille,CC,1,10,CC25,"V,1,10,V25","17,3,140","PASS:12,C,87,V31 TACK:41",J. Weinreich pass complete to F. Eichhorn for 6 yards to the CC31 (S. Gauthier).,"V,2,4,V31",pass,0,NA,0,0,33,NA,NA,17,V,CC,"KO,3,03:15,25","INT,3,01:40,42",5,17,1:35,KO,3,03:15,CC25,INT,3,01:40,CC42,NA
2021_13_CC_FG,CC,FG,Cologne Centurions,Frankfurt Galaxy,9/11/2021,Frankfurt,PSD Bank Arena,14:45,NA,Y,-,0,22 degr.,SW10km/h,rainy,K. Walentynow.,J. Poschlod,E. Walentynow.,F. Pachulski,P. Simon,S. Hameder,A. Sourdrille,CC,2,4,CC31,"V,2,4,V31","17,4,141","RUSH:26,V33, TACK:48,14",A. Frisch rush for 2 yards to the CC33 (N. Knoblauch;J. Poznanski).,"V,3,2,V33",rush,0,NA,0,0,33,NA,NA,17,V,CC,"KO,3,03:15,25","INT,3,01:40,42",5,17,1:35,KO,3,03:15,CC25,INT,3,01:40,CC42,NA
2021_13_CC_FG,CC,FG,Cologne Centurions,Frankfurt Galaxy,9/11/2021,Frankfurt,PSD Bank Arena,14:45,NA,Y,-,0,22 degr.,SW10km/h,rainy,K. Walentynow.,J. Poschlod,E. Walentynow.,F. Pachulski,P. Simon,S. Hameder,A. Sourdrille,CC,3,2,CC33,"V,3,2,V33","17,5,142","RUSH:28,V42, TACK:14","M. London rush for 9 yards to the CC42, 1ST DOWN CC (J. Poznanski).","V,1,10,V42",rush,0,rush,0,0,33,NA,NA,17,V,CC,"KO,3,03:15,25","INT,3,01:40,42",5,17,1:35,KO,3,03:15,CC25,INT,3,01:40,CC42,NA
2021_13_CC_FG,CC,FG,Cologne Centurions,Frankfurt Galaxy,9/11/2021,Frankfurt,PSD Bank Arena,14:45,NA,Y,-,0,22 degr.,SW10km/h,rainy,K. Walentynow.,J. Poschlod,E. Walentynow.,F. Pachulski,P. Simon,S. Hameder,A. Sourdrille,CC,1,10,CC42,"V,1,10,V42","17,6,143","PASS:12,I,5,*",J. Weinreich pass incomplete to P. Lenhardt.,"V,2,10,V42",pass,0,NA,0,0,33,NA,NA,17,V,CC,"KO,3,03:15,25","INT,3,01:40,42",5,17,1:35,KO,3,03:15,CC25,INT,3,01:40,CC42,NA
2021_13_CC_FG,CC,FG,Cologne Centurions,Frankfurt Galaxy,9/11/2021,Frankfurt,PSD Bank Arena,14:45,NA,Y,-,0,22 degr.,SW10km/h,rainy,K. Walentynow.,J. Poschlod,E. Walentynow.,F. Pachulski,P. Simon,S. Hameder,A. Sourdrille,CC,2,10,CC42,"V,2,10,V42","17,7,144","PASS:12,X,18,H45 RET:18,V33 +:41,V31 PEN:H,FP,O PEN:V,TR,O","J. Weinreich pass intercepted by F. Lowery at the FG45, F. Lowery return 22 yards to the CC33, S. Gauthier for 2 yards to the CC31, PENALTY FG illegal forward pass off-setting, PENALTY CC tripping off-setting.","H,1,10,V31",pass,0,NA,0,0,33,NA,I,17,V,CC,"KO,3,03:15,25","INT,3,01:40,42",5,17,1:35,KO,3,03:15,CC25,INT,3,01:40,CC42,NA
2021_13_CC_FG,CC,FG,Cologne Centurions,Frankfurt Galaxy,9/11/2021,Frankfurt,PSD Bank Arena,14:45,NA,Y,-,0,22 degr.,SW10km/h,rainy,K. Walentynow.,J. Poschlod,E. Walentynow.,F. Pachulski,P. Simon,S. Hameder,A. Sourdrille,FG,1,10,CC31,"H,1,10,V31","18,1,145","{DRIVE}:01:40 SPOT:H,V31,Y","FRANKFURT GALAXY drive start at 01:40, FG ball on CC31.","H,1,10,V31",NA,0,NA,0,0,33,01:40,NA,18,H,FG,"INT,3,01:40,69","DOWNS,3,00:11,79",5,10,1:29,INT,3,01:40,CC31,DOWNS,3,00:11,CC21,NA
2021_13_CC_FG,CC,FG,Cologne Centurions,Frankfurt Galaxy,9/11/2021,Frankfurt,PSD Bank Arena,14:45,NA,Y,-,0,22 degr.,SW10km/h,rainy,K. Walentynow.,J. Poschlod,E. Walentynow.,F. Pachulski,P. Simon,S. Hameder,A. Sourdrille,FG,1,10,CC31,"H,1,10,V31","18,2,146","RUSH:22,V21, TACK:23","G. Ameln rush for 10 yards to the CC21, 1ST DOWN FG (T. Janssen).","H,1,10,V21",rush,0,rush,0,0,33,NA,NA,18,H,FG,"INT,3,01:40,69","DOWNS,3,00:11,79",5,10,1:29,INT,3,01:40,CC31,DOWNS,3,00:11,CC21,NA
2021_13_CC_FG,CC,FG,Cologne Centurions,Frankfurt Galaxy,9/11/2021,Frankfurt,PSD Bank Arena,14:45,NA,Y,-,0,22 degr.,SW10km/h,rainy,K. Walentynow.,J. Poschlod,E. Walentynow.,F. Pachulski,P. Simon,S. Hameder,A. Sourdrille,FG,1,10,CC21,"H,1,10,V21","18,3,147","RUSH:22,V21, OB: TACK:44","G. Ameln rush for no gain to the CC21, out-of-bounds (M. Kensy).","H,2,10,V21",rush,1,NA,0,0,33,NA,NA,18,H,FG,"INT,3,01:40,69","DOWNS,3,00:11,79",5,10,1:29,INT,3,01:40,CC31,DOWNS,3,00:11,CC21,NA
2021_13_CC_FG,CC,FG,Cologne Centurions,Frankfurt Galaxy,9/11/2021,Frankfurt,PSD Bank Arena,14:45,NA,Y,-,0,22 degr.,SW10km/h,rainy,K. Walentynow.,J. Poschlod,E. Walentynow.,F. Pachulski,P. Simon,S. Hameder,A. Sourdrille,FG,2,10,CC21,"H,2,10,V21","18,4,148","PASS:6,I,11,* BRUP:9",M. Johannknecht pass incomplete to A. Mahoungou (W. Bhikh).,"H,3,10,V21",pass,0,NA,0,0,33,NA,NA,18,H,FG,"INT,3,01:40,69","DOWNS,3,00:11,79",5,10,1:29,INT,3,01:40,CC31,DOWNS,3,00:11,CC21,NA
2021_13_CC_FG,CC,FG,Cologne Centurions,Frankfurt Galaxy,9/11/2021,Frankfurt,PSD Bank Arena,14:45,NA,Y,-,0,22 degr.,SW10km/h,rainy,K. Walentynow.,J. Poschlod,E. Walentynow.,F. Pachulski,P. Simon,S. Hameder,A. Sourdrille,FG,3,10,CC21,"H,3,10,V21","18,5,149","PASS:6,I,TM,*",M. Johannknecht pass incomplete.,"H,4,10,V21",pass,0,NA,0,0,33,NA,NA,18,H,FG,"INT,3,01:40,69","DOWNS,3,00:11,79",5,10,1:29,INT,3,01:40,CC31,DOWNS,3,00:11,CC21,NA
2021_13_CC_FG,CC,FG,Cologne Centurions,Frankfurt Galaxy,9/11/2021,Frankfurt,PSD Bank Arena,14:45,NA,Y,-,0,22 degr.,SW10km/h,rainy,K. Walentynow.,J. Poschlod,E. Walentynow.,F. Pachulski,P. Simon,S. Hameder,A. Sourdrille,FG,4,10,CC21,"H,4,10,V21","18,6,150","PASS:6,I,82,*",M. Johannknecht pass incomplete to H. Schwarz.,"V,1,10,V21",pass,0,NA,0,0,33,NA,NA,18,H,FG,"INT,3,01:40,69","DOWNS,3,00:11,79",5,10,1:29,INT,3,01:40,CC31,DOWNS,3,00:11,CC21,NA
2021_13_CC_FG,CC,FG,Cologne Centurions,Frankfurt Galaxy,9/11/2021,Frankfurt,PSD Bank Arena,14:45,NA,Y,-,0,22 degr.,SW10km/h,rainy,K. Walentynow.,J. Poschlod,E. Walentynow.,F. Pachulski,P. Simon,S. Hameder,A. Sourdrille,CC,1,10,CC21,"V,1,10,V21","19,1,151",{DRIVE}:00:11,COLOGNE CENTURIONS drive start at 00:11.,"V,1,10,V21",NA,0,NA,0,0,33,00:11,NA,19,V,CC,"DOWNS,3,00:11,21","INT,4,14:45,21",3,0,0:26,DOWNS,3,00:11,CC21,INT,4,14:45,CC21,NA
2021_13_CC_FG,CC,FG,Cologne Centurions,Frankfurt Galaxy,9/11/2021,Frankfurt,PSD Bank Arena,14:45,NA,Y,-,0,22 degr.,SW10km/h,rainy,K. Walentynow.,J. Poschlod,E. Walentynow.,F. Pachulski,P. Simon,S. Hameder,A. Sourdrille,CC,1,10,CC21,"V,1,10,V21","19,2,152","RUSH:28,V21, TACK:55,48",M. London rush for no gain to the CC21 (V. Valasti;N. Knoblauch).,"V,2,10,V21",rush,0,NA,0,0,33,NA,NA,19,V,CC,"DOWNS,3,00:11,21","INT,4,14:45,21",3,0,0:26,DOWNS,3,00:11,CC21,INT,4,14:45,CC21,NA
2021_13_CC_FG,CC,FG,Cologne Centurions,Frankfurt Galaxy,9/11/2021,Frankfurt,PSD Bank Arena,14:45,NA,Y,-,0,22 degr.,SW10km/h,rainy,K. Walentynow.,J. Poschlod,E. Walentynow.,F. Pachulski,P. Simon,S. Hameder,A. Sourdrille,CC,2,10,CC21,"V,2,10,V21","19,3,153",Q:4 T:15:00,"Start of 4th quarter, clock 15:00.","V,2,10,V21",NA,0,NA,0,0,33,15:00,NA,19,V,CC,"DOWNS,3,00:11,21","INT,4,14:45,21",3,0,0:26,DOWNS,3,00:11,CC21,INT,4,14:45,CC21,NA
2021_13_CC_FG,CC,FG,Cologne Centurions,Frankfurt Galaxy,9/11/2021,Frankfurt,PSD Bank Arena,14:45,NA,Y,-,0,22 degr.,SW10km/h,rainy,K. Walentynow.,J. Poschlod,E. Walentynow.,F. Pachulski,P. Simon,S. Hameder,A. Sourdrille,CC,2,10,CC21,"V,2,10,V21","19,4,154","PASS:7,I,81,*",Al. Frisch pass incomplete to V. Roediger.,"V,3,10,V21",pass,0,NA,0,0,33,NA,NA,19,V,CC,"DOWNS,3,00:11,21","INT,4,14:45,21",3,0,0:26,DOWNS,3,00:11,CC21,INT,4,14:45,CC21,NA
2021_13_CC_FG,CC,FG,Cologne Centurions,Frankfurt Galaxy,9/11/2021,Frankfurt,PSD Bank Arena,14:45,NA,Y,-,0,22 degr.,SW10km/h,rainy,K. Walentynow.,J. Poschlod,E. Walentynow.,F. Pachulski,P. Simon,S. Hameder,A. Sourdrille,CC,3,10,CC21,"V,3,10,V21","19,5,155","PASS:7,X,18,V35 RET:18,V12 OB:","Al. Frisch pass intercepted by F. Lowery at the CC35, F. Lowery return 23 yards to the CC12, out-of-bounds.","H,1,10,V12",pass,1,NA,0,0,33,NA,I,19,V,CC,"DOWNS,3,00:11,21","INT,4,14:45,21",3,0,0:26,DOWNS,3,00:11,CC21,INT,4,14:45,CC21,NA
2021_13_CC_FG,CC,FG,Cologne Centurions,Frankfurt Galaxy,9/11/2021,Frankfurt,PSD Bank Arena,14:45,NA,Y,-,0,22 degr.,SW10km/h,rainy,K. Walentynow.,J. Poschlod,E. Walentynow.,F. Pachulski,P. Simon,S. Hameder,A. Sourdrille,FG,1,10,CC12,"H,1,10,V12","20,1,156",{DRIVE}:14:45,FRANKFURT GALAXY drive start at 14:45.,"H,1,10,V12",NA,0,NA,0,0,33,14:45,NA,20,H,FG,"INT,4,14:45,88","FG,4,12:39,93",4,5,2:06,INT,4,14:45,CC12,FG,4,12:39,CC07,1
2021_13_CC_FG,CC,FG,Cologne Centurions,Frankfurt Galaxy,9/11/2021,Frankfurt,PSD Bank Arena,14:45,NA,Y,-,0,22 degr.,SW10km/h,rainy,K. Walentynow.,J. Poschlod,E. Walentynow.,F. Pachulski,P. Simon,S. Hameder,A. Sourdrille,FG,1,10,CC12,"H,1,10,V12","20,2,157","RUSH:33,V08, TACK:55,48",J. Rodney rush for 4 yards to the CC8 (M. Taylor;K. Bongaerts).,"H,2,6,V08",rush,0,NA,0,0,33,NA,NA,20,H,FG,"INT,4,14:45,88","FG,4,12:39,93",4,5,2:06,INT,4,14:45,CC12,FG,4,12:39,CC07,1
2021_13_CC_FG,CC,FG,Cologne Centurions,Frankfurt Galaxy,9/11/2021,Frankfurt,PSD Bank Arena,14:45,NA,Y,-,0,22 degr.,SW10km/h,rainy,K. Walentynow.,J. Poschlod,E. Walentynow.,F. Pachulski,P. Simon,S. Hameder,A. Sourdrille,FG,2,6,CC08,"H,2,6,V08","20,3,158","RUSH:33,V08, TACK:44",J. Rodney rush for no gain to the CC8 (M. Kensy).,"H,3,6,V08",rush,0,NA,0,0,33,NA,NA,20,H,FG,"INT,4,14:45,88","FG,4,12:39,93",4,5,2:06,INT,4,14:45,CC12,FG,4,12:39,CC07,1
2021_13_CC_FG,CC,FG,Cologne Centurions,Frankfurt Galaxy,9/11/2021,Frankfurt,PSD Bank Arena,14:45,NA,Y,-,0,22 degr.,SW10km/h,rainy,K. Walentynow.,J. Poschlod,E. Walentynow.,F. Pachulski,P. Simon,S. Hameder,A. Sourdrille,FG,3,6,CC08,"H,3,6,V08","20,4,159","RUSH:6,V07, TACK:44",M. Johannknecht rush for 1 yard to the CC7 (M. Kensy).,"H,4,5,V07",rush,0,NA,0,0,33,NA,NA,20,H,FG,"INT,4,14:45,88","FG,4,12:39,93",4,5,2:06,INT,4,14:45,CC12,FG,4,12:39,CC07,1
2021_13_CC_FG,CC,FG,Cologne Centurions,Frankfurt Galaxy,9/11/2021,Frankfurt,PSD Bank Arena,14:45,NA,Y,-,0,22 degr.,SW10km/h,rainy,K. Walentynow.,J. Poschlod,E. Walentynow.,F. Pachulski,P. Simon,S. Hameder,A. Sourdrille,FG,4,5,CC07,"H,4,5,V07","20,5,160","FGA:82,25,G T:12:39","H. Schwarz field goal attempt from 25 GOOD, clock 12:39.","H,1,0,H35",field_goal,0,NA,1,0,36,12:39,NA,20,H,FG,"INT,4,14:45,88","FG,4,12:39,93",4,5,2:06,INT,4,14:45,CC12,FG,4,12:39,CC07,1
2021_13_CC_FG,CC,FG,Cologne Centurions,Frankfurt Galaxy,9/11/2021,Frankfurt,PSD Bank Arena,14:45,NA,Y,-,0,22 degr.,SW10km/h,rainy,K. Walentynow.,J. Poschlod,E. Walentynow.,F. Pachulski,P. Simon,S. Hameder,A. Sourdrille,FG,1,0,FG35,"H,1,0,H35","20,6,161","KO:19,V01 RET:5,V28 TACK:85","N. Strahmann kickoff 64 yards to the CC1, P. Lenhardt return 27 yards to the CC28 (M. Hachenberg).","V,1,10,V28",kick_off,0,NA,0,0,36,NA,NA,20,H,FG,"INT,4,14:45,88","FG,4,12:39,93",4,5,2:06,INT,4,14:45,CC12,FG,4,12:39,CC07,1
2021_13_CC_FG,CC,FG,Cologne Centurions,Frankfurt Galaxy,9/11/2021,Frankfurt,PSD Bank Arena,14:45,NA,Y,-,0,22 degr.,SW10km/h,rainy,K. Walentynow.,J. Poschlod,E. Walentynow.,F. Pachulski,P. Simon,S. Hameder,A. Sourdrille,CC,1,10,CC28,"V,1,10,V28","21,1,162",{DRIVE}:12:33,COLOGNE CENTURIONS drive start at 12:33.,"V,1,10,V28",NA,0,NA,0,0,36,12:33,NA,21,V,CC,"KO,4,12:33,98","TD,4,08:45,98",8,0,3:48,KO,4,12:33,FG02,TD,4,08:45,FG02,1
2021_13_CC_FG,CC,FG,Cologne Centurions,Frankfurt Galaxy,9/11/2021,Frankfurt,PSD Bank Arena,14:45,NA,Y,-,0,22 degr.,SW10km/h,rainy,K. Walentynow.,J. Poschlod,E. Walentynow.,F. Pachulski,P. Simon,S. Hameder,A. Sourdrille,CC,1,10,CC28,"V,1,10,V28","21,2,163","RUSH:28,H41, TACK:14","M. London rush for 31 yards to the FG41, 1ST DOWN CC (J. Poznanski).","V,1,10,H41",rush,0,rush,0,0,36,NA,NA,21,V,CC,"KO,4,12:33,98","TD,4,08:45,98",8,0,3:48,KO,4,12:33,FG02,TD,4,08:45,FG02,1
2021_13_CC_FG,CC,FG,Cologne Centurions,Frankfurt Galaxy,9/11/2021,Frankfurt,PSD Bank Arena,14:45,NA,Y,-,0,22 degr.,SW10km/h,rainy,K. Walentynow.,J. Poschlod,E. Walentynow.,F. Pachulski,P. Simon,S. Hameder,A. Sourdrille,CC,1,10,FG41,"V,1,10,H41","21,3,164","RUSH:28,H36, TACK:48",M. London rush for 5 yards to the FG36 (N. Knoblauch).,"V,2,5,H36",rush,0,NA,0,0,36,NA,NA,21,V,CC,"KO,4,12:33,98","TD,4,08:45,98",8,0,3:48,KO,4,12:33,FG02,TD,4,08:45,FG02,1
2021_13_CC_FG,CC,FG,Cologne Centurions,Frankfurt Galaxy,9/11/2021,Frankfurt,PSD Bank Arena,14:45,NA,Y,-,0,22 degr.,SW10km/h,rainy,K. Walentynow.,J. Poschlod,E. Walentynow.,F. Pachulski,P. Simon,S. Hameder,A. Sourdrille,CC,2,5,FG36,"V,2,5,H36","21,4,165","PASS:7,I,13,*",Al. Frisch pass incomplete to J. Loercks.,"V,3,5,H36",pass,0,NA,0,0,36,NA,NA,21,V,CC,"KO,4,12:33,98","TD,4,08:45,98",8,0,3:48,KO,4,12:33,FG02,TD,4,08:45,FG02,1
2021_13_CC_FG,CC,FG,Cologne Centurions,Frankfurt Galaxy,9/11/2021,Frankfurt,PSD Bank Arena,14:45,NA,Y,-,0,22 degr.,SW10km/h,rainy,K. Walentynow.,J. Poschlod,E. Walentynow.,F. Pachulski,P. Simon,S. Hameder,A. Sourdrille,CC,3,5,FG36,"V,3,5,H36","21,5,166","RUSH:28,H16, TACK:25,41","M. London rush for 20 yards to the FG16, 1ST DOWN CC (B. Barnes;S. Gauthier).","V,1,10,H16",rush,0,rush,0,0,36,NA,NA,21,V,CC,"KO,4,12:33,98","TD,4,08:45,98",8,0,3:48,KO,4,12:33,FG02,TD,4,08:45,FG02,1
2021_13_CC_FG,CC,FG,Cologne Centurions,Frankfurt Galaxy,9/11/2021,Frankfurt,PSD Bank Arena,14:45,NA,Y,-,0,22 degr.,SW10km/h,rainy,K. Walentynow.,J. Poschlod,E. Walentynow.,F. Pachulski,P. Simon,S. Hameder,A. Sourdrille,CC,1,10,FG16,"V,1,10,H16","21,6,167","RUSH:28,H14, TACK:14,46",M. London rush for 2 yards to the FG14 (J. Poznanski;O. Ogbevoen).,"V,2,8,H14",rush,0,NA,0,0,36,NA,NA,21,V,CC,"KO,4,12:33,98","TD,4,08:45,98",8,0,3:48,KO,4,12:33,FG02,TD,4,08:45,FG02,1
2021_13_CC_FG,CC,FG,Cologne Centurions,Frankfurt Galaxy,9/11/2021,Frankfurt,PSD Bank Arena,14:45,NA,Y,-,0,22 degr.,SW10km/h,rainy,K. Walentynow.,J. Poschlod,E. Walentynow.,F. Pachulski,P. Simon,S. Hameder,A. Sourdrille,CC,2,8,FG14,"V,2,8,H14","21,7,168","RUSH:26,H05, TACK:18","A. Frisch rush for 9 yards to the FG5, 1ST DOWN CC (F. Lowery).","V,1,0,H05",rush,0,rush,0,0,36,NA,NA,21,V,CC,"KO,4,12:33,98","TD,4,08:45,98",8,0,3:48,KO,4,12:33,FG02,TD,4,08:45,FG02,1
2021_13_CC_FG,CC,FG,Cologne Centurions,Frankfurt Galaxy,9/11/2021,Frankfurt,PSD Bank Arena,14:45,NA,Y,-,0,22 degr.,SW10km/h,rainy,K. Walentynow.,J. Poschlod,E. Walentynow.,F. Pachulski,P. Simon,S. Hameder,A. Sourdrille,CC,1,0,FG05,"V,1,0,H05","21,8,169","RUSH:28,H03, TACK:55,42",M. London rush for 2 yards to the FG3 (V. Valasti;M. Ebsen).,"V,2,0,H03",rush,0,NA,0,0,36,NA,NA,21,V,CC,"KO,4,12:33,98","TD,4,08:45,98",8,0,3:48,KO,4,12:33,FG02,TD,4,08:45,FG02,1
2021_13_CC_FG,CC,FG,Cologne Centurions,Frankfurt Galaxy,9/11/2021,Frankfurt,PSD Bank Arena,14:45,NA,Y,-,0,22 degr.,SW10km/h,rainy,K. Walentynow.,J. Poschlod,E. Walentynow.,F. Pachulski,P. Simon,S. Hameder,A. Sourdrille,CC,2,0,FG03,"V,2,0,H03","21,9,170","RUSH:28,H00, T:08:45","M. London rush for 3 yards to the FG0, 1ST DOWN CC, TOUCHDOWN, clock 08:45.","V,1,10,H15",rush,0,rush,1,6,36,08:45,NA,21,V,CC,"KO,4,12:33,98","TD,4,08:45,98",8,0,3:48,KO,4,12:33,FG02,TD,4,08:45,FG02,1
2021_13_CC_FG,CC,FG,Cologne Centurions,Frankfurt Galaxy,9/11/2021,Frankfurt,PSD Bank Arena,14:45,NA,Y,-,0,22 degr.,SW10km/h,rainy,K. Walentynow.,J. Poschlod,E. Walentynow.,F. Pachulski,P. Simon,S. Hameder,A. Sourdrille,CC,1,10,FG15,"V,1,10,H15","21,10,171",TOUT:H T:08:45,"Timeout Frankfurt Galaxy, clock 08:45.","V,1,10,H15",NA,0,NA,0,6,36,08:45,NA,21,V,CC,"KO,4,12:33,98","TD,4,08:45,98",8,0,3:48,KO,4,12:33,FG02,TD,4,08:45,FG02,1
2021_13_CC_FG,CC,FG,Cologne Centurions,Frankfurt Galaxy,9/11/2021,Frankfurt,PSD Bank Arena,14:45,NA,Y,-,0,22 degr.,SW10km/h,rainy,K. Walentynow.,J. Poschlod,E. Walentynow.,F. Pachulski,P. Simon,S. Hameder,A. Sourdrille,CC,1,10,FG15,"V,1,10,H15","21,11,172","SPOT:V,H02,Y PAT:P,6,M","CC ball on FG2, J. Nowak pass attempt failed.","V,1,0,V35",pat,0,NA,0,6,36,NA,NA,21,V,CC,"KO,4,12:33,98","TD,4,08:45,98",8,0,3:48,KO,4,12:33,FG02,TD,4,08:45,FG02,1
2021_13_CC_FG,CC,FG,Cologne Centurions,Frankfurt Galaxy,9/11/2021,Frankfurt,PSD Bank Arena,14:45,NA,Y,-,0,22 degr.,SW10km/h,rainy,K. Walentynow.,J. Poschlod,E. Walentynow.,F. Pachulski,P. Simon,S. Hameder,A. Sourdrille,CC,1,0,CC35,"V,1,0,V35","21,12,173","KO:2,H06 RET:22,H13","D. Schuhmacher kickoff 59 yards to the FG6, G. Ameln return 7 yards to the FG13.","H,1,10,H13",kick_off,0,NA,0,6,36,NA,NA,21,V,CC,"KO,4,12:33,98","TD,4,08:45,98",8,0,3:48,KO,4,12:33,FG02,TD,4,08:45,FG02,1
2021_13_CC_FG,CC,FG,Cologne Centurions,Frankfurt Galaxy,9/11/2021,Frankfurt,PSD Bank Arena,14:45,NA,Y,-,0,22 degr.,SW10km/h,rainy,K. Walentynow.,J. Poschlod,E. Walentynow.,F. Pachulski,P. Simon,S. Hameder,A. Sourdrille,FG,1,10,FG13,"H,1,10,H13","22,1,174",{DRIVE}:08:42,FRANKFURT GALAXY drive start at 08:42.,"H,1,10,H13",NA,0,NA,0,6,36,08:42,NA,22,H,FG,"KO,4,08:42,13","INT,4,07:13,37",4,24,1:29,KO,4,08:42,FG13,INT,4,07:13,FG37,NA
2021_13_CC_FG,CC,FG,Cologne Centurions,Frankfurt Galaxy,9/11/2021,Frankfurt,PSD Bank Arena,14:45,NA,Y,-,0,22 degr.,SW10km/h,rainy,K. Walentynow.,J. Poschlod,E. Walentynow.,F. Pachulski,P. Simon,S. Hameder,A. Sourdrille,FG,1,10,FG13,"H,1,10,H13","22,2,175","RUSH:22,H12, TACK:21,94",G. Ameln rush for loss of 1 yard to the FG12 (S. Vogel;B. Cerimagic).,"H,2,11,H12",rush,0,NA,0,6,36,NA,NA,22,H,FG,"KO,4,08:42,13","INT,4,07:13,37",4,24,1:29,KO,4,08:42,FG13,INT,4,07:13,FG37,NA
2021_13_CC_FG,CC,FG,Cologne Centurions,Frankfurt Galaxy,9/11/2021,Frankfurt,PSD Bank Arena,14:45,NA,Y,-,0,22 degr.,SW10km/h,rainy,K. Walentynow.,J. Poschlod,E. Walentynow.,F. Pachulski,P. Simon,S. Hameder,A. Sourdrille,FG,2,11,FG12,"H,2,11,H12","22,3,176","PASS:6,I,TM,* BRUP:94",M. Johannknecht pass incomplete (B. Cerimagic).,"H,3,11,H12",pass,0,NA,0,6,36,NA,NA,22,H,FG,"KO,4,08:42,13","INT,4,07:13,37",4,24,1:29,KO,4,08:42,FG13,INT,4,07:13,FG37,NA
2021_13_CC_FG,CC,FG,Cologne Centurions,Frankfurt Galaxy,9/11/2021,Frankfurt,PSD Bank Arena,14:45,NA,Y,-,0,22 degr.,SW10km/h,rainy,K. Walentynow.,J. Poschlod,E. Walentynow.,F. Pachulski,P. Simon,S. Hameder,A. Sourdrille,FG,3,11,FG12,"H,3,11,H12","22,4,177","PASS:6,C,84,H37 TACK:30","M. Johannknecht pass complete to C. Sow for 25 yards to the FG37, 1ST DOWN FG (M. Mbaye).","H,1,10,H37",pass,0,pass,0,6,36,NA,NA,22,H,FG,"KO,4,08:42,13","INT,4,07:13,37",4,24,1:29,KO,4,08:42,FG13,INT,4,07:13,FG37,NA
2021_13_CC_FG,CC,FG,Cologne Centurions,Frankfurt Galaxy,9/11/2021,Frankfurt,PSD Bank Arena,14:45,NA,Y,-,0,22 degr.,SW10km/h,rainy,K. Walentynow.,J. Poschlod,E. Walentynow.,F. Pachulski,P. Simon,S. Hameder,A. Sourdrille,FG,1,10,FG37,"H,1,10,H37","22,5,178","PASS:6,X,30,H50 RET:30,H48 TACK:84","M. Johannknecht pass intercepted by M. Mbaye at the 50 yardline, M. Mbaye return 2 yards to the FG48 (C. Sow).","V,1,10,H48",pass,0,NA,0,6,36,NA,I,22,H,FG,"KO,4,08:42,13","INT,4,07:13,37",4,24,1:29,KO,4,08:42,FG13,INT,4,07:13,FG37,NA
2021_13_CC_FG,CC,FG,Cologne Centurions,Frankfurt Galaxy,9/11/2021,Frankfurt,PSD Bank Arena,14:45,NA,Y,-,0,22 degr.,SW10km/h,rainy,K. Walentynow.,J. Poschlod,E. Walentynow.,F. Pachulski,P. Simon,S. Hameder,A. Sourdrille,CC,1,10,FG48,"V,1,10,H48","23,1,179",{DRIVE}:07:13,COLOGNE CENTURIONS drive start at 07:13.,"V,1,10,H48",NA,0,NA,0,6,36,07:13,NA,23,V,CC,"INT,4,07:13,52","DOWNS,4,04:02,72",6,20,3:11,INT,4,07:13,FG48,DOWNS,4,04:02,FG28,NA
2021_13_CC_FG,CC,FG,Cologne Centurions,Frankfurt Galaxy,9/11/2021,Frankfurt,PSD Bank Arena,14:45,NA,Y,-,0,22 degr.,SW10km/h,rainy,K. Walentynow.,J. Poschlod,E. Walentynow.,F. Pachulski,P. Simon,S. Hameder,A. Sourdrille,CC,1,10,FG48,"V,1,10,H48","23,2,180","RUSH:28,H48, TACK:90",M. London rush for no gain to the FG48 (M. Hor).,"V,2,10,H48",rush,0,NA,0,6,36,NA,NA,23,V,CC,"INT,4,07:13,52","DOWNS,4,04:02,72",6,20,3:11,INT,4,07:13,FG48,DOWNS,4,04:02,FG28,NA
2021_13_CC_FG,CC,FG,Cologne Centurions,Frankfurt Galaxy,9/11/2021,Frankfurt,PSD Bank Arena,14:45,NA,Y,-,0,22 degr.,SW10km/h,rainy,K. Walentynow.,J. Poschlod,E. Walentynow.,F. Pachulski,P. Simon,S. Hameder,A. Sourdrille,CC,2,10,FG48,"V,2,10,H48","23,3,181","PASS:7,I,13,*",Al. Frisch pass incomplete to J. Loercks.,"V,3,10,H48",pass,0,NA,0,6,36,NA,NA,23,V,CC,"INT,4,07:13,52","DOWNS,4,04:02,72",6,20,3:11,INT,4,07:13,FG48,DOWNS,4,04:02,FG28,NA
2021_13_CC_FG,CC,FG,Cologne Centurions,Frankfurt Galaxy,9/11/2021,Frankfurt,PSD Bank Arena,14:45,NA,Y,-,0,22 degr.,SW10km/h,rainy,K. Walentynow.,J. Poschlod,E. Walentynow.,F. Pachulski,P. Simon,S. Hameder,A. Sourdrille,CC,3,10,FG48,"V,3,10,H48","23,4,182","PASS:7,I,TM,* BRUP:30 PEN:H,RP,A,56,H33,N NOPLAY:","Al. Frisch pass incomplete (F. Reuter), PENALTY FG roughing passer (S. Silva Gomez) 15 yards to the FG33, 1ST DOWN CC, NO PLAY.","V,1,10,H33",penalty,0,penalty,0,6,36,NA,NA,23,V,CC,"INT,4,07:13,52","DOWNS,4,04:02,72",6,20,3:11,INT,4,07:13,FG48,DOWNS,4,04:02,FG28,NA
2021_13_CC_FG,CC,FG,Cologne Centurions,Frankfurt Galaxy,9/11/2021,Frankfurt,PSD Bank Arena,14:45,NA,Y,-,0,22 degr.,SW10km/h,rainy,K. Walentynow.,J. Poschlod,E. Walentynow.,F. Pachulski,P. Simon,S. Hameder,A. Sourdrille,CC,1,10,FG33,"V,1,10,H33","23,5,183","RUSH:28,H31, TACK:57,48",M. London rush for 2 yards to the FG31 (M. Krauss;N. Knoblauch).,"V,2,8,H31",rush,0,NA,0,6,36,NA,NA,23,V,CC,"INT,4,07:13,52","DOWNS,4,04:02,72",6,20,3:11,INT,4,07:13,FG48,DOWNS,4,04:02,FG28,NA
2021_13_CC_FG,CC,FG,Cologne Centurions,Frankfurt Galaxy,9/11/2021,Frankfurt,PSD Bank Arena,14:45,NA,Y,-,0,22 degr.,SW10km/h,rainy,K. Walentynow.,J. Poschlod,E. Walentynow.,F. Pachulski,P. Simon,S. Hameder,A. Sourdrille,CC,2,8,FG31,"V,2,8,H31","23,6,184","RUSH:28,H30, TACK:99,43",M. London rush for 1 yard to the FG30 (K. Maier;J. Silva Gomez).,"V,3,7,H30",rush,0,NA,0,6,36,NA,NA,23,V,CC,"INT,4,07:13,52","DOWNS,4,04:02,72",6,20,3:11,INT,4,07:13,FG48,DOWNS,4,04:02,FG28,NA
2021_13_CC_FG,CC,FG,Cologne Centurions,Frankfurt Galaxy,9/11/2021,Frankfurt,PSD Bank Arena,14:45,NA,Y,-,0,22 degr.,SW10km/h,rainy,K. Walentynow.,J. Poschlod,E. Walentynow.,F. Pachulski,P. Simon,S. Hameder,A. Sourdrille,CC,3,7,FG30,"V,3,7,H30","23,7,185","RUSH:28,H30, TACK:99",M. London rush for no gain to the FG30 (K. Maier).,"V,4,7,H30",rush,0,NA,0,6,36,NA,NA,23,V,CC,"INT,4,07:13,52","DOWNS,4,04:02,72",6,20,3:11,INT,4,07:13,FG48,DOWNS,4,04:02,FG28,NA
2021_13_CC_FG,CC,FG,Cologne Centurions,Frankfurt Galaxy,9/11/2021,Frankfurt,PSD Bank Arena,14:45,NA,Y,-,0,22 degr.,SW10km/h,rainy,K. Walentynow.,J. Poschlod,E. Walentynow.,F. Pachulski,P. Simon,S. Hameder,A. Sourdrille,CC,4,7,FG30,"V,4,7,H30","23,8,186","PASS:7,C,13,H28 TACK:63,57",Al. Frisch pass complete to J. Loercks for 2 yards to the FG28 (N. Werle;M. Krauss).,"H,1,10,H28",pass,0,NA,0,6,36,NA,NA,23,V,CC,"INT,4,07:13,52","DOWNS,4,04:02,72",6,20,3:11,INT,4,07:13,FG48,DOWNS,4,04:02,FG28,NA
2021_13_CC_FG,CC,FG,Cologne Centurions,Frankfurt Galaxy,9/11/2021,Frankfurt,PSD Bank Arena,14:45,NA,Y,-,0,22 degr.,SW10km/h,rainy,K. Walentynow.,J. Poschlod,E. Walentynow.,F. Pachulski,P. Simon,S. Hameder,A. Sourdrille,FG,1,10,FG28,"H,1,10,H28","24,1,187",{DRIVE}:04:02,FRANKFURT GALAXY drive start at 04:02.,"H,1,10,H28",NA,0,NA,0,6,36,04:02,NA,24,H,FG,"DOWNS,4,04:02,28","FUMB,4,03:52,38",1,10,0:10,DOWNS,4,04:02,FG28,FUMB,4,03:52,FG38,NA
2021_13_CC_FG,CC,FG,Cologne Centurions,Frankfurt Galaxy,9/11/2021,Frankfurt,PSD Bank Arena,14:45,NA,Y,-,0,22 degr.,SW10km/h,rainy,K. Walentynow.,J. Poschlod,E. Walentynow.,F. Pachulski,P. Simon,S. Hameder,A. Sourdrille,FG,1,10,FG28,"H,1,10,H28","24,2,188","RUSH:22,H38, FORCE:24 FUMB:V,H38,24 +:24,H32 TACK:83","G. Ameln rush for 10 yards to the FG38, fumble forced by D. Jacobs, fumble by G. Ameln recovered by CC D. Jacobs at FG38, D. Jacobs for 6 yards to the FG32 (L. Sack).","V,1,10,H32",rush,0,NA,0,6,36,NA,F,24,H,FG,"DOWNS,4,04:02,28","FUMB,4,03:52,38",1,10,0:10,DOWNS,4,04:02,FG28,FUMB,4,03:52,FG38,NA
2021_13_CC_FG,CC,FG,Cologne Centurions,Frankfurt Galaxy,9/11/2021,Frankfurt,PSD Bank Arena,14:45,NA,Y,-,0,22 degr.,SW10km/h,rainy,K. Walentynow.,J. Poschlod,E. Walentynow.,F. Pachulski,P. Simon,S. Hameder,A. Sourdrille,CC,1,10,FG32,"V,1,10,H32","25,1,189","{DRIVE}:03:52 SPOT:V,H32,Y","COLOGNE CENTURIONS drive start at 03:52, CC ball on FG32.","V,1,10,H32",NA,0,NA,0,6,36,03:52,NA,25,V,CC,"FUMB,4,03:52,68","DOWNS,4,02:19,67",4,-1,1:33,FUMB,4,03:52,FG32,DOWNS,4,02:19,FG33,NA
2021_13_CC_FG,CC,FG,Cologne Centurions,Frankfurt Galaxy,9/11/2021,Frankfurt,PSD Bank Arena,14:45,NA,Y,-,0,22 degr.,SW10km/h,rainy,K. Walentynow.,J. Poschlod,E. Walentynow.,F. Pachulski,P. Simon,S. Hameder,A. Sourdrille,CC,1,10,FG32,"V,1,10,H32","25,2,190","RUSH:26,H29, TACK:94,57",A. Frisch rush for 3 yards to the FG29 (C. Udegbe;M. Krauss).,"V,2,7,H29",rush,0,NA,0,6,36,NA,NA,25,V,CC,"FUMB,4,03:52,68","DOWNS,4,02:19,67",4,-1,1:33,FUMB,4,03:52,FG32,DOWNS,4,02:19,FG33,NA
2021_13_CC_FG,CC,FG,Cologne Centurions,Frankfurt Galaxy,9/11/2021,Frankfurt,PSD Bank Arena,14:45,NA,Y,-,0,22 degr.,SW10km/h,rainy,K. Walentynow.,J. Poschlod,E. Walentynow.,F. Pachulski,P. Simon,S. Hameder,A. Sourdrille,CC,2,7,FG29,"V,2,7,H29","25,3,191","RUSH:26,H33, TACK:94",A. Frisch rush for loss of 4 yards to the FG33 (C. Udegbe).,"V,3,11,H33",rush,0,NA,0,6,36,NA,NA,25,V,CC,"FUMB,4,03:52,68","DOWNS,4,02:19,67",4,-1,1:33,FUMB,4,03:52,FG32,DOWNS,4,02:19,FG33,NA
2021_13_CC_FG,CC,FG,Cologne Centurions,Frankfurt Galaxy,9/11/2021,Frankfurt,PSD Bank Arena,14:45,NA,Y,-,0,22 degr.,SW10km/h,rainy,K. Walentynow.,J. Poschlod,E. Walentynow.,F. Pachulski,P. Simon,S. Hameder,A. Sourdrille,CC,3,11,FG33,"V,3,11,H33","25,4,192","PASS:7,I,TM,* BRUP:30",Al. Frisch pass incomplete (F. Reuter).,"V,4,11,H33",pass,0,NA,0,6,36,NA,NA,25,V,CC,"FUMB,4,03:52,68","DOWNS,4,02:19,67",4,-1,1:33,FUMB,4,03:52,FG32,DOWNS,4,02:19,FG33,NA
2021_13_CC_FG,CC,FG,Cologne Centurions,Frankfurt Galaxy,9/11/2021,Frankfurt,PSD Bank Arena,14:45,NA,Y,-,0,22 degr.,SW10km/h,rainy,K. Walentynow.,J. Poschlod,E. Walentynow.,F. Pachulski,P. Simon,S. Hameder,A. Sourdrille,CC,4,11,FG33,"V,4,11,H33","25,5,193","PASS:7,I,18,* BRUP:18",Al. Frisch pass incomplete to K. Schiffer (F. Lowery).,"H,1,10,H33",pass,0,NA,0,6,36,NA,NA,25,V,CC,"FUMB,4,03:52,68","DOWNS,4,02:19,67",4,-1,1:33,FUMB,4,03:52,FG32,DOWNS,4,02:19,FG33,NA
2021_13_CC_FG,CC,FG,Cologne Centurions,Frankfurt Galaxy,9/11/2021,Frankfurt,PSD Bank Arena,14:45,NA,Y,-,0,22 degr.,SW10km/h,rainy,K. Walentynow.,J. Poschlod,E. Walentynow.,F. Pachulski,P. Simon,S. Hameder,A. Sourdrille,FG,1,10,FG33,"H,1,10,H33","26,1,194",{DRIVE}:02:19,FRANKFURT GALAXY drive start at 02:19.,"H,1,10,H33",NA,0,NA,0,6,36,02:19,NA,26,H,FG,"DOWNS,4,02:19,33","PUNT,4,01:50,29",3,-4,0:29,DOWNS,4,02:19,FG33,PUNT,4,01:50,FG29,NA
2021_13_CC_FG,CC,FG,Cologne Centurions,Frankfurt Galaxy,9/11/2021,Frankfurt,PSD Bank Arena,14:45,NA,Y,-,0,22 degr.,SW10km/h,rainy,K. Walentynow.,J. Poschlod,E. Walentynow.,F. Pachulski,P. Simon,S. Hameder,A. Sourdrille,FG,1,10,FG33,"H,1,10,H33","26,2,195","PASS:6,I,TM,*",M. Johannknecht pass incomplete.,"H,2,10,H33",pass,0,NA,0,6,36,NA,NA,26,H,FG,"DOWNS,4,02:19,33","PUNT,4,01:50,29",3,-4,0:29,DOWNS,4,02:19,FG33,PUNT,4,01:50,FG29,NA
2021_13_CC_FG,CC,FG,Cologne Centurions,Frankfurt Galaxy,9/11/2021,Frankfurt,PSD Bank Arena,14:45,NA,Y,-,0,22 degr.,SW10km/h,rainy,K. Walentynow.,J. Poschlod,E. Walentynow.,F. Pachulski,P. Simon,S. Hameder,A. Sourdrille,FG,2,10,FG33,"H,2,10,H33","26,3,196","PASS:6,I,TM,*",M. Johannknecht pass incomplete.,"H,3,10,H33",pass,0,NA,0,6,36,NA,NA,26,H,FG,"DOWNS,4,02:19,33","PUNT,4,01:50,29",3,-4,0:29,DOWNS,4,02:19,FG33,PUNT,4,01:50,FG29,NA
2021_13_CC_FG,CC,FG,Cologne Centurions,Frankfurt Galaxy,9/11/2021,Frankfurt,PSD Bank Arena,14:45,NA,Y,-,0,22 degr.,SW10km/h,rainy,K. Walentynow.,J. Poschlod,E. Walentynow.,F. Pachulski,P. Simon,S. Hameder,A. Sourdrille,FG,3,10,FG33,"H,3,10,H33","26,4,197","RUSH:27,H29, TACK:44",F. Schneikert rush for loss of 4 yards to the FG29 (M. Kensy).,"H,4,14,H29",rush,0,NA,0,6,36,NA,NA,26,H,FG,"DOWNS,4,02:19,33","PUNT,4,01:50,29",3,-4,0:29,DOWNS,4,02:19,FG33,PUNT,4,01:50,FG29,NA
2021_13_CC_FG,CC,FG,Cologne Centurions,Frankfurt Galaxy,9/11/2021,Frankfurt,PSD Bank Arena,14:45,NA,Y,-,0,22 degr.,SW10km/h,rainy,K. Walentynow.,J. Poschlod,E. Walentynow.,F. Pachulski,P. Simon,S. Hameder,A. Sourdrille,FG,4,14,FG29,"H,4,14,H29","26,5,198","PUNT:82,V24 RET:5,V25 TACK:53","H. Schwarz punt 47 yards to the CC24, P. Lenhardt return 1 yards to the CC25 (D. Josiah).","V,1,10,V25",punt,0,NA,0,6,36,NA,NA,26,H,FG,"DOWNS,4,02:19,33","PUNT,4,01:50,29",3,-4,0:29,DOWNS,4,02:19,FG33,PUNT,4,01:50,FG29,NA
2021_13_CC_FG,CC,FG,Cologne Centurions,Frankfurt Galaxy,9/11/2021,Frankfurt,PSD Bank Arena,14:45,NA,Y,-,0,22 degr.,SW10km/h,rainy,K. Walentynow.,J. Poschlod,E. Walentynow.,F. Pachulski,P. Simon,S. Hameder,A. Sourdrille,CC,1,10,CC25,"V,1,10,V25","27,1,199",{DRIVE}:01:50,COLOGNE CENTURIONS drive start at 01:50.,"V,1,10,V25",NA,0,NA,0,6,36,01:50,NA,27,V,CC,"PUNT,4,01:50,25","HALF,4,00:00,37",3,12,1:50,PUNT,4,01:50,CC25,HALF,4,00:00,CC37,NA
2021_13_CC_FG,CC,FG,Cologne Centurions,Frankfurt Galaxy,9/11/2021,Frankfurt,PSD Bank Arena,14:45,NA,Y,-,0,22 degr.,SW10km/h,rainy,K. Walentynow.,J. Poschlod,E. Walentynow.,F. Pachulski,P. Simon,S. Hameder,A. Sourdrille,CC,1,10,CC25,"V,1,10,V25","27,2,200","RUSH:26,V26, TACK:14,59",A. Frisch rush for 1 yard to the CC26 (J. Poznanski;R. Warketin).,"V,2,9,V26",rush,0,NA,0,6,36,NA,NA,27,V,CC,"PUNT,4,01:50,25","HALF,4,00:00,37",3,12,1:50,PUNT,4,01:50,CC25,HALF,4,00:00,CC37,NA
2021_13_CC_FG,CC,FG,Cologne Centurions,Frankfurt Galaxy,9/11/2021,Frankfurt,PSD Bank Arena,14:45,NA,Y,-,0,22 degr.,SW10km/h,rainy,K. Walentynow.,J. Poschlod,E. Walentynow.,F. Pachulski,P. Simon,S. Hameder,A. Sourdrille,CC,2,9,CC26,"V,2,9,V26","27,3,201","RUSH:26,V30, TACK:14,57",A. Frisch rush for 4 yards to the CC30 (J. Poznanski;M. Krauss).,"V,3,5,V30",rush,0,NA,0,6,36,NA,NA,27,V,CC,"PUNT,4,01:50,25","HALF,4,00:00,37",3,12,1:50,PUNT,4,01:50,CC25,HALF,4,00:00,CC37,NA
2021_13_CC_FG,CC,FG,Cologne Centurions,Frankfurt Galaxy,9/11/2021,Frankfurt,PSD Bank Arena,14:45,NA,Y,-,0,22 degr.,SW10km/h,rainy,K. Walentynow.,J. Poschlod,E. Walentynow.,F. Pachulski,P. Simon,S. Hameder,A. Sourdrille,CC,3,5,CC30,"V,3,5,V30","27,4,202","RUSH:26,V37, TACK:53","A. Frisch rush for 7 yards to the CC37, 1ST DOWN CC (D. Josiah).","V,1,10,V37",rush,0,rush,0,6,36,NA,NA,27,V,CC,"PUNT,4,01:50,25","HALF,4,00:00,37",3,12,1:50,PUNT,4,01:50,CC25,HALF,4,00:00,CC37,NA
2021_13_CC_FG,CC,FG,Cologne Centurions,Frankfurt Galaxy,9/11/2021,Frankfurt,PSD Bank Arena,14:45,NA,Y,-,0,22 degr.,SW10km/h,rainy,K. Walentynow.,J. Poschlod,E. Walentynow.,F. Pachulski,P. Simon,S. Hameder,A. Sourdrille,CC,1,10,CC37,"V,1,10,V37","27,5,203",HALF: T:00:00,"End of game, clock 00:00.","V,1,10,V37",NA,0,NA,0,6,36,00:00,NA,27,V,CC,"PUNT,4,01:50,25","HALF,4,00:00,37",3,12,1:50,PUNT,4,01:50,CC25,HALF,4,00:00,CC37,NA
