game_id,away_team_id,home_team_id,away_team,home_team,date,location,stadium,start,end,leaguegame,duration,attend,temp,wind,weather,ref,posteam,down,togo,spot,context,play_id,tokens,desc,newcontext,play_type,turnover,first_down_with,score,away_score_post,home_score_post,clock,oob,drive_number,drive_vh,drive_team,drive_start,drive_end,drive_plays,drive_yards,drive_top,drive_start_how,drive_start_qtr,drive_start_time,drive_start_spot,drive_end_how,drive_end_qtr,drive_end_time,drive_end_spot,drive_rz
2021_04_FG_CC,FG,CC,Frankfurt Galaxy,Cologne Centurions,7/11/2021,Cologne,Suedstadion,15:00,17:42,Y,2:42,1500,22,NA,Cloudy,Walentynowicy,FG,1,10,FG30,"V,1,10,V30","0,1,0",CMT:,NA,"V,1,10,V30",NA,NA,NA,0,0,0,NA,0,0,NA,NA,NA,NA,NA,NA,NA,NA,NA,NA,NA,NA,NA,NA,NA,NA
2021_04_FG_CC,FG,CC,Frankfurt Galaxy,Cologne Centurions,7/11/2021,Cologne,Suedstadion,15:00,17:42,Y,2:42,1500,22,NA,Cloudy,Walentynowicy,FG,1,10,FG30,"V,1,10,V30","0,2,2","SPOT:V,V35,N",FG ball on FG35.,"V,1,10,V35",NA,NA,NA,0,0,0,NA,0,0,NA,NA,NA,NA,NA,NA,NA,NA,NA,NA,NA,NA,NA,NA,NA,NA
2021_04_FG_CC,FG,CC,Frankfurt Galaxy,Cologne Centurions,7/11/2021,Cologne,Suedstadion,15:00,17:42,Y,2:42,1500,22,NA,Cloudy,Walentynowicy,FG,1,10,FG35,"V,1,10,V35","0,3,3","KO:19,H03 RET:1,H35 TACK:53","N. Strahmann kickoff 62 yards to the CC3, Q. Pounds return 32 yards to the CC35 (D. Josiah).","H,1,10,H35",kick_off,NA,NA,0,0,0,NA,0,0,NA,NA,NA,NA,NA,NA,NA,NA,NA,NA,NA,NA,NA,NA,NA,NA
2021_04_FG_CC,FG,CC,Frankfurt Galaxy,Cologne Centurions,7/11/2021,Cologne,Suedstadion,15:00,17:42,Y,2:42,1500,22,NA,Cloudy,Walentynowicy,CC,1,10,CC35,"H,1,10,H35","1,1,4","PASS:12,I,TM,*",J. Weinreich pass incomplete.,"H,2,10,H35",pass,NA,NA,0,0,0,NA,0,1,H,CC,"KO,1,15:00,35","INT,1,14:00,43",3,8,1:00,KO,1,15:00,CC35,INT,1,14:00,CC43,NA
2021_04_FG_CC,FG,CC,Frankfurt Galaxy,Cologne Centurions,7/11/2021,Cologne,Suedstadion,15:00,17:42,Y,2:42,1500,22,NA,Cloudy,Walentynowicy,CC,2,10,CC35,"H,2,10,H35","1,2,5","RUSH:28,H43, TACK:41",M. London rush for 8 yards to the CC43 (S. Gauthier).,"H,3,2,H43",rush,NA,NA,0,0,0,NA,0,1,H,CC,"KO,1,15:00,35","INT,1,14:00,43",3,8,1:00,KO,1,15:00,CC35,INT,1,14:00,CC43,NA
2021_04_FG_CC,FG,CC,Frankfurt Galaxy,Cologne Centurions,7/11/2021,Cologne,Suedstadion,15:00,17:42,Y,2:42,1500,22,NA,Cloudy,Walentynowicy,CC,3,2,CC43,"H,3,2,H43","1,3,6","PASS:12,X,41,H38 RET:41,H38","J. Weinreich pass intercepted by S. Gauthier at the CC38, S. Gauthier return 0 yards to the CC38.","V,1,10,H38",pass,I,NA,0,0,0,NA,0,1,H,CC,"KO,1,15:00,35","INT,1,14:00,43",3,8,1:00,KO,1,15:00,CC35,INT,1,14:00,CC43,NA
2021_04_FG_CC,FG,CC,Frankfurt Galaxy,Cologne Centurions,7/11/2021,Cologne,Suedstadion,15:00,17:42,Y,2:42,1500,22,NA,Cloudy,Walentynowicy,FG,1,10,CC38,"V,1,10,H38","2,1,7","{DRIVE}:14:00 PASS:7,C,19,H00 T:13:55","FRANKFURT GALAXY drive start at 14:00, J. Sullivan pass complete to N. Strahmann for 38 yards to the CC0, 1ST DOWN FG, TOUCHDOWN, clock 13:55.","V,1,10,H15",pass,NA,pass,1,6,0,13:55,0,2,V,FG,"INT,1,14:00,62","TD,1,13:55,100",1,38,0:05,INT,1,14:00,CC38,TD,1,13:55,CC00,NA
2021_04_FG_CC,FG,CC,Frankfurt Galaxy,Cologne Centurions,7/11/2021,Cologne,Suedstadion,15:00,17:42,Y,2:42,1500,22,NA,Cloudy,Walentynowicy,FG,1,10,CC15,"V,1,10,H15","2,2,8","PAT:K,15,G",M. Siemssen kick attempt good.,"V,1,0,V30",pat,NA,NA,1,7,0,NA,0,2,V,FG,"INT,1,14:00,62","TD,1,13:55,100",1,38,0:05,INT,1,14:00,CC38,TD,1,13:55,CC00,NA
2021_04_FG_CC,FG,CC,Frankfurt Galaxy,Cologne Centurions,7/11/2021,Cologne,Suedstadion,15:00,17:42,Y,2:42,1500,22,NA,Cloudy,Walentynowicy,FG,1,0,FG30,"V,1,0,V30","2,3,9","KO:19,H07 OB: SPOT:H,H40,Y","N. Strahmann kickoff 63 yards to the CC7, out-of-bounds, CC ball on CC40.","H,1,10,H40",kick_off,NA,NA,0,7,0,NA,1,2,V,FG,"INT,1,14:00,62","TD,1,13:55,100",1,38,0:05,INT,1,14:00,CC38,TD,1,13:55,CC00,NA
2021_04_FG_CC,FG,CC,Frankfurt Galaxy,Cologne Centurions,7/11/2021,Cologne,Suedstadion,15:00,17:42,Y,2:42,1500,22,NA,Cloudy,Walentynowicy,CC,1,10,CC40,"H,1,10,H40","3,1,10","{DRIVE}:13:55 RUSH:28,H48, TACK:41","COLOGNE CENTURIONS drive start at 13:55, M. London rush for 8 yards to the CC48 (S. Gauthier).","H,2,2,H48",rush,NA,NA,0,7,0,13:55,0,3,H,CC,"KO,1,13:55,40","PUNT,1,11:12,50",5,10,2:43,KO,1,13:55,CC40,PUNT,1,11:12,CC50,NA
2021_04_FG_CC,FG,CC,Frankfurt Galaxy,Cologne Centurions,7/11/2021,Cologne,Suedstadion,15:00,17:42,Y,2:42,1500,22,NA,Cloudy,Walentynowicy,CC,2,2,CC48,"H,2,2,H48","3,2,11","RUSH:28,V49, TACK:90","M. London rush for 3 yards to the FG49, 1ST DOWN CC (M. A. Hor).","H,1,10,V49",rush,NA,rush,0,7,0,NA,0,3,H,CC,"KO,1,13:55,40","PUNT,1,11:12,50",5,10,2:43,KO,1,13:55,CC40,PUNT,1,11:12,CC50,NA
2021_04_FG_CC,FG,CC,Frankfurt Galaxy,Cologne Centurions,7/11/2021,Cologne,Suedstadion,15:00,17:42,Y,2:42,1500,22,NA,Cloudy,Walentynowicy,CC,1,10,FG49,"H,1,10,V49","3,3,12","RUSH:28,V48, TACK:41,43",M. London rush for 1 yard to the FG48 (S. Gauthier;J. Silva Gomez).,"H,2,9,V48",rush,NA,NA,0,7,0,NA,0,3,H,CC,"KO,1,13:55,40","PUNT,1,11:12,50",5,10,2:43,KO,1,13:55,CC40,PUNT,1,11:12,CC50,NA
2021_04_FG_CC,FG,CC,Frankfurt Galaxy,Cologne Centurions,7/11/2021,Cologne,Suedstadion,15:00,17:42,Y,2:42,1500,22,NA,Cloudy,Walentynowicy,CC,2,9,FG48,"H,2,9,V48","3,4,13","PASS:12,I,11,*",J. Weinreich pass incomplete to N. Aarass.,"H,3,9,V48",pass,NA,NA,0,7,0,NA,0,3,H,CC,"KO,1,13:55,40","PUNT,1,11:12,50",5,10,2:43,KO,1,13:55,CC40,PUNT,1,11:12,CC50,NA
2021_04_FG_CC,FG,CC,Frankfurt Galaxy,Cologne Centurions,7/11/2021,Cologne,Suedstadion,15:00,17:42,Y,2:42,1500,22,NA,Cloudy,Walentynowicy,CC,3,9,FG48,"H,3,9,V48","3,5,14","RUSH:28,H50,",M. London rush for loss of 2 yards to the 50 yardline.,"H,4,11,H50",rush,NA,NA,0,7,0,NA,0,3,H,CC,"KO,1,13:55,40","PUNT,1,11:12,50",5,10,2:43,KO,1,13:55,CC40,PUNT,1,11:12,CC50,NA
2021_04_FG_CC,FG,CC,Frankfurt Galaxy,Cologne Centurions,7/11/2021,Cologne,Suedstadion,15:00,17:42,Y,2:42,1500,22,NA,Cloudy,Walentynowicy,CC,4,11,CC50,"H,4,11,H50","3,6,15","PUNT:81,V15 DN:","V. Roediger punt 35 yards to the FG15, downed.","V,1,10,V15",punt,NA,NA,0,7,0,NA,0,3,H,CC,"KO,1,13:55,40","PUNT,1,11:12,50",5,10,2:43,KO,1,13:55,CC40,PUNT,1,11:12,CC50,NA
2021_04_FG_CC,FG,CC,Frankfurt Galaxy,Cologne Centurions,7/11/2021,Cologne,Suedstadion,15:00,17:42,Y,2:42,1500,22,NA,Cloudy,Walentynowicy,FG,1,10,FG15,"V,1,10,V15","4,1,16",{DRIVE}:11:12,FRANKFURT GALAXY drive start at 11:12.,"V,1,10,V15",NA,NA,NA,0,7,0,11:12,0,4,V,FG,"PUNT,1,11:12,15","TD,1,08:00,100",5,85,3:12,PUNT,1,11:12,FG15,TD,1,08:00,CC00,NA
2021_04_FG_CC,FG,CC,Frankfurt Galaxy,Cologne Centurions,7/11/2021,Cologne,Suedstadion,15:00,17:42,Y,2:42,1500,22,NA,Cloudy,Walentynowicy,FG,1,10,FG15,"V,1,10,V15","4,2,17","RUSH:33,V19, TACK:32",J. Rodney rush for 4 yards to the FG19 (R. Grooten).,"V,2,6,V19",rush,NA,NA,0,7,0,NA,0,4,V,FG,"PUNT,1,11:12,15","TD,1,08:00,100",5,85,3:12,PUNT,1,11:12,FG15,TD,1,08:00,CC00,NA
2021_04_FG_CC,FG,CC,Frankfurt Galaxy,Cologne Centurions,7/11/2021,Cologne,Suedstadion,15:00,17:42,Y,2:42,1500,22,NA,Cloudy,Walentynowicy,FG,2,6,FG19,"V,2,6,V19","4,3,18","PASS:7,C,11,H41 TACK:30","J. Sullivan pass complete to A. Mahoungou for 40 yards to the CC41, 1ST DOWN FG (M. Mbaye).","V,1,10,H41",pass,NA,pass,0,7,0,NA,0,4,V,FG,"PUNT,1,11:12,15","TD,1,08:00,100",5,85,3:12,PUNT,1,11:12,FG15,TD,1,08:00,CC00,NA
2021_04_FG_CC,FG,CC,Frankfurt Galaxy,Cologne Centurions,7/11/2021,Cologne,Suedstadion,15:00,17:42,Y,2:42,1500,22,NA,Cloudy,Walentynowicy,FG,1,10,CC41,"V,1,10,H41","4,4,19","RUSH:7,H35,",J. Sullivan rush for 6 yards to the CC35.,"V,2,4,H35",rush,NA,NA,0,7,0,NA,0,4,V,FG,"PUNT,1,11:12,15","TD,1,08:00,100",5,85,3:12,PUNT,1,11:12,FG15,TD,1,08:00,CC00,NA
2021_04_FG_CC,FG,CC,Frankfurt Galaxy,Cologne Centurions,7/11/2021,Cologne,Suedstadion,15:00,17:42,Y,2:42,1500,22,NA,Cloudy,Walentynowicy,FG,2,4,CC35,"V,2,4,H35","4,5,20","RUSH:7,H25, TACK:48 PEN:V,HO,A,45,H25,N NOPLAY:","J. Sullivan rush for 10 yards to the CC25 (K. Bongaerts), PENALTY FG holding (Ma. Schmidt) 10 yards to the CC25, NO PLAY.","V,2,14,H25",penalty,NA,NA,0,7,0,NA,0,4,V,FG,"PUNT,1,11:12,15","TD,1,08:00,100",5,85,3:12,PUNT,1,11:12,FG15,TD,1,08:00,CC00,NA
2021_04_FG_CC,FG,CC,Frankfurt Galaxy,Cologne Centurions,7/11/2021,Cologne,Suedstadion,15:00,17:42,Y,2:42,1500,22,NA,Cloudy,Walentynowicy,FG,2,14,CC25,"V,2,14,H25","4,6,21","PASS:7,C,13,H38",J. Sullivan pass complete to M. Rutsch for loss of 13 yards to the CC38.,"V,3,27,H38",pass,NA,NA,0,7,0,NA,0,4,V,FG,"PUNT,1,11:12,15","TD,1,08:00,100",5,85,3:12,PUNT,1,11:12,FG15,TD,1,08:00,CC00,NA
2021_04_FG_CC,FG,CC,Frankfurt Galaxy,Cologne Centurions,7/11/2021,Cologne,Suedstadion,15:00,17:42,Y,2:42,1500,22,NA,Cloudy,Walentynowicy,FG,3,27,CC38,"V,3,27,H38","4,7,22","PASS:7,C,86,H00 T:08:00","J. Sullivan pass complete to L. Regler for 38 yards to the CC0, 1ST DOWN FG, TOUCHDOWN, clock 08:00.","V,1,10,H15",pass,NA,pass,1,13,0,08:00,0,4,V,FG,"PUNT,1,11:12,15","TD,1,08:00,100",5,85,3:12,PUNT,1,11:12,FG15,TD,1,08:00,CC00,NA
2021_04_FG_CC,FG,CC,Frankfurt Galaxy,Cologne Centurions,7/11/2021,Cologne,Suedstadion,15:00,17:42,Y,2:42,1500,22,NA,Cloudy,Walentynowicy,FG,1,10,CC15,"V,1,10,H15","4,8,23","PAT:K,15,M",M. Siemssen kick attempt failed.,"V,1,0,V30",pat,NA,NA,0,13,0,NA,0,4,V,FG,"PUNT,1,11:12,15","TD,1,08:00,100",5,85,3:12,PUNT,1,11:12,FG15,TD,1,08:00,CC00,NA
2021_04_FG_CC,FG,CC,Frankfurt Galaxy,Cologne Centurions,7/11/2021,Cologne,Suedstadion,15:00,17:42,Y,2:42,1500,22,NA,Cloudy,Walentynowicy,FG,1,0,FG30,"V,1,0,V30","4,9,24","KO:83,H00 TB:","L. Sack kickoff 70 yards to the CC0, touchback.","H,1,10,H20",kick_off,NA,NA,0,13,0,NA,0,4,V,FG,"PUNT,1,11:12,15","TD,1,08:00,100",5,85,3:12,PUNT,1,11:12,FG15,TD,1,08:00,CC00,NA
2021_04_FG_CC,FG,CC,Frankfurt Galaxy,Cologne Centurions,7/11/2021,Cologne,Suedstadion,15:00,17:42,Y,2:42,1500,22,NA,Cloudy,Walentynowicy,CC,1,10,CC20,"H,1,10,H20","5,1,25",{DRIVE}:08:00,COLOGNE CENTURIONS drive start at 08:00.,"H,1,10,H20",NA,NA,NA,0,13,0,08:00,0,5,H,CC,"KO,1,08:00,38","PUNT,1,06:22,41",4,3,1:38,KO,1,08:00,CC38,PUNT,1,06:22,CC41,NA
2021_04_FG_CC,FG,CC,Frankfurt Galaxy,Cologne Centurions,7/11/2021,Cologne,Suedstadion,15:00,17:42,Y,2:42,1500,22,NA,Cloudy,Walentynowicy,CC,1,10,CC20,"H,1,10,H20","5,2,26","SPOT:H,H25,Y",CC ball on CC25.,"H,1,10,H25",NA,NA,NA,0,13,0,NA,0,5,H,CC,"KO,1,08:00,38","PUNT,1,06:22,41",4,3,1:38,KO,1,08:00,CC38,PUNT,1,06:22,CC41,NA
2021_04_FG_CC,FG,CC,Frankfurt Galaxy,Cologne Centurions,7/11/2021,Cologne,Suedstadion,15:00,17:42,Y,2:42,1500,22,NA,Cloudy,Walentynowicy,CC,1,10,CC25,"H,1,10,H25","5,3,27","RUSH:28,H26, TACK:40,90 PEN:V,HO,A,41,H26,1","M. London rush for 1 yard to the CC26 (K. King;M. A. Hor), PENALTY FG holding (S. Gauthier) 0 yards to the CC26, 1ST DOWN CC.","H,1,10,H26",rush,NA,penalty,0,13,0,NA,0,5,H,CC,"KO,1,08:00,38","PUNT,1,06:22,41",4,3,1:38,KO,1,08:00,CC38,PUNT,1,06:22,CC41,NA
2021_04_FG_CC,FG,CC,Frankfurt Galaxy,Cologne Centurions,7/11/2021,Cologne,Suedstadion,15:00,17:42,Y,2:42,1500,22,NA,Cloudy,Walentynowicy,CC,1,10,CC26,"H,1,10,H26","5,4,28","D:1,10 SPOT:H,H38,Y","1st and 10, CC ball on CC38.","H,1,10,H38",NA,NA,NA,0,13,0,NA,0,5,H,CC,"KO,1,08:00,38","PUNT,1,06:22,41",4,3,1:38,KO,1,08:00,CC38,PUNT,1,06:22,CC41,NA
2021_04_FG_CC,FG,CC,Frankfurt Galaxy,Cologne Centurions,7/11/2021,Cologne,Suedstadion,15:00,17:42,Y,2:42,1500,22,NA,Cloudy,Walentynowicy,CC,1,10,CC38,"H,1,10,H38","5,5,29","PASS:12,I,1,* BRUP:14",J. Weinreich pass incomplete to Q. Pounds (J. Poznanski).,"H,2,10,H38",pass,NA,NA,0,13,0,NA,0,5,H,CC,"KO,1,08:00,38","PUNT,1,06:22,41",4,3,1:38,KO,1,08:00,CC38,PUNT,1,06:22,CC41,NA
2021_04_FG_CC,FG,CC,Frankfurt Galaxy,Cologne Centurions,7/11/2021,Cologne,Suedstadion,15:00,17:42,Y,2:42,1500,22,NA,Cloudy,Walentynowicy,CC,2,10,CC38,"H,2,10,H38","5,6,30","RUSH:28,H41, TACK:40",M. London rush for 3 yards to the CC41 (K. King).,"H,3,7,H41",rush,NA,NA,0,13,0,NA,0,5,H,CC,"KO,1,08:00,38","PUNT,1,06:22,41",4,3,1:38,KO,1,08:00,CC38,PUNT,1,06:22,CC41,NA
2021_04_FG_CC,FG,CC,Frankfurt Galaxy,Cologne Centurions,7/11/2021,Cologne,Suedstadion,15:00,17:42,Y,2:42,1500,22,NA,Cloudy,Walentynowicy,CC,3,7,CC41,"H,3,7,H41","5,7,31","PASS:12,I,1,*",J. Weinreich pass incomplete to Q. Pounds.,"H,4,7,H41",pass,NA,NA,0,13,0,NA,0,5,H,CC,"KO,1,08:00,38","PUNT,1,06:22,41",4,3,1:38,KO,1,08:00,CC38,PUNT,1,06:22,CC41,NA
2021_04_FG_CC,FG,CC,Frankfurt Galaxy,Cologne Centurions,7/11/2021,Cologne,Suedstadion,15:00,17:42,Y,2:42,1500,22,NA,Cloudy,Walentynowicy,CC,4,7,CC41,"H,4,7,H41","5,8,32","PEN:H,FS,A,TM,H41,N",PENALTY CC false start 0 yards to the CC41.,"H,4,7,H41",penalty,NA,NA,0,13,0,NA,0,5,H,CC,"KO,1,08:00,38","PUNT,1,06:22,41",4,3,1:38,KO,1,08:00,CC38,PUNT,1,06:22,CC41,NA
2021_04_FG_CC,FG,CC,Frankfurt Galaxy,Cologne Centurions,7/11/2021,Cologne,Suedstadion,15:00,17:42,Y,2:42,1500,22,NA,Cloudy,Walentynowicy,CC,4,7,CC41,"H,4,7,H41","5,9,33","PUNT:81,V26 OB:","V. Roediger punt 33 yards to the FG26, out-of-bounds.","V,1,10,V26",punt,NA,NA,0,13,0,NA,1,5,H,CC,"KO,1,08:00,38","PUNT,1,06:22,41",4,3,1:38,KO,1,08:00,CC38,PUNT,1,06:22,CC41,NA
2021_04_FG_CC,FG,CC,Frankfurt Galaxy,Cologne Centurions,7/11/2021,Cologne,Suedstadion,15:00,17:42,Y,2:42,1500,22,NA,Cloudy,Walentynowicy,FG,1,10,FG26,"V,1,10,V26","6,1,34",{DRIVE}:06:22,FRANKFURT GALAXY drive start at 06:22.,"V,1,10,V26",NA,NA,NA,0,13,0,06:22,0,6,V,FG,"PUNT,1,06:22,26","PUNT,1,02:16,34",6,8,4:06,PUNT,1,06:22,FG26,PUNT,1,02:16,FG34,NA
2021_04_FG_CC,FG,CC,Frankfurt Galaxy,Cologne Centurions,7/11/2021,Cologne,Suedstadion,15:00,17:42,Y,2:42,1500,22,NA,Cloudy,Walentynowicy,FG,1,10,FG26,"V,1,10,V26","6,2,35","RUSH:33,V30, TACK:32",J. Rodney rush for 4 yards to the FG30 (R. Grooten).,"V,2,6,V30",rush,NA,NA,0,13,0,NA,0,6,V,FG,"PUNT,1,06:22,26","PUNT,1,02:16,34",6,8,4:06,PUNT,1,06:22,FG26,PUNT,1,02:16,FG34,NA
2021_04_FG_CC,FG,CC,Frankfurt Galaxy,Cologne Centurions,7/11/2021,Cologne,Suedstadion,15:00,17:42,Y,2:42,1500,22,NA,Cloudy,Walentynowicy,FG,2,6,FG30,"V,2,6,V30","6,3,36","RUSH:33,V33, TACK:44",J. Rodney rush for 3 yards to the FG33 (M. Kensy).,"V,3,3,V33",rush,NA,NA,0,13,0,NA,0,6,V,FG,"PUNT,1,06:22,26","PUNT,1,02:16,34",6,8,4:06,PUNT,1,06:22,FG26,PUNT,1,02:16,FG34,NA
2021_04_FG_CC,FG,CC,Frankfurt Galaxy,Cologne Centurions,7/11/2021,Cologne,Suedstadion,15:00,17:42,Y,2:42,1500,22,NA,Cloudy,Walentynowicy,FG,3,3,FG33,"V,3,3,V33","6,4,37","PASS:7,C,33,V40 TACK:24","J. Sullivan pass complete to J. Rodney for 7 yards to the FG40, 1ST DOWN FG (D. Jacobs).","V,1,10,V40",pass,NA,pass,0,13,0,NA,0,6,V,FG,"PUNT,1,06:22,26","PUNT,1,02:16,34",6,8,4:06,PUNT,1,06:22,FG26,PUNT,1,02:16,FG34,NA
2021_04_FG_CC,FG,CC,Frankfurt Galaxy,Cologne Centurions,7/11/2021,Cologne,Suedstadion,15:00,17:42,Y,2:42,1500,22,NA,Cloudy,Walentynowicy,FG,1,10,FG40,"V,1,10,V40","6,5,38","PASS:7,S,TM,V30 SACK:24",J. Sullivan sacked for loss of 10 yards to the FG30 (D. Jacobs).,"V,2,20,V30",pass,NA,NA,0,13,0,NA,0,6,V,FG,"PUNT,1,06:22,26","PUNT,1,02:16,34",6,8,4:06,PUNT,1,06:22,FG26,PUNT,1,02:16,FG34,NA
2021_04_FG_CC,FG,CC,Frankfurt Galaxy,Cologne Centurions,7/11/2021,Cologne,Suedstadion,15:00,17:42,Y,2:42,1500,22,NA,Cloudy,Walentynowicy,FG,2,20,FG30,"V,2,20,V30","6,6,39","RUSH:7,V27, TACK:44",J. Sullivan rush for loss of 3 yards to the FG27 (M. Kensy).,"V,3,23,V27",rush,NA,NA,0,13,0,NA,0,6,V,FG,"PUNT,1,06:22,26","PUNT,1,02:16,34",6,8,4:06,PUNT,1,06:22,FG26,PUNT,1,02:16,FG34,NA
2021_04_FG_CC,FG,CC,Frankfurt Galaxy,Cologne Centurions,7/11/2021,Cologne,Suedstadion,15:00,17:42,Y,2:42,1500,22,NA,Cloudy,Walentynowicy,FG,3,23,FG27,"V,3,23,V27","6,7,40","PASS:7,C,84,V34 PEN:V,ID,D","J. Sullivan pass complete to C. Sow for 7 yards to the FG34, PENALTY FG ineligible downfield on pass declined.","V,4,16,V34",pass,NA,NA,0,13,0,NA,0,6,V,FG,"PUNT,1,06:22,26","PUNT,1,02:16,34",6,8,4:06,PUNT,1,06:22,FG26,PUNT,1,02:16,FG34,NA
2021_04_FG_CC,FG,CC,Frankfurt Galaxy,Cologne Centurions,7/11/2021,Cologne,Suedstadion,15:00,17:42,Y,2:42,1500,22,NA,Cloudy,Walentynowicy,FG,4,16,FG34,"V,4,16,V34","6,8,41","PUNT:82,H05 RET:1,H25","H. Schwarz punt 61 yards to the CC5, Q. Pounds return 20 yards to the CC25.","H,1,10,H25",punt,NA,NA,0,13,0,NA,0,6,V,FG,"PUNT,1,06:22,26","PUNT,1,02:16,34",6,8,4:06,PUNT,1,06:22,FG26,PUNT,1,02:16,FG34,NA
2021_04_FG_CC,FG,CC,Frankfurt Galaxy,Cologne Centurions,7/11/2021,Cologne,Suedstadion,15:00,17:42,Y,2:42,1500,22,NA,Cloudy,Walentynowicy,CC,1,10,CC25,"H,1,10,H25","7,1,42",{DRIVE}:02:16,COLOGNE CENTURIONS drive start at 02:16.,"H,1,10,H25",NA,NA,NA,0,13,0,02:16,0,7,H,CC,"PUNT,1,02:16,25","PUNT,2,14:50,40",6,15,2:26,PUNT,1,02:16,CC25,PUNT,2,14:50,CC40,NA
2021_04_FG_CC,FG,CC,Frankfurt Galaxy,Cologne Centurions,7/11/2021,Cologne,Suedstadion,15:00,17:42,Y,2:42,1500,22,NA,Cloudy,Walentynowicy,CC,1,10,CC25,"H,1,10,H25","7,2,43","RUSH:28,H29,",M. London rush for 4 yards to the CC29.,"H,2,6,H29",rush,NA,NA,0,13,0,NA,0,7,H,CC,"PUNT,1,02:16,25","PUNT,2,14:50,40",6,15,2:26,PUNT,1,02:16,CC25,PUNT,2,14:50,CC40,NA
2021_04_FG_CC,FG,CC,Frankfurt Galaxy,Cologne Centurions,7/11/2021,Cologne,Suedstadion,15:00,17:42,Y,2:42,1500,22,NA,Cloudy,Walentynowicy,CC,2,6,CC29,"H,2,6,H29","7,3,44","RUSH:28,H30, TACK:30",M. London rush for 1 yard to the CC30 (30).,"H,3,5,H30",rush,NA,NA,0,13,0,NA,0,7,H,CC,"PUNT,1,02:16,25","PUNT,2,14:50,40",6,15,2:26,PUNT,1,02:16,CC25,PUNT,2,14:50,CC40,NA
2021_04_FG_CC,FG,CC,Frankfurt Galaxy,Cologne Centurions,7/11/2021,Cologne,Suedstadion,15:00,17:42,Y,2:42,1500,22,NA,Cloudy,Walentynowicy,CC,3,5,CC30,"H,3,5,H30","7,4,45","PASS:12,C,11,V42 PEN:H,BL,A,28,H39,N","J. Weinreich pass complete to N. Aarass for 28 yards to the FG42, 1ST DOWN CC, PENALTY CC illegal block (M. London) 19 yards to the CC39.","H,1,29,H39",pass,NA,pass,0,13,0,NA,0,7,H,CC,"PUNT,1,02:16,25","PUNT,2,14:50,40",6,15,2:26,PUNT,1,02:16,CC25,PUNT,2,14:50,CC40,NA
2021_04_FG_CC,FG,CC,Frankfurt Galaxy,Cologne Centurions,7/11/2021,Cologne,Suedstadion,15:00,17:42,Y,2:42,1500,22,NA,Cloudy,Walentynowicy,CC,1,29,CC39,"H,1,29,H39","7,5,46","D:1,10",1st and 10.,"H,1,10,H39",NA,NA,NA,0,13,0,NA,0,7,H,CC,"PUNT,1,02:16,25","PUNT,2,14:50,40",6,15,2:26,PUNT,1,02:16,CC25,PUNT,2,14:50,CC40,NA
2021_04_FG_CC,FG,CC,Frankfurt Galaxy,Cologne Centurions,7/11/2021,Cologne,Suedstadion,15:00,17:42,Y,2:42,1500,22,NA,Cloudy,Walentynowicy,CC,1,10,CC39,"H,1,10,H39","7,6,47","RUSH:28,H37, TACK:99",M. London rush for loss of 2 yards to the CC37 (K. Maier).,"H,2,12,H37",rush,NA,NA,0,13,0,NA,0,7,H,CC,"PUNT,1,02:16,25","PUNT,2,14:50,40",6,15,2:26,PUNT,1,02:16,CC25,PUNT,2,14:50,CC40,NA
2021_04_FG_CC,FG,CC,Frankfurt Galaxy,Cologne Centurions,7/11/2021,Cologne,Suedstadion,15:00,17:42,Y,2:42,1500,22,NA,Cloudy,Walentynowicy,CC,2,12,CC37,"H,2,12,H37","7,7,48",TOUT:H T:00:04,"Timeout Cologne Centurions, clock 00:04.","H,2,12,H37",NA,NA,NA,0,13,0,00:04,0,7,H,CC,"PUNT,1,02:16,25","PUNT,2,14:50,40",6,15,2:26,PUNT,1,02:16,CC25,PUNT,2,14:50,CC40,NA
2021_04_FG_CC,FG,CC,Frankfurt Galaxy,Cologne Centurions,7/11/2021,Cologne,Suedstadion,15:00,17:42,Y,2:42,1500,22,NA,Cloudy,Walentynowicy,CC,2,12,CC37,"H,2,12,H37","7,8,49","PASS:12,C,28,H40 TACK:15",J. Weinreich pass complete to M. London for 3 yards to the CC40 (M. Siemssen).,"H,3,9,H40",pass,NA,NA,0,13,0,NA,0,7,H,CC,"PUNT,1,02:16,25","PUNT,2,14:50,40",6,15,2:26,PUNT,1,02:16,CC25,PUNT,2,14:50,CC40,NA
2021_04_FG_CC,FG,CC,Frankfurt Galaxy,Cologne Centurions,7/11/2021,Cologne,Suedstadion,15:00,17:42,Y,2:42,1500,22,NA,Cloudy,Walentynowicy,CC,3,9,CC40,"H,3,9,H40","7,9,50",Q:2 T:15:00,"Start of 2nd quarter, clock 15:00.","H,3,9,H40",NA,NA,NA,0,13,0,15:00,0,7,H,CC,"PUNT,1,02:16,25","PUNT,2,14:50,40",6,15,2:26,PUNT,1,02:16,CC25,PUNT,2,14:50,CC40,NA
2021_04_FG_CC,FG,CC,Frankfurt Galaxy,Cologne Centurions,7/11/2021,Cologne,Suedstadion,15:00,17:42,Y,2:42,1500,22,NA,Cloudy,Walentynowicy,CC,3,9,CC40,"H,3,9,H40","7,10,51","PASS:12,I,TM,*",J. Weinreich pass incomplete.,"H,4,9,H40",pass,NA,NA,0,13,0,NA,0,7,H,CC,"PUNT,1,02:16,25","PUNT,2,14:50,40",6,15,2:26,PUNT,1,02:16,CC25,PUNT,2,14:50,CC40,NA
2021_04_FG_CC,FG,CC,Frankfurt Galaxy,Cologne Centurions,7/11/2021,Cologne,Suedstadion,15:00,17:42,Y,2:42,1500,22,NA,Cloudy,Walentynowicy,CC,4,9,CC40,"H,4,9,H40","7,11,52","PUNT:81,V29 FC:10","V. Roediger punt 31 yards to the FG29, fair catch by O. Williams.","V,1,10,V29",punt,NA,NA,0,13,0,NA,0,7,H,CC,"PUNT,1,02:16,25","PUNT,2,14:50,40",6,15,2:26,PUNT,1,02:16,CC25,PUNT,2,14:50,CC40,NA
2021_04_FG_CC,FG,CC,Frankfurt Galaxy,Cologne Centurions,7/11/2021,Cologne,Suedstadion,15:00,17:42,Y,2:42,1500,22,NA,Cloudy,Walentynowicy,FG,1,10,FG29,"V,1,10,V29","8,1,53","{DRIVE}:14:50 RUSH:23,V35, TACK:44","FRANKFURT GALAXY drive start at 14:50, D. Cooper rush for 6 yards to the FG35 (M. Kensy).","V,2,4,V35",rush,NA,NA,0,13,0,14:50,0,8,V,FG,"PUNT,2,14:50,29","TD,2,10:24,100",8,71,4:26,PUNT,2,14:50,FG29,TD,2,10:24,CC00,1
2021_04_FG_CC,FG,CC,Frankfurt Galaxy,Cologne Centurions,7/11/2021,Cologne,Suedstadion,15:00,17:42,Y,2:42,1500,22,NA,Cloudy,Walentynowicy,FG,2,4,FG35,"V,2,4,V35","8,2,54","PASS:7,C,82,H49 TACK:20","J. Sullivan pass complete to H. Schwarz for 16 yards to the CC49, 1ST DOWN FG (J. Seibel).","V,1,10,H49",pass,NA,pass,0,13,0,NA,0,8,V,FG,"PUNT,2,14:50,29","TD,2,10:24,100",8,71,4:26,PUNT,2,14:50,FG29,TD,2,10:24,CC00,1
2021_04_FG_CC,FG,CC,Frankfurt Galaxy,Cologne Centurions,7/11/2021,Cologne,Suedstadion,15:00,17:42,Y,2:42,1500,22,NA,Cloudy,Walentynowicy,FG,1,10,CC49,"V,1,10,H49","8,3,55","PEN:V,FS,A,19,V44,N",PENALTY FG false start (N. Strahmann) 7 yards to the FG44.,"V,1,17,V44",penalty,NA,NA,0,13,0,NA,0,8,V,FG,"PUNT,2,14:50,29","TD,2,10:24,100",8,71,4:26,PUNT,2,14:50,FG29,TD,2,10:24,CC00,1
2021_04_FG_CC,FG,CC,Frankfurt Galaxy,Cologne Centurions,7/11/2021,Cologne,Suedstadion,15:00,17:42,Y,2:42,1500,22,NA,Cloudy,Walentynowicy,FG,1,17,FG44,"V,1,17,V44","8,4,56","PASS:7,I,TM,* BRUP:48",J. Sullivan pass incomplete (K. Bongaerts).,"V,2,17,V44",pass,NA,NA,0,13,0,NA,0,8,V,FG,"PUNT,2,14:50,29","TD,2,10:24,100",8,71,4:26,PUNT,2,14:50,FG29,TD,2,10:24,CC00,1
2021_04_FG_CC,FG,CC,Frankfurt Galaxy,Cologne Centurions,7/11/2021,Cologne,Suedstadion,15:00,17:42,Y,2:42,1500,22,NA,Cloudy,Walentynowicy,FG,2,17,FG44,"V,2,17,V44","8,5,57","PASS:7,C,13,H39 TACK:58,48","J. Sullivan pass complete to M. Rutsch for 17 yards to the CC39, 1ST DOWN FG (L. Weitz;K. Bongaerts).","V,1,10,H39",pass,NA,pass,0,13,0,NA,0,8,V,FG,"PUNT,2,14:50,29","TD,2,10:24,100",8,71,4:26,PUNT,2,14:50,FG29,TD,2,10:24,CC00,1
2021_04_FG_CC,FG,CC,Frankfurt Galaxy,Cologne Centurions,7/11/2021,Cologne,Suedstadion,15:00,17:42,Y,2:42,1500,22,NA,Cloudy,Walentynowicy,FG,1,10,CC39,"V,1,10,H39","8,6,58",TOUT:V T:12:27,"Timeout Frankfurt Galaxy, clock 12:27.","V,1,10,H39",NA,NA,NA,0,13,0,12:27,0,8,V,FG,"PUNT,2,14:50,29","TD,2,10:24,100",8,71,4:26,PUNT,2,14:50,FG29,TD,2,10:24,CC00,1
2021_04_FG_CC,FG,CC,Frankfurt Galaxy,Cologne Centurions,7/11/2021,Cologne,Suedstadion,15:00,17:42,Y,2:42,1500,22,NA,Cloudy,Walentynowicy,FG,1,10,CC39,"V,1,10,H39","8,7,59","PASS:7,C,22,H19 TACK:1","J. Sullivan pass complete to G. Ameln for 20 yards to the CC19, 1ST DOWN FG (Q. Pounds).","V,1,10,H19",pass,NA,pass,0,13,0,NA,0,8,V,FG,"PUNT,2,14:50,29","TD,2,10:24,100",8,71,4:26,PUNT,2,14:50,FG29,TD,2,10:24,CC00,1
2021_04_FG_CC,FG,CC,Frankfurt Galaxy,Cologne Centurions,7/11/2021,Cologne,Suedstadion,15:00,17:42,Y,2:42,1500,22,NA,Cloudy,Walentynowicy,FG,1,10,CC19,"V,1,10,H19","8,8,60","RUSH:22,H15, TACK:20",G. Ameln rush for 4 yards to the CC15 (J. Seibel).,"V,2,6,H15",rush,NA,NA,0,13,0,NA,0,8,V,FG,"PUNT,2,14:50,29","TD,2,10:24,100",8,71,4:26,PUNT,2,14:50,FG29,TD,2,10:24,CC00,1
2021_04_FG_CC,FG,CC,Frankfurt Galaxy,Cologne Centurions,7/11/2021,Cologne,Suedstadion,15:00,17:42,Y,2:42,1500,22,NA,Cloudy,Walentynowicy,FG,2,6,CC15,"V,2,6,H15","8,9,61","RUSH:22,H11, TACK:32,48",G. Ameln rush for 4 yards to the CC11 (R. Grooten;K. Bongaerts).,"V,3,2,H11",rush,NA,NA,0,13,0,NA,0,8,V,FG,"PUNT,2,14:50,29","TD,2,10:24,100",8,71,4:26,PUNT,2,14:50,FG29,TD,2,10:24,CC00,1
2021_04_FG_CC,FG,CC,Frankfurt Galaxy,Cologne Centurions,7/11/2021,Cologne,Suedstadion,15:00,17:42,Y,2:42,1500,22,NA,Cloudy,Walentynowicy,FG,3,2,CC11,"V,3,2,H11","8,10,62","PASS:7,C,86,H00 T:10:24 PEN:H,EN,D","J. Sullivan pass complete to L. Regler for 11 yards to the CC0, 1ST DOWN FG, TOUCHDOWN, clock 10:24, PENALTY CC encroachment declined.","V,1,10,H15",pass,NA,pass,1,19,0,10:24,0,8,V,FG,"PUNT,2,14:50,29","TD,2,10:24,100",8,71,4:26,PUNT,2,14:50,FG29,TD,2,10:24,CC00,1
2021_04_FG_CC,FG,CC,Frankfurt Galaxy,Cologne Centurions,7/11/2021,Cologne,Suedstadion,15:00,17:42,Y,2:42,1500,22,NA,Cloudy,Walentynowicy,FG,1,10,CC15,"V,1,10,H15","8,11,63","PAT:P,7/13,G",J. Sullivan pass attempt to M. Rutsch good.,"V,1,0,V30",pat,NA,NA,1,21,0,NA,0,8,V,FG,"PUNT,2,14:50,29","TD,2,10:24,100",8,71,4:26,PUNT,2,14:50,FG29,TD,2,10:24,CC00,1
2021_04_FG_CC,FG,CC,Frankfurt Galaxy,Cologne Centurions,7/11/2021,Cologne,Suedstadion,15:00,17:42,Y,2:42,1500,22,NA,Cloudy,Walentynowicy,FG,1,0,FG30,"V,1,0,V30","8,12,64","KO:83,H07 RET:1,H33 TACK:20,47","L. Sack kickoff 63 yards to the CC7, Q. Pounds return 26 yards to the CC33 (S. Olschok;J. Sauren).","H,1,10,H33",kick_off,NA,NA,0,21,0,NA,0,8,V,FG,"PUNT,2,14:50,29","TD,2,10:24,100",8,71,4:26,PUNT,2,14:50,FG29,TD,2,10:24,CC00,1
2021_04_FG_CC,FG,CC,Frankfurt Galaxy,Cologne Centurions,7/11/2021,Cologne,Suedstadion,15:00,17:42,Y,2:42,1500,22,NA,Cloudy,Walentynowicy,CC,1,10,CC33,"H,1,10,H33","9,1,65",{DRIVE}:10:17,COLOGNE CENTURIONS drive start at 10:17.,"H,1,10,H33",NA,NA,NA,0,21,0,10:17,0,9,H,CC,"KO,2,10:17,33","PUNT,2,09:10,28",3,-5,1:07,KO,2,10:17,CC33,PUNT,2,09:10,CC28,NA
2021_04_FG_CC,FG,CC,Frankfurt Galaxy,Cologne Centurions,7/11/2021,Cologne,Suedstadion,15:00,17:42,Y,2:42,1500,22,NA,Cloudy,Walentynowicy,CC,1,10,CC33,"H,1,10,H33","9,2,66","PEN:H,FS,A,28,H33,N",PENALTY CC false start (M. London) 0 yards to the CC33.,"H,1,10,H33",penalty,NA,NA,0,21,0,NA,0,9,H,CC,"KO,2,10:17,33","PUNT,2,09:10,28",3,-5,1:07,KO,2,10:17,CC33,PUNT,2,09:10,CC28,NA
2021_04_FG_CC,FG,CC,Frankfurt Galaxy,Cologne Centurions,7/11/2021,Cologne,Suedstadion,15:00,17:42,Y,2:42,1500,22,NA,Cloudy,Walentynowicy,CC,1,10,CC33,"H,1,10,H33","9,3,67","RUSH:28,H28, TACK:90",M. London rush for loss of 5 yards to the CC28 (M. A. Hor).,"H,2,15,H28",rush,NA,NA,0,21,0,NA,0,9,H,CC,"KO,2,10:17,33","PUNT,2,09:10,28",3,-5,1:07,KO,2,10:17,CC33,PUNT,2,09:10,CC28,NA
2021_04_FG_CC,FG,CC,Frankfurt Galaxy,Cologne Centurions,7/11/2021,Cologne,Suedstadion,15:00,17:42,Y,2:42,1500,22,NA,Cloudy,Walentynowicy,CC,2,15,CC28,"H,2,15,H28","9,4,68","PASS:12,I,1,*",J. Weinreich pass incomplete to Q. Pounds.,"H,3,15,H28",pass,NA,NA,0,21,0,NA,0,9,H,CC,"KO,2,10:17,33","PUNT,2,09:10,28",3,-5,1:07,KO,2,10:17,CC33,PUNT,2,09:10,CC28,NA
2021_04_FG_CC,FG,CC,Frankfurt Galaxy,Cologne Centurions,7/11/2021,Cologne,Suedstadion,15:00,17:42,Y,2:42,1500,22,NA,Cloudy,Walentynowicy,CC,3,15,CC28,"H,3,15,H28","9,5,69","PASS:12,I,11,*",J. Weinreich pass incomplete to N. Aarass.,"H,4,15,H28",pass,NA,NA,0,21,0,NA,0,9,H,CC,"KO,2,10:17,33","PUNT,2,09:10,28",3,-5,1:07,KO,2,10:17,CC33,PUNT,2,09:10,CC28,NA
2021_04_FG_CC,FG,CC,Frankfurt Galaxy,Cologne Centurions,7/11/2021,Cologne,Suedstadion,15:00,17:42,Y,2:42,1500,22,NA,Cloudy,Walentynowicy,CC,4,15,CC28,"H,4,15,H28","9,6,70","PUNT:81,V43 DN: BLOCK:26","V. Roediger punt 29 yards to the FG43, downed (blocked by P. Devoe).","V,1,10,V43",punt,NA,NA,0,21,0,NA,0,9,H,CC,"KO,2,10:17,33","PUNT,2,09:10,28",3,-5,1:07,KO,2,10:17,CC33,PUNT,2,09:10,CC28,NA
2021_04_FG_CC,FG,CC,Frankfurt Galaxy,Cologne Centurions,7/11/2021,Cologne,Suedstadion,15:00,17:42,Y,2:42,1500,22,NA,Cloudy,Walentynowicy,FG,1,10,FG43,"V,1,10,V43","10,1,71",{DRIVE}:09:10,FRANKFURT GALAXY drive start at 09:10.,"V,1,10,V43",NA,NA,NA,0,21,0,09:10,0,10,V,FG,"PUNT,2,09:10,43","POSS,2,06:46,93",3,50,2:24,PUNT,2,09:10,FG43,POSS,2,06:46,CC07,NA
2021_04_FG_CC,FG,CC,Frankfurt Galaxy,Cologne Centurions,7/11/2021,Cologne,Suedstadion,15:00,17:42,Y,2:42,1500,22,NA,Cloudy,Walentynowicy,FG,1,10,FG43,"V,1,10,V43","10,2,72","RUSH:33,V49, TACK:32,48",J. Rodney rush for 6 yards to the FG49 (R. Grooten;K. Bongaerts).,"V,2,4,V49",rush,NA,NA,0,21,0,NA,0,10,V,FG,"PUNT,2,09:10,43","POSS,2,06:46,93",3,50,2:24,PUNT,2,09:10,FG43,POSS,2,06:46,CC07,NA
2021_04_FG_CC,FG,CC,Frankfurt Galaxy,Cologne Centurions,7/11/2021,Cologne,Suedstadion,15:00,17:42,Y,2:42,1500,22,NA,Cloudy,Walentynowicy,FG,2,4,FG49,"V,2,4,V49","10,3,73","PEN:V,FS,A,13,V44,N",PENALTY FG false start (M. Rutsch) 5 yards to the FG44.,"V,2,9,V44",penalty,NA,NA,0,21,0,NA,0,10,V,FG,"PUNT,2,09:10,43","POSS,2,06:46,93",3,50,2:24,PUNT,2,09:10,FG43,POSS,2,06:46,CC07,NA
2021_04_FG_CC,FG,CC,Frankfurt Galaxy,Cologne Centurions,7/11/2021,Cologne,Suedstadion,15:00,17:42,Y,2:42,1500,22,NA,Cloudy,Walentynowicy,FG,2,9,FG44,"V,2,9,V44","10,4,74","PASS:7,I,13,*",J. Sullivan pass incomplete to M. Rutsch.,"V,3,9,V44",pass,NA,NA,0,21,0,NA,0,10,V,FG,"PUNT,2,09:10,43","POSS,2,06:46,93",3,50,2:24,PUNT,2,09:10,FG43,POSS,2,06:46,CC07,NA
2021_04_FG_CC,FG,CC,Frankfurt Galaxy,Cologne Centurions,7/11/2021,Cologne,Suedstadion,15:00,17:42,Y,2:42,1500,22,NA,Cloudy,Walentynowicy,FG,3,9,FG44,"V,3,9,V44","10,5,75","RUSH:33,V43, TACK:44",J. Rodney rush for loss of 1 yard to the FG43 (M. Kensy).,"V,4,10,V43",rush,NA,NA,0,21,0,NA,0,10,V,FG,"PUNT,2,09:10,43","POSS,2,06:46,93",3,50,2:24,PUNT,2,09:10,FG43,POSS,2,06:46,CC07,NA
2021_04_FG_CC,FG,CC,Frankfurt Galaxy,Cologne Centurions,7/11/2021,Cologne,Suedstadion,15:00,17:42,Y,2:42,1500,22,NA,Cloudy,Walentynowicy,FG,4,10,FG43,"V,4,10,V43","10,6,76","PUNT:82,H10 RET:1,V00 T:06:46 PEN:H,BL,A,TM,H07,N NOPLAY:","H. Schwarz punt 47 yards to the CC10, Q. Pounds return to the FG0, clock 06:46, PENALTY CC illegal block 50 yards to the CC7, 1ST DOWN FG, NO PLAY.","V,1,0,H07",penalty,NA,penalty,0,21,0,06:46,0,10,V,FG,"PUNT,2,09:10,43","POSS,2,06:46,93",3,50,2:24,PUNT,2,09:10,FG43,POSS,2,06:46,CC07,NA
2021_04_FG_CC,FG,CC,Frankfurt Galaxy,Cologne Centurions,7/11/2021,Cologne,Suedstadion,15:00,17:42,Y,2:42,1500,22,NA,Cloudy,Walentynowicy,FG,1,0,CC07,"V,1,0,H07","10,7,77","D:1,10",1st and 10.,"V,1,0,H07",NA,NA,NA,0,21,0,NA,0,10,V,FG,"PUNT,2,09:10,43","POSS,2,06:46,93",3,50,2:24,PUNT,2,09:10,FG43,POSS,2,06:46,CC07,NA
2021_04_FG_CC,FG,CC,Frankfurt Galaxy,Cologne Centurions,7/11/2021,Cologne,Suedstadion,15:00,17:42,Y,2:42,1500,22,NA,Cloudy,Walentynowicy,FG,1,0,CC07,"V,1,0,H07","10,8,78","POSS: SPOT:H,H07,Y D:1,10","Change of possession, CC ball on CC7, 1st and 10.","H,1,10,H07",NA,NA,NA,0,21,0,NA,0,10,V,FG,"PUNT,2,09:10,43","POSS,2,06:46,93",3,50,2:24,PUNT,2,09:10,FG43,POSS,2,06:46,CC07,NA
2021_04_FG_CC,FG,CC,Frankfurt Galaxy,Cologne Centurions,7/11/2021,Cologne,Suedstadion,15:00,17:42,Y,2:42,1500,22,NA,Cloudy,Walentynowicy,CC,1,10,CC07,"H,1,10,H07","11,1,79","{DRIVE}:06:46 RUSH:28,H07, TACK:55","COLOGNE CENTURIONS drive start at 06:46, M. London rush for no gain to the CC7 (V. Valasti).","H,2,10,H07",rush,NA,NA,0,21,0,06:46,0,11,H,CC,"POSS,2,06:46,7","PUNT,2,04:42,13",3,6,2:04,POSS,2,06:46,CC07,PUNT,2,04:42,CC13,NA
2021_04_FG_CC,FG,CC,Frankfurt Galaxy,Cologne Centurions,7/11/2021,Cologne,Suedstadion,15:00,17:42,Y,2:42,1500,22,NA,Cloudy,Walentynowicy,CC,2,10,CC07,"H,2,10,H07","11,2,80","RUSH:28,H14, TACK:43",M. London rush for 7 yards to the CC14 (J. Silva Gomez).,"H,3,3,H14",rush,NA,NA,0,21,0,NA,0,11,H,CC,"POSS,2,06:46,7","PUNT,2,04:42,13",3,6,2:04,POSS,2,06:46,CC07,PUNT,2,04:42,CC13,NA
2021_04_FG_CC,FG,CC,Frankfurt Galaxy,Cologne Centurions,7/11/2021,Cologne,Suedstadion,15:00,17:42,Y,2:42,1500,22,NA,Cloudy,Walentynowicy,CC,3,3,CC14,"H,3,3,H14","11,3,81","RUSH:28,H13, TACK:40,43",M. London rush for loss of 1 yard to the CC13 (K. King;J. Silva Gomez).,"H,4,4,H13",rush,NA,NA,0,21,0,NA,0,11,H,CC,"POSS,2,06:46,7","PUNT,2,04:42,13",3,6,2:04,POSS,2,06:46,CC07,PUNT,2,04:42,CC13,NA
2021_04_FG_CC,FG,CC,Frankfurt Galaxy,Cologne Centurions,7/11/2021,Cologne,Suedstadion,15:00,17:42,Y,2:42,1500,22,NA,Cloudy,Walentynowicy,CC,4,4,CC13,"H,4,4,H13","11,4,82","PUNT:81,H40 OB:","V. Roediger punt 27 yards to the CC40, out-of-bounds.","V,1,10,H40",punt,NA,NA,0,21,0,NA,1,11,H,CC,"POSS,2,06:46,7","PUNT,2,04:42,13",3,6,2:04,POSS,2,06:46,CC07,PUNT,2,04:42,CC13,NA
2021_04_FG_CC,FG,CC,Frankfurt Galaxy,Cologne Centurions,7/11/2021,Cologne,Suedstadion,15:00,17:42,Y,2:42,1500,22,NA,Cloudy,Walentynowicy,FG,1,10,CC40,"V,1,10,H40","12,1,83",{DRIVE}:04:42,FRANKFURT GALAXY drive start at 04:42.,"V,1,10,H40",NA,NA,NA,0,21,0,04:42,0,12,V,FG,"PUNT,2,04:42,60","TD,2,03:05,100",4,40,1:37,PUNT,2,04:42,CC40,TD,2,03:05,CC00,NA
2021_04_FG_CC,FG,CC,Frankfurt Galaxy,Cologne Centurions,7/11/2021,Cologne,Suedstadion,15:00,17:42,Y,2:42,1500,22,NA,Cloudy,Walentynowicy,FG,1,10,CC40,"V,1,10,H40","12,2,84","RUSH:22,H25, TACK:24","G. Ameln rush for 15 yards to the CC25, 1ST DOWN FG (D. Jacobs).","V,1,10,H25",rush,NA,rush,0,21,0,NA,0,12,V,FG,"PUNT,2,04:42,60","TD,2,03:05,100",4,40,1:37,PUNT,2,04:42,CC40,TD,2,03:05,CC00,NA
2021_04_FG_CC,FG,CC,Frankfurt Galaxy,Cologne Centurions,7/11/2021,Cologne,Suedstadion,15:00,17:42,Y,2:42,1500,22,NA,Cloudy,Walentynowicy,FG,1,10,CC25,"V,1,10,H25","12,3,85","PASS:7,I,11,*",J. Sullivan pass incomplete to A. Mahoungou.,"V,2,10,H25",pass,NA,NA,0,21,0,NA,0,12,V,FG,"PUNT,2,04:42,60","TD,2,03:05,100",4,40,1:37,PUNT,2,04:42,CC40,TD,2,03:05,CC00,NA
2021_04_FG_CC,FG,CC,Frankfurt Galaxy,Cologne Centurions,7/11/2021,Cologne,Suedstadion,15:00,17:42,Y,2:42,1500,22,NA,Cloudy,Walentynowicy,FG,2,10,CC25,"V,2,10,H25","12,4,86","RUSH:22,H20, TACK:91",G. Ameln rush for 5 yards to the CC20 (R. Sellung).,"V,3,5,H20",rush,NA,NA,0,21,0,NA,0,12,V,FG,"PUNT,2,04:42,60","TD,2,03:05,100",4,40,1:37,PUNT,2,04:42,CC40,TD,2,03:05,CC00,NA
2021_04_FG_CC,FG,CC,Frankfurt Galaxy,Cologne Centurions,7/11/2021,Cologne,Suedstadion,15:00,17:42,Y,2:42,1500,22,NA,Cloudy,Walentynowicy,FG,3,5,CC20,"V,3,5,H20","12,5,87","PASS:7,C,11,H00 T:03:05","J. Sullivan pass complete to A. Mahoungou for 20 yards to the CC0, 1ST DOWN FG, TOUCHDOWN, clock 03:05.","V,1,10,H15",pass,NA,pass,1,27,0,03:05,0,12,V,FG,"PUNT,2,04:42,60","TD,2,03:05,100",4,40,1:37,PUNT,2,04:42,CC40,TD,2,03:05,CC00,NA
2021_04_FG_CC,FG,CC,Frankfurt Galaxy,Cologne Centurions,7/11/2021,Cologne,Suedstadion,15:00,17:42,Y,2:42,1500,22,NA,Cloudy,Walentynowicy,FG,1,10,CC15,"V,1,10,H15","12,6,88","PAT:K,15,G",M. Siemssen kick attempt good.,"V,1,0,V30",pat,NA,NA,1,28,0,NA,0,12,V,FG,"PUNT,2,04:42,60","TD,2,03:05,100",4,40,1:37,PUNT,2,04:42,CC40,TD,2,03:05,CC00,NA
2021_04_FG_CC,FG,CC,Frankfurt Galaxy,Cologne Centurions,7/11/2021,Cologne,Suedstadion,15:00,17:42,Y,2:42,1500,22,NA,Cloudy,Walentynowicy,FG,1,0,FG30,"V,1,0,V30","12,7,89","KO:83,H07 RET:1,H20 TACK:28","L. Sack kickoff 63 yards to the CC7, Q. Pounds return 13 yards to the CC20 (S. Otto).","H,1,10,H20",kick_off,NA,NA,0,28,0,NA,0,12,V,FG,"PUNT,2,04:42,60","TD,2,03:05,100",4,40,1:37,PUNT,2,04:42,CC40,TD,2,03:05,CC00,NA
2021_04_FG_CC,FG,CC,Frankfurt Galaxy,Cologne Centurions,7/11/2021,Cologne,Suedstadion,15:00,17:42,Y,2:42,1500,22,NA,Cloudy,Walentynowicy,CC,1,10,CC20,"H,1,10,H20","13,1,90","{DRIVE}:03:05 SPOT:H,H10,Y","COLOGNE CENTURIONS drive start at 03:05, CC ball on CC10.","H,1,10,H10",NA,NA,NA,0,28,0,03:05,0,13,H,CC,"KO,2,03:05,10","PUNT,2,00:59,42",5,32,2:06,KO,2,03:05,CC10,PUNT,2,00:59,CC42,NA
2021_04_FG_CC,FG,CC,Frankfurt Galaxy,Cologne Centurions,7/11/2021,Cologne,Suedstadion,15:00,17:42,Y,2:42,1500,22,NA,Cloudy,Walentynowicy,CC,1,10,CC10,"H,1,10,H10","13,2,91","RUSH:28,H17, TACK:40,23",M. London rush for 7 yards to the CC17 (K. King;D. Cooper).,"H,2,3,H17",rush,NA,NA,0,28,0,NA,0,13,H,CC,"KO,2,03:05,10","PUNT,2,00:59,42",5,32,2:06,KO,2,03:05,CC10,PUNT,2,00:59,CC42,NA
2021_04_FG_CC,FG,CC,Frankfurt Galaxy,Cologne Centurions,7/11/2021,Cologne,Suedstadion,15:00,17:42,Y,2:42,1500,22,NA,Cloudy,Walentynowicy,CC,2,3,CC17,"H,2,3,H17","13,3,92","PASS:12,C,1,H25 TACK:41,40 PEN:V,UR,A,95,H39,N","J. Weinreich pass complete to Q. Pounds for 8 yards to the CC25, 1ST DOWN CC (S. Gauthier;K. King), PENALTY FG UR (M. Konya) 14 yards to the CC39, 1ST DOWN CC.","H,1,10,H39",pass,NA,pass,0,28,0,NA,0,13,H,CC,"KO,2,03:05,10","PUNT,2,00:59,42",5,32,2:06,KO,2,03:05,CC10,PUNT,2,00:59,CC42,NA
2021_04_FG_CC,FG,CC,Frankfurt Galaxy,Cologne Centurions,7/11/2021,Cologne,Suedstadion,15:00,17:42,Y,2:42,1500,22,NA,Cloudy,Walentynowicy,CC,1,10,CC39,"H,1,10,H39","13,4,93","D:1,10 RUSH:28,H42, TACK:14","1st and 10, M. London rush for 3 yards to the CC42 (J. Poznanski).","H,2,7,H42",rush,NA,NA,0,28,0,NA,0,13,H,CC,"KO,2,03:05,10","PUNT,2,00:59,42",5,32,2:06,KO,2,03:05,CC10,PUNT,2,00:59,CC42,NA
2021_04_FG_CC,FG,CC,Frankfurt Galaxy,Cologne Centurions,7/11/2021,Cologne,Suedstadion,15:00,17:42,Y,2:42,1500,22,NA,Cloudy,Walentynowicy,CC,2,7,CC42,"H,2,7,H42","13,5,94","PASS:12,I,TM,*",J. Weinreich pass incomplete.,"H,3,7,H42",pass,NA,NA,0,28,0,NA,0,13,H,CC,"KO,2,03:05,10","PUNT,2,00:59,42",5,32,2:06,KO,2,03:05,CC10,PUNT,2,00:59,CC42,NA
2021_04_FG_CC,FG,CC,Frankfurt Galaxy,Cologne Centurions,7/11/2021,Cologne,Suedstadion,15:00,17:42,Y,2:42,1500,22,NA,Cloudy,Walentynowicy,CC,3,7,CC42,"H,3,7,H42","13,6,95",TOUT:H T:01:18,"Timeout Cologne Centurions, clock 01:18.","H,3,7,H42",NA,NA,NA,0,28,0,01:18,0,13,H,CC,"KO,2,03:05,10","PUNT,2,00:59,42",5,32,2:06,KO,2,03:05,CC10,PUNT,2,00:59,CC42,NA
2021_04_FG_CC,FG,CC,Frankfurt Galaxy,Cologne Centurions,7/11/2021,Cologne,Suedstadion,15:00,17:42,Y,2:42,1500,22,NA,Cloudy,Walentynowicy,CC,3,7,CC42,"H,3,7,H42","13,7,96","PASS:12,I,4,*",J. Weinreich pass incomplete to G. Ngovo.,"H,4,7,H42",pass,NA,NA,0,28,0,NA,0,13,H,CC,"KO,2,03:05,10","PUNT,2,00:59,42",5,32,2:06,KO,2,03:05,CC10,PUNT,2,00:59,CC42,NA
2021_04_FG_CC,FG,CC,Frankfurt Galaxy,Cologne Centurions,7/11/2021,Cologne,Suedstadion,15:00,17:42,Y,2:42,1500,22,NA,Cloudy,Walentynowicy,CC,4,7,CC42,"H,4,7,H42","13,8,97","PUNT:81,V22 RET:10,V48 TACK:22","V. Roediger punt 36 yards to the FG22, O. Williams return 26 yards to the FG48 (T. Yagmur).","V,1,10,V48",punt,NA,NA,0,28,0,NA,0,13,H,CC,"KO,2,03:05,10","PUNT,2,00:59,42",5,32,2:06,KO,2,03:05,CC10,PUNT,2,00:59,CC42,NA
2021_04_FG_CC,FG,CC,Frankfurt Galaxy,Cologne Centurions,7/11/2021,Cologne,Suedstadion,15:00,17:42,Y,2:42,1500,22,NA,Cloudy,Walentynowicy,FG,1,10,FG48,"V,1,10,V48","14,1,98",{DRIVE}:00:59,FRANKFURT GALAXY drive start at 00:59.,"V,1,10,V48",NA,NA,NA,0,28,0,00:59,0,14,V,FG,"PUNT,2,00:59,48","FG,3,15:00,74",7,26,0:59,PUNT,2,00:59,FG48,FG,3,15:00,CC26,NA
2021_04_FG_CC,FG,CC,Frankfurt Galaxy,Cologne Centurions,7/11/2021,Cologne,Suedstadion,15:00,17:42,Y,2:42,1500,22,NA,Cloudy,Walentynowicy,FG,1,10,FG48,"V,1,10,V48","14,2,99","PASS:7,I,86,*",J. Sullivan pass incomplete to L. Regler.,"V,2,10,V48",pass,NA,NA,0,28,0,NA,0,14,V,FG,"PUNT,2,00:59,48","FG,3,15:00,74",7,26,0:59,PUNT,2,00:59,FG48,FG,3,15:00,CC26,NA
2021_04_FG_CC,FG,CC,Frankfurt Galaxy,Cologne Centurions,7/11/2021,Cologne,Suedstadion,15:00,17:42,Y,2:42,1500,22,NA,Cloudy,Walentynowicy,FG,2,10,FG48,"V,2,10,V48","14,3,100","PASS:7,I,22,*",J. Sullivan pass incomplete to G. Ameln.,"V,3,10,V48",pass,NA,NA,0,28,0,NA,0,14,V,FG,"PUNT,2,00:59,48","FG,3,15:00,74",7,26,0:59,PUNT,2,00:59,FG48,FG,3,15:00,CC26,NA
2021_04_FG_CC,FG,CC,Frankfurt Galaxy,Cologne Centurions,7/11/2021,Cologne,Suedstadion,15:00,17:42,Y,2:42,1500,22,NA,Cloudy,Walentynowicy,FG,3,10,FG48,"V,3,10,V48","14,4,101","RUSH:7,H38, TACK:44,1","J. Sullivan rush for 14 yards to the CC38, 1ST DOWN FG (M. Kensy;Q. Pounds).","V,1,10,H38",rush,NA,rush,0,28,0,NA,0,14,V,FG,"PUNT,2,00:59,48","FG,3,15:00,74",7,26,0:59,PUNT,2,00:59,FG48,FG,3,15:00,CC26,NA
2021_04_FG_CC,FG,CC,Frankfurt Galaxy,Cologne Centurions,7/11/2021,Cologne,Suedstadion,15:00,17:42,Y,2:42,1500,22,NA,Cloudy,Walentynowicy,FG,1,10,CC38,"V,1,10,H38","14,5,102",TOUT:V T:00:41,"Timeout Frankfurt Galaxy, clock 00:41.","V,1,10,H38",NA,NA,NA,0,28,0,00:41,0,14,V,FG,"PUNT,2,00:59,48","FG,3,15:00,74",7,26,0:59,PUNT,2,00:59,FG48,FG,3,15:00,CC26,NA
2021_04_FG_CC,FG,CC,Frankfurt Galaxy,Cologne Centurions,7/11/2021,Cologne,Suedstadion,15:00,17:42,Y,2:42,1500,22,NA,Cloudy,Walentynowicy,FG,1,10,CC38,"V,1,10,H38","14,6,103","PASS:7,C,11,H38 TACK:32",J. Sullivan pass complete to A. Mahoungou for no gain to the CC38 (R. Grooten).,"V,2,10,H38",pass,NA,NA,0,28,0,NA,0,14,V,FG,"PUNT,2,00:59,48","FG,3,15:00,74",7,26,0:59,PUNT,2,00:59,FG48,FG,3,15:00,CC26,NA
2021_04_FG_CC,FG,CC,Frankfurt Galaxy,Cologne Centurions,7/11/2021,Cologne,Suedstadion,15:00,17:42,Y,2:42,1500,22,NA,Cloudy,Walentynowicy,FG,2,10,CC38,"V,2,10,H38","14,7,104","PASS:7,I,13,*",J. Sullivan pass incomplete to M. Rutsch.,"V,3,10,H38",pass,NA,NA,0,28,0,NA,0,14,V,FG,"PUNT,2,00:59,48","FG,3,15:00,74",7,26,0:59,PUNT,2,00:59,FG48,FG,3,15:00,CC26,NA
2021_04_FG_CC,FG,CC,Frankfurt Galaxy,Cologne Centurions,7/11/2021,Cologne,Suedstadion,15:00,17:42,Y,2:42,1500,22,NA,Cloudy,Walentynowicy,FG,3,10,CC38,"V,3,10,H38","14,8,105","PASS:7,C,13,H26 OB:","J. Sullivan pass complete to M. Rutsch for 12 yards to the CC26, 1ST DOWN FG, out-of-bounds.","V,1,10,H26",pass,NA,pass,0,28,0,NA,1,14,V,FG,"PUNT,2,00:59,48","FG,3,15:00,74",7,26,0:59,PUNT,2,00:59,FG48,FG,3,15:00,CC26,NA
2021_04_FG_CC,FG,CC,Frankfurt Galaxy,Cologne Centurions,7/11/2021,Cologne,Suedstadion,15:00,17:42,Y,2:42,1500,22,NA,Cloudy,Walentynowicy,FG,1,10,CC26,"V,1,10,H26","14,9,106","FGA:15,43,G T:00:00","M. Siemssen field goal attempt from 43 GOOD, clock 00:00.","V,1,0,V30",field_goal,NA,NA,1,31,0,00:00,0,14,V,FG,"PUNT,2,00:59,48","FG,3,15:00,74",7,26,0:59,PUNT,2,00:59,FG48,FG,3,15:00,CC26,NA
2021_04_FG_CC,FG,CC,Frankfurt Galaxy,Cologne Centurions,7/11/2021,Cologne,Suedstadion,15:00,17:42,Y,2:42,1500,22,NA,Cloudy,Walentynowicy,FG,1,0,FG30,"V,1,0,V30","14,10,107",HALF: T:00:00,"End of half, clock 00:00.","V,1,0,V30",NA,NA,NA,0,31,0,00:00,0,14,V,FG,"PUNT,2,00:59,48","FG,3,15:00,74",7,26,0:59,PUNT,2,00:59,FG48,FG,3,15:00,CC26,NA
2021_04_FG_CC,FG,CC,Frankfurt Galaxy,Cologne Centurions,7/11/2021,Cologne,Suedstadion,15:00,17:42,Y,2:42,1500,22,NA,Cloudy,Walentynowicy,FG,1,0,FG30,"V,1,0,V30","14,11,108",Q:3 T:15:00,"Start of 3rd quarter, clock 15:00.","V,1,0,V30",NA,NA,NA,0,31,0,15:00,0,14,V,FG,"PUNT,2,00:59,48","FG,3,15:00,74",7,26,0:59,PUNT,2,00:59,FG48,FG,3,15:00,CC26,NA
2021_04_FG_CC,FG,CC,Frankfurt Galaxy,Cologne Centurions,7/11/2021,Cologne,Suedstadion,15:00,17:42,Y,2:42,1500,22,NA,Cloudy,Walentynowicy,FG,1,0,FG30,"V,1,0,V30","14,12,109","KO:2,V00 TB:","2 kickoff -30 yards to the FG0, touchback.","H,1,10,H20",kick_off,NA,NA,0,31,0,NA,0,14,V,FG,"PUNT,2,00:59,48","FG,3,15:00,74",7,26,0:59,PUNT,2,00:59,FG48,FG,3,15:00,CC26,NA
2021_04_FG_CC,FG,CC,Frankfurt Galaxy,Cologne Centurions,7/11/2021,Cologne,Suedstadion,15:00,17:42,Y,2:42,1500,22,NA,Cloudy,Walentynowicy,CC,1,10,CC20,"H,1,10,H20","15,1,110","POSS: SPOT:V,V25,Y D:1,10","Change of possession, FG ball on FG25, 1st and 10.","V,1,10,V25",NA,NA,NA,0,31,0,NA,0,15,H,CC,"KO,3,15:00,20","POSS,3,15:00,20",0,0,0:00,KO,3,15:00,CC20,POSS,3,15:00,CC20,NA
2021_04_FG_CC,FG,CC,Frankfurt Galaxy,Cologne Centurions,7/11/2021,Cologne,Suedstadion,15:00,17:42,Y,2:42,1500,22,NA,Cloudy,Walentynowicy,FG,1,10,FG25,"V,1,10,V25","16,1,111","{DRIVE}:15:00 PASS:7,C,82,V34 TACK:1","FRANKFURT GALAXY drive start at 15:00, J. Sullivan pass complete to H. Schwarz for 9 yards to the FG34 (Q. Pounds).","V,2,1,V34",pass,NA,NA,0,31,0,15:00,0,16,V,FG,"POSS,3,15:00,25","TD,3,10:57,100",7,75,4:03,POSS,3,15:00,FG25,TD,3,10:57,CC00,NA
2021_04_FG_CC,FG,CC,Frankfurt Galaxy,Cologne Centurions,7/11/2021,Cologne,Suedstadion,15:00,17:42,Y,2:42,1500,22,NA,Cloudy,Walentynowicy,FG,2,1,FG34,"V,2,1,V34","16,2,112","RUSH:22,V39,","G. Ameln rush for 5 yards to the FG39, 1ST DOWN FG.","V,1,10,V39",rush,NA,rush,0,31,0,NA,0,16,V,FG,"POSS,3,15:00,25","TD,3,10:57,100",7,75,4:03,POSS,3,15:00,FG25,TD,3,10:57,CC00,NA
2021_04_FG_CC,FG,CC,Frankfurt Galaxy,Cologne Centurions,7/11/2021,Cologne,Suedstadion,15:00,17:42,Y,2:42,1500,22,NA,Cloudy,Walentynowicy,FG,1,10,FG39,"V,1,10,V39","16,3,113","PASS:7,C,15,V47 TACK:1",J. Sullivan pass complete to M. Siemssen for 8 yards to the FG47 (Q. Pounds).,"V,2,2,V47",pass,NA,NA,0,31,0,NA,0,16,V,FG,"POSS,3,15:00,25","TD,3,10:57,100",7,75,4:03,POSS,3,15:00,FG25,TD,3,10:57,CC00,NA
2021_04_FG_CC,FG,CC,Frankfurt Galaxy,Cologne Centurions,7/11/2021,Cologne,Suedstadion,15:00,17:42,Y,2:42,1500,22,NA,Cloudy,Walentynowicy,FG,2,2,FG47,"V,2,2,V47","16,4,114","PASS:7,C,19,H41 TACK:32,31","J. Sullivan pass complete to N. Strahmann for 12 yards to the CC41, 1ST DOWN FG (R. Grooten;D. Lamy).","V,1,10,H41",pass,NA,pass,0,31,0,NA,0,16,V,FG,"POSS,3,15:00,25","TD,3,10:57,100",7,75,4:03,POSS,3,15:00,FG25,TD,3,10:57,CC00,NA
2021_04_FG_CC,FG,CC,Frankfurt Galaxy,Cologne Centurions,7/11/2021,Cologne,Suedstadion,15:00,17:42,Y,2:42,1500,22,NA,Cloudy,Walentynowicy,FG,1,10,CC41,"V,1,10,H41","16,5,115","RUSH:22,H28, TACK:23","G. Ameln rush for 13 yards to the CC28, 1ST DOWN FG (T. Janssen).","V,1,10,H28",rush,NA,rush,0,31,0,NA,0,16,V,FG,"POSS,3,15:00,25","TD,3,10:57,100",7,75,4:03,POSS,3,15:00,FG25,TD,3,10:57,CC00,NA
2021_04_FG_CC,FG,CC,Frankfurt Galaxy,Cologne Centurions,7/11/2021,Cologne,Suedstadion,15:00,17:42,Y,2:42,1500,22,NA,Cloudy,Walentynowicy,FG,1,10,CC28,"V,1,10,H28","16,6,116","RUSH:22,H23, TACK:58,48",G. Ameln rush for 5 yards to the CC23 (L. Weitz;K. Bongaerts).,"V,2,5,H23",rush,NA,NA,0,31,0,NA,0,16,V,FG,"POSS,3,15:00,25","TD,3,10:57,100",7,75,4:03,POSS,3,15:00,FG25,TD,3,10:57,CC00,NA
2021_04_FG_CC,FG,CC,Frankfurt Galaxy,Cologne Centurions,7/11/2021,Cologne,Suedstadion,15:00,17:42,Y,2:42,1500,22,NA,Cloudy,Walentynowicy,FG,2,5,CC23,"V,2,5,H23","16,7,117","PASS:7,C,84,H00 T:10:57","J. Sullivan pass complete to C. Sow for 23 yards to the CC0, 1ST DOWN FG, TOUCHDOWN, clock 10:57.","V,1,10,H15",pass,NA,pass,1,37,0,10:57,0,16,V,FG,"POSS,3,15:00,25","TD,3,10:57,100",7,75,4:03,POSS,3,15:00,FG25,TD,3,10:57,CC00,NA
2021_04_FG_CC,FG,CC,Frankfurt Galaxy,Cologne Centurions,7/11/2021,Cologne,Suedstadion,15:00,17:42,Y,2:42,1500,22,NA,Cloudy,Walentynowicy,FG,1,10,CC15,"V,1,10,H15","16,8,118","PAT:K,15,G",M. Siemssen kick attempt good.,"V,1,0,V30",pat,NA,NA,1,38,0,NA,0,16,V,FG,"POSS,3,15:00,25","TD,3,10:57,100",7,75,4:03,POSS,3,15:00,FG25,TD,3,10:57,CC00,NA
2021_04_FG_CC,FG,CC,Frankfurt Galaxy,Cologne Centurions,7/11/2021,Cologne,Suedstadion,15:00,17:42,Y,2:42,1500,22,NA,Cloudy,Walentynowicy,FG,1,0,FG30,"V,1,0,V30","16,9,119","KO:83,H00 TB:","L. Sack kickoff 70 yards to the CC0, touchback.","H,1,10,H20",kick_off,NA,NA,0,38,0,NA,0,16,V,FG,"POSS,3,15:00,25","TD,3,10:57,100",7,75,4:03,POSS,3,15:00,FG25,TD,3,10:57,CC00,NA
2021_04_FG_CC,FG,CC,Frankfurt Galaxy,Cologne Centurions,7/11/2021,Cologne,Suedstadion,15:00,17:42,Y,2:42,1500,22,NA,Cloudy,Walentynowicy,CC,1,10,CC20,"H,1,10,H20","17,1,120","{DRIVE}:10:52 PASS:12,C,43,H34 TACK:23,14","COLOGNE CENTURIONS drive start at 10:52, J. Weinreich pass complete to P. Poetsch for 14 yards to the CC34, 1ST DOWN CC (D. Cooper;J. Poznanski).","H,1,10,H34",pass,NA,pass,0,38,0,10:52,0,17,H,CC,"KO,3,10:52,20","TD,3,04:59,100",12,80,5:53,KO,3,10:52,CC20,TD,3,04:59,FG00,NA
2021_04_FG_CC,FG,CC,Frankfurt Galaxy,Cologne Centurions,7/11/2021,Cologne,Suedstadion,15:00,17:42,Y,2:42,1500,22,NA,Cloudy,Walentynowicy,CC,1,10,CC34,"H,1,10,H34","17,2,121","RUSH:28,H47, TACK:41","M. London rush for 13 yards to the CC47, 1ST DOWN CC (S. Gauthier).","H,1,10,H47",rush,NA,rush,0,38,0,NA,0,17,H,CC,"KO,3,10:52,20","TD,3,04:59,100",12,80,5:53,KO,3,10:52,CC20,TD,3,04:59,FG00,NA
2021_04_FG_CC,FG,CC,Frankfurt Galaxy,Cologne Centurions,7/11/2021,Cologne,Suedstadion,15:00,17:42,Y,2:42,1500,22,NA,Cloudy,Walentynowicy,CC,1,10,CC47,"H,1,10,H47","17,3,122","RUSH:28,V45, TACK:14",M. London rush for 8 yards to the FG45 (J. Poznanski).,"H,2,2,V45",rush,NA,NA,0,38,0,NA,0,17,H,CC,"KO,3,10:52,20","TD,3,04:59,100",12,80,5:53,KO,3,10:52,CC20,TD,3,04:59,FG00,NA
2021_04_FG_CC,FG,CC,Frankfurt Galaxy,Cologne Centurions,7/11/2021,Cologne,Suedstadion,15:00,17:42,Y,2:42,1500,22,NA,Cloudy,Walentynowicy,CC,2,2,FG45,"H,2,2,V45","17,4,123","RUSH:28,V42, TACK:46,90","M. London rush for 3 yards to the FG42, 1ST DOWN CC (O. Ogbevoen;M. A. Hor).","H,1,10,V42",rush,NA,rush,0,38,0,NA,0,17,H,CC,"KO,3,10:52,20","TD,3,04:59,100",12,80,5:53,KO,3,10:52,CC20,TD,3,04:59,FG00,NA
2021_04_FG_CC,FG,CC,Frankfurt Galaxy,Cologne Centurions,7/11/2021,Cologne,Suedstadion,15:00,17:42,Y,2:42,1500,22,NA,Cloudy,Walentynowicy,CC,1,10,FG42,"H,1,10,V42","17,5,124","PASS:12,C,1,H50 TACK:41",J. Weinreich pass complete to Q. Pounds for loss of 8 yards to the 50 yardline (S. Gauthier).,"H,2,18,H50",pass,NA,NA,0,38,0,NA,0,17,H,CC,"KO,3,10:52,20","TD,3,04:59,100",12,80,5:53,KO,3,10:52,CC20,TD,3,04:59,FG00,NA
2021_04_FG_CC,FG,CC,Frankfurt Galaxy,Cologne Centurions,7/11/2021,Cologne,Suedstadion,15:00,17:42,Y,2:42,1500,22,NA,Cloudy,Walentynowicy,CC,2,18,CC50,"H,2,18,H50","17,6,125","PASS:12,C,43,V38 TACK:14",J. Weinreich pass complete to P. Poetsch for 12 yards to the FG38 (J. Poznanski).,"H,3,6,V38",pass,NA,NA,0,38,0,NA,0,17,H,CC,"KO,3,10:52,20","TD,3,04:59,100",12,80,5:53,KO,3,10:52,CC20,TD,3,04:59,FG00,NA
2021_04_FG_CC,FG,CC,Frankfurt Galaxy,Cologne Centurions,7/11/2021,Cologne,Suedstadion,15:00,17:42,Y,2:42,1500,22,NA,Cloudy,Walentynowicy,CC,3,6,FG38,"H,3,6,V38","17,7,126","RUSH:28,V31, TACK:14","M. London rush for 7 yards to the FG31, 1ST DOWN CC (J. Poznanski).","H,1,10,V31",rush,NA,rush,0,38,0,NA,0,17,H,CC,"KO,3,10:52,20","TD,3,04:59,100",12,80,5:53,KO,3,10:52,CC20,TD,3,04:59,FG00,NA
2021_04_FG_CC,FG,CC,Frankfurt Galaxy,Cologne Centurions,7/11/2021,Cologne,Suedstadion,15:00,17:42,Y,2:42,1500,22,NA,Cloudy,Walentynowicy,CC,1,10,FG31,"H,1,10,V31","17,8,127","PASS:12,I,1,*",J. Weinreich pass incomplete to Q. Pounds.,"H,2,10,V31",pass,NA,NA,0,38,0,NA,0,17,H,CC,"KO,3,10:52,20","TD,3,04:59,100",12,80,5:53,KO,3,10:52,CC20,TD,3,04:59,FG00,NA
2021_04_FG_CC,FG,CC,Frankfurt Galaxy,Cologne Centurions,7/11/2021,Cologne,Suedstadion,15:00,17:42,Y,2:42,1500,22,NA,Cloudy,Walentynowicy,CC,2,10,FG31,"H,2,10,V31","17,9,128","RUSH:28,V27, TACK:46",M. London rush for 4 yards to the FG27 (O. Ogbevoen).,"H,3,6,V27",rush,NA,NA,0,38,0,NA,0,17,H,CC,"KO,3,10:52,20","TD,3,04:59,100",12,80,5:53,KO,3,10:52,CC20,TD,3,04:59,FG00,NA
2021_04_FG_CC,FG,CC,Frankfurt Galaxy,Cologne Centurions,7/11/2021,Cologne,Suedstadion,15:00,17:42,Y,2:42,1500,22,NA,Cloudy,Walentynowicy,CC,3,6,FG27,"H,3,6,V27","17,10,129","PASS:12,I,43,*",J. Weinreich pass incomplete to P. Poetsch.,"H,4,6,V27",pass,NA,NA,0,38,0,NA,0,17,H,CC,"KO,3,10:52,20","TD,3,04:59,100",12,80,5:53,KO,3,10:52,CC20,TD,3,04:59,FG00,NA
2021_04_FG_CC,FG,CC,Frankfurt Galaxy,Cologne Centurions,7/11/2021,Cologne,Suedstadion,15:00,17:42,Y,2:42,1500,22,NA,Cloudy,Walentynowicy,CC,4,6,FG27,"H,4,6,V27","17,11,130",TOUT:H T:05:43,"Timeout Cologne Centurions, clock 05:43.","H,4,6,V27",NA,NA,NA,0,38,0,05:43,0,17,H,CC,"KO,3,10:52,20","TD,3,04:59,100",12,80,5:53,KO,3,10:52,CC20,TD,3,04:59,FG00,NA
2021_04_FG_CC,FG,CC,Frankfurt Galaxy,Cologne Centurions,7/11/2021,Cologne,Suedstadion,15:00,17:42,Y,2:42,1500,22,NA,Cloudy,Walentynowicy,CC,4,6,FG27,"H,4,6,V27","17,12,131","PASS:12,C,14,V20 TACK:14","J. Weinreich pass complete to R. Akhlaghi for 7 yards to the FG20, 1ST DOWN CC (J. Poznanski).","H,1,10,V20",pass,NA,pass,0,38,0,NA,0,17,H,CC,"KO,3,10:52,20","TD,3,04:59,100",12,80,5:53,KO,3,10:52,CC20,TD,3,04:59,FG00,NA
2021_04_FG_CC,FG,CC,Frankfurt Galaxy,Cologne Centurions,7/11/2021,Cologne,Suedstadion,15:00,17:42,Y,2:42,1500,22,NA,Cloudy,Walentynowicy,CC,1,10,FG20,"H,1,10,V20","17,13,132","PASS:12,C,1,V00 T:04:59","J. Weinreich pass complete to Q. Pounds for 20 yards to the FG0, 1ST DOWN CC, TOUCHDOWN, clock 04:59.","H,1,10,V15",pass,NA,pass,1,38,6,04:59,0,17,H,CC,"KO,3,10:52,20","TD,3,04:59,100",12,80,5:53,KO,3,10:52,CC20,TD,3,04:59,FG00,NA
2021_04_FG_CC,FG,CC,Frankfurt Galaxy,Cologne Centurions,7/11/2021,Cologne,Suedstadion,15:00,17:42,Y,2:42,1500,22,NA,Cloudy,Walentynowicy,CC,1,10,FG15,"H,1,10,V15","17,14,133","PAT:K,2,G",D. Schuhmacher kick attempt good.,"H,1,0,H30",pat,NA,NA,1,38,7,NA,0,17,H,CC,"KO,3,10:52,20","TD,3,04:59,100",12,80,5:53,KO,3,10:52,CC20,TD,3,04:59,FG00,NA
2021_04_FG_CC,FG,CC,Frankfurt Galaxy,Cologne Centurions,7/11/2021,Cologne,Suedstadion,15:00,17:42,Y,2:42,1500,22,NA,Cloudy,Walentynowicy,CC,1,0,CC30,"H,1,0,H30","17,15,134","KO:2,V03 RET:25,V29 TACK:4","D. Schuhmacher kickoff 67 yards to the FG3, B. Barnes return 26 yards to the FG29 (G. Ngovo).","V,1,10,V29",kick_off,NA,NA,0,38,7,NA,0,17,H,CC,"KO,3,10:52,20","TD,3,04:59,100",12,80,5:53,KO,3,10:52,CC20,TD,3,04:59,FG00,NA
2021_04_FG_CC,FG,CC,Frankfurt Galaxy,Cologne Centurions,7/11/2021,Cologne,Suedstadion,15:00,17:42,Y,2:42,1500,22,NA,Cloudy,Walentynowicy,FG,1,10,FG29,"V,1,10,V29","18,1,135",{DRIVE}:04:49,FRANKFURT GALAXY drive start at 04:49.,"V,1,10,V29",NA,NA,NA,0,38,7,04:49,0,18,V,FG,"KO,3,04:49,29","PUNT,3,01:15,59",6,30,3:34,KO,3,04:49,FG29,PUNT,3,01:15,CC41,NA
2021_04_FG_CC,FG,CC,Frankfurt Galaxy,Cologne Centurions,7/11/2021,Cologne,Suedstadion,15:00,17:42,Y,2:42,1500,22,NA,Cloudy,Walentynowicy,FG,1,10,FG29,"V,1,10,V29","18,2,136","RUSH:33,V44, TACK:23,32","J. Rodney rush for 15 yards to the FG44, 1ST DOWN FG (T. Janssen;R. Grooten).","V,1,10,V44",rush,NA,rush,0,38,7,NA,0,18,V,FG,"KO,3,04:49,29","PUNT,3,01:15,59",6,30,3:34,KO,3,04:49,FG29,PUNT,3,01:15,CC41,NA
2021_04_FG_CC,FG,CC,Frankfurt Galaxy,Cologne Centurions,7/11/2021,Cologne,Suedstadion,15:00,17:42,Y,2:42,1500,22,NA,Cloudy,Walentynowicy,FG,1,10,FG44,"V,1,10,V44","18,3,137","PASS:7,C,13,V49 TACK:1",J. Sullivan pass complete to M. Rutsch for 5 yards to the FG49 (Q. Pounds).,"V,2,5,V49",pass,NA,NA,0,38,7,NA,0,18,V,FG,"KO,3,04:49,29","PUNT,3,01:15,59",6,30,3:34,KO,3,04:49,FG29,PUNT,3,01:15,CC41,NA
2021_04_FG_CC,FG,CC,Frankfurt Galaxy,Cologne Centurions,7/11/2021,Cologne,Suedstadion,15:00,17:42,Y,2:42,1500,22,NA,Cloudy,Walentynowicy,FG,2,5,FG49,"V,2,5,V49","18,4,138","RUSH:33,H45, TACK:44","J. Rodney rush for 6 yards to the CC45, 1ST DOWN FG (M. Kensy).","V,1,10,H45",rush,NA,rush,0,38,7,NA,0,18,V,FG,"KO,3,04:49,29","PUNT,3,01:15,59",6,30,3:34,KO,3,04:49,FG29,PUNT,3,01:15,CC41,NA
2021_04_FG_CC,FG,CC,Frankfurt Galaxy,Cologne Centurions,7/11/2021,Cologne,Suedstadion,15:00,17:42,Y,2:42,1500,22,NA,Cloudy,Walentynowicy,FG,1,10,CC45,"V,1,10,H45","18,5,139","RUSH:33,H39,",J. Rodney rush for 6 yards to the CC39.,"V,2,4,H39",rush,NA,NA,0,38,7,NA,0,18,V,FG,"KO,3,04:49,29","PUNT,3,01:15,59",6,30,3:34,KO,3,04:49,FG29,PUNT,3,01:15,CC41,NA
2021_04_FG_CC,FG,CC,Frankfurt Galaxy,Cologne Centurions,7/11/2021,Cologne,Suedstadion,15:00,17:42,Y,2:42,1500,22,NA,Cloudy,Walentynowicy,FG,2,4,CC39,"V,2,4,H39","18,6,140","PASS:7,B,13,* BRUP:24",J. Sullivan pass incomplete to M. Rutsch (D. Jacobs).,"V,3,4,H39",pass,NA,NA,0,38,7,NA,0,18,V,FG,"KO,3,04:49,29","PUNT,3,01:15,59",6,30,3:34,KO,3,04:49,FG29,PUNT,3,01:15,CC41,NA
2021_04_FG_CC,FG,CC,Frankfurt Galaxy,Cologne Centurions,7/11/2021,Cologne,Suedstadion,15:00,17:42,Y,2:42,1500,22,NA,Cloudy,Walentynowicy,FG,3,4,CC39,"V,3,4,H39","18,7,141","RUSH:33,H41, TACK:24,44",J. Rodney rush for loss of 2 yards to the CC41 (D. Jacobs;M. Kensy).,"V,4,6,H41",rush,NA,NA,0,38,7,NA,0,18,V,FG,"KO,3,04:49,29","PUNT,3,01:15,59",6,30,3:34,KO,3,04:49,FG29,PUNT,3,01:15,CC41,NA
2021_04_FG_CC,FG,CC,Frankfurt Galaxy,Cologne Centurions,7/11/2021,Cologne,Suedstadion,15:00,17:42,Y,2:42,1500,22,NA,Cloudy,Walentynowicy,FG,4,6,CC41,"V,4,6,H41","18,8,142","PUNT:82,H00 TB:","H. Schwarz punt 41 yards to the CC0, touchback.","H,1,10,H20",punt,NA,NA,0,38,7,NA,0,18,V,FG,"KO,3,04:49,29","PUNT,3,01:15,59",6,30,3:34,KO,3,04:49,FG29,PUNT,3,01:15,CC41,NA
2021_04_FG_CC,FG,CC,Frankfurt Galaxy,Cologne Centurions,7/11/2021,Cologne,Suedstadion,15:00,17:42,Y,2:42,1500,22,NA,Cloudy,Walentynowicy,CC,1,10,CC20,"H,1,10,H20","19,1,143",{DRIVE}:01:15,COLOGNE CENTURIONS drive start at 01:15.,"H,1,10,H20",NA,NA,NA,0,38,7,01:15,0,19,H,CC,"PUNT,3,01:15,20","PUNT,4,14:43,22",3,2,1:32,PUNT,3,01:15,CC20,PUNT,4,14:43,CC22,NA
2021_04_FG_CC,FG,CC,Frankfurt Galaxy,Cologne Centurions,7/11/2021,Cologne,Suedstadion,15:00,17:42,Y,2:42,1500,22,NA,Cloudy,Walentynowicy,CC,1,10,CC20,"H,1,10,H20","19,2,144","RUSH:28,H20, TACK:43,94",M. London rush for no gain to the CC20 (J. Silva Gomez;C. Udegbe).,"H,2,10,H20",rush,NA,NA,0,38,7,NA,0,19,H,CC,"PUNT,3,01:15,20","PUNT,4,14:43,22",3,2,1:32,PUNT,3,01:15,CC20,PUNT,4,14:43,CC22,NA
2021_04_FG_CC,FG,CC,Frankfurt Galaxy,Cologne Centurions,7/11/2021,Cologne,Suedstadion,15:00,17:42,Y,2:42,1500,22,NA,Cloudy,Walentynowicy,CC,2,10,CC20,"H,2,10,H20","19,3,145","PASS:12,C,80,H22 TACK:41",J. Weinreich pass complete to T. Groendeals for 2 yards to the CC22 (S. Gauthier).,"H,3,8,H22",pass,NA,NA,0,38,7,NA,0,19,H,CC,"PUNT,3,01:15,20","PUNT,4,14:43,22",3,2,1:32,PUNT,3,01:15,CC20,PUNT,4,14:43,CC22,NA
2021_04_FG_CC,FG,CC,Frankfurt Galaxy,Cologne Centurions,7/11/2021,Cologne,Suedstadion,15:00,17:42,Y,2:42,1500,22,NA,Cloudy,Walentynowicy,CC,3,8,CC22,"H,3,8,H22","19,4,146",Q:4 T:15:00,"Start of 4th quarter, clock 15:00.","H,3,8,H22",NA,NA,NA,0,38,7,15:00,0,19,H,CC,"PUNT,3,01:15,20","PUNT,4,14:43,22",3,2,1:32,PUNT,3,01:15,CC20,PUNT,4,14:43,CC22,NA
2021_04_FG_CC,FG,CC,Frankfurt Galaxy,Cologne Centurions,7/11/2021,Cologne,Suedstadion,15:00,17:42,Y,2:42,1500,22,NA,Cloudy,Walentynowicy,CC,3,8,CC22,"H,3,8,H22","19,5,147","PASS:12,D,87,*","J. Weinreich pass incomplete to F. Eichhorn, dropped pass.","H,4,8,H22",pass,NA,NA,0,38,7,NA,0,19,H,CC,"PUNT,3,01:15,20","PUNT,4,14:43,22",3,2,1:32,PUNT,3,01:15,CC20,PUNT,4,14:43,CC22,NA
2021_04_FG_CC,FG,CC,Frankfurt Galaxy,Cologne Centurions,7/11/2021,Cologne,Suedstadion,15:00,17:42,Y,2:42,1500,22,NA,Cloudy,Walentynowicy,CC,4,8,CC22,"H,4,8,H22","19,6,148","PUNT:81,V47 DN:","V. Roediger punt 31 yards to the FG47, downed.","V,1,10,V47",punt,NA,NA,0,38,7,NA,0,19,H,CC,"PUNT,3,01:15,20","PUNT,4,14:43,22",3,2,1:32,PUNT,3,01:15,CC20,PUNT,4,14:43,CC22,NA
2021_04_FG_CC,FG,CC,Frankfurt Galaxy,Cologne Centurions,7/11/2021,Cologne,Suedstadion,15:00,17:42,Y,2:42,1500,22,NA,Cloudy,Walentynowicy,FG,1,10,FG47,"V,1,10,V47","20,1,149",{DRIVE}:14:43,FRANKFURT GALAXY drive start at 14:43.,"V,1,10,V47",NA,NA,NA,0,38,7,14:43,0,20,V,FG,"PUNT,4,14:43,47","DOWNS,4,12:18,65",7,18,2:25,PUNT,4,14:43,FG47,DOWNS,4,12:18,CC35,NA
2021_04_FG_CC,FG,CC,Frankfurt Galaxy,Cologne Centurions,7/11/2021,Cologne,Suedstadion,15:00,17:42,Y,2:42,1500,22,NA,Cloudy,Walentynowicy,FG,1,10,FG47,"V,1,10,V47","20,2,150","RUSH:22,V48, TACK:44",G. Ameln rush for 1 yard to the FG48 (M. Kensy).,"V,2,9,V48",rush,NA,NA,0,38,7,NA,0,20,V,FG,"PUNT,4,14:43,47","DOWNS,4,12:18,65",7,18,2:25,PUNT,4,14:43,FG47,DOWNS,4,12:18,CC35,NA
2021_04_FG_CC,FG,CC,Frankfurt Galaxy,Cologne Centurions,7/11/2021,Cologne,Suedstadion,15:00,17:42,Y,2:42,1500,22,NA,Cloudy,Walentynowicy,FG,2,9,FG48,"V,2,9,V48","20,3,151","RUSH:22,H45, TACK:44",G. Ameln rush for 7 yards to the CC45 (M. Kensy).,"V,3,2,H45",rush,NA,NA,0,38,7,NA,0,20,V,FG,"PUNT,4,14:43,47","DOWNS,4,12:18,65",7,18,2:25,PUNT,4,14:43,FG47,DOWNS,4,12:18,CC35,NA
2021_04_FG_CC,FG,CC,Frankfurt Galaxy,Cologne Centurions,7/11/2021,Cologne,Suedstadion,15:00,17:42,Y,2:42,1500,22,NA,Cloudy,Walentynowicy,FG,3,2,CC45,"V,3,2,H45","20,4,152","PASS:4,I,17,* PEN:H,EN,A,TM,H40,N","L. V. Stumpf. pass incomplete to N. Schoen, PENALTY CC encroachment 5 yards to the CC40, 1ST DOWN FG.","V,1,10,H40",pass,NA,penalty,0,38,7,NA,0,20,V,FG,"PUNT,4,14:43,47","DOWNS,4,12:18,65",7,18,2:25,PUNT,4,14:43,FG47,DOWNS,4,12:18,CC35,NA
2021_04_FG_CC,FG,CC,Frankfurt Galaxy,Cologne Centurions,7/11/2021,Cologne,Suedstadion,15:00,17:42,Y,2:42,1500,22,NA,Cloudy,Walentynowicy,FG,1,10,CC40,"V,1,10,H40","20,5,153","D:1,10 PASS:4,I,85,*","1st and 10, L. V. Stumpf. pass incomplete to M. Hachenberg.","V,2,10,H40",pass,NA,NA,0,38,7,NA,0,20,V,FG,"PUNT,4,14:43,47","DOWNS,4,12:18,65",7,18,2:25,PUNT,4,14:43,FG47,DOWNS,4,12:18,CC35,NA
2021_04_FG_CC,FG,CC,Frankfurt Galaxy,Cologne Centurions,7/11/2021,Cologne,Suedstadion,15:00,17:42,Y,2:42,1500,22,NA,Cloudy,Walentynowicy,FG,2,10,CC40,"V,2,10,H40","20,6,154","PASS:4,C,81,H35 TACK:1",L. V. Stumpf. pass complete to N. Bomba for 5 yards to the CC35 (Q. Pounds).,"V,3,5,H35",pass,NA,NA,0,38,7,NA,0,20,V,FG,"PUNT,4,14:43,47","DOWNS,4,12:18,65",7,18,2:25,PUNT,4,14:43,FG47,DOWNS,4,12:18,CC35,NA
2021_04_FG_CC,FG,CC,Frankfurt Galaxy,Cologne Centurions,7/11/2021,Cologne,Suedstadion,15:00,17:42,Y,2:42,1500,22,NA,Cloudy,Walentynowicy,FG,3,5,CC35,"V,3,5,H35","20,7,155","PASS:4,D,17,*","L. V. Stumpf. pass incomplete to N. Schoen, dropped pass.","V,4,5,H35",pass,NA,NA,0,38,7,NA,0,20,V,FG,"PUNT,4,14:43,47","DOWNS,4,12:18,65",7,18,2:25,PUNT,4,14:43,FG47,DOWNS,4,12:18,CC35,NA
2021_04_FG_CC,FG,CC,Frankfurt Galaxy,Cologne Centurions,7/11/2021,Cologne,Suedstadion,15:00,17:42,Y,2:42,1500,22,NA,Cloudy,Walentynowicy,FG,4,5,CC35,"V,4,5,H35","20,8,156","PASS:4,B,17,* BRUP:44",L. V. Stumpf. pass incomplete to N. Schoen (M. Kensy).,"H,1,10,H35",pass,NA,NA,0,38,7,NA,0,20,V,FG,"PUNT,4,14:43,47","DOWNS,4,12:18,65",7,18,2:25,PUNT,4,14:43,FG47,DOWNS,4,12:18,CC35,NA
2021_04_FG_CC,FG,CC,Frankfurt Galaxy,Cologne Centurions,7/11/2021,Cologne,Suedstadion,15:00,17:42,Y,2:42,1500,22,NA,Cloudy,Walentynowicy,CC,1,10,CC35,"H,1,10,H35","21,1,157","{DRIVE}:12:18 RUSH:28,H39, TACK:99,98","COLOGNE CENTURIONS drive start at 12:18, M. London rush for 4 yards to the CC39 (K. Maier;M. Loetz).","H,2,6,H39",rush,NA,NA,0,38,7,12:18,0,21,H,CC,"DOWNS,4,12:18,35","INT,4,11:35,39",3,4,0:43,DOWNS,4,12:18,CC35,INT,4,11:35,CC39,NA
2021_04_FG_CC,FG,CC,Frankfurt Galaxy,Cologne Centurions,7/11/2021,Cologne,Suedstadion,15:00,17:42,Y,2:42,1500,22,NA,Cloudy,Walentynowicy,CC,2,6,CC39,"H,2,6,H39","21,2,158","PASS:12,B,TM,* BRUP:44",J. Weinreich pass incomplete (M. Gorelik).,"H,3,6,H39",pass,NA,NA,0,38,7,NA,0,21,H,CC,"DOWNS,4,12:18,35","INT,4,11:35,39",3,4,0:43,DOWNS,4,12:18,CC35,INT,4,11:35,CC39,NA
2021_04_FG_CC,FG,CC,Frankfurt Galaxy,Cologne Centurions,7/11/2021,Cologne,Suedstadion,15:00,17:42,Y,2:42,1500,22,NA,Cloudy,Walentynowicy,CC,3,6,CC39,"H,3,6,H39","21,3,159","PASS:12,X,14,H49 RET:14,H48","J. Weinreich pass intercepted by J. Poznanski at the CC49, J. Poznanski return 1 yards to the CC48.","V,1,10,H48",pass,I,NA,0,38,7,NA,0,21,H,CC,"DOWNS,4,12:18,35","INT,4,11:35,39",3,4,0:43,DOWNS,4,12:18,CC35,INT,4,11:35,CC39,NA
2021_04_FG_CC,FG,CC,Frankfurt Galaxy,Cologne Centurions,7/11/2021,Cologne,Suedstadion,15:00,17:42,Y,2:42,1500,22,NA,Cloudy,Walentynowicy,FG,1,10,CC48,"V,1,10,H48","22,1,160","{DRIVE}:11:35 PASS:4,X,52,V45 RET:52,V45","FRANKFURT GALAXY drive start at 11:35, L. V. Stumpf. pass intercepted by A. Boes at the FG45, A. Boes return 0 yards to the FG45.","H,1,10,V45",pass,I,NA,0,38,7,11:35,0,22,V,FG,"INT,4,11:35,52","INT,4,11:22,52",1,0,0:13,INT,4,11:35,CC48,INT,4,11:22,CC48,NA
2021_04_FG_CC,FG,CC,Frankfurt Galaxy,Cologne Centurions,7/11/2021,Cologne,Suedstadion,15:00,17:42,Y,2:42,1500,22,NA,Cloudy,Walentynowicy,CC,1,10,FG45,"H,1,10,V45","23,1,161",{DRIVE}:11:22,COLOGNE CENTURIONS drive start at 11:22.,"H,1,10,V45",NA,NA,NA,0,38,7,11:22,0,23,H,CC,"INT,4,11:22,55","TD,4,08:55,100",5,45,2:27,INT,4,11:22,FG45,TD,4,08:55,FG00,NA
2021_04_FG_CC,FG,CC,Frankfurt Galaxy,Cologne Centurions,7/11/2021,Cologne,Suedstadion,15:00,17:42,Y,2:42,1500,22,NA,Cloudy,Walentynowicy,CC,1,10,FG45,"H,1,10,V45","23,2,162","RUSH:28,V45, TACK:90,47",M. London rush for no gain to the FG45 (M. A. Hor;J. Sauren).,"H,2,10,V45",rush,NA,NA,0,38,7,NA,0,23,H,CC,"INT,4,11:22,55","TD,4,08:55,100",5,45,2:27,INT,4,11:22,FG45,TD,4,08:55,FG00,NA
2021_04_FG_CC,FG,CC,Frankfurt Galaxy,Cologne Centurions,7/11/2021,Cologne,Suedstadion,15:00,17:42,Y,2:42,1500,22,NA,Cloudy,Walentynowicy,CC,2,10,FG45,"H,2,10,V45","23,3,163","PASS:12,C,11,V40 TACK:29",J. Weinreich pass complete to N. Aarass for 5 yards to the FG40 (M. Riepe).,"H,3,5,V40",pass,NA,NA,0,38,7,NA,0,23,H,CC,"INT,4,11:22,55","TD,4,08:55,100",5,45,2:27,INT,4,11:22,FG45,TD,4,08:55,FG00,NA
2021_04_FG_CC,FG,CC,Frankfurt Galaxy,Cologne Centurions,7/11/2021,Cologne,Suedstadion,15:00,17:42,Y,2:42,1500,22,NA,Cloudy,Walentynowicy,CC,3,5,FG40,"H,3,5,V40","23,4,164","RUSH:28,V36, TACK:46,14",M. London rush for 4 yards to the FG36 (O. Ogbevoen;J. Poznanski).,"H,4,1,V36",rush,NA,NA,0,38,7,NA,0,23,H,CC,"INT,4,11:22,55","TD,4,08:55,100",5,45,2:27,INT,4,11:22,FG45,TD,4,08:55,FG00,NA
2021_04_FG_CC,FG,CC,Frankfurt Galaxy,Cologne Centurions,7/11/2021,Cologne,Suedstadion,15:00,17:42,Y,2:42,1500,22,NA,Cloudy,Walentynowicy,CC,4,1,FG36,"H,4,1,V36","23,5,165","RUSH:12,V34,","J. Weinreich rush for 2 yards to the FG34, 1ST DOWN CC.","H,1,10,V34",rush,NA,rush,0,38,7,NA,0,23,H,CC,"INT,4,11:22,55","TD,4,08:55,100",5,45,2:27,INT,4,11:22,FG45,TD,4,08:55,FG00,NA
2021_04_FG_CC,FG,CC,Frankfurt Galaxy,Cologne Centurions,7/11/2021,Cologne,Suedstadion,15:00,17:42,Y,2:42,1500,22,NA,Cloudy,Walentynowicy,CC,1,10,FG34,"H,1,10,V34","23,6,166","PASS:12,C,1,V00 T:08:55","J. Weinreich pass complete to Q. Pounds for 34 yards to the FG0, 1ST DOWN CC, TOUCHDOWN, clock 08:55.","H,1,10,V15",pass,NA,pass,1,38,13,08:55,0,23,H,CC,"INT,4,11:22,55","TD,4,08:55,100",5,45,2:27,INT,4,11:22,FG45,TD,4,08:55,FG00,NA
2021_04_FG_CC,FG,CC,Frankfurt Galaxy,Cologne Centurions,7/11/2021,Cologne,Suedstadion,15:00,17:42,Y,2:42,1500,22,NA,Cloudy,Walentynowicy,CC,1,10,FG15,"H,1,10,V15","23,7,167","PAT:K,2,M",D. Schuhmacher kick attempt failed.,"H,1,0,H30",pat,NA,NA,0,38,13,NA,0,23,H,CC,"INT,4,11:22,55","TD,4,08:55,100",5,45,2:27,INT,4,11:22,FG45,TD,4,08:55,FG00,NA
2021_04_FG_CC,FG,CC,Frankfurt Galaxy,Cologne Centurions,7/11/2021,Cologne,Suedstadion,15:00,17:42,Y,2:42,1500,22,NA,Cloudy,Walentynowicy,CC,1,0,CC30,"H,1,0,H30","23,8,168","KO:2,V01 RET:25,V25 TACK:18","D. Schuhmacher kickoff 69 yards to the FG1, B. Barnes return 24 yards to the FG25 (K. Schiffer).","V,1,10,V25",kick_off,NA,NA,0,38,13,NA,0,23,H,CC,"INT,4,11:22,55","TD,4,08:55,100",5,45,2:27,INT,4,11:22,FG45,TD,4,08:55,FG00,NA
2021_04_FG_CC,FG,CC,Frankfurt Galaxy,Cologne Centurions,7/11/2021,Cologne,Suedstadion,15:00,17:42,Y,2:42,1500,22,NA,Cloudy,Walentynowicy,FG,1,10,FG25,"V,1,10,V25","24,1,169",{DRIVE}:08:49,FRANKFURT GALAXY drive start at 08:49.,"V,1,10,V25",NA,NA,NA,0,38,13,08:49,0,24,V,FG,"KO,4,08:49,25","FG,4,04:38,76",7,51,4:11,KO,4,08:49,FG25,FG,4,04:38,CC24,NA
2021_04_FG_CC,FG,CC,Frankfurt Galaxy,Cologne Centurions,7/11/2021,Cologne,Suedstadion,15:00,17:42,Y,2:42,1500,22,NA,Cloudy,Walentynowicy,FG,1,10,FG25,"V,1,10,V25","24,2,170","PASS:4,C,81,H41 TACK:23","L. V. Stumpf. pass complete to N. Bomba for 34 yards to the CC41, 1ST DOWN FG (T. Janssen).","V,1,10,H41",pass,NA,pass,0,38,13,NA,0,24,V,FG,"KO,4,08:49,25","FG,4,04:38,76",7,51,4:11,KO,4,08:49,FG25,FG,4,04:38,CC24,NA
2021_04_FG_CC,FG,CC,Frankfurt Galaxy,Cologne Centurions,7/11/2021,Cologne,Suedstadion,15:00,17:42,Y,2:42,1500,22,NA,Cloudy,Walentynowicy,FG,1,10,CC41,"V,1,10,H41","24,3,171","RUSH:22,H39, TACK:58",G. Ameln rush for 2 yards to the CC39 (L. Weitz).,"V,2,8,H39",rush,NA,NA,0,38,13,NA,0,24,V,FG,"KO,4,08:49,25","FG,4,04:38,76",7,51,4:11,KO,4,08:49,FG25,FG,4,04:38,CC24,NA
2021_04_FG_CC,FG,CC,Frankfurt Galaxy,Cologne Centurions,7/11/2021,Cologne,Suedstadion,15:00,17:42,Y,2:42,1500,22,NA,Cloudy,Walentynowicy,FG,2,8,CC39,"V,2,8,H39","24,4,172","RUSH:22,H33, TACK:52,44",G. Ameln rush for 6 yards to the CC33 (A. Boes;M. Kensy).,"V,3,2,H33",rush,NA,NA,0,38,13,NA,0,24,V,FG,"KO,4,08:49,25","FG,4,04:38,76",7,51,4:11,KO,4,08:49,FG25,FG,4,04:38,CC24,NA
2021_04_FG_CC,FG,CC,Frankfurt Galaxy,Cologne Centurions,7/11/2021,Cologne,Suedstadion,15:00,17:42,Y,2:42,1500,22,NA,Cloudy,Walentynowicy,FG,3,2,CC33,"V,3,2,H33","24,5,173","PEN:H,EN,A,44,H28,1","PENALTY CC encroachment (M. Kensy) 5 yards to the CC28, 1ST DOWN FG.","V,1,10,H28",penalty,NA,penalty,0,38,13,NA,0,24,V,FG,"KO,4,08:49,25","FG,4,04:38,76",7,51,4:11,KO,4,08:49,FG25,FG,4,04:38,CC24,NA
2021_04_FG_CC,FG,CC,Frankfurt Galaxy,Cologne Centurions,7/11/2021,Cologne,Suedstadion,15:00,17:42,Y,2:42,1500,22,NA,Cloudy,Walentynowicy,FG,1,10,CC28,"V,1,10,H28","24,6,174","RUSH:22,H27, TACK:44",G. Ameln rush for 1 yard to the CC27 (M. Kensy).,"V,2,9,H27",rush,NA,NA,0,38,13,NA,0,24,V,FG,"KO,4,08:49,25","FG,4,04:38,76",7,51,4:11,KO,4,08:49,FG25,FG,4,04:38,CC24,NA
2021_04_FG_CC,FG,CC,Frankfurt Galaxy,Cologne Centurions,7/11/2021,Cologne,Suedstadion,15:00,17:42,Y,2:42,1500,22,NA,Cloudy,Walentynowicy,FG,2,9,CC27,"V,2,9,H27","24,7,175","RUSH:22,H23, TACK:93",G. Ameln rush for 4 yards to the CC23 (93).,"V,3,5,H23",rush,NA,NA,0,38,13,NA,0,24,V,FG,"KO,4,08:49,25","FG,4,04:38,76",7,51,4:11,KO,4,08:49,FG25,FG,4,04:38,CC24,NA
2021_04_FG_CC,FG,CC,Frankfurt Galaxy,Cologne Centurions,7/11/2021,Cologne,Suedstadion,15:00,17:42,Y,2:42,1500,22,NA,Cloudy,Walentynowicy,FG,3,5,CC23,"V,3,5,H23","24,8,176","RUSH:33,H24, TACK:44,58",J. Rodney rush for loss of 1 yard to the CC24 (M. Kensy;L. Weitz).,"V,4,6,H24",rush,NA,NA,0,38,13,NA,0,24,V,FG,"KO,4,08:49,25","FG,4,04:38,76",7,51,4:11,KO,4,08:49,FG25,FG,4,04:38,CC24,NA
2021_04_FG_CC,FG,CC,Frankfurt Galaxy,Cologne Centurions,7/11/2021,Cologne,Suedstadion,15:00,17:42,Y,2:42,1500,22,NA,Cloudy,Walentynowicy,FG,4,6,CC24,"V,4,6,H24","24,9,177","FGA:15,41,G T:04:38","M. Siemssen field goal attempt from 41 GOOD, clock 04:38.","V,1,0,V30",field_goal,NA,NA,1,41,13,04:38,0,24,V,FG,"KO,4,08:49,25","FG,4,04:38,76",7,51,4:11,KO,4,08:49,FG25,FG,4,04:38,CC24,NA
2021_04_FG_CC,FG,CC,Frankfurt Galaxy,Cologne Centurions,7/11/2021,Cologne,Suedstadion,15:00,17:42,Y,2:42,1500,22,NA,Cloudy,Walentynowicy,FG,1,0,FG30,"V,1,0,V30","24,10,178","KO:83,H02 RET:1,V00 T:04:22","L. Sack kickoff 68 yards to the CC2, Q. Pounds return 98 yards to the FG0, TOUCHDOWN, clock 04:22.","H,1,10,V15",kick_off,NA,NA,1,41,19,04:22,0,24,V,FG,"KO,4,08:49,25","FG,4,04:38,76",7,51,4:11,KO,4,08:49,FG25,FG,4,04:38,CC24,NA
2021_04_FG_CC,FG,CC,Frankfurt Galaxy,Cologne Centurions,7/11/2021,Cologne,Suedstadion,15:00,17:42,Y,2:42,1500,22,NA,Cloudy,Walentynowicy,CC,1,10,FG15,"H,1,10,V15","25,1,179","PAT:K,2,G",D. Schuhmacher kick attempt good.,"H,1,0,H30",pat,NA,NA,1,41,20,NA,0,25,H,CC,"KO,4,04:22,100","TD,4,04:22,100",0,0,0:00,KO,4,04:22,FG00,TD,4,04:22,FG00,NA
2021_04_FG_CC,FG,CC,Frankfurt Galaxy,Cologne Centurions,7/11/2021,Cologne,Suedstadion,15:00,17:42,Y,2:42,1500,22,NA,Cloudy,Walentynowicy,CC,1,0,CC30,"H,1,0,H30","25,2,180","KO:2,V02 RET:25,V15 TACK:21","D. Schuhmacher kickoff 68 yards to the FG2, B. Barnes return 13 yards to the FG15 (R. Hanssen).","V,1,10,V15",kick_off,NA,NA,0,41,20,NA,0,25,H,CC,"KO,4,04:22,100","TD,4,04:22,100",0,0,0:00,KO,4,04:22,FG00,TD,4,04:22,FG00,NA
2021_04_FG_CC,FG,CC,Frankfurt Galaxy,Cologne Centurions,7/11/2021,Cologne,Suedstadion,15:00,17:42,Y,2:42,1500,22,NA,Cloudy,Walentynowicy,FG,1,10,FG15,"V,1,10,V15","26,1,181",{DRIVE}:04:13,FRANKFURT GALAXY drive start at 04:13.,"V,1,10,V15",NA,NA,NA,0,41,20,04:13,0,26,V,FG,"KO,4,04:13,15","PUNT,4,02:32,21",3,6,1:41,KO,4,04:13,FG15,PUNT,4,02:32,FG21,NA
2021_04_FG_CC,FG,CC,Frankfurt Galaxy,Cologne Centurions,7/11/2021,Cologne,Suedstadion,15:00,17:42,Y,2:42,1500,22,NA,Cloudy,Walentynowicy,FG,1,10,FG15,"V,1,10,V15","26,2,182","RUSH:22,V19, TACK:44",G. Ameln rush for 4 yards to the FG19 (M. Kensy).,"V,2,6,V19",rush,NA,NA,0,41,20,NA,0,26,V,FG,"KO,4,04:13,15","PUNT,4,02:32,21",3,6,1:41,KO,4,04:13,FG15,PUNT,4,02:32,FG21,NA
2021_04_FG_CC,FG,CC,Frankfurt Galaxy,Cologne Centurions,7/11/2021,Cologne,Suedstadion,15:00,17:42,Y,2:42,1500,22,NA,Cloudy,Walentynowicy,FG,2,6,FG19,"V,2,6,V19","26,3,183","PASS:4,C,81,V21 TACK:1",L. V. Stumpf. pass complete to N. Bomba for 2 yards to the FG21 (Q. Pounds).,"V,3,4,V21",pass,NA,NA,0,41,20,NA,0,26,V,FG,"KO,4,04:13,15","PUNT,4,02:32,21",3,6,1:41,KO,4,04:13,FG15,PUNT,4,02:32,FG21,NA
2021_04_FG_CC,FG,CC,Frankfurt Galaxy,Cologne Centurions,7/11/2021,Cologne,Suedstadion,15:00,17:42,Y,2:42,1500,22,NA,Cloudy,Walentynowicy,FG,3,4,FG21,"V,3,4,V21","26,4,184","PASS:4,I,TM,*",L. V. Stumpf. pass incomplete.,"V,4,4,V21",pass,NA,NA,0,41,20,NA,0,26,V,FG,"KO,4,04:13,15","PUNT,4,02:32,21",3,6,1:41,KO,4,04:13,FG15,PUNT,4,02:32,FG21,NA
2021_04_FG_CC,FG,CC,Frankfurt Galaxy,Cologne Centurions,7/11/2021,Cologne,Suedstadion,15:00,17:42,Y,2:42,1500,22,NA,Cloudy,Walentynowicy,FG,4,4,FG21,"V,4,4,V21","26,5,185","PUNT:82,H50 OB:","H. Schwarz punt 29 yards to the 50 yardline, out-of-bounds.","H,1,10,H50",punt,NA,NA,0,41,20,NA,1,26,V,FG,"KO,4,04:13,15","PUNT,4,02:32,21",3,6,1:41,KO,4,04:13,FG15,PUNT,4,02:32,FG21,NA
2021_04_FG_CC,FG,CC,Frankfurt Galaxy,Cologne Centurions,7/11/2021,Cologne,Suedstadion,15:00,17:42,Y,2:42,1500,22,NA,Cloudy,Walentynowicy,CC,1,10,CC50,"H,1,10,H50","27,1,186",{DRIVE}:02:32,COLOGNE CENTURIONS drive start at 02:32.,"H,1,10,H50",NA,NA,NA,0,41,20,02:32,0,27,H,CC,"PUNT,4,02:32,50","DOWNS,4,01:30,59",4,9,1:02,PUNT,4,02:32,CC50,DOWNS,4,01:30,FG41,NA
2021_04_FG_CC,FG,CC,Frankfurt Galaxy,Cologne Centurions,7/11/2021,Cologne,Suedstadion,15:00,17:42,Y,2:42,1500,22,NA,Cloudy,Walentynowicy,CC,1,10,CC50,"H,1,10,H50","27,2,187","RUSH:28,V43, TACK:36",M. London rush for 7 yards to the FG43 (M. De Vane).,"H,2,3,V43",rush,NA,NA,0,41,20,NA,0,27,H,CC,"PUNT,4,02:32,50","DOWNS,4,01:30,59",4,9,1:02,PUNT,4,02:32,CC50,DOWNS,4,01:30,FG41,NA
2021_04_FG_CC,FG,CC,Frankfurt Galaxy,Cologne Centurions,7/11/2021,Cologne,Suedstadion,15:00,17:42,Y,2:42,1500,22,NA,Cloudy,Walentynowicy,CC,2,3,FG43,"H,2,3,V43","27,3,188","RUSH:28,V44, TACK:99,95",M. London rush for loss of 1 yard to the FG44 (K. Maier;M. Konya).,"H,3,4,V44",rush,NA,NA,0,41,20,NA,0,27,H,CC,"PUNT,4,02:32,50","DOWNS,4,01:30,59",4,9,1:02,PUNT,4,02:32,CC50,DOWNS,4,01:30,FG41,NA
2021_04_FG_CC,FG,CC,Frankfurt Galaxy,Cologne Centurions,7/11/2021,Cologne,Suedstadion,15:00,17:42,Y,2:42,1500,22,NA,Cloudy,Walentynowicy,CC,3,4,FG44,"H,3,4,V44","27,4,189","PASS:12,I,1,*",J. Weinreich pass incomplete to Q. Pounds.,"H,4,4,V44",pass,NA,NA,0,41,20,NA,0,27,H,CC,"PUNT,4,02:32,50","DOWNS,4,01:30,59",4,9,1:02,PUNT,4,02:32,CC50,DOWNS,4,01:30,FG41,NA
2021_04_FG_CC,FG,CC,Frankfurt Galaxy,Cologne Centurions,7/11/2021,Cologne,Suedstadion,15:00,17:42,Y,2:42,1500,22,NA,Cloudy,Walentynowicy,CC,4,4,FG44,"H,4,4,V44","27,5,190","PASS:12,C,43,V41 TACK:26",J. Weinreich pass complete to P. Poetsch for 3 yards to the FG41 (P. Devoe).,"V,1,10,V41",pass,NA,NA,0,41,20,NA,0,27,H,CC,"PUNT,4,02:32,50","DOWNS,4,01:30,59",4,9,1:02,PUNT,4,02:32,CC50,DOWNS,4,01:30,FG41,NA
2021_04_FG_CC,FG,CC,Frankfurt Galaxy,Cologne Centurions,7/11/2021,Cologne,Suedstadion,15:00,17:42,Y,2:42,1500,22,NA,Cloudy,Walentynowicy,FG,1,10,FG41,"V,1,10,V41","28,1,191",{DRIVE}:01:30,FRANKFURT GALAXY drive start at 01:30.,"V,1,10,V41",NA,NA,NA,0,41,20,01:30,0,28,V,FG,"DOWNS,4,01:30,41","HALF,4,00:00,41",3,0,1:30,DOWNS,4,01:30,FG41,HALF,4,00:00,FG41,NA
2021_04_FG_CC,FG,CC,Frankfurt Galaxy,Cologne Centurions,7/11/2021,Cologne,Suedstadion,15:00,17:42,Y,2:42,1500,22,NA,Cloudy,Walentynowicy,FG,1,10,FG41,"V,1,10,V41","28,2,192","RUSH:4,V41,",L. V. Stumpf. rush for no gain to the FG41.,"V,2,10,V41",rush,NA,NA,0,41,20,NA,0,28,V,FG,"DOWNS,4,01:30,41","HALF,4,00:00,41",3,0,1:30,DOWNS,4,01:30,FG41,HALF,4,00:00,FG41,NA
2021_04_FG_CC,FG,CC,Frankfurt Galaxy,Cologne Centurions,7/11/2021,Cologne,Suedstadion,15:00,17:42,Y,2:42,1500,22,NA,Cloudy,Walentynowicy,FG,2,10,FG41,"V,2,10,V41","28,3,193","RUSH:4,V41,",L. V. Stumpf. rush for no gain to the FG41.,"V,3,10,V41",rush,NA,NA,0,41,20,NA,0,28,V,FG,"DOWNS,4,01:30,41","HALF,4,00:00,41",3,0,1:30,DOWNS,4,01:30,FG41,HALF,4,00:00,FG41,NA
2021_04_FG_CC,FG,CC,Frankfurt Galaxy,Cologne Centurions,7/11/2021,Cologne,Suedstadion,15:00,17:42,Y,2:42,1500,22,NA,Cloudy,Walentynowicy,FG,3,10,FG41,"V,3,10,V41","28,4,194","RUSH:4,V41,",L. V. Stumpf. rush for no gain to the FG41.,"V,4,10,V41",rush,NA,NA,0,41,20,NA,0,28,V,FG,"DOWNS,4,01:30,41","HALF,4,00:00,41",3,0,1:30,DOWNS,4,01:30,FG41,HALF,4,00:00,FG41,NA
2021_04_FG_CC,FG,CC,Frankfurt Galaxy,Cologne Centurions,7/11/2021,Cologne,Suedstadion,15:00,17:42,Y,2:42,1500,22,NA,Cloudy,Walentynowicy,FG,4,10,FG41,"V,4,10,V41","28,5,195",HALF: T:00:00,"End of game, clock 00:00.","V,4,10,V41",NA,NA,NA,0,41,20,00:00,0,28,V,FG,"DOWNS,4,01:30,41","HALF,4,00:00,41",3,0,1:30,DOWNS,4,01:30,FG41,HALF,4,00:00,FG41,NA
