game_id,away_team_id,home_team_id,away_team,home_team,date,location,stadium,start,end,leaguegame,duration,attend,temp,wind,weather,ref,ump,line,lj,bj,fj,sj,posteam,down,togo,spot,context,play_id,tokens,desc,newcontext,play_type,first_down_with,clock,turnover,oob,score,away_score_post,home_score_post,drive_number,drive_vh,drive_team,drive_start,drive_end,drive_plays,drive_yards,drive_top,drive_start_how,drive_start_qtr,drive_start_time,drive_start_spot,drive_end_how,drive_end_qtr,drive_end_time,drive_end_spot,drive_rz
2021_09_BD_SS,BD,SS,Barcelona Dragons,Stuttgart Surge,8/15/2021,Stuttgart,Gazi-Stadion,15:00,18:05,Y,03:05,1500,27 C,no wind,partly cloudy,Z. Hamiko,E. Sumner,R. Lewis,S. Richardson,A. Gurbiersch,N. Lakowitz,A. Flaisch-J.,BD,1,10,BD35,"V,1,10,V35","0,1,0","CMT:BD wins toss, defers, SS elects to receive, BD to defend E goal","BD wins toss, defers, SS elects to receive, BD to defend E goal","V,1,10,V35",NA,NA,NA,NA,0,0,0,0,0,NA,NA,NA,NA,NA,NA,NA,NA,NA,NA,NA,NA,NA,NA,NA,NA
2021_09_BD_SS,BD,SS,Barcelona Dragons,Stuttgart Surge,8/15/2021,Stuttgart,Gazi-Stadion,15:00,18:05,Y,03:05,1500,27 C,no wind,partly cloudy,Z. Hamiko,E. Sumner,R. Lewis,S. Richardson,A. Gurbiersch,N. Lakowitz,A. Flaisch-J.,BD,1,10,BD35,"V,1,10,V35","0,2,1","SPOT:V,V35,N",BD ball on BD35.,"V,1,10,V35",NA,NA,NA,NA,0,0,0,0,0,NA,NA,NA,NA,NA,NA,NA,NA,NA,NA,NA,NA,NA,NA,NA,NA
2021_09_BD_SS,BD,SS,Barcelona Dragons,Stuttgart Surge,8/15/2021,Stuttgart,Gazi-Stadion,15:00,18:05,Y,03:05,1500,27 C,no wind,partly cloudy,Z. Hamiko,E. Sumner,R. Lewis,S. Richardson,A. Gurbiersch,N. Lakowitz,A. Flaisch-J.,BD,1,10,BD35,"V,1,10,V35","0,3,2","KO:8,H15 RET:39,H25 TACK:49,55","G. Tavecchio kickoff 50 yards to the SS15, D. Gfeller return 10 yards to the SS25 (S. Castaner;I. Guiterrez).","H,1,10,H25",kick_off,NA,NA,NA,0,0,0,0,0,NA,NA,NA,NA,NA,NA,NA,NA,NA,NA,NA,NA,NA,NA,NA,NA
2021_09_BD_SS,BD,SS,Barcelona Dragons,Stuttgart Surge,8/15/2021,Stuttgart,Gazi-Stadion,15:00,18:05,Y,03:05,1500,27 C,no wind,partly cloudy,Z. Hamiko,E. Sumner,R. Lewis,S. Richardson,A. Gurbiersch,N. Lakowitz,A. Flaisch-J.,SS,1,10,SS25,"H,1,10,H25","1,1,3","PASS:2,C,18,V34 TACK:20","A. Ellis pass complete to P. Steigerwald for 41 yards to the BD34, 1ST DOWN SS (L. Masero).","H,1,10,V34",pass,pass,NA,NA,0,0,0,0,1,H,SS,"KO,1,15:00,25","FGA,1,11:46,80",8,55,3:14,KO,1,15:00,SS25,FGA,1,11:46,BD20,NA
2021_09_BD_SS,BD,SS,Barcelona Dragons,Stuttgart Surge,8/15/2021,Stuttgart,Gazi-Stadion,15:00,18:05,Y,03:05,1500,27 C,no wind,partly cloudy,Z. Hamiko,E. Sumner,R. Lewis,S. Richardson,A. Gurbiersch,N. Lakowitz,A. Flaisch-J.,SS,1,10,BD34,"H,1,10,V34","1,2,4","RUSH:41,V27, TACK:10",B. Yankson rush for 7 yards to the BD27 (C. Brugnani).,"H,2,3,V27",rush,NA,NA,NA,0,0,0,0,1,H,SS,"KO,1,15:00,25","FGA,1,11:46,80",8,55,3:14,KO,1,15:00,SS25,FGA,1,11:46,BD20,NA
2021_09_BD_SS,BD,SS,Barcelona Dragons,Stuttgart Surge,8/15/2021,Stuttgart,Gazi-Stadion,15:00,18:05,Y,03:05,1500,27 C,no wind,partly cloudy,Z. Hamiko,E. Sumner,R. Lewis,S. Richardson,A. Gurbiersch,N. Lakowitz,A. Flaisch-J.,SS,2,3,BD27,"H,2,3,V27","1,3,5","PASS:2,I,18,*",A. Ellis pass incomplete to P. Steigerwald.,"H,3,3,V27",pass,NA,NA,NA,0,0,0,0,1,H,SS,"KO,1,15:00,25","FGA,1,11:46,80",8,55,3:14,KO,1,15:00,SS25,FGA,1,11:46,BD20,NA
2021_09_BD_SS,BD,SS,Barcelona Dragons,Stuttgart Surge,8/15/2021,Stuttgart,Gazi-Stadion,15:00,18:05,Y,03:05,1500,27 C,no wind,partly cloudy,Z. Hamiko,E. Sumner,R. Lewis,S. Richardson,A. Gurbiersch,N. Lakowitz,A. Flaisch-J.,SS,3,3,BD27,"H,3,3,V27","1,4,6","RUSH:41,V24, TACK:7,22","B. Yankson rush for 3 yards to the BD24, 1ST DOWN SS (M. Tavarres;L. Frecha).","H,1,10,V24",rush,rush,NA,NA,0,0,0,0,1,H,SS,"KO,1,15:00,25","FGA,1,11:46,80",8,55,3:14,KO,1,15:00,SS25,FGA,1,11:46,BD20,NA
2021_09_BD_SS,BD,SS,Barcelona Dragons,Stuttgart Surge,8/15/2021,Stuttgart,Gazi-Stadion,15:00,18:05,Y,03:05,1500,27 C,no wind,partly cloudy,Z. Hamiko,E. Sumner,R. Lewis,S. Richardson,A. Gurbiersch,N. Lakowitz,A. Flaisch-J.,SS,1,10,BD24,"H,1,10,V24","1,5,7","RUSH:41,V25, TACK:7",B. Yankson rush for loss of 1 yard to the BD25 (M. Tavarres).,"H,2,11,V25",rush,NA,NA,NA,0,0,0,0,1,H,SS,"KO,1,15:00,25","FGA,1,11:46,80",8,55,3:14,KO,1,15:00,SS25,FGA,1,11:46,BD20,NA
2021_09_BD_SS,BD,SS,Barcelona Dragons,Stuttgart Surge,8/15/2021,Stuttgart,Gazi-Stadion,15:00,18:05,Y,03:05,1500,27 C,no wind,partly cloudy,Z. Hamiko,E. Sumner,R. Lewis,S. Richardson,A. Gurbiersch,N. Lakowitz,A. Flaisch-J.,SS,2,11,BD25,"H,2,11,V25","1,6,8","PASS:2,I,85,*",A. Ellis pass incomplete to P. Weiblen.,"H,3,11,V25",pass,NA,NA,NA,0,0,0,0,1,H,SS,"KO,1,15:00,25","FGA,1,11:46,80",8,55,3:14,KO,1,15:00,SS25,FGA,1,11:46,BD20,NA
2021_09_BD_SS,BD,SS,Barcelona Dragons,Stuttgart Surge,8/15/2021,Stuttgart,Gazi-Stadion,15:00,18:05,Y,03:05,1500,27 C,no wind,partly cloudy,Z. Hamiko,E. Sumner,R. Lewis,S. Richardson,A. Gurbiersch,N. Lakowitz,A. Flaisch-J.,SS,3,11,BD25,"H,3,11,V25","1,7,9","PASS:2,I,87,*",A. Ellis pass incomplete to D. Rofalski.,"H,4,11,V25",pass,NA,NA,NA,0,0,0,0,1,H,SS,"KO,1,15:00,25","FGA,1,11:46,80",8,55,3:14,KO,1,15:00,SS25,FGA,1,11:46,BD20,NA
2021_09_BD_SS,BD,SS,Barcelona Dragons,Stuttgart Surge,8/15/2021,Stuttgart,Gazi-Stadion,15:00,18:05,Y,03:05,1500,27 C,no wind,partly cloudy,Z. Hamiko,E. Sumner,R. Lewis,S. Richardson,A. Gurbiersch,N. Lakowitz,A. Flaisch-J.,SS,4,11,BD25,"H,4,11,V25","1,8,10","PEN:V,RNK,A,7,V20,N",PENALTY BD RNK (M. Tavarres) 5 yards to the BD20.,"H,4,6,V20",penalty,NA,NA,NA,0,0,0,0,1,H,SS,"KO,1,15:00,25","FGA,1,11:46,80",8,55,3:14,KO,1,15:00,SS25,FGA,1,11:46,BD20,NA
2021_09_BD_SS,BD,SS,Barcelona Dragons,Stuttgart Surge,8/15/2021,Stuttgart,Gazi-Stadion,15:00,18:05,Y,03:05,1500,27 C,no wind,partly cloudy,Z. Hamiko,E. Sumner,R. Lewis,S. Richardson,A. Gurbiersch,N. Lakowitz,A. Flaisch-J.,SS,4,6,BD20,"H,4,6,V20","1,9,11","FGA:10,37,M,V28,R T:11:46","J. Hauser field goal attempt from 37 MISSED - wide right, spot at BD28, clock 11:46.","V,1,10,V28",field_goal,NA,11:46,NA,0,0,0,0,1,H,SS,"KO,1,15:00,25","FGA,1,11:46,80",8,55,3:14,KO,1,15:00,SS25,FGA,1,11:46,BD20,NA
2021_09_BD_SS,BD,SS,Barcelona Dragons,Stuttgart Surge,8/15/2021,Stuttgart,Gazi-Stadion,15:00,18:05,Y,03:05,1500,27 C,no wind,partly cloudy,Z. Hamiko,E. Sumner,R. Lewis,S. Richardson,A. Gurbiersch,N. Lakowitz,A. Flaisch-J.,BD,1,10,BD28,"V,1,10,V28","2,1,12",{DRIVE}:11:46,BARCELONA DRAGONS drive start at 11:46.,"V,1,10,V28",NA,NA,11:46,NA,0,0,0,0,2,V,BD,"FGA,1,11:46,28","PUNT,1,11:03,32",3,4,0:43,FGA,1,11:46,BD28,PUNT,1,11:03,BD32,NA
2021_09_BD_SS,BD,SS,Barcelona Dragons,Stuttgart Surge,8/15/2021,Stuttgart,Gazi-Stadion,15:00,18:05,Y,03:05,1500,27 C,no wind,partly cloudy,Z. Hamiko,E. Sumner,R. Lewis,S. Richardson,A. Gurbiersch,N. Lakowitz,A. Flaisch-J.,BD,1,10,BD28,"V,1,10,V28","2,2,13","PASS:1,C,80,V32 TACK:45",Z. Edwards pass complete to J. Torrededia for 4 yards to the BD32 (N. Hamulic).,"V,2,6,V32",pass,NA,NA,NA,0,0,0,0,2,V,BD,"FGA,1,11:46,28","PUNT,1,11:03,32",3,4,0:43,FGA,1,11:46,BD28,PUNT,1,11:03,BD32,NA
2021_09_BD_SS,BD,SS,Barcelona Dragons,Stuttgart Surge,8/15/2021,Stuttgart,Gazi-Stadion,15:00,18:05,Y,03:05,1500,27 C,no wind,partly cloudy,Z. Hamiko,E. Sumner,R. Lewis,S. Richardson,A. Gurbiersch,N. Lakowitz,A. Flaisch-J.,BD,2,6,BD32,"V,2,6,V32","2,3,14","PASS:1,I,15,* BRUP:11",Z. Edwards pass incomplete to M. Flores (R. Lakalaka).,"V,3,6,V32",pass,NA,NA,NA,0,0,0,0,2,V,BD,"FGA,1,11:46,28","PUNT,1,11:03,32",3,4,0:43,FGA,1,11:46,BD28,PUNT,1,11:03,BD32,NA
2021_09_BD_SS,BD,SS,Barcelona Dragons,Stuttgart Surge,8/15/2021,Stuttgart,Gazi-Stadion,15:00,18:05,Y,03:05,1500,27 C,no wind,partly cloudy,Z. Hamiko,E. Sumner,R. Lewis,S. Richardson,A. Gurbiersch,N. Lakowitz,A. Flaisch-J.,BD,3,6,BD32,"V,3,6,V32","2,4,15","PASS:1,I,21,*",Z. Edwards pass incomplete to A. Monton.,"V,4,6,V32",pass,NA,NA,NA,0,0,0,0,2,V,BD,"FGA,1,11:46,28","PUNT,1,11:03,32",3,4,0:43,FGA,1,11:46,BD28,PUNT,1,11:03,BD32,NA
2021_09_BD_SS,BD,SS,Barcelona Dragons,Stuttgart Surge,8/15/2021,Stuttgart,Gazi-Stadion,15:00,18:05,Y,03:05,1500,27 C,no wind,partly cloudy,Z. Hamiko,E. Sumner,R. Lewis,S. Richardson,A. Gurbiersch,N. Lakowitz,A. Flaisch-J.,BD,4,6,BD32,"V,4,6,V32","2,5,16","PUNT:9,H25 RET:23,H25 TACK:22","L. Cereceda punt 43 yards to the SS25, M. Dabo return 0 yards to the SS25 (L. Frecha).","H,1,10,H25",punt,NA,NA,NA,0,0,0,0,2,V,BD,"FGA,1,11:46,28","PUNT,1,11:03,32",3,4,0:43,FGA,1,11:46,BD28,PUNT,1,11:03,BD32,NA
2021_09_BD_SS,BD,SS,Barcelona Dragons,Stuttgart Surge,8/15/2021,Stuttgart,Gazi-Stadion,15:00,18:05,Y,03:05,1500,27 C,no wind,partly cloudy,Z. Hamiko,E. Sumner,R. Lewis,S. Richardson,A. Gurbiersch,N. Lakowitz,A. Flaisch-J.,SS,1,10,SS25,"H,1,10,H25","3,1,17",{DRIVE}:11:03,STUTTGART SURGE drive start at 11:03.,"H,1,10,H25",NA,NA,11:03,NA,0,0,0,0,3,H,SS,"PUNT,1,11:03,25","PUNT,1,09:06,32",5,7,1:57,PUNT,1,11:03,SS25,PUNT,1,09:06,SS32,NA
2021_09_BD_SS,BD,SS,Barcelona Dragons,Stuttgart Surge,8/15/2021,Stuttgart,Gazi-Stadion,15:00,18:05,Y,03:05,1500,27 C,no wind,partly cloudy,Z. Hamiko,E. Sumner,R. Lewis,S. Richardson,A. Gurbiersch,N. Lakowitz,A. Flaisch-J.,SS,1,10,SS25,"H,1,10,H25","3,2,18","RUSH:41,H28, TACK:99",B. Yankson rush for 3 yards to the SS28 (Y. Rivero).,"H,2,7,H28",rush,NA,NA,NA,0,0,0,0,3,H,SS,"PUNT,1,11:03,25","PUNT,1,09:06,32",5,7,1:57,PUNT,1,11:03,SS25,PUNT,1,09:06,SS32,NA
2021_09_BD_SS,BD,SS,Barcelona Dragons,Stuttgart Surge,8/15/2021,Stuttgart,Gazi-Stadion,15:00,18:05,Y,03:05,1500,27 C,no wind,partly cloudy,Z. Hamiko,E. Sumner,R. Lewis,S. Richardson,A. Gurbiersch,N. Lakowitz,A. Flaisch-J.,SS,2,7,SS28,"H,2,7,H28","3,3,19","RUSH:41,H28, TACK:45 PEN:V,ILH,A,99,H33,1","B. Yankson rush for no gain to the SS28 (A. Posito), PENALTY BD ILH (Y. Rivero) 5 yards to the SS33, 1ST DOWN SS.","H,1,10,H33",rush,penalty,NA,NA,0,0,0,0,3,H,SS,"PUNT,1,11:03,25","PUNT,1,09:06,32",5,7,1:57,PUNT,1,11:03,SS25,PUNT,1,09:06,SS32,NA
2021_09_BD_SS,BD,SS,Barcelona Dragons,Stuttgart Surge,8/15/2021,Stuttgart,Gazi-Stadion,15:00,18:05,Y,03:05,1500,27 C,no wind,partly cloudy,Z. Hamiko,E. Sumner,R. Lewis,S. Richardson,A. Gurbiersch,N. Lakowitz,A. Flaisch-J.,SS,1,10,SS33,"H,1,10,H33","3,4,20","D:1,10",1st and 10.,"H,1,10,H33",NA,NA,NA,NA,0,0,0,0,3,H,SS,"PUNT,1,11:03,25","PUNT,1,09:06,32",5,7,1:57,PUNT,1,11:03,SS25,PUNT,1,09:06,SS32,NA
2021_09_BD_SS,BD,SS,Barcelona Dragons,Stuttgart Surge,8/15/2021,Stuttgart,Gazi-Stadion,15:00,18:05,Y,03:05,1500,27 C,no wind,partly cloudy,Z. Hamiko,E. Sumner,R. Lewis,S. Richardson,A. Gurbiersch,N. Lakowitz,A. Flaisch-J.,SS,1,10,SS33,"H,1,10,H33","3,5,21","PASS:2,I,18,*",A. Ellis pass incomplete to P. Steigerwald.,"H,2,10,H33",pass,NA,NA,NA,0,0,0,0,3,H,SS,"PUNT,1,11:03,25","PUNT,1,09:06,32",5,7,1:57,PUNT,1,11:03,SS25,PUNT,1,09:06,SS32,NA
2021_09_BD_SS,BD,SS,Barcelona Dragons,Stuttgart Surge,8/15/2021,Stuttgart,Gazi-Stadion,15:00,18:05,Y,03:05,1500,27 C,no wind,partly cloudy,Z. Hamiko,E. Sumner,R. Lewis,S. Richardson,A. Gurbiersch,N. Lakowitz,A. Flaisch-J.,SS,2,10,SS33,"H,2,10,H33","3,6,22","RUSH:41,H32, TACK:7,10",B. Yankson rush for loss of 1 yard to the SS32 (M. Tavarres;C. Brugnani).,"H,3,11,H32",rush,NA,NA,NA,0,0,0,0,3,H,SS,"PUNT,1,11:03,25","PUNT,1,09:06,32",5,7,1:57,PUNT,1,11:03,SS25,PUNT,1,09:06,SS32,NA
2021_09_BD_SS,BD,SS,Barcelona Dragons,Stuttgart Surge,8/15/2021,Stuttgart,Gazi-Stadion,15:00,18:05,Y,03:05,1500,27 C,no wind,partly cloudy,Z. Hamiko,E. Sumner,R. Lewis,S. Richardson,A. Gurbiersch,N. Lakowitz,A. Flaisch-J.,SS,3,11,SS32,"H,3,11,H32","3,7,23","PASS:2,I,5,*",A. Ellis pass incomplete to D. Meza.,"H,4,11,H32",pass,NA,NA,NA,0,0,0,0,3,H,SS,"PUNT,1,11:03,25","PUNT,1,09:06,32",5,7,1:57,PUNT,1,11:03,SS25,PUNT,1,09:06,SS32,NA
2021_09_BD_SS,BD,SS,Barcelona Dragons,Stuttgart Surge,8/15/2021,Stuttgart,Gazi-Stadion,15:00,18:05,Y,03:05,1500,27 C,no wind,partly cloudy,Z. Hamiko,E. Sumner,R. Lewis,S. Richardson,A. Gurbiersch,N. Lakowitz,A. Flaisch-J.,SS,4,11,SS32,"H,4,11,H32","3,8,24","PUNT:10,V38 DN:","J. Hauser punt 30 yards to the BD38, downed.","V,1,10,V38",punt,NA,NA,NA,0,0,0,0,3,H,SS,"PUNT,1,11:03,25","PUNT,1,09:06,32",5,7,1:57,PUNT,1,11:03,SS25,PUNT,1,09:06,SS32,NA
2021_09_BD_SS,BD,SS,Barcelona Dragons,Stuttgart Surge,8/15/2021,Stuttgart,Gazi-Stadion,15:00,18:05,Y,03:05,1500,27 C,no wind,partly cloudy,Z. Hamiko,E. Sumner,R. Lewis,S. Richardson,A. Gurbiersch,N. Lakowitz,A. Flaisch-J.,BD,1,10,BD38,"V,1,10,V38","4,1,25",{DRIVE}:09:06,BARCELONA DRAGONS drive start at 09:06.,"V,1,10,V38",NA,NA,09:06,NA,0,0,0,0,4,V,BD,"PUNT,1,09:06,38","INT,1,08:57,38",1,0,0:09,PUNT,1,09:06,BD38,INT,1,08:57,BD38,NA
2021_09_BD_SS,BD,SS,Barcelona Dragons,Stuttgart Surge,8/15/2021,Stuttgart,Gazi-Stadion,15:00,18:05,Y,03:05,1500,27 C,no wind,partly cloudy,Z. Hamiko,E. Sumner,R. Lewis,S. Richardson,A. Gurbiersch,N. Lakowitz,A. Flaisch-J.,BD,1,10,BD38,"V,1,10,V38","4,2,26","PASS:1,X,23,V49 RET:23,V43 TACK:5","Z. Edwards pass intercepted by M. Dabo at the BD49, M. Dabo return 6 yards to the BD43 (J. Constant).","H,1,10,V43",pass,NA,NA,I,0,0,0,0,4,V,BD,"PUNT,1,09:06,38","INT,1,08:57,38",1,0,0:09,PUNT,1,09:06,BD38,INT,1,08:57,BD38,NA
2021_09_BD_SS,BD,SS,Barcelona Dragons,Stuttgart Surge,8/15/2021,Stuttgart,Gazi-Stadion,15:00,18:05,Y,03:05,1500,27 C,no wind,partly cloudy,Z. Hamiko,E. Sumner,R. Lewis,S. Richardson,A. Gurbiersch,N. Lakowitz,A. Flaisch-J.,SS,1,10,BD43,"H,1,10,V43","5,1,27",{DRIVE}:08:57,STUTTGART SURGE drive start at 08:57.,"H,1,10,V43",NA,NA,08:57,NA,0,0,0,0,5,H,SS,"INT,1,08:57,57","PUNT,1,06:37,49",3,-8,2:20,INT,1,08:57,BD43,PUNT,1,06:37,SS49,NA
2021_09_BD_SS,BD,SS,Barcelona Dragons,Stuttgart Surge,8/15/2021,Stuttgart,Gazi-Stadion,15:00,18:05,Y,03:05,1500,27 C,no wind,partly cloudy,Z. Hamiko,E. Sumner,R. Lewis,S. Richardson,A. Gurbiersch,N. Lakowitz,A. Flaisch-J.,SS,1,10,BD43,"H,1,10,V43","5,2,28","PASS:2,C,18,V36 TACK:27",A. Ellis pass complete to P. Steigerwald for 7 yards to the BD36 (A. Vera).,"H,2,3,V36",pass,NA,NA,NA,0,0,0,0,5,H,SS,"INT,1,08:57,57","PUNT,1,06:37,49",3,-8,2:20,INT,1,08:57,BD43,PUNT,1,06:37,SS49,NA
2021_09_BD_SS,BD,SS,Barcelona Dragons,Stuttgart Surge,8/15/2021,Stuttgart,Gazi-Stadion,15:00,18:05,Y,03:05,1500,27 C,no wind,partly cloudy,Z. Hamiko,E. Sumner,R. Lewis,S. Richardson,A. Gurbiersch,N. Lakowitz,A. Flaisch-J.,SS,2,3,BD36,"H,2,3,V36","5,3,29","RUSH:41,V29, TACK:22 PEN:H,OH,A,70,V46,N NOPLAY:","B. Yankson rush for 7 yards to the BD29 (L. Frecha), PENALTY SS OH (M. Kempchen) 10 yards to the BD46, NO PLAY.","H,2,13,V46",penalty,NA,NA,NA,0,0,0,0,5,H,SS,"INT,1,08:57,57","PUNT,1,06:37,49",3,-8,2:20,INT,1,08:57,BD43,PUNT,1,06:37,SS49,NA
2021_09_BD_SS,BD,SS,Barcelona Dragons,Stuttgart Surge,8/15/2021,Stuttgart,Gazi-Stadion,15:00,18:05,Y,03:05,1500,27 C,no wind,partly cloudy,Z. Hamiko,E. Sumner,R. Lewis,S. Richardson,A. Gurbiersch,N. Lakowitz,A. Flaisch-J.,SS,2,13,BD46,"H,2,13,V46","5,4,30","PASS:2,C,85,V41 TACK:10",A. Ellis pass complete to P. Weiblen for 5 yards to the BD41 (C. Brugnani).,"H,3,8,V41",pass,NA,NA,NA,0,0,0,0,5,H,SS,"INT,1,08:57,57","PUNT,1,06:37,49",3,-8,2:20,INT,1,08:57,BD43,PUNT,1,06:37,SS49,NA
2021_09_BD_SS,BD,SS,Barcelona Dragons,Stuttgart Surge,8/15/2021,Stuttgart,Gazi-Stadion,15:00,18:05,Y,03:05,1500,27 C,no wind,partly cloudy,Z. Hamiko,E. Sumner,R. Lewis,S. Richardson,A. Gurbiersch,N. Lakowitz,A. Flaisch-J.,SS,3,8,BD41,"H,3,8,V41","5,5,31","PASS:2,C,5,V24 TACK:33 PEN:H,OH,A,77,H49,N NOPLAY:","A. Ellis pass complete to D. Meza for 17 yards to the BD24 (T. Debiez), PENALTY SS OH (M. Kuppinger) 10 yards to the SS49, NO PLAY.","H,3,18,H49",penalty,NA,NA,NA,0,0,0,0,5,H,SS,"INT,1,08:57,57","PUNT,1,06:37,49",3,-8,2:20,INT,1,08:57,BD43,PUNT,1,06:37,SS49,NA
2021_09_BD_SS,BD,SS,Barcelona Dragons,Stuttgart Surge,8/15/2021,Stuttgart,Gazi-Stadion,15:00,18:05,Y,03:05,1500,27 C,no wind,partly cloudy,Z. Hamiko,E. Sumner,R. Lewis,S. Richardson,A. Gurbiersch,N. Lakowitz,A. Flaisch-J.,SS,3,18,SS49,"H,3,18,H49","5,6,32","PASS:2,I,5,*",A. Ellis pass incomplete to D. Meza.,"H,4,18,H49",pass,NA,NA,NA,0,0,0,0,5,H,SS,"INT,1,08:57,57","PUNT,1,06:37,49",3,-8,2:20,INT,1,08:57,BD43,PUNT,1,06:37,SS49,NA
2021_09_BD_SS,BD,SS,Barcelona Dragons,Stuttgart Surge,8/15/2021,Stuttgart,Gazi-Stadion,15:00,18:05,Y,03:05,1500,27 C,no wind,partly cloudy,Z. Hamiko,E. Sumner,R. Lewis,S. Richardson,A. Gurbiersch,N. Lakowitz,A. Flaisch-J.,SS,4,18,SS49,"H,4,18,H49","5,7,33","PUNT:10,V22 RET:22,V22 OB: PEN:V,RNK,A,53,V36,1 D:1,10 SPOT:H,V36,Y","J. Hauser punt 29 yards to the BD22, L. Frecha return 0 yards to the BD22, out-of-bounds, PENALTY BD RNK (P. Tricas) 14 yards to the BD36, 1ST DOWN BD, 1st and 10, SS ball on BD36.","H,1,10,V36",punt,penalty,NA,NA,1,0,0,0,5,H,SS,"INT,1,08:57,57","PUNT,1,06:37,49",3,-8,2:20,INT,1,08:57,BD43,PUNT,1,06:37,SS49,NA
2021_09_BD_SS,BD,SS,Barcelona Dragons,Stuttgart Surge,8/15/2021,Stuttgart,Gazi-Stadion,15:00,18:05,Y,03:05,1500,27 C,no wind,partly cloudy,Z. Hamiko,E. Sumner,R. Lewis,S. Richardson,A. Gurbiersch,N. Lakowitz,A. Flaisch-J.,SS,1,10,BD36,"H,1,10,V36","6,1,34",{DRIVE}:06:37,STUTTGART SURGE drive start at 06:37.,"H,1,10,V36",NA,NA,06:37,NA,0,0,0,0,6,H,SS,"PUNT,1,06:37,64","FG,1,03:57,93",7,29,2:40,PUNT,1,06:37,BD36,FG,1,03:57,BD07,1
2021_09_BD_SS,BD,SS,Barcelona Dragons,Stuttgart Surge,8/15/2021,Stuttgart,Gazi-Stadion,15:00,18:05,Y,03:05,1500,27 C,no wind,partly cloudy,Z. Hamiko,E. Sumner,R. Lewis,S. Richardson,A. Gurbiersch,N. Lakowitz,A. Flaisch-J.,SS,1,10,BD36,"H,1,10,V36","6,2,35","PASS:2,I,4,*",A. Ellis pass incomplete to A. Eitel.,"H,2,10,V36",pass,NA,NA,NA,0,0,0,0,6,H,SS,"PUNT,1,06:37,64","FG,1,03:57,93",7,29,2:40,PUNT,1,06:37,BD36,FG,1,03:57,BD07,1
2021_09_BD_SS,BD,SS,Barcelona Dragons,Stuttgart Surge,8/15/2021,Stuttgart,Gazi-Stadion,15:00,18:05,Y,03:05,1500,27 C,no wind,partly cloudy,Z. Hamiko,E. Sumner,R. Lewis,S. Richardson,A. Gurbiersch,N. Lakowitz,A. Flaisch-J.,SS,2,10,BD36,"H,2,10,V36","6,3,36","RUSH:41,V34, TACK:93",B. Yankson rush for 2 yards to the BD34 (A. Pinheiro).,"H,3,8,V34",rush,NA,NA,NA,0,0,0,0,6,H,SS,"PUNT,1,06:37,64","FG,1,03:57,93",7,29,2:40,PUNT,1,06:37,BD36,FG,1,03:57,BD07,1
2021_09_BD_SS,BD,SS,Barcelona Dragons,Stuttgart Surge,8/15/2021,Stuttgart,Gazi-Stadion,15:00,18:05,Y,03:05,1500,27 C,no wind,partly cloudy,Z. Hamiko,E. Sumner,R. Lewis,S. Richardson,A. Gurbiersch,N. Lakowitz,A. Flaisch-J.,SS,3,8,BD34,"H,3,8,V34","6,4,37","PASS:2,C,5,V12 TACK:25","A. Ellis pass complete to D. Meza for 22 yards to the BD12, 1ST DOWN SS (N. Lester).","H,1,10,V12",pass,pass,NA,NA,0,0,0,0,6,H,SS,"PUNT,1,06:37,64","FG,1,03:57,93",7,29,2:40,PUNT,1,06:37,BD36,FG,1,03:57,BD07,1
2021_09_BD_SS,BD,SS,Barcelona Dragons,Stuttgart Surge,8/15/2021,Stuttgart,Gazi-Stadion,15:00,18:05,Y,03:05,1500,27 C,no wind,partly cloudy,Z. Hamiko,E. Sumner,R. Lewis,S. Richardson,A. Gurbiersch,N. Lakowitz,A. Flaisch-J.,SS,1,10,BD12,"H,1,10,V12","6,5,38","RUSH:41,V08, TACK:90",B. Yankson rush for 4 yards to the BD8 (A. Fernandez).,"H,2,6,V08",rush,NA,NA,NA,0,0,0,0,6,H,SS,"PUNT,1,06:37,64","FG,1,03:57,93",7,29,2:40,PUNT,1,06:37,BD36,FG,1,03:57,BD07,1
2021_09_BD_SS,BD,SS,Barcelona Dragons,Stuttgart Surge,8/15/2021,Stuttgart,Gazi-Stadion,15:00,18:05,Y,03:05,1500,27 C,no wind,partly cloudy,Z. Hamiko,E. Sumner,R. Lewis,S. Richardson,A. Gurbiersch,N. Lakowitz,A. Flaisch-J.,SS,2,6,BD08,"H,2,6,V08","6,6,39","PASS:2,I,18,*",A. Ellis pass incomplete to P. Steigerwald.,"H,3,6,V08",pass,NA,NA,NA,0,0,0,0,6,H,SS,"PUNT,1,06:37,64","FG,1,03:57,93",7,29,2:40,PUNT,1,06:37,BD36,FG,1,03:57,BD07,1
2021_09_BD_SS,BD,SS,Barcelona Dragons,Stuttgart Surge,8/15/2021,Stuttgart,Gazi-Stadion,15:00,18:05,Y,03:05,1500,27 C,no wind,partly cloudy,Z. Hamiko,E. Sumner,R. Lewis,S. Richardson,A. Gurbiersch,N. Lakowitz,A. Flaisch-J.,SS,3,6,BD08,"H,3,6,V08","6,7,40","RUSH:41,V07, TACK:45,99",B. Yankson rush for 1 yard to the BD7 (A. Posito;Y. Rivero).,"H,4,5,V07",rush,NA,NA,NA,0,0,0,0,6,H,SS,"PUNT,1,06:37,64","FG,1,03:57,93",7,29,2:40,PUNT,1,06:37,BD36,FG,1,03:57,BD07,1
2021_09_BD_SS,BD,SS,Barcelona Dragons,Stuttgart Surge,8/15/2021,Stuttgart,Gazi-Stadion,15:00,18:05,Y,03:05,1500,27 C,no wind,partly cloudy,Z. Hamiko,E. Sumner,R. Lewis,S. Richardson,A. Gurbiersch,N. Lakowitz,A. Flaisch-J.,SS,4,5,BD07,"H,4,5,V07","6,8,41","FGA:10,24,G T:03:57","J. Hauser field goal attempt from 24 GOOD, clock 03:57.","H,1,0,H35",field_goal,NA,03:57,NA,0,1,0,3,6,H,SS,"PUNT,1,06:37,64","FG,1,03:57,93",7,29,2:40,PUNT,1,06:37,BD36,FG,1,03:57,BD07,1
2021_09_BD_SS,BD,SS,Barcelona Dragons,Stuttgart Surge,8/15/2021,Stuttgart,Gazi-Stadion,15:00,18:05,Y,03:05,1500,27 C,no wind,partly cloudy,Z. Hamiko,E. Sumner,R. Lewis,S. Richardson,A. Gurbiersch,N. Lakowitz,A. Flaisch-J.,SS,1,0,SS35,"H,1,0,H35","6,9,42","KO:10,V00 RET:5,V26 TACK:41","J. Hauser kickoff 65 yards to the BD0, J. Constant return 26 yards to the BD26 (B. Yankson).","V,1,10,V26",kick_off,NA,NA,NA,0,0,0,3,6,H,SS,"PUNT,1,06:37,64","FG,1,03:57,93",7,29,2:40,PUNT,1,06:37,BD36,FG,1,03:57,BD07,1
2021_09_BD_SS,BD,SS,Barcelona Dragons,Stuttgart Surge,8/15/2021,Stuttgart,Gazi-Stadion,15:00,18:05,Y,03:05,1500,27 C,no wind,partly cloudy,Z. Hamiko,E. Sumner,R. Lewis,S. Richardson,A. Gurbiersch,N. Lakowitz,A. Flaisch-J.,BD,1,10,BD26,"V,1,10,V26","7,1,43",{DRIVE}:03:53,BARCELONA DRAGONS drive start at 03:53.,"V,1,10,V26",NA,NA,03:53,NA,0,0,0,3,7,V,BD,"KO,1,03:53,26","TD,2,13:20,100",10,74,5:33,KO,1,03:53,BD26,TD,2,13:20,SS00,1
2021_09_BD_SS,BD,SS,Barcelona Dragons,Stuttgart Surge,8/15/2021,Stuttgart,Gazi-Stadion,15:00,18:05,Y,03:05,1500,27 C,no wind,partly cloudy,Z. Hamiko,E. Sumner,R. Lewis,S. Richardson,A. Gurbiersch,N. Lakowitz,A. Flaisch-J.,BD,1,10,BD26,"V,1,10,V26","7,2,44","PASS:1,C,5,V34 TACK:45,23",Z. Edwards pass complete to J. Constant for 8 yards to the BD34 (N. Hamulic;M. Dabo).,"V,2,2,V34",pass,NA,NA,NA,0,0,0,3,7,V,BD,"KO,1,03:53,26","TD,2,13:20,100",10,74,5:33,KO,1,03:53,BD26,TD,2,13:20,SS00,1
2021_09_BD_SS,BD,SS,Barcelona Dragons,Stuttgart Surge,8/15/2021,Stuttgart,Gazi-Stadion,15:00,18:05,Y,03:05,1500,27 C,no wind,partly cloudy,Z. Hamiko,E. Sumner,R. Lewis,S. Richardson,A. Gurbiersch,N. Lakowitz,A. Flaisch-J.,BD,2,2,BD34,"V,2,2,V34","7,3,45","PASS:1,S,TM,V23 SACK:71 PEN:H,RBS,A,71,V49,1 NOPLAY:","Z. Edwards sacked for loss of 11 yards to the BD23 (M. Fuerst), PENALTY SS RBS (M. Fuerst) 15 yards to the BD49, 1ST DOWN BD, NO PLAY.","V,1,10,V49",penalty,penalty,NA,NA,0,0,0,3,7,V,BD,"KO,1,03:53,26","TD,2,13:20,100",10,74,5:33,KO,1,03:53,BD26,TD,2,13:20,SS00,1
2021_09_BD_SS,BD,SS,Barcelona Dragons,Stuttgart Surge,8/15/2021,Stuttgart,Gazi-Stadion,15:00,18:05,Y,03:05,1500,27 C,no wind,partly cloudy,Z. Hamiko,E. Sumner,R. Lewis,S. Richardson,A. Gurbiersch,N. Lakowitz,A. Flaisch-J.,BD,1,10,BD49,"V,1,10,V49","7,4,46","PASS:1,C,15,H41 TACK:31,3 PEN:H,PF,A,31,H25,1 NOPLAY:","Z. Edwards pass complete to M. Flores for 10 yards to the SS41 (N. Wenzelburger;W. Mathei), PENALTY SS personal foul (N. Wenzelburger) 26 yards to the SS25, 1ST DOWN BD, NO PLAY.","V,1,10,H25",penalty,penalty,NA,NA,0,0,0,3,7,V,BD,"KO,1,03:53,26","TD,2,13:20,100",10,74,5:33,KO,1,03:53,BD26,TD,2,13:20,SS00,1
2021_09_BD_SS,BD,SS,Barcelona Dragons,Stuttgart Surge,8/15/2021,Stuttgart,Gazi-Stadion,15:00,18:05,Y,03:05,1500,27 C,no wind,partly cloudy,Z. Hamiko,E. Sumner,R. Lewis,S. Richardson,A. Gurbiersch,N. Lakowitz,A. Flaisch-J.,BD,1,10,SS25,"V,1,10,H25","7,5,47","RUSH:1,H23, TACK:99",Z. Edwards rush for 2 yards to the SS23 (S. Vardar).,"V,2,8,H23",rush,NA,NA,NA,0,0,0,3,7,V,BD,"KO,1,03:53,26","TD,2,13:20,100",10,74,5:33,KO,1,03:53,BD26,TD,2,13:20,SS00,1
2021_09_BD_SS,BD,SS,Barcelona Dragons,Stuttgart Surge,8/15/2021,Stuttgart,Gazi-Stadion,15:00,18:05,Y,03:05,1500,27 C,no wind,partly cloudy,Z. Hamiko,E. Sumner,R. Lewis,S. Richardson,A. Gurbiersch,N. Lakowitz,A. Flaisch-J.,BD,2,8,SS23,"V,2,8,H23","7,6,48","RUSH:3,H20, TACK:42",A. Jimenez rush for 3 yards to the SS20 (Z. Blair).,"V,3,5,H20",rush,NA,NA,NA,0,0,0,3,7,V,BD,"KO,1,03:53,26","TD,2,13:20,100",10,74,5:33,KO,1,03:53,BD26,TD,2,13:20,SS00,1
2021_09_BD_SS,BD,SS,Barcelona Dragons,Stuttgart Surge,8/15/2021,Stuttgart,Gazi-Stadion,15:00,18:05,Y,03:05,1500,27 C,no wind,partly cloudy,Z. Hamiko,E. Sumner,R. Lewis,S. Richardson,A. Gurbiersch,N. Lakowitz,A. Flaisch-J.,BD,3,5,SS20,"V,3,5,H20","7,7,49","PASS:1,C,15,H14 OB:","Z. Edwards pass complete to M. Flores for 6 yards to the SS14, 1ST DOWN BD, out-of-bounds.","V,1,10,H14",pass,pass,NA,NA,1,0,0,3,7,V,BD,"KO,1,03:53,26","TD,2,13:20,100",10,74,5:33,KO,1,03:53,BD26,TD,2,13:20,SS00,1
2021_09_BD_SS,BD,SS,Barcelona Dragons,Stuttgart Surge,8/15/2021,Stuttgart,Gazi-Stadion,15:00,18:05,Y,03:05,1500,27 C,no wind,partly cloudy,Z. Hamiko,E. Sumner,R. Lewis,S. Richardson,A. Gurbiersch,N. Lakowitz,A. Flaisch-J.,BD,1,10,SS14,"V,1,10,H14","7,8,50","RUSH:3,H15, TACK:42",A. Jimenez rush for loss of 1 yard to the SS15 (Z. Blair).,"V,2,11,H15",rush,NA,NA,NA,0,0,0,3,7,V,BD,"KO,1,03:53,26","TD,2,13:20,100",10,74,5:33,KO,1,03:53,BD26,TD,2,13:20,SS00,1
2021_09_BD_SS,BD,SS,Barcelona Dragons,Stuttgart Surge,8/15/2021,Stuttgart,Gazi-Stadion,15:00,18:05,Y,03:05,1500,27 C,no wind,partly cloudy,Z. Hamiko,E. Sumner,R. Lewis,S. Richardson,A. Gurbiersch,N. Lakowitz,A. Flaisch-J.,BD,2,11,SS15,"V,2,11,H15","7,9,51","RUSH:1,H06, TACK:11",Z. Edwards rush for 9 yards to the SS6 (R. Lakalaka).,"V,3,2,H06",rush,NA,NA,NA,0,0,0,3,7,V,BD,"KO,1,03:53,26","TD,2,13:20,100",10,74,5:33,KO,1,03:53,BD26,TD,2,13:20,SS00,1
2021_09_BD_SS,BD,SS,Barcelona Dragons,Stuttgart Surge,8/15/2021,Stuttgart,Gazi-Stadion,15:00,18:05,Y,03:05,1500,27 C,no wind,partly cloudy,Z. Hamiko,E. Sumner,R. Lewis,S. Richardson,A. Gurbiersch,N. Lakowitz,A. Flaisch-J.,BD,3,2,SS06,"V,3,2,H06","7,10,52",Q:2 T:15:00,"Start of 2nd quarter, clock 15:00.","V,3,2,H06",NA,NA,15:00,NA,0,0,0,3,7,V,BD,"KO,1,03:53,26","TD,2,13:20,100",10,74,5:33,KO,1,03:53,BD26,TD,2,13:20,SS00,1
2021_09_BD_SS,BD,SS,Barcelona Dragons,Stuttgart Surge,8/15/2021,Stuttgart,Gazi-Stadion,15:00,18:05,Y,03:05,1500,27 C,no wind,partly cloudy,Z. Hamiko,E. Sumner,R. Lewis,S. Richardson,A. Gurbiersch,N. Lakowitz,A. Flaisch-J.,BD,3,2,SS06,"V,3,2,H06","7,11,53","RUSH:1,H06, TACK:20",Z. Edwards rush for no gain to the SS6 (L. Ogboeve).,"V,4,2,H06",rush,NA,NA,NA,0,0,0,3,7,V,BD,"KO,1,03:53,26","TD,2,13:20,100",10,74,5:33,KO,1,03:53,BD26,TD,2,13:20,SS00,1
2021_09_BD_SS,BD,SS,Barcelona Dragons,Stuttgart Surge,8/15/2021,Stuttgart,Gazi-Stadion,15:00,18:05,Y,03:05,1500,27 C,no wind,partly cloudy,Z. Hamiko,E. Sumner,R. Lewis,S. Richardson,A. Gurbiersch,N. Lakowitz,A. Flaisch-J.,BD,4,2,SS06,"V,4,2,H06","7,12,54","RUSH:1,H04, TACK:42","Z. Edwards rush for 2 yards to the SS4, 1ST DOWN BD (Z. Blair).","V,1,0,H04",rush,rush,NA,NA,0,0,0,3,7,V,BD,"KO,1,03:53,26","TD,2,13:20,100",10,74,5:33,KO,1,03:53,BD26,TD,2,13:20,SS00,1
2021_09_BD_SS,BD,SS,Barcelona Dragons,Stuttgart Surge,8/15/2021,Stuttgart,Gazi-Stadion,15:00,18:05,Y,03:05,1500,27 C,no wind,partly cloudy,Z. Hamiko,E. Sumner,R. Lewis,S. Richardson,A. Gurbiersch,N. Lakowitz,A. Flaisch-J.,BD,1,0,SS04,"V,1,0,H04","7,13,55","PASS:1,I,5,*",Z. Edwards pass incomplete to J. Constant.,"V,2,0,H04",pass,NA,NA,NA,0,0,0,3,7,V,BD,"KO,1,03:53,26","TD,2,13:20,100",10,74,5:33,KO,1,03:53,BD26,TD,2,13:20,SS00,1
2021_09_BD_SS,BD,SS,Barcelona Dragons,Stuttgart Surge,8/15/2021,Stuttgart,Gazi-Stadion,15:00,18:05,Y,03:05,1500,27 C,no wind,partly cloudy,Z. Hamiko,E. Sumner,R. Lewis,S. Richardson,A. Gurbiersch,N. Lakowitz,A. Flaisch-J.,BD,2,0,SS04,"V,2,0,H04","7,14,56","PASS:1,C,15,H00 PEN:V,ILM,D PEN:V,ITP,A,15,H04,+ NOPLAY:","Z. Edwards pass complete to M. Flores for 4 yards to the SS0, PENALTY BD ILM declined, PENALTY BD ITP (M. Flores) 0 yards to the SS4, NO PLAY.","V,3,0,H04",penalty,NA,NA,NA,0,0,0,3,7,V,BD,"KO,1,03:53,26","TD,2,13:20,100",10,74,5:33,KO,1,03:53,BD26,TD,2,13:20,SS00,1
2021_09_BD_SS,BD,SS,Barcelona Dragons,Stuttgart Surge,8/15/2021,Stuttgart,Gazi-Stadion,15:00,18:05,Y,03:05,1500,27 C,no wind,partly cloudy,Z. Hamiko,E. Sumner,R. Lewis,S. Richardson,A. Gurbiersch,N. Lakowitz,A. Flaisch-J.,BD,3,0,SS04,"V,3,0,H04","7,15,57","PEN:V,ISH,A,TM,H09,N",PENALTY BD ISH 5 yards to the SS9.,"V,3,0,H09",penalty,NA,NA,NA,0,0,0,3,7,V,BD,"KO,1,03:53,26","TD,2,13:20,100",10,74,5:33,KO,1,03:53,BD26,TD,2,13:20,SS00,1
2021_09_BD_SS,BD,SS,Barcelona Dragons,Stuttgart Surge,8/15/2021,Stuttgart,Gazi-Stadion,15:00,18:05,Y,03:05,1500,27 C,no wind,partly cloudy,Z. Hamiko,E. Sumner,R. Lewis,S. Richardson,A. Gurbiersch,N. Lakowitz,A. Flaisch-J.,BD,3,0,SS09,"V,3,0,H09","7,16,58","PEN:V,ISH,A,1,H14,N",PENALTY BD ISH (Z. Edwards) 5 yards to the SS14.,"V,3,0,H14",penalty,NA,NA,NA,0,0,0,3,7,V,BD,"KO,1,03:53,26","TD,2,13:20,100",10,74,5:33,KO,1,03:53,BD26,TD,2,13:20,SS00,1
2021_09_BD_SS,BD,SS,Barcelona Dragons,Stuttgart Surge,8/15/2021,Stuttgart,Gazi-Stadion,15:00,18:05,Y,03:05,1500,27 C,no wind,partly cloudy,Z. Hamiko,E. Sumner,R. Lewis,S. Richardson,A. Gurbiersch,N. Lakowitz,A. Flaisch-J.,BD,3,0,SS14,"V,3,0,H14","7,17,59","PASS:1,C,4,H00 T:13:20","Z. Edwards pass complete to R. Bertellin for 14 yards to the SS0, 1ST DOWN BD, TOUCHDOWN, clock 13:20.","V,1,10,H15",pass,pass,13:20,NA,0,1,6,3,7,V,BD,"KO,1,03:53,26","TD,2,13:20,100",10,74,5:33,KO,1,03:53,BD26,TD,2,13:20,SS00,1
2021_09_BD_SS,BD,SS,Barcelona Dragons,Stuttgart Surge,8/15/2021,Stuttgart,Gazi-Stadion,15:00,18:05,Y,03:05,1500,27 C,no wind,partly cloudy,Z. Hamiko,E. Sumner,R. Lewis,S. Richardson,A. Gurbiersch,N. Lakowitz,A. Flaisch-J.,BD,1,10,SS15,"V,1,10,H15","7,18,60","PAT:K,8,G",G. Tavecchio kick attempt good.,"V,1,0,V35",pat,NA,NA,NA,0,1,7,3,7,V,BD,"KO,1,03:53,26","TD,2,13:20,100",10,74,5:33,KO,1,03:53,BD26,TD,2,13:20,SS00,1
2021_09_BD_SS,BD,SS,Barcelona Dragons,Stuttgart Surge,8/15/2021,Stuttgart,Gazi-Stadion,15:00,18:05,Y,03:05,1500,27 C,no wind,partly cloudy,Z. Hamiko,E. Sumner,R. Lewis,S. Richardson,A. Gurbiersch,N. Lakowitz,A. Flaisch-J.,BD,1,0,BD35,"V,1,0,V35","7,19,61","KO:8,V47 OB: SPOT:H,V47,Y","G. Tavecchio kickoff 12 yards to the BD47, out-of-bounds, SS ball on BD47.","H,1,10,V47",kick_off,NA,NA,NA,1,0,7,3,7,V,BD,"KO,1,03:53,26","TD,2,13:20,100",10,74,5:33,KO,1,03:53,BD26,TD,2,13:20,SS00,1
2021_09_BD_SS,BD,SS,Barcelona Dragons,Stuttgart Surge,8/15/2021,Stuttgart,Gazi-Stadion,15:00,18:05,Y,03:05,1500,27 C,no wind,partly cloudy,Z. Hamiko,E. Sumner,R. Lewis,S. Richardson,A. Gurbiersch,N. Lakowitz,A. Flaisch-J.,SS,1,10,BD47,"H,1,10,V47","8,1,62",{DRIVE}:13:20,STUTTGART SURGE drive start at 13:20.,"H,1,10,V47",NA,NA,13:20,NA,0,0,7,3,8,H,SS,"KO,2,13:20,53","INT,2,09:59,91",6,38,3:21,KO,2,13:20,BD47,INT,2,09:59,BD09,1
2021_09_BD_SS,BD,SS,Barcelona Dragons,Stuttgart Surge,8/15/2021,Stuttgart,Gazi-Stadion,15:00,18:05,Y,03:05,1500,27 C,no wind,partly cloudy,Z. Hamiko,E. Sumner,R. Lewis,S. Richardson,A. Gurbiersch,N. Lakowitz,A. Flaisch-J.,SS,1,10,BD47,"H,1,10,V47","8,2,63","PASS:2,I,14,*",A. Ellis pass incomplete to L. Geyer.,"H,2,10,V47",pass,NA,NA,NA,0,0,7,3,8,H,SS,"KO,2,13:20,53","INT,2,09:59,91",6,38,3:21,KO,2,13:20,BD47,INT,2,09:59,BD09,1
2021_09_BD_SS,BD,SS,Barcelona Dragons,Stuttgart Surge,8/15/2021,Stuttgart,Gazi-Stadion,15:00,18:05,Y,03:05,1500,27 C,no wind,partly cloudy,Z. Hamiko,E. Sumner,R. Lewis,S. Richardson,A. Gurbiersch,N. Lakowitz,A. Flaisch-J.,SS,2,10,BD47,"H,2,10,V47","8,3,64","PASS:2,F,TM,V49 FUMB:H,V49,2","A. Ellis sacked for loss of 2 yards to the BD49, fumble by TEAM recovered by SS A. Ellis at BD49.","H,3,12,V49",pass,NA,NA,NA,0,0,7,3,8,H,SS,"KO,2,13:20,53","INT,2,09:59,91",6,38,3:21,KO,2,13:20,BD47,INT,2,09:59,BD09,1
2021_09_BD_SS,BD,SS,Barcelona Dragons,Stuttgart Surge,8/15/2021,Stuttgart,Gazi-Stadion,15:00,18:05,Y,03:05,1500,27 C,no wind,partly cloudy,Z. Hamiko,E. Sumner,R. Lewis,S. Richardson,A. Gurbiersch,N. Lakowitz,A. Flaisch-J.,SS,3,12,BD49,"H,3,12,V49","8,4,65","RUSH:2,V36,","A. Ellis rush for 13 yards to the BD36, 1ST DOWN SS.","H,1,10,V36",rush,rush,NA,NA,0,0,7,3,8,H,SS,"KO,2,13:20,53","INT,2,09:59,91",6,38,3:21,KO,2,13:20,BD47,INT,2,09:59,BD09,1
2021_09_BD_SS,BD,SS,Barcelona Dragons,Stuttgart Surge,8/15/2021,Stuttgart,Gazi-Stadion,15:00,18:05,Y,03:05,1500,27 C,no wind,partly cloudy,Z. Hamiko,E. Sumner,R. Lewis,S. Richardson,A. Gurbiersch,N. Lakowitz,A. Flaisch-J.,SS,1,10,BD36,"H,1,10,V36","8,5,66",TOUT:H T:11:41,"Timeout Stuttgart Surge, clock 11:41.","H,1,10,V36",NA,NA,11:41,NA,0,0,7,3,8,H,SS,"KO,2,13:20,53","INT,2,09:59,91",6,38,3:21,KO,2,13:20,BD47,INT,2,09:59,BD09,1
2021_09_BD_SS,BD,SS,Barcelona Dragons,Stuttgart Surge,8/15/2021,Stuttgart,Gazi-Stadion,15:00,18:05,Y,03:05,1500,27 C,no wind,partly cloudy,Z. Hamiko,E. Sumner,R. Lewis,S. Richardson,A. Gurbiersch,N. Lakowitz,A. Flaisch-J.,SS,1,10,BD36,"H,1,10,V36","8,6,67","RUSH:41,V31, TACK:73",B. Yankson rush for 5 yards to the BD31 (S. Bowen).,"H,2,5,V31",rush,NA,NA,NA,0,0,7,3,8,H,SS,"KO,2,13:20,53","INT,2,09:59,91",6,38,3:21,KO,2,13:20,BD47,INT,2,09:59,BD09,1
2021_09_BD_SS,BD,SS,Barcelona Dragons,Stuttgart Surge,8/15/2021,Stuttgart,Gazi-Stadion,15:00,18:05,Y,03:05,1500,27 C,no wind,partly cloudy,Z. Hamiko,E. Sumner,R. Lewis,S. Richardson,A. Gurbiersch,N. Lakowitz,A. Flaisch-J.,SS,2,5,BD31,"H,2,5,V31","8,7,68","PASS:2,I,18,* PEN:V,DPI,A,20,V10,1 NOPLAY:","A. Ellis pass incomplete to P. Steigerwald, PENALTY BD DPI (L. Masero) 21 yards to the BD10, 1ST DOWN SS, NO PLAY.","H,1,0,V10",penalty,penalty,NA,NA,0,0,7,3,8,H,SS,"KO,2,13:20,53","INT,2,09:59,91",6,38,3:21,KO,2,13:20,BD47,INT,2,09:59,BD09,1
2021_09_BD_SS,BD,SS,Barcelona Dragons,Stuttgart Surge,8/15/2021,Stuttgart,Gazi-Stadion,15:00,18:05,Y,03:05,1500,27 C,no wind,partly cloudy,Z. Hamiko,E. Sumner,R. Lewis,S. Richardson,A. Gurbiersch,N. Lakowitz,A. Flaisch-J.,SS,1,0,BD10,"H,1,0,V10","8,8,69","RUSH:41,V09, TACK:3",B. Yankson rush for 1 yard to the BD9 (A. Jimenez).,"H,2,0,V09",rush,NA,NA,NA,0,0,7,3,8,H,SS,"KO,2,13:20,53","INT,2,09:59,91",6,38,3:21,KO,2,13:20,BD47,INT,2,09:59,BD09,1
2021_09_BD_SS,BD,SS,Barcelona Dragons,Stuttgart Surge,8/15/2021,Stuttgart,Gazi-Stadion,15:00,18:05,Y,03:05,1500,27 C,no wind,partly cloudy,Z. Hamiko,E. Sumner,R. Lewis,S. Richardson,A. Gurbiersch,N. Lakowitz,A. Flaisch-J.,SS,2,0,BD09,"H,2,0,V09","8,9,70","PASS:2,X,20,V00 RET:20,V20","A. Ellis pass intercepted by L. Masero at the BD0, L. Masero return 20 yards to the BD20.","V,1,10,V20",pass,NA,NA,I,0,0,7,3,8,H,SS,"KO,2,13:20,53","INT,2,09:59,91",6,38,3:21,KO,2,13:20,BD47,INT,2,09:59,BD09,1
2021_09_BD_SS,BD,SS,Barcelona Dragons,Stuttgart Surge,8/15/2021,Stuttgart,Gazi-Stadion,15:00,18:05,Y,03:05,1500,27 C,no wind,partly cloudy,Z. Hamiko,E. Sumner,R. Lewis,S. Richardson,A. Gurbiersch,N. Lakowitz,A. Flaisch-J.,BD,1,10,BD20,"V,1,10,V20","9,1,71",{DRIVE}:09:59,BARCELONA DRAGONS drive start at 09:59.,"V,1,10,V20",NA,NA,09:59,NA,0,0,7,3,9,V,BD,"INT,2,09:59,20","PUNT,2,06:41,40",4,20,3:18,INT,2,09:59,BD20,PUNT,2,06:41,BD40,NA
2021_09_BD_SS,BD,SS,Barcelona Dragons,Stuttgart Surge,8/15/2021,Stuttgart,Gazi-Stadion,15:00,18:05,Y,03:05,1500,27 C,no wind,partly cloudy,Z. Hamiko,E. Sumner,R. Lewis,S. Richardson,A. Gurbiersch,N. Lakowitz,A. Flaisch-J.,BD,1,10,BD20,"V,1,10,V20","9,2,72","RUSH:5,V27, TACK:92",J. Constant rush for 7 yards to the BD27 (T. Burkhardt).,"V,2,3,V27",rush,NA,NA,NA,0,0,7,3,9,V,BD,"INT,2,09:59,20","PUNT,2,06:41,40",4,20,3:18,INT,2,09:59,BD20,PUNT,2,06:41,BD40,NA
2021_09_BD_SS,BD,SS,Barcelona Dragons,Stuttgart Surge,8/15/2021,Stuttgart,Gazi-Stadion,15:00,18:05,Y,03:05,1500,27 C,no wind,partly cloudy,Z. Hamiko,E. Sumner,R. Lewis,S. Richardson,A. Gurbiersch,N. Lakowitz,A. Flaisch-J.,BD,2,3,BD27,"V,2,3,V27","9,3,73","PEN:H,DOF,A,42,V32,1","PENALTY SS DOF (Z. Blair) 5 yards to the BD32, 1ST DOWN BD.","V,1,10,V32",penalty,penalty,NA,NA,0,0,7,3,9,V,BD,"INT,2,09:59,20","PUNT,2,06:41,40",4,20,3:18,INT,2,09:59,BD20,PUNT,2,06:41,BD40,NA
2021_09_BD_SS,BD,SS,Barcelona Dragons,Stuttgart Surge,8/15/2021,Stuttgart,Gazi-Stadion,15:00,18:05,Y,03:05,1500,27 C,no wind,partly cloudy,Z. Hamiko,E. Sumner,R. Lewis,S. Richardson,A. Gurbiersch,N. Lakowitz,A. Flaisch-J.,BD,1,10,BD32,"V,1,10,V32","9,4,74","PASS:1,C,5,V47","Z. Edwards pass complete to J. Constant for 15 yards to the BD47, 1ST DOWN BD.","V,1,10,V47",pass,pass,NA,NA,0,0,7,3,9,V,BD,"INT,2,09:59,20","PUNT,2,06:41,40",4,20,3:18,INT,2,09:59,BD20,PUNT,2,06:41,BD40,NA
2021_09_BD_SS,BD,SS,Barcelona Dragons,Stuttgart Surge,8/15/2021,Stuttgart,Gazi-Stadion,15:00,18:05,Y,03:05,1500,27 C,no wind,partly cloudy,Z. Hamiko,E. Sumner,R. Lewis,S. Richardson,A. Gurbiersch,N. Lakowitz,A. Flaisch-J.,BD,1,10,BD47,"V,1,10,V47","9,5,75","RUSH:3,V48, TACK:42",A. Jimenez rush for 1 yard to the BD48 (Z. Blair).,"V,2,9,V48",rush,NA,NA,NA,0,0,7,3,9,V,BD,"INT,2,09:59,20","PUNT,2,06:41,40",4,20,3:18,INT,2,09:59,BD20,PUNT,2,06:41,BD40,NA
2021_09_BD_SS,BD,SS,Barcelona Dragons,Stuttgart Surge,8/15/2021,Stuttgart,Gazi-Stadion,15:00,18:05,Y,03:05,1500,27 C,no wind,partly cloudy,Z. Hamiko,E. Sumner,R. Lewis,S. Richardson,A. Gurbiersch,N. Lakowitz,A. Flaisch-J.,BD,2,9,BD48,"V,2,9,V48","9,6,76","PASS:1,S,TM,V46 SACK:42",Z. Edwards sacked for loss of 2 yards to the BD46 (Z. Blair).,"V,3,11,V46",pass,NA,NA,NA,0,0,7,3,9,V,BD,"INT,2,09:59,20","PUNT,2,06:41,40",4,20,3:18,INT,2,09:59,BD20,PUNT,2,06:41,BD40,NA
2021_09_BD_SS,BD,SS,Barcelona Dragons,Stuttgart Surge,8/15/2021,Stuttgart,Gazi-Stadion,15:00,18:05,Y,03:05,1500,27 C,no wind,partly cloudy,Z. Hamiko,E. Sumner,R. Lewis,S. Richardson,A. Gurbiersch,N. Lakowitz,A. Flaisch-J.,BD,3,11,BD46,"V,3,11,V46","9,7,77","PEN:V,PF,A,57,V40,N",PENALTY BD personal foul (E. Nunez) 6 yards to the BD40.,"V,3,17,V40",penalty,NA,NA,NA,0,0,7,3,9,V,BD,"INT,2,09:59,20","PUNT,2,06:41,40",4,20,3:18,INT,2,09:59,BD20,PUNT,2,06:41,BD40,NA
2021_09_BD_SS,BD,SS,Barcelona Dragons,Stuttgart Surge,8/15/2021,Stuttgart,Gazi-Stadion,15:00,18:05,Y,03:05,1500,27 C,no wind,partly cloudy,Z. Hamiko,E. Sumner,R. Lewis,S. Richardson,A. Gurbiersch,N. Lakowitz,A. Flaisch-J.,BD,3,17,BD40,"V,3,17,V40","9,8,78","PUNT:8,H24 OB:","G. Tavecchio punt 36 yards to the SS24, out-of-bounds.","H,1,10,H24",punt,NA,NA,NA,1,0,7,3,9,V,BD,"INT,2,09:59,20","PUNT,2,06:41,40",4,20,3:18,INT,2,09:59,BD20,PUNT,2,06:41,BD40,NA
2021_09_BD_SS,BD,SS,Barcelona Dragons,Stuttgart Surge,8/15/2021,Stuttgart,Gazi-Stadion,15:00,18:05,Y,03:05,1500,27 C,no wind,partly cloudy,Z. Hamiko,E. Sumner,R. Lewis,S. Richardson,A. Gurbiersch,N. Lakowitz,A. Flaisch-J.,SS,1,10,SS24,"H,1,10,H24","10,1,79",{DRIVE}:06:41,STUTTGART SURGE drive start at 06:41.,"H,1,10,H24",NA,NA,06:41,NA,0,0,7,3,10,H,SS,"PUNT,2,06:41,24","FG,2,00:05,82",14,58,6:36,PUNT,2,06:41,SS24,FG,2,00:05,BD18,1
2021_09_BD_SS,BD,SS,Barcelona Dragons,Stuttgart Surge,8/15/2021,Stuttgart,Gazi-Stadion,15:00,18:05,Y,03:05,1500,27 C,no wind,partly cloudy,Z. Hamiko,E. Sumner,R. Lewis,S. Richardson,A. Gurbiersch,N. Lakowitz,A. Flaisch-J.,SS,1,10,SS24,"H,1,10,H24","10,2,80","PEN:H,OTM,A,34,H19,N",PENALTY SS OTM (S. Kiraz) 5 yards to the SS19.,"H,1,15,H19",penalty,NA,NA,NA,0,0,7,3,10,H,SS,"PUNT,2,06:41,24","FG,2,00:05,82",14,58,6:36,PUNT,2,06:41,SS24,FG,2,00:05,BD18,1
2021_09_BD_SS,BD,SS,Barcelona Dragons,Stuttgart Surge,8/15/2021,Stuttgart,Gazi-Stadion,15:00,18:05,Y,03:05,1500,27 C,no wind,partly cloudy,Z. Hamiko,E. Sumner,R. Lewis,S. Richardson,A. Gurbiersch,N. Lakowitz,A. Flaisch-J.,SS,1,15,SS19,"H,1,15,H19","10,3,81","RUSH:41,H21, TACK:93",B. Yankson rush for 2 yards to the SS21 (A. Pinheiro).,"H,2,13,H21",rush,NA,NA,NA,0,0,7,3,10,H,SS,"PUNT,2,06:41,24","FG,2,00:05,82",14,58,6:36,PUNT,2,06:41,SS24,FG,2,00:05,BD18,1
2021_09_BD_SS,BD,SS,Barcelona Dragons,Stuttgart Surge,8/15/2021,Stuttgart,Gazi-Stadion,15:00,18:05,Y,03:05,1500,27 C,no wind,partly cloudy,Z. Hamiko,E. Sumner,R. Lewis,S. Richardson,A. Gurbiersch,N. Lakowitz,A. Flaisch-J.,SS,2,13,SS21,"H,2,13,H21","10,4,82","PASS:2,S,TM,H14 SACK:73",A. Ellis sacked for loss of 7 yards to the SS14 (S. Bowen).,"H,3,20,H14",pass,NA,NA,NA,0,0,7,3,10,H,SS,"PUNT,2,06:41,24","FG,2,00:05,82",14,58,6:36,PUNT,2,06:41,SS24,FG,2,00:05,BD18,1
2021_09_BD_SS,BD,SS,Barcelona Dragons,Stuttgart Surge,8/15/2021,Stuttgart,Gazi-Stadion,15:00,18:05,Y,03:05,1500,27 C,no wind,partly cloudy,Z. Hamiko,E. Sumner,R. Lewis,S. Richardson,A. Gurbiersch,N. Lakowitz,A. Flaisch-J.,SS,3,20,SS14,"H,3,20,H14","10,5,83","RUSH:2,H14, TACK:73,90",A. Ellis rush for no gain to the SS14 (S. Bowen;A. Fernandez).,"H,4,20,H14",rush,NA,NA,NA,0,0,7,3,10,H,SS,"PUNT,2,06:41,24","FG,2,00:05,82",14,58,6:36,PUNT,2,06:41,SS24,FG,2,00:05,BD18,1
2021_09_BD_SS,BD,SS,Barcelona Dragons,Stuttgart Surge,8/15/2021,Stuttgart,Gazi-Stadion,15:00,18:05,Y,03:05,1500,27 C,no wind,partly cloudy,Z. Hamiko,E. Sumner,R. Lewis,S. Richardson,A. Gurbiersch,N. Lakowitz,A. Flaisch-J.,SS,4,20,SS14,"H,4,20,H14","10,6,84","PEN:V,RRK,A,7,H29,1 PEN:V,UNS,A,7,H44,1 NOPLAY:","PENALTY BD RRK (M. Tavarres) 15 yards to the SS29, 1ST DOWN SS, PENALTY BD UNS (M. Tavarres) 15 yards to the SS44, 1ST DOWN SS, NO PLAY.","H,1,10,H44",penalty,penalty,NA,NA,0,0,7,3,10,H,SS,"PUNT,2,06:41,24","FG,2,00:05,82",14,58,6:36,PUNT,2,06:41,SS24,FG,2,00:05,BD18,1
2021_09_BD_SS,BD,SS,Barcelona Dragons,Stuttgart Surge,8/15/2021,Stuttgart,Gazi-Stadion,15:00,18:05,Y,03:05,1500,27 C,no wind,partly cloudy,Z. Hamiko,E. Sumner,R. Lewis,S. Richardson,A. Gurbiersch,N. Lakowitz,A. Flaisch-J.,SS,1,10,SS44,"H,1,10,H44","10,7,85","RUSH:41,H49, TACK:49",B. Yankson rush for 5 yards to the SS49 (S. Castaner).,"H,2,5,H49",rush,NA,NA,NA,0,0,7,3,10,H,SS,"PUNT,2,06:41,24","FG,2,00:05,82",14,58,6:36,PUNT,2,06:41,SS24,FG,2,00:05,BD18,1
2021_09_BD_SS,BD,SS,Barcelona Dragons,Stuttgart Surge,8/15/2021,Stuttgart,Gazi-Stadion,15:00,18:05,Y,03:05,1500,27 C,no wind,partly cloudy,Z. Hamiko,E. Sumner,R. Lewis,S. Richardson,A. Gurbiersch,N. Lakowitz,A. Flaisch-J.,SS,2,5,SS49,"H,2,5,H49","10,8,86","RUSH:41,V48, TACK:99",B. Yankson rush for 3 yards to the BD48 (Y. Rivero).,"H,3,2,V48",rush,NA,NA,NA,0,0,7,3,10,H,SS,"PUNT,2,06:41,24","FG,2,00:05,82",14,58,6:36,PUNT,2,06:41,SS24,FG,2,00:05,BD18,1
2021_09_BD_SS,BD,SS,Barcelona Dragons,Stuttgart Surge,8/15/2021,Stuttgart,Gazi-Stadion,15:00,18:05,Y,03:05,1500,27 C,no wind,partly cloudy,Z. Hamiko,E. Sumner,R. Lewis,S. Richardson,A. Gurbiersch,N. Lakowitz,A. Flaisch-J.,SS,3,2,BD48,"H,3,2,V48","10,9,87","RUSH:6,H49, TACK:45",J. Moukouri rush for loss of 3 yards to the SS49 (A. Posito).,"H,4,5,H49",rush,NA,NA,NA,0,0,7,3,10,H,SS,"PUNT,2,06:41,24","FG,2,00:05,82",14,58,6:36,PUNT,2,06:41,SS24,FG,2,00:05,BD18,1
2021_09_BD_SS,BD,SS,Barcelona Dragons,Stuttgart Surge,8/15/2021,Stuttgart,Gazi-Stadion,15:00,18:05,Y,03:05,1500,27 C,no wind,partly cloudy,Z. Hamiko,E. Sumner,R. Lewis,S. Richardson,A. Gurbiersch,N. Lakowitz,A. Flaisch-J.,SS,4,5,SS49,"H,4,5,H49","10,10,88","PEN:V,ILH,A,7,V46,1 PEN:V,DSQ,A,7,V36,1 NOPLAY:","PENALTY BD ILH (M. Tavarres) 5 yards to the BD46, 1ST DOWN SS, PENALTY BD disqualification (M. Tavarres) 10 yards to the BD36, 1ST DOWN SS, NO PLAY.","H,1,10,V36",penalty,penalty,NA,NA,0,0,7,3,10,H,SS,"PUNT,2,06:41,24","FG,2,00:05,82",14,58,6:36,PUNT,2,06:41,SS24,FG,2,00:05,BD18,1
2021_09_BD_SS,BD,SS,Barcelona Dragons,Stuttgart Surge,8/15/2021,Stuttgart,Gazi-Stadion,15:00,18:05,Y,03:05,1500,27 C,no wind,partly cloudy,Z. Hamiko,E. Sumner,R. Lewis,S. Richardson,A. Gurbiersch,N. Lakowitz,A. Flaisch-J.,SS,1,10,BD36,"H,1,10,V36","10,11,89","RUSH:6,V31, TACK:2",J. Moukouri rush for 5 yards to the BD31 (G. Prati).,"H,2,5,V31",rush,NA,NA,NA,0,0,7,3,10,H,SS,"PUNT,2,06:41,24","FG,2,00:05,82",14,58,6:36,PUNT,2,06:41,SS24,FG,2,00:05,BD18,1
2021_09_BD_SS,BD,SS,Barcelona Dragons,Stuttgart Surge,8/15/2021,Stuttgart,Gazi-Stadion,15:00,18:05,Y,03:05,1500,27 C,no wind,partly cloudy,Z. Hamiko,E. Sumner,R. Lewis,S. Richardson,A. Gurbiersch,N. Lakowitz,A. Flaisch-J.,SS,2,5,BD31,"H,2,5,V31","10,12,90","RUSH:6,V29, TACK:93",J. Moukouri rush for 2 yards to the BD29 (A. Pinheiro).,"H,3,3,V29",rush,NA,NA,NA,0,0,7,3,10,H,SS,"PUNT,2,06:41,24","FG,2,00:05,82",14,58,6:36,PUNT,2,06:41,SS24,FG,2,00:05,BD18,1
2021_09_BD_SS,BD,SS,Barcelona Dragons,Stuttgart Surge,8/15/2021,Stuttgart,Gazi-Stadion,15:00,18:05,Y,03:05,1500,27 C,no wind,partly cloudy,Z. Hamiko,E. Sumner,R. Lewis,S. Richardson,A. Gurbiersch,N. Lakowitz,A. Flaisch-J.,SS,3,3,BD29,"H,3,3,V29","10,13,91","PASS:2,I,5,*",A. Ellis pass incomplete to D. Meza.,"H,4,3,V29",pass,NA,NA,NA,0,0,7,3,10,H,SS,"PUNT,2,06:41,24","FG,2,00:05,82",14,58,6:36,PUNT,2,06:41,SS24,FG,2,00:05,BD18,1
2021_09_BD_SS,BD,SS,Barcelona Dragons,Stuttgart Surge,8/15/2021,Stuttgart,Gazi-Stadion,15:00,18:05,Y,03:05,1500,27 C,no wind,partly cloudy,Z. Hamiko,E. Sumner,R. Lewis,S. Richardson,A. Gurbiersch,N. Lakowitz,A. Flaisch-J.,SS,4,3,BD29,"H,4,3,V29","10,14,92","RUSH:2,V16, TACK:49","A. Ellis rush for 13 yards to the BD16, 1ST DOWN SS (S. Castaner).","H,1,10,V16",rush,rush,NA,NA,0,0,7,3,10,H,SS,"PUNT,2,06:41,24","FG,2,00:05,82",14,58,6:36,PUNT,2,06:41,SS24,FG,2,00:05,BD18,1
2021_09_BD_SS,BD,SS,Barcelona Dragons,Stuttgart Surge,8/15/2021,Stuttgart,Gazi-Stadion,15:00,18:05,Y,03:05,1500,27 C,no wind,partly cloudy,Z. Hamiko,E. Sumner,R. Lewis,S. Richardson,A. Gurbiersch,N. Lakowitz,A. Flaisch-J.,SS,1,10,BD16,"H,1,10,V16","10,15,93","PASS:2,I,5,*",A. Ellis pass incomplete to D. Meza.,"H,2,10,V16",pass,NA,NA,NA,0,0,7,3,10,H,SS,"PUNT,2,06:41,24","FG,2,00:05,82",14,58,6:36,PUNT,2,06:41,SS24,FG,2,00:05,BD18,1
2021_09_BD_SS,BD,SS,Barcelona Dragons,Stuttgart Surge,8/15/2021,Stuttgart,Gazi-Stadion,15:00,18:05,Y,03:05,1500,27 C,no wind,partly cloudy,Z. Hamiko,E. Sumner,R. Lewis,S. Richardson,A. Gurbiersch,N. Lakowitz,A. Flaisch-J.,SS,2,10,BD16,"H,2,10,V16","10,16,94","RUSH:2,V18, FUMB:H,V18,2","A. Ellis rush for loss of 2 yards to the BD18, fumble by A. Ellis recovered by SS A. Ellis at BD18.","H,3,12,V18",rush,NA,NA,NA,0,0,7,3,10,H,SS,"PUNT,2,06:41,24","FG,2,00:05,82",14,58,6:36,PUNT,2,06:41,SS24,FG,2,00:05,BD18,1
2021_09_BD_SS,BD,SS,Barcelona Dragons,Stuttgart Surge,8/15/2021,Stuttgart,Gazi-Stadion,15:00,18:05,Y,03:05,1500,27 C,no wind,partly cloudy,Z. Hamiko,E. Sumner,R. Lewis,S. Richardson,A. Gurbiersch,N. Lakowitz,A. Flaisch-J.,SS,3,12,BD18,"H,3,12,V18","10,17,95","PASS:2,I,5,*",A. Ellis pass incomplete to D. Meza.,"H,4,12,V18",pass,NA,NA,NA,0,0,7,3,10,H,SS,"PUNT,2,06:41,24","FG,2,00:05,82",14,58,6:36,PUNT,2,06:41,SS24,FG,2,00:05,BD18,1
2021_09_BD_SS,BD,SS,Barcelona Dragons,Stuttgart Surge,8/15/2021,Stuttgart,Gazi-Stadion,15:00,18:05,Y,03:05,1500,27 C,no wind,partly cloudy,Z. Hamiko,E. Sumner,R. Lewis,S. Richardson,A. Gurbiersch,N. Lakowitz,A. Flaisch-J.,SS,4,12,BD18,"H,4,12,V18","10,18,96","FGA:10,38,G T:00:05","J. Hauser field goal attempt from 38 GOOD, clock 00:05.","H,1,0,H35",field_goal,NA,00:05,NA,0,1,7,6,10,H,SS,"PUNT,2,06:41,24","FG,2,00:05,82",14,58,6:36,PUNT,2,06:41,SS24,FG,2,00:05,BD18,1
2021_09_BD_SS,BD,SS,Barcelona Dragons,Stuttgart Surge,8/15/2021,Stuttgart,Gazi-Stadion,15:00,18:05,Y,03:05,1500,27 C,no wind,partly cloudy,Z. Hamiko,E. Sumner,R. Lewis,S. Richardson,A. Gurbiersch,N. Lakowitz,A. Flaisch-J.,SS,1,0,SS35,"H,1,0,H35","10,19,97","KO:10,V08 RET:5,V27 TACK:54","J. Hauser kickoff 57 yards to the BD8, J. Constant return 19 yards to the BD27 (C. Laessing).","V,1,10,V27",kick_off,NA,NA,NA,0,0,7,6,10,H,SS,"PUNT,2,06:41,24","FG,2,00:05,82",14,58,6:36,PUNT,2,06:41,SS24,FG,2,00:05,BD18,1
2021_09_BD_SS,BD,SS,Barcelona Dragons,Stuttgart Surge,8/15/2021,Stuttgart,Gazi-Stadion,15:00,18:05,Y,03:05,1500,27 C,no wind,partly cloudy,Z. Hamiko,E. Sumner,R. Lewis,S. Richardson,A. Gurbiersch,N. Lakowitz,A. Flaisch-J.,BD,1,10,BD27,"V,1,10,V27","11,1,98",{DRIVE}:00:00 HALF: T:00:00,"BARCELONA DRAGONS drive start at 00:00, end of half, clock 00:00.","V,1,10,V27",NA,NA,00:00,NA,0,0,7,6,11,V,BD,"KO,2,00:00,27","HALF,2,00:00,27",0,0,0:00,KO,2,00:00,BD27,HALF,2,00:00,BD27,NA
2021_09_BD_SS,BD,SS,Barcelona Dragons,Stuttgart Surge,8/15/2021,Stuttgart,Gazi-Stadion,15:00,18:05,Y,03:05,1500,27 C,no wind,partly cloudy,Z. Hamiko,E. Sumner,R. Lewis,S. Richardson,A. Gurbiersch,N. Lakowitz,A. Flaisch-J.,BD,1,10,BD27,"V,1,10,V27","11,2,99","Q:3 T:15:00 SPOT:H,H35,N","Start of 3rd quarter, clock 15:00, SS ball on SS35.","H,1,10,H35",NA,NA,15:00,NA,0,0,7,6,11,V,BD,"KO,2,00:00,27","HALF,2,00:00,27",0,0,0:00,KO,2,00:00,BD27,HALF,2,00:00,BD27,NA
2021_09_BD_SS,BD,SS,Barcelona Dragons,Stuttgart Surge,8/15/2021,Stuttgart,Gazi-Stadion,15:00,18:05,Y,03:05,1500,27 C,no wind,partly cloudy,Z. Hamiko,E. Sumner,R. Lewis,S. Richardson,A. Gurbiersch,N. Lakowitz,A. Flaisch-J.,SS,1,10,SS35,"H,1,10,H35","11,3,100","KO:10,V05 RET:5,V21","J. Hauser kickoff 60 yards to the BD5, J. Constant return 16 yards to the BD21.","V,1,10,V21",kick_off,NA,NA,NA,0,0,7,6,11,V,BD,"KO,2,00:00,27","HALF,2,00:00,27",0,0,0:00,KO,2,00:00,BD27,HALF,2,00:00,BD27,NA
2021_09_BD_SS,BD,SS,Barcelona Dragons,Stuttgart Surge,8/15/2021,Stuttgart,Gazi-Stadion,15:00,18:05,Y,03:05,1500,27 C,no wind,partly cloudy,Z. Hamiko,E. Sumner,R. Lewis,S. Richardson,A. Gurbiersch,N. Lakowitz,A. Flaisch-J.,BD,1,10,BD21,"V,1,10,V21","12,1,101",{DRIVE}:15:00,BARCELONA DRAGONS drive start at 15:00.,"V,1,10,V21",NA,NA,15:00,NA,0,0,7,6,12,V,BD,"KO,3,15:00,21","PUNT,3,13:36,20",3,-1,1:24,KO,3,15:00,BD21,PUNT,3,13:36,BD20,NA
2021_09_BD_SS,BD,SS,Barcelona Dragons,Stuttgart Surge,8/15/2021,Stuttgart,Gazi-Stadion,15:00,18:05,Y,03:05,1500,27 C,no wind,partly cloudy,Z. Hamiko,E. Sumner,R. Lewis,S. Richardson,A. Gurbiersch,N. Lakowitz,A. Flaisch-J.,BD,1,10,BD21,"V,1,10,V21","12,2,102","PEN:V,ILB,A,TM,V11,1","PENALTY BD ILB 10 yards to the BD11, 1ST DOWN BD.","V,1,10,V11",penalty,penalty,NA,NA,0,0,7,6,12,V,BD,"KO,3,15:00,21","PUNT,3,13:36,20",3,-1,1:24,KO,3,15:00,BD21,PUNT,3,13:36,BD20,NA
2021_09_BD_SS,BD,SS,Barcelona Dragons,Stuttgart Surge,8/15/2021,Stuttgart,Gazi-Stadion,15:00,18:05,Y,03:05,1500,27 C,no wind,partly cloudy,Z. Hamiko,E. Sumner,R. Lewis,S. Richardson,A. Gurbiersch,N. Lakowitz,A. Flaisch-J.,BD,1,10,BD11,"V,1,10,V11","12,3,103","PASS:1,I,4,*",Z. Edwards pass incomplete to R. Bertellin.,"V,2,10,V11",pass,NA,NA,NA,0,0,7,6,12,V,BD,"KO,3,15:00,21","PUNT,3,13:36,20",3,-1,1:24,KO,3,15:00,BD21,PUNT,3,13:36,BD20,NA
2021_09_BD_SS,BD,SS,Barcelona Dragons,Stuttgart Surge,8/15/2021,Stuttgart,Gazi-Stadion,15:00,18:05,Y,03:05,1500,27 C,no wind,partly cloudy,Z. Hamiko,E. Sumner,R. Lewis,S. Richardson,A. Gurbiersch,N. Lakowitz,A. Flaisch-J.,BD,2,10,BD11,"V,2,10,V11","12,4,104","PASS:1,C,18,V15 TACK:45",Z. Edwards pass complete to C. Manser for 4 yards to the BD15 (N. Hamulic).,"V,3,6,V15",pass,NA,NA,NA,0,0,7,6,12,V,BD,"KO,3,15:00,21","PUNT,3,13:36,20",3,-1,1:24,KO,3,15:00,BD21,PUNT,3,13:36,BD20,NA
2021_09_BD_SS,BD,SS,Barcelona Dragons,Stuttgart Surge,8/15/2021,Stuttgart,Gazi-Stadion,15:00,18:05,Y,03:05,1500,27 C,no wind,partly cloudy,Z. Hamiko,E. Sumner,R. Lewis,S. Richardson,A. Gurbiersch,N. Lakowitz,A. Flaisch-J.,BD,3,6,BD15,"V,3,6,V15","12,5,105","PEN:H,NYI,A,99,V20,N",PENALTY SS NYI (S. Vardar) 5 yards to the BD20.,"V,3,1,V20",penalty,NA,NA,NA,0,0,7,6,12,V,BD,"KO,3,15:00,21","PUNT,3,13:36,20",3,-1,1:24,KO,3,15:00,BD21,PUNT,3,13:36,BD20,NA
2021_09_BD_SS,BD,SS,Barcelona Dragons,Stuttgart Surge,8/15/2021,Stuttgart,Gazi-Stadion,15:00,18:05,Y,03:05,1500,27 C,no wind,partly cloudy,Z. Hamiko,E. Sumner,R. Lewis,S. Richardson,A. Gurbiersch,N. Lakowitz,A. Flaisch-J.,BD,3,1,BD20,"V,3,1,V20","12,6,106","PASS:1,I,5,*",Z. Edwards pass incomplete to J. Constant.,"V,4,1,V20",pass,NA,NA,NA,0,0,7,6,12,V,BD,"KO,3,15:00,21","PUNT,3,13:36,20",3,-1,1:24,KO,3,15:00,BD21,PUNT,3,13:36,BD20,NA
2021_09_BD_SS,BD,SS,Barcelona Dragons,Stuttgart Surge,8/15/2021,Stuttgart,Gazi-Stadion,15:00,18:05,Y,03:05,1500,27 C,no wind,partly cloudy,Z. Hamiko,E. Sumner,R. Lewis,S. Richardson,A. Gurbiersch,N. Lakowitz,A. Flaisch-J.,BD,4,1,BD20,"V,4,1,V20","12,7,107","PUNT:9,H48 OB:","L. Cereceda punt 32 yards to the SS48, out-of-bounds.","H,1,10,H48",punt,NA,NA,NA,1,0,7,6,12,V,BD,"KO,3,15:00,21","PUNT,3,13:36,20",3,-1,1:24,KO,3,15:00,BD21,PUNT,3,13:36,BD20,NA
2021_09_BD_SS,BD,SS,Barcelona Dragons,Stuttgart Surge,8/15/2021,Stuttgart,Gazi-Stadion,15:00,18:05,Y,03:05,1500,27 C,no wind,partly cloudy,Z. Hamiko,E. Sumner,R. Lewis,S. Richardson,A. Gurbiersch,N. Lakowitz,A. Flaisch-J.,SS,1,10,SS48,"H,1,10,H48","13,1,108",{DRIVE}:13:36,STUTTGART SURGE drive start at 13:36.,"H,1,10,H48",NA,NA,13:36,NA,0,0,7,6,13,H,SS,"PUNT,3,13:36,48","INT,3,12:00,52",3,4,1:36,PUNT,3,13:36,SS48,INT,3,12:00,BD48,NA
2021_09_BD_SS,BD,SS,Barcelona Dragons,Stuttgart Surge,8/15/2021,Stuttgart,Gazi-Stadion,15:00,18:05,Y,03:05,1500,27 C,no wind,partly cloudy,Z. Hamiko,E. Sumner,R. Lewis,S. Richardson,A. Gurbiersch,N. Lakowitz,A. Flaisch-J.,SS,1,10,SS48,"H,1,10,H48","13,2,109","RUSH:41,H48, TACK:93",B. Yankson rush for no gain to the SS48 (A. Pinheiro).,"H,2,10,H48",rush,NA,NA,NA,0,0,7,6,13,H,SS,"PUNT,3,13:36,48","INT,3,12:00,52",3,4,1:36,PUNT,3,13:36,SS48,INT,3,12:00,BD48,NA
2021_09_BD_SS,BD,SS,Barcelona Dragons,Stuttgart Surge,8/15/2021,Stuttgart,Gazi-Stadion,15:00,18:05,Y,03:05,1500,27 C,no wind,partly cloudy,Z. Hamiko,E. Sumner,R. Lewis,S. Richardson,A. Gurbiersch,N. Lakowitz,A. Flaisch-J.,SS,2,10,SS48,"H,2,10,H48","13,3,110","RUSH:41,V48, TACK:73",B. Yankson rush for 4 yards to the BD48 (S. Bowen).,"H,3,6,V48",rush,NA,NA,NA,0,0,7,6,13,H,SS,"PUNT,3,13:36,48","INT,3,12:00,52",3,4,1:36,PUNT,3,13:36,SS48,INT,3,12:00,BD48,NA
2021_09_BD_SS,BD,SS,Barcelona Dragons,Stuttgart Surge,8/15/2021,Stuttgart,Gazi-Stadion,15:00,18:05,Y,03:05,1500,27 C,no wind,partly cloudy,Z. Hamiko,E. Sumner,R. Lewis,S. Richardson,A. Gurbiersch,N. Lakowitz,A. Flaisch-J.,SS,3,6,BD48,"H,3,6,V48","13,4,111","PASS:2,X,11,V29 RET:11,H26 OB: PEN:H,UNR,A,TM,H44,1 D:1,10 SPOT:V,H44,Y","A. Ellis pass intercepted by B. Brooks at the BD29, B. Brooks return 45 yards to the SS26, out-of-bounds, PENALTY SS UNR 18 yards to the SS44, 1ST DOWN BD, 1st and 10, BD ball on SS44.","V,1,10,H44",pass,penalty,NA,I,1,0,7,6,13,H,SS,"PUNT,3,13:36,48","INT,3,12:00,52",3,4,1:36,PUNT,3,13:36,SS48,INT,3,12:00,BD48,NA
2021_09_BD_SS,BD,SS,Barcelona Dragons,Stuttgart Surge,8/15/2021,Stuttgart,Gazi-Stadion,15:00,18:05,Y,03:05,1500,27 C,no wind,partly cloudy,Z. Hamiko,E. Sumner,R. Lewis,S. Richardson,A. Gurbiersch,N. Lakowitz,A. Flaisch-J.,BD,1,10,SS44,"V,1,10,H44","14,1,112",{DRIVE}:12:00,BARCELONA DRAGONS drive start at 12:00.,"V,1,10,H44",NA,NA,12:00,NA,0,0,7,6,14,V,BD,"INT,3,12:00,56","TD,3,09:37,100",6,44,2:23,INT,3,12:00,SS44,TD,3,09:37,SS00,1
2021_09_BD_SS,BD,SS,Barcelona Dragons,Stuttgart Surge,8/15/2021,Stuttgart,Gazi-Stadion,15:00,18:05,Y,03:05,1500,27 C,no wind,partly cloudy,Z. Hamiko,E. Sumner,R. Lewis,S. Richardson,A. Gurbiersch,N. Lakowitz,A. Flaisch-J.,BD,1,10,SS44,"V,1,10,H44","14,2,113","RUSH:3,H41, TACK:20",A. Jimenez rush for 3 yards to the SS41 (L. Ogboeve).,"V,2,7,H41",rush,NA,NA,NA,0,0,7,6,14,V,BD,"INT,3,12:00,56","TD,3,09:37,100",6,44,2:23,INT,3,12:00,SS44,TD,3,09:37,SS00,1
2021_09_BD_SS,BD,SS,Barcelona Dragons,Stuttgart Surge,8/15/2021,Stuttgart,Gazi-Stadion,15:00,18:05,Y,03:05,1500,27 C,no wind,partly cloudy,Z. Hamiko,E. Sumner,R. Lewis,S. Richardson,A. Gurbiersch,N. Lakowitz,A. Flaisch-J.,BD,2,7,SS41,"V,2,7,H41","14,3,114","PASS:1,I,5,*",Z. Edwards pass incomplete to J. Constant.,"V,3,7,H41",pass,NA,NA,NA,0,0,7,6,14,V,BD,"INT,3,12:00,56","TD,3,09:37,100",6,44,2:23,INT,3,12:00,SS44,TD,3,09:37,SS00,1
2021_09_BD_SS,BD,SS,Barcelona Dragons,Stuttgart Surge,8/15/2021,Stuttgart,Gazi-Stadion,15:00,18:05,Y,03:05,1500,27 C,no wind,partly cloudy,Z. Hamiko,E. Sumner,R. Lewis,S. Richardson,A. Gurbiersch,N. Lakowitz,A. Flaisch-J.,BD,3,7,SS41,"V,3,7,H41","14,4,115","PASS:1,C,4,H17 OB:","Z. Edwards pass complete to R. Bertellin for 24 yards to the SS17, 1ST DOWN BD, out-of-bounds.","V,1,10,H17",pass,pass,NA,NA,1,0,7,6,14,V,BD,"INT,3,12:00,56","TD,3,09:37,100",6,44,2:23,INT,3,12:00,SS44,TD,3,09:37,SS00,1
2021_09_BD_SS,BD,SS,Barcelona Dragons,Stuttgart Surge,8/15/2021,Stuttgart,Gazi-Stadion,15:00,18:05,Y,03:05,1500,27 C,no wind,partly cloudy,Z. Hamiko,E. Sumner,R. Lewis,S. Richardson,A. Gurbiersch,N. Lakowitz,A. Flaisch-J.,BD,1,10,SS17,"V,1,10,H17","14,5,116","PEN:V,DOG,A,1,H22,N",PENALTY BD DOG (Z. Edwards) 5 yards to the SS22.,"V,1,15,H22",penalty,NA,NA,NA,0,0,7,6,14,V,BD,"INT,3,12:00,56","TD,3,09:37,100",6,44,2:23,INT,3,12:00,SS44,TD,3,09:37,SS00,1
2021_09_BD_SS,BD,SS,Barcelona Dragons,Stuttgart Surge,8/15/2021,Stuttgart,Gazi-Stadion,15:00,18:05,Y,03:05,1500,27 C,no wind,partly cloudy,Z. Hamiko,E. Sumner,R. Lewis,S. Richardson,A. Gurbiersch,N. Lakowitz,A. Flaisch-J.,BD,1,15,SS22,"V,1,15,H22","14,6,117","PASS:1,I,3,*",Z. Edwards pass incomplete to A. Jimenez.,"V,2,15,H22",pass,NA,NA,NA,0,0,7,6,14,V,BD,"INT,3,12:00,56","TD,3,09:37,100",6,44,2:23,INT,3,12:00,SS44,TD,3,09:37,SS00,1
2021_09_BD_SS,BD,SS,Barcelona Dragons,Stuttgart Surge,8/15/2021,Stuttgart,Gazi-Stadion,15:00,18:05,Y,03:05,1500,27 C,no wind,partly cloudy,Z. Hamiko,E. Sumner,R. Lewis,S. Richardson,A. Gurbiersch,N. Lakowitz,A. Flaisch-J.,BD,2,15,SS22,"V,2,15,H22","14,7,118","RUSH:1,H17, TACK:42",Z. Edwards rush for 5 yards to the SS17 (Z. Blair).,"V,3,10,H17",rush,NA,NA,NA,0,0,7,6,14,V,BD,"INT,3,12:00,56","TD,3,09:37,100",6,44,2:23,INT,3,12:00,SS44,TD,3,09:37,SS00,1
2021_09_BD_SS,BD,SS,Barcelona Dragons,Stuttgart Surge,8/15/2021,Stuttgart,Gazi-Stadion,15:00,18:05,Y,03:05,1500,27 C,no wind,partly cloudy,Z. Hamiko,E. Sumner,R. Lewis,S. Richardson,A. Gurbiersch,N. Lakowitz,A. Flaisch-J.,BD,3,10,SS17,"V,3,10,H17","14,8,119","PASS:1,C,5,H00 T:09:37 PAT:K,8,G","Z. Edwards pass complete to J. Constant for 17 yards to the SS0, 1ST DOWN BD, TOUCHDOWN, clock 09:37, G. Tavecchio kick attempt good.","V,1,0,V35",pat,pass,09:37,NA,0,1,14,6,14,V,BD,"INT,3,12:00,56","TD,3,09:37,100",6,44,2:23,INT,3,12:00,SS44,TD,3,09:37,SS00,1
2021_09_BD_SS,BD,SS,Barcelona Dragons,Stuttgart Surge,8/15/2021,Stuttgart,Gazi-Stadion,15:00,18:05,Y,03:05,1500,27 C,no wind,partly cloudy,Z. Hamiko,E. Sumner,R. Lewis,S. Richardson,A. Gurbiersch,N. Lakowitz,A. Flaisch-J.,BD,1,0,BD35,"V,1,0,V35","14,9,120","KO:8,H00 TB:","G. Tavecchio kickoff 65 yards to the SS0, touchback.","H,1,10,H25",kick_off,NA,NA,NA,0,0,14,6,14,V,BD,"INT,3,12:00,56","TD,3,09:37,100",6,44,2:23,INT,3,12:00,SS44,TD,3,09:37,SS00,1
2021_09_BD_SS,BD,SS,Barcelona Dragons,Stuttgart Surge,8/15/2021,Stuttgart,Gazi-Stadion,15:00,18:05,Y,03:05,1500,27 C,no wind,partly cloudy,Z. Hamiko,E. Sumner,R. Lewis,S. Richardson,A. Gurbiersch,N. Lakowitz,A. Flaisch-J.,SS,1,10,SS25,"H,1,10,H25","15,1,121",{DRIVE}:09:37,STUTTGART SURGE drive start at 09:37.,"H,1,10,H25",NA,NA,09:37,NA,0,0,14,6,15,H,SS,"KO,3,09:37,25","PUNT,3,07:59,29",3,4,1:38,KO,3,09:37,SS25,PUNT,3,07:59,SS29,NA
2021_09_BD_SS,BD,SS,Barcelona Dragons,Stuttgart Surge,8/15/2021,Stuttgart,Gazi-Stadion,15:00,18:05,Y,03:05,1500,27 C,no wind,partly cloudy,Z. Hamiko,E. Sumner,R. Lewis,S. Richardson,A. Gurbiersch,N. Lakowitz,A. Flaisch-J.,SS,1,10,SS25,"H,1,10,H25","15,2,122","PASS:2,C,18,H29 TACK:27",A. Ellis pass complete to P. Steigerwald for 4 yards to the SS29 (A. Vera).,"H,2,6,H29",pass,NA,NA,NA,0,0,14,6,15,H,SS,"KO,3,09:37,25","PUNT,3,07:59,29",3,4,1:38,KO,3,09:37,SS25,PUNT,3,07:59,SS29,NA
2021_09_BD_SS,BD,SS,Barcelona Dragons,Stuttgart Surge,8/15/2021,Stuttgart,Gazi-Stadion,15:00,18:05,Y,03:05,1500,27 C,no wind,partly cloudy,Z. Hamiko,E. Sumner,R. Lewis,S. Richardson,A. Gurbiersch,N. Lakowitz,A. Flaisch-J.,SS,2,6,SS29,"H,2,6,H29","15,3,123","RUSH:41,H29, TACK:98,45",B. Yankson rush for no gain to the SS29 (K. Ribeiro;A. Posito).,"H,3,6,H29",rush,NA,NA,NA,0,0,14,6,15,H,SS,"KO,3,09:37,25","PUNT,3,07:59,29",3,4,1:38,KO,3,09:37,SS25,PUNT,3,07:59,SS29,NA
2021_09_BD_SS,BD,SS,Barcelona Dragons,Stuttgart Surge,8/15/2021,Stuttgart,Gazi-Stadion,15:00,18:05,Y,03:05,1500,27 C,no wind,partly cloudy,Z. Hamiko,E. Sumner,R. Lewis,S. Richardson,A. Gurbiersch,N. Lakowitz,A. Flaisch-J.,SS,3,6,SS29,"H,3,6,H29","15,4,124","PASS:2,I,87,*",A. Ellis pass incomplete to D. Rofalski.,"H,4,6,H29",pass,NA,NA,NA,0,0,14,6,15,H,SS,"KO,3,09:37,25","PUNT,3,07:59,29",3,4,1:38,KO,3,09:37,SS25,PUNT,3,07:59,SS29,NA
2021_09_BD_SS,BD,SS,Barcelona Dragons,Stuttgart Surge,8/15/2021,Stuttgart,Gazi-Stadion,15:00,18:05,Y,03:05,1500,27 C,no wind,partly cloudy,Z. Hamiko,E. Sumner,R. Lewis,S. Richardson,A. Gurbiersch,N. Lakowitz,A. Flaisch-J.,SS,4,6,SS29,"H,4,6,H29","15,5,125","PUNT:10,V28 RET:5,V50","J. Hauser punt 43 yards to the BD28, J. Constant return 22 yards to the 50 yardline.","V,1,10,V50",punt,NA,NA,NA,0,0,14,6,15,H,SS,"KO,3,09:37,25","PUNT,3,07:59,29",3,4,1:38,KO,3,09:37,SS25,PUNT,3,07:59,SS29,NA
2021_09_BD_SS,BD,SS,Barcelona Dragons,Stuttgart Surge,8/15/2021,Stuttgart,Gazi-Stadion,15:00,18:05,Y,03:05,1500,27 C,no wind,partly cloudy,Z. Hamiko,E. Sumner,R. Lewis,S. Richardson,A. Gurbiersch,N. Lakowitz,A. Flaisch-J.,BD,1,10,BD50,"V,1,10,V50","16,1,126",{DRIVE}:07:59,BARCELONA DRAGONS drive start at 07:59.,"V,1,10,V50",NA,NA,07:59,NA,0,0,14,6,16,V,BD,"PUNT,3,07:59,50","PUNT,3,06:32,47",3,-3,1:27,PUNT,3,07:59,BD50,PUNT,3,06:32,BD47,NA
2021_09_BD_SS,BD,SS,Barcelona Dragons,Stuttgart Surge,8/15/2021,Stuttgart,Gazi-Stadion,15:00,18:05,Y,03:05,1500,27 C,no wind,partly cloudy,Z. Hamiko,E. Sumner,R. Lewis,S. Richardson,A. Gurbiersch,N. Lakowitz,A. Flaisch-J.,BD,1,10,BD50,"V,1,10,V50","16,2,127","RUSH:21,H45, TACK:32",A. Monton rush for 5 yards to the SS45 (J. Ludwig-M.).,"V,2,5,H45",rush,NA,NA,NA,0,0,14,6,16,V,BD,"PUNT,3,07:59,50","PUNT,3,06:32,47",3,-3,1:27,PUNT,3,07:59,BD50,PUNT,3,06:32,BD47,NA
2021_09_BD_SS,BD,SS,Barcelona Dragons,Stuttgart Surge,8/15/2021,Stuttgart,Gazi-Stadion,15:00,18:05,Y,03:05,1500,27 C,no wind,partly cloudy,Z. Hamiko,E. Sumner,R. Lewis,S. Richardson,A. Gurbiersch,N. Lakowitz,A. Flaisch-J.,BD,2,5,SS45,"V,2,5,H45","16,3,128","PASS:1,C,4,H30 TACK:31 PEN:V,OH,A,79,V45,N NOPLAY:","Z. Edwards pass complete to R. Bertellin for 15 yards to the SS30 (N. Wenzelburger), PENALTY BD OH (I. Santana) 10 yards to the BD45, NO PLAY.","V,2,15,V45",penalty,NA,NA,NA,0,0,14,6,16,V,BD,"PUNT,3,07:59,50","PUNT,3,06:32,47",3,-3,1:27,PUNT,3,07:59,BD50,PUNT,3,06:32,BD47,NA
2021_09_BD_SS,BD,SS,Barcelona Dragons,Stuttgart Surge,8/15/2021,Stuttgart,Gazi-Stadion,15:00,18:05,Y,03:05,1500,27 C,no wind,partly cloudy,Z. Hamiko,E. Sumner,R. Lewis,S. Richardson,A. Gurbiersch,N. Lakowitz,A. Flaisch-J.,BD,2,15,BD45,"V,2,15,V45","16,4,129","PASS:1,I,15,*",Z. Edwards pass incomplete to M. Flores.,"V,3,15,V45",pass,NA,NA,NA,0,0,14,6,16,V,BD,"PUNT,3,07:59,50","PUNT,3,06:32,47",3,-3,1:27,PUNT,3,07:59,BD50,PUNT,3,06:32,BD47,NA
2021_09_BD_SS,BD,SS,Barcelona Dragons,Stuttgart Surge,8/15/2021,Stuttgart,Gazi-Stadion,15:00,18:05,Y,03:05,1500,27 C,no wind,partly cloudy,Z. Hamiko,E. Sumner,R. Lewis,S. Richardson,A. Gurbiersch,N. Lakowitz,A. Flaisch-J.,BD,3,15,BD45,"V,3,15,V45","16,5,130","PASS:1,C,21,V47 TACK:3",Z. Edwards pass complete to A. Monton for 2 yards to the BD47 (W. Mathei).,"V,4,13,V47",pass,NA,NA,NA,0,0,14,6,16,V,BD,"PUNT,3,07:59,50","PUNT,3,06:32,47",3,-3,1:27,PUNT,3,07:59,BD50,PUNT,3,06:32,BD47,NA
2021_09_BD_SS,BD,SS,Barcelona Dragons,Stuttgart Surge,8/15/2021,Stuttgart,Gazi-Stadion,15:00,18:05,Y,03:05,1500,27 C,no wind,partly cloudy,Z. Hamiko,E. Sumner,R. Lewis,S. Richardson,A. Gurbiersch,N. Lakowitz,A. Flaisch-J.,BD,4,13,BD47,"V,4,13,V47","16,6,131","PUNT:9,H22 OB:","L. Cereceda punt 31 yards to the SS22, out-of-bounds.","H,1,10,H22",punt,NA,NA,NA,1,0,14,6,16,V,BD,"PUNT,3,07:59,50","PUNT,3,06:32,47",3,-3,1:27,PUNT,3,07:59,BD50,PUNT,3,06:32,BD47,NA
2021_09_BD_SS,BD,SS,Barcelona Dragons,Stuttgart Surge,8/15/2021,Stuttgart,Gazi-Stadion,15:00,18:05,Y,03:05,1500,27 C,no wind,partly cloudy,Z. Hamiko,E. Sumner,R. Lewis,S. Richardson,A. Gurbiersch,N. Lakowitz,A. Flaisch-J.,SS,1,10,SS22,"H,1,10,H22","17,1,132",{DRIVE}:06:32,STUTTGART SURGE drive start at 06:32.,"H,1,10,H22",NA,NA,06:32,NA,0,0,14,6,17,H,SS,"PUNT,3,06:32,22","PUNT,3,04:52,31",3,9,1:40,PUNT,3,06:32,SS22,PUNT,3,04:52,SS31,NA
2021_09_BD_SS,BD,SS,Barcelona Dragons,Stuttgart Surge,8/15/2021,Stuttgart,Gazi-Stadion,15:00,18:05,Y,03:05,1500,27 C,no wind,partly cloudy,Z. Hamiko,E. Sumner,R. Lewis,S. Richardson,A. Gurbiersch,N. Lakowitz,A. Flaisch-J.,SS,1,10,SS22,"H,1,10,H22","17,2,133","PASS:2,C,18,H28 TACK:49",A. Ellis pass complete to P. Steigerwald for 6 yards to the SS28 (S. Castaner).,"H,2,4,H28",pass,NA,NA,NA,0,0,14,6,17,H,SS,"PUNT,3,06:32,22","PUNT,3,04:52,31",3,9,1:40,PUNT,3,06:32,SS22,PUNT,3,04:52,SS31,NA
2021_09_BD_SS,BD,SS,Barcelona Dragons,Stuttgart Surge,8/15/2021,Stuttgart,Gazi-Stadion,15:00,18:05,Y,03:05,1500,27 C,no wind,partly cloudy,Z. Hamiko,E. Sumner,R. Lewis,S. Richardson,A. Gurbiersch,N. Lakowitz,A. Flaisch-J.,SS,2,4,SS28,"H,2,4,H28","17,3,134","PASS:2,I,18,*",A. Ellis pass incomplete to P. Steigerwald.,"H,3,4,H28",pass,NA,NA,NA,0,0,14,6,17,H,SS,"PUNT,3,06:32,22","PUNT,3,04:52,31",3,9,1:40,PUNT,3,06:32,SS22,PUNT,3,04:52,SS31,NA
2021_09_BD_SS,BD,SS,Barcelona Dragons,Stuttgart Surge,8/15/2021,Stuttgart,Gazi-Stadion,15:00,18:05,Y,03:05,1500,27 C,no wind,partly cloudy,Z. Hamiko,E. Sumner,R. Lewis,S. Richardson,A. Gurbiersch,N. Lakowitz,A. Flaisch-J.,SS,3,4,SS28,"H,3,4,H28","17,4,135","PASS:2,C,85,H31 TACK:22",A. Ellis pass complete to P. Weiblen for 3 yards to the SS31 (L. Frecha).,"H,4,1,H31",pass,NA,NA,NA,0,0,14,6,17,H,SS,"PUNT,3,06:32,22","PUNT,3,04:52,31",3,9,1:40,PUNT,3,06:32,SS22,PUNT,3,04:52,SS31,NA
2021_09_BD_SS,BD,SS,Barcelona Dragons,Stuttgart Surge,8/15/2021,Stuttgart,Gazi-Stadion,15:00,18:05,Y,03:05,1500,27 C,no wind,partly cloudy,Z. Hamiko,E. Sumner,R. Lewis,S. Richardson,A. Gurbiersch,N. Lakowitz,A. Flaisch-J.,SS,4,1,SS31,"H,4,1,H31","17,5,136","PUNT:10,V35",J. Hauser punt 34 yards to the BD35.,"V,1,10,V35",punt,NA,NA,NA,0,0,14,6,17,H,SS,"PUNT,3,06:32,22","PUNT,3,04:52,31",3,9,1:40,PUNT,3,06:32,SS22,PUNT,3,04:52,SS31,NA
2021_09_BD_SS,BD,SS,Barcelona Dragons,Stuttgart Surge,8/15/2021,Stuttgart,Gazi-Stadion,15:00,18:05,Y,03:05,1500,27 C,no wind,partly cloudy,Z. Hamiko,E. Sumner,R. Lewis,S. Richardson,A. Gurbiersch,N. Lakowitz,A. Flaisch-J.,BD,1,10,BD35,"V,1,10,V35","18,1,137",{DRIVE}:04:52,BARCELONA DRAGONS drive start at 04:52.,"V,1,10,V35",NA,NA,04:52,NA,0,0,14,6,18,V,BD,"PUNT,3,04:52,35","PUNT,3,02:56,32",3,-3,1:56,PUNT,3,04:52,BD35,PUNT,3,02:56,BD32,NA
2021_09_BD_SS,BD,SS,Barcelona Dragons,Stuttgart Surge,8/15/2021,Stuttgart,Gazi-Stadion,15:00,18:05,Y,03:05,1500,27 C,no wind,partly cloudy,Z. Hamiko,E. Sumner,R. Lewis,S. Richardson,A. Gurbiersch,N. Lakowitz,A. Flaisch-J.,BD,1,10,BD35,"V,1,10,V35","18,2,138","PASS:1,I,5,* PEN:V,OH,A,79,V25,N NOPLAY:","Z. Edwards pass incomplete to J. Constant, PENALTY BD OH (I. Santana) 10 yards to the BD25, NO PLAY.","V,1,20,V25",penalty,NA,NA,NA,0,0,14,6,18,V,BD,"PUNT,3,04:52,35","PUNT,3,02:56,32",3,-3,1:56,PUNT,3,04:52,BD35,PUNT,3,02:56,BD32,NA
2021_09_BD_SS,BD,SS,Barcelona Dragons,Stuttgart Surge,8/15/2021,Stuttgart,Gazi-Stadion,15:00,18:05,Y,03:05,1500,27 C,no wind,partly cloudy,Z. Hamiko,E. Sumner,R. Lewis,S. Richardson,A. Gurbiersch,N. Lakowitz,A. Flaisch-J.,BD,1,20,BD25,"V,1,20,V25","18,3,139","PASS:1,C,3,V32 TACK:45",Z. Edwards pass complete to A. Jimenez for 7 yards to the BD32 (N. Hamulic).,"V,2,13,V32",pass,NA,NA,NA,0,0,14,6,18,V,BD,"PUNT,3,04:52,35","PUNT,3,02:56,32",3,-3,1:56,PUNT,3,04:52,BD35,PUNT,3,02:56,BD32,NA
2021_09_BD_SS,BD,SS,Barcelona Dragons,Stuttgart Surge,8/15/2021,Stuttgart,Gazi-Stadion,15:00,18:05,Y,03:05,1500,27 C,no wind,partly cloudy,Z. Hamiko,E. Sumner,R. Lewis,S. Richardson,A. Gurbiersch,N. Lakowitz,A. Flaisch-J.,BD,2,13,BD32,"V,2,13,V32","18,4,140","RUSH:3,V37, TACK:45",A. Jimenez rush for 5 yards to the BD37 (N. Hamulic).,"V,3,8,V37",rush,NA,NA,NA,0,0,14,6,18,V,BD,"PUNT,3,04:52,35","PUNT,3,02:56,32",3,-3,1:56,PUNT,3,04:52,BD35,PUNT,3,02:56,BD32,NA
2021_09_BD_SS,BD,SS,Barcelona Dragons,Stuttgart Surge,8/15/2021,Stuttgart,Gazi-Stadion,15:00,18:05,Y,03:05,1500,27 C,no wind,partly cloudy,Z. Hamiko,E. Sumner,R. Lewis,S. Richardson,A. Gurbiersch,N. Lakowitz,A. Flaisch-J.,BD,3,8,BD37,"V,3,8,V37","18,5,141","PASS:1,I,15,*",Z. Edwards pass incomplete to M. Flores.,"V,4,8,V37",pass,NA,NA,NA,0,0,14,6,18,V,BD,"PUNT,3,04:52,35","PUNT,3,02:56,32",3,-3,1:56,PUNT,3,04:52,BD35,PUNT,3,02:56,BD32,NA
2021_09_BD_SS,BD,SS,Barcelona Dragons,Stuttgart Surge,8/15/2021,Stuttgart,Gazi-Stadion,15:00,18:05,Y,03:05,1500,27 C,no wind,partly cloudy,Z. Hamiko,E. Sumner,R. Lewis,S. Richardson,A. Gurbiersch,N. Lakowitz,A. Flaisch-J.,BD,4,8,BD37,"V,4,8,V37","18,6,142","PEN:V,DOG,A,9,V32,N",PENALTY BD DOG (L. Cereceda) 5 yards to the BD32.,"V,4,13,V32",penalty,NA,NA,NA,0,0,14,6,18,V,BD,"PUNT,3,04:52,35","PUNT,3,02:56,32",3,-3,1:56,PUNT,3,04:52,BD35,PUNT,3,02:56,BD32,NA
2021_09_BD_SS,BD,SS,Barcelona Dragons,Stuttgart Surge,8/15/2021,Stuttgart,Gazi-Stadion,15:00,18:05,Y,03:05,1500,27 C,no wind,partly cloudy,Z. Hamiko,E. Sumner,R. Lewis,S. Richardson,A. Gurbiersch,N. Lakowitz,A. Flaisch-J.,BD,4,13,BD32,"V,4,13,V32","18,7,143","PUNT:9,H22 RET:23,H22 FUMB:H,H22,45","L. Cereceda punt 46 yards to the SS22, M. Dabo return 0 yards to the SS22, fumble by M. Dabo recovered by SS N. Hamulic at SS22.","H,1,10,H22",punt,NA,NA,NA,0,0,14,6,18,V,BD,"PUNT,3,04:52,35","PUNT,3,02:56,32",3,-3,1:56,PUNT,3,04:52,BD35,PUNT,3,02:56,BD32,NA
2021_09_BD_SS,BD,SS,Barcelona Dragons,Stuttgart Surge,8/15/2021,Stuttgart,Gazi-Stadion,15:00,18:05,Y,03:05,1500,27 C,no wind,partly cloudy,Z. Hamiko,E. Sumner,R. Lewis,S. Richardson,A. Gurbiersch,N. Lakowitz,A. Flaisch-J.,SS,1,10,SS22,"H,1,10,H22","19,1,144",{DRIVE}:02:56,STUTTGART SURGE drive start at 02:56.,"H,1,10,H22",NA,NA,02:56,NA,0,0,14,6,19,H,SS,"PUNT,3,02:56,22","PUNT,3,00:21,12",3,-10,2:35,PUNT,3,02:56,SS22,PUNT,3,00:21,SS12,NA
2021_09_BD_SS,BD,SS,Barcelona Dragons,Stuttgart Surge,8/15/2021,Stuttgart,Gazi-Stadion,15:00,18:05,Y,03:05,1500,27 C,no wind,partly cloudy,Z. Hamiko,E. Sumner,R. Lewis,S. Richardson,A. Gurbiersch,N. Lakowitz,A. Flaisch-J.,SS,1,10,SS22,"H,1,10,H22","19,2,145","RUSH:41,H27, TACK:45",B. Yankson rush for 5 yards to the SS27 (A. Posito).,"H,2,5,H27",rush,NA,NA,NA,0,0,14,6,19,H,SS,"PUNT,3,02:56,22","PUNT,3,00:21,12",3,-10,2:35,PUNT,3,02:56,SS22,PUNT,3,00:21,SS12,NA
2021_09_BD_SS,BD,SS,Barcelona Dragons,Stuttgart Surge,8/15/2021,Stuttgart,Gazi-Stadion,15:00,18:05,Y,03:05,1500,27 C,no wind,partly cloudy,Z. Hamiko,E. Sumner,R. Lewis,S. Richardson,A. Gurbiersch,N. Lakowitz,A. Flaisch-J.,SS,2,5,SS27,"H,2,5,H27","19,3,146","PEN:H,ILB,A,TM,H17,N",PENALTY SS ILB 10 yards to the SS17.,"H,2,15,H17",penalty,NA,NA,NA,0,0,14,6,19,H,SS,"PUNT,3,02:56,22","PUNT,3,00:21,12",3,-10,2:35,PUNT,3,02:56,SS22,PUNT,3,00:21,SS12,NA
2021_09_BD_SS,BD,SS,Barcelona Dragons,Stuttgart Surge,8/15/2021,Stuttgart,Gazi-Stadion,15:00,18:05,Y,03:05,1500,27 C,no wind,partly cloudy,Z. Hamiko,E. Sumner,R. Lewis,S. Richardson,A. Gurbiersch,N. Lakowitz,A. Flaisch-J.,SS,2,15,SS17,"H,2,15,H17","19,4,147","RUSH:2,H22, TACK:45",A. Ellis rush for 5 yards to the SS22 (A. Posito).,"H,3,10,H22",rush,NA,NA,NA,0,0,14,6,19,H,SS,"PUNT,3,02:56,22","PUNT,3,00:21,12",3,-10,2:35,PUNT,3,02:56,SS22,PUNT,3,00:21,SS12,NA
2021_09_BD_SS,BD,SS,Barcelona Dragons,Stuttgart Surge,8/15/2021,Stuttgart,Gazi-Stadion,15:00,18:05,Y,03:05,1500,27 C,no wind,partly cloudy,Z. Hamiko,E. Sumner,R. Lewis,S. Richardson,A. Gurbiersch,N. Lakowitz,A. Flaisch-J.,SS,3,10,SS22,"H,3,10,H22","19,5,148","PASS:2,S,TM,H12 SACK:73,10",A. Ellis sacked for loss of 10 yards to the SS12 (S. Bowen;C. Brugnani).,"H,4,20,H12",pass,NA,NA,NA,0,0,14,6,19,H,SS,"PUNT,3,02:56,22","PUNT,3,00:21,12",3,-10,2:35,PUNT,3,02:56,SS22,PUNT,3,00:21,SS12,NA
2021_09_BD_SS,BD,SS,Barcelona Dragons,Stuttgart Surge,8/15/2021,Stuttgart,Gazi-Stadion,15:00,18:05,Y,03:05,1500,27 C,no wind,partly cloudy,Z. Hamiko,E. Sumner,R. Lewis,S. Richardson,A. Gurbiersch,N. Lakowitz,A. Flaisch-J.,SS,4,20,SS12,"H,4,20,H12","19,6,149","PUNT:10,H48 RET:5,H03 TACK:37","J. Hauser punt 36 yards to the SS48, J. Constant return 45 yards to the SS3 (K. Bannasch).","V,1,0,H03",punt,NA,NA,NA,0,0,14,6,19,H,SS,"PUNT,3,02:56,22","PUNT,3,00:21,12",3,-10,2:35,PUNT,3,02:56,SS22,PUNT,3,00:21,SS12,NA
2021_09_BD_SS,BD,SS,Barcelona Dragons,Stuttgart Surge,8/15/2021,Stuttgart,Gazi-Stadion,15:00,18:05,Y,03:05,1500,27 C,no wind,partly cloudy,Z. Hamiko,E. Sumner,R. Lewis,S. Richardson,A. Gurbiersch,N. Lakowitz,A. Flaisch-J.,BD,1,0,SS03,"V,1,0,H03","20,1,150",{DRIVE}:00:21,BARCELONA DRAGONS drive start at 00:21.,"V,1,0,H03",NA,NA,00:21,NA,0,0,14,6,20,V,BD,"PUNT,3,00:21,97","TD,3,00:16,100",1,3,0:05,PUNT,3,00:21,SS03,TD,3,00:16,SS00,1
2021_09_BD_SS,BD,SS,Barcelona Dragons,Stuttgart Surge,8/15/2021,Stuttgart,Gazi-Stadion,15:00,18:05,Y,03:05,1500,27 C,no wind,partly cloudy,Z. Hamiko,E. Sumner,R. Lewis,S. Richardson,A. Gurbiersch,N. Lakowitz,A. Flaisch-J.,BD,1,0,SS03,"V,1,0,H03","20,2,151","PASS:1,C,5,H00 T:00:16 PAT:K,8,G","Z. Edwards pass complete to J. Constant for 3 yards to the SS0, 1ST DOWN BD, TOUCHDOWN, clock 00:16, G. Tavecchio kick attempt good.","V,1,0,V35",pat,pass,00:16,NA,0,1,21,6,20,V,BD,"PUNT,3,00:21,97","TD,3,00:16,100",1,3,0:05,PUNT,3,00:21,SS03,TD,3,00:16,SS00,1
2021_09_BD_SS,BD,SS,Barcelona Dragons,Stuttgart Surge,8/15/2021,Stuttgart,Gazi-Stadion,15:00,18:05,Y,03:05,1500,27 C,no wind,partly cloudy,Z. Hamiko,E. Sumner,R. Lewis,S. Richardson,A. Gurbiersch,N. Lakowitz,A. Flaisch-J.,BD,1,0,BD35,"V,1,0,V35","20,3,152","KO:8,H00 TB:","G. Tavecchio kickoff 65 yards to the SS0, touchback.","H,1,10,H25",kick_off,NA,NA,NA,0,0,21,6,20,V,BD,"PUNT,3,00:21,97","TD,3,00:16,100",1,3,0:05,PUNT,3,00:21,SS03,TD,3,00:16,SS00,1
2021_09_BD_SS,BD,SS,Barcelona Dragons,Stuttgart Surge,8/15/2021,Stuttgart,Gazi-Stadion,15:00,18:05,Y,03:05,1500,27 C,no wind,partly cloudy,Z. Hamiko,E. Sumner,R. Lewis,S. Richardson,A. Gurbiersch,N. Lakowitz,A. Flaisch-J.,SS,1,10,SS25,"H,1,10,H25","21,1,153",{DRIVE}:00:16,STUTTGART SURGE drive start at 00:16.,"H,1,10,H25",NA,NA,00:16,NA,0,0,21,6,21,H,SS,"KO,3,00:16,25","PUNT,4,14:43,27",3,2,0:33,KO,3,00:16,SS25,PUNT,4,14:43,SS27,NA
2021_09_BD_SS,BD,SS,Barcelona Dragons,Stuttgart Surge,8/15/2021,Stuttgart,Gazi-Stadion,15:00,18:05,Y,03:05,1500,27 C,no wind,partly cloudy,Z. Hamiko,E. Sumner,R. Lewis,S. Richardson,A. Gurbiersch,N. Lakowitz,A. Flaisch-J.,SS,1,10,SS25,"H,1,10,H25","21,2,154","PASS:2,I,18,*",A. Ellis pass incomplete to P. Steigerwald.,"H,2,10,H25",pass,NA,NA,NA,0,0,21,6,21,H,SS,"KO,3,00:16,25","PUNT,4,14:43,27",3,2,0:33,KO,3,00:16,SS25,PUNT,4,14:43,SS27,NA
2021_09_BD_SS,BD,SS,Barcelona Dragons,Stuttgart Surge,8/15/2021,Stuttgart,Gazi-Stadion,15:00,18:05,Y,03:05,1500,27 C,no wind,partly cloudy,Z. Hamiko,E. Sumner,R. Lewis,S. Richardson,A. Gurbiersch,N. Lakowitz,A. Flaisch-J.,SS,2,10,SS25,"H,2,10,H25","21,3,155","RUSH:41,H27, TACK:2",B. Yankson rush for 2 yards to the SS27 (G. Prati).,"H,3,8,H27",rush,NA,NA,NA,0,0,21,6,21,H,SS,"KO,3,00:16,25","PUNT,4,14:43,27",3,2,0:33,KO,3,00:16,SS25,PUNT,4,14:43,SS27,NA
2021_09_BD_SS,BD,SS,Barcelona Dragons,Stuttgart Surge,8/15/2021,Stuttgart,Gazi-Stadion,15:00,18:05,Y,03:05,1500,27 C,no wind,partly cloudy,Z. Hamiko,E. Sumner,R. Lewis,S. Richardson,A. Gurbiersch,N. Lakowitz,A. Flaisch-J.,SS,3,8,SS27,"H,3,8,H27","21,4,156",Q:4 T:15:00,"Start of 4th quarter, clock 15:00.","H,3,8,H27",NA,NA,15:00,NA,0,0,21,6,21,H,SS,"KO,3,00:16,25","PUNT,4,14:43,27",3,2,0:33,KO,3,00:16,SS25,PUNT,4,14:43,SS27,NA
2021_09_BD_SS,BD,SS,Barcelona Dragons,Stuttgart Surge,8/15/2021,Stuttgart,Gazi-Stadion,15:00,18:05,Y,03:05,1500,27 C,no wind,partly cloudy,Z. Hamiko,E. Sumner,R. Lewis,S. Richardson,A. Gurbiersch,N. Lakowitz,A. Flaisch-J.,SS,3,8,SS27,"H,3,8,H27","21,5,157","PASS:2,I,88,*",A. Ellis pass incomplete to M. Pludra.,"H,4,8,H27",pass,NA,NA,NA,0,0,21,6,21,H,SS,"KO,3,00:16,25","PUNT,4,14:43,27",3,2,0:33,KO,3,00:16,SS25,PUNT,4,14:43,SS27,NA
2021_09_BD_SS,BD,SS,Barcelona Dragons,Stuttgart Surge,8/15/2021,Stuttgart,Gazi-Stadion,15:00,18:05,Y,03:05,1500,27 C,no wind,partly cloudy,Z. Hamiko,E. Sumner,R. Lewis,S. Richardson,A. Gurbiersch,N. Lakowitz,A. Flaisch-J.,SS,4,8,SS27,"H,4,8,H27","21,6,158","PUNT:10,V00 TB:","J. Hauser punt 73 yards to the BD0, touchback.","V,1,10,V25",punt,NA,NA,NA,0,0,21,6,21,H,SS,"KO,3,00:16,25","PUNT,4,14:43,27",3,2,0:33,KO,3,00:16,SS25,PUNT,4,14:43,SS27,NA
2021_09_BD_SS,BD,SS,Barcelona Dragons,Stuttgart Surge,8/15/2021,Stuttgart,Gazi-Stadion,15:00,18:05,Y,03:05,1500,27 C,no wind,partly cloudy,Z. Hamiko,E. Sumner,R. Lewis,S. Richardson,A. Gurbiersch,N. Lakowitz,A. Flaisch-J.,BD,1,10,BD25,"V,1,10,V25","22,1,159",{DRIVE}:14:43,BARCELONA DRAGONS drive start at 14:43.,"V,1,10,V25",NA,NA,14:43,NA,0,0,21,6,22,V,BD,"PUNT,4,14:43,25","TD,4,14:27,100",1,75,0:16,PUNT,4,14:43,BD25,TD,4,14:27,SS00,NA
2021_09_BD_SS,BD,SS,Barcelona Dragons,Stuttgart Surge,8/15/2021,Stuttgart,Gazi-Stadion,15:00,18:05,Y,03:05,1500,27 C,no wind,partly cloudy,Z. Hamiko,E. Sumner,R. Lewis,S. Richardson,A. Gurbiersch,N. Lakowitz,A. Flaisch-J.,BD,1,10,BD25,"V,1,10,V25","22,2,160","PASS:1,C,5,H00 T:14:27","Z. Edwards pass complete to J. Constant for 75 yards to the SS0, 1ST DOWN BD, TOUCHDOWN, clock 14:27.","V,1,10,H15",pass,pass,14:27,NA,0,1,27,6,22,V,BD,"PUNT,4,14:43,25","TD,4,14:27,100",1,75,0:16,PUNT,4,14:43,BD25,TD,4,14:27,SS00,NA
2021_09_BD_SS,BD,SS,Barcelona Dragons,Stuttgart Surge,8/15/2021,Stuttgart,Gazi-Stadion,15:00,18:05,Y,03:05,1500,27 C,no wind,partly cloudy,Z. Hamiko,E. Sumner,R. Lewis,S. Richardson,A. Gurbiersch,N. Lakowitz,A. Flaisch-J.,BD,1,10,SS15,"V,1,10,H15","22,3,161","PAT:K,8,B BLOCK:TM PEN:H,ILF,A,TM,H01,N NOPLAY:","G. Tavecchio kick attempt failed (blocked) (blocked by TEAM), PENALTY SS ILF 14 yards to the SS1, 1ST DOWN BD, NO PLAY.","V,1,0,H01",penalty,penalty,NA,NA,0,0,27,6,22,V,BD,"PUNT,4,14:43,25","TD,4,14:27,100",1,75,0:16,PUNT,4,14:43,BD25,TD,4,14:27,SS00,NA
2021_09_BD_SS,BD,SS,Barcelona Dragons,Stuttgart Surge,8/15/2021,Stuttgart,Gazi-Stadion,15:00,18:05,Y,03:05,1500,27 C,no wind,partly cloudy,Z. Hamiko,E. Sumner,R. Lewis,S. Richardson,A. Gurbiersch,N. Lakowitz,A. Flaisch-J.,BD,1,0,SS01,"V,1,0,H01","22,4,162","PAT:R,1,M",Z. Edwards rush attempt failed.,"V,1,0,V35",pat,NA,NA,NA,0,0,27,6,22,V,BD,"PUNT,4,14:43,25","TD,4,14:27,100",1,75,0:16,PUNT,4,14:43,BD25,TD,4,14:27,SS00,NA
2021_09_BD_SS,BD,SS,Barcelona Dragons,Stuttgart Surge,8/15/2021,Stuttgart,Gazi-Stadion,15:00,18:05,Y,03:05,1500,27 C,no wind,partly cloudy,Z. Hamiko,E. Sumner,R. Lewis,S. Richardson,A. Gurbiersch,N. Lakowitz,A. Flaisch-J.,BD,1,0,BD35,"V,1,0,V35","22,5,163","KO:8,H00 RET:4,H25 TACK:55","G. Tavecchio kickoff 65 yards to the SS0, A. Eitel return 25 yards to the SS25 (I. Guiterrez).","H,1,10,H25",kick_off,NA,NA,NA,0,0,27,6,22,V,BD,"PUNT,4,14:43,25","TD,4,14:27,100",1,75,0:16,PUNT,4,14:43,BD25,TD,4,14:27,SS00,NA
2021_09_BD_SS,BD,SS,Barcelona Dragons,Stuttgart Surge,8/15/2021,Stuttgart,Gazi-Stadion,15:00,18:05,Y,03:05,1500,27 C,no wind,partly cloudy,Z. Hamiko,E. Sumner,R. Lewis,S. Richardson,A. Gurbiersch,N. Lakowitz,A. Flaisch-J.,SS,1,10,SS25,"H,1,10,H25","23,1,164",{DRIVE}:14:22,STUTTGART SURGE drive start at 14:22.,"H,1,10,H25",NA,NA,14:22,NA,0,0,27,6,23,H,SS,"KO,4,14:22,25","FUMB,4,10:38,100",6,75,3:44,KO,4,14:22,SS25,FUMB,4,10:38,BD00,NA
2021_09_BD_SS,BD,SS,Barcelona Dragons,Stuttgart Surge,8/15/2021,Stuttgart,Gazi-Stadion,15:00,18:05,Y,03:05,1500,27 C,no wind,partly cloudy,Z. Hamiko,E. Sumner,R. Lewis,S. Richardson,A. Gurbiersch,N. Lakowitz,A. Flaisch-J.,SS,1,10,SS25,"H,1,10,H25","23,2,165","PASS:2,C,18,H32 TACK:33",A. Ellis pass complete to P. Steigerwald for 7 yards to the SS32 (T. Debiez).,"H,2,3,H32",pass,NA,NA,NA,0,0,27,6,23,H,SS,"KO,4,14:22,25","FUMB,4,10:38,100",6,75,3:44,KO,4,14:22,SS25,FUMB,4,10:38,BD00,NA
2021_09_BD_SS,BD,SS,Barcelona Dragons,Stuttgart Surge,8/15/2021,Stuttgart,Gazi-Stadion,15:00,18:05,Y,03:05,1500,27 C,no wind,partly cloudy,Z. Hamiko,E. Sumner,R. Lewis,S. Richardson,A. Gurbiersch,N. Lakowitz,A. Flaisch-J.,SS,2,3,SS32,"H,2,3,H32","23,3,166","RUSH:2,H36, TACK:10","A. Ellis rush for 4 yards to the SS36, 1ST DOWN SS (C. Brugnani).","H,1,10,H36",rush,rush,NA,NA,0,0,27,6,23,H,SS,"KO,4,14:22,25","FUMB,4,10:38,100",6,75,3:44,KO,4,14:22,SS25,FUMB,4,10:38,BD00,NA
2021_09_BD_SS,BD,SS,Barcelona Dragons,Stuttgart Surge,8/15/2021,Stuttgart,Gazi-Stadion,15:00,18:05,Y,03:05,1500,27 C,no wind,partly cloudy,Z. Hamiko,E. Sumner,R. Lewis,S. Richardson,A. Gurbiersch,N. Lakowitz,A. Flaisch-J.,SS,1,10,SS36,"H,1,10,H36","23,4,167","RUSH:2,H41, TACK:45,98",A. Ellis rush for 5 yards to the SS41 (A. Posito;K. Ribeiro).,"H,2,5,H41",rush,NA,NA,NA,0,0,27,6,23,H,SS,"KO,4,14:22,25","FUMB,4,10:38,100",6,75,3:44,KO,4,14:22,SS25,FUMB,4,10:38,BD00,NA
2021_09_BD_SS,BD,SS,Barcelona Dragons,Stuttgart Surge,8/15/2021,Stuttgart,Gazi-Stadion,15:00,18:05,Y,03:05,1500,27 C,no wind,partly cloudy,Z. Hamiko,E. Sumner,R. Lewis,S. Richardson,A. Gurbiersch,N. Lakowitz,A. Flaisch-J.,SS,2,5,SS41,"H,2,5,H41","23,5,168","PASS:2,S,TM,H39 SACK:45",A. Ellis sacked for loss of 2 yards to the SS39 (A. Posito).,"H,3,7,H39",pass,NA,NA,NA,0,0,27,6,23,H,SS,"KO,4,14:22,25","FUMB,4,10:38,100",6,75,3:44,KO,4,14:22,SS25,FUMB,4,10:38,BD00,NA
2021_09_BD_SS,BD,SS,Barcelona Dragons,Stuttgart Surge,8/15/2021,Stuttgart,Gazi-Stadion,15:00,18:05,Y,03:05,1500,27 C,no wind,partly cloudy,Z. Hamiko,E. Sumner,R. Lewis,S. Richardson,A. Gurbiersch,N. Lakowitz,A. Flaisch-J.,SS,3,7,SS39,"H,3,7,H39","23,6,169","PASS:2,C,18,H47 TACK:27","A. Ellis pass complete to P. Steigerwald for 8 yards to the SS47, 1ST DOWN SS (A. Vera).","H,1,10,H47",pass,pass,NA,NA,0,0,27,6,23,H,SS,"KO,4,14:22,25","FUMB,4,10:38,100",6,75,3:44,KO,4,14:22,SS25,FUMB,4,10:38,BD00,NA
2021_09_BD_SS,BD,SS,Barcelona Dragons,Stuttgart Surge,8/15/2021,Stuttgart,Gazi-Stadion,15:00,18:05,Y,03:05,1500,27 C,no wind,partly cloudy,Z. Hamiko,E. Sumner,R. Lewis,S. Richardson,A. Gurbiersch,N. Lakowitz,A. Flaisch-J.,SS,1,10,SS47,"H,1,10,H47","23,7,170","PASS:2,C,5,V07 FUMB:V,V00,TM OB: TB:","A. Ellis pass complete to D. Meza for 46 yards to the BD7, fumble by D. Meza recovered by BD Team at BD0, out-of-bounds, touchback.","V,1,10,V25",pass,NA,NA,F,1,0,27,6,23,H,SS,"KO,4,14:22,25","FUMB,4,10:38,100",6,75,3:44,KO,4,14:22,SS25,FUMB,4,10:38,BD00,NA
2021_09_BD_SS,BD,SS,Barcelona Dragons,Stuttgart Surge,8/15/2021,Stuttgart,Gazi-Stadion,15:00,18:05,Y,03:05,1500,27 C,no wind,partly cloudy,Z. Hamiko,E. Sumner,R. Lewis,S. Richardson,A. Gurbiersch,N. Lakowitz,A. Flaisch-J.,BD,1,10,BD25,"V,1,10,V25","24,1,171",{DRIVE}:10:38,BARCELONA DRAGONS drive start at 10:38.,"V,1,10,V25",NA,NA,10:38,NA,0,0,27,6,24,V,BD,"FUMB,4,10:38,25","FG,4,04:37,77",12,52,6:01,FUMB,4,10:38,BD25,FG,4,04:37,SS23,NA
2021_09_BD_SS,BD,SS,Barcelona Dragons,Stuttgart Surge,8/15/2021,Stuttgart,Gazi-Stadion,15:00,18:05,Y,03:05,1500,27 C,no wind,partly cloudy,Z. Hamiko,E. Sumner,R. Lewis,S. Richardson,A. Gurbiersch,N. Lakowitz,A. Flaisch-J.,BD,1,10,BD25,"V,1,10,V25","24,2,172","PASS:1,I,80,*",Z. Edwards pass incomplete to J. Torrededia.,"V,2,10,V25",pass,NA,NA,NA,0,0,27,6,24,V,BD,"FUMB,4,10:38,25","FG,4,04:37,77",12,52,6:01,FUMB,4,10:38,BD25,FG,4,04:37,SS23,NA
2021_09_BD_SS,BD,SS,Barcelona Dragons,Stuttgart Surge,8/15/2021,Stuttgart,Gazi-Stadion,15:00,18:05,Y,03:05,1500,27 C,no wind,partly cloudy,Z. Hamiko,E. Sumner,R. Lewis,S. Richardson,A. Gurbiersch,N. Lakowitz,A. Flaisch-J.,BD,2,10,BD25,"V,2,10,V25","24,3,173","PASS:1,C,5,V28 TACK:42",Z. Edwards pass complete to J. Constant for 3 yards to the BD28 (Z. Blair).,"V,3,7,V28",pass,NA,NA,NA,0,0,27,6,24,V,BD,"FUMB,4,10:38,25","FG,4,04:37,77",12,52,6:01,FUMB,4,10:38,BD25,FG,4,04:37,SS23,NA
2021_09_BD_SS,BD,SS,Barcelona Dragons,Stuttgart Surge,8/15/2021,Stuttgart,Gazi-Stadion,15:00,18:05,Y,03:05,1500,27 C,no wind,partly cloudy,Z. Hamiko,E. Sumner,R. Lewis,S. Richardson,A. Gurbiersch,N. Lakowitz,A. Flaisch-J.,BD,3,7,BD28,"V,3,7,V28","24,4,174","PASS:1,C,5,V35 TACK:3,32","Z. Edwards pass complete to J. Constant for 7 yards to the BD35, 1ST DOWN BD (W. Mathei;J. Ludwig-M.).","V,1,10,V35",pass,pass,NA,NA,0,0,27,6,24,V,BD,"FUMB,4,10:38,25","FG,4,04:37,77",12,52,6:01,FUMB,4,10:38,BD25,FG,4,04:37,SS23,NA
2021_09_BD_SS,BD,SS,Barcelona Dragons,Stuttgart Surge,8/15/2021,Stuttgart,Gazi-Stadion,15:00,18:05,Y,03:05,1500,27 C,no wind,partly cloudy,Z. Hamiko,E. Sumner,R. Lewis,S. Richardson,A. Gurbiersch,N. Lakowitz,A. Flaisch-J.,BD,1,10,BD35,"V,1,10,V35","24,5,175","RUSH:3,V41, TACK:99",A. Jimenez rush for 6 yards to the BD41 (S. Vardar).,"V,2,4,V41",rush,NA,NA,NA,0,0,27,6,24,V,BD,"FUMB,4,10:38,25","FG,4,04:37,77",12,52,6:01,FUMB,4,10:38,BD25,FG,4,04:37,SS23,NA
2021_09_BD_SS,BD,SS,Barcelona Dragons,Stuttgart Surge,8/15/2021,Stuttgart,Gazi-Stadion,15:00,18:05,Y,03:05,1500,27 C,no wind,partly cloudy,Z. Hamiko,E. Sumner,R. Lewis,S. Richardson,A. Gurbiersch,N. Lakowitz,A. Flaisch-J.,BD,2,4,BD41,"V,2,4,V41","24,6,176","RUSH:3,V49, TACK:45","A. Jimenez rush for 8 yards to the BD49, 1ST DOWN BD (N. Hamulic).","V,1,10,V49",rush,rush,NA,NA,0,0,27,6,24,V,BD,"FUMB,4,10:38,25","FG,4,04:37,77",12,52,6:01,FUMB,4,10:38,BD25,FG,4,04:37,SS23,NA
2021_09_BD_SS,BD,SS,Barcelona Dragons,Stuttgart Surge,8/15/2021,Stuttgart,Gazi-Stadion,15:00,18:05,Y,03:05,1500,27 C,no wind,partly cloudy,Z. Hamiko,E. Sumner,R. Lewis,S. Richardson,A. Gurbiersch,N. Lakowitz,A. Flaisch-J.,BD,1,10,BD49,"V,1,10,V49","24,7,177","PASS:1,C,80,H46 TACK:31",Z. Edwards pass complete to J. Torrededia for 5 yards to the SS46 (N. Wenzelburger).,"V,2,5,H46",pass,NA,NA,NA,0,0,27,6,24,V,BD,"FUMB,4,10:38,25","FG,4,04:37,77",12,52,6:01,FUMB,4,10:38,BD25,FG,4,04:37,SS23,NA
2021_09_BD_SS,BD,SS,Barcelona Dragons,Stuttgart Surge,8/15/2021,Stuttgart,Gazi-Stadion,15:00,18:05,Y,03:05,1500,27 C,no wind,partly cloudy,Z. Hamiko,E. Sumner,R. Lewis,S. Richardson,A. Gurbiersch,N. Lakowitz,A. Flaisch-J.,BD,2,5,SS46,"V,2,5,H46","24,8,178","RUSH:21,H45, TACK:11,99",A. Monton rush for 1 yard to the SS45 (R. Lakalaka;S. Vardar).,"V,3,4,H45",rush,NA,NA,NA,0,0,27,6,24,V,BD,"FUMB,4,10:38,25","FG,4,04:37,77",12,52,6:01,FUMB,4,10:38,BD25,FG,4,04:37,SS23,NA
2021_09_BD_SS,BD,SS,Barcelona Dragons,Stuttgart Surge,8/15/2021,Stuttgart,Gazi-Stadion,15:00,18:05,Y,03:05,1500,27 C,no wind,partly cloudy,Z. Hamiko,E. Sumner,R. Lewis,S. Richardson,A. Gurbiersch,N. Lakowitz,A. Flaisch-J.,BD,3,4,SS45,"V,3,4,H45","24,9,179","PASS:1,C,15,H25 OB: TACK:31","Z. Edwards pass complete to M. Flores for 20 yards to the SS25, 1ST DOWN BD, out-of-bounds (N. Wenzelburger).","V,1,10,H25",pass,pass,NA,NA,1,0,27,6,24,V,BD,"FUMB,4,10:38,25","FG,4,04:37,77",12,52,6:01,FUMB,4,10:38,BD25,FG,4,04:37,SS23,NA
2021_09_BD_SS,BD,SS,Barcelona Dragons,Stuttgart Surge,8/15/2021,Stuttgart,Gazi-Stadion,15:00,18:05,Y,03:05,1500,27 C,no wind,partly cloudy,Z. Hamiko,E. Sumner,R. Lewis,S. Richardson,A. Gurbiersch,N. Lakowitz,A. Flaisch-J.,BD,1,10,SS25,"V,1,10,H25","24,10,180","RUSH:21,H27, TACK:45,23",A. Monton rush for loss of 2 yards to the SS27 (N. Hamulic;M. Dabo).,"V,2,12,H27",rush,NA,NA,NA,0,0,27,6,24,V,BD,"FUMB,4,10:38,25","FG,4,04:37,77",12,52,6:01,FUMB,4,10:38,BD25,FG,4,04:37,SS23,NA
2021_09_BD_SS,BD,SS,Barcelona Dragons,Stuttgart Surge,8/15/2021,Stuttgart,Gazi-Stadion,15:00,18:05,Y,03:05,1500,27 C,no wind,partly cloudy,Z. Hamiko,E. Sumner,R. Lewis,S. Richardson,A. Gurbiersch,N. Lakowitz,A. Flaisch-J.,BD,2,12,SS27,"V,2,12,H27","24,11,181","PASS:1,I,5,*",Z. Edwards pass incomplete to J. Constant.,"V,3,12,H27",pass,NA,NA,NA,0,0,27,6,24,V,BD,"FUMB,4,10:38,25","FG,4,04:37,77",12,52,6:01,FUMB,4,10:38,BD25,FG,4,04:37,SS23,NA
2021_09_BD_SS,BD,SS,Barcelona Dragons,Stuttgart Surge,8/15/2021,Stuttgart,Gazi-Stadion,15:00,18:05,Y,03:05,1500,27 C,no wind,partly cloudy,Z. Hamiko,E. Sumner,R. Lewis,S. Richardson,A. Gurbiersch,N. Lakowitz,A. Flaisch-J.,BD,3,12,SS27,"V,3,12,H27","24,12,182","RUSH:21,H23, TACK:42,92",A. Monton rush for 4 yards to the SS23 (Z. Blair;T. Burkhardt).,"V,4,8,H23",rush,NA,NA,NA,0,0,27,6,24,V,BD,"FUMB,4,10:38,25","FG,4,04:37,77",12,52,6:01,FUMB,4,10:38,BD25,FG,4,04:37,SS23,NA
2021_09_BD_SS,BD,SS,Barcelona Dragons,Stuttgart Surge,8/15/2021,Stuttgart,Gazi-Stadion,15:00,18:05,Y,03:05,1500,27 C,no wind,partly cloudy,Z. Hamiko,E. Sumner,R. Lewis,S. Richardson,A. Gurbiersch,N. Lakowitz,A. Flaisch-J.,BD,4,8,SS23,"V,4,8,H23","24,13,183","FGA:8,40,G T:04:37","G. Tavecchio field goal attempt from 40 GOOD, clock 04:37.","V,1,0,V35",field_goal,NA,04:37,NA,0,1,30,6,24,V,BD,"FUMB,4,10:38,25","FG,4,04:37,77",12,52,6:01,FUMB,4,10:38,BD25,FG,4,04:37,SS23,NA
2021_09_BD_SS,BD,SS,Barcelona Dragons,Stuttgart Surge,8/15/2021,Stuttgart,Gazi-Stadion,15:00,18:05,Y,03:05,1500,27 C,no wind,partly cloudy,Z. Hamiko,E. Sumner,R. Lewis,S. Richardson,A. Gurbiersch,N. Lakowitz,A. Flaisch-J.,BD,1,0,BD35,"V,1,0,V35","24,14,184","KO:8,H00 TB:","G. Tavecchio kickoff 65 yards to the SS0, touchback.","H,1,10,H25",kick_off,NA,NA,NA,0,0,30,6,24,V,BD,"FUMB,4,10:38,25","FG,4,04:37,77",12,52,6:01,FUMB,4,10:38,BD25,FG,4,04:37,SS23,NA
2021_09_BD_SS,BD,SS,Barcelona Dragons,Stuttgart Surge,8/15/2021,Stuttgart,Gazi-Stadion,15:00,18:05,Y,03:05,1500,27 C,no wind,partly cloudy,Z. Hamiko,E. Sumner,R. Lewis,S. Richardson,A. Gurbiersch,N. Lakowitz,A. Flaisch-J.,SS,1,10,SS25,"H,1,10,H25","25,1,185",{DRIVE}:04:37,STUTTGART SURGE drive start at 04:37.,"H,1,10,H25",NA,NA,04:37,NA,0,0,30,6,25,H,SS,"KO,4,04:37,25","TD,4,00:03,100",14,75,4:34,KO,4,04:37,SS25,TD,4,00:03,BD00,1
2021_09_BD_SS,BD,SS,Barcelona Dragons,Stuttgart Surge,8/15/2021,Stuttgart,Gazi-Stadion,15:00,18:05,Y,03:05,1500,27 C,no wind,partly cloudy,Z. Hamiko,E. Sumner,R. Lewis,S. Richardson,A. Gurbiersch,N. Lakowitz,A. Flaisch-J.,SS,1,10,SS25,"H,1,10,H25","25,2,186","RUSH:6,H26, TACK:45,33",J. Moukouri rush for 1 yard to the SS26 (A. Posito;T. Debiez).,"H,2,9,H26",rush,NA,NA,NA,0,0,30,6,25,H,SS,"KO,4,04:37,25","TD,4,00:03,100",14,75,4:34,KO,4,04:37,SS25,TD,4,00:03,BD00,1
2021_09_BD_SS,BD,SS,Barcelona Dragons,Stuttgart Surge,8/15/2021,Stuttgart,Gazi-Stadion,15:00,18:05,Y,03:05,1500,27 C,no wind,partly cloudy,Z. Hamiko,E. Sumner,R. Lewis,S. Richardson,A. Gurbiersch,N. Lakowitz,A. Flaisch-J.,SS,2,9,SS26,"H,2,9,H26","25,3,187","PASS:16,I,88,*",M. Winterlik pass incomplete to M. Pludra.,"H,3,9,H26",pass,NA,NA,NA,0,0,30,6,25,H,SS,"KO,4,04:37,25","TD,4,00:03,100",14,75,4:34,KO,4,04:37,SS25,TD,4,00:03,BD00,1
2021_09_BD_SS,BD,SS,Barcelona Dragons,Stuttgart Surge,8/15/2021,Stuttgart,Gazi-Stadion,15:00,18:05,Y,03:05,1500,27 C,no wind,partly cloudy,Z. Hamiko,E. Sumner,R. Lewis,S. Richardson,A. Gurbiersch,N. Lakowitz,A. Flaisch-J.,SS,3,9,SS26,"H,3,9,H26","25,4,188","PEN:H,DOG,A,16,H21,N",PENALTY SS DOG (M. Winterlik) 5 yards to the SS21.,"H,3,14,H21",penalty,NA,NA,NA,0,0,30,6,25,H,SS,"KO,4,04:37,25","TD,4,00:03,100",14,75,4:34,KO,4,04:37,SS25,TD,4,00:03,BD00,1
2021_09_BD_SS,BD,SS,Barcelona Dragons,Stuttgart Surge,8/15/2021,Stuttgart,Gazi-Stadion,15:00,18:05,Y,03:05,1500,27 C,no wind,partly cloudy,Z. Hamiko,E. Sumner,R. Lewis,S. Richardson,A. Gurbiersch,N. Lakowitz,A. Flaisch-J.,SS,3,14,SS21,"H,3,14,H21","25,5,189","PASS:16,I,18,* PEN:V,RPS,A,90,H36,1 NOPLAY: PEN:V,DSQ,A,90,V49,1 NOPLAY:","M. Winterlik pass incomplete to P. Steigerwald, PENALTY BD RPS (A. Fernandez) 15 yards to the SS36, 1ST DOWN SS, NO PLAY, PENALTY BD disqualification (A. Fernandez) 15 yards to the BD49, 1ST DOWN SS, NO PLAY.","H,1,10,V49",penalty,penalty,NA,NA,0,0,30,6,25,H,SS,"KO,4,04:37,25","TD,4,00:03,100",14,75,4:34,KO,4,04:37,SS25,TD,4,00:03,BD00,1
2021_09_BD_SS,BD,SS,Barcelona Dragons,Stuttgart Surge,8/15/2021,Stuttgart,Gazi-Stadion,15:00,18:05,Y,03:05,1500,27 C,no wind,partly cloudy,Z. Hamiko,E. Sumner,R. Lewis,S. Richardson,A. Gurbiersch,N. Lakowitz,A. Flaisch-J.,SS,1,10,BD49,"H,1,10,V49","25,6,190","PASS:16,I,12,*",M. Winterlik pass incomplete to F. Latour.,"H,2,10,V49",pass,NA,NA,NA,0,0,30,6,25,H,SS,"KO,4,04:37,25","TD,4,00:03,100",14,75,4:34,KO,4,04:37,SS25,TD,4,00:03,BD00,1
2021_09_BD_SS,BD,SS,Barcelona Dragons,Stuttgart Surge,8/15/2021,Stuttgart,Gazi-Stadion,15:00,18:05,Y,03:05,1500,27 C,no wind,partly cloudy,Z. Hamiko,E. Sumner,R. Lewis,S. Richardson,A. Gurbiersch,N. Lakowitz,A. Flaisch-J.,SS,2,10,BD49,"H,2,10,V49","25,7,191","RUSH:6,H47, TACK:43",J. Moukouri rush for loss of 4 yards to the SS47 (V. Albarracin).,"H,3,14,H47",rush,NA,NA,NA,0,0,30,6,25,H,SS,"KO,4,04:37,25","TD,4,00:03,100",14,75,4:34,KO,4,04:37,SS25,TD,4,00:03,BD00,1
2021_09_BD_SS,BD,SS,Barcelona Dragons,Stuttgart Surge,8/15/2021,Stuttgart,Gazi-Stadion,15:00,18:05,Y,03:05,1500,27 C,no wind,partly cloudy,Z. Hamiko,E. Sumner,R. Lewis,S. Richardson,A. Gurbiersch,N. Lakowitz,A. Flaisch-J.,SS,3,14,SS47,"H,3,14,H47","25,8,192","PASS:16,C,4,V43 OB:","M. Winterlik pass complete to A. Eitel for 10 yards to the BD43, out-of-bounds.","H,4,4,V43",pass,NA,NA,NA,1,0,30,6,25,H,SS,"KO,4,04:37,25","TD,4,00:03,100",14,75,4:34,KO,4,04:37,SS25,TD,4,00:03,BD00,1
2021_09_BD_SS,BD,SS,Barcelona Dragons,Stuttgart Surge,8/15/2021,Stuttgart,Gazi-Stadion,15:00,18:05,Y,03:05,1500,27 C,no wind,partly cloudy,Z. Hamiko,E. Sumner,R. Lewis,S. Richardson,A. Gurbiersch,N. Lakowitz,A. Flaisch-J.,SS,4,4,BD43,"H,4,4,V43","25,9,193","PASS:16,I,88,* PEN:V,DPI,A,23,V43,1 NOPLAY:","M. Winterlik pass incomplete to M. Pludra, PENALTY BD DPI (J. Brugnani) 0 yards to the BD43, 1ST DOWN SS, NO PLAY.","H,1,10,V43",penalty,penalty,NA,NA,0,0,30,6,25,H,SS,"KO,4,04:37,25","TD,4,00:03,100",14,75,4:34,KO,4,04:37,SS25,TD,4,00:03,BD00,1
2021_09_BD_SS,BD,SS,Barcelona Dragons,Stuttgart Surge,8/15/2021,Stuttgart,Gazi-Stadion,15:00,18:05,Y,03:05,1500,27 C,no wind,partly cloudy,Z. Hamiko,E. Sumner,R. Lewis,S. Richardson,A. Gurbiersch,N. Lakowitz,A. Flaisch-J.,SS,1,10,BD43,"H,1,10,V43","25,10,194","RUSH:6,V20, TACK:23","J. Moukouri rush for 23 yards to the BD20, 1ST DOWN SS (J. Brugnani).","H,1,10,V20",rush,rush,NA,NA,0,0,30,6,25,H,SS,"KO,4,04:37,25","TD,4,00:03,100",14,75,4:34,KO,4,04:37,SS25,TD,4,00:03,BD00,1
2021_09_BD_SS,BD,SS,Barcelona Dragons,Stuttgart Surge,8/15/2021,Stuttgart,Gazi-Stadion,15:00,18:05,Y,03:05,1500,27 C,no wind,partly cloudy,Z. Hamiko,E. Sumner,R. Lewis,S. Richardson,A. Gurbiersch,N. Lakowitz,A. Flaisch-J.,SS,1,10,BD20,"H,1,10,V20","25,11,195","RUSH:6,V21, TACK:43,10",J. Moukouri rush for loss of 1 yard to the BD21 (V. Albarracin;C. Brugnani).,"H,2,11,V21",rush,NA,NA,NA,0,0,30,6,25,H,SS,"KO,4,04:37,25","TD,4,00:03,100",14,75,4:34,KO,4,04:37,SS25,TD,4,00:03,BD00,1
2021_09_BD_SS,BD,SS,Barcelona Dragons,Stuttgart Surge,8/15/2021,Stuttgart,Gazi-Stadion,15:00,18:05,Y,03:05,1500,27 C,no wind,partly cloudy,Z. Hamiko,E. Sumner,R. Lewis,S. Richardson,A. Gurbiersch,N. Lakowitz,A. Flaisch-J.,SS,2,11,BD21,"H,2,11,V21","25,12,196","RUSH:16,V13, OB: TACK:33","M. Winterlik rush for 8 yards to the BD13, out-of-bounds (T. Debiez).","H,3,3,V13",rush,NA,NA,NA,1,0,30,6,25,H,SS,"KO,4,04:37,25","TD,4,00:03,100",14,75,4:34,KO,4,04:37,SS25,TD,4,00:03,BD00,1
2021_09_BD_SS,BD,SS,Barcelona Dragons,Stuttgart Surge,8/15/2021,Stuttgart,Gazi-Stadion,15:00,18:05,Y,03:05,1500,27 C,no wind,partly cloudy,Z. Hamiko,E. Sumner,R. Lewis,S. Richardson,A. Gurbiersch,N. Lakowitz,A. Flaisch-J.,SS,3,3,BD13,"H,3,3,V13","25,13,197","RUSH:6,V11, TACK:45,33",J. Moukouri rush for 2 yards to the BD11 (A. Posito;T. Debiez).,"H,4,1,V11",rush,NA,NA,NA,0,0,30,6,25,H,SS,"KO,4,04:37,25","TD,4,00:03,100",14,75,4:34,KO,4,04:37,SS25,TD,4,00:03,BD00,1
2021_09_BD_SS,BD,SS,Barcelona Dragons,Stuttgart Surge,8/15/2021,Stuttgart,Gazi-Stadion,15:00,18:05,Y,03:05,1500,27 C,no wind,partly cloudy,Z. Hamiko,E. Sumner,R. Lewis,S. Richardson,A. Gurbiersch,N. Lakowitz,A. Flaisch-J.,SS,4,1,BD11,"H,4,1,V11","25,14,198","RUSH:16,V09, TACK:TM","M. Winterlik rush for 2 yards to the BD9, 1ST DOWN SS (Team).","H,1,0,V09",rush,rush,NA,NA,0,0,30,6,25,H,SS,"KO,4,04:37,25","TD,4,00:03,100",14,75,4:34,KO,4,04:37,SS25,TD,4,00:03,BD00,1
2021_09_BD_SS,BD,SS,Barcelona Dragons,Stuttgart Surge,8/15/2021,Stuttgart,Gazi-Stadion,15:00,18:05,Y,03:05,1500,27 C,no wind,partly cloudy,Z. Hamiko,E. Sumner,R. Lewis,S. Richardson,A. Gurbiersch,N. Lakowitz,A. Flaisch-J.,SS,1,0,BD09,"H,1,0,V09","25,15,199",TOUT:H T:00:57,"Timeout Stuttgart Surge, clock 00:57.","H,1,0,V09",NA,NA,00:57,NA,0,0,30,6,25,H,SS,"KO,4,04:37,25","TD,4,00:03,100",14,75,4:34,KO,4,04:37,SS25,TD,4,00:03,BD00,1
2021_09_BD_SS,BD,SS,Barcelona Dragons,Stuttgart Surge,8/15/2021,Stuttgart,Gazi-Stadion,15:00,18:05,Y,03:05,1500,27 C,no wind,partly cloudy,Z. Hamiko,E. Sumner,R. Lewis,S. Richardson,A. Gurbiersch,N. Lakowitz,A. Flaisch-J.,SS,1,0,BD09,"H,1,0,V09","25,16,200","PASS:16,C,87,V05 TACK:27",M. Winterlik pass complete to D. Rofalski for 4 yards to the BD5 (A. Vera).,"H,2,0,V05",pass,NA,NA,NA,0,0,30,6,25,H,SS,"KO,4,04:37,25","TD,4,00:03,100",14,75,4:34,KO,4,04:37,SS25,TD,4,00:03,BD00,1
2021_09_BD_SS,BD,SS,Barcelona Dragons,Stuttgart Surge,8/15/2021,Stuttgart,Gazi-Stadion,15:00,18:05,Y,03:05,1500,27 C,no wind,partly cloudy,Z. Hamiko,E. Sumner,R. Lewis,S. Richardson,A. Gurbiersch,N. Lakowitz,A. Flaisch-J.,SS,2,0,BD05,"H,2,0,V05","25,17,201",TOUT:H T:00:48,"Timeout Stuttgart Surge, clock 00:48.","H,2,0,V05",NA,NA,00:48,NA,0,0,30,6,25,H,SS,"KO,4,04:37,25","TD,4,00:03,100",14,75,4:34,KO,4,04:37,SS25,TD,4,00:03,BD00,1
2021_09_BD_SS,BD,SS,Barcelona Dragons,Stuttgart Surge,8/15/2021,Stuttgart,Gazi-Stadion,15:00,18:05,Y,03:05,1500,27 C,no wind,partly cloudy,Z. Hamiko,E. Sumner,R. Lewis,S. Richardson,A. Gurbiersch,N. Lakowitz,A. Flaisch-J.,SS,2,0,BD05,"H,2,0,V05","25,18,202","RUSH:6,V01, TACK:TM",J. Moukouri rush for 4 yards to the BD1 (Team).,"H,3,0,V01",rush,NA,NA,NA,0,0,30,6,25,H,SS,"KO,4,04:37,25","TD,4,00:03,100",14,75,4:34,KO,4,04:37,SS25,TD,4,00:03,BD00,1
2021_09_BD_SS,BD,SS,Barcelona Dragons,Stuttgart Surge,8/15/2021,Stuttgart,Gazi-Stadion,15:00,18:05,Y,03:05,1500,27 C,no wind,partly cloudy,Z. Hamiko,E. Sumner,R. Lewis,S. Richardson,A. Gurbiersch,N. Lakowitz,A. Flaisch-J.,SS,3,0,BD01,"H,3,0,V01","25,19,203","RUSH:6,V01, TACK:TM",J. Moukouri rush for no gain to the BD1 (Team).,"H,4,0,V01",rush,NA,NA,NA,0,0,30,6,25,H,SS,"KO,4,04:37,25","TD,4,00:03,100",14,75,4:34,KO,4,04:37,SS25,TD,4,00:03,BD00,1
2021_09_BD_SS,BD,SS,Barcelona Dragons,Stuttgart Surge,8/15/2021,Stuttgart,Gazi-Stadion,15:00,18:05,Y,03:05,1500,27 C,no wind,partly cloudy,Z. Hamiko,E. Sumner,R. Lewis,S. Richardson,A. Gurbiersch,N. Lakowitz,A. Flaisch-J.,SS,4,0,BD01,"H,4,0,V01","25,20,204","RUSH:16,V00, T:00:03 PAT:K,10,M","M. Winterlik rush for 1 yard to the BD0, 1ST DOWN SS, TOUCHDOWN, clock 00:03, J. Hauser kick attempt failed.","H,1,0,H35",pat,rush,00:03,NA,0,1,30,12,25,H,SS,"KO,4,04:37,25","TD,4,00:03,100",14,75,4:34,KO,4,04:37,SS25,TD,4,00:03,BD00,1
2021_09_BD_SS,BD,SS,Barcelona Dragons,Stuttgart Surge,8/15/2021,Stuttgart,Gazi-Stadion,15:00,18:05,Y,03:05,1500,27 C,no wind,partly cloudy,Z. Hamiko,E. Sumner,R. Lewis,S. Richardson,A. Gurbiersch,N. Lakowitz,A. Flaisch-J.,SS,1,0,SS35,"H,1,0,H35","25,21,205","KO:10,V25 FC:5","J. Hauser kickoff 40 yards to the BD25, fair catch by J. Constant.","V,1,10,V25",kick_off,NA,NA,NA,0,0,30,12,25,H,SS,"KO,4,04:37,25","TD,4,00:03,100",14,75,4:34,KO,4,04:37,SS25,TD,4,00:03,BD00,1
2021_09_BD_SS,BD,SS,Barcelona Dragons,Stuttgart Surge,8/15/2021,Stuttgart,Gazi-Stadion,15:00,18:05,Y,03:05,1500,27 C,no wind,partly cloudy,Z. Hamiko,E. Sumner,R. Lewis,S. Richardson,A. Gurbiersch,N. Lakowitz,A. Flaisch-J.,BD,1,10,BD25,"V,1,10,V25","26,1,206",{DRIVE}:00:03,BARCELONA DRAGONS drive start at 00:03.,"V,1,10,V25",NA,NA,00:03,NA,0,0,30,12,26,V,BD,"KO,4,00:03,25","HALF,4,00:00,24",1,-1,0:03,KO,4,00:03,BD25,HALF,4,00:00,BD24,NA
2021_09_BD_SS,BD,SS,Barcelona Dragons,Stuttgart Surge,8/15/2021,Stuttgart,Gazi-Stadion,15:00,18:05,Y,03:05,1500,27 C,no wind,partly cloudy,Z. Hamiko,E. Sumner,R. Lewis,S. Richardson,A. Gurbiersch,N. Lakowitz,A. Flaisch-J.,BD,1,10,BD25,"V,1,10,V25","26,2,207","RUSH:TM,V24, HALF: T:00:00","Team rush for loss of 1 yard to the BD24, end of game, clock 00:00.","V,2,11,V24",rush,NA,00:00,NA,0,0,30,12,26,V,BD,"KO,4,00:03,25","HALF,4,00:00,24",1,-1,0:03,KO,4,00:03,BD25,HALF,4,00:00,BD24,NA
