game_id,away_team_id,home_team_id,away_team,home_team,date,location,stadium,start,end,nitegame,duration,attend,temp,wind,weather,ref,ump,line,bj,fj,sj,cj,alt,posteam,down,togo,spot,context,play_id,tokens,desc,newcontext,play_type,clock,first_down_with,turnover,score,away_score_post,home_score_post,oob,drive_number,drive_vh,drive_team,drive_start,drive_end,drive_plays,drive_yards,drive_top,drive_start_how,drive_start_qtr,drive_start_time,drive_start_spot,drive_end_how,drive_end_qtr,drive_end_time,drive_end_spot,drive_rz
2021_07_BD_HD,BD,HD,Barcelona Dragons,Hamburg Sea Devils,7/31/2021,Hamburg,Stadion Hoheluft,18:00,21:00,Y,03:00,0,18 deg.C,NA,Rainy,T. Denker,M. Kattilus,M. Berger,D. Jurzyk,M. Hoffmann,E. Christensen,H. Horak,H. Horak,BD,1,10,BD35,"V,1,10,V35","0,1,0","CMT:HD wins coin toss and chosse second half option, defend SW goal","HD wins coin toss and chosse second half option, defend SW goal","V,1,10,V35",NA,NA,NA,NA,0,0,0,0,0,NA,NA,NA,NA,NA,NA,NA,NA,NA,NA,NA,NA,NA,NA,NA,NA
2021_07_BD_HD,BD,HD,Barcelona Dragons,Hamburg Sea Devils,7/31/2021,Hamburg,Stadion Hoheluft,18:00,21:00,Y,03:00,0,18 deg.C,NA,Rainy,T. Denker,M. Kattilus,M. Berger,D. Jurzyk,M. Hoffmann,E. Christensen,H. Horak,H. Horak,BD,1,10,BD35,"V,1,10,V35","0,2,1","SPOT:H,H35,N",HD ball on HD35.,"H,1,10,H35",NA,NA,NA,NA,0,0,0,0,0,NA,NA,NA,NA,NA,NA,NA,NA,NA,NA,NA,NA,NA,NA,NA,NA
2021_07_BD_HD,BD,HD,Barcelona Dragons,Hamburg Sea Devils,7/31/2021,Hamburg,Stadion Hoheluft,18:00,21:00,Y,03:00,0,18 deg.C,NA,Rainy,T. Denker,M. Kattilus,M. Berger,D. Jurzyk,M. Hoffmann,E. Christensen,H. Horak,H. Horak,HD,1,10,HD35,"H,1,10,H35","0,3,2","KO:4,V00 TB:","P. Andersen kickoff 65 yards to the BD0, touchback.","V,1,10,V25",kick_off,NA,NA,NA,0,0,0,0,0,NA,NA,NA,NA,NA,NA,NA,NA,NA,NA,NA,NA,NA,NA,NA,NA
2021_07_BD_HD,BD,HD,Barcelona Dragons,Hamburg Sea Devils,7/31/2021,Hamburg,Stadion Hoheluft,18:00,21:00,Y,03:00,0,18 deg.C,NA,Rainy,T. Denker,M. Kattilus,M. Berger,D. Jurzyk,M. Hoffmann,E. Christensen,H. Horak,H. Horak,BD,1,10,BD25,"V,1,10,V25","1,1,3","RUSH:3,V26, TACK:98",A. Jimenez rush for 1 yard to the BD26 (H. Awuah).,"V,2,9,V26",rush,NA,NA,NA,0,0,0,0,1,V,BD,"KO,1,15:00,25","PUNT,1,13:55,26",3,1,1:05,KO,1,15:00,BD25,PUNT,1,13:55,BD26,NA
2021_07_BD_HD,BD,HD,Barcelona Dragons,Hamburg Sea Devils,7/31/2021,Hamburg,Stadion Hoheluft,18:00,21:00,Y,03:00,0,18 deg.C,NA,Rainy,T. Denker,M. Kattilus,M. Berger,D. Jurzyk,M. Hoffmann,E. Christensen,H. Horak,H. Horak,BD,2,9,BD26,"V,2,9,V26","1,2,4","PASS:1,I,21,*",Z. Edwards pass incomplete to A. Monton.,"V,3,9,V26",pass,NA,NA,NA,0,0,0,0,1,V,BD,"KO,1,15:00,25","PUNT,1,13:55,26",3,1,1:05,KO,1,15:00,BD25,PUNT,1,13:55,BD26,NA
2021_07_BD_HD,BD,HD,Barcelona Dragons,Hamburg Sea Devils,7/31/2021,Hamburg,Stadion Hoheluft,18:00,21:00,Y,03:00,0,18 deg.C,NA,Rainy,T. Denker,M. Kattilus,M. Berger,D. Jurzyk,M. Hoffmann,E. Christensen,H. Horak,H. Horak,BD,3,9,BD26,"V,3,9,V26","1,3,5","PASS:1,I,5,*",Z. Edwards pass incomplete to J. Constant.,"V,4,9,V26",pass,NA,NA,NA,0,0,0,0,1,V,BD,"KO,1,15:00,25","PUNT,1,13:55,26",3,1,1:05,KO,1,15:00,BD25,PUNT,1,13:55,BD26,NA
2021_07_BD_HD,BD,HD,Barcelona Dragons,Hamburg Sea Devils,7/31/2021,Hamburg,Stadion Hoheluft,18:00,21:00,Y,03:00,0,18 deg.C,NA,Rainy,T. Denker,M. Kattilus,M. Berger,D. Jurzyk,M. Hoffmann,E. Christensen,H. Horak,H. Horak,BD,4,9,BD26,"V,4,9,V26","1,4,6","PUNT:18,H49",C. Manser punt 25 yards to the HD49.,"H,1,10,H49",punt,NA,NA,NA,0,0,0,0,1,V,BD,"KO,1,15:00,25","PUNT,1,13:55,26",3,1,1:05,KO,1,15:00,BD25,PUNT,1,13:55,BD26,NA
2021_07_BD_HD,BD,HD,Barcelona Dragons,Hamburg Sea Devils,7/31/2021,Hamburg,Stadion Hoheluft,18:00,21:00,Y,03:00,0,18 deg.C,NA,Rainy,T. Denker,M. Kattilus,M. Berger,D. Jurzyk,M. Hoffmann,E. Christensen,H. Horak,H. Horak,HD,1,10,HD49,"H,1,10,H49","2,1,7",{DRIVE}:13:55,HAMBURG SEA DEVILS drive start at 13:55.,"H,1,10,H49",NA,13:55,NA,NA,0,0,0,0,2,H,HD,"PUNT,1,13:55,49","INT,1,11:22,92",5,43,2:33,PUNT,1,13:55,HD49,INT,1,11:22,BD08,1
2021_07_BD_HD,BD,HD,Barcelona Dragons,Hamburg Sea Devils,7/31/2021,Hamburg,Stadion Hoheluft,18:00,21:00,Y,03:00,0,18 deg.C,NA,Rainy,T. Denker,M. Kattilus,M. Berger,D. Jurzyk,M. Hoffmann,E. Christensen,H. Horak,H. Horak,HD,1,10,HD49,"H,1,10,H49","2,2,8","RUSH:34,V27,","J. Ampaw rush for 24 yards to the BD27, 1ST DOWN HD.","H,1,10,V27",rush,NA,rush,NA,0,0,0,0,2,H,HD,"PUNT,1,13:55,49","INT,1,11:22,92",5,43,2:33,PUNT,1,13:55,HD49,INT,1,11:22,BD08,1
2021_07_BD_HD,BD,HD,Barcelona Dragons,Hamburg Sea Devils,7/31/2021,Hamburg,Stadion Hoheluft,18:00,21:00,Y,03:00,0,18 deg.C,NA,Rainy,T. Denker,M. Kattilus,M. Berger,D. Jurzyk,M. Hoffmann,E. Christensen,H. Horak,H. Horak,HD,1,10,BD27,"H,1,10,V27","2,3,9","RUSH:10,V27, TACK:90",J. Clark rush for no gain to the BD27 (A. Fernandez).,"H,2,10,V27",rush,NA,NA,NA,0,0,0,0,2,H,HD,"PUNT,1,13:55,49","INT,1,11:22,92",5,43,2:33,PUNT,1,13:55,HD49,INT,1,11:22,BD08,1
2021_07_BD_HD,BD,HD,Barcelona Dragons,Hamburg Sea Devils,7/31/2021,Hamburg,Stadion Hoheluft,18:00,21:00,Y,03:00,0,18 deg.C,NA,Rainy,T. Denker,M. Kattilus,M. Berger,D. Jurzyk,M. Hoffmann,E. Christensen,H. Horak,H. Horak,HD,2,10,BD27,"H,2,10,V27","2,4,10","PASS:10,C,44,V09 TACK:20","J. Clark pass complete to J. Kruse for 18 yards to the BD9, 1ST DOWN HD (L. Masero).","H,1,0,V09",pass,NA,pass,NA,0,0,0,0,2,H,HD,"PUNT,1,13:55,49","INT,1,11:22,92",5,43,2:33,PUNT,1,13:55,HD49,INT,1,11:22,BD08,1
2021_07_BD_HD,BD,HD,Barcelona Dragons,Hamburg Sea Devils,7/31/2021,Hamburg,Stadion Hoheluft,18:00,21:00,Y,03:00,0,18 deg.C,NA,Rainy,T. Denker,M. Kattilus,M. Berger,D. Jurzyk,M. Hoffmann,E. Christensen,H. Horak,H. Horak,HD,1,0,BD09,"H,1,0,V09","2,5,11","RUSH:34,V08, TACK:90",J. Ampaw rush for 1 yard to the BD8 (A. Fernandez).,"H,2,0,V08",rush,NA,NA,NA,0,0,0,0,2,H,HD,"PUNT,1,13:55,49","INT,1,11:22,92",5,43,2:33,PUNT,1,13:55,HD49,INT,1,11:22,BD08,1
2021_07_BD_HD,BD,HD,Barcelona Dragons,Hamburg Sea Devils,7/31/2021,Hamburg,Stadion Hoheluft,18:00,21:00,Y,03:00,0,18 deg.C,NA,Rainy,T. Denker,M. Kattilus,M. Berger,D. Jurzyk,M. Hoffmann,E. Christensen,H. Horak,H. Horak,HD,2,0,BD08,"H,2,0,V08","2,6,12","PASS:10,X,20,V00 RET:20,V15","J. Clark pass intercepted by L. Masero at the BD0, L. Masero return 15 yards to the BD15.","V,1,10,V15",pass,NA,NA,I,0,0,0,0,2,H,HD,"PUNT,1,13:55,49","INT,1,11:22,92",5,43,2:33,PUNT,1,13:55,HD49,INT,1,11:22,BD08,1
2021_07_BD_HD,BD,HD,Barcelona Dragons,Hamburg Sea Devils,7/31/2021,Hamburg,Stadion Hoheluft,18:00,21:00,Y,03:00,0,18 deg.C,NA,Rainy,T. Denker,M. Kattilus,M. Berger,D. Jurzyk,M. Hoffmann,E. Christensen,H. Horak,H. Horak,BD,1,10,BD15,"V,1,10,V15","3,1,13",{DRIVE}:11:22,BARCELONA DRAGONS drive start at 11:22.,"V,1,10,V15",NA,11:22,NA,NA,0,0,0,0,3,V,BD,"INT,1,11:22,15","PUNT,1,06:55,37",6,22,4:27,INT,1,11:22,BD15,PUNT,1,06:55,BD37,NA
2021_07_BD_HD,BD,HD,Barcelona Dragons,Hamburg Sea Devils,7/31/2021,Hamburg,Stadion Hoheluft,18:00,21:00,Y,03:00,0,18 deg.C,NA,Rainy,T. Denker,M. Kattilus,M. Berger,D. Jurzyk,M. Hoffmann,E. Christensen,H. Horak,H. Horak,BD,1,10,BD15,"V,1,10,V15","3,2,14","PASS:1,C,5,V20 TACK:23",Z. Edwards pass complete to J. Constant for 5 yards to the BD20 (J. Rogers).,"V,2,5,V20",pass,NA,NA,NA,0,0,0,0,3,V,BD,"INT,1,11:22,15","PUNT,1,06:55,37",6,22,4:27,INT,1,11:22,BD15,PUNT,1,06:55,BD37,NA
2021_07_BD_HD,BD,HD,Barcelona Dragons,Hamburg Sea Devils,7/31/2021,Hamburg,Stadion Hoheluft,18:00,21:00,Y,03:00,0,18 deg.C,NA,Rainy,T. Denker,M. Kattilus,M. Berger,D. Jurzyk,M. Hoffmann,E. Christensen,H. Horak,H. Horak,BD,2,5,BD20,"V,2,5,V20","3,3,15","RUSH:1,V23, TACK:94 PEN:H,OD,A,56,V25,1 NOPLAY:","Z. Edwards rush for 3 yards to the BD23 (B. Grube), PENALTY HD offside defense (N. Giovanni) 5 yards to the BD25, 1ST DOWN BD, NO PLAY.","V,1,10,V25",penalty,NA,penalty,NA,0,0,0,0,3,V,BD,"INT,1,11:22,15","PUNT,1,06:55,37",6,22,4:27,INT,1,11:22,BD15,PUNT,1,06:55,BD37,NA
2021_07_BD_HD,BD,HD,Barcelona Dragons,Hamburg Sea Devils,7/31/2021,Hamburg,Stadion Hoheluft,18:00,21:00,Y,03:00,0,18 deg.C,NA,Rainy,T. Denker,M. Kattilus,M. Berger,D. Jurzyk,M. Hoffmann,E. Christensen,H. Horak,H. Horak,BD,1,10,BD25,"V,1,10,V25","3,4,16","RUSH:3,V25, TACK:91",A. Jimenez rush for no gain to the BD25 (K. Edebali).,"V,2,10,V25",rush,NA,NA,NA,0,0,0,0,3,V,BD,"INT,1,11:22,15","PUNT,1,06:55,37",6,22,4:27,INT,1,11:22,BD15,PUNT,1,06:55,BD37,NA
2021_07_BD_HD,BD,HD,Barcelona Dragons,Hamburg Sea Devils,7/31/2021,Hamburg,Stadion Hoheluft,18:00,21:00,Y,03:00,0,18 deg.C,NA,Rainy,T. Denker,M. Kattilus,M. Berger,D. Jurzyk,M. Hoffmann,E. Christensen,H. Horak,H. Horak,BD,2,10,BD25,"V,2,10,V25","3,5,17","PASS:1,C,5,V30 TACK:23",Z. Edwards pass complete to J. Constant for 5 yards to the BD30 (J. Rogers).,"V,3,5,V30",pass,NA,NA,NA,0,0,0,0,3,V,BD,"INT,1,11:22,15","PUNT,1,06:55,37",6,22,4:27,INT,1,11:22,BD15,PUNT,1,06:55,BD37,NA
2021_07_BD_HD,BD,HD,Barcelona Dragons,Hamburg Sea Devils,7/31/2021,Hamburg,Stadion Hoheluft,18:00,21:00,Y,03:00,0,18 deg.C,NA,Rainy,T. Denker,M. Kattilus,M. Berger,D. Jurzyk,M. Hoffmann,E. Christensen,H. Horak,H. Horak,BD,3,5,BD30,"V,3,5,V30","3,6,18","PEN:H,OD,A,56,V35,1","PENALTY HD offside defense (N. Giovanni) 5 yards to the BD35, 1ST DOWN BD.","V,1,10,V35",penalty,NA,penalty,NA,0,0,0,0,3,V,BD,"INT,1,11:22,15","PUNT,1,06:55,37",6,22,4:27,INT,1,11:22,BD15,PUNT,1,06:55,BD37,NA
2021_07_BD_HD,BD,HD,Barcelona Dragons,Hamburg Sea Devils,7/31/2021,Hamburg,Stadion Hoheluft,18:00,21:00,Y,03:00,0,18 deg.C,NA,Rainy,T. Denker,M. Kattilus,M. Berger,D. Jurzyk,M. Hoffmann,E. Christensen,H. Horak,H. Horak,BD,1,10,BD35,"V,1,10,V35","3,7,19","PASS:1,S,TM,V34 SACK:95",Z. Edwards sacked for loss of 1 yard to the BD34 (E. Yeboah).,"V,2,11,V34",pass,NA,NA,NA,0,0,0,0,3,V,BD,"INT,1,11:22,15","PUNT,1,06:55,37",6,22,4:27,INT,1,11:22,BD15,PUNT,1,06:55,BD37,NA
2021_07_BD_HD,BD,HD,Barcelona Dragons,Hamburg Sea Devils,7/31/2021,Hamburg,Stadion Hoheluft,18:00,21:00,Y,03:00,0,18 deg.C,NA,Rainy,T. Denker,M. Kattilus,M. Berger,D. Jurzyk,M. Hoffmann,E. Christensen,H. Horak,H. Horak,BD,2,11,BD34,"V,2,11,V34","3,8,20","RUSH:3,V34, FORCE:40 FUMB:V,V34,79","A. Jimenez rush for no gain to the BD34, fumble forced by M. Spiegel, fumble by A. Jimenez recovered by BD I. Santana at BD34.","V,3,11,V34",rush,NA,NA,NA,0,0,0,0,3,V,BD,"INT,1,11:22,15","PUNT,1,06:55,37",6,22,4:27,INT,1,11:22,BD15,PUNT,1,06:55,BD37,NA
2021_07_BD_HD,BD,HD,Barcelona Dragons,Hamburg Sea Devils,7/31/2021,Hamburg,Stadion Hoheluft,18:00,21:00,Y,03:00,0,18 deg.C,NA,Rainy,T. Denker,M. Kattilus,M. Berger,D. Jurzyk,M. Hoffmann,E. Christensen,H. Horak,H. Horak,BD,3,11,BD34,"V,3,11,V34","3,9,21","RUSH:1,V37, TACK:91",Z. Edwards rush for 3 yards to the BD37 (K. Edebali).,"V,4,8,V37",rush,NA,NA,NA,0,0,0,0,3,V,BD,"INT,1,11:22,15","PUNT,1,06:55,37",6,22,4:27,INT,1,11:22,BD15,PUNT,1,06:55,BD37,NA
2021_07_BD_HD,BD,HD,Barcelona Dragons,Hamburg Sea Devils,7/31/2021,Hamburg,Stadion Hoheluft,18:00,21:00,Y,03:00,0,18 deg.C,NA,Rainy,T. Denker,M. Kattilus,M. Berger,D. Jurzyk,M. Hoffmann,E. Christensen,H. Horak,H. Horak,BD,4,8,BD37,"V,4,8,V37","3,10,22","PUNT:18,H30 RET:23,H32","C. Manser punt 33 yards to the HD30, J. Rogers return 2 yards to the HD32.","H,1,10,H32",punt,NA,NA,NA,0,0,0,0,3,V,BD,"INT,1,11:22,15","PUNT,1,06:55,37",6,22,4:27,INT,1,11:22,BD15,PUNT,1,06:55,BD37,NA
2021_07_BD_HD,BD,HD,Barcelona Dragons,Hamburg Sea Devils,7/31/2021,Hamburg,Stadion Hoheluft,18:00,21:00,Y,03:00,0,18 deg.C,NA,Rainy,T. Denker,M. Kattilus,M. Berger,D. Jurzyk,M. Hoffmann,E. Christensen,H. Horak,H. Horak,HD,1,10,HD32,"H,1,10,H32","4,1,23",{DRIVE}:06:55,HAMBURG SEA DEVILS drive start at 06:55.,"H,1,10,H32",NA,06:55,NA,NA,0,0,0,0,4,H,HD,"PUNT,1,06:55,32","PUNT,1,05:35,26",3,-6,1:20,PUNT,1,06:55,HD32,PUNT,1,05:35,HD26,NA
2021_07_BD_HD,BD,HD,Barcelona Dragons,Hamburg Sea Devils,7/31/2021,Hamburg,Stadion Hoheluft,18:00,21:00,Y,03:00,0,18 deg.C,NA,Rainy,T. Denker,M. Kattilus,M. Berger,D. Jurzyk,M. Hoffmann,E. Christensen,H. Horak,H. Horak,HD,1,10,HD32,"H,1,10,H32","4,2,24","PEN:H,DG,A,10,H27,N",PENALTY HD delay of game (J. Clark) 5 yards to the HD27.,"H,1,15,H27",penalty,NA,NA,NA,0,0,0,0,4,H,HD,"PUNT,1,06:55,32","PUNT,1,05:35,26",3,-6,1:20,PUNT,1,06:55,HD32,PUNT,1,05:35,HD26,NA
2021_07_BD_HD,BD,HD,Barcelona Dragons,Hamburg Sea Devils,7/31/2021,Hamburg,Stadion Hoheluft,18:00,21:00,Y,03:00,0,18 deg.C,NA,Rainy,T. Denker,M. Kattilus,M. Berger,D. Jurzyk,M. Hoffmann,E. Christensen,H. Horak,H. Horak,HD,1,15,HD27,"H,1,15,H27","4,3,25","RUSH:34,H31, TACK:99",J. Ampaw rush for 4 yards to the HD31 (Y. Rivero).,"H,2,11,H31",rush,NA,NA,NA,0,0,0,0,4,H,HD,"PUNT,1,06:55,32","PUNT,1,05:35,26",3,-6,1:20,PUNT,1,06:55,HD32,PUNT,1,05:35,HD26,NA
2021_07_BD_HD,BD,HD,Barcelona Dragons,Hamburg Sea Devils,7/31/2021,Hamburg,Stadion Hoheluft,18:00,21:00,Y,03:00,0,18 deg.C,NA,Rainy,T. Denker,M. Kattilus,M. Berger,D. Jurzyk,M. Hoffmann,E. Christensen,H. Horak,H. Horak,HD,2,11,HD31,"H,2,11,H31","4,4,26","PEN:H,FS,A,68,H26,N",PENALTY HD false start (K. Ebanks) 5 yards to the HD26.,"H,2,16,H26",penalty,NA,NA,NA,0,0,0,0,4,H,HD,"PUNT,1,06:55,32","PUNT,1,05:35,26",3,-6,1:20,PUNT,1,06:55,HD32,PUNT,1,05:35,HD26,NA
2021_07_BD_HD,BD,HD,Barcelona Dragons,Hamburg Sea Devils,7/31/2021,Hamburg,Stadion Hoheluft,18:00,21:00,Y,03:00,0,18 deg.C,NA,Rainy,T. Denker,M. Kattilus,M. Berger,D. Jurzyk,M. Hoffmann,E. Christensen,H. Horak,H. Horak,HD,2,16,HD26,"H,2,16,H26","4,5,27","PASS:10,I,89,*",J. Clark pass incomplete to L. Rehder.,"H,3,16,H26",pass,NA,NA,NA,0,0,0,0,4,H,HD,"PUNT,1,06:55,32","PUNT,1,05:35,26",3,-6,1:20,PUNT,1,06:55,HD32,PUNT,1,05:35,HD26,NA
2021_07_BD_HD,BD,HD,Barcelona Dragons,Hamburg Sea Devils,7/31/2021,Hamburg,Stadion Hoheluft,18:00,21:00,Y,03:00,0,18 deg.C,NA,Rainy,T. Denker,M. Kattilus,M. Berger,D. Jurzyk,M. Hoffmann,E. Christensen,H. Horak,H. Horak,HD,3,16,HD26,"H,3,16,H26","4,6,28","PASS:10,I,12,* BRUP:45",J. Clark pass incomplete to J. Madin Cerezo (A. Gonzalez).,"H,4,16,H26",pass,NA,NA,NA,0,0,0,0,4,H,HD,"PUNT,1,06:55,32","PUNT,1,05:35,26",3,-6,1:20,PUNT,1,06:55,HD32,PUNT,1,05:35,HD26,NA
2021_07_BD_HD,BD,HD,Barcelona Dragons,Hamburg Sea Devils,7/31/2021,Hamburg,Stadion Hoheluft,18:00,21:00,Y,03:00,0,18 deg.C,NA,Rainy,T. Denker,M. Kattilus,M. Berger,D. Jurzyk,M. Hoffmann,E. Christensen,H. Horak,H. Horak,HD,4,16,HD26,"H,4,16,H26","4,7,29","PUNT:4,V22 RET:5,V35 TACK:25","P. Andersen punt 52 yards to the BD22, J. Constant return 13 yards to the BD35 (M. Franklin).","V,1,10,V35",punt,NA,NA,NA,0,0,0,0,4,H,HD,"PUNT,1,06:55,32","PUNT,1,05:35,26",3,-6,1:20,PUNT,1,06:55,HD32,PUNT,1,05:35,HD26,NA
2021_07_BD_HD,BD,HD,Barcelona Dragons,Hamburg Sea Devils,7/31/2021,Hamburg,Stadion Hoheluft,18:00,21:00,Y,03:00,0,18 deg.C,NA,Rainy,T. Denker,M. Kattilus,M. Berger,D. Jurzyk,M. Hoffmann,E. Christensen,H. Horak,H. Horak,BD,1,10,BD35,"V,1,10,V35","5,1,30",{DRIVE}:05:35,BARCELONA DRAGONS drive start at 05:35.,"V,1,10,V35",NA,05:35,NA,NA,0,0,0,0,5,V,BD,"PUNT,1,05:35,35","PUNT,1,03:49,50",5,15,1:46,PUNT,1,05:35,BD35,PUNT,1,03:49,BD50,NA
2021_07_BD_HD,BD,HD,Barcelona Dragons,Hamburg Sea Devils,7/31/2021,Hamburg,Stadion Hoheluft,18:00,21:00,Y,03:00,0,18 deg.C,NA,Rainy,T. Denker,M. Kattilus,M. Berger,D. Jurzyk,M. Hoffmann,E. Christensen,H. Horak,H. Horak,BD,1,10,BD35,"V,1,10,V35","5,2,31","PASS:1,I,15,* BRUP:99",Z. Edwards pass incomplete to M. Flores (N. Imasuen).,"V,2,10,V35",pass,NA,NA,NA,0,0,0,0,5,V,BD,"PUNT,1,05:35,35","PUNT,1,03:49,50",5,15,1:46,PUNT,1,05:35,BD35,PUNT,1,03:49,BD50,NA
2021_07_BD_HD,BD,HD,Barcelona Dragons,Hamburg Sea Devils,7/31/2021,Hamburg,Stadion Hoheluft,18:00,21:00,Y,03:00,0,18 deg.C,NA,Rainy,T. Denker,M. Kattilus,M. Berger,D. Jurzyk,M. Hoffmann,E. Christensen,H. Horak,H. Horak,BD,2,10,BD35,"V,2,10,V35","5,3,32","RUSH:3,V47, TACK:52","A. Jimenez rush for 12 yards to the BD47, 1ST DOWN BD (A. Mati).","V,1,10,V47",rush,NA,rush,NA,0,0,0,0,5,V,BD,"PUNT,1,05:35,35","PUNT,1,03:49,50",5,15,1:46,PUNT,1,05:35,BD35,PUNT,1,03:49,BD50,NA
2021_07_BD_HD,BD,HD,Barcelona Dragons,Hamburg Sea Devils,7/31/2021,Hamburg,Stadion Hoheluft,18:00,21:00,Y,03:00,0,18 deg.C,NA,Rainy,T. Denker,M. Kattilus,M. Berger,D. Jurzyk,M. Hoffmann,E. Christensen,H. Horak,H. Horak,BD,1,10,BD47,"V,1,10,V47","5,4,33","PEN:V,FS,A,TM,V42,N",PENALTY BD false start 5 yards to the BD42.,"V,1,15,V42",penalty,NA,NA,NA,0,0,0,0,5,V,BD,"PUNT,1,05:35,35","PUNT,1,03:49,50",5,15,1:46,PUNT,1,05:35,BD35,PUNT,1,03:49,BD50,NA
2021_07_BD_HD,BD,HD,Barcelona Dragons,Hamburg Sea Devils,7/31/2021,Hamburg,Stadion Hoheluft,18:00,21:00,Y,03:00,0,18 deg.C,NA,Rainy,T. Denker,M. Kattilus,M. Berger,D. Jurzyk,M. Hoffmann,E. Christensen,H. Horak,H. Horak,BD,1,15,BD42,"V,1,15,V42","5,5,34","PASS:1,C,3,V50 TACK:52",Z. Edwards pass complete to A. Jimenez for 8 yards to the 50 yardline (A. Mati).,"V,2,7,V50",pass,NA,NA,NA,0,0,0,0,5,V,BD,"PUNT,1,05:35,35","PUNT,1,03:49,50",5,15,1:46,PUNT,1,05:35,BD35,PUNT,1,03:49,BD50,NA
2021_07_BD_HD,BD,HD,Barcelona Dragons,Hamburg Sea Devils,7/31/2021,Hamburg,Stadion Hoheluft,18:00,21:00,Y,03:00,0,18 deg.C,NA,Rainy,T. Denker,M. Kattilus,M. Berger,D. Jurzyk,M. Hoffmann,E. Christensen,H. Horak,H. Horak,BD,2,7,BD50,"V,2,7,V50","5,6,35","PASS:1,I,21,* BRUP:58",Z. Edwards pass incomplete to A. Monton (J. Bombek).,"V,3,7,V50",pass,NA,NA,NA,0,0,0,0,5,V,BD,"PUNT,1,05:35,35","PUNT,1,03:49,50",5,15,1:46,PUNT,1,05:35,BD35,PUNT,1,03:49,BD50,NA
2021_07_BD_HD,BD,HD,Barcelona Dragons,Hamburg Sea Devils,7/31/2021,Hamburg,Stadion Hoheluft,18:00,21:00,Y,03:00,0,18 deg.C,NA,Rainy,T. Denker,M. Kattilus,M. Berger,D. Jurzyk,M. Hoffmann,E. Christensen,H. Horak,H. Horak,BD,3,7,BD50,"V,3,7,V50","5,7,36","PASS:1,S,TM,V50 SACK:91,99",Z. Edwards sacked for no gain to the 50 yardline (K. Edebali;N. Imasuen).,"V,4,7,V50",pass,NA,NA,NA,0,0,0,0,5,V,BD,"PUNT,1,05:35,35","PUNT,1,03:49,50",5,15,1:46,PUNT,1,05:35,BD35,PUNT,1,03:49,BD50,NA
2021_07_BD_HD,BD,HD,Barcelona Dragons,Hamburg Sea Devils,7/31/2021,Hamburg,Stadion Hoheluft,18:00,21:00,Y,03:00,0,18 deg.C,NA,Rainy,T. Denker,M. Kattilus,M. Berger,D. Jurzyk,M. Hoffmann,E. Christensen,H. Horak,H. Horak,BD,4,7,BD50,"V,4,7,V50","5,8,37","PUNT:18,H15 RET:23,H25 PEN:H,ISU,D","C. Manser punt 35 yards to the HD15, J. Rogers return 10 yards to the HD25, PENALTY HD illegal substitution declined.","H,1,10,H25",punt,NA,NA,NA,0,0,0,0,5,V,BD,"PUNT,1,05:35,35","PUNT,1,03:49,50",5,15,1:46,PUNT,1,05:35,BD35,PUNT,1,03:49,BD50,NA
2021_07_BD_HD,BD,HD,Barcelona Dragons,Hamburg Sea Devils,7/31/2021,Hamburg,Stadion Hoheluft,18:00,21:00,Y,03:00,0,18 deg.C,NA,Rainy,T. Denker,M. Kattilus,M. Berger,D. Jurzyk,M. Hoffmann,E. Christensen,H. Horak,H. Horak,HD,1,10,HD25,"H,1,10,H25","6,1,38",{DRIVE}:03:49,HAMBURG SEA DEVILS drive start at 03:49.,"H,1,10,H25",NA,03:49,NA,NA,0,0,0,0,6,H,HD,"PUNT,1,03:49,25","FG,2,00:00,74",11,49,18:49,PUNT,1,03:49,HD25,FG,2,00:00,BD26,NA
2021_07_BD_HD,BD,HD,Barcelona Dragons,Hamburg Sea Devils,7/31/2021,Hamburg,Stadion Hoheluft,18:00,21:00,Y,03:00,0,18 deg.C,NA,Rainy,T. Denker,M. Kattilus,M. Berger,D. Jurzyk,M. Hoffmann,E. Christensen,H. Horak,H. Horak,HD,1,10,HD25,"H,1,10,H25","6,2,39","RUSH:34,H27, TACK:45,73",J. Ampaw rush for 2 yards to the HD27 (A. Gonzalez;S. Bowen).,"H,2,8,H27",rush,NA,NA,NA,0,0,0,0,6,H,HD,"PUNT,1,03:49,25","FG,2,00:00,74",11,49,18:49,PUNT,1,03:49,HD25,FG,2,00:00,BD26,NA
2021_07_BD_HD,BD,HD,Barcelona Dragons,Hamburg Sea Devils,7/31/2021,Hamburg,Stadion Hoheluft,18:00,21:00,Y,03:00,0,18 deg.C,NA,Rainy,T. Denker,M. Kattilus,M. Berger,D. Jurzyk,M. Hoffmann,E. Christensen,H. Horak,H. Horak,HD,2,8,HD27,"H,2,8,H27","6,3,40","PASS:10,I,12,*",J. Clark pass incomplete to J. Madin Cerezo.,"H,3,8,H27",pass,NA,NA,NA,0,0,0,0,6,H,HD,"PUNT,1,03:49,25","FG,2,00:00,74",11,49,18:49,PUNT,1,03:49,HD25,FG,2,00:00,BD26,NA
2021_07_BD_HD,BD,HD,Barcelona Dragons,Hamburg Sea Devils,7/31/2021,Hamburg,Stadion Hoheluft,18:00,21:00,Y,03:00,0,18 deg.C,NA,Rainy,T. Denker,M. Kattilus,M. Berger,D. Jurzyk,M. Hoffmann,E. Christensen,H. Horak,H. Horak,HD,3,8,HD27,"H,3,8,H27","6,4,41","RUSH:10,H35, PEN:V,OD,D","J. Clark rush for 8 yards to the HD35, 1ST DOWN HD, PENALTY BD offside defense declined.","H,1,10,H35",rush,NA,rush,NA,0,0,0,0,6,H,HD,"PUNT,1,03:49,25","FG,2,00:00,74",11,49,18:49,PUNT,1,03:49,HD25,FG,2,00:00,BD26,NA
2021_07_BD_HD,BD,HD,Barcelona Dragons,Hamburg Sea Devils,7/31/2021,Hamburg,Stadion Hoheluft,18:00,21:00,Y,03:00,0,18 deg.C,NA,Rainy,T. Denker,M. Kattilus,M. Berger,D. Jurzyk,M. Hoffmann,E. Christensen,H. Horak,H. Horak,HD,1,10,HD35,"H,1,10,H35","6,5,42","RUSH:34,H40, TACK:45",J. Ampaw rush for 5 yards to the HD40 (A. Gonzalez).,"H,2,5,H40",rush,NA,NA,NA,0,0,0,0,6,H,HD,"PUNT,1,03:49,25","FG,2,00:00,74",11,49,18:49,PUNT,1,03:49,HD25,FG,2,00:00,BD26,NA
2021_07_BD_HD,BD,HD,Barcelona Dragons,Hamburg Sea Devils,7/31/2021,Hamburg,Stadion Hoheluft,18:00,21:00,Y,03:00,0,18 deg.C,NA,Rainy,T. Denker,M. Kattilus,M. Berger,D. Jurzyk,M. Hoffmann,E. Christensen,H. Horak,H. Horak,HD,2,5,HD40,"H,2,5,H40","6,6,43","RUSH:34,H47, TACK:7","J. Ampaw rush for 7 yards to the HD47, 1ST DOWN HD (M. Tavarres).","H,1,10,H47",rush,NA,rush,NA,0,0,0,0,6,H,HD,"PUNT,1,03:49,25","FG,2,00:00,74",11,49,18:49,PUNT,1,03:49,HD25,FG,2,00:00,BD26,NA
2021_07_BD_HD,BD,HD,Barcelona Dragons,Hamburg Sea Devils,7/31/2021,Hamburg,Stadion Hoheluft,18:00,21:00,Y,03:00,0,18 deg.C,NA,Rainy,T. Denker,M. Kattilus,M. Berger,D. Jurzyk,M. Hoffmann,E. Christensen,H. Horak,H. Horak,HD,1,10,HD47,"H,1,10,H47","6,7,44","PASS:10,S,TM,H46 SACK:99",J. Clark sacked for loss of 1 yard to the HD46 (Y. Rivero).,"H,2,11,H46",pass,NA,NA,NA,0,0,0,0,6,H,HD,"PUNT,1,03:49,25","FG,2,00:00,74",11,49,18:49,PUNT,1,03:49,HD25,FG,2,00:00,BD26,NA
2021_07_BD_HD,BD,HD,Barcelona Dragons,Hamburg Sea Devils,7/31/2021,Hamburg,Stadion Hoheluft,18:00,21:00,Y,03:00,0,18 deg.C,NA,Rainy,T. Denker,M. Kattilus,M. Berger,D. Jurzyk,M. Hoffmann,E. Christensen,H. Horak,H. Horak,HD,2,11,HD46,"H,2,11,H46","6,8,45","RUSH:34,V29, TACK:25","J. Ampaw rush for 25 yards to the BD29, 1ST DOWN HD (N. Lester).","H,1,10,V29",rush,NA,rush,NA,0,0,0,0,6,H,HD,"PUNT,1,03:49,25","FG,2,00:00,74",11,49,18:49,PUNT,1,03:49,HD25,FG,2,00:00,BD26,NA
2021_07_BD_HD,BD,HD,Barcelona Dragons,Hamburg Sea Devils,7/31/2021,Hamburg,Stadion Hoheluft,18:00,21:00,Y,03:00,0,18 deg.C,NA,Rainy,T. Denker,M. Kattilus,M. Berger,D. Jurzyk,M. Hoffmann,E. Christensen,H. Horak,H. Horak,HD,1,10,BD29,"H,1,10,V29","6,9,46",Q:2 T:15:00,"Start of 2nd quarter, clock 15:00.","H,1,10,V29",NA,15:00,NA,NA,0,0,0,0,6,H,HD,"PUNT,1,03:49,25","FG,2,00:00,74",11,49,18:49,PUNT,1,03:49,HD25,FG,2,00:00,BD26,NA
2021_07_BD_HD,BD,HD,Barcelona Dragons,Hamburg Sea Devils,7/31/2021,Hamburg,Stadion Hoheluft,18:00,21:00,Y,03:00,0,18 deg.C,NA,Rainy,T. Denker,M. Kattilus,M. Berger,D. Jurzyk,M. Hoffmann,E. Christensen,H. Horak,H. Horak,HD,1,10,BD29,"H,1,10,V29","6,10,47","PASS:10,I,12,*",J. Clark pass incomplete to J. Madin Cerezo.,"H,2,10,V29",pass,NA,NA,NA,0,0,0,0,6,H,HD,"PUNT,1,03:49,25","FG,2,00:00,74",11,49,18:49,PUNT,1,03:49,HD25,FG,2,00:00,BD26,NA
2021_07_BD_HD,BD,HD,Barcelona Dragons,Hamburg Sea Devils,7/31/2021,Hamburg,Stadion Hoheluft,18:00,21:00,Y,03:00,0,18 deg.C,NA,Rainy,T. Denker,M. Kattilus,M. Berger,D. Jurzyk,M. Hoffmann,E. Christensen,H. Horak,H. Horak,HD,2,10,BD29,"H,2,10,V29","6,11,48","RUSH:34,V26, TACK:7",J. Ampaw rush for 3 yards to the BD26 (M. Tavarres).,"H,3,7,V26",rush,NA,NA,NA,0,0,0,0,6,H,HD,"PUNT,1,03:49,25","FG,2,00:00,74",11,49,18:49,PUNT,1,03:49,HD25,FG,2,00:00,BD26,NA
2021_07_BD_HD,BD,HD,Barcelona Dragons,Hamburg Sea Devils,7/31/2021,Hamburg,Stadion Hoheluft,18:00,21:00,Y,03:00,0,18 deg.C,NA,Rainy,T. Denker,M. Kattilus,M. Berger,D. Jurzyk,M. Hoffmann,E. Christensen,H. Horak,H. Horak,HD,3,7,BD26,"H,3,7,V26","6,12,49","PASS:10,I,89,*",J. Clark pass incomplete to L. Rehder.,"H,4,7,V26",pass,NA,NA,NA,0,0,0,0,6,H,HD,"PUNT,1,03:49,25","FG,2,00:00,74",11,49,18:49,PUNT,1,03:49,HD25,FG,2,00:00,BD26,NA
2021_07_BD_HD,BD,HD,Barcelona Dragons,Hamburg Sea Devils,7/31/2021,Hamburg,Stadion Hoheluft,18:00,21:00,Y,03:00,0,18 deg.C,NA,Rainy,T. Denker,M. Kattilus,M. Berger,D. Jurzyk,M. Hoffmann,E. Christensen,H. Horak,H. Horak,HD,4,7,BD26,"H,4,7,V26","6,13,50","FGA:4,43,G T:00:00","P. Andersen field goal attempt from 43 GOOD, clock 00:00.","H,1,0,H35",field_goal,00:00,NA,NA,1,0,3,0,6,H,HD,"PUNT,1,03:49,25","FG,2,00:00,74",11,49,18:49,PUNT,1,03:49,HD25,FG,2,00:00,BD26,NA
2021_07_BD_HD,BD,HD,Barcelona Dragons,Hamburg Sea Devils,7/31/2021,Hamburg,Stadion Hoheluft,18:00,21:00,Y,03:00,0,18 deg.C,NA,Rainy,T. Denker,M. Kattilus,M. Berger,D. Jurzyk,M. Hoffmann,E. Christensen,H. Horak,H. Horak,HD,1,0,HD35,"H,1,0,H35","6,14,51","KO:4,V03 RET:5,V30 OB:","P. Andersen kickoff 62 yards to the BD3, J. Constant return 27 yards to the BD30, out-of-bounds.","V,1,10,V30",kick_off,NA,NA,NA,0,0,3,1,6,H,HD,"PUNT,1,03:49,25","FG,2,00:00,74",11,49,18:49,PUNT,1,03:49,HD25,FG,2,00:00,BD26,NA
2021_07_BD_HD,BD,HD,Barcelona Dragons,Hamburg Sea Devils,7/31/2021,Hamburg,Stadion Hoheluft,18:00,21:00,Y,03:00,0,18 deg.C,NA,Rainy,T. Denker,M. Kattilus,M. Berger,D. Jurzyk,M. Hoffmann,E. Christensen,H. Horak,H. Horak,BD,1,10,BD30,"V,1,10,V30","7,1,52","PASS:1,C,3,V31 TACK:57",Z. Edwards pass complete to A. Jimenez for 1 yard to the BD31 (D. Laporte).,"V,2,9,V31",pass,NA,NA,NA,0,0,3,0,7,V,BD,"KO,2,00:00,30","PUNT,2,00:00,25",3,-5,0:00,KO,2,00:00,BD30,PUNT,2,00:00,BD25,NA
2021_07_BD_HD,BD,HD,Barcelona Dragons,Hamburg Sea Devils,7/31/2021,Hamburg,Stadion Hoheluft,18:00,21:00,Y,03:00,0,18 deg.C,NA,Rainy,T. Denker,M. Kattilus,M. Berger,D. Jurzyk,M. Hoffmann,E. Christensen,H. Horak,H. Horak,BD,2,9,BD31,"V,2,9,V31","7,2,53","PASS:1,I,21,*",Z. Edwards pass incomplete to A. Monton.,"V,3,9,V31",pass,NA,NA,NA,0,0,3,0,7,V,BD,"KO,2,00:00,30","PUNT,2,00:00,25",3,-5,0:00,KO,2,00:00,BD30,PUNT,2,00:00,BD25,NA
2021_07_BD_HD,BD,HD,Barcelona Dragons,Hamburg Sea Devils,7/31/2021,Hamburg,Stadion Hoheluft,18:00,21:00,Y,03:00,0,18 deg.C,NA,Rainy,T. Denker,M. Kattilus,M. Berger,D. Jurzyk,M. Hoffmann,E. Christensen,H. Horak,H. Horak,BD,3,9,BD31,"V,3,9,V31","7,3,54",TOUT:H T:00:00,"Timeout Hamburg Sea Devils, clock 00:00.","V,3,9,V31",NA,00:00,NA,NA,0,0,3,0,7,V,BD,"KO,2,00:00,30","PUNT,2,00:00,25",3,-5,0:00,KO,2,00:00,BD30,PUNT,2,00:00,BD25,NA
2021_07_BD_HD,BD,HD,Barcelona Dragons,Hamburg Sea Devils,7/31/2021,Hamburg,Stadion Hoheluft,18:00,21:00,Y,03:00,0,18 deg.C,NA,Rainy,T. Denker,M. Kattilus,M. Berger,D. Jurzyk,M. Hoffmann,E. Christensen,H. Horak,H. Horak,BD,3,9,BD31,"V,3,9,V31","7,4,55","PASS:1,S,TM,V25 SACK:58,56",Z. Edwards sacked for loss of 6 yards to the BD25 (J. Bombek;N. Giovanni).,"V,4,15,V25",pass,NA,NA,NA,0,0,3,0,7,V,BD,"KO,2,00:00,30","PUNT,2,00:00,25",3,-5,0:00,KO,2,00:00,BD30,PUNT,2,00:00,BD25,NA
2021_07_BD_HD,BD,HD,Barcelona Dragons,Hamburg Sea Devils,7/31/2021,Hamburg,Stadion Hoheluft,18:00,21:00,Y,03:00,0,18 deg.C,NA,Rainy,T. Denker,M. Kattilus,M. Berger,D. Jurzyk,M. Hoffmann,E. Christensen,H. Horak,H. Horak,BD,4,15,BD25,"V,4,15,V25","7,5,56","PUNT:18,H19 OB:","C. Manser punt 56 yards to the HD19, out-of-bounds.","H,1,10,H19",punt,NA,NA,NA,0,0,3,1,7,V,BD,"KO,2,00:00,30","PUNT,2,00:00,25",3,-5,0:00,KO,2,00:00,BD30,PUNT,2,00:00,BD25,NA
2021_07_BD_HD,BD,HD,Barcelona Dragons,Hamburg Sea Devils,7/31/2021,Hamburg,Stadion Hoheluft,18:00,21:00,Y,03:00,0,18 deg.C,NA,Rainy,T. Denker,M. Kattilus,M. Berger,D. Jurzyk,M. Hoffmann,E. Christensen,H. Horak,H. Horak,HD,1,10,HD19,"H,1,10,H19","8,1,57","RUSH:10,H26, TACK:33,7",J. Clark rush for 7 yards to the HD26 (T. Debiez;M. Tavarres).,"H,2,3,H26",rush,NA,NA,NA,0,0,3,0,8,H,HD,"PUNT,2,00:00,19","PUNT,2,00:00,25",3,6,0:00,PUNT,2,00:00,HD19,PUNT,2,00:00,HD25,NA
2021_07_BD_HD,BD,HD,Barcelona Dragons,Hamburg Sea Devils,7/31/2021,Hamburg,Stadion Hoheluft,18:00,21:00,Y,03:00,0,18 deg.C,NA,Rainy,T. Denker,M. Kattilus,M. Berger,D. Jurzyk,M. Hoffmann,E. Christensen,H. Horak,H. Horak,HD,2,3,HD26,"H,2,3,H26","8,2,58","RUSH:34,H28, TACK:10,73",J. Ampaw rush for 2 yards to the HD28 (C. Brugnani;S. Bowen).,"H,3,1,H28",rush,NA,NA,NA,0,0,3,0,8,H,HD,"PUNT,2,00:00,19","PUNT,2,00:00,25",3,6,0:00,PUNT,2,00:00,HD19,PUNT,2,00:00,HD25,NA
2021_07_BD_HD,BD,HD,Barcelona Dragons,Hamburg Sea Devils,7/31/2021,Hamburg,Stadion Hoheluft,18:00,21:00,Y,03:00,0,18 deg.C,NA,Rainy,T. Denker,M. Kattilus,M. Berger,D. Jurzyk,M. Hoffmann,E. Christensen,H. Horak,H. Horak,HD,3,1,HD28,"H,3,1,H28","8,3,59","RUSH:34,H25, TACK:7,45",J. Ampaw rush for loss of 3 yards to the HD25 (M. Tavarres;A. Gonzalez).,"H,4,4,H25",rush,NA,NA,NA,0,0,3,0,8,H,HD,"PUNT,2,00:00,19","PUNT,2,00:00,25",3,6,0:00,PUNT,2,00:00,HD19,PUNT,2,00:00,HD25,NA
2021_07_BD_HD,BD,HD,Barcelona Dragons,Hamburg Sea Devils,7/31/2021,Hamburg,Stadion Hoheluft,18:00,21:00,Y,03:00,0,18 deg.C,NA,Rainy,T. Denker,M. Kattilus,M. Berger,D. Jurzyk,M. Hoffmann,E. Christensen,H. Horak,H. Horak,HD,4,4,HD25,"H,4,4,H25","8,4,60","PUNT:4,V35 RET:5,H20 TACK:4 PEN:H,TR,A,25,H10,N D:1,10 SPOT:V,H10,Y","P. Andersen punt 40 yards to the BD35, J. Constant return 45 yards to the HD20 (P. Andersen), PENALTY HD tripping (M. Franklin) 10 yards to the HD10, 1st and 10, BD ball on HD10.","V,1,0,H10",punt,NA,NA,NA,0,0,3,0,8,H,HD,"PUNT,2,00:00,19","PUNT,2,00:00,25",3,6,0:00,PUNT,2,00:00,HD19,PUNT,2,00:00,HD25,NA
2021_07_BD_HD,BD,HD,Barcelona Dragons,Hamburg Sea Devils,7/31/2021,Hamburg,Stadion Hoheluft,18:00,21:00,Y,03:00,0,18 deg.C,NA,Rainy,T. Denker,M. Kattilus,M. Berger,D. Jurzyk,M. Hoffmann,E. Christensen,H. Horak,H. Horak,BD,1,0,HD10,"V,1,0,H10","9,1,61","PASS:1,I,5,*",Z. Edwards pass incomplete to J. Constant.,"V,2,0,H10",pass,NA,NA,NA,0,0,3,0,9,V,BD,"PUNT,2,00:00,90","FG,2,00:00,90",4,0,0:00,PUNT,2,00:00,HD10,FG,2,00:00,HD10,1
2021_07_BD_HD,BD,HD,Barcelona Dragons,Hamburg Sea Devils,7/31/2021,Hamburg,Stadion Hoheluft,18:00,21:00,Y,03:00,0,18 deg.C,NA,Rainy,T. Denker,M. Kattilus,M. Berger,D. Jurzyk,M. Hoffmann,E. Christensen,H. Horak,H. Horak,BD,2,0,HD10,"V,2,0,H10","9,2,62","PASS:1,I,25,*",Z. Edwards pass incomplete to N. Lester.,"V,3,0,H10",pass,NA,NA,NA,0,0,3,0,9,V,BD,"PUNT,2,00:00,90","FG,2,00:00,90",4,0,0:00,PUNT,2,00:00,HD10,FG,2,00:00,HD10,1
2021_07_BD_HD,BD,HD,Barcelona Dragons,Hamburg Sea Devils,7/31/2021,Hamburg,Stadion Hoheluft,18:00,21:00,Y,03:00,0,18 deg.C,NA,Rainy,T. Denker,M. Kattilus,M. Berger,D. Jurzyk,M. Hoffmann,E. Christensen,H. Horak,H. Horak,BD,3,0,HD10,"V,3,0,H10","9,3,63",TOUT:V T:00:00,"Timeout Barcelona Dragons, clock 00:00.","V,3,0,H10",NA,00:00,NA,NA,0,0,3,0,9,V,BD,"PUNT,2,00:00,90","FG,2,00:00,90",4,0,0:00,PUNT,2,00:00,HD10,FG,2,00:00,HD10,1
2021_07_BD_HD,BD,HD,Barcelona Dragons,Hamburg Sea Devils,7/31/2021,Hamburg,Stadion Hoheluft,18:00,21:00,Y,03:00,0,18 deg.C,NA,Rainy,T. Denker,M. Kattilus,M. Berger,D. Jurzyk,M. Hoffmann,E. Christensen,H. Horak,H. Horak,BD,3,0,HD10,"V,3,0,H10","9,4,64","PASS:1,I,15,*",Z. Edwards pass incomplete to M. Flores.,"V,4,0,H10",pass,NA,NA,NA,0,0,3,0,9,V,BD,"PUNT,2,00:00,90","FG,2,00:00,90",4,0,0:00,PUNT,2,00:00,HD10,FG,2,00:00,HD10,1
2021_07_BD_HD,BD,HD,Barcelona Dragons,Hamburg Sea Devils,7/31/2021,Hamburg,Stadion Hoheluft,18:00,21:00,Y,03:00,0,18 deg.C,NA,Rainy,T. Denker,M. Kattilus,M. Berger,D. Jurzyk,M. Hoffmann,E. Christensen,H. Horak,H. Horak,BD,4,0,HD10,"V,4,0,H10","9,5,65","FGA:8,27,G T:00:00","G. Tavecchio field goal attempt from 27 GOOD, clock 00:00.","V,1,0,V35",field_goal,00:00,NA,NA,1,3,3,0,9,V,BD,"PUNT,2,00:00,90","FG,2,00:00,90",4,0,0:00,PUNT,2,00:00,HD10,FG,2,00:00,HD10,1
2021_07_BD_HD,BD,HD,Barcelona Dragons,Hamburg Sea Devils,7/31/2021,Hamburg,Stadion Hoheluft,18:00,21:00,Y,03:00,0,18 deg.C,NA,Rainy,T. Denker,M. Kattilus,M. Berger,D. Jurzyk,M. Hoffmann,E. Christensen,H. Horak,H. Horak,BD,1,0,BD35,"V,1,0,V35","9,6,66","KO:8,H00 RET:23,H37 OB:","G. Tavecchio kickoff 65 yards to the HD0, J. Rogers return 37 yards to the HD37, out-of-bounds.","H,1,10,H37",kick_off,NA,NA,NA,0,3,3,1,9,V,BD,"PUNT,2,00:00,90","FG,2,00:00,90",4,0,0:00,PUNT,2,00:00,HD10,FG,2,00:00,HD10,1
2021_07_BD_HD,BD,HD,Barcelona Dragons,Hamburg Sea Devils,7/31/2021,Hamburg,Stadion Hoheluft,18:00,21:00,Y,03:00,0,18 deg.C,NA,Rainy,T. Denker,M. Kattilus,M. Berger,D. Jurzyk,M. Hoffmann,E. Christensen,H. Horak,H. Horak,HD,1,10,HD37,"H,1,10,H37","10,1,67","RUSH:34,V49, TACK:22","J. Ampaw rush for 14 yards to the BD49, 1ST DOWN HD (L. Frecha).","H,1,10,V49",rush,NA,rush,NA,0,3,3,0,10,H,HD,"KO,2,00:00,37","INT,2,00:00,86",9,49,0:00,KO,2,00:00,HD37,INT,2,00:00,BD14,1
2021_07_BD_HD,BD,HD,Barcelona Dragons,Hamburg Sea Devils,7/31/2021,Hamburg,Stadion Hoheluft,18:00,21:00,Y,03:00,0,18 deg.C,NA,Rainy,T. Denker,M. Kattilus,M. Berger,D. Jurzyk,M. Hoffmann,E. Christensen,H. Horak,H. Horak,HD,1,10,BD49,"H,1,10,V49","10,2,68","PASS:10,C,44,V49 TACK:22",J. Clark pass complete to J. Kruse for no gain to the BD49 (L. Frecha).,"H,2,10,V49",pass,NA,NA,NA,0,3,3,0,10,H,HD,"KO,2,00:00,37","INT,2,00:00,86",9,49,0:00,KO,2,00:00,HD37,INT,2,00:00,BD14,1
2021_07_BD_HD,BD,HD,Barcelona Dragons,Hamburg Sea Devils,7/31/2021,Hamburg,Stadion Hoheluft,18:00,21:00,Y,03:00,0,18 deg.C,NA,Rainy,T. Denker,M. Kattilus,M. Berger,D. Jurzyk,M. Hoffmann,E. Christensen,H. Horak,H. Horak,HD,2,10,BD49,"H,2,10,V49","10,3,69","RUSH:34,V44, TACK:10",J. Ampaw rush for 5 yards to the BD44 (C. Brugnani).,"H,3,5,V44",rush,NA,NA,NA,0,3,3,0,10,H,HD,"KO,2,00:00,37","INT,2,00:00,86",9,49,0:00,KO,2,00:00,HD37,INT,2,00:00,BD14,1
2021_07_BD_HD,BD,HD,Barcelona Dragons,Hamburg Sea Devils,7/31/2021,Hamburg,Stadion Hoheluft,18:00,21:00,Y,03:00,0,18 deg.C,NA,Rainy,T. Denker,M. Kattilus,M. Berger,D. Jurzyk,M. Hoffmann,E. Christensen,H. Horak,H. Horak,HD,3,5,BD44,"H,3,5,V44","10,4,70","PASS:10,C,89,V36 TACK:7","J. Clark pass complete to L. Rehder for 8 yards to the BD36, 1ST DOWN HD (M. Tavarres).","H,1,10,V36",pass,NA,pass,NA,0,3,3,0,10,H,HD,"KO,2,00:00,37","INT,2,00:00,86",9,49,0:00,KO,2,00:00,HD37,INT,2,00:00,BD14,1
2021_07_BD_HD,BD,HD,Barcelona Dragons,Hamburg Sea Devils,7/31/2021,Hamburg,Stadion Hoheluft,18:00,21:00,Y,03:00,0,18 deg.C,NA,Rainy,T. Denker,M. Kattilus,M. Berger,D. Jurzyk,M. Hoffmann,E. Christensen,H. Horak,H. Horak,HD,1,10,BD36,"H,1,10,V36","10,5,71","PASS:10,I,12,*",J. Clark pass incomplete to J. Madin Cerezo.,"H,2,10,V36",pass,NA,NA,NA,0,3,3,0,10,H,HD,"KO,2,00:00,37","INT,2,00:00,86",9,49,0:00,KO,2,00:00,HD37,INT,2,00:00,BD14,1
2021_07_BD_HD,BD,HD,Barcelona Dragons,Hamburg Sea Devils,7/31/2021,Hamburg,Stadion Hoheluft,18:00,21:00,Y,03:00,0,18 deg.C,NA,Rainy,T. Denker,M. Kattilus,M. Berger,D. Jurzyk,M. Hoffmann,E. Christensen,H. Horak,H. Horak,HD,2,10,BD36,"H,2,10,V36","10,6,72","RUSH:34,V33, TACK:7,25",J. Ampaw rush for 3 yards to the BD33 (M. Tavarres;N. Lester).,"H,3,7,V33",rush,NA,NA,NA,0,3,3,0,10,H,HD,"KO,2,00:00,37","INT,2,00:00,86",9,49,0:00,KO,2,00:00,HD37,INT,2,00:00,BD14,1
2021_07_BD_HD,BD,HD,Barcelona Dragons,Hamburg Sea Devils,7/31/2021,Hamburg,Stadion Hoheluft,18:00,21:00,Y,03:00,0,18 deg.C,NA,Rainy,T. Denker,M. Kattilus,M. Berger,D. Jurzyk,M. Hoffmann,E. Christensen,H. Horak,H. Horak,HD,3,7,BD33,"H,3,7,V33","10,7,73","PASS:10,S,TM,V40 SACK:7,90 PEN:V,OD,A,TM,V28,N NOPLAY:","J. Clark sacked for loss of 7 yards to the BD40 (M. Tavarres;A. Fernandez), PENALTY BD offside defense 5 yards to the BD28, NO PLAY.","H,3,2,V28",penalty,NA,NA,NA,0,3,3,0,10,H,HD,"KO,2,00:00,37","INT,2,00:00,86",9,49,0:00,KO,2,00:00,HD37,INT,2,00:00,BD14,1
2021_07_BD_HD,BD,HD,Barcelona Dragons,Hamburg Sea Devils,7/31/2021,Hamburg,Stadion Hoheluft,18:00,21:00,Y,03:00,0,18 deg.C,NA,Rainy,T. Denker,M. Kattilus,M. Berger,D. Jurzyk,M. Hoffmann,E. Christensen,H. Horak,H. Horak,HD,3,2,BD28,"H,3,2,V28","10,8,74",TOUT:H T:00:00,"Timeout Hamburg Sea Devils, clock 00:00.","H,3,2,V28",NA,00:00,NA,NA,0,3,3,0,10,H,HD,"KO,2,00:00,37","INT,2,00:00,86",9,49,0:00,KO,2,00:00,HD37,INT,2,00:00,BD14,1
2021_07_BD_HD,BD,HD,Barcelona Dragons,Hamburg Sea Devils,7/31/2021,Hamburg,Stadion Hoheluft,18:00,21:00,Y,03:00,0,18 deg.C,NA,Rainy,T. Denker,M. Kattilus,M. Berger,D. Jurzyk,M. Hoffmann,E. Christensen,H. Horak,H. Horak,HD,3,2,BD28,"H,3,2,V28","10,9,75","PASS:10,C,88,V19 TACK:22,27","J. Clark pass complete to A. Botella M. for 9 yards to the BD19, 1ST DOWN HD (L. Frecha;A. Vera).","H,1,10,V19",pass,NA,pass,NA,0,3,3,0,10,H,HD,"KO,2,00:00,37","INT,2,00:00,86",9,49,0:00,KO,2,00:00,HD37,INT,2,00:00,BD14,1
2021_07_BD_HD,BD,HD,Barcelona Dragons,Hamburg Sea Devils,7/31/2021,Hamburg,Stadion Hoheluft,18:00,21:00,Y,03:00,0,18 deg.C,NA,Rainy,T. Denker,M. Kattilus,M. Berger,D. Jurzyk,M. Hoffmann,E. Christensen,H. Horak,H. Horak,HD,1,10,BD19,"H,1,10,V19","10,10,76","PASS:10,C,12,V14 TACK:7,22",J. Clark pass complete to J. Madin Cerezo for 5 yards to the BD14 (M. Tavarres;L. Frecha).,"H,2,5,V14",pass,NA,NA,NA,0,3,3,0,10,H,HD,"KO,2,00:00,37","INT,2,00:00,86",9,49,0:00,KO,2,00:00,HD37,INT,2,00:00,BD14,1
2021_07_BD_HD,BD,HD,Barcelona Dragons,Hamburg Sea Devils,7/31/2021,Hamburg,Stadion Hoheluft,18:00,21:00,Y,03:00,0,18 deg.C,NA,Rainy,T. Denker,M. Kattilus,M. Berger,D. Jurzyk,M. Hoffmann,E. Christensen,H. Horak,H. Horak,HD,2,5,BD14,"H,2,5,V14","10,11,77","PASS:10,X,25,V03 RET:25,H00 T:00:00","J. Clark pass intercepted by N. Lester at the BD3, N. Lester return 97 yards to the HD0, TOUCHDOWN, clock 00:00.","V,1,10,H15",pass,00:00,NA,I,1,9,3,0,10,H,HD,"KO,2,00:00,37","INT,2,00:00,86",9,49,0:00,KO,2,00:00,HD37,INT,2,00:00,BD14,1
2021_07_BD_HD,BD,HD,Barcelona Dragons,Hamburg Sea Devils,7/31/2021,Hamburg,Stadion Hoheluft,18:00,21:00,Y,03:00,0,18 deg.C,NA,Rainy,T. Denker,M. Kattilus,M. Berger,D. Jurzyk,M. Hoffmann,E. Christensen,H. Horak,H. Horak,BD,1,10,HD15,"V,1,10,H15","11,1,78","PAT:K,8,G",G. Tavecchio kick attempt good.,"V,1,0,V35",pat,NA,NA,NA,1,10,3,0,11,V,BD,"INT,2,00:00,100","TD,2,00:00,100",0,0,0:00,INT,2,00:00,HD00,TD,2,00:00,HD00,NA
2021_07_BD_HD,BD,HD,Barcelona Dragons,Hamburg Sea Devils,7/31/2021,Hamburg,Stadion Hoheluft,18:00,21:00,Y,03:00,0,18 deg.C,NA,Rainy,T. Denker,M. Kattilus,M. Berger,D. Jurzyk,M. Hoffmann,E. Christensen,H. Horak,H. Horak,BD,1,0,BD35,"V,1,0,V35","11,2,79","SPOT:V,V50,N",BD ball on 50 yardline.,"V,1,0,V50",NA,NA,NA,NA,0,10,3,0,11,V,BD,"INT,2,00:00,100","TD,2,00:00,100",0,0,0:00,INT,2,00:00,HD00,TD,2,00:00,HD00,NA
2021_07_BD_HD,BD,HD,Barcelona Dragons,Hamburg Sea Devils,7/31/2021,Hamburg,Stadion Hoheluft,18:00,21:00,Y,03:00,0,18 deg.C,NA,Rainy,T. Denker,M. Kattilus,M. Berger,D. Jurzyk,M. Hoffmann,E. Christensen,H. Horak,H. Horak,BD,1,0,BD50,"V,1,0,V50","11,3,80","KO:8,H00 TB:","G. Tavecchio kickoff 50 yards to the HD0, touchback.","H,1,10,H25",kick_off,NA,NA,NA,0,10,3,0,11,V,BD,"INT,2,00:00,100","TD,2,00:00,100",0,0,0:00,INT,2,00:00,HD00,TD,2,00:00,HD00,NA
2021_07_BD_HD,BD,HD,Barcelona Dragons,Hamburg Sea Devils,7/31/2021,Hamburg,Stadion Hoheluft,18:00,21:00,Y,03:00,0,18 deg.C,NA,Rainy,T. Denker,M. Kattilus,M. Berger,D. Jurzyk,M. Hoffmann,E. Christensen,H. Horak,H. Horak,HD,1,10,HD25,"H,1,10,H25","12,1,81","RUSH:34,H25, TACK:10,7",J. Ampaw rush for no gain to the HD25 (C. Brugnani;M. Tavarres).,"H,2,10,H25",rush,NA,NA,NA,0,10,3,0,12,H,HD,"KO,2,00:00,25","TD,2,00:00,100",5,75,0:00,KO,2,00:00,HD25,TD,2,00:00,BD00,NA
2021_07_BD_HD,BD,HD,Barcelona Dragons,Hamburg Sea Devils,7/31/2021,Hamburg,Stadion Hoheluft,18:00,21:00,Y,03:00,0,18 deg.C,NA,Rainy,T. Denker,M. Kattilus,M. Berger,D. Jurzyk,M. Hoffmann,E. Christensen,H. Horak,H. Horak,HD,2,10,HD25,"H,2,10,H25","12,2,82","PASS:10,C,89,H40 TACK:33,45","J. Clark pass complete to L. Rehder for 15 yards to the HD40, 1ST DOWN HD (T. Debiez;A. Gonzalez).","H,1,10,H40",pass,NA,pass,NA,0,10,3,0,12,H,HD,"KO,2,00:00,25","TD,2,00:00,100",5,75,0:00,KO,2,00:00,HD25,TD,2,00:00,BD00,NA
2021_07_BD_HD,BD,HD,Barcelona Dragons,Hamburg Sea Devils,7/31/2021,Hamburg,Stadion Hoheluft,18:00,21:00,Y,03:00,0,18 deg.C,NA,Rainy,T. Denker,M. Kattilus,M. Berger,D. Jurzyk,M. Hoffmann,E. Christensen,H. Horak,H. Horak,HD,1,10,HD40,"H,1,10,H40","12,3,83","RUSH:34,V46, TACK:11","J. Ampaw rush for 14 yards to the BD46, 1ST DOWN HD (B. Brooks).","H,1,10,V46",rush,NA,rush,NA,0,10,3,0,12,H,HD,"KO,2,00:00,25","TD,2,00:00,100",5,75,0:00,KO,2,00:00,HD25,TD,2,00:00,BD00,NA
2021_07_BD_HD,BD,HD,Barcelona Dragons,Hamburg Sea Devils,7/31/2021,Hamburg,Stadion Hoheluft,18:00,21:00,Y,03:00,0,18 deg.C,NA,Rainy,T. Denker,M. Kattilus,M. Berger,D. Jurzyk,M. Hoffmann,E. Christensen,H. Horak,H. Horak,HD,1,10,BD46,"H,1,10,V46","12,4,84","RUSH:34,V44, TACK:10,7",J. Ampaw rush for 2 yards to the BD44 (C. Brugnani;M. Tavarres).,"H,2,8,V44",rush,NA,NA,NA,0,10,3,0,12,H,HD,"KO,2,00:00,25","TD,2,00:00,100",5,75,0:00,KO,2,00:00,HD25,TD,2,00:00,BD00,NA
2021_07_BD_HD,BD,HD,Barcelona Dragons,Hamburg Sea Devils,7/31/2021,Hamburg,Stadion Hoheluft,18:00,21:00,Y,03:00,0,18 deg.C,NA,Rainy,T. Denker,M. Kattilus,M. Berger,D. Jurzyk,M. Hoffmann,E. Christensen,H. Horak,H. Horak,HD,2,8,BD44,"H,2,8,V44","12,5,85","PASS:10,C,12,V00 T:00:00 PAT:K,4,G","J. Clark pass complete to J. Madin Cerezo for 44 yards to the BD0, 1ST DOWN HD, TOUCHDOWN, clock 00:00, P. Andersen kick attempt good.","H,1,0,H35",pat,00:00,pass,NA,1,10,10,0,12,H,HD,"KO,2,00:00,25","TD,2,00:00,100",5,75,0:00,KO,2,00:00,HD25,TD,2,00:00,BD00,NA
2021_07_BD_HD,BD,HD,Barcelona Dragons,Hamburg Sea Devils,7/31/2021,Hamburg,Stadion Hoheluft,18:00,21:00,Y,03:00,0,18 deg.C,NA,Rainy,T. Denker,M. Kattilus,M. Berger,D. Jurzyk,M. Hoffmann,E. Christensen,H. Horak,H. Horak,HD,1,0,HD35,"H,1,0,H35","12,6,86","KO:4,V11 RET:5,V29 TACK:29","P. Andersen kickoff 54 yards to the BD11, J. Constant return 18 yards to the BD29 (D. Aboagye-Duah).","V,1,10,V29",kick_off,NA,NA,NA,0,10,10,0,12,H,HD,"KO,2,00:00,25","TD,2,00:00,100",5,75,0:00,KO,2,00:00,HD25,TD,2,00:00,BD00,NA
2021_07_BD_HD,BD,HD,Barcelona Dragons,Hamburg Sea Devils,7/31/2021,Hamburg,Stadion Hoheluft,18:00,21:00,Y,03:00,0,18 deg.C,NA,Rainy,T. Denker,M. Kattilus,M. Berger,D. Jurzyk,M. Hoffmann,E. Christensen,H. Horak,H. Horak,BD,1,10,BD29,"V,1,10,V29","13,1,87","PASS:1,S,TM,V24 SACK:58",Z. Edwards sacked for loss of 5 yards to the BD24 (J. Bombek).,"V,2,15,V24",pass,NA,NA,NA,0,10,10,0,13,V,BD,"KO,2,00:00,29","TD,3,15:00,100",9,71,0:00,KO,2,00:00,BD29,TD,3,15:00,HD00,1
2021_07_BD_HD,BD,HD,Barcelona Dragons,Hamburg Sea Devils,7/31/2021,Hamburg,Stadion Hoheluft,18:00,21:00,Y,03:00,0,18 deg.C,NA,Rainy,T. Denker,M. Kattilus,M. Berger,D. Jurzyk,M. Hoffmann,E. Christensen,H. Horak,H. Horak,BD,2,15,BD24,"V,2,15,V24","13,2,88","PASS:1,C,15,V43 OB: TACK:25","Z. Edwards pass complete to M. Flores for 19 yards to the BD43, 1ST DOWN BD, out-of-bounds (M. Franklin).","V,1,10,V43",pass,NA,pass,NA,0,10,10,1,13,V,BD,"KO,2,00:00,29","TD,3,15:00,100",9,71,0:00,KO,2,00:00,BD29,TD,3,15:00,HD00,1
2021_07_BD_HD,BD,HD,Barcelona Dragons,Hamburg Sea Devils,7/31/2021,Hamburg,Stadion Hoheluft,18:00,21:00,Y,03:00,0,18 deg.C,NA,Rainy,T. Denker,M. Kattilus,M. Berger,D. Jurzyk,M. Hoffmann,E. Christensen,H. Horak,H. Horak,BD,1,10,BD43,"V,1,10,V43","13,3,89",TOUT:V T:00:00,"Timeout Barcelona Dragons, clock 00:00.","V,1,10,V43",NA,00:00,NA,NA,0,10,10,0,13,V,BD,"KO,2,00:00,29","TD,3,15:00,100",9,71,0:00,KO,2,00:00,BD29,TD,3,15:00,HD00,1
2021_07_BD_HD,BD,HD,Barcelona Dragons,Hamburg Sea Devils,7/31/2021,Hamburg,Stadion Hoheluft,18:00,21:00,Y,03:00,0,18 deg.C,NA,Rainy,T. Denker,M. Kattilus,M. Berger,D. Jurzyk,M. Hoffmann,E. Christensen,H. Horak,H. Horak,BD,1,10,BD43,"V,1,10,V43","13,4,90","PASS:1,C,88,H35 TACK:21","Z. Edwards pass complete to R. Alarcon for 22 yards to the HD35, 1ST DOWN BD (V. Wilson-Oberk).","V,1,10,H35",pass,NA,pass,NA,0,10,10,0,13,V,BD,"KO,2,00:00,29","TD,3,15:00,100",9,71,0:00,KO,2,00:00,BD29,TD,3,15:00,HD00,1
2021_07_BD_HD,BD,HD,Barcelona Dragons,Hamburg Sea Devils,7/31/2021,Hamburg,Stadion Hoheluft,18:00,21:00,Y,03:00,0,18 deg.C,NA,Rainy,T. Denker,M. Kattilus,M. Berger,D. Jurzyk,M. Hoffmann,E. Christensen,H. Horak,H. Horak,BD,1,10,HD35,"V,1,10,H35","13,5,91",TOUT:H T:00:00,"Timeout Hamburg Sea Devils, clock 00:00.","V,1,10,H35",NA,00:00,NA,NA,0,10,10,0,13,V,BD,"KO,2,00:00,29","TD,3,15:00,100",9,71,0:00,KO,2,00:00,BD29,TD,3,15:00,HD00,1
2021_07_BD_HD,BD,HD,Barcelona Dragons,Hamburg Sea Devils,7/31/2021,Hamburg,Stadion Hoheluft,18:00,21:00,Y,03:00,0,18 deg.C,NA,Rainy,T. Denker,M. Kattilus,M. Berger,D. Jurzyk,M. Hoffmann,E. Christensen,H. Horak,H. Horak,BD,1,10,HD35,"V,1,10,H35","13,6,92","PASS:1,I,22,* PEN:H,SU,A,44,H30,N NOPLAY:","Z. Edwards pass incomplete to L. Frecha, PENALTY HD substitution infraction (J. Kruse) 5 yards to the HD30, NO PLAY.","V,1,5,H30",penalty,NA,NA,NA,0,10,10,0,13,V,BD,"KO,2,00:00,29","TD,3,15:00,100",9,71,0:00,KO,2,00:00,BD29,TD,3,15:00,HD00,1
2021_07_BD_HD,BD,HD,Barcelona Dragons,Hamburg Sea Devils,7/31/2021,Hamburg,Stadion Hoheluft,18:00,21:00,Y,03:00,0,18 deg.C,NA,Rainy,T. Denker,M. Kattilus,M. Berger,D. Jurzyk,M. Hoffmann,E. Christensen,H. Horak,H. Horak,BD,1,5,HD30,"V,1,5,H30","13,7,93","RUSH:1,H25, OB:","Z. Edwards rush for 5 yards to the HD25, 1ST DOWN BD, out-of-bounds.","V,1,10,H25",rush,NA,rush,NA,0,10,10,1,13,V,BD,"KO,2,00:00,29","TD,3,15:00,100",9,71,0:00,KO,2,00:00,BD29,TD,3,15:00,HD00,1
2021_07_BD_HD,BD,HD,Barcelona Dragons,Hamburg Sea Devils,7/31/2021,Hamburg,Stadion Hoheluft,18:00,21:00,Y,03:00,0,18 deg.C,NA,Rainy,T. Denker,M. Kattilus,M. Berger,D. Jurzyk,M. Hoffmann,E. Christensen,H. Horak,H. Horak,BD,1,10,HD25,"V,1,10,H25","13,8,94","PASS:1,I,5,*",Z. Edwards pass incomplete to J. Constant.,"V,2,10,H25",pass,NA,NA,NA,0,10,10,0,13,V,BD,"KO,2,00:00,29","TD,3,15:00,100",9,71,0:00,KO,2,00:00,BD29,TD,3,15:00,HD00,1
2021_07_BD_HD,BD,HD,Barcelona Dragons,Hamburg Sea Devils,7/31/2021,Hamburg,Stadion Hoheluft,18:00,21:00,Y,03:00,0,18 deg.C,NA,Rainy,T. Denker,M. Kattilus,M. Berger,D. Jurzyk,M. Hoffmann,E. Christensen,H. Horak,H. Horak,BD,2,10,HD25,"V,2,10,H25","13,9,95","PASS:1,I,5,*",Z. Edwards pass incomplete to J. Constant.,"V,3,10,H25",pass,NA,NA,NA,0,10,10,0,13,V,BD,"KO,2,00:00,29","TD,3,15:00,100",9,71,0:00,KO,2,00:00,BD29,TD,3,15:00,HD00,1
2021_07_BD_HD,BD,HD,Barcelona Dragons,Hamburg Sea Devils,7/31/2021,Hamburg,Stadion Hoheluft,18:00,21:00,Y,03:00,0,18 deg.C,NA,Rainy,T. Denker,M. Kattilus,M. Berger,D. Jurzyk,M. Hoffmann,E. Christensen,H. Horak,H. Horak,BD,3,10,HD25,"V,3,10,H25","13,10,96","PASS:1,I,88,* BRUP:40",Z. Edwards pass incomplete to R. Alarcon (M. Spiegel).,"V,4,10,H25",pass,NA,NA,NA,0,10,10,0,13,V,BD,"KO,2,00:00,29","TD,3,15:00,100",9,71,0:00,KO,2,00:00,BD29,TD,3,15:00,HD00,1
2021_07_BD_HD,BD,HD,Barcelona Dragons,Hamburg Sea Devils,7/31/2021,Hamburg,Stadion Hoheluft,18:00,21:00,Y,03:00,0,18 deg.C,NA,Rainy,T. Denker,M. Kattilus,M. Berger,D. Jurzyk,M. Hoffmann,E. Christensen,H. Horak,H. Horak,BD,4,10,HD25,"V,4,10,H25","13,11,97","FGA:8,42,M,H47,R T:00:00 PEN:H,PF,A,TM,H12,1 NOPLAY:","G. Tavecchio field goal attempt from 42 MISSED - wide right,, clock 00:00, PENALTY HD personal foul 13 yards to the HD12, 1ST DOWN BD, NO PLAY.","V,1,10,H12",penalty,00:00,penalty,NA,0,10,10,0,13,V,BD,"KO,2,00:00,29","TD,3,15:00,100",9,71,0:00,KO,2,00:00,BD29,TD,3,15:00,HD00,1
2021_07_BD_HD,BD,HD,Barcelona Dragons,Hamburg Sea Devils,7/31/2021,Hamburg,Stadion Hoheluft,18:00,21:00,Y,03:00,0,18 deg.C,NA,Rainy,T. Denker,M. Kattilus,M. Berger,D. Jurzyk,M. Hoffmann,E. Christensen,H. Horak,H. Horak,BD,1,10,HD12,"V,1,10,H12","13,12,98","PASS:1,I,25,* BRUP:28",Z. Edwards pass incomplete to N. Lester (B. Maruschke).,"V,2,10,H12",pass,NA,NA,NA,0,10,10,0,13,V,BD,"KO,2,00:00,29","TD,3,15:00,100",9,71,0:00,KO,2,00:00,BD29,TD,3,15:00,HD00,1
2021_07_BD_HD,BD,HD,Barcelona Dragons,Hamburg Sea Devils,7/31/2021,Hamburg,Stadion Hoheluft,18:00,21:00,Y,03:00,0,18 deg.C,NA,Rainy,T. Denker,M. Kattilus,M. Berger,D. Jurzyk,M. Hoffmann,E. Christensen,H. Horak,H. Horak,BD,2,10,HD12,"V,2,10,H12","13,13,99","RUSH:1,H00, T:00:00 PAT:K,8,G","Z. Edwards rush for 12 yards to the HD0, 1ST DOWN BD, TOUCHDOWN, clock 00:00, G. Tavecchio kick attempt good.","V,1,0,V35",pat,00:00,rush,NA,1,17,10,0,13,V,BD,"KO,2,00:00,29","TD,3,15:00,100",9,71,0:00,KO,2,00:00,BD29,TD,3,15:00,HD00,1
2021_07_BD_HD,BD,HD,Barcelona Dragons,Hamburg Sea Devils,7/31/2021,Hamburg,Stadion Hoheluft,18:00,21:00,Y,03:00,0,18 deg.C,NA,Rainy,T. Denker,M. Kattilus,M. Berger,D. Jurzyk,M. Hoffmann,E. Christensen,H. Horak,H. Horak,BD,1,0,BD35,"V,1,0,V35","13,14,100","KO:8,H00 RET:23,H17 TACK:3","G. Tavecchio kickoff 65 yards to the HD0, J. Rogers return 17 yards to the HD17 (A. Jimenez).","H,1,10,H17",kick_off,NA,NA,NA,0,17,10,0,13,V,BD,"KO,2,00:00,29","TD,3,15:00,100",9,71,0:00,KO,2,00:00,BD29,TD,3,15:00,HD00,1
2021_07_BD_HD,BD,HD,Barcelona Dragons,Hamburg Sea Devils,7/31/2021,Hamburg,Stadion Hoheluft,18:00,21:00,Y,03:00,0,18 deg.C,NA,Rainy,T. Denker,M. Kattilus,M. Berger,D. Jurzyk,M. Hoffmann,E. Christensen,H. Horak,H. Horak,HD,1,10,HD17,"H,1,10,H17","14,1,101",HALF: T:00:00,"End of half, clock 00:00.","H,1,10,H17",NA,00:00,NA,NA,0,17,10,0,14,H,HD,"KO,2,00:00,17","HALF,2,00:00,17",0,0,0:00,KO,2,00:00,HD17,HALF,2,00:00,HD17,NA
2021_07_BD_HD,BD,HD,Barcelona Dragons,Hamburg Sea Devils,7/31/2021,Hamburg,Stadion Hoheluft,18:00,21:00,Y,03:00,0,18 deg.C,NA,Rainy,T. Denker,M. Kattilus,M. Berger,D. Jurzyk,M. Hoffmann,E. Christensen,H. Horak,H. Horak,HD,1,10,HD17,"H,1,10,H17","14,2,102","Q:3 T:15:00 SPOT:V,V35,N","Start of 3rd quarter, clock 15:00, BD ball on BD35.","V,1,10,V35",NA,15:00,NA,NA,0,17,10,0,14,H,HD,"KO,2,00:00,17","HALF,2,00:00,17",0,0,0:00,KO,2,00:00,HD17,HALF,2,00:00,HD17,NA
2021_07_BD_HD,BD,HD,Barcelona Dragons,Hamburg Sea Devils,7/31/2021,Hamburg,Stadion Hoheluft,18:00,21:00,Y,03:00,0,18 deg.C,NA,Rainy,T. Denker,M. Kattilus,M. Berger,D. Jurzyk,M. Hoffmann,E. Christensen,H. Horak,H. Horak,BD,1,10,BD35,"V,1,10,V35","14,3,103","KO:8,H00 RET:23,H49","G. Tavecchio kickoff 65 yards to the HD0, J. Rogers return 49 yards to the HD49.","H,1,10,H49",kick_off,NA,NA,NA,0,17,10,0,14,H,HD,"KO,2,00:00,17","HALF,2,00:00,17",0,0,0:00,KO,2,00:00,HD17,HALF,2,00:00,HD17,NA
2021_07_BD_HD,BD,HD,Barcelona Dragons,Hamburg Sea Devils,7/31/2021,Hamburg,Stadion Hoheluft,18:00,21:00,Y,03:00,0,18 deg.C,NA,Rainy,T. Denker,M. Kattilus,M. Berger,D. Jurzyk,M. Hoffmann,E. Christensen,H. Horak,H. Horak,HD,1,10,HD49,"H,1,10,H49","15,1,104",{DRIVE}:14:51,HAMBURG SEA DEVILS drive start at 14:51.,"H,1,10,H49",NA,14:51,NA,NA,0,17,10,0,15,H,HD,"KO,3,14:51,49","PUNT,3,12:07,50",5,1,2:44,KO,3,14:51,HD49,PUNT,3,12:07,HD50,NA
2021_07_BD_HD,BD,HD,Barcelona Dragons,Hamburg Sea Devils,7/31/2021,Hamburg,Stadion Hoheluft,18:00,21:00,Y,03:00,0,18 deg.C,NA,Rainy,T. Denker,M. Kattilus,M. Berger,D. Jurzyk,M. Hoffmann,E. Christensen,H. Horak,H. Horak,HD,1,10,HD49,"H,1,10,H49","15,2,105","RUSH:34,V50,",J. Ampaw rush for 1 yard to the 50 yardline.,"H,2,9,H50",rush,NA,NA,NA,0,17,10,0,15,H,HD,"KO,3,14:51,49","PUNT,3,12:07,50",5,1,2:44,KO,3,14:51,HD49,PUNT,3,12:07,HD50,NA
2021_07_BD_HD,BD,HD,Barcelona Dragons,Hamburg Sea Devils,7/31/2021,Hamburg,Stadion Hoheluft,18:00,21:00,Y,03:00,0,18 deg.C,NA,Rainy,T. Denker,M. Kattilus,M. Berger,D. Jurzyk,M. Hoffmann,E. Christensen,H. Horak,H. Horak,HD,2,9,HD50,"H,2,9,H50","15,3,106","PASS:10,C,88,V37","J. Clark pass complete to A. Botella M. for 13 yards to the BD37, 1ST DOWN HD.","H,1,10,V37",pass,NA,pass,NA,0,17,10,0,15,H,HD,"KO,3,14:51,49","PUNT,3,12:07,50",5,1,2:44,KO,3,14:51,HD49,PUNT,3,12:07,HD50,NA
2021_07_BD_HD,BD,HD,Barcelona Dragons,Hamburg Sea Devils,7/31/2021,Hamburg,Stadion Hoheluft,18:00,21:00,Y,03:00,0,18 deg.C,NA,Rainy,T. Denker,M. Kattilus,M. Berger,D. Jurzyk,M. Hoffmann,E. Christensen,H. Horak,H. Horak,HD,1,10,BD37,"H,1,10,V37","15,4,107","RUSH:34,V00, T:13:33 PEN:H,HO,A,77,H47,N NOPLAY:","J. Ampaw rush for 37 yards to the BD0, clock 13:33, PENALTY HD holding (R. Fensch) 16 yards to the HD47, NO PLAY.","H,1,26,H47",penalty,13:33,NA,NA,0,17,10,0,15,H,HD,"KO,3,14:51,49","PUNT,3,12:07,50",5,1,2:44,KO,3,14:51,HD49,PUNT,3,12:07,HD50,NA
2021_07_BD_HD,BD,HD,Barcelona Dragons,Hamburg Sea Devils,7/31/2021,Hamburg,Stadion Hoheluft,18:00,21:00,Y,03:00,0,18 deg.C,NA,Rainy,T. Denker,M. Kattilus,M. Berger,D. Jurzyk,M. Hoffmann,E. Christensen,H. Horak,H. Horak,HD,1,26,HD47,"H,1,26,H47","15,5,108","PASS:10,S,TM,H45 SACK:2,7",J. Clark sacked for loss of 2 yards to the HD45 (G. Prati;M. Tavarres).,"H,2,28,H45",pass,NA,NA,NA,0,17,10,0,15,H,HD,"KO,3,14:51,49","PUNT,3,12:07,50",5,1,2:44,KO,3,14:51,HD49,PUNT,3,12:07,HD50,NA
2021_07_BD_HD,BD,HD,Barcelona Dragons,Hamburg Sea Devils,7/31/2021,Hamburg,Stadion Hoheluft,18:00,21:00,Y,03:00,0,18 deg.C,NA,Rainy,T. Denker,M. Kattilus,M. Berger,D. Jurzyk,M. Hoffmann,E. Christensen,H. Horak,H. Horak,HD,2,28,HD45,"H,2,28,H45","15,6,109","PASS:10,I,34,*",J. Clark pass incomplete to J. Ampaw.,"H,3,28,H45",pass,NA,NA,NA,0,17,10,0,15,H,HD,"KO,3,14:51,49","PUNT,3,12:07,50",5,1,2:44,KO,3,14:51,HD49,PUNT,3,12:07,HD50,NA
2021_07_BD_HD,BD,HD,Barcelona Dragons,Hamburg Sea Devils,7/31/2021,Hamburg,Stadion Hoheluft,18:00,21:00,Y,03:00,0,18 deg.C,NA,Rainy,T. Denker,M. Kattilus,M. Berger,D. Jurzyk,M. Hoffmann,E. Christensen,H. Horak,H. Horak,HD,3,28,HD45,"H,3,28,H45","15,7,110","PASS:10,C,81,V50 TACK:11",J. Clark pass complete to K. Ofori for 5 yards to the 50 yardline (B. Brooks).,"H,4,23,H50",pass,NA,NA,NA,0,17,10,0,15,H,HD,"KO,3,14:51,49","PUNT,3,12:07,50",5,1,2:44,KO,3,14:51,HD49,PUNT,3,12:07,HD50,NA
2021_07_BD_HD,BD,HD,Barcelona Dragons,Hamburg Sea Devils,7/31/2021,Hamburg,Stadion Hoheluft,18:00,21:00,Y,03:00,0,18 deg.C,NA,Rainy,T. Denker,M. Kattilus,M. Berger,D. Jurzyk,M. Hoffmann,E. Christensen,H. Horak,H. Horak,HD,4,23,HD50,"H,4,23,H50","15,8,111","PUNT:4,V16 FC:5","P. Andersen punt 34 yards to the BD16, fair catch by J. Constant.","V,1,10,V16",punt,NA,NA,NA,0,17,10,0,15,H,HD,"KO,3,14:51,49","PUNT,3,12:07,50",5,1,2:44,KO,3,14:51,HD49,PUNT,3,12:07,HD50,NA
2021_07_BD_HD,BD,HD,Barcelona Dragons,Hamburg Sea Devils,7/31/2021,Hamburg,Stadion Hoheluft,18:00,21:00,Y,03:00,0,18 deg.C,NA,Rainy,T. Denker,M. Kattilus,M. Berger,D. Jurzyk,M. Hoffmann,E. Christensen,H. Horak,H. Horak,BD,1,10,BD16,"V,1,10,V16","16,1,112",{DRIVE}:12:07,BARCELONA DRAGONS drive start at 12:07.,"V,1,10,V16",NA,12:07,NA,NA,0,17,10,0,16,V,BD,"PUNT,3,12:07,16","PUNT,3,11:05,13",3,-3,1:02,PUNT,3,12:07,BD16,PUNT,3,11:05,BD13,NA
2021_07_BD_HD,BD,HD,Barcelona Dragons,Hamburg Sea Devils,7/31/2021,Hamburg,Stadion Hoheluft,18:00,21:00,Y,03:00,0,18 deg.C,NA,Rainy,T. Denker,M. Kattilus,M. Berger,D. Jurzyk,M. Hoffmann,E. Christensen,H. Horak,H. Horak,BD,1,10,BD16,"V,1,10,V16","16,2,113","PASS:1,X,25,V30 RET:25,V30 PEN:V,PI,O PEN:H,RP,O NOPLAY:","Z. Edwards pass intercepted by M. Franklin at the BD30, M. Franklin return to the BD30, PENALTY BD pass interference off-setting, PENALTY HD roughing passer off-setting, NO PLAY.","V,1,10,V16",penalty,NA,NA,NA,0,17,10,0,16,V,BD,"PUNT,3,12:07,16","PUNT,3,11:05,13",3,-3,1:02,PUNT,3,12:07,BD16,PUNT,3,11:05,BD13,NA
2021_07_BD_HD,BD,HD,Barcelona Dragons,Hamburg Sea Devils,7/31/2021,Hamburg,Stadion Hoheluft,18:00,21:00,Y,03:00,0,18 deg.C,NA,Rainy,T. Denker,M. Kattilus,M. Berger,D. Jurzyk,M. Hoffmann,E. Christensen,H. Horak,H. Horak,BD,1,10,BD16,"V,1,10,V16","16,3,114","PASS:1,I,3,*",Z. Edwards pass incomplete to A. Jimenez.,"V,2,10,V16",pass,NA,NA,NA,0,17,10,0,16,V,BD,"PUNT,3,12:07,16","PUNT,3,11:05,13",3,-3,1:02,PUNT,3,12:07,BD16,PUNT,3,11:05,BD13,NA
2021_07_BD_HD,BD,HD,Barcelona Dragons,Hamburg Sea Devils,7/31/2021,Hamburg,Stadion Hoheluft,18:00,21:00,Y,03:00,0,18 deg.C,NA,Rainy,T. Denker,M. Kattilus,M. Berger,D. Jurzyk,M. Hoffmann,E. Christensen,H. Horak,H. Horak,BD,2,10,BD16,"V,2,10,V16","16,4,115","PASS:1,I,5,* BRUP:23",Z. Edwards pass incomplete to J. Constant (J. Rogers).,"V,3,10,V16",pass,NA,NA,NA,0,17,10,0,16,V,BD,"PUNT,3,12:07,16","PUNT,3,11:05,13",3,-3,1:02,PUNT,3,12:07,BD16,PUNT,3,11:05,BD13,NA
2021_07_BD_HD,BD,HD,Barcelona Dragons,Hamburg Sea Devils,7/31/2021,Hamburg,Stadion Hoheluft,18:00,21:00,Y,03:00,0,18 deg.C,NA,Rainy,T. Denker,M. Kattilus,M. Berger,D. Jurzyk,M. Hoffmann,E. Christensen,H. Horak,H. Horak,BD,3,10,BD16,"V,3,10,V16","16,5,116",TOUT:V T:11:45,"Timeout Barcelona Dragons, clock 11:45.","V,3,10,V16",NA,11:45,NA,NA,0,17,10,0,16,V,BD,"PUNT,3,12:07,16","PUNT,3,11:05,13",3,-3,1:02,PUNT,3,12:07,BD16,PUNT,3,11:05,BD13,NA
2021_07_BD_HD,BD,HD,Barcelona Dragons,Hamburg Sea Devils,7/31/2021,Hamburg,Stadion Hoheluft,18:00,21:00,Y,03:00,0,18 deg.C,NA,Rainy,T. Denker,M. Kattilus,M. Berger,D. Jurzyk,M. Hoffmann,E. Christensen,H. Horak,H. Horak,BD,3,10,BD16,"V,3,10,V16","16,6,117","PEN:H,NZI,A,58,V21,N",PENALTY HD neutral zone infraction (J. Bombek) 5 yards to the BD21.,"V,3,5,V21",penalty,NA,NA,NA,0,17,10,0,16,V,BD,"PUNT,3,12:07,16","PUNT,3,11:05,13",3,-3,1:02,PUNT,3,12:07,BD16,PUNT,3,11:05,BD13,NA
2021_07_BD_HD,BD,HD,Barcelona Dragons,Hamburg Sea Devils,7/31/2021,Hamburg,Stadion Hoheluft,18:00,21:00,Y,03:00,0,18 deg.C,NA,Rainy,T. Denker,M. Kattilus,M. Berger,D. Jurzyk,M. Hoffmann,E. Christensen,H. Horak,H. Horak,BD,3,5,BD21,"V,3,5,V21","16,7,118","PASS:1,S,TM,V13 SACK:91",Z. Edwards sacked for loss of 8 yards to the BD13 (K. Edebali).,"V,4,13,V13",pass,NA,NA,NA,0,17,10,0,16,V,BD,"PUNT,3,12:07,16","PUNT,3,11:05,13",3,-3,1:02,PUNT,3,12:07,BD16,PUNT,3,11:05,BD13,NA
2021_07_BD_HD,BD,HD,Barcelona Dragons,Hamburg Sea Devils,7/31/2021,Hamburg,Stadion Hoheluft,18:00,21:00,Y,03:00,0,18 deg.C,NA,Rainy,T. Denker,M. Kattilus,M. Berger,D. Jurzyk,M. Hoffmann,E. Christensen,H. Horak,H. Horak,BD,4,13,BD13,"V,4,13,V13","16,8,119","PUNT:18,H49 OB:","C. Manser punt 38 yards to the HD49, out-of-bounds.","H,1,10,H49",punt,NA,NA,NA,0,17,10,1,16,V,BD,"PUNT,3,12:07,16","PUNT,3,11:05,13",3,-3,1:02,PUNT,3,12:07,BD16,PUNT,3,11:05,BD13,NA
2021_07_BD_HD,BD,HD,Barcelona Dragons,Hamburg Sea Devils,7/31/2021,Hamburg,Stadion Hoheluft,18:00,21:00,Y,03:00,0,18 deg.C,NA,Rainy,T. Denker,M. Kattilus,M. Berger,D. Jurzyk,M. Hoffmann,E. Christensen,H. Horak,H. Horak,HD,1,10,HD49,"H,1,10,H49","17,1,120",{DRIVE}:11:05,HAMBURG SEA DEVILS drive start at 11:05.,"H,1,10,H49",NA,11:05,NA,NA,0,17,10,0,17,H,HD,"PUNT,3,11:05,49","INT,3,08:08,86",7,37,2:57,PUNT,3,11:05,HD49,INT,3,08:08,BD14,1
2021_07_BD_HD,BD,HD,Barcelona Dragons,Hamburg Sea Devils,7/31/2021,Hamburg,Stadion Hoheluft,18:00,21:00,Y,03:00,0,18 deg.C,NA,Rainy,T. Denker,M. Kattilus,M. Berger,D. Jurzyk,M. Hoffmann,E. Christensen,H. Horak,H. Horak,HD,1,10,HD49,"H,1,10,H49","17,2,121","RUSH:34,V48, TACK:73,99",J. Ampaw rush for 3 yards to the BD48 (S. Bowen;Y. Rivero).,"H,2,7,V48",rush,NA,NA,NA,0,17,10,0,17,H,HD,"PUNT,3,11:05,49","INT,3,08:08,86",7,37,2:57,PUNT,3,11:05,HD49,INT,3,08:08,BD14,1
2021_07_BD_HD,BD,HD,Barcelona Dragons,Hamburg Sea Devils,7/31/2021,Hamburg,Stadion Hoheluft,18:00,21:00,Y,03:00,0,18 deg.C,NA,Rainy,T. Denker,M. Kattilus,M. Berger,D. Jurzyk,M. Hoffmann,E. Christensen,H. Horak,H. Horak,HD,2,7,BD48,"H,2,7,V48","17,3,122","PASS:10,C,89,V40 TACK:21,27","J. Clark pass complete to L. Rehder for 8 yards to the BD40, 1ST DOWN HD (A. Monton;A. Vera).","H,1,10,V40",pass,NA,pass,NA,0,17,10,0,17,H,HD,"PUNT,3,11:05,49","INT,3,08:08,86",7,37,2:57,PUNT,3,11:05,HD49,INT,3,08:08,BD14,1
2021_07_BD_HD,BD,HD,Barcelona Dragons,Hamburg Sea Devils,7/31/2021,Hamburg,Stadion Hoheluft,18:00,21:00,Y,03:00,0,18 deg.C,NA,Rainy,T. Denker,M. Kattilus,M. Berger,D. Jurzyk,M. Hoffmann,E. Christensen,H. Horak,H. Horak,HD,1,10,BD40,"H,1,10,V40","17,4,123","PASS:10,I,89,*",J. Clark pass incomplete to L. Rehder.,"H,2,10,V40",pass,NA,NA,NA,0,17,10,0,17,H,HD,"PUNT,3,11:05,49","INT,3,08:08,86",7,37,2:57,PUNT,3,11:05,HD49,INT,3,08:08,BD14,1
2021_07_BD_HD,BD,HD,Barcelona Dragons,Hamburg Sea Devils,7/31/2021,Hamburg,Stadion Hoheluft,18:00,21:00,Y,03:00,0,18 deg.C,NA,Rainy,T. Denker,M. Kattilus,M. Berger,D. Jurzyk,M. Hoffmann,E. Christensen,H. Horak,H. Horak,HD,2,10,BD40,"H,2,10,V40","17,5,124","RUSH:32,V39, TACK:45",J. Hummel rush for 1 yard to the BD39 (A. Gonzalez).,"H,3,9,V39",rush,NA,NA,NA,0,17,10,0,17,H,HD,"PUNT,3,11:05,49","INT,3,08:08,86",7,37,2:57,PUNT,3,11:05,HD49,INT,3,08:08,BD14,1
2021_07_BD_HD,BD,HD,Barcelona Dragons,Hamburg Sea Devils,7/31/2021,Hamburg,Stadion Hoheluft,18:00,21:00,Y,03:00,0,18 deg.C,NA,Rainy,T. Denker,M. Kattilus,M. Berger,D. Jurzyk,M. Hoffmann,E. Christensen,H. Horak,H. Horak,HD,3,9,BD39,"H,3,9,V39","17,6,125","RUSH:10,V31, OB: PEN:V,PF,A,45,V16,1","J. Clark rush for 8 yards to the BD31, out-of-bounds, PENALTY BD personal foul (A. Gonzalez) 15 yards to the BD16, 1ST DOWN HD.","H,1,10,V16",rush,NA,penalty,NA,0,17,10,1,17,H,HD,"PUNT,3,11:05,49","INT,3,08:08,86",7,37,2:57,PUNT,3,11:05,HD49,INT,3,08:08,BD14,1
2021_07_BD_HD,BD,HD,Barcelona Dragons,Hamburg Sea Devils,7/31/2021,Hamburg,Stadion Hoheluft,18:00,21:00,Y,03:00,0,18 deg.C,NA,Rainy,T. Denker,M. Kattilus,M. Berger,D. Jurzyk,M. Hoffmann,E. Christensen,H. Horak,H. Horak,HD,1,10,BD16,"H,1,10,V16","17,7,126","D:1,10",1st and 10.,"H,1,10,V16",NA,NA,NA,NA,0,17,10,0,17,H,HD,"PUNT,3,11:05,49","INT,3,08:08,86",7,37,2:57,PUNT,3,11:05,HD49,INT,3,08:08,BD14,1
2021_07_BD_HD,BD,HD,Barcelona Dragons,Hamburg Sea Devils,7/31/2021,Hamburg,Stadion Hoheluft,18:00,21:00,Y,03:00,0,18 deg.C,NA,Rainy,T. Denker,M. Kattilus,M. Berger,D. Jurzyk,M. Hoffmann,E. Christensen,H. Horak,H. Horak,HD,1,10,BD16,"H,1,10,V16","17,8,127","RUSH:32,V14, TACK:7",J. Hummel rush for 2 yards to the BD14 (M. Tavarres).,"H,2,8,V14",rush,NA,NA,NA,0,17,10,0,17,H,HD,"PUNT,3,11:05,49","INT,3,08:08,86",7,37,2:57,PUNT,3,11:05,HD49,INT,3,08:08,BD14,1
2021_07_BD_HD,BD,HD,Barcelona Dragons,Hamburg Sea Devils,7/31/2021,Hamburg,Stadion Hoheluft,18:00,21:00,Y,03:00,0,18 deg.C,NA,Rainy,T. Denker,M. Kattilus,M. Berger,D. Jurzyk,M. Hoffmann,E. Christensen,H. Horak,H. Horak,HD,2,8,BD14,"H,2,8,V14","17,9,128","PASS:10,X,25,V02 RET:25,V02","J. Clark pass intercepted by N. Lester at the BD2, N. Lester return 0 yards to the BD2.","V,1,10,V02",pass,NA,NA,I,0,17,10,0,17,H,HD,"PUNT,3,11:05,49","INT,3,08:08,86",7,37,2:57,PUNT,3,11:05,HD49,INT,3,08:08,BD14,1
2021_07_BD_HD,BD,HD,Barcelona Dragons,Hamburg Sea Devils,7/31/2021,Hamburg,Stadion Hoheluft,18:00,21:00,Y,03:00,0,18 deg.C,NA,Rainy,T. Denker,M. Kattilus,M. Berger,D. Jurzyk,M. Hoffmann,E. Christensen,H. Horak,H. Horak,BD,1,10,BD02,"V,1,10,V02","18,1,129",{DRIVE}:08:08,BARCELONA DRAGONS drive start at 08:08.,"V,1,10,V02",NA,08:08,NA,NA,0,17,10,0,18,V,BD,"INT,3,08:08,2","FUMB,3,07:28,6",2,4,0:40,INT,3,08:08,BD02,FUMB,3,07:28,BD06,NA
2021_07_BD_HD,BD,HD,Barcelona Dragons,Hamburg Sea Devils,7/31/2021,Hamburg,Stadion Hoheluft,18:00,21:00,Y,03:00,0,18 deg.C,NA,Rainy,T. Denker,M. Kattilus,M. Berger,D. Jurzyk,M. Hoffmann,E. Christensen,H. Horak,H. Horak,BD,1,10,BD02,"V,1,10,V02","18,2,130","RUSH:3,V06, TACK:91,57",A. Jimenez rush for 4 yards to the BD6 (K. Edebali;D. Laporte).,"V,2,6,V06",rush,NA,NA,NA,0,17,10,0,18,V,BD,"INT,3,08:08,2","FUMB,3,07:28,6",2,4,0:40,INT,3,08:08,BD02,FUMB,3,07:28,BD06,NA
2021_07_BD_HD,BD,HD,Barcelona Dragons,Hamburg Sea Devils,7/31/2021,Hamburg,Stadion Hoheluft,18:00,21:00,Y,03:00,0,18 deg.C,NA,Rainy,T. Denker,M. Kattilus,M. Berger,D. Jurzyk,M. Hoffmann,E. Christensen,H. Horak,H. Horak,BD,2,6,BD06,"V,2,6,V06","18,3,131","RUSH:17,V06, FORCE:40 FUMB:H,V06,TM","A. Herrero rush for no gain to the BD6, fumble forced by M. Spiegel, fumble by A. Herrero recovered by HD TEAM at BD6.","H,1,0,V06",rush,NA,NA,F,0,17,10,0,18,V,BD,"INT,3,08:08,2","FUMB,3,07:28,6",2,4,0:40,INT,3,08:08,BD02,FUMB,3,07:28,BD06,NA
2021_07_BD_HD,BD,HD,Barcelona Dragons,Hamburg Sea Devils,7/31/2021,Hamburg,Stadion Hoheluft,18:00,21:00,Y,03:00,0,18 deg.C,NA,Rainy,T. Denker,M. Kattilus,M. Berger,D. Jurzyk,M. Hoffmann,E. Christensen,H. Horak,H. Horak,HD,1,0,BD06,"H,1,0,V06","19,1,132",{DRIVE}:07:28,HAMBURG SEA DEVILS drive start at 07:28.,"H,1,0,V06",NA,07:28,NA,NA,0,17,10,0,19,H,HD,"FUMB,3,07:28,94","FG,3,05:40,85",4,-9,1:48,FUMB,3,07:28,BD06,FG,3,05:40,BD15,1
2021_07_BD_HD,BD,HD,Barcelona Dragons,Hamburg Sea Devils,7/31/2021,Hamburg,Stadion Hoheluft,18:00,21:00,Y,03:00,0,18 deg.C,NA,Rainy,T. Denker,M. Kattilus,M. Berger,D. Jurzyk,M. Hoffmann,E. Christensen,H. Horak,H. Horak,HD,1,0,BD06,"H,1,0,V06","19,2,133","RUSH:34,V09, TACK:2,7",J. Ampaw rush for loss of 3 yards to the BD9 (G. Prati;M. Tavarres).,"H,2,0,V09",rush,NA,NA,NA,0,17,10,0,19,H,HD,"FUMB,3,07:28,94","FG,3,05:40,85",4,-9,1:48,FUMB,3,07:28,BD06,FG,3,05:40,BD15,1
2021_07_BD_HD,BD,HD,Barcelona Dragons,Hamburg Sea Devils,7/31/2021,Hamburg,Stadion Hoheluft,18:00,21:00,Y,03:00,0,18 deg.C,NA,Rainy,T. Denker,M. Kattilus,M. Berger,D. Jurzyk,M. Hoffmann,E. Christensen,H. Horak,H. Horak,HD,2,0,BD09,"H,2,0,V09","19,3,134","RUSH:34,V09, TACK:90",J. Ampaw rush for no gain to the BD9 (A. Fernandez).,"H,3,0,V09",rush,NA,NA,NA,0,17,10,0,19,H,HD,"FUMB,3,07:28,94","FG,3,05:40,85",4,-9,1:48,FUMB,3,07:28,BD06,FG,3,05:40,BD15,1
2021_07_BD_HD,BD,HD,Barcelona Dragons,Hamburg Sea Devils,7/31/2021,Hamburg,Stadion Hoheluft,18:00,21:00,Y,03:00,0,18 deg.C,NA,Rainy,T. Denker,M. Kattilus,M. Berger,D. Jurzyk,M. Hoffmann,E. Christensen,H. Horak,H. Horak,HD,3,0,BD09,"H,3,0,V09","19,4,135","PASS:10,S,TM,V15 SACK:45 PEN:H,HO,D","J. Clark sacked for loss of 6 yards to the BD15 (A. Gonzalez), PENALTY HD holding declined.","H,4,0,V15",pass,NA,NA,NA,0,17,10,0,19,H,HD,"FUMB,3,07:28,94","FG,3,05:40,85",4,-9,1:48,FUMB,3,07:28,BD06,FG,3,05:40,BD15,1
2021_07_BD_HD,BD,HD,Barcelona Dragons,Hamburg Sea Devils,7/31/2021,Hamburg,Stadion Hoheluft,18:00,21:00,Y,03:00,0,18 deg.C,NA,Rainy,T. Denker,M. Kattilus,M. Berger,D. Jurzyk,M. Hoffmann,E. Christensen,H. Horak,H. Horak,HD,4,0,BD15,"H,4,0,V15","19,5,136","FGA:4,28,G T:05:40","P. Andersen field goal attempt from 28 GOOD, clock 05:40.","H,1,0,H35",field_goal,05:40,NA,NA,1,17,13,0,19,H,HD,"FUMB,3,07:28,94","FG,3,05:40,85",4,-9,1:48,FUMB,3,07:28,BD06,FG,3,05:40,BD15,1
2021_07_BD_HD,BD,HD,Barcelona Dragons,Hamburg Sea Devils,7/31/2021,Hamburg,Stadion Hoheluft,18:00,21:00,Y,03:00,0,18 deg.C,NA,Rainy,T. Denker,M. Kattilus,M. Berger,D. Jurzyk,M. Hoffmann,E. Christensen,H. Horak,H. Horak,HD,1,0,HD35,"H,1,0,H35","19,6,137","KO:4,V05 RET:5,V27 TACK:57 PEN:V,HO,A,47,V17,N D:1,10 SPOT:V,V17,Y","P. Andersen kickoff 60 yards to the BD5, J. Constant return 22 yards to the BD27 (D. Laporte), PENALTY BD holding (47) 10 yards to the BD17, 1st and 10, BD ball on BD17.","V,1,10,V17",kick_off,NA,NA,NA,0,17,13,0,19,H,HD,"FUMB,3,07:28,94","FG,3,05:40,85",4,-9,1:48,FUMB,3,07:28,BD06,FG,3,05:40,BD15,1
2021_07_BD_HD,BD,HD,Barcelona Dragons,Hamburg Sea Devils,7/31/2021,Hamburg,Stadion Hoheluft,18:00,21:00,Y,03:00,0,18 deg.C,NA,Rainy,T. Denker,M. Kattilus,M. Berger,D. Jurzyk,M. Hoffmann,E. Christensen,H. Horak,H. Horak,BD,1,10,BD17,"V,1,10,V17","20,1,138",{DRIVE}:05:32,BARCELONA DRAGONS drive start at 05:32.,"V,1,10,V17",NA,05:32,NA,NA,0,17,13,0,20,V,BD,"KO,3,05:32,17","PUNT,3,04:20,20",3,3,1:12,KO,3,05:32,BD17,PUNT,3,04:20,BD20,NA
2021_07_BD_HD,BD,HD,Barcelona Dragons,Hamburg Sea Devils,7/31/2021,Hamburg,Stadion Hoheluft,18:00,21:00,Y,03:00,0,18 deg.C,NA,Rainy,T. Denker,M. Kattilus,M. Berger,D. Jurzyk,M. Hoffmann,E. Christensen,H. Horak,H. Horak,BD,1,10,BD17,"V,1,10,V17","20,2,139","RUSH:3,V20, TACK:99,40",A. Jimenez rush for 3 yards to the BD20 (N. Imasuen;M. Spiegel).,"V,2,7,V20",rush,NA,NA,NA,0,17,13,0,20,V,BD,"KO,3,05:32,17","PUNT,3,04:20,20",3,3,1:12,KO,3,05:32,BD17,PUNT,3,04:20,BD20,NA
2021_07_BD_HD,BD,HD,Barcelona Dragons,Hamburg Sea Devils,7/31/2021,Hamburg,Stadion Hoheluft,18:00,21:00,Y,03:00,0,18 deg.C,NA,Rainy,T. Denker,M. Kattilus,M. Berger,D. Jurzyk,M. Hoffmann,E. Christensen,H. Horak,H. Horak,BD,2,7,BD20,"V,2,7,V20","20,3,140","PASS:1,I,3,* BRUP:99",Z. Edwards pass incomplete to A. Jimenez (N. Imasuen).,"V,3,7,V20",pass,NA,NA,NA,0,17,13,0,20,V,BD,"KO,3,05:32,17","PUNT,3,04:20,20",3,3,1:12,KO,3,05:32,BD17,PUNT,3,04:20,BD20,NA
2021_07_BD_HD,BD,HD,Barcelona Dragons,Hamburg Sea Devils,7/31/2021,Hamburg,Stadion Hoheluft,18:00,21:00,Y,03:00,0,18 deg.C,NA,Rainy,T. Denker,M. Kattilus,M. Berger,D. Jurzyk,M. Hoffmann,E. Christensen,H. Horak,H. Horak,BD,3,7,BD20,"V,3,7,V20","20,4,141","PASS:1,I,15,* BRUP:95",Z. Edwards pass incomplete to M. Flores (E. Yeboah).,"V,4,7,V20",pass,NA,NA,NA,0,17,13,0,20,V,BD,"KO,3,05:32,17","PUNT,3,04:20,20",3,3,1:12,KO,3,05:32,BD17,PUNT,3,04:20,BD20,NA
2021_07_BD_HD,BD,HD,Barcelona Dragons,Hamburg Sea Devils,7/31/2021,Hamburg,Stadion Hoheluft,18:00,21:00,Y,03:00,0,18 deg.C,NA,Rainy,T. Denker,M. Kattilus,M. Berger,D. Jurzyk,M. Hoffmann,E. Christensen,H. Horak,H. Horak,BD,4,7,BD20,"V,4,7,V20","20,5,142","PUNT:18,H41 RET:23,V26 TACK:73","C. Manser punt 39 yards to the HD41, J. Rogers return 33 yards to the BD26 (S. Bowen).","H,1,10,V26",punt,NA,NA,NA,0,17,13,0,20,V,BD,"KO,3,05:32,17","PUNT,3,04:20,20",3,3,1:12,KO,3,05:32,BD17,PUNT,3,04:20,BD20,NA
2021_07_BD_HD,BD,HD,Barcelona Dragons,Hamburg Sea Devils,7/31/2021,Hamburg,Stadion Hoheluft,18:00,21:00,Y,03:00,0,18 deg.C,NA,Rainy,T. Denker,M. Kattilus,M. Berger,D. Jurzyk,M. Hoffmann,E. Christensen,H. Horak,H. Horak,HD,1,10,BD26,"H,1,10,V26","21,1,143",{DRIVE}:04:20,HAMBURG SEA DEVILS drive start at 04:20.,"H,1,10,V26",NA,04:20,NA,NA,0,17,13,0,21,H,HD,"PUNT,3,04:20,74","FG,3,01:30,85",5,11,2:50,PUNT,3,04:20,BD26,FG,3,01:30,BD15,1
2021_07_BD_HD,BD,HD,Barcelona Dragons,Hamburg Sea Devils,7/31/2021,Hamburg,Stadion Hoheluft,18:00,21:00,Y,03:00,0,18 deg.C,NA,Rainy,T. Denker,M. Kattilus,M. Berger,D. Jurzyk,M. Hoffmann,E. Christensen,H. Horak,H. Horak,HD,1,10,BD26,"H,1,10,V26","21,2,144","PASS:10,C,88,V10 TACK:10","J. Clark pass complete to A. Botella M. for 16 yards to the BD10, 1ST DOWN HD (C. Brugnani).","H,1,0,V10",pass,NA,pass,NA,0,17,13,0,21,H,HD,"PUNT,3,04:20,74","FG,3,01:30,85",5,11,2:50,PUNT,3,04:20,BD26,FG,3,01:30,BD15,1
2021_07_BD_HD,BD,HD,Barcelona Dragons,Hamburg Sea Devils,7/31/2021,Hamburg,Stadion Hoheluft,18:00,21:00,Y,03:00,0,18 deg.C,NA,Rainy,T. Denker,M. Kattilus,M. Berger,D. Jurzyk,M. Hoffmann,E. Christensen,H. Horak,H. Horak,HD,1,0,BD10,"H,1,0,V10","21,3,145","RUSH:34,V06, TACK:7",J. Ampaw rush for 4 yards to the BD6 (M. Tavarres).,"H,2,0,V06",rush,NA,NA,NA,0,17,13,0,21,H,HD,"PUNT,3,04:20,74","FG,3,01:30,85",5,11,2:50,PUNT,3,04:20,BD26,FG,3,01:30,BD15,1
2021_07_BD_HD,BD,HD,Barcelona Dragons,Hamburg Sea Devils,7/31/2021,Hamburg,Stadion Hoheluft,18:00,21:00,Y,03:00,0,18 deg.C,NA,Rainy,T. Denker,M. Kattilus,M. Berger,D. Jurzyk,M. Hoffmann,E. Christensen,H. Horak,H. Horak,HD,2,0,BD06,"H,2,0,V06","21,4,146","RUSH:10,V03, OB: TACK:10","J. Clark rush for 3 yards to the BD3, out-of-bounds (C. Brugnani).","H,3,0,V03",rush,NA,NA,NA,0,17,13,1,21,H,HD,"PUNT,3,04:20,74","FG,3,01:30,85",5,11,2:50,PUNT,3,04:20,BD26,FG,3,01:30,BD15,1
2021_07_BD_HD,BD,HD,Barcelona Dragons,Hamburg Sea Devils,7/31/2021,Hamburg,Stadion Hoheluft,18:00,21:00,Y,03:00,0,18 deg.C,NA,Rainy,T. Denker,M. Kattilus,M. Berger,D. Jurzyk,M. Hoffmann,E. Christensen,H. Horak,H. Horak,HD,3,0,BD03,"H,3,0,V03","21,5,147","PASS:10,S,TM,V15 SACK:7",J. Clark sacked for loss of 12 yards to the BD15 (M. Tavarres).,"H,4,0,V15",pass,NA,NA,NA,0,17,13,0,21,H,HD,"PUNT,3,04:20,74","FG,3,01:30,85",5,11,2:50,PUNT,3,04:20,BD26,FG,3,01:30,BD15,1
2021_07_BD_HD,BD,HD,Barcelona Dragons,Hamburg Sea Devils,7/31/2021,Hamburg,Stadion Hoheluft,18:00,21:00,Y,03:00,0,18 deg.C,NA,Rainy,T. Denker,M. Kattilus,M. Berger,D. Jurzyk,M. Hoffmann,E. Christensen,H. Horak,H. Horak,HD,4,0,BD15,"H,4,0,V15","21,6,148","FGA:4,32,G T:01:30 PEN:V,FO,D","P. Andersen field goal attempt from 32 GOOD, clock 01:30, PENALTY BD illegal formation declined.","H,1,0,H35",field_goal,01:30,NA,NA,1,17,16,0,21,H,HD,"PUNT,3,04:20,74","FG,3,01:30,85",5,11,2:50,PUNT,3,04:20,BD26,FG,3,01:30,BD15,1
2021_07_BD_HD,BD,HD,Barcelona Dragons,Hamburg Sea Devils,7/31/2021,Hamburg,Stadion Hoheluft,18:00,21:00,Y,03:00,0,18 deg.C,NA,Rainy,T. Denker,M. Kattilus,M. Berger,D. Jurzyk,M. Hoffmann,E. Christensen,H. Horak,H. Horak,HD,1,0,HD35,"H,1,0,H35","21,7,149","KO:4,V03 RET:5,H03 PEN:V,HO,A,47,V25,N","P. Andersen kickoff 62 yards to the BD3, J. Constant return 94 yards to the HD3, PENALTY BD holding (47) 72 yards to the BD25.","V,1,10,V25",kick_off,NA,NA,NA,0,17,16,0,21,H,HD,"PUNT,3,04:20,74","FG,3,01:30,85",5,11,2:50,PUNT,3,04:20,BD26,FG,3,01:30,BD15,1
2021_07_BD_HD,BD,HD,Barcelona Dragons,Hamburg Sea Devils,7/31/2021,Hamburg,Stadion Hoheluft,18:00,21:00,Y,03:00,0,18 deg.C,NA,Rainy,T. Denker,M. Kattilus,M. Berger,D. Jurzyk,M. Hoffmann,E. Christensen,H. Horak,H. Horak,BD,1,10,BD25,"V,1,10,V25","22,1,150","{DRIVE}:01:00 SPOT:V,V25,Y","BARCELONA DRAGONS drive start at 01:00, BD ball on BD25.","V,1,10,V25",NA,01:00,NA,NA,0,17,16,0,22,V,BD,"KO,3,01:00,25","INT,4,14:51,57",5,32,1:09,KO,3,01:00,BD25,INT,4,14:51,HD43,NA
2021_07_BD_HD,BD,HD,Barcelona Dragons,Hamburg Sea Devils,7/31/2021,Hamburg,Stadion Hoheluft,18:00,21:00,Y,03:00,0,18 deg.C,NA,Rainy,T. Denker,M. Kattilus,M. Berger,D. Jurzyk,M. Hoffmann,E. Christensen,H. Horak,H. Horak,BD,1,10,BD25,"V,1,10,V25","22,2,151","PASS:1,S,TM,V22 SACK:99",Z. Edwards sacked for loss of 3 yards to the BD22 (N. Imasuen).,"V,2,13,V22",pass,NA,NA,NA,0,17,16,0,22,V,BD,"KO,3,01:00,25","INT,4,14:51,57",5,32,1:09,KO,3,01:00,BD25,INT,4,14:51,HD43,NA
2021_07_BD_HD,BD,HD,Barcelona Dragons,Hamburg Sea Devils,7/31/2021,Hamburg,Stadion Hoheluft,18:00,21:00,Y,03:00,0,18 deg.C,NA,Rainy,T. Denker,M. Kattilus,M. Berger,D. Jurzyk,M. Hoffmann,E. Christensen,H. Horak,H. Horak,BD,2,13,BD22,"V,2,13,V22","22,3,152","PASS:1,I,88,*",Z. Edwards pass incomplete to R. Alarcon.,"V,3,13,V22",pass,NA,NA,NA,0,17,16,0,22,V,BD,"KO,3,01:00,25","INT,4,14:51,57",5,32,1:09,KO,3,01:00,BD25,INT,4,14:51,HD43,NA
2021_07_BD_HD,BD,HD,Barcelona Dragons,Hamburg Sea Devils,7/31/2021,Hamburg,Stadion Hoheluft,18:00,21:00,Y,03:00,0,18 deg.C,NA,Rainy,T. Denker,M. Kattilus,M. Berger,D. Jurzyk,M. Hoffmann,E. Christensen,H. Horak,H. Horak,BD,3,13,BD22,"V,3,13,V22","22,4,153","PASS:1,C,5,V42 TACK:25 PEN:H,RP,A,99,H43,1","Z. Edwards pass complete to J. Constant for 20 yards to the BD42, 1ST DOWN BD (M. Franklin), PENALTY HD roughing passer (N. Imasuen) 15 yards to the HD43, 1ST DOWN BD.","V,1,10,H43",pass,NA,pass,NA,0,17,16,0,22,V,BD,"KO,3,01:00,25","INT,4,14:51,57",5,32,1:09,KO,3,01:00,BD25,INT,4,14:51,HD43,NA
2021_07_BD_HD,BD,HD,Barcelona Dragons,Hamburg Sea Devils,7/31/2021,Hamburg,Stadion Hoheluft,18:00,21:00,Y,03:00,0,18 deg.C,NA,Rainy,T. Denker,M. Kattilus,M. Berger,D. Jurzyk,M. Hoffmann,E. Christensen,H. Horak,H. Horak,BD,1,10,HD43,"V,1,10,H43","22,5,154","D:1,10",1st and 10.,"V,1,10,H43",NA,NA,NA,NA,0,17,16,0,22,V,BD,"KO,3,01:00,25","INT,4,14:51,57",5,32,1:09,KO,3,01:00,BD25,INT,4,14:51,HD43,NA
2021_07_BD_HD,BD,HD,Barcelona Dragons,Hamburg Sea Devils,7/31/2021,Hamburg,Stadion Hoheluft,18:00,21:00,Y,03:00,0,18 deg.C,NA,Rainy,T. Denker,M. Kattilus,M. Berger,D. Jurzyk,M. Hoffmann,E. Christensen,H. Horak,H. Horak,BD,1,10,HD43,"V,1,10,H43","22,6,155","RUSH:1,H43, TACK:95,99",Z. Edwards rush for no gain to the HD43 (E. Yeboah;N. Imasuen).,"V,2,10,H43",rush,NA,NA,NA,0,17,16,0,22,V,BD,"KO,3,01:00,25","INT,4,14:51,57",5,32,1:09,KO,3,01:00,BD25,INT,4,14:51,HD43,NA
2021_07_BD_HD,BD,HD,Barcelona Dragons,Hamburg Sea Devils,7/31/2021,Hamburg,Stadion Hoheluft,18:00,21:00,Y,03:00,0,18 deg.C,NA,Rainy,T. Denker,M. Kattilus,M. Berger,D. Jurzyk,M. Hoffmann,E. Christensen,H. Horak,H. Horak,BD,2,10,HD43,"V,2,10,H43","22,7,156",Q:4 T:15:00,"Start of 4th quarter, clock 15:00.","V,2,10,H43",NA,15:00,NA,NA,0,17,16,0,22,V,BD,"KO,3,01:00,25","INT,4,14:51,57",5,32,1:09,KO,3,01:00,BD25,INT,4,14:51,HD43,NA
2021_07_BD_HD,BD,HD,Barcelona Dragons,Hamburg Sea Devils,7/31/2021,Hamburg,Stadion Hoheluft,18:00,21:00,Y,03:00,0,18 deg.C,NA,Rainy,T. Denker,M. Kattilus,M. Berger,D. Jurzyk,M. Hoffmann,E. Christensen,H. Horak,H. Horak,BD,2,10,HD43,"V,2,10,H43","22,8,157","PASS:1,X,23,H23 RET:23,H23","Z. Edwards pass intercepted by J. Rogers at the HD23, J. Rogers return 0 yards to the HD23.","H,1,10,H23",pass,NA,NA,I,0,17,16,0,22,V,BD,"KO,3,01:00,25","INT,4,14:51,57",5,32,1:09,KO,3,01:00,BD25,INT,4,14:51,HD43,NA
2021_07_BD_HD,BD,HD,Barcelona Dragons,Hamburg Sea Devils,7/31/2021,Hamburg,Stadion Hoheluft,18:00,21:00,Y,03:00,0,18 deg.C,NA,Rainy,T. Denker,M. Kattilus,M. Berger,D. Jurzyk,M. Hoffmann,E. Christensen,H. Horak,H. Horak,HD,1,10,HD23,"H,1,10,H23","23,1,158",{DRIVE}:14:51,HAMBURG SEA DEVILS drive start at 14:51.,"H,1,10,H23",NA,14:51,NA,NA,0,17,16,0,23,H,HD,"INT,4,14:51,23","FG,4,04:53,85",16,62,9:58,INT,4,14:51,HD23,FG,4,04:53,BD15,1
2021_07_BD_HD,BD,HD,Barcelona Dragons,Hamburg Sea Devils,7/31/2021,Hamburg,Stadion Hoheluft,18:00,21:00,Y,03:00,0,18 deg.C,NA,Rainy,T. Denker,M. Kattilus,M. Berger,D. Jurzyk,M. Hoffmann,E. Christensen,H. Horak,H. Horak,HD,1,10,HD23,"H,1,10,H23","23,2,159","RUSH:34,H27, TACK:27",J. Ampaw rush for 4 yards to the HD27 (A. Vera).,"H,2,6,H27",rush,NA,NA,NA,0,17,16,0,23,H,HD,"INT,4,14:51,23","FG,4,04:53,85",16,62,9:58,INT,4,14:51,HD23,FG,4,04:53,BD15,1
2021_07_BD_HD,BD,HD,Barcelona Dragons,Hamburg Sea Devils,7/31/2021,Hamburg,Stadion Hoheluft,18:00,21:00,Y,03:00,0,18 deg.C,NA,Rainy,T. Denker,M. Kattilus,M. Berger,D. Jurzyk,M. Hoffmann,E. Christensen,H. Horak,H. Horak,HD,2,6,HD27,"H,2,6,H27","23,3,160","PASS:10,I,89,*",J. Clark pass incomplete to L. Rehder.,"H,3,6,H27",pass,NA,NA,NA,0,17,16,0,23,H,HD,"INT,4,14:51,23","FG,4,04:53,85",16,62,9:58,INT,4,14:51,HD23,FG,4,04:53,BD15,1
2021_07_BD_HD,BD,HD,Barcelona Dragons,Hamburg Sea Devils,7/31/2021,Hamburg,Stadion Hoheluft,18:00,21:00,Y,03:00,0,18 deg.C,NA,Rainy,T. Denker,M. Kattilus,M. Berger,D. Jurzyk,M. Hoffmann,E. Christensen,H. Horak,H. Horak,HD,3,6,HD27,"H,3,6,H27","23,4,161","PASS:10,C,12,H38 TACK:23","J. Clark pass complete to J. Madin Cerezo for 11 yards to the HD38, 1ST DOWN HD (J. Brugnani).","H,1,10,H38",pass,NA,pass,NA,0,17,16,0,23,H,HD,"INT,4,14:51,23","FG,4,04:53,85",16,62,9:58,INT,4,14:51,HD23,FG,4,04:53,BD15,1
2021_07_BD_HD,BD,HD,Barcelona Dragons,Hamburg Sea Devils,7/31/2021,Hamburg,Stadion Hoheluft,18:00,21:00,Y,03:00,0,18 deg.C,NA,Rainy,T. Denker,M. Kattilus,M. Berger,D. Jurzyk,M. Hoffmann,E. Christensen,H. Horak,H. Horak,HD,1,10,HD38,"H,1,10,H38","23,5,162","RUSH:32,H44, TACK:45,7",J. Hummel rush for 6 yards to the HD44 (A. Gonzalez;M. Tavarres).,"H,2,4,H44",rush,NA,NA,NA,0,17,16,0,23,H,HD,"INT,4,14:51,23","FG,4,04:53,85",16,62,9:58,INT,4,14:51,HD23,FG,4,04:53,BD15,1
2021_07_BD_HD,BD,HD,Barcelona Dragons,Hamburg Sea Devils,7/31/2021,Hamburg,Stadion Hoheluft,18:00,21:00,Y,03:00,0,18 deg.C,NA,Rainy,T. Denker,M. Kattilus,M. Berger,D. Jurzyk,M. Hoffmann,E. Christensen,H. Horak,H. Horak,HD,2,4,HD44,"H,2,4,H44","23,6,163","RUSH:32,H49, TACK:25","J. Hummel rush for 5 yards to the HD49, 1ST DOWN HD (N. Lester).","H,1,10,H49",rush,NA,rush,NA,0,17,16,0,23,H,HD,"INT,4,14:51,23","FG,4,04:53,85",16,62,9:58,INT,4,14:51,HD23,FG,4,04:53,BD15,1
2021_07_BD_HD,BD,HD,Barcelona Dragons,Hamburg Sea Devils,7/31/2021,Hamburg,Stadion Hoheluft,18:00,21:00,Y,03:00,0,18 deg.C,NA,Rainy,T. Denker,M. Kattilus,M. Berger,D. Jurzyk,M. Hoffmann,E. Christensen,H. Horak,H. Horak,HD,1,10,HD49,"H,1,10,H49","23,7,164","PASS:10,S,TM,H41 SACK:10",J. Clark sacked for loss of 8 yards to the HD41 (C. Brugnani).,"H,2,18,H41",pass,NA,NA,NA,0,17,16,0,23,H,HD,"INT,4,14:51,23","FG,4,04:53,85",16,62,9:58,INT,4,14:51,HD23,FG,4,04:53,BD15,1
2021_07_BD_HD,BD,HD,Barcelona Dragons,Hamburg Sea Devils,7/31/2021,Hamburg,Stadion Hoheluft,18:00,21:00,Y,03:00,0,18 deg.C,NA,Rainy,T. Denker,M. Kattilus,M. Berger,D. Jurzyk,M. Hoffmann,E. Christensen,H. Horak,H. Horak,HD,2,18,HD41,"H,2,18,H41","23,8,165","RUSH:32,H41, TACK:2,90",J. Hummel rush for no gain to the HD41 (G. Prati;A. Fernandez).,"H,3,18,H41",rush,NA,NA,NA,0,17,16,0,23,H,HD,"INT,4,14:51,23","FG,4,04:53,85",16,62,9:58,INT,4,14:51,HD23,FG,4,04:53,BD15,1
2021_07_BD_HD,BD,HD,Barcelona Dragons,Hamburg Sea Devils,7/31/2021,Hamburg,Stadion Hoheluft,18:00,21:00,Y,03:00,0,18 deg.C,NA,Rainy,T. Denker,M. Kattilus,M. Berger,D. Jurzyk,M. Hoffmann,E. Christensen,H. Horak,H. Horak,HD,3,18,HD41,"H,3,18,H41","23,9,166",TOUT:H T:10:58,"Timeout Hamburg Sea Devils, clock 10:58.","H,3,18,H41",NA,10:58,NA,NA,0,17,16,0,23,H,HD,"INT,4,14:51,23","FG,4,04:53,85",16,62,9:58,INT,4,14:51,HD23,FG,4,04:53,BD15,1
2021_07_BD_HD,BD,HD,Barcelona Dragons,Hamburg Sea Devils,7/31/2021,Hamburg,Stadion Hoheluft,18:00,21:00,Y,03:00,0,18 deg.C,NA,Rainy,T. Denker,M. Kattilus,M. Berger,D. Jurzyk,M. Hoffmann,E. Christensen,H. Horak,H. Horak,HD,3,18,HD41,"H,3,18,H41","23,10,167","PASS:10,S,TM,H34 SACK:73 PEN:V,HO,A,22,H46,1 NOPLAY:","J. Clark sacked for loss of 7 yards to the HD34 (S. Bowen), PENALTY BD holding (L. Frecha) 5 yards to the HD46, 1ST DOWN HD, NO PLAY.","H,1,10,H46",penalty,NA,penalty,NA,0,17,16,0,23,H,HD,"INT,4,14:51,23","FG,4,04:53,85",16,62,9:58,INT,4,14:51,HD23,FG,4,04:53,BD15,1
2021_07_BD_HD,BD,HD,Barcelona Dragons,Hamburg Sea Devils,7/31/2021,Hamburg,Stadion Hoheluft,18:00,21:00,Y,03:00,0,18 deg.C,NA,Rainy,T. Denker,M. Kattilus,M. Berger,D. Jurzyk,M. Hoffmann,E. Christensen,H. Horak,H. Horak,HD,1,10,HD46,"H,1,10,H46","23,11,168","RUSH:10,V49, OB: TACK:22","J. Clark rush for 5 yards to the BD49, out-of-bounds (L. Frecha).","H,2,5,V49",rush,NA,NA,NA,0,17,16,1,23,H,HD,"INT,4,14:51,23","FG,4,04:53,85",16,62,9:58,INT,4,14:51,HD23,FG,4,04:53,BD15,1
2021_07_BD_HD,BD,HD,Barcelona Dragons,Hamburg Sea Devils,7/31/2021,Hamburg,Stadion Hoheluft,18:00,21:00,Y,03:00,0,18 deg.C,NA,Rainy,T. Denker,M. Kattilus,M. Berger,D. Jurzyk,M. Hoffmann,E. Christensen,H. Horak,H. Horak,HD,2,5,BD49,"H,2,5,V49","23,12,169","RUSH:32,V46, TACK:7,53",J. Hummel rush for 3 yards to the BD46 (M. Tavarres;J. Tricas).,"H,3,2,V46",rush,NA,NA,NA,0,17,16,0,23,H,HD,"INT,4,14:51,23","FG,4,04:53,85",16,62,9:58,INT,4,14:51,HD23,FG,4,04:53,BD15,1
2021_07_BD_HD,BD,HD,Barcelona Dragons,Hamburg Sea Devils,7/31/2021,Hamburg,Stadion Hoheluft,18:00,21:00,Y,03:00,0,18 deg.C,NA,Rainy,T. Denker,M. Kattilus,M. Berger,D. Jurzyk,M. Hoffmann,E. Christensen,H. Horak,H. Horak,HD,3,2,BD46,"H,3,2,V46","23,13,170","RUSH:10,V39, TACK:53","J. Clark rush for 7 yards to the BD39, 1ST DOWN HD (J. Tricas).","H,1,10,V39",rush,NA,rush,NA,0,17,16,0,23,H,HD,"INT,4,14:51,23","FG,4,04:53,85",16,62,9:58,INT,4,14:51,HD23,FG,4,04:53,BD15,1
2021_07_BD_HD,BD,HD,Barcelona Dragons,Hamburg Sea Devils,7/31/2021,Hamburg,Stadion Hoheluft,18:00,21:00,Y,03:00,0,18 deg.C,NA,Rainy,T. Denker,M. Kattilus,M. Berger,D. Jurzyk,M. Hoffmann,E. Christensen,H. Horak,H. Horak,HD,1,10,BD39,"H,1,10,V39","23,14,171","RUSH:32,V37, TACK:7",J. Hummel rush for 2 yards to the BD37 (M. Tavarres).,"H,2,8,V37",rush,NA,NA,NA,0,17,16,0,23,H,HD,"INT,4,14:51,23","FG,4,04:53,85",16,62,9:58,INT,4,14:51,HD23,FG,4,04:53,BD15,1
2021_07_BD_HD,BD,HD,Barcelona Dragons,Hamburg Sea Devils,7/31/2021,Hamburg,Stadion Hoheluft,18:00,21:00,Y,03:00,0,18 deg.C,NA,Rainy,T. Denker,M. Kattilus,M. Berger,D. Jurzyk,M. Hoffmann,E. Christensen,H. Horak,H. Horak,HD,2,8,BD37,"H,2,8,V37","23,15,172","PASS:10,C,81,V28 TACK:27","J. Clark pass complete to K. Ofori for 9 yards to the BD28, 1ST DOWN HD (A. Vera).","H,1,10,V28",pass,NA,pass,NA,0,17,16,0,23,H,HD,"INT,4,14:51,23","FG,4,04:53,85",16,62,9:58,INT,4,14:51,HD23,FG,4,04:53,BD15,1
2021_07_BD_HD,BD,HD,Barcelona Dragons,Hamburg Sea Devils,7/31/2021,Hamburg,Stadion Hoheluft,18:00,21:00,Y,03:00,0,18 deg.C,NA,Rainy,T. Denker,M. Kattilus,M. Berger,D. Jurzyk,M. Hoffmann,E. Christensen,H. Horak,H. Horak,HD,1,10,BD28,"H,1,10,V28","23,16,173","RUSH:32,V00, T:06:55 PEN:H,HO,A,12,V18,1 NOPLAY:","J. Hummel rush for 28 yards to the BD0, clock 06:55, PENALTY HD holding (J. Madin Cerezo) 10 yards to the BD18, 1ST DOWN HD, NO PLAY.","H,1,10,V18",penalty,06:55,penalty,NA,0,17,16,0,23,H,HD,"INT,4,14:51,23","FG,4,04:53,85",16,62,9:58,INT,4,14:51,HD23,FG,4,04:53,BD15,1
2021_07_BD_HD,BD,HD,Barcelona Dragons,Hamburg Sea Devils,7/31/2021,Hamburg,Stadion Hoheluft,18:00,21:00,Y,03:00,0,18 deg.C,NA,Rainy,T. Denker,M. Kattilus,M. Berger,D. Jurzyk,M. Hoffmann,E. Christensen,H. Horak,H. Horak,HD,1,10,BD18,"H,1,10,V18","23,17,174","RUSH:10,V18, OB: TACK:7","J. Clark rush for no gain to the BD18, out-of-bounds (M. Tavarres).","H,2,10,V18",rush,NA,NA,NA,0,17,16,1,23,H,HD,"INT,4,14:51,23","FG,4,04:53,85",16,62,9:58,INT,4,14:51,HD23,FG,4,04:53,BD15,1
2021_07_BD_HD,BD,HD,Barcelona Dragons,Hamburg Sea Devils,7/31/2021,Hamburg,Stadion Hoheluft,18:00,21:00,Y,03:00,0,18 deg.C,NA,Rainy,T. Denker,M. Kattilus,M. Berger,D. Jurzyk,M. Hoffmann,E. Christensen,H. Horak,H. Horak,HD,2,10,BD18,"H,2,10,V18","23,18,175","RUSH:32,V23, TACK:7",J. Hummel rush for loss of 5 yards to the BD23 (M. Tavarres).,"H,3,15,V23",rush,NA,NA,NA,0,17,16,0,23,H,HD,"INT,4,14:51,23","FG,4,04:53,85",16,62,9:58,INT,4,14:51,HD23,FG,4,04:53,BD15,1
2021_07_BD_HD,BD,HD,Barcelona Dragons,Hamburg Sea Devils,7/31/2021,Hamburg,Stadion Hoheluft,18:00,21:00,Y,03:00,0,18 deg.C,NA,Rainy,T. Denker,M. Kattilus,M. Berger,D. Jurzyk,M. Hoffmann,E. Christensen,H. Horak,H. Horak,HD,3,15,BD23,"H,3,15,V23","23,19,176","PASS:10,C,12,V15 TACK:22",J. Clark pass complete to J. Madin Cerezo for 8 yards to the BD15 (L. Frecha).,"H,4,7,V15",pass,NA,NA,NA,0,17,16,0,23,H,HD,"INT,4,14:51,23","FG,4,04:53,85",16,62,9:58,INT,4,14:51,HD23,FG,4,04:53,BD15,1
2021_07_BD_HD,BD,HD,Barcelona Dragons,Hamburg Sea Devils,7/31/2021,Hamburg,Stadion Hoheluft,18:00,21:00,Y,03:00,0,18 deg.C,NA,Rainy,T. Denker,M. Kattilus,M. Berger,D. Jurzyk,M. Hoffmann,E. Christensen,H. Horak,H. Horak,HD,4,7,BD15,"H,4,7,V15","23,20,177","FGA:4,32,G T:04:53","P. Andersen field goal attempt from 32 GOOD, clock 04:53.","H,1,0,H35",field_goal,04:53,NA,NA,1,17,19,0,23,H,HD,"INT,4,14:51,23","FG,4,04:53,85",16,62,9:58,INT,4,14:51,HD23,FG,4,04:53,BD15,1
2021_07_BD_HD,BD,HD,Barcelona Dragons,Hamburg Sea Devils,7/31/2021,Hamburg,Stadion Hoheluft,18:00,21:00,Y,03:00,0,18 deg.C,NA,Rainy,T. Denker,M. Kattilus,M. Berger,D. Jurzyk,M. Hoffmann,E. Christensen,H. Horak,H. Horak,HD,1,0,HD35,"H,1,0,H35","23,21,178","KO:4,V00 TB:","P. Andersen kickoff 65 yards to the BD0, touchback.","V,1,10,V25",kick_off,NA,NA,NA,0,17,19,0,23,H,HD,"INT,4,14:51,23","FG,4,04:53,85",16,62,9:58,INT,4,14:51,HD23,FG,4,04:53,BD15,1
2021_07_BD_HD,BD,HD,Barcelona Dragons,Hamburg Sea Devils,7/31/2021,Hamburg,Stadion Hoheluft,18:00,21:00,Y,03:00,0,18 deg.C,NA,Rainy,T. Denker,M. Kattilus,M. Berger,D. Jurzyk,M. Hoffmann,E. Christensen,H. Horak,H. Horak,BD,1,10,BD25,"V,1,10,V25","24,1,179",{DRIVE}:04:49,BARCELONA DRAGONS drive start at 04:49.,"V,1,10,V25",NA,04:49,NA,NA,0,17,19,0,24,V,BD,"KO,4,04:49,25","PUNT,4,04:17,25",3,0,0:32,KO,4,04:49,BD25,PUNT,4,04:17,BD25,NA
2021_07_BD_HD,BD,HD,Barcelona Dragons,Hamburg Sea Devils,7/31/2021,Hamburg,Stadion Hoheluft,18:00,21:00,Y,03:00,0,18 deg.C,NA,Rainy,T. Denker,M. Kattilus,M. Berger,D. Jurzyk,M. Hoffmann,E. Christensen,H. Horak,H. Horak,BD,1,10,BD25,"V,1,10,V25","24,2,180","PASS:1,I,88,*",Z. Edwards pass incomplete to R. Alarcon.,"V,2,10,V25",pass,NA,NA,NA,0,17,19,0,24,V,BD,"KO,4,04:49,25","PUNT,4,04:17,25",3,0,0:32,KO,4,04:49,BD25,PUNT,4,04:17,BD25,NA
2021_07_BD_HD,BD,HD,Barcelona Dragons,Hamburg Sea Devils,7/31/2021,Hamburg,Stadion Hoheluft,18:00,21:00,Y,03:00,0,18 deg.C,NA,Rainy,T. Denker,M. Kattilus,M. Berger,D. Jurzyk,M. Hoffmann,E. Christensen,H. Horak,H. Horak,BD,2,10,BD25,"V,2,10,V25","24,3,181","PASS:1,I,88,* BRUP:28",Z. Edwards pass incomplete to R. Alarcon (B. Maruschke).,"V,3,10,V25",pass,NA,NA,NA,0,17,19,0,24,V,BD,"KO,4,04:49,25","PUNT,4,04:17,25",3,0,0:32,KO,4,04:49,BD25,PUNT,4,04:17,BD25,NA
2021_07_BD_HD,BD,HD,Barcelona Dragons,Hamburg Sea Devils,7/31/2021,Hamburg,Stadion Hoheluft,18:00,21:00,Y,03:00,0,18 deg.C,NA,Rainy,T. Denker,M. Kattilus,M. Berger,D. Jurzyk,M. Hoffmann,E. Christensen,H. Horak,H. Horak,BD,3,10,BD25,"V,3,10,V25","24,4,182","PASS:1,I,88,*",Z. Edwards pass incomplete to R. Alarcon.,"V,4,10,V25",pass,NA,NA,NA,0,17,19,0,24,V,BD,"KO,4,04:49,25","PUNT,4,04:17,25",3,0,0:32,KO,4,04:49,BD25,PUNT,4,04:17,BD25,NA
2021_07_BD_HD,BD,HD,Barcelona Dragons,Hamburg Sea Devils,7/31/2021,Hamburg,Stadion Hoheluft,18:00,21:00,Y,03:00,0,18 deg.C,NA,Rainy,T. Denker,M. Kattilus,M. Berger,D. Jurzyk,M. Hoffmann,E. Christensen,H. Horak,H. Horak,BD,4,10,BD25,"V,4,10,V25","24,5,183","PUNT:18,H50 OB:","C. Manser punt 25 yards to the 50 yardline, out-of-bounds.","H,1,10,H50",punt,NA,NA,NA,0,17,19,1,24,V,BD,"KO,4,04:49,25","PUNT,4,04:17,25",3,0,0:32,KO,4,04:49,BD25,PUNT,4,04:17,BD25,NA
2021_07_BD_HD,BD,HD,Barcelona Dragons,Hamburg Sea Devils,7/31/2021,Hamburg,Stadion Hoheluft,18:00,21:00,Y,03:00,0,18 deg.C,NA,Rainy,T. Denker,M. Kattilus,M. Berger,D. Jurzyk,M. Hoffmann,E. Christensen,H. Horak,H. Horak,HD,1,10,HD50,"H,1,10,H50","25,1,184",{DRIVE}:04:17,HAMBURG SEA DEVILS drive start at 04:17.,"H,1,10,H50",NA,04:17,NA,NA,0,17,19,0,25,H,HD,"PUNT,4,04:17,50","FG,4,02:22,71",5,21,1:55,PUNT,4,04:17,HD50,FG,4,02:22,BD29,NA
2021_07_BD_HD,BD,HD,Barcelona Dragons,Hamburg Sea Devils,7/31/2021,Hamburg,Stadion Hoheluft,18:00,21:00,Y,03:00,0,18 deg.C,NA,Rainy,T. Denker,M. Kattilus,M. Berger,D. Jurzyk,M. Hoffmann,E. Christensen,H. Horak,H. Horak,HD,1,10,HD50,"H,1,10,H50","25,2,185","RUSH:34,V44, TACK:7",J. Ampaw rush for 6 yards to the BD44 (M. Tavarres).,"H,2,4,V44",rush,NA,NA,NA,0,17,19,0,25,H,HD,"PUNT,4,04:17,50","FG,4,02:22,71",5,21,1:55,PUNT,4,04:17,HD50,FG,4,02:22,BD29,NA
2021_07_BD_HD,BD,HD,Barcelona Dragons,Hamburg Sea Devils,7/31/2021,Hamburg,Stadion Hoheluft,18:00,21:00,Y,03:00,0,18 deg.C,NA,Rainy,T. Denker,M. Kattilus,M. Berger,D. Jurzyk,M. Hoffmann,E. Christensen,H. Horak,H. Horak,HD,2,4,BD44,"H,2,4,V44","25,3,186","PASS:10,I,16,* PEN:V,OD,D PEN:V,RP,A,90,V29,1 NOPLAY:","J. Clark pass incomplete to L. Kusterer, PENALTY BD offside defense declined, PENALTY BD roughing passer (A. Fernandez) 15 yards to the BD29, 1ST DOWN HD, NO PLAY.","H,1,10,V29",penalty,NA,penalty,NA,0,17,19,0,25,H,HD,"PUNT,4,04:17,50","FG,4,02:22,71",5,21,1:55,PUNT,4,04:17,HD50,FG,4,02:22,BD29,NA
2021_07_BD_HD,BD,HD,Barcelona Dragons,Hamburg Sea Devils,7/31/2021,Hamburg,Stadion Hoheluft,18:00,21:00,Y,03:00,0,18 deg.C,NA,Rainy,T. Denker,M. Kattilus,M. Berger,D. Jurzyk,M. Hoffmann,E. Christensen,H. Horak,H. Horak,HD,1,10,BD29,"H,1,10,V29","25,4,187","PASS:10,S,TM,V30 SACK:90",J. Clark sacked for loss of 1 yard to the BD30 (A. Fernandez).,"H,2,11,V30",pass,NA,NA,NA,0,17,19,0,25,H,HD,"PUNT,4,04:17,50","FG,4,02:22,71",5,21,1:55,PUNT,4,04:17,HD50,FG,4,02:22,BD29,NA
2021_07_BD_HD,BD,HD,Barcelona Dragons,Hamburg Sea Devils,7/31/2021,Hamburg,Stadion Hoheluft,18:00,21:00,Y,03:00,0,18 deg.C,NA,Rainy,T. Denker,M. Kattilus,M. Berger,D. Jurzyk,M. Hoffmann,E. Christensen,H. Horak,H. Horak,HD,2,11,BD30,"H,2,11,V30","25,5,188",TOUT:V T:03:18,"Timeout Barcelona Dragons, clock 03:18.","H,2,11,V30",NA,03:18,NA,NA,0,17,19,0,25,H,HD,"PUNT,4,04:17,50","FG,4,02:22,71",5,21,1:55,PUNT,4,04:17,HD50,FG,4,02:22,BD29,NA
2021_07_BD_HD,BD,HD,Barcelona Dragons,Hamburg Sea Devils,7/31/2021,Hamburg,Stadion Hoheluft,18:00,21:00,Y,03:00,0,18 deg.C,NA,Rainy,T. Denker,M. Kattilus,M. Berger,D. Jurzyk,M. Hoffmann,E. Christensen,H. Horak,H. Horak,HD,2,11,BD30,"H,2,11,V30","25,6,189","RUSH:34,V29, TACK:7,55",J. Ampaw rush for 1 yard to the BD29 (M. Tavarres;I. Guiterrez).,"H,3,10,V29",rush,NA,NA,NA,0,17,19,0,25,H,HD,"PUNT,4,04:17,50","FG,4,02:22,71",5,21,1:55,PUNT,4,04:17,HD50,FG,4,02:22,BD29,NA
2021_07_BD_HD,BD,HD,Barcelona Dragons,Hamburg Sea Devils,7/31/2021,Hamburg,Stadion Hoheluft,18:00,21:00,Y,03:00,0,18 deg.C,NA,Rainy,T. Denker,M. Kattilus,M. Berger,D. Jurzyk,M. Hoffmann,E. Christensen,H. Horak,H. Horak,HD,3,10,BD29,"H,3,10,V29","25,7,190",TOUT:V T:03:11,"Timeout Barcelona Dragons, clock 03:11.","H,3,10,V29",NA,03:11,NA,NA,0,17,19,0,25,H,HD,"PUNT,4,04:17,50","FG,4,02:22,71",5,21,1:55,PUNT,4,04:17,HD50,FG,4,02:22,BD29,NA
2021_07_BD_HD,BD,HD,Barcelona Dragons,Hamburg Sea Devils,7/31/2021,Hamburg,Stadion Hoheluft,18:00,21:00,Y,03:00,0,18 deg.C,NA,Rainy,T. Denker,M. Kattilus,M. Berger,D. Jurzyk,M. Hoffmann,E. Christensen,H. Horak,H. Horak,HD,3,10,BD29,"H,3,10,V29","25,8,191","RUSH:10,V29, TACK:45",J. Clark rush for no gain to the BD29 (A. Gonzalez).,"H,4,10,V29",rush,NA,NA,NA,0,17,19,0,25,H,HD,"PUNT,4,04:17,50","FG,4,02:22,71",5,21,1:55,PUNT,4,04:17,HD50,FG,4,02:22,BD29,NA
2021_07_BD_HD,BD,HD,Barcelona Dragons,Hamburg Sea Devils,7/31/2021,Hamburg,Stadion Hoheluft,18:00,21:00,Y,03:00,0,18 deg.C,NA,Rainy,T. Denker,M. Kattilus,M. Berger,D. Jurzyk,M. Hoffmann,E. Christensen,H. Horak,H. Horak,HD,4,10,BD29,"H,4,10,V29","25,9,192","FGA:4,46,G T:02:22","P. Andersen field goal attempt from 46 GOOD, clock 02:22.","H,1,0,H35",field_goal,02:22,NA,NA,1,17,22,0,25,H,HD,"PUNT,4,04:17,50","FG,4,02:22,71",5,21,1:55,PUNT,4,04:17,HD50,FG,4,02:22,BD29,NA
2021_07_BD_HD,BD,HD,Barcelona Dragons,Hamburg Sea Devils,7/31/2021,Hamburg,Stadion Hoheluft,18:00,21:00,Y,03:00,0,18 deg.C,NA,Rainy,T. Denker,M. Kattilus,M. Berger,D. Jurzyk,M. Hoffmann,E. Christensen,H. Horak,H. Horak,HD,1,0,HD35,"H,1,0,H35","25,10,193","KO:4,V00 TB:","P. Andersen kickoff 65 yards to the BD0, touchback.","V,1,10,V25",kick_off,NA,NA,NA,0,17,22,0,25,H,HD,"PUNT,4,04:17,50","FG,4,02:22,71",5,21,1:55,PUNT,4,04:17,HD50,FG,4,02:22,BD29,NA
2021_07_BD_HD,BD,HD,Barcelona Dragons,Hamburg Sea Devils,7/31/2021,Hamburg,Stadion Hoheluft,18:00,21:00,Y,03:00,0,18 deg.C,NA,Rainy,T. Denker,M. Kattilus,M. Berger,D. Jurzyk,M. Hoffmann,E. Christensen,H. Horak,H. Horak,BD,1,10,BD25,"V,1,10,V25","26,1,194",{DRIVE}:02:22,BARCELONA DRAGONS drive start at 02:22.,"V,1,10,V25",NA,02:22,NA,NA,0,17,22,0,26,V,BD,"KO,4,02:22,25","INT,4,00:11,34",6,9,2:11,KO,4,02:22,BD25,INT,4,00:11,BD34,NA
2021_07_BD_HD,BD,HD,Barcelona Dragons,Hamburg Sea Devils,7/31/2021,Hamburg,Stadion Hoheluft,18:00,21:00,Y,03:00,0,18 deg.C,NA,Rainy,T. Denker,M. Kattilus,M. Berger,D. Jurzyk,M. Hoffmann,E. Christensen,H. Horak,H. Horak,BD,1,10,BD25,"V,1,10,V25","26,2,195","PASS:1,C,25,V30 TACK:28",Z. Edwards pass complete to N. Lester for 5 yards to the BD30 (B. Maruschke).,"V,2,5,V30",pass,NA,NA,NA,0,17,22,0,26,V,BD,"KO,4,02:22,25","INT,4,00:11,34",6,9,2:11,KO,4,02:22,BD25,INT,4,00:11,BD34,NA
2021_07_BD_HD,BD,HD,Barcelona Dragons,Hamburg Sea Devils,7/31/2021,Hamburg,Stadion Hoheluft,18:00,21:00,Y,03:00,0,18 deg.C,NA,Rainy,T. Denker,M. Kattilus,M. Berger,D. Jurzyk,M. Hoffmann,E. Christensen,H. Horak,H. Horak,BD,2,5,BD30,"V,2,5,V30","26,3,196","PASS:1,C,5,V37 TACK:40","Z. Edwards pass complete to J. Constant for 7 yards to the BD37, 1ST DOWN BD (M. Spiegel).","V,1,10,V37",pass,NA,pass,NA,0,17,22,0,26,V,BD,"KO,4,02:22,25","INT,4,00:11,34",6,9,2:11,KO,4,02:22,BD25,INT,4,00:11,BD34,NA
2021_07_BD_HD,BD,HD,Barcelona Dragons,Hamburg Sea Devils,7/31/2021,Hamburg,Stadion Hoheluft,18:00,21:00,Y,03:00,0,18 deg.C,NA,Rainy,T. Denker,M. Kattilus,M. Berger,D. Jurzyk,M. Hoffmann,E. Christensen,H. Horak,H. Horak,BD,1,10,BD37,"V,1,10,V37","26,4,197","PASS:1,S,TM,V32 SACK:95",Z. Edwards sacked for loss of 5 yards to the BD32 (E. Yeboah).,"V,2,15,V32",pass,NA,NA,NA,0,17,22,0,26,V,BD,"KO,4,02:22,25","INT,4,00:11,34",6,9,2:11,KO,4,02:22,BD25,INT,4,00:11,BD34,NA
2021_07_BD_HD,BD,HD,Barcelona Dragons,Hamburg Sea Devils,7/31/2021,Hamburg,Stadion Hoheluft,18:00,21:00,Y,03:00,0,18 deg.C,NA,Rainy,T. Denker,M. Kattilus,M. Berger,D. Jurzyk,M. Hoffmann,E. Christensen,H. Horak,H. Horak,BD,2,15,BD32,"V,2,15,V32","26,5,198","RUSH:1,V26,",Z. Edwards rush for loss of 6 yards to the BD26.,"V,3,21,V26",rush,NA,NA,NA,0,17,22,0,26,V,BD,"KO,4,02:22,25","INT,4,00:11,34",6,9,2:11,KO,4,02:22,BD25,INT,4,00:11,BD34,NA
2021_07_BD_HD,BD,HD,Barcelona Dragons,Hamburg Sea Devils,7/31/2021,Hamburg,Stadion Hoheluft,18:00,21:00,Y,03:00,0,18 deg.C,NA,Rainy,T. Denker,M. Kattilus,M. Berger,D. Jurzyk,M. Hoffmann,E. Christensen,H. Horak,H. Horak,BD,3,21,BD26,"V,3,21,V26","26,6,199","PASS:1,C,15,V34 TACK:27",Z. Edwards pass complete to M. Flores for 8 yards to the BD34 (L. Mueller).,"V,4,13,V34",pass,NA,NA,NA,0,17,22,0,26,V,BD,"KO,4,02:22,25","INT,4,00:11,34",6,9,2:11,KO,4,02:22,BD25,INT,4,00:11,BD34,NA
2021_07_BD_HD,BD,HD,Barcelona Dragons,Hamburg Sea Devils,7/31/2021,Hamburg,Stadion Hoheluft,18:00,21:00,Y,03:00,0,18 deg.C,NA,Rainy,T. Denker,M. Kattilus,M. Berger,D. Jurzyk,M. Hoffmann,E. Christensen,H. Horak,H. Horak,BD,4,13,BD34,"V,4,13,V34","26,7,200","PASS:1,X,52,V40 RET:52,V40","Z. Edwards pass intercepted by A. Mati at the BD40, A. Mati return 0 yards to the BD40.","H,1,10,V40",pass,NA,NA,I,0,17,22,0,26,V,BD,"KO,4,02:22,25","INT,4,00:11,34",6,9,2:11,KO,4,02:22,BD25,INT,4,00:11,BD34,NA
2021_07_BD_HD,BD,HD,Barcelona Dragons,Hamburg Sea Devils,7/31/2021,Hamburg,Stadion Hoheluft,18:00,21:00,Y,03:00,0,18 deg.C,NA,Rainy,T. Denker,M. Kattilus,M. Berger,D. Jurzyk,M. Hoffmann,E. Christensen,H. Horak,H. Horak,HD,1,10,BD40,"H,1,10,V40","27,1,201",{DRIVE}:00:11,HAMBURG SEA DEVILS drive start at 00:11.,"H,1,10,V40",NA,00:11,NA,NA,0,17,22,0,27,H,HD,"INT,4,00:11,60","HALF,4,00:00,58",1,-2,0:11,INT,4,00:11,BD40,HALF,4,00:00,BD42,NA
2021_07_BD_HD,BD,HD,Barcelona Dragons,Hamburg Sea Devils,7/31/2021,Hamburg,Stadion Hoheluft,18:00,21:00,Y,03:00,0,18 deg.C,NA,Rainy,T. Denker,M. Kattilus,M. Berger,D. Jurzyk,M. Hoffmann,E. Christensen,H. Horak,H. Horak,HD,1,10,BD40,"H,1,10,V40","27,2,202","RUSH:10,V42,",J. Clark rush for loss of 2 yards to the BD42.,"H,2,12,V42",rush,NA,NA,NA,0,17,22,0,27,H,HD,"INT,4,00:11,60","HALF,4,00:00,58",1,-2,0:11,INT,4,00:11,BD40,HALF,4,00:00,BD42,NA
2021_07_BD_HD,BD,HD,Barcelona Dragons,Hamburg Sea Devils,7/31/2021,Hamburg,Stadion Hoheluft,18:00,21:00,Y,03:00,0,18 deg.C,NA,Rainy,T. Denker,M. Kattilus,M. Berger,D. Jurzyk,M. Hoffmann,E. Christensen,H. Horak,H. Horak,HD,2,12,BD42,"H,2,12,V42","27,3,203",HALF: T:00:00,"End of game, clock 00:00.","H,2,12,V42",NA,00:00,NA,NA,0,17,22,0,27,H,HD,"INT,4,00:11,60","HALF,4,00:00,58",1,-2,0:11,INT,4,00:11,BD40,HALF,4,00:00,BD42,NA
