game_id,away_team_id,home_team_id,away_team,home_team,date,location,stadium,start,end,leaguegame,nitegame,schednote,duration,attend,temp,wind,weather,ref,ump,line,lj,bj,fj,sj,posteam,down,togo,spot,context,play_id,play_type,clock,tokens,desc,newcontext,first_down_with,oob,turnover,score,away_score_post,home_score_post,drive_number,drive_vh,drive_team,drive_start,drive_end,drive_plays,drive_yards,drive_top,drive_start_how,drive_start_qtr,drive_start_time,drive_start_spot,drive_end_how,drive_end_qtr,drive_end_time,drive_end_spot,drive_rz
2021_01_CC_PW,CC,PW,Cologne Centurions,Panthers Wroclaw,6/19/2021,"Wroclaw, Poland",Stadion Olimpijski,18:00,21:14,Y,Y,W,3:14,3000,32C,E 8km/h,Sunny,Walentynowicz,Klimes,Walentynowicz,Pachulski,Simon,Hameder,Kriesman,CC,1,10,CC35,"V,1,10,V35","0,1,0",NA,00:00,Q:1 T:00:00,"Start of 1st quarter, clock 00:00.","V,1,10,V35",NA,0,NA,0,0,0,0,NA,NA,NA,NA,NA,NA,NA,NA,NA,NA,NA,NA,NA,NA,NA,NA
2021_01_CC_PW,CC,PW,Cologne Centurions,Panthers Wroclaw,6/19/2021,"Wroclaw, Poland",Stadion Olimpijski,18:00,21:14,Y,Y,W,3:14,3000,32C,E 8km/h,Sunny,Walentynowicz,Klimes,Walentynowicz,Pachulski,Simon,Hameder,Kriesman,CC,1,10,CC35,"V,1,10,V35","0,2,2",NA,NA,"SPOT:H,H35,N",PW ball on PW35.,"H,1,10,H35",NA,0,NA,0,0,0,0,NA,NA,NA,NA,NA,NA,NA,NA,NA,NA,NA,NA,NA,NA,NA,NA
2021_01_CC_PW,CC,PW,Cologne Centurions,Panthers Wroclaw,6/19/2021,"Wroclaw, Poland",Stadion Olimpijski,18:00,21:14,Y,Y,W,3:14,3000,32C,E 8km/h,Sunny,Walentynowicz,Klimes,Walentynowicz,Pachulski,Simon,Hameder,Kriesman,PW,1,10,PW35,"H,1,10,H35","0,3,3",kick_off,NA,"KO:11,V05 RET:1,V30 TACK:20","D. Panczyszyn kickoff 60 yards to the CC5, Q. Pounds return 25 yards to the CC30 (K. Rokicinski).","V,1,10,V30",NA,0,NA,0,0,0,0,NA,NA,NA,NA,NA,NA,NA,NA,NA,NA,NA,NA,NA,NA,NA,NA
2021_01_CC_PW,CC,PW,Cologne Centurions,Panthers Wroclaw,6/19/2021,"Wroclaw, Poland",Stadion Olimpijski,18:00,21:14,Y,Y,W,3:14,3000,32C,E 8km/h,Sunny,Walentynowicz,Klimes,Walentynowicz,Pachulski,Simon,Hameder,Kriesman,CC,1,10,CC30,"V,1,10,V30","1,1,4",rush,NA,"RUSH:9,V33, TACK:5",C. Ezeala rush for 3 yards to the CC33 (G. Zec).,"V,2,7,V33",NA,0,NA,0,0,0,1,V,CC,"KO,1,00:00,30","PUNT,1,00:00,33",3,3,0:00,KO,1,00:00,CC30,PUNT,1,00:00,CC33,NA
2021_01_CC_PW,CC,PW,Cologne Centurions,Panthers Wroclaw,6/19/2021,"Wroclaw, Poland",Stadion Olimpijski,18:00,21:14,Y,Y,W,3:14,3000,32C,E 8km/h,Sunny,Walentynowicz,Klimes,Walentynowicz,Pachulski,Simon,Hameder,Kriesman,CC,2,7,CC33,"V,2,7,V33","1,2,5",rush,NA,"RUSH:9,V33, TACK:4",C. Ezeala rush for no gain to the CC33 (W. Lloyd).,"V,3,7,V33",NA,0,NA,0,0,0,1,V,CC,"KO,1,00:00,30","PUNT,1,00:00,33",3,3,0:00,KO,1,00:00,CC30,PUNT,1,00:00,CC33,NA
2021_01_CC_PW,CC,PW,Cologne Centurions,Panthers Wroclaw,6/19/2021,"Wroclaw, Poland",Stadion Olimpijski,18:00,21:14,Y,Y,W,3:14,3000,32C,E 8km/h,Sunny,Walentynowicz,Klimes,Walentynowicz,Pachulski,Simon,Hameder,Kriesman,CC,3,7,CC33,"V,3,7,V33","1,3,6",pass,NA,"PASS:7,I,10,*",D. Farley pass incomplete to J. Schlesinger.,"V,4,7,V33",NA,0,NA,0,0,0,1,V,CC,"KO,1,00:00,30","PUNT,1,00:00,33",3,3,0:00,KO,1,00:00,CC30,PUNT,1,00:00,CC33,NA
2021_01_CC_PW,CC,PW,Cologne Centurions,Panthers Wroclaw,6/19/2021,"Wroclaw, Poland",Stadion Olimpijski,18:00,21:14,Y,Y,W,3:14,3000,32C,E 8km/h,Sunny,Walentynowicz,Klimes,Walentynowicz,Pachulski,Simon,Hameder,Kriesman,CC,4,7,CC33,"V,4,7,V33","1,4,7",punt,NA,"PUNT:9,H24 RET:1,H38","C. Ezeala punt 43 yards to the PW24, D. Robinson return 14 yards to the PW38.","H,1,10,H38",NA,0,NA,0,0,0,1,V,CC,"KO,1,00:00,30","PUNT,1,00:00,33",3,3,0:00,KO,1,00:00,CC30,PUNT,1,00:00,CC33,NA
2021_01_CC_PW,CC,PW,Cologne Centurions,Panthers Wroclaw,6/19/2021,"Wroclaw, Poland",Stadion Olimpijski,18:00,21:14,Y,Y,W,3:14,3000,32C,E 8km/h,Sunny,Walentynowicz,Klimes,Walentynowicz,Pachulski,Simon,Hameder,Kriesman,PW,1,10,PW38,"H,1,10,H38","2,1,8",pass,NA,"PASS:2,S,TM,H24 SACK:44",L. O'Connor sacked for loss of 14 yards to the PW24 (M. Kensy).,"H,2,24,H24",NA,0,NA,0,0,0,2,H,PW,"PUNT,1,00:00,38","DOWNS,1,00:00,99",13,61,0:00,PUNT,1,00:00,PW38,DOWNS,1,00:00,CC01,1
2021_01_CC_PW,CC,PW,Cologne Centurions,Panthers Wroclaw,6/19/2021,"Wroclaw, Poland",Stadion Olimpijski,18:00,21:14,Y,Y,W,3:14,3000,32C,E 8km/h,Sunny,Walentynowicz,Klimes,Walentynowicz,Pachulski,Simon,Hameder,Kriesman,PW,2,24,PW24,"H,2,24,H24","2,2,9",pass,NA,"PASS:2,I,16,*",L. O'Connor pass incomplete to W. Zieba.,"H,3,24,H24",NA,0,NA,0,0,0,2,H,PW,"PUNT,1,00:00,38","DOWNS,1,00:00,99",13,61,0:00,PUNT,1,00:00,PW38,DOWNS,1,00:00,CC01,1
2021_01_CC_PW,CC,PW,Cologne Centurions,Panthers Wroclaw,6/19/2021,"Wroclaw, Poland",Stadion Olimpijski,18:00,21:14,Y,Y,W,3:14,3000,32C,E 8km/h,Sunny,Walentynowicz,Klimes,Walentynowicz,Pachulski,Simon,Hameder,Kriesman,PW,3,24,PW24,"H,3,24,H24","2,3,10",pass,NA,"PASS:2,C,82,H50 OB:","L. O'Connor pass complete to P. Banat for 26 yards to the 50 yardline, 1ST DOWN PW, out-of-bounds.","H,1,10,H50",pass,1,NA,0,0,0,2,H,PW,"PUNT,1,00:00,38","DOWNS,1,00:00,99",13,61,0:00,PUNT,1,00:00,PW38,DOWNS,1,00:00,CC01,1
2021_01_CC_PW,CC,PW,Cologne Centurions,Panthers Wroclaw,6/19/2021,"Wroclaw, Poland",Stadion Olimpijski,18:00,21:14,Y,Y,W,3:14,3000,32C,E 8km/h,Sunny,Walentynowicz,Klimes,Walentynowicz,Pachulski,Simon,Hameder,Kriesman,PW,1,10,PW50,"H,1,10,H50","2,4,11",rush,NA,"RUSH:24,V48,",M. Herndon rush for 2 yards to the CC48.,"H,2,8,V48",NA,0,NA,0,0,0,2,H,PW,"PUNT,1,00:00,38","DOWNS,1,00:00,99",13,61,0:00,PUNT,1,00:00,PW38,DOWNS,1,00:00,CC01,1
2021_01_CC_PW,CC,PW,Cologne Centurions,Panthers Wroclaw,6/19/2021,"Wroclaw, Poland",Stadion Olimpijski,18:00,21:14,Y,Y,W,3:14,3000,32C,E 8km/h,Sunny,Walentynowicz,Klimes,Walentynowicz,Pachulski,Simon,Hameder,Kriesman,PW,2,8,CC48,"H,2,8,V48","2,5,12",pass,NA,"PASS:2,C,23,V42 TACK:99",L. O'Connor pass complete to J. Mazan for 6 yards to the CC42 (J. De Souza B.).,"H,3,2,V42",NA,0,NA,0,0,0,2,H,PW,"PUNT,1,00:00,38","DOWNS,1,00:00,99",13,61,0:00,PUNT,1,00:00,PW38,DOWNS,1,00:00,CC01,1
2021_01_CC_PW,CC,PW,Cologne Centurions,Panthers Wroclaw,6/19/2021,"Wroclaw, Poland",Stadion Olimpijski,18:00,21:14,Y,Y,W,3:14,3000,32C,E 8km/h,Sunny,Walentynowicz,Klimes,Walentynowicz,Pachulski,Simon,Hameder,Kriesman,PW,3,2,CC42,"H,3,2,V42","2,6,13",rush,NA,"RUSH:24,V35, TACK:48","M. Herndon rush for 7 yards to the CC35, 1ST DOWN PW (K. Bongaerts).","H,1,10,V35",rush,0,NA,0,0,0,2,H,PW,"PUNT,1,00:00,38","DOWNS,1,00:00,99",13,61,0:00,PUNT,1,00:00,PW38,DOWNS,1,00:00,CC01,1
2021_01_CC_PW,CC,PW,Cologne Centurions,Panthers Wroclaw,6/19/2021,"Wroclaw, Poland",Stadion Olimpijski,18:00,21:14,Y,Y,W,3:14,3000,32C,E 8km/h,Sunny,Walentynowicz,Klimes,Walentynowicz,Pachulski,Simon,Hameder,Kriesman,PW,1,10,CC35,"H,1,10,V35","2,7,14",pass,NA,"PASS:2,C,23,V19 OB:","L. O'Connor pass complete to J. Mazan for 16 yards to the CC19, 1ST DOWN PW, out-of-bounds.","H,1,10,V19",pass,1,NA,0,0,0,2,H,PW,"PUNT,1,00:00,38","DOWNS,1,00:00,99",13,61,0:00,PUNT,1,00:00,PW38,DOWNS,1,00:00,CC01,1
2021_01_CC_PW,CC,PW,Cologne Centurions,Panthers Wroclaw,6/19/2021,"Wroclaw, Poland",Stadion Olimpijski,18:00,21:14,Y,Y,W,3:14,3000,32C,E 8km/h,Sunny,Walentynowicz,Klimes,Walentynowicz,Pachulski,Simon,Hameder,Kriesman,PW,1,10,CC19,"H,1,10,V19","2,8,15",pass,NA,"PASS:2,I,23,*",L. O'Connor pass incomplete to J. Mazan.,"H,2,10,V19",NA,0,NA,0,0,0,2,H,PW,"PUNT,1,00:00,38","DOWNS,1,00:00,99",13,61,0:00,PUNT,1,00:00,PW38,DOWNS,1,00:00,CC01,1
2021_01_CC_PW,CC,PW,Cologne Centurions,Panthers Wroclaw,6/19/2021,"Wroclaw, Poland",Stadion Olimpijski,18:00,21:14,Y,Y,W,3:14,3000,32C,E 8km/h,Sunny,Walentynowicz,Klimes,Walentynowicz,Pachulski,Simon,Hameder,Kriesman,PW,2,10,CC19,"H,2,10,V19","2,9,16",pass,NA,"PASS:2,C,24,V09 TACK:20","L. O'Connor pass complete to M. Herndon for 10 yards to the CC9, 1ST DOWN PW (J. Seibel).","H,1,0,V09",pass,0,NA,0,0,0,2,H,PW,"PUNT,1,00:00,38","DOWNS,1,00:00,99",13,61,0:00,PUNT,1,00:00,PW38,DOWNS,1,00:00,CC01,1
2021_01_CC_PW,CC,PW,Cologne Centurions,Panthers Wroclaw,6/19/2021,"Wroclaw, Poland",Stadion Olimpijski,18:00,21:14,Y,Y,W,3:14,3000,32C,E 8km/h,Sunny,Walentynowicz,Klimes,Walentynowicz,Pachulski,Simon,Hameder,Kriesman,PW,1,0,CC09,"H,1,0,V09","2,10,17",rush,NA,"RUSH:24,V10, TACK:TM",M. Herndon rush for loss of 1 yard to the CC10 (TEAM).,"H,2,0,V10",NA,0,NA,0,0,0,2,H,PW,"PUNT,1,00:00,38","DOWNS,1,00:00,99",13,61,0:00,PUNT,1,00:00,PW38,DOWNS,1,00:00,CC01,1
2021_01_CC_PW,CC,PW,Cologne Centurions,Panthers Wroclaw,6/19/2021,"Wroclaw, Poland",Stadion Olimpijski,18:00,21:14,Y,Y,W,3:14,3000,32C,E 8km/h,Sunny,Walentynowicz,Klimes,Walentynowicz,Pachulski,Simon,Hameder,Kriesman,PW,2,0,CC10,"H,2,0,V10","2,11,18",pass,NA,"PASS:2,I,16,*",L. O'Connor pass incomplete to W. Zieba.,"H,3,0,V10",NA,0,NA,0,0,0,2,H,PW,"PUNT,1,00:00,38","DOWNS,1,00:00,99",13,61,0:00,PUNT,1,00:00,PW38,DOWNS,1,00:00,CC01,1
2021_01_CC_PW,CC,PW,Cologne Centurions,Panthers Wroclaw,6/19/2021,"Wroclaw, Poland",Stadion Olimpijski,18:00,21:14,Y,Y,W,3:14,3000,32C,E 8km/h,Sunny,Walentynowicz,Klimes,Walentynowicz,Pachulski,Simon,Hameder,Kriesman,PW,3,0,CC10,"H,3,0,V10","2,12,19",pass,NA,"PASS:2,C,82,V03 TACK:23",L. O'Connor pass complete to P. Banat for 7 yards to the CC3 (T. Janssen).,"H,4,0,V03",NA,0,NA,0,0,0,2,H,PW,"PUNT,1,00:00,38","DOWNS,1,00:00,99",13,61,0:00,PUNT,1,00:00,PW38,DOWNS,1,00:00,CC01,1
2021_01_CC_PW,CC,PW,Cologne Centurions,Panthers Wroclaw,6/19/2021,"Wroclaw, Poland",Stadion Olimpijski,18:00,21:14,Y,Y,W,3:14,3000,32C,E 8km/h,Sunny,Walentynowicz,Klimes,Walentynowicz,Pachulski,Simon,Hameder,Kriesman,PW,4,0,CC03,"H,4,0,V03","2,13,20",rush,NA,"RUSH:25,V01, TACK:TM",P. Pasqualini rush for 2 yards to the CC1 (TEAM).,"V,1,10,V01",NA,0,NA,0,0,0,2,H,PW,"PUNT,1,00:00,38","DOWNS,1,00:00,99",13,61,0:00,PUNT,1,00:00,PW38,DOWNS,1,00:00,CC01,1
2021_01_CC_PW,CC,PW,Cologne Centurions,Panthers Wroclaw,6/19/2021,"Wroclaw, Poland",Stadion Olimpijski,18:00,21:14,Y,Y,W,3:14,3000,32C,E 8km/h,Sunny,Walentynowicz,Klimes,Walentynowicz,Pachulski,Simon,Hameder,Kriesman,CC,1,10,CC01,"V,1,10,V01","3,1,21",rush,NA,"RUSH:7,V03, TACK:6,4",D. Farley rush for 2 yards to the CC3 (K. Ruta;W. Lloyd).,"V,2,8,V03",NA,0,NA,0,0,0,3,V,CC,"DOWNS,1,00:00,1","INT,1,00:00,40",6,39,0:00,DOWNS,1,00:00,CC01,INT,1,00:00,CC40,NA
2021_01_CC_PW,CC,PW,Cologne Centurions,Panthers Wroclaw,6/19/2021,"Wroclaw, Poland",Stadion Olimpijski,18:00,21:14,Y,Y,W,3:14,3000,32C,E 8km/h,Sunny,Walentynowicz,Klimes,Walentynowicz,Pachulski,Simon,Hameder,Kriesman,CC,2,8,CC03,"V,2,8,V03","3,2,22",rush,NA,"RUSH:28,V25, TACK:19","M. London rush for 22 yards to the CC25, 1ST DOWN CC (D. Piatkowski).","V,1,10,V25",rush,0,NA,0,0,0,3,V,CC,"DOWNS,1,00:00,1","INT,1,00:00,40",6,39,0:00,DOWNS,1,00:00,CC01,INT,1,00:00,CC40,NA
2021_01_CC_PW,CC,PW,Cologne Centurions,Panthers Wroclaw,6/19/2021,"Wroclaw, Poland",Stadion Olimpijski,18:00,21:14,Y,Y,W,3:14,3000,32C,E 8km/h,Sunny,Walentynowicz,Klimes,Walentynowicz,Pachulski,Simon,Hameder,Kriesman,CC,1,10,CC25,"V,1,10,V25","3,3,23",rush,NA,"RUSH:28,V26, TACK:94",M. London rush for 1 yard to the CC26 (K. Brauns).,"V,2,9,V26",NA,0,NA,0,0,0,3,V,CC,"DOWNS,1,00:00,1","INT,1,00:00,40",6,39,0:00,DOWNS,1,00:00,CC01,INT,1,00:00,CC40,NA
2021_01_CC_PW,CC,PW,Cologne Centurions,Panthers Wroclaw,6/19/2021,"Wroclaw, Poland",Stadion Olimpijski,18:00,21:14,Y,Y,W,3:14,3000,32C,E 8km/h,Sunny,Walentynowicz,Klimes,Walentynowicz,Pachulski,Simon,Hameder,Kriesman,CC,2,9,CC26,"V,2,9,V26","3,4,24",pass,NA,"PASS:7,I,TM,*",D. Farley pass incomplete.,"V,3,9,V26",NA,0,NA,0,0,0,3,V,CC,"DOWNS,1,00:00,1","INT,1,00:00,40",6,39,0:00,DOWNS,1,00:00,CC01,INT,1,00:00,CC40,NA
2021_01_CC_PW,CC,PW,Cologne Centurions,Panthers Wroclaw,6/19/2021,"Wroclaw, Poland",Stadion Olimpijski,18:00,21:14,Y,Y,W,3:14,3000,32C,E 8km/h,Sunny,Walentynowicz,Klimes,Walentynowicz,Pachulski,Simon,Hameder,Kriesman,CC,3,9,CC26,"V,3,9,V26","3,5,25",penalty,NA,"PASS:7,B,TM,* BRUP:99 PEN:H,RP,A,92,V41,1 NOPLAY:","D. Farley pass incomplete (R. Rosolek), PENALTY PW roughing passer (A. Brudny) 15 yards to the CC41, 1ST DOWN CC, NO PLAY.","V,1,10,V41",penalty,0,NA,0,0,0,3,V,CC,"DOWNS,1,00:00,1","INT,1,00:00,40",6,39,0:00,DOWNS,1,00:00,CC01,INT,1,00:00,CC40,NA
2021_01_CC_PW,CC,PW,Cologne Centurions,Panthers Wroclaw,6/19/2021,"Wroclaw, Poland",Stadion Olimpijski,18:00,21:14,Y,Y,W,3:14,3000,32C,E 8km/h,Sunny,Walentynowicz,Klimes,Walentynowicz,Pachulski,Simon,Hameder,Kriesman,CC,1,10,CC41,"V,1,10,V41","3,6,26",penalty,NA,"PEN:V,FS,A,53,V36,N",PENALTY CC false start (53) 5 yards to the CC36.,"V,1,15,V36",NA,0,NA,0,0,0,3,V,CC,"DOWNS,1,00:00,1","INT,1,00:00,40",6,39,0:00,DOWNS,1,00:00,CC01,INT,1,00:00,CC40,NA
2021_01_CC_PW,CC,PW,Cologne Centurions,Panthers Wroclaw,6/19/2021,"Wroclaw, Poland",Stadion Olimpijski,18:00,21:14,Y,Y,W,3:14,3000,32C,E 8km/h,Sunny,Walentynowicz,Klimes,Walentynowicz,Pachulski,Simon,Hameder,Kriesman,CC,1,15,CC36,"V,1,15,V36","3,7,27",rush,NA,"RUSH:9,V40, TACK:1,5",C. Ezeala rush for 4 yards to the CC40 (D. Robinson;G. Zec).,"V,2,11,V40",NA,0,NA,0,0,0,3,V,CC,"DOWNS,1,00:00,1","INT,1,00:00,40",6,39,0:00,DOWNS,1,00:00,CC01,INT,1,00:00,CC40,NA
2021_01_CC_PW,CC,PW,Cologne Centurions,Panthers Wroclaw,6/19/2021,"Wroclaw, Poland",Stadion Olimpijski,18:00,21:14,Y,Y,W,3:14,3000,32C,E 8km/h,Sunny,Walentynowicz,Klimes,Walentynowicz,Pachulski,Simon,Hameder,Kriesman,CC,2,11,CC40,"V,2,11,V40","3,8,28",NA,00:00,TOUT:V T:00:00,"Timeout Cologne Centurions, clock 00:00.","V,2,11,V40",NA,0,NA,0,0,0,3,V,CC,"DOWNS,1,00:00,1","INT,1,00:00,40",6,39,0:00,DOWNS,1,00:00,CC01,INT,1,00:00,CC40,NA
2021_01_CC_PW,CC,PW,Cologne Centurions,Panthers Wroclaw,6/19/2021,"Wroclaw, Poland",Stadion Olimpijski,18:00,21:14,Y,Y,W,3:14,3000,32C,E 8km/h,Sunny,Walentynowicz,Klimes,Walentynowicz,Pachulski,Simon,Hameder,Kriesman,CC,2,11,CC40,"V,2,11,V40","3,9,29",pass,NA,"PASS:7,X,1,V49 RET:1,V18 TACK:1","D. Farley pass intercepted by D. Robinson at the CC49, D. Robinson return 31 yards to the CC18 (Q. Pounds).","H,1,10,V18",NA,0,I,0,0,0,3,V,CC,"DOWNS,1,00:00,1","INT,1,00:00,40",6,39,0:00,DOWNS,1,00:00,CC01,INT,1,00:00,CC40,NA
2021_01_CC_PW,CC,PW,Cologne Centurions,Panthers Wroclaw,6/19/2021,"Wroclaw, Poland",Stadion Olimpijski,18:00,21:14,Y,Y,W,3:14,3000,32C,E 8km/h,Sunny,Walentynowicz,Klimes,Walentynowicz,Pachulski,Simon,Hameder,Kriesman,PW,1,10,CC18,"H,1,10,V18","4,1,30",pat,00:00,"PASS:2,C,23,V00 T:00:00 PAT:K,11,G","L. O'Connor pass complete to J. Mazan for 18 yards to the CC0, 1ST DOWN PW, TOUCHDOWN, clock 00:00, D. Panczyszyn kick attempt good.","H,1,0,H35",pass,0,NA,1,0,7,4,H,PW,"INT,1,00:00,82","TD,1,00:00,100",1,18,0:00,INT,1,00:00,CC18,TD,1,00:00,CC00,1
2021_01_CC_PW,CC,PW,Cologne Centurions,Panthers Wroclaw,6/19/2021,"Wroclaw, Poland",Stadion Olimpijski,18:00,21:14,Y,Y,W,3:14,3000,32C,E 8km/h,Sunny,Walentynowicz,Klimes,Walentynowicz,Pachulski,Simon,Hameder,Kriesman,PW,1,0,PW35,"H,1,0,H35","4,2,31",kick_off,NA,"KO:11,V08 RET:1,V39 TACK:87","D. Panczyszyn kickoff 57 yards to the CC8, Q. Pounds return 31 yards to the CC39 (I. Maslanka).","V,1,10,V39",NA,0,NA,0,0,7,4,H,PW,"INT,1,00:00,82","TD,1,00:00,100",1,18,0:00,INT,1,00:00,CC18,TD,1,00:00,CC00,1
2021_01_CC_PW,CC,PW,Cologne Centurions,Panthers Wroclaw,6/19/2021,"Wroclaw, Poland",Stadion Olimpijski,18:00,21:14,Y,Y,W,3:14,3000,32C,E 8km/h,Sunny,Walentynowicz,Klimes,Walentynowicz,Pachulski,Simon,Hameder,Kriesman,CC,1,10,CC39,"V,1,10,V39","5,1,32",pat,00:00,"PASS:7,X,1,V45 RET:1,V00 T:00:00 PAT:K,11,G","D. Farley pass intercepted by D. Robinson at the CC45, D. Robinson return 45 yards to the CC0, TOUCHDOWN, clock 00:00, D. Panczyszyn kick attempt good.","H,1,0,H35",NA,0,I,1,0,14,5,V,CC,"KO,1,00:00,39","INT,1,00:00,39",1,0,0:00,KO,1,00:00,CC39,INT,1,00:00,CC39,NA
2021_01_CC_PW,CC,PW,Cologne Centurions,Panthers Wroclaw,6/19/2021,"Wroclaw, Poland",Stadion Olimpijski,18:00,21:14,Y,Y,W,3:14,3000,32C,E 8km/h,Sunny,Walentynowicz,Klimes,Walentynowicz,Pachulski,Simon,Hameder,Kriesman,PW,1,0,PW35,"H,1,0,H35","6,1,33",penalty,NA,"PEN:H,UC,A,TM,H20,N",PENALTY PW unsportsmanlike conduct 15 yards to the PW20.,"H,1,0,H20",NA,0,NA,0,0,14,6,H,PW,"INT,1,00:00,100","TD,1,00:00,100",0,0,0:00,INT,1,00:00,CC00,TD,1,00:00,CC00,NA
2021_01_CC_PW,CC,PW,Cologne Centurions,Panthers Wroclaw,6/19/2021,"Wroclaw, Poland",Stadion Olimpijski,18:00,21:14,Y,Y,W,3:14,3000,32C,E 8km/h,Sunny,Walentynowicz,Klimes,Walentynowicz,Pachulski,Simon,Hameder,Kriesman,PW,1,0,PW20,"H,1,0,H20","6,2,34",kick_off,NA,"KO:11,V23 RET:1,H23 TACK:31","D. Panczyszyn kickoff 57 yards to the CC23, Q. Pounds return 54 yards to the PW23 (S. Romanowski).","V,1,10,H23",NA,0,NA,0,0,14,6,H,PW,"INT,1,00:00,100","TD,1,00:00,100",0,0,0:00,INT,1,00:00,CC00,TD,1,00:00,CC00,NA
2021_01_CC_PW,CC,PW,Cologne Centurions,Panthers Wroclaw,6/19/2021,"Wroclaw, Poland",Stadion Olimpijski,18:00,21:14,Y,Y,W,3:14,3000,32C,E 8km/h,Sunny,Walentynowicz,Klimes,Walentynowicz,Pachulski,Simon,Hameder,Kriesman,CC,1,10,PW23,"V,1,10,H23","7,1,35",rush,NA,"RUSH:23,H23, TACK:31,6",T. Janssen rush for no gain to the PW23 (S. Romanowski;K. Ruta).,"V,2,10,H23",NA,0,NA,0,0,14,7,V,CC,"KO,1,00:00,77","FGA,1,00:00,81",4,4,0:00,KO,1,00:00,PW23,FGA,1,00:00,PW19,1
2021_01_CC_PW,CC,PW,Cologne Centurions,Panthers Wroclaw,6/19/2021,"Wroclaw, Poland",Stadion Olimpijski,18:00,21:14,Y,Y,W,3:14,3000,32C,E 8km/h,Sunny,Walentynowicz,Klimes,Walentynowicz,Pachulski,Simon,Hameder,Kriesman,CC,2,10,PW23,"V,2,10,H23","7,2,36",rush,NA,"RUSH:28,H20, TACK:56",M. London rush for 3 yards to the PW20 (K. Pawlak).,"V,3,7,H20",NA,0,NA,0,0,14,7,V,CC,"KO,1,00:00,77","FGA,1,00:00,81",4,4,0:00,KO,1,00:00,PW23,FGA,1,00:00,PW19,1
2021_01_CC_PW,CC,PW,Cologne Centurions,Panthers Wroclaw,6/19/2021,"Wroclaw, Poland",Stadion Olimpijski,18:00,21:14,Y,Y,W,3:14,3000,32C,E 8km/h,Sunny,Walentynowicz,Klimes,Walentynowicz,Pachulski,Simon,Hameder,Kriesman,CC,3,7,PW20,"V,3,7,H20","7,3,37",pass,NA,"PASS:12,C,28,H14 TACK:1",J. Weinreich pass complete to M. London for 6 yards to the PW14 (D. Robinson).,"V,4,1,H14",NA,0,NA,0,0,14,7,V,CC,"KO,1,00:00,77","FGA,1,00:00,81",4,4,0:00,KO,1,00:00,PW23,FGA,1,00:00,PW19,1
2021_01_CC_PW,CC,PW,Cologne Centurions,Panthers Wroclaw,6/19/2021,"Wroclaw, Poland",Stadion Olimpijski,18:00,21:14,Y,Y,W,3:14,3000,32C,E 8km/h,Sunny,Walentynowicz,Klimes,Walentynowicz,Pachulski,Simon,Hameder,Kriesman,CC,4,1,PW14,"V,4,1,H14","7,4,38",NA,00:00,TOUT:V T:00:00,"Timeout Cologne Centurions, clock 00:00.","V,4,1,H14",NA,0,NA,0,0,14,7,V,CC,"KO,1,00:00,77","FGA,1,00:00,81",4,4,0:00,KO,1,00:00,PW23,FGA,1,00:00,PW19,1
2021_01_CC_PW,CC,PW,Cologne Centurions,Panthers Wroclaw,6/19/2021,"Wroclaw, Poland",Stadion Olimpijski,18:00,21:14,Y,Y,W,3:14,3000,32C,E 8km/h,Sunny,Walentynowicz,Klimes,Walentynowicz,Pachulski,Simon,Hameder,Kriesman,CC,4,1,PW14,"V,4,1,H14","7,5,39",penalty,NA,"PEN:V,FS,A,79,H19,N",PENALTY CC false start (79) 5 yards to the PW19.,"V,4,6,H19",NA,0,NA,0,0,14,7,V,CC,"KO,1,00:00,77","FGA,1,00:00,81",4,4,0:00,KO,1,00:00,PW23,FGA,1,00:00,PW19,1
2021_01_CC_PW,CC,PW,Cologne Centurions,Panthers Wroclaw,6/19/2021,"Wroclaw, Poland",Stadion Olimpijski,18:00,21:14,Y,Y,W,3:14,3000,32C,E 8km/h,Sunny,Walentynowicz,Klimes,Walentynowicz,Pachulski,Simon,Hameder,Kriesman,CC,4,6,PW19,"V,4,6,H19","7,6,40",field_goal,00:00,"FGA:2,36,M,H26,L T:00:00","D. Schuhmacher field goal attempt from 36 MISSED - wide left, spot at PW26, clock 00:00.","H,1,10,H26",NA,0,NA,0,0,14,7,V,CC,"KO,1,00:00,77","FGA,1,00:00,81",4,4,0:00,KO,1,00:00,PW23,FGA,1,00:00,PW19,1
2021_01_CC_PW,CC,PW,Cologne Centurions,Panthers Wroclaw,6/19/2021,"Wroclaw, Poland",Stadion Olimpijski,18:00,21:14,Y,Y,W,3:14,3000,32C,E 8km/h,Sunny,Walentynowicz,Klimes,Walentynowicz,Pachulski,Simon,Hameder,Kriesman,PW,1,10,PW26,"H,1,10,H26","8,1,41",rush,NA,"RUSH:24,H30, TACK:TM",M. Herndon rush for 4 yards to the PW30 (TEAM).,"H,2,6,H30",NA,0,NA,0,0,14,8,H,PW,"FGA,1,00:00,26","PUNT,2,00:00,30",3,4,0:00,FGA,1,00:00,PW26,PUNT,2,00:00,PW30,NA
2021_01_CC_PW,CC,PW,Cologne Centurions,Panthers Wroclaw,6/19/2021,"Wroclaw, Poland",Stadion Olimpijski,18:00,21:14,Y,Y,W,3:14,3000,32C,E 8km/h,Sunny,Walentynowicz,Klimes,Walentynowicz,Pachulski,Simon,Hameder,Kriesman,PW,2,6,PW30,"H,2,6,H30","8,2,42",pass,NA,"PASS:2,C,23,H35 OB:","L. O'Connor pass complete to J. Mazan for 5 yards to the PW35, out-of-bounds.","H,3,1,H35",NA,1,NA,0,0,14,8,H,PW,"FGA,1,00:00,26","PUNT,2,00:00,30",3,4,0:00,FGA,1,00:00,PW26,PUNT,2,00:00,PW30,NA
2021_01_CC_PW,CC,PW,Cologne Centurions,Panthers Wroclaw,6/19/2021,"Wroclaw, Poland",Stadion Olimpijski,18:00,21:14,Y,Y,W,3:14,3000,32C,E 8km/h,Sunny,Walentynowicz,Klimes,Walentynowicz,Pachulski,Simon,Hameder,Kriesman,PW,3,1,PW35,"H,3,1,H35","8,3,43",penalty,NA,"RUSH:24,H36, TACK:TM PEN:H,FS,A,TM,H30,N NOPLAY:","M. Herndon rush for 1 yard to the PW36 (TEAM), PENALTY PW false start 5 yards to the PW30, NO PLAY.","H,3,6,H30",NA,0,NA,0,0,14,8,H,PW,"FGA,1,00:00,26","PUNT,2,00:00,30",3,4,0:00,FGA,1,00:00,PW26,PUNT,2,00:00,PW30,NA
2021_01_CC_PW,CC,PW,Cologne Centurions,Panthers Wroclaw,6/19/2021,"Wroclaw, Poland",Stadion Olimpijski,18:00,21:14,Y,Y,W,3:14,3000,32C,E 8km/h,Sunny,Walentynowicz,Klimes,Walentynowicz,Pachulski,Simon,Hameder,Kriesman,PW,3,6,PW30,"H,3,6,H30","8,4,44",pass,NA,"PASS:2,I,15,*",L. O'Connor pass incomplete to B. Dziedzic.,"H,4,6,H30",NA,0,NA,0,0,14,8,H,PW,"FGA,1,00:00,26","PUNT,2,00:00,30",3,4,0:00,FGA,1,00:00,PW26,PUNT,2,00:00,PW30,NA
2021_01_CC_PW,CC,PW,Cologne Centurions,Panthers Wroclaw,6/19/2021,"Wroclaw, Poland",Stadion Olimpijski,18:00,21:14,Y,Y,W,3:14,3000,32C,E 8km/h,Sunny,Walentynowicz,Klimes,Walentynowicz,Pachulski,Simon,Hameder,Kriesman,PW,4,6,PW30,"H,4,6,H30","8,5,45",punt,NA,"PUNT:11,V36 FC:24","D. Panczyszyn punt 34 yards to the CC36, fair catch by D. Jacobs.","V,1,10,V36",NA,0,NA,0,0,14,8,H,PW,"FGA,1,00:00,26","PUNT,2,00:00,30",3,4,0:00,FGA,1,00:00,PW26,PUNT,2,00:00,PW30,NA
2021_01_CC_PW,CC,PW,Cologne Centurions,Panthers Wroclaw,6/19/2021,"Wroclaw, Poland",Stadion Olimpijski,18:00,21:14,Y,Y,W,3:14,3000,32C,E 8km/h,Sunny,Walentynowicz,Klimes,Walentynowicz,Pachulski,Simon,Hameder,Kriesman,CC,1,10,CC36,"V,1,10,V36","9,1,46",pass,NA,"PASS:12,I,11,*",J. Weinreich pass incomplete to N. Aarass.,"V,2,10,V36",NA,0,NA,0,0,14,9,V,CC,"PUNT,1,00:00,36","PUNT,2,00:00,40",3,4,0:00,PUNT,1,00:00,CC36,PUNT,2,00:00,CC40,NA
2021_01_CC_PW,CC,PW,Cologne Centurions,Panthers Wroclaw,6/19/2021,"Wroclaw, Poland",Stadion Olimpijski,18:00,21:14,Y,Y,W,3:14,3000,32C,E 8km/h,Sunny,Walentynowicz,Klimes,Walentynowicz,Pachulski,Simon,Hameder,Kriesman,CC,2,10,CC36,"V,2,10,V36","9,2,47",rush,NA,"RUSH:28,V40, TACK:4,21",M. London rush for 4 yards to the CC40 (W. Lloyd;P. Lewszyk).,"V,3,6,V40",NA,0,NA,0,0,14,9,V,CC,"PUNT,1,00:00,36","PUNT,2,00:00,40",3,4,0:00,PUNT,1,00:00,CC36,PUNT,2,00:00,CC40,NA
2021_01_CC_PW,CC,PW,Cologne Centurions,Panthers Wroclaw,6/19/2021,"Wroclaw, Poland",Stadion Olimpijski,18:00,21:14,Y,Y,W,3:14,3000,32C,E 8km/h,Sunny,Walentynowicz,Klimes,Walentynowicz,Pachulski,Simon,Hameder,Kriesman,CC,3,6,CC40,"V,3,6,V40","9,3,48",pass,NA,"PASS:7,I,TM,*",D. Farley pass incomplete.,"V,4,6,V40",NA,0,NA,0,0,14,9,V,CC,"PUNT,1,00:00,36","PUNT,2,00:00,40",3,4,0:00,PUNT,1,00:00,CC36,PUNT,2,00:00,CC40,NA
2021_01_CC_PW,CC,PW,Cologne Centurions,Panthers Wroclaw,6/19/2021,"Wroclaw, Poland",Stadion Olimpijski,18:00,21:14,Y,Y,W,3:14,3000,32C,E 8km/h,Sunny,Walentynowicz,Klimes,Walentynowicz,Pachulski,Simon,Hameder,Kriesman,CC,4,6,CC40,"V,4,6,V40","9,4,49",punt,NA,"PUNT:9,H27 OB:","C. Ezeala punt 33 yards to the PW27, out-of-bounds.","H,1,10,H27",NA,1,NA,0,0,14,9,V,CC,"PUNT,1,00:00,36","PUNT,2,00:00,40",3,4,0:00,PUNT,1,00:00,CC36,PUNT,2,00:00,CC40,NA
2021_01_CC_PW,CC,PW,Cologne Centurions,Panthers Wroclaw,6/19/2021,"Wroclaw, Poland",Stadion Olimpijski,18:00,21:14,Y,Y,W,3:14,3000,32C,E 8km/h,Sunny,Walentynowicz,Klimes,Walentynowicz,Pachulski,Simon,Hameder,Kriesman,PW,1,10,PW27,"H,1,10,H27","10,1,50",rush,NA,"RUSH:24,H35, TACK:24",M. Herndon rush for 8 yards to the PW35 (D. Jacobs).,"H,2,2,H35",NA,0,NA,0,0,14,10,H,PW,"PUNT,2,00:00,27","FGA,2,00:00,86",10,59,0:00,PUNT,2,00:00,PW27,FGA,2,00:00,CC14,1
2021_01_CC_PW,CC,PW,Cologne Centurions,Panthers Wroclaw,6/19/2021,"Wroclaw, Poland",Stadion Olimpijski,18:00,21:14,Y,Y,W,3:14,3000,32C,E 8km/h,Sunny,Walentynowicz,Klimes,Walentynowicz,Pachulski,Simon,Hameder,Kriesman,PW,2,2,PW35,"H,2,2,H35","10,2,51",rush,NA,"RUSH:24,H37, TACK:47","M. Herndon rush for 2 yards to the PW37, 1ST DOWN PW (N. Liesen).","H,1,10,H37",rush,0,NA,0,0,14,10,H,PW,"PUNT,2,00:00,27","FGA,2,00:00,86",10,59,0:00,PUNT,2,00:00,PW27,FGA,2,00:00,CC14,1
2021_01_CC_PW,CC,PW,Cologne Centurions,Panthers Wroclaw,6/19/2021,"Wroclaw, Poland",Stadion Olimpijski,18:00,21:14,Y,Y,W,3:14,3000,32C,E 8km/h,Sunny,Walentynowicz,Klimes,Walentynowicz,Pachulski,Simon,Hameder,Kriesman,PW,1,10,PW37,"H,1,10,H37","10,3,52",NA,00:00,Q:2 T:00:00,"Start of 2nd quarter, clock 00:00.","H,1,10,H37",NA,0,NA,0,0,14,10,H,PW,"PUNT,2,00:00,27","FGA,2,00:00,86",10,59,0:00,PUNT,2,00:00,PW27,FGA,2,00:00,CC14,1
2021_01_CC_PW,CC,PW,Cologne Centurions,Panthers Wroclaw,6/19/2021,"Wroclaw, Poland",Stadion Olimpijski,18:00,21:14,Y,Y,W,3:14,3000,32C,E 8km/h,Sunny,Walentynowicz,Klimes,Walentynowicz,Pachulski,Simon,Hameder,Kriesman,PW,1,10,PW37,"H,1,10,H37","10,4,53",pass,NA,"PASS:2,C,23,V32 TACK:TM","L. O'Connor pass complete to J. Mazan for 31 yards to the CC32, 1ST DOWN PW (TEAM).","H,1,10,V32",pass,0,NA,0,0,14,10,H,PW,"PUNT,2,00:00,27","FGA,2,00:00,86",10,59,0:00,PUNT,2,00:00,PW27,FGA,2,00:00,CC14,1
2021_01_CC_PW,CC,PW,Cologne Centurions,Panthers Wroclaw,6/19/2021,"Wroclaw, Poland",Stadion Olimpijski,18:00,21:14,Y,Y,W,3:14,3000,32C,E 8km/h,Sunny,Walentynowicz,Klimes,Walentynowicz,Pachulski,Simon,Hameder,Kriesman,PW,1,10,CC32,"H,1,10,V32","10,5,54",rush,NA,"RUSH:25,V27, TACK:47",P. Pasqualini rush for 5 yards to the CC27 (N. Liesen).,"H,2,5,V27",NA,0,NA,0,0,14,10,H,PW,"PUNT,2,00:00,27","FGA,2,00:00,86",10,59,0:00,PUNT,2,00:00,PW27,FGA,2,00:00,CC14,1
2021_01_CC_PW,CC,PW,Cologne Centurions,Panthers Wroclaw,6/19/2021,"Wroclaw, Poland",Stadion Olimpijski,18:00,21:14,Y,Y,W,3:14,3000,32C,E 8km/h,Sunny,Walentynowicz,Klimes,Walentynowicz,Pachulski,Simon,Hameder,Kriesman,PW,2,5,CC27,"H,2,5,V27","10,6,55",rush,NA,"RUSH:25,V23, TACK:48,55",P. Pasqualini rush for 4 yards to the CC23 (K. Bongaerts;J. Voelker).,"H,3,1,V23",NA,0,NA,0,0,14,10,H,PW,"PUNT,2,00:00,27","FGA,2,00:00,86",10,59,0:00,PUNT,2,00:00,PW27,FGA,2,00:00,CC14,1
2021_01_CC_PW,CC,PW,Cologne Centurions,Panthers Wroclaw,6/19/2021,"Wroclaw, Poland",Stadion Olimpijski,18:00,21:14,Y,Y,W,3:14,3000,32C,E 8km/h,Sunny,Walentynowicz,Klimes,Walentynowicz,Pachulski,Simon,Hameder,Kriesman,PW,3,1,CC23,"H,3,1,V23","10,7,56",NA,00:00,TOUT:H T:00:00,"Timeout Panthers Wroclaw, clock 00:00.","H,3,1,V23",NA,0,NA,0,0,14,10,H,PW,"PUNT,2,00:00,27","FGA,2,00:00,86",10,59,0:00,PUNT,2,00:00,PW27,FGA,2,00:00,CC14,1
2021_01_CC_PW,CC,PW,Cologne Centurions,Panthers Wroclaw,6/19/2021,"Wroclaw, Poland",Stadion Olimpijski,18:00,21:14,Y,Y,W,3:14,3000,32C,E 8km/h,Sunny,Walentynowicz,Klimes,Walentynowicz,Pachulski,Simon,Hameder,Kriesman,PW,3,1,CC23,"H,3,1,V23","10,8,57",rush,NA,"RUSH:24,V10, TACK:47","M. Herndon rush for 13 yards to the CC10, 1ST DOWN PW (N. Liesen).","H,1,0,V10",rush,0,NA,0,0,14,10,H,PW,"PUNT,2,00:00,27","FGA,2,00:00,86",10,59,0:00,PUNT,2,00:00,PW27,FGA,2,00:00,CC14,1
2021_01_CC_PW,CC,PW,Cologne Centurions,Panthers Wroclaw,6/19/2021,"Wroclaw, Poland",Stadion Olimpijski,18:00,21:14,Y,Y,W,3:14,3000,32C,E 8km/h,Sunny,Walentynowicz,Klimes,Walentynowicz,Pachulski,Simon,Hameder,Kriesman,PW,1,0,CC10,"H,1,0,V10","10,9,58",NA,00:00,TOUT:V T:00:00,"Timeout Cologne Centurions, clock 00:00.","H,1,0,V10",NA,0,NA,0,0,14,10,H,PW,"PUNT,2,00:00,27","FGA,2,00:00,86",10,59,0:00,PUNT,2,00:00,PW27,FGA,2,00:00,CC14,1
2021_01_CC_PW,CC,PW,Cologne Centurions,Panthers Wroclaw,6/19/2021,"Wroclaw, Poland",Stadion Olimpijski,18:00,21:14,Y,Y,W,3:14,3000,32C,E 8km/h,Sunny,Walentynowicz,Klimes,Walentynowicz,Pachulski,Simon,Hameder,Kriesman,PW,1,0,CC10,"H,1,0,V10","10,10,59",pass,NA,"PASS:2,C,24,V02 TACK:44",L. O'Connor pass complete to M. Herndon for 8 yards to the CC2 (M. Kensy).,"H,2,0,V02",NA,0,NA,0,0,14,10,H,PW,"PUNT,2,00:00,27","FGA,2,00:00,86",10,59,0:00,PUNT,2,00:00,PW27,FGA,2,00:00,CC14,1
2021_01_CC_PW,CC,PW,Cologne Centurions,Panthers Wroclaw,6/19/2021,"Wroclaw, Poland",Stadion Olimpijski,18:00,21:14,Y,Y,W,3:14,3000,32C,E 8km/h,Sunny,Walentynowicz,Klimes,Walentynowicz,Pachulski,Simon,Hameder,Kriesman,PW,2,0,CC02,"H,2,0,V02","10,11,60",rush,NA,"RUSH:24,V04, TACK:5",M. Herndon rush for loss of 2 yards to the CC4 (S. Amadu).,"H,3,0,V04",NA,0,NA,0,0,14,10,H,PW,"PUNT,2,00:00,27","FGA,2,00:00,86",10,59,0:00,PUNT,2,00:00,PW27,FGA,2,00:00,CC14,1
2021_01_CC_PW,CC,PW,Cologne Centurions,Panthers Wroclaw,6/19/2021,"Wroclaw, Poland",Stadion Olimpijski,18:00,21:14,Y,Y,W,3:14,3000,32C,E 8km/h,Sunny,Walentynowicz,Klimes,Walentynowicz,Pachulski,Simon,Hameder,Kriesman,PW,3,0,CC04,"H,3,0,V04","10,12,61",penalty,00:00,"RUSH:24,V00, T:00:00 PEN:H,HO,A,87,V14,N NOPLAY:","M. Herndon rush for 4 yards to the CC0, clock 00:00, PENALTY PW holding (I. Maslanka) 10 yards to the CC14, NO PLAY.","H,3,0,V14",NA,0,NA,0,0,14,10,H,PW,"PUNT,2,00:00,27","FGA,2,00:00,86",10,59,0:00,PUNT,2,00:00,PW27,FGA,2,00:00,CC14,1
2021_01_CC_PW,CC,PW,Cologne Centurions,Panthers Wroclaw,6/19/2021,"Wroclaw, Poland",Stadion Olimpijski,18:00,21:14,Y,Y,W,3:14,3000,32C,E 8km/h,Sunny,Walentynowicz,Klimes,Walentynowicz,Pachulski,Simon,Hameder,Kriesman,PW,3,0,CC14,"H,3,0,V14","10,13,62",pass,NA,"PASS:2,I,15,* BRUP:24",L. O'Connor pass incomplete to B. Dziedzic (D. Jacobs).,"H,4,0,V14",NA,0,NA,0,0,14,10,H,PW,"PUNT,2,00:00,27","FGA,2,00:00,86",10,59,0:00,PUNT,2,00:00,PW27,FGA,2,00:00,CC14,1
2021_01_CC_PW,CC,PW,Cologne Centurions,Panthers Wroclaw,6/19/2021,"Wroclaw, Poland",Stadion Olimpijski,18:00,21:14,Y,Y,W,3:14,3000,32C,E 8km/h,Sunny,Walentynowicz,Klimes,Walentynowicz,Pachulski,Simon,Hameder,Kriesman,PW,4,0,CC14,"H,4,0,V14","10,14,63",field_goal,00:00,"FGA:11,31,M,V21,R T:00:00","D. Panczyszyn field goal attempt from 31 MISSED - wide right, spot at CC21, clock 00:00.","V,1,10,V21",NA,0,NA,0,0,14,10,H,PW,"PUNT,2,00:00,27","FGA,2,00:00,86",10,59,0:00,PUNT,2,00:00,PW27,FGA,2,00:00,CC14,1
2021_01_CC_PW,CC,PW,Cologne Centurions,Panthers Wroclaw,6/19/2021,"Wroclaw, Poland",Stadion Olimpijski,18:00,21:14,Y,Y,W,3:14,3000,32C,E 8km/h,Sunny,Walentynowicz,Klimes,Walentynowicz,Pachulski,Simon,Hameder,Kriesman,CC,1,10,CC21,"V,1,10,V21","11,1,64",pass,NA,"PASS:12,C,11,V49 TACK:4","J. Weinreich pass complete to N. Aarass for 28 yards to the CC49, 1ST DOWN CC (W. Lloyd).","V,1,10,V49",pass,0,NA,0,0,14,11,V,CC,"FGA,2,00:00,21","INT,0,00:00,40",4,19,0:00,FGA,2,00:00,CC21,INT,0,00:00,CC40,NA
2021_01_CC_PW,CC,PW,Cologne Centurions,Panthers Wroclaw,6/19/2021,"Wroclaw, Poland",Stadion Olimpijski,18:00,21:14,Y,Y,W,3:14,3000,32C,E 8km/h,Sunny,Walentynowicz,Klimes,Walentynowicz,Pachulski,Simon,Hameder,Kriesman,CC,1,10,CC49,"V,1,10,V49","11,2,65",rush,NA,"RUSH:9,H48, TACK:1",C. Ezeala rush for 3 yards to the PW48 (D. Robinson).,"V,2,7,H48",NA,0,NA,0,0,14,11,V,CC,"FGA,2,00:00,21","INT,0,00:00,40",4,19,0:00,FGA,2,00:00,CC21,INT,0,00:00,CC40,NA
2021_01_CC_PW,CC,PW,Cologne Centurions,Panthers Wroclaw,6/19/2021,"Wroclaw, Poland",Stadion Olimpijski,18:00,21:14,Y,Y,W,3:14,3000,32C,E 8km/h,Sunny,Walentynowicz,Klimes,Walentynowicz,Pachulski,Simon,Hameder,Kriesman,CC,2,7,PW48,"V,2,7,H48","11,3,66",pass,NA,"PASS:12,I,1,*",J. Weinreich pass incomplete to Q. Pounds.,"V,3,7,H48",NA,0,NA,0,0,14,11,V,CC,"FGA,2,00:00,21","INT,0,00:00,40",4,19,0:00,FGA,2,00:00,CC21,INT,0,00:00,CC40,NA
2021_01_CC_PW,CC,PW,Cologne Centurions,Panthers Wroclaw,6/19/2021,"Wroclaw, Poland",Stadion Olimpijski,18:00,21:14,Y,Y,W,3:14,3000,32C,E 8km/h,Sunny,Walentynowicz,Klimes,Walentynowicz,Pachulski,Simon,Hameder,Kriesman,CC,3,7,PW48,"V,3,7,H48","11,4,67",penalty,NA,"RUSH:9,H39, TACK:5,4 PEN:V,BL,A,72,V40,N NOPLAY:","C. Ezeala rush for 9 yards to the PW39 (G. Zec;W. Lloyd), PENALTY CC illegal block (T. Meier) 12 yards to the CC40, NO PLAY.","V,3,19,V40",NA,0,NA,0,0,14,11,V,CC,"FGA,2,00:00,21","INT,0,00:00,40",4,19,0:00,FGA,2,00:00,CC21,INT,0,00:00,CC40,NA
2021_01_CC_PW,CC,PW,Cologne Centurions,Panthers Wroclaw,6/19/2021,"Wroclaw, Poland",Stadion Olimpijski,18:00,21:14,Y,Y,W,3:14,3000,32C,E 8km/h,Sunny,Walentynowicz,Klimes,Walentynowicz,Pachulski,Simon,Hameder,Kriesman,CC,3,19,CC40,"V,3,19,V40","11,5,68",pass,NA,"PASS:12,X,19,H40 RET:19,V49 FUMB:V,H0,11","J. Weinreich pass intercepted by D. Piatkowski at the PW40, D. Piatkowski return 11 yards to the CC49, fumble by D. Piatkowski recovered by CC N. Aarass at PW0, TOUCHDOWN.","V,1,10,H15",NA,0,I,1,6,14,11,V,CC,"FGA,2,00:00,21","INT,0,00:00,40",4,19,0:00,FGA,2,00:00,CC21,INT,0,00:00,CC40,NA
2021_01_CC_PW,CC,PW,Cologne Centurions,Panthers Wroclaw,6/19/2021,"Wroclaw, Poland",Stadion Olimpijski,18:00,21:14,Y,Y,W,3:14,3000,32C,E 8km/h,Sunny,Walentynowicz,Klimes,Walentynowicz,Pachulski,Simon,Hameder,Kriesman,CC,1,10,PW15,"V,1,10,H15","13,1,69",pat,NA,"PAT:K,9,G",C. Ezeala kick attempt good.,"V,1,0,V35",NA,0,NA,1,7,14,13,V,CC,"FUMB,2,00:00,100","TD,2,00:00,100",0,0,0:00,FUMB,2,00:00,PW00,TD,2,00:00,PW00,NA
2021_01_CC_PW,CC,PW,Cologne Centurions,Panthers Wroclaw,6/19/2021,"Wroclaw, Poland",Stadion Olimpijski,18:00,21:14,Y,Y,W,3:14,3000,32C,E 8km/h,Sunny,Walentynowicz,Klimes,Walentynowicz,Pachulski,Simon,Hameder,Kriesman,CC,1,0,CC35,"V,1,0,V35","13,2,70",kick_off,NA,"KO:2,H08 RET:23,V45","D. Schuhmacher kickoff 57 yards to the PW8, J. Mazan return 47 yards to the CC45.","H,1,10,V45",NA,0,NA,0,7,14,13,V,CC,"FUMB,2,00:00,100","TD,2,00:00,100",0,0,0:00,FUMB,2,00:00,PW00,TD,2,00:00,PW00,NA
2021_01_CC_PW,CC,PW,Cologne Centurions,Panthers Wroclaw,6/19/2021,"Wroclaw, Poland",Stadion Olimpijski,18:00,21:14,Y,Y,W,3:14,3000,32C,E 8km/h,Sunny,Walentynowicz,Klimes,Walentynowicz,Pachulski,Simon,Hameder,Kriesman,PW,1,10,CC45,"H,1,10,V45","14,1,71",pass,NA,"PASS:2,I,23,*",L. O'Connor pass incomplete to J. Mazan.,"H,2,10,V45",NA,0,NA,0,7,14,14,H,PW,"KO,2,00:00,55","TD,2,00:00,100",2,45,0:00,KO,2,00:00,CC45,TD,2,00:00,CC00,NA
2021_01_CC_PW,CC,PW,Cologne Centurions,Panthers Wroclaw,6/19/2021,"Wroclaw, Poland",Stadion Olimpijski,18:00,21:14,Y,Y,W,3:14,3000,32C,E 8km/h,Sunny,Walentynowicz,Klimes,Walentynowicz,Pachulski,Simon,Hameder,Kriesman,PW,2,10,CC45,"H,2,10,V45","14,2,72",pass,00:00,"PASS:2,C,25,V00 T:00:00","L. O'Connor pass complete to P. Pasqualini for 45 yards to the CC0, 1ST DOWN PW, TOUCHDOWN, clock 00:00.","H,1,10,V15",pass,0,NA,1,7,20,14,H,PW,"KO,2,00:00,55","TD,2,00:00,100",2,45,0:00,KO,2,00:00,CC45,TD,2,00:00,CC00,NA
2021_01_CC_PW,CC,PW,Cologne Centurions,Panthers Wroclaw,6/19/2021,"Wroclaw, Poland",Stadion Olimpijski,18:00,21:14,Y,Y,W,3:14,3000,32C,E 8km/h,Sunny,Walentynowicz,Klimes,Walentynowicz,Pachulski,Simon,Hameder,Kriesman,PW,1,10,CC15,"H,1,10,V15","14,3,73",pat,NA,"PAT:K,11,G",D. Panczyszyn kick attempt good.,"H,1,0,H35",NA,0,NA,1,7,21,14,H,PW,"KO,2,00:00,55","TD,2,00:00,100",2,45,0:00,KO,2,00:00,CC45,TD,2,00:00,CC00,NA
2021_01_CC_PW,CC,PW,Cologne Centurions,Panthers Wroclaw,6/19/2021,"Wroclaw, Poland",Stadion Olimpijski,18:00,21:14,Y,Y,W,3:14,3000,32C,E 8km/h,Sunny,Walentynowicz,Klimes,Walentynowicz,Pachulski,Simon,Hameder,Kriesman,PW,1,0,PW35,"H,1,0,H35","14,4,74",kick_off,NA,"KO:11,V09 RET:1,V26 TACK:22","D. Panczyszyn kickoff 56 yards to the CC9, Q. Pounds return 17 yards to the CC26 (J. Lewszyk).","V,1,10,V26",NA,0,NA,0,7,21,14,H,PW,"KO,2,00:00,55","TD,2,00:00,100",2,45,0:00,KO,2,00:00,CC45,TD,2,00:00,CC00,NA
2021_01_CC_PW,CC,PW,Cologne Centurions,Panthers Wroclaw,6/19/2021,"Wroclaw, Poland",Stadion Olimpijski,18:00,21:14,Y,Y,W,3:14,3000,32C,E 8km/h,Sunny,Walentynowicz,Klimes,Walentynowicz,Pachulski,Simon,Hameder,Kriesman,CC,1,10,CC26,"V,1,10,V26","15,1,75",rush,NA,"RUSH:28,V29, TACK:50,8",M. London rush for 3 yards to the CC29 (S. Adamczyk;H. Ogrodowczyk).,"V,2,7,V29",NA,0,NA,0,7,21,15,V,CC,"KO,2,00:00,26","TD,0,00:00,100",11,74,0:00,KO,2,00:00,CC26,TD,0,00:00,PW00,1
2021_01_CC_PW,CC,PW,Cologne Centurions,Panthers Wroclaw,6/19/2021,"Wroclaw, Poland",Stadion Olimpijski,18:00,21:14,Y,Y,W,3:14,3000,32C,E 8km/h,Sunny,Walentynowicz,Klimes,Walentynowicz,Pachulski,Simon,Hameder,Kriesman,CC,2,7,CC29,"V,2,7,V29","15,2,76",pass,NA,"PASS:12,C,11,V46 TACK:TM","J. Weinreich pass complete to N. Aarass for 17 yards to the CC46, 1ST DOWN CC (TEAM).","V,1,10,V46",pass,0,NA,0,7,21,15,V,CC,"KO,2,00:00,26","TD,0,00:00,100",11,74,0:00,KO,2,00:00,CC26,TD,0,00:00,PW00,1
2021_01_CC_PW,CC,PW,Cologne Centurions,Panthers Wroclaw,6/19/2021,"Wroclaw, Poland",Stadion Olimpijski,18:00,21:14,Y,Y,W,3:14,3000,32C,E 8km/h,Sunny,Walentynowicz,Klimes,Walentynowicz,Pachulski,Simon,Hameder,Kriesman,CC,1,10,CC46,"V,1,10,V46","15,3,77",rush,NA,"RUSH:12,V48,",J. Weinreich rush for 2 yards to the CC48.,"V,2,8,V48",NA,0,NA,0,7,21,15,V,CC,"KO,2,00:00,26","TD,0,00:00,100",11,74,0:00,KO,2,00:00,CC26,TD,0,00:00,PW00,1
2021_01_CC_PW,CC,PW,Cologne Centurions,Panthers Wroclaw,6/19/2021,"Wroclaw, Poland",Stadion Olimpijski,18:00,21:14,Y,Y,W,3:14,3000,32C,E 8km/h,Sunny,Walentynowicz,Klimes,Walentynowicz,Pachulski,Simon,Hameder,Kriesman,CC,2,8,CC48,"V,2,8,V48","15,4,78",rush,NA,"RUSH:28,V49, TACK:94",M. London rush for 1 yard to the CC49 (K. Brauns).,"V,3,7,V49",NA,0,NA,0,7,21,15,V,CC,"KO,2,00:00,26","TD,0,00:00,100",11,74,0:00,KO,2,00:00,CC26,TD,0,00:00,PW00,1
2021_01_CC_PW,CC,PW,Cologne Centurions,Panthers Wroclaw,6/19/2021,"Wroclaw, Poland",Stadion Olimpijski,18:00,21:14,Y,Y,W,3:14,3000,32C,E 8km/h,Sunny,Walentynowicz,Klimes,Walentynowicz,Pachulski,Simon,Hameder,Kriesman,CC,3,7,CC49,"V,3,7,V49","15,5,79",pass,NA,"PASS:12,C,87,H30 TACK:4","J. Weinreich pass complete to F. Eichhorn for 21 yards to the PW30, 1ST DOWN CC (W. Lloyd).","V,1,10,H30",pass,0,NA,0,7,21,15,V,CC,"KO,2,00:00,26","TD,0,00:00,100",11,74,0:00,KO,2,00:00,CC26,TD,0,00:00,PW00,1
2021_01_CC_PW,CC,PW,Cologne Centurions,Panthers Wroclaw,6/19/2021,"Wroclaw, Poland",Stadion Olimpijski,18:00,21:14,Y,Y,W,3:14,3000,32C,E 8km/h,Sunny,Walentynowicz,Klimes,Walentynowicz,Pachulski,Simon,Hameder,Kriesman,CC,1,10,PW30,"V,1,10,H30","15,6,80",NA,00:00,TOUT:H T:00:00,"Timeout Panthers Wroclaw, clock 00:00.","V,1,10,H30",NA,0,NA,0,7,21,15,V,CC,"KO,2,00:00,26","TD,0,00:00,100",11,74,0:00,KO,2,00:00,CC26,TD,0,00:00,PW00,1
2021_01_CC_PW,CC,PW,Cologne Centurions,Panthers Wroclaw,6/19/2021,"Wroclaw, Poland",Stadion Olimpijski,18:00,21:14,Y,Y,W,3:14,3000,32C,E 8km/h,Sunny,Walentynowicz,Klimes,Walentynowicz,Pachulski,Simon,Hameder,Kriesman,CC,1,10,PW30,"V,1,10,H30","15,7,81",pass,NA,"PASS:12,I,TM,*",J. Weinreich pass incomplete.,"V,2,10,H30",NA,0,NA,0,7,21,15,V,CC,"KO,2,00:00,26","TD,0,00:00,100",11,74,0:00,KO,2,00:00,CC26,TD,0,00:00,PW00,1
2021_01_CC_PW,CC,PW,Cologne Centurions,Panthers Wroclaw,6/19/2021,"Wroclaw, Poland",Stadion Olimpijski,18:00,21:14,Y,Y,W,3:14,3000,32C,E 8km/h,Sunny,Walentynowicz,Klimes,Walentynowicz,Pachulski,Simon,Hameder,Kriesman,CC,2,10,PW30,"V,2,10,H30","15,8,82",penalty,NA,"PEN:V,FS,A,TM,H35,N",PENALTY CC false start 5 yards to the PW35.,"V,2,15,H35",NA,0,NA,0,7,21,15,V,CC,"KO,2,00:00,26","TD,0,00:00,100",11,74,0:00,KO,2,00:00,CC26,TD,0,00:00,PW00,1
2021_01_CC_PW,CC,PW,Cologne Centurions,Panthers Wroclaw,6/19/2021,"Wroclaw, Poland",Stadion Olimpijski,18:00,21:14,Y,Y,W,3:14,3000,32C,E 8km/h,Sunny,Walentynowicz,Klimes,Walentynowicz,Pachulski,Simon,Hameder,Kriesman,CC,2,15,PW35,"V,2,15,H35","15,9,83",pass,NA,"PASS:12,S,TM,H45 SACK:99,94",J. Weinreich sacked for loss of 10 yards to the PW45 (R. Rosolek;K. Brauns).,"V,3,25,H45",NA,0,NA,0,7,21,15,V,CC,"KO,2,00:00,26","TD,0,00:00,100",11,74,0:00,KO,2,00:00,CC26,TD,0,00:00,PW00,1
2021_01_CC_PW,CC,PW,Cologne Centurions,Panthers Wroclaw,6/19/2021,"Wroclaw, Poland",Stadion Olimpijski,18:00,21:14,Y,Y,W,3:14,3000,32C,E 8km/h,Sunny,Walentynowicz,Klimes,Walentynowicz,Pachulski,Simon,Hameder,Kriesman,CC,3,25,PW45,"V,3,25,H45","15,10,84",pass,NA,"PASS:12,C,1,H19 TACK:26","J. Weinreich pass complete to Q. Pounds for 26 yards to the PW19, 1ST DOWN CC (M. Osumek).","V,1,10,H19",pass,0,NA,0,7,21,15,V,CC,"KO,2,00:00,26","TD,0,00:00,100",11,74,0:00,KO,2,00:00,CC26,TD,0,00:00,PW00,1
2021_01_CC_PW,CC,PW,Cologne Centurions,Panthers Wroclaw,6/19/2021,"Wroclaw, Poland",Stadion Olimpijski,18:00,21:14,Y,Y,W,3:14,3000,32C,E 8km/h,Sunny,Walentynowicz,Klimes,Walentynowicz,Pachulski,Simon,Hameder,Kriesman,CC,1,10,PW19,"V,1,10,H19","15,11,85",rush,NA,"RUSH:28,H13, TACK:TM",M. London rush for 6 yards to the PW13 (TEAM).,"V,2,4,H13",NA,0,NA,0,7,21,15,V,CC,"KO,2,00:00,26","TD,0,00:00,100",11,74,0:00,KO,2,00:00,CC26,TD,0,00:00,PW00,1
2021_01_CC_PW,CC,PW,Cologne Centurions,Panthers Wroclaw,6/19/2021,"Wroclaw, Poland",Stadion Olimpijski,18:00,21:14,Y,Y,W,3:14,3000,32C,E 8km/h,Sunny,Walentynowicz,Klimes,Walentynowicz,Pachulski,Simon,Hameder,Kriesman,CC,2,4,PW13,"V,2,4,H13","15,12,86",rush,NA,"RUSH:9,H10, TACK:49,6",C. Ezeala rush for 3 yards to the PW10 (K. Oldak;K. Ruta).,"V,3,1,H10",NA,0,NA,0,7,21,15,V,CC,"KO,2,00:00,26","TD,0,00:00,100",11,74,0:00,KO,2,00:00,CC26,TD,0,00:00,PW00,1
2021_01_CC_PW,CC,PW,Cologne Centurions,Panthers Wroclaw,6/19/2021,"Wroclaw, Poland",Stadion Olimpijski,18:00,21:14,Y,Y,W,3:14,3000,32C,E 8km/h,Sunny,Walentynowicz,Klimes,Walentynowicz,Pachulski,Simon,Hameder,Kriesman,CC,3,1,PW10,"V,3,1,H10","15,13,87",pat,00:00,"PASS:12,C,9,H00 T:00:00 PAT:K,2,G","J. Weinreich pass complete to C. Ezeala for 10 yards to the PW0, 1ST DOWN CC, TOUCHDOWN, clock 00:00, D. Schuhmacher kick attempt good.","V,1,0,V35",pass,0,NA,1,14,21,15,V,CC,"KO,2,00:00,26","TD,0,00:00,100",11,74,0:00,KO,2,00:00,CC26,TD,0,00:00,PW00,1
2021_01_CC_PW,CC,PW,Cologne Centurions,Panthers Wroclaw,6/19/2021,"Wroclaw, Poland",Stadion Olimpijski,18:00,21:14,Y,Y,W,3:14,3000,32C,E 8km/h,Sunny,Walentynowicz,Klimes,Walentynowicz,Pachulski,Simon,Hameder,Kriesman,CC,1,0,CC35,"V,1,0,V35","15,14,88",kick_off,NA,"KO:2,H15 RET:4,H36 TACK:92","D. Schuhmacher kickoff 50 yards to the PW15, W. Lloyd return 21 yards to the PW36 (R. Mohamed).","H,1,10,H36",NA,0,NA,0,14,21,15,V,CC,"KO,2,00:00,26","TD,0,00:00,100",11,74,0:00,KO,2,00:00,CC26,TD,0,00:00,PW00,1
2021_01_CC_PW,CC,PW,Cologne Centurions,Panthers Wroclaw,6/19/2021,"Wroclaw, Poland",Stadion Olimpijski,18:00,21:14,Y,Y,W,3:14,3000,32C,E 8km/h,Sunny,Walentynowicz,Klimes,Walentynowicz,Pachulski,Simon,Hameder,Kriesman,PW,1,10,PW36,"H,1,10,H36","16,1,89",penalty,NA,"PEN:H,DG,A,2,H31,N",PENALTY PW delay of game (L. O'Connor) 5 yards to the PW31.,"H,1,15,H31",NA,0,NA,0,14,21,16,H,PW,"KO,2,00:00,36","PUNT,3,00:00,47",5,11,0:00,KO,2,00:00,PW36,PUNT,3,00:00,PW47,NA
2021_01_CC_PW,CC,PW,Cologne Centurions,Panthers Wroclaw,6/19/2021,"Wroclaw, Poland",Stadion Olimpijski,18:00,21:14,Y,Y,W,3:14,3000,32C,E 8km/h,Sunny,Walentynowicz,Klimes,Walentynowicz,Pachulski,Simon,Hameder,Kriesman,PW,1,15,PW31,"H,1,15,H31","16,2,90",pass,NA,"PASS:2,I,15,*",L. O'Connor pass incomplete to B. Dziedzic.,"H,2,15,H31",NA,0,NA,0,14,21,16,H,PW,"KO,2,00:00,36","PUNT,3,00:00,47",5,11,0:00,KO,2,00:00,PW36,PUNT,3,00:00,PW47,NA
2021_01_CC_PW,CC,PW,Cologne Centurions,Panthers Wroclaw,6/19/2021,"Wroclaw, Poland",Stadion Olimpijski,18:00,21:14,Y,Y,W,3:14,3000,32C,E 8km/h,Sunny,Walentynowicz,Klimes,Walentynowicz,Pachulski,Simon,Hameder,Kriesman,PW,2,15,PW31,"H,2,15,H31","16,3,91",pass,NA,"PASS:2,C,82,H47 TACK:23","L. O'Connor pass complete to P. Banat for 16 yards to the PW47, 1ST DOWN PW (T. Janssen).","H,1,10,H47",pass,0,NA,0,14,21,16,H,PW,"KO,2,00:00,36","PUNT,3,00:00,47",5,11,0:00,KO,2,00:00,PW36,PUNT,3,00:00,PW47,NA
2021_01_CC_PW,CC,PW,Cologne Centurions,Panthers Wroclaw,6/19/2021,"Wroclaw, Poland",Stadion Olimpijski,18:00,21:14,Y,Y,W,3:14,3000,32C,E 8km/h,Sunny,Walentynowicz,Klimes,Walentynowicz,Pachulski,Simon,Hameder,Kriesman,PW,1,10,PW47,"H,1,10,H47","16,4,92",pass,NA,"PASS:2,D,23,*","L. O'Connor pass incomplete to J. Mazan, dropped pass.","H,2,10,H47",NA,0,NA,0,14,21,16,H,PW,"KO,2,00:00,36","PUNT,3,00:00,47",5,11,0:00,KO,2,00:00,PW36,PUNT,3,00:00,PW47,NA
2021_01_CC_PW,CC,PW,Cologne Centurions,Panthers Wroclaw,6/19/2021,"Wroclaw, Poland",Stadion Olimpijski,18:00,21:14,Y,Y,W,3:14,3000,32C,E 8km/h,Sunny,Walentynowicz,Klimes,Walentynowicz,Pachulski,Simon,Hameder,Kriesman,PW,2,10,PW47,"H,2,10,H47","16,5,93",pass,NA,"PASS:2,I,82,*",L. O'Connor pass incomplete to P. Banat.,"H,3,10,H47",NA,0,NA,0,14,21,16,H,PW,"KO,2,00:00,36","PUNT,3,00:00,47",5,11,0:00,KO,2,00:00,PW36,PUNT,3,00:00,PW47,NA
2021_01_CC_PW,CC,PW,Cologne Centurions,Panthers Wroclaw,6/19/2021,"Wroclaw, Poland",Stadion Olimpijski,18:00,21:14,Y,Y,W,3:14,3000,32C,E 8km/h,Sunny,Walentynowicz,Klimes,Walentynowicz,Pachulski,Simon,Hameder,Kriesman,PW,3,10,PW47,"H,3,10,H47","16,6,94",pass,NA,"PASS:2,I,23,*",L. O'Connor pass incomplete to J. Mazan.,"H,4,10,H47",NA,0,NA,0,14,21,16,H,PW,"KO,2,00:00,36","PUNT,3,00:00,47",5,11,0:00,KO,2,00:00,PW36,PUNT,3,00:00,PW47,NA
2021_01_CC_PW,CC,PW,Cologne Centurions,Panthers Wroclaw,6/19/2021,"Wroclaw, Poland",Stadion Olimpijski,18:00,21:14,Y,Y,W,3:14,3000,32C,E 8km/h,Sunny,Walentynowicz,Klimes,Walentynowicz,Pachulski,Simon,Hameder,Kriesman,PW,4,10,PW47,"H,4,10,H47","16,7,95",punt,NA,"PUNT:11,V16",D. Panczyszyn punt 37 yards to the CC16.,"V,1,10,V16",NA,0,NA,0,14,21,16,H,PW,"KO,2,00:00,36","PUNT,3,00:00,47",5,11,0:00,KO,2,00:00,PW36,PUNT,3,00:00,PW47,NA
2021_01_CC_PW,CC,PW,Cologne Centurions,Panthers Wroclaw,6/19/2021,"Wroclaw, Poland",Stadion Olimpijski,18:00,21:14,Y,Y,W,3:14,3000,32C,E 8km/h,Sunny,Walentynowicz,Klimes,Walentynowicz,Pachulski,Simon,Hameder,Kriesman,CC,1,10,CC16,"V,1,10,V16","17,1,96",pass,NA,"PASS:12,I,1,*",J. Weinreich pass incomplete to Q. Pounds.,"V,2,10,V16",NA,0,NA,0,14,21,17,V,CC,"PUNT,2,00:00,16","HALF,2,00:00,63",8,47,0:00,PUNT,2,00:00,CC16,HALF,2,00:00,PW37,NA
2021_01_CC_PW,CC,PW,Cologne Centurions,Panthers Wroclaw,6/19/2021,"Wroclaw, Poland",Stadion Olimpijski,18:00,21:14,Y,Y,W,3:14,3000,32C,E 8km/h,Sunny,Walentynowicz,Klimes,Walentynowicz,Pachulski,Simon,Hameder,Kriesman,CC,2,10,CC16,"V,2,10,V16","17,2,97",pass,NA,"PASS:12,C,1,V30 TACK:47","J. Weinreich pass complete to Q. Pounds for 14 yards to the CC30, 1ST DOWN CC (A. Idziak).","V,1,10,V30",pass,0,NA,0,14,21,17,V,CC,"PUNT,2,00:00,16","HALF,2,00:00,63",8,47,0:00,PUNT,2,00:00,CC16,HALF,2,00:00,PW37,NA
2021_01_CC_PW,CC,PW,Cologne Centurions,Panthers Wroclaw,6/19/2021,"Wroclaw, Poland",Stadion Olimpijski,18:00,21:14,Y,Y,W,3:14,3000,32C,E 8km/h,Sunny,Walentynowicz,Klimes,Walentynowicz,Pachulski,Simon,Hameder,Kriesman,CC,1,10,CC30,"V,1,10,V30","17,3,98",pass,NA,"PASS:12,C,28,V33 TACK:6,5",J. Weinreich pass complete to M. London for 3 yards to the CC33 (K. Ruta;G. Zec).,"V,2,7,V33",NA,0,NA,0,14,21,17,V,CC,"PUNT,2,00:00,16","HALF,2,00:00,63",8,47,0:00,PUNT,2,00:00,CC16,HALF,2,00:00,PW37,NA
2021_01_CC_PW,CC,PW,Cologne Centurions,Panthers Wroclaw,6/19/2021,"Wroclaw, Poland",Stadion Olimpijski,18:00,21:14,Y,Y,W,3:14,3000,32C,E 8km/h,Sunny,Walentynowicz,Klimes,Walentynowicz,Pachulski,Simon,Hameder,Kriesman,CC,2,7,CC33,"V,2,7,V33","17,4,99",pass,NA,"PASS:12,C,1,V39 TACK:6",J. Weinreich pass complete to Q. Pounds for 6 yards to the CC39 (K. Ruta).,"V,3,1,V39",NA,0,NA,0,14,21,17,V,CC,"PUNT,2,00:00,16","HALF,2,00:00,63",8,47,0:00,PUNT,2,00:00,CC16,HALF,2,00:00,PW37,NA
2021_01_CC_PW,CC,PW,Cologne Centurions,Panthers Wroclaw,6/19/2021,"Wroclaw, Poland",Stadion Olimpijski,18:00,21:14,Y,Y,W,3:14,3000,32C,E 8km/h,Sunny,Walentynowicz,Klimes,Walentynowicz,Pachulski,Simon,Hameder,Kriesman,CC,3,1,CC39,"V,3,1,V39","17,5,100",pass,NA,"PASS:12,I,28,*",J. Weinreich pass incomplete to M. London.,"V,4,1,V39",NA,0,NA,0,14,21,17,V,CC,"PUNT,2,00:00,16","HALF,2,00:00,63",8,47,0:00,PUNT,2,00:00,CC16,HALF,2,00:00,PW37,NA
2021_01_CC_PW,CC,PW,Cologne Centurions,Panthers Wroclaw,6/19/2021,"Wroclaw, Poland",Stadion Olimpijski,18:00,21:14,Y,Y,W,3:14,3000,32C,E 8km/h,Sunny,Walentynowicz,Klimes,Walentynowicz,Pachulski,Simon,Hameder,Kriesman,CC,4,1,CC39,"V,4,1,V39","17,6,101",pass,NA,"PASS:12,C,1,H47 OB: TACK:4","J. Weinreich pass complete to Q. Pounds for 14 yards to the PW47, 1ST DOWN CC, out-of-bounds (W. Lloyd).","V,1,10,H47",pass,1,NA,0,14,21,17,V,CC,"PUNT,2,00:00,16","HALF,2,00:00,63",8,47,0:00,PUNT,2,00:00,CC16,HALF,2,00:00,PW37,NA
2021_01_CC_PW,CC,PW,Cologne Centurions,Panthers Wroclaw,6/19/2021,"Wroclaw, Poland",Stadion Olimpijski,18:00,21:14,Y,Y,W,3:14,3000,32C,E 8km/h,Sunny,Walentynowicz,Klimes,Walentynowicz,Pachulski,Simon,Hameder,Kriesman,CC,1,10,PW47,"V,1,10,H47","17,7,102",pass,NA,"PASS:12,I,TM,*",J. Weinreich pass incomplete.,"V,2,10,H47",NA,0,NA,0,14,21,17,V,CC,"PUNT,2,00:00,16","HALF,2,00:00,63",8,47,0:00,PUNT,2,00:00,CC16,HALF,2,00:00,PW37,NA
2021_01_CC_PW,CC,PW,Cologne Centurions,Panthers Wroclaw,6/19/2021,"Wroclaw, Poland",Stadion Olimpijski,18:00,21:14,Y,Y,W,3:14,3000,32C,E 8km/h,Sunny,Walentynowicz,Klimes,Walentynowicz,Pachulski,Simon,Hameder,Kriesman,CC,2,10,PW47,"V,2,10,H47","17,8,103",pass,NA,"PASS:12,C,1,H37 TACK:9","J. Weinreich pass complete to Q. Pounds for 10 yards to the PW37, 1ST DOWN CC (T. Witalis).","V,1,10,H37",pass,0,NA,0,14,21,17,V,CC,"PUNT,2,00:00,16","HALF,2,00:00,63",8,47,0:00,PUNT,2,00:00,CC16,HALF,2,00:00,PW37,NA
2021_01_CC_PW,CC,PW,Cologne Centurions,Panthers Wroclaw,6/19/2021,"Wroclaw, Poland",Stadion Olimpijski,18:00,21:14,Y,Y,W,3:14,3000,32C,E 8km/h,Sunny,Walentynowicz,Klimes,Walentynowicz,Pachulski,Simon,Hameder,Kriesman,CC,1,10,PW37,"V,1,10,H37","17,9,104",NA,00:00,"HALF: T:00:00 Q:3 T:00:00 SPOT:V,V35,N Q:3 T:00:00","End of half, clock 00:00, start of 3rd quarter, clock 00:00, CC ball on CC35, start of 3rd quarter, clock 00:00.","V,1,10,V35",NA,0,NA,0,14,21,17,V,CC,"PUNT,2,00:00,16","HALF,2,00:00,63",8,47,0:00,PUNT,2,00:00,CC16,HALF,2,00:00,PW37,NA
2021_01_CC_PW,CC,PW,Cologne Centurions,Panthers Wroclaw,6/19/2021,"Wroclaw, Poland",Stadion Olimpijski,18:00,21:14,Y,Y,W,3:14,3000,32C,E 8km/h,Sunny,Walentynowicz,Klimes,Walentynowicz,Pachulski,Simon,Hameder,Kriesman,CC,1,10,CC35,"V,1,10,V35","17,10,105",kick_off,NA,"KO:2,H05 RET:4,H32 TACK:4","D. Schuhmacher kickoff 60 yards to the PW5, W. Lloyd return 27 yards to the PW32 (G. Ngovo).","H,1,10,H32",NA,0,NA,0,14,21,17,V,CC,"PUNT,2,00:00,16","HALF,2,00:00,63",8,47,0:00,PUNT,2,00:00,CC16,HALF,2,00:00,PW37,NA
2021_01_CC_PW,CC,PW,Cologne Centurions,Panthers Wroclaw,6/19/2021,"Wroclaw, Poland",Stadion Olimpijski,18:00,21:14,Y,Y,W,3:14,3000,32C,E 8km/h,Sunny,Walentynowicz,Klimes,Walentynowicz,Pachulski,Simon,Hameder,Kriesman,PW,1,10,PW32,"H,1,10,H32","18,1,106",pass,NA,"PASS:2,C,40,H38 TACK:58",L. O'Connor pass complete to K. Starcyweski for 6 yards to the PW38 (L. Weitz).,"H,2,4,H38",NA,0,NA,0,14,21,18,H,PW,"KO,3,00:00,32","TD,3,00:00,100",5,68,0:00,KO,3,00:00,PW32,TD,3,00:00,CC00,NA
2021_01_CC_PW,CC,PW,Cologne Centurions,Panthers Wroclaw,6/19/2021,"Wroclaw, Poland",Stadion Olimpijski,18:00,21:14,Y,Y,W,3:14,3000,32C,E 8km/h,Sunny,Walentynowicz,Klimes,Walentynowicz,Pachulski,Simon,Hameder,Kriesman,PW,2,4,PW38,"H,2,4,H38","18,2,107",rush,NA,"RUSH:23,H41, TACK:23",J. Mazan rush for 3 yards to the PW41 (T. Janssen).,"H,3,1,H41",NA,0,NA,0,14,21,18,H,PW,"KO,3,00:00,32","TD,3,00:00,100",5,68,0:00,KO,3,00:00,PW32,TD,3,00:00,CC00,NA
2021_01_CC_PW,CC,PW,Cologne Centurions,Panthers Wroclaw,6/19/2021,"Wroclaw, Poland",Stadion Olimpijski,18:00,21:14,Y,Y,W,3:14,3000,32C,E 8km/h,Sunny,Walentynowicz,Klimes,Walentynowicz,Pachulski,Simon,Hameder,Kriesman,PW,3,1,PW41,"H,3,1,H41","18,3,108",rush,NA,"RUSH:24,H43, TACK:TM","M. Herndon rush for 2 yards to the PW43, 1ST DOWN PW (TEAM).","H,1,10,H43",rush,0,NA,0,14,21,18,H,PW,"KO,3,00:00,32","TD,3,00:00,100",5,68,0:00,KO,3,00:00,PW32,TD,3,00:00,CC00,NA
2021_01_CC_PW,CC,PW,Cologne Centurions,Panthers Wroclaw,6/19/2021,"Wroclaw, Poland",Stadion Olimpijski,18:00,21:14,Y,Y,W,3:14,3000,32C,E 8km/h,Sunny,Walentynowicz,Klimes,Walentynowicz,Pachulski,Simon,Hameder,Kriesman,PW,1,10,PW43,"H,1,10,H43","18,4,109",pass,NA,"PASS:2,C,16,V32 TACK:58","L. O'Connor pass complete to W. Zieba for 25 yards to the CC32, 1ST DOWN PW (L. Weitz).","H,1,10,V32",pass,0,NA,0,14,21,18,H,PW,"KO,3,00:00,32","TD,3,00:00,100",5,68,0:00,KO,3,00:00,PW32,TD,3,00:00,CC00,NA
2021_01_CC_PW,CC,PW,Cologne Centurions,Panthers Wroclaw,6/19/2021,"Wroclaw, Poland",Stadion Olimpijski,18:00,21:14,Y,Y,W,3:14,3000,32C,E 8km/h,Sunny,Walentynowicz,Klimes,Walentynowicz,Pachulski,Simon,Hameder,Kriesman,PW,1,10,CC32,"H,1,10,V32","18,5,110",pat,00:00,"PASS:2,C,82,V00 T:00:00 PAT:K,11,G","L. O'Connor pass complete to P. Banat for 32 yards to the CC0, 1ST DOWN PW, TOUCHDOWN, clock 00:00, D. Panczyszyn kick attempt good.","H,1,0,H35",pass,0,NA,1,14,28,18,H,PW,"KO,3,00:00,32","TD,3,00:00,100",5,68,0:00,KO,3,00:00,PW32,TD,3,00:00,CC00,NA
2021_01_CC_PW,CC,PW,Cologne Centurions,Panthers Wroclaw,6/19/2021,"Wroclaw, Poland",Stadion Olimpijski,18:00,21:14,Y,Y,W,3:14,3000,32C,E 8km/h,Sunny,Walentynowicz,Klimes,Walentynowicz,Pachulski,Simon,Hameder,Kriesman,PW,1,0,PW35,"H,1,0,H35","18,6,111",kick_off,NA,"KO:11,V02 RET:1,V14 TACK:45","D. Panczyszyn kickoff 63 yards to the CC2, Q. Pounds return 12 yards to the CC14 (T. Kiszka).","V,1,10,V14",NA,0,NA,0,14,28,18,H,PW,"KO,3,00:00,32","TD,3,00:00,100",5,68,0:00,KO,3,00:00,PW32,TD,3,00:00,CC00,NA
2021_01_CC_PW,CC,PW,Cologne Centurions,Panthers Wroclaw,6/19/2021,"Wroclaw, Poland",Stadion Olimpijski,18:00,21:14,Y,Y,W,3:14,3000,32C,E 8km/h,Sunny,Walentynowicz,Klimes,Walentynowicz,Pachulski,Simon,Hameder,Kriesman,CC,1,10,CC14,"V,1,10,V14","19,1,112",rush,NA,"RUSH:9,V16, TACK:8,4",C. Ezeala rush for 2 yards to the CC16 (H. Ogrodowczyk;W. Lloyd).,"V,2,8,V16",NA,0,NA,0,14,28,19,V,CC,"KO,3,00:00,14","TD,0,00:00,100",3,86,0:00,KO,3,00:00,CC14,TD,0,00:00,PW00,NA
2021_01_CC_PW,CC,PW,Cologne Centurions,Panthers Wroclaw,6/19/2021,"Wroclaw, Poland",Stadion Olimpijski,18:00,21:14,Y,Y,W,3:14,3000,32C,E 8km/h,Sunny,Walentynowicz,Klimes,Walentynowicz,Pachulski,Simon,Hameder,Kriesman,CC,2,8,CC16,"V,2,8,V16","19,2,113",pass,NA,"PASS:12,C,4,V28 TACK:5","J. Weinreich pass complete to G. Ngovo for 12 yards to the CC28, 1ST DOWN CC (G. Zec).","V,1,10,V28",pass,0,NA,0,14,28,19,V,CC,"KO,3,00:00,14","TD,0,00:00,100",3,86,0:00,KO,3,00:00,CC14,TD,0,00:00,PW00,NA
2021_01_CC_PW,CC,PW,Cologne Centurions,Panthers Wroclaw,6/19/2021,"Wroclaw, Poland",Stadion Olimpijski,18:00,21:14,Y,Y,W,3:14,3000,32C,E 8km/h,Sunny,Walentynowicz,Klimes,Walentynowicz,Pachulski,Simon,Hameder,Kriesman,CC,1,10,CC28,"V,1,10,V28","19,3,114",pat,00:00,"RUSH:28,H00, T:00:00 PAT:K,2,G","M. London rush for 72 yards to the PW0, 1ST DOWN CC, TOUCHDOWN, clock 00:00, D. Schuhmacher kick attempt good.","V,1,0,V35",rush,0,NA,1,21,28,19,V,CC,"KO,3,00:00,14","TD,0,00:00,100",3,86,0:00,KO,3,00:00,CC14,TD,0,00:00,PW00,NA
2021_01_CC_PW,CC,PW,Cologne Centurions,Panthers Wroclaw,6/19/2021,"Wroclaw, Poland",Stadion Olimpijski,18:00,21:14,Y,Y,W,3:14,3000,32C,E 8km/h,Sunny,Walentynowicz,Klimes,Walentynowicz,Pachulski,Simon,Hameder,Kriesman,CC,1,0,CC35,"V,1,0,V35","19,4,115",kick_off,NA,"KO:2,H13 RET:4,H35 TACK:24","D. Schuhmacher kickoff 52 yards to the PW13, W. Lloyd return 22 yards to the PW35 (D. Jacobs).","H,1,10,H35",NA,0,NA,0,21,28,19,V,CC,"KO,3,00:00,14","TD,0,00:00,100",3,86,0:00,KO,3,00:00,CC14,TD,0,00:00,PW00,NA
2021_01_CC_PW,CC,PW,Cologne Centurions,Panthers Wroclaw,6/19/2021,"Wroclaw, Poland",Stadion Olimpijski,18:00,21:14,Y,Y,W,3:14,3000,32C,E 8km/h,Sunny,Walentynowicz,Klimes,Walentynowicz,Pachulski,Simon,Hameder,Kriesman,PW,1,10,PW35,"H,1,10,H35","20,1,116",pass,NA,"PASS:2,C,23,V49 TACK:23","L. O'Connor pass complete to J. Mazan for 16 yards to the CC49, 1ST DOWN PW (T. Janssen).","H,1,10,V49",pass,0,NA,0,21,28,20,H,PW,"KO,3,00:00,35","PUNT,3,00:00,63",6,28,0:00,KO,3,00:00,PW35,PUNT,3,00:00,CC37,NA
2021_01_CC_PW,CC,PW,Cologne Centurions,Panthers Wroclaw,6/19/2021,"Wroclaw, Poland",Stadion Olimpijski,18:00,21:14,Y,Y,W,3:14,3000,32C,E 8km/h,Sunny,Walentynowicz,Klimes,Walentynowicz,Pachulski,Simon,Hameder,Kriesman,PW,1,10,CC49,"H,1,10,V49","20,2,117",rush,NA,"RUSH:23,V46, TACK:TM",J. Mazan rush for 3 yards to the CC46 (TEAM).,"H,2,7,V46",NA,0,NA,0,21,28,20,H,PW,"KO,3,00:00,35","PUNT,3,00:00,63",6,28,0:00,KO,3,00:00,PW35,PUNT,3,00:00,CC37,NA
2021_01_CC_PW,CC,PW,Cologne Centurions,Panthers Wroclaw,6/19/2021,"Wroclaw, Poland",Stadion Olimpijski,18:00,21:14,Y,Y,W,3:14,3000,32C,E 8km/h,Sunny,Walentynowicz,Klimes,Walentynowicz,Pachulski,Simon,Hameder,Kriesman,PW,2,7,CC46,"H,2,7,V46","20,3,118",rush,NA,"RUSH:25,V39, TACK:24","P. Pasqualini rush for 7 yards to the CC39, 1ST DOWN PW (D. Jacobs).","H,1,10,V39",rush,0,NA,0,21,28,20,H,PW,"KO,3,00:00,35","PUNT,3,00:00,63",6,28,0:00,KO,3,00:00,PW35,PUNT,3,00:00,CC37,NA
2021_01_CC_PW,CC,PW,Cologne Centurions,Panthers Wroclaw,6/19/2021,"Wroclaw, Poland",Stadion Olimpijski,18:00,21:14,Y,Y,W,3:14,3000,32C,E 8km/h,Sunny,Walentynowicz,Klimes,Walentynowicz,Pachulski,Simon,Hameder,Kriesman,PW,1,10,CC39,"H,1,10,V39","20,4,119",pass,NA,"PASS:2,I,23,*",L. O'Connor pass incomplete to J. Mazan.,"H,2,10,V39",NA,0,NA,0,21,28,20,H,PW,"KO,3,00:00,35","PUNT,3,00:00,63",6,28,0:00,KO,3,00:00,PW35,PUNT,3,00:00,CC37,NA
2021_01_CC_PW,CC,PW,Cologne Centurions,Panthers Wroclaw,6/19/2021,"Wroclaw, Poland",Stadion Olimpijski,18:00,21:14,Y,Y,W,3:14,3000,32C,E 8km/h,Sunny,Walentynowicz,Klimes,Walentynowicz,Pachulski,Simon,Hameder,Kriesman,PW,2,10,CC39,"H,2,10,V39","20,5,120",rush,NA,"RUSH:23,V37, TACK:24",J. Mazan rush for 2 yards to the CC37 (D. Jacobs).,"H,3,8,V37",NA,0,NA,0,21,28,20,H,PW,"KO,3,00:00,35","PUNT,3,00:00,63",6,28,0:00,KO,3,00:00,PW35,PUNT,3,00:00,CC37,NA
2021_01_CC_PW,CC,PW,Cologne Centurions,Panthers Wroclaw,6/19/2021,"Wroclaw, Poland",Stadion Olimpijski,18:00,21:14,Y,Y,W,3:14,3000,32C,E 8km/h,Sunny,Walentynowicz,Klimes,Walentynowicz,Pachulski,Simon,Hameder,Kriesman,PW,3,8,CC37,"H,3,8,V37","20,6,121",pass,NA,"PASS:2,B,15,* BRUP:20",L. O'Connor pass incomplete to B. Dziedzic (J. Seibel).,"H,4,8,V37",NA,0,NA,0,21,28,20,H,PW,"KO,3,00:00,35","PUNT,3,00:00,63",6,28,0:00,KO,3,00:00,PW35,PUNT,3,00:00,CC37,NA
2021_01_CC_PW,CC,PW,Cologne Centurions,Panthers Wroclaw,6/19/2021,"Wroclaw, Poland",Stadion Olimpijski,18:00,21:14,Y,Y,W,3:14,3000,32C,E 8km/h,Sunny,Walentynowicz,Klimes,Walentynowicz,Pachulski,Simon,Hameder,Kriesman,PW,4,8,CC37,"H,4,8,V37","20,7,122",punt,NA,"PUNT:11,V15 RET:21,V15 FORCE:TM FUMB:H,V18,21","D. Panczyszyn punt 22 yards to the CC15, R. Hanssen return 0 yards to the CC15, fumble forced by TEAM, fumble by R. Hanssen recovered by PW P. Lewszyk at CC18.","H,1,10,V18",NA,0,F,0,21,28,20,H,PW,"KO,3,00:00,35","PUNT,3,00:00,63",6,28,0:00,KO,3,00:00,PW35,PUNT,3,00:00,CC37,NA
2021_01_CC_PW,CC,PW,Cologne Centurions,Panthers Wroclaw,6/19/2021,"Wroclaw, Poland",Stadion Olimpijski,18:00,21:14,Y,Y,W,3:14,3000,32C,E 8km/h,Sunny,Walentynowicz,Klimes,Walentynowicz,Pachulski,Simon,Hameder,Kriesman,PW,1,10,CC18,"H,1,10,V18","22,1,123",pass,NA,"PASS:2,I,23,* BRUP:23",L. O'Connor pass incomplete to J. Mazan (T. Janssen).,"H,2,10,V18",NA,0,NA,0,21,28,22,H,PW,"FUMB,3,00:00,82","FG,3,00:00,82",4,0,0:00,FUMB,3,00:00,CC18,FG,3,00:00,CC18,1
2021_01_CC_PW,CC,PW,Cologne Centurions,Panthers Wroclaw,6/19/2021,"Wroclaw, Poland",Stadion Olimpijski,18:00,21:14,Y,Y,W,3:14,3000,32C,E 8km/h,Sunny,Walentynowicz,Klimes,Walentynowicz,Pachulski,Simon,Hameder,Kriesman,PW,2,10,CC18,"H,2,10,V18","22,2,124",pass,NA,"PASS:2,D,16,*","L. O'Connor pass incomplete to W. Zieba, dropped pass.","H,3,10,V18",NA,0,NA,0,21,28,22,H,PW,"FUMB,3,00:00,82","FG,3,00:00,82",4,0,0:00,FUMB,3,00:00,CC18,FG,3,00:00,CC18,1
2021_01_CC_PW,CC,PW,Cologne Centurions,Panthers Wroclaw,6/19/2021,"Wroclaw, Poland",Stadion Olimpijski,18:00,21:14,Y,Y,W,3:14,3000,32C,E 8km/h,Sunny,Walentynowicz,Klimes,Walentynowicz,Pachulski,Simon,Hameder,Kriesman,PW,3,10,CC18,"H,3,10,V18","22,3,125",pass,NA,"PASS:2,I,16,*",L. O'Connor pass incomplete to W. Zieba.,"H,4,10,V18",NA,0,NA,0,21,28,22,H,PW,"FUMB,3,00:00,82","FG,3,00:00,82",4,0,0:00,FUMB,3,00:00,CC18,FG,3,00:00,CC18,1
2021_01_CC_PW,CC,PW,Cologne Centurions,Panthers Wroclaw,6/19/2021,"Wroclaw, Poland",Stadion Olimpijski,18:00,21:14,Y,Y,W,3:14,3000,32C,E 8km/h,Sunny,Walentynowicz,Klimes,Walentynowicz,Pachulski,Simon,Hameder,Kriesman,PW,4,10,CC18,"H,4,10,V18","22,4,126",field_goal,00:00,"FGA:11,34,G T:00:00","D. Panczyszyn field goal attempt from 34 GOOD, clock 00:00.","H,1,0,H35",NA,0,NA,1,21,31,22,H,PW,"FUMB,3,00:00,82","FG,3,00:00,82",4,0,0:00,FUMB,3,00:00,CC18,FG,3,00:00,CC18,1
2021_01_CC_PW,CC,PW,Cologne Centurions,Panthers Wroclaw,6/19/2021,"Wroclaw, Poland",Stadion Olimpijski,18:00,21:14,Y,Y,W,3:14,3000,32C,E 8km/h,Sunny,Walentynowicz,Klimes,Walentynowicz,Pachulski,Simon,Hameder,Kriesman,PW,1,0,PW35,"H,1,0,H35","22,5,127",kick_off,NA,"KO:11,V05 RET:1,V31 TACK:26 PEN:V,UC,A,1,V16,N D:1,10 SPOT:V,V16,Y","D. Panczyszyn kickoff 60 yards to the CC5, Q. Pounds return 26 yards to the CC31 (M. Osumek), PENALTY CC unsportsmanlike conduct (Q. Pounds) 15 yards to the CC16, 1st and 10, CC ball on CC16.","V,1,10,V16",NA,0,NA,0,21,31,22,H,PW,"FUMB,3,00:00,82","FG,3,00:00,82",4,0,0:00,FUMB,3,00:00,CC18,FG,3,00:00,CC18,1
2021_01_CC_PW,CC,PW,Cologne Centurions,Panthers Wroclaw,6/19/2021,"Wroclaw, Poland",Stadion Olimpijski,18:00,21:14,Y,Y,W,3:14,3000,32C,E 8km/h,Sunny,Walentynowicz,Klimes,Walentynowicz,Pachulski,Simon,Hameder,Kriesman,CC,1,10,CC16,"V,1,10,V16","23,1,128",rush,NA,"RUSH:28,V21, TACK:8",M. London rush for 5 yards to the CC21 (H. Ogrodowczyk).,"V,2,5,V21",NA,0,NA,0,21,31,23,V,CC,"KO,3,00:00,16","PUNT,3,00:00,22",3,6,0:00,KO,3,00:00,CC16,PUNT,3,00:00,CC22,NA
2021_01_CC_PW,CC,PW,Cologne Centurions,Panthers Wroclaw,6/19/2021,"Wroclaw, Poland",Stadion Olimpijski,18:00,21:14,Y,Y,W,3:14,3000,32C,E 8km/h,Sunny,Walentynowicz,Klimes,Walentynowicz,Pachulski,Simon,Hameder,Kriesman,CC,2,5,CC21,"V,2,5,V21","23,2,129",rush,NA,"RUSH:9,V19, TACK:94,1",C. Ezeala rush for loss of 2 yards to the CC19 (K. Brauns;D. Robinson).,"V,3,7,V19",NA,0,NA,0,21,31,23,V,CC,"KO,3,00:00,16","PUNT,3,00:00,22",3,6,0:00,KO,3,00:00,CC16,PUNT,3,00:00,CC22,NA
2021_01_CC_PW,CC,PW,Cologne Centurions,Panthers Wroclaw,6/19/2021,"Wroclaw, Poland",Stadion Olimpijski,18:00,21:14,Y,Y,W,3:14,3000,32C,E 8km/h,Sunny,Walentynowicz,Klimes,Walentynowicz,Pachulski,Simon,Hameder,Kriesman,CC,3,7,CC19,"V,3,7,V19","23,3,130",rush,NA,"RUSH:28,V22, TACK:6,8",M. London rush for 3 yards to the CC22 (K. Ruta;H. Ogrodowczyk).,"V,4,4,V22",NA,0,NA,0,21,31,23,V,CC,"KO,3,00:00,16","PUNT,3,00:00,22",3,6,0:00,KO,3,00:00,CC16,PUNT,3,00:00,CC22,NA
2021_01_CC_PW,CC,PW,Cologne Centurions,Panthers Wroclaw,6/19/2021,"Wroclaw, Poland",Stadion Olimpijski,18:00,21:14,Y,Y,W,3:14,3000,32C,E 8km/h,Sunny,Walentynowicz,Klimes,Walentynowicz,Pachulski,Simon,Hameder,Kriesman,CC,4,4,CC22,"V,4,4,V22","23,4,131",punt,NA,"PUNT:9,H46 RET:23,V49 TACK:43","C. Ezeala punt 32 yards to the PW46, J. Mazan return 5 yards to the CC49 (P. Poetsch).","H,1,10,V49",NA,0,NA,0,21,31,23,V,CC,"KO,3,00:00,16","PUNT,3,00:00,22",3,6,0:00,KO,3,00:00,CC16,PUNT,3,00:00,CC22,NA
2021_01_CC_PW,CC,PW,Cologne Centurions,Panthers Wroclaw,6/19/2021,"Wroclaw, Poland",Stadion Olimpijski,18:00,21:14,Y,Y,W,3:14,3000,32C,E 8km/h,Sunny,Walentynowicz,Klimes,Walentynowicz,Pachulski,Simon,Hameder,Kriesman,PW,1,10,CC49,"H,1,10,V49","24,1,132",rush,NA,"RUSH:24,V42, TACK:TM",M. Herndon rush for 7 yards to the CC42 (TEAM).,"H,2,3,V42",NA,0,NA,0,21,31,24,H,PW,"PUNT,3,00:00,51","TD,3,00:00,100",4,49,0:00,PUNT,3,00:00,CC49,TD,3,00:00,CC00,1
2021_01_CC_PW,CC,PW,Cologne Centurions,Panthers Wroclaw,6/19/2021,"Wroclaw, Poland",Stadion Olimpijski,18:00,21:14,Y,Y,W,3:14,3000,32C,E 8km/h,Sunny,Walentynowicz,Klimes,Walentynowicz,Pachulski,Simon,Hameder,Kriesman,PW,2,3,CC42,"H,2,3,V42","24,2,133",pass,NA,"PASS:2,C,16,V25 TACK:20","L. O'Connor pass complete to W. Zieba for 17 yards to the CC25, 1ST DOWN PW (J. Seibel).","H,1,10,V25",pass,0,NA,0,21,31,24,H,PW,"PUNT,3,00:00,51","TD,3,00:00,100",4,49,0:00,PUNT,3,00:00,CC49,TD,3,00:00,CC00,1
2021_01_CC_PW,CC,PW,Cologne Centurions,Panthers Wroclaw,6/19/2021,"Wroclaw, Poland",Stadion Olimpijski,18:00,21:14,Y,Y,W,3:14,3000,32C,E 8km/h,Sunny,Walentynowicz,Klimes,Walentynowicz,Pachulski,Simon,Hameder,Kriesman,PW,1,10,CC25,"H,1,10,V25","24,3,134",pass,NA,"PASS:2,C,24,V06 PEN:V,OD,D","L. O'Connor pass complete to M. Herndon for 19 yards to the CC6, 1ST DOWN PW, PENALTY CC offside defense declined.","H,1,0,V06",pass,0,NA,0,21,31,24,H,PW,"PUNT,3,00:00,51","TD,3,00:00,100",4,49,0:00,PUNT,3,00:00,CC49,TD,3,00:00,CC00,1
2021_01_CC_PW,CC,PW,Cologne Centurions,Panthers Wroclaw,6/19/2021,"Wroclaw, Poland",Stadion Olimpijski,18:00,21:14,Y,Y,W,3:14,3000,32C,E 8km/h,Sunny,Walentynowicz,Klimes,Walentynowicz,Pachulski,Simon,Hameder,Kriesman,PW,1,0,CC06,"H,1,0,V06","24,4,135",pat,00:00,"PASS:2,C,16,V00 T:00:00 PAT:K,11,G","L. O'Connor pass complete to W. Zieba for 6 yards to the CC0, 1ST DOWN PW, TOUCHDOWN, clock 00:00, D. Panczyszyn kick attempt good.","H,1,0,H35",pass,0,NA,1,21,38,24,H,PW,"PUNT,3,00:00,51","TD,3,00:00,100",4,49,0:00,PUNT,3,00:00,CC49,TD,3,00:00,CC00,1
2021_01_CC_PW,CC,PW,Cologne Centurions,Panthers Wroclaw,6/19/2021,"Wroclaw, Poland",Stadion Olimpijski,18:00,21:14,Y,Y,W,3:14,3000,32C,E 8km/h,Sunny,Walentynowicz,Klimes,Walentynowicz,Pachulski,Simon,Hameder,Kriesman,PW,1,0,PW35,"H,1,0,H35","24,5,136",kick_off,NA,"KO:11,V06 RET:1,V37 TACK:47","D. Panczyszyn kickoff 59 yards to the CC6, Q. Pounds return 31 yards to the CC37 (A. Idziak).","V,1,10,V37",NA,0,NA,0,21,38,24,H,PW,"PUNT,3,00:00,51","TD,3,00:00,100",4,49,0:00,PUNT,3,00:00,CC49,TD,3,00:00,CC00,1
2021_01_CC_PW,CC,PW,Cologne Centurions,Panthers Wroclaw,6/19/2021,"Wroclaw, Poland",Stadion Olimpijski,18:00,21:14,Y,Y,W,3:14,3000,32C,E 8km/h,Sunny,Walentynowicz,Klimes,Walentynowicz,Pachulski,Simon,Hameder,Kriesman,CC,1,10,CC37,"V,1,10,V37","25,1,137",rush,NA,"RUSH:28,H39, TACK:56","M. London rush for 24 yards to the PW39, 1ST DOWN CC (K. Pawlak).","V,1,10,H39",rush,0,NA,0,21,38,25,V,CC,"KO,4,00:00,37","TD,4,00:00,100",8,63,0:00,KO,4,00:00,CC37,TD,4,00:00,PW00,1
2021_01_CC_PW,CC,PW,Cologne Centurions,Panthers Wroclaw,6/19/2021,"Wroclaw, Poland",Stadion Olimpijski,18:00,21:14,Y,Y,W,3:14,3000,32C,E 8km/h,Sunny,Walentynowicz,Klimes,Walentynowicz,Pachulski,Simon,Hameder,Kriesman,CC,1,10,PW39,"V,1,10,H39","25,2,138",rush,NA,"RUSH:28,H38, TACK:6,94",M. London rush for 1 yard to the PW38 (K. Ruta;K. Brauns).,"V,2,9,H38",NA,0,NA,0,21,38,25,V,CC,"KO,4,00:00,37","TD,4,00:00,100",8,63,0:00,KO,4,00:00,CC37,TD,4,00:00,PW00,1
2021_01_CC_PW,CC,PW,Cologne Centurions,Panthers Wroclaw,6/19/2021,"Wroclaw, Poland",Stadion Olimpijski,18:00,21:14,Y,Y,W,3:14,3000,32C,E 8km/h,Sunny,Walentynowicz,Klimes,Walentynowicz,Pachulski,Simon,Hameder,Kriesman,CC,2,9,PW38,"V,2,9,H38","25,3,139",pass,NA,"PASS:12,I,TM,* BRUP:9",J. Weinreich pass incomplete (T. Witalis).,"V,3,9,H38",NA,0,NA,0,21,38,25,V,CC,"KO,4,00:00,37","TD,4,00:00,100",8,63,0:00,KO,4,00:00,CC37,TD,4,00:00,PW00,1
2021_01_CC_PW,CC,PW,Cologne Centurions,Panthers Wroclaw,6/19/2021,"Wroclaw, Poland",Stadion Olimpijski,18:00,21:14,Y,Y,W,3:14,3000,32C,E 8km/h,Sunny,Walentynowicz,Klimes,Walentynowicz,Pachulski,Simon,Hameder,Kriesman,CC,3,9,PW38,"V,3,9,H38","25,4,140",pass,NA,"PASS:12,C,1,H40 TACK:4",J. Weinreich pass complete to Q. Pounds for loss of 2 yards to the PW40 (W. Lloyd).,"V,4,11,H40",NA,0,NA,0,21,38,25,V,CC,"KO,4,00:00,37","TD,4,00:00,100",8,63,0:00,KO,4,00:00,CC37,TD,4,00:00,PW00,1
2021_01_CC_PW,CC,PW,Cologne Centurions,Panthers Wroclaw,6/19/2021,"Wroclaw, Poland",Stadion Olimpijski,18:00,21:14,Y,Y,W,3:14,3000,32C,E 8km/h,Sunny,Walentynowicz,Klimes,Walentynowicz,Pachulski,Simon,Hameder,Kriesman,CC,4,11,PW40,"V,4,11,H40","25,5,141",pass,NA,"PASS:12,C,11,H28 TACK:5","J. Weinreich pass complete to N. Aarass for 12 yards to the PW28, 1ST DOWN CC (G. Zec).","V,1,10,H28",pass,0,NA,0,21,38,25,V,CC,"KO,4,00:00,37","TD,4,00:00,100",8,63,0:00,KO,4,00:00,CC37,TD,4,00:00,PW00,1
2021_01_CC_PW,CC,PW,Cologne Centurions,Panthers Wroclaw,6/19/2021,"Wroclaw, Poland",Stadion Olimpijski,18:00,21:14,Y,Y,W,3:14,3000,32C,E 8km/h,Sunny,Walentynowicz,Klimes,Walentynowicz,Pachulski,Simon,Hameder,Kriesman,CC,1,10,PW28,"V,1,10,H28","25,6,142",pass,NA,"PASS:12,C,11,H27 TACK:5",J. Weinreich pass complete to N. Aarass for 1 yard to the PW27 (G. Zec).,"V,2,9,H27",NA,0,NA,0,21,38,25,V,CC,"KO,4,00:00,37","TD,4,00:00,100",8,63,0:00,KO,4,00:00,CC37,TD,4,00:00,PW00,1
2021_01_CC_PW,CC,PW,Cologne Centurions,Panthers Wroclaw,6/19/2021,"Wroclaw, Poland",Stadion Olimpijski,18:00,21:14,Y,Y,W,3:14,3000,32C,E 8km/h,Sunny,Walentynowicz,Klimes,Walentynowicz,Pachulski,Simon,Hameder,Kriesman,CC,2,9,PW27,"V,2,9,H27","25,7,143",rush,NA,"RUSH:28,H13, TACK:5","M. London rush for 14 yards to the PW13, 1ST DOWN CC (G. Zec).","V,1,10,H13",rush,0,NA,0,21,38,25,V,CC,"KO,4,00:00,37","TD,4,00:00,100",8,63,0:00,KO,4,00:00,CC37,TD,4,00:00,PW00,1
2021_01_CC_PW,CC,PW,Cologne Centurions,Panthers Wroclaw,6/19/2021,"Wroclaw, Poland",Stadion Olimpijski,18:00,21:14,Y,Y,W,3:14,3000,32C,E 8km/h,Sunny,Walentynowicz,Klimes,Walentynowicz,Pachulski,Simon,Hameder,Kriesman,CC,1,10,PW13,"V,1,10,H13","25,8,144",pass,00:00,"PASS:12,C,11,H00 T:00:00","J. Weinreich pass complete to N. Aarass for 13 yards to the PW0, 1ST DOWN CC, TOUCHDOWN, clock 00:00.","V,1,10,H15",pass,0,NA,1,27,38,25,V,CC,"KO,4,00:00,37","TD,4,00:00,100",8,63,0:00,KO,4,00:00,CC37,TD,4,00:00,PW00,1
2021_01_CC_PW,CC,PW,Cologne Centurions,Panthers Wroclaw,6/19/2021,"Wroclaw, Poland",Stadion Olimpijski,18:00,21:14,Y,Y,W,3:14,3000,32C,E 8km/h,Sunny,Walentynowicz,Klimes,Walentynowicz,Pachulski,Simon,Hameder,Kriesman,CC,1,10,PW15,"V,1,10,H15","25,9,145",pat,NA,"PAT:K,2,B,9,N BLOCK:1","D. Schuhmacher kick attempt failed (blocked), returned by T. Witalis - no score (blocked by D. Robinson).","V,1,0,V35",NA,0,NA,0,27,38,25,V,CC,"KO,4,00:00,37","TD,4,00:00,100",8,63,0:00,KO,4,00:00,CC37,TD,4,00:00,PW00,1
2021_01_CC_PW,CC,PW,Cologne Centurions,Panthers Wroclaw,6/19/2021,"Wroclaw, Poland",Stadion Olimpijski,18:00,21:14,Y,Y,W,3:14,3000,32C,E 8km/h,Sunny,Walentynowicz,Klimes,Walentynowicz,Pachulski,Simon,Hameder,Kriesman,CC,1,0,CC35,"V,1,0,V35","25,10,146",NA,00:00,Q:4 T:00:00,"Start of 4th quarter, clock 00:00.","V,1,0,V35",NA,0,NA,0,27,38,25,V,CC,"KO,4,00:00,37","TD,4,00:00,100",8,63,0:00,KO,4,00:00,CC37,TD,4,00:00,PW00,1
2021_01_CC_PW,CC,PW,Cologne Centurions,Panthers Wroclaw,6/19/2021,"Wroclaw, Poland",Stadion Olimpijski,18:00,21:14,Y,Y,W,3:14,3000,32C,E 8km/h,Sunny,Walentynowicz,Klimes,Walentynowicz,Pachulski,Simon,Hameder,Kriesman,CC,1,0,CC35,"V,1,0,V35","25,11,147",kick_off,NA,"KO:2,H10 RET:23,H40 TACK:28","D. Schuhmacher kickoff 55 yards to the PW10, J. Mazan return 30 yards to the PW40 (M. London).","H,1,10,H40",NA,0,NA,0,27,38,25,V,CC,"KO,4,00:00,37","TD,4,00:00,100",8,63,0:00,KO,4,00:00,CC37,TD,4,00:00,PW00,1
2021_01_CC_PW,CC,PW,Cologne Centurions,Panthers Wroclaw,6/19/2021,"Wroclaw, Poland",Stadion Olimpijski,18:00,21:14,Y,Y,W,3:14,3000,32C,E 8km/h,Sunny,Walentynowicz,Klimes,Walentynowicz,Pachulski,Simon,Hameder,Kriesman,PW,1,10,PW40,"H,1,10,H40","26,1,148",pass,NA,"PASS:2,C,15,H47 TACK:24",L. O'Connor pass complete to B. Dziedzic for 7 yards to the PW47 (D. Jacobs).,"H,2,3,H47",NA,0,NA,0,27,38,26,H,PW,"KO,3,00:00,40","FUMB,4,00:00,56",2,16,0:00,KO,3,00:00,PW40,FUMB,4,00:00,CC44,NA
2021_01_CC_PW,CC,PW,Cologne Centurions,Panthers Wroclaw,6/19/2021,"Wroclaw, Poland",Stadion Olimpijski,18:00,21:14,Y,Y,W,3:14,3000,32C,E 8km/h,Sunny,Walentynowicz,Klimes,Walentynowicz,Pachulski,Simon,Hameder,Kriesman,PW,2,3,PW47,"H,2,3,H47","26,2,149",rush,NA,"RUSH:25,V49, FORCE:TM FUMB:V,V44,TM TACK:TM","P. Pasqualini rush for 4 yards to the CC49, fumble forced by TEAM, fumble by P. Pasqualini recovered by CC TEAM at CC44 (TEAM).","V,1,10,V44",NA,0,F,0,27,38,26,H,PW,"KO,3,00:00,40","FUMB,4,00:00,56",2,16,0:00,KO,3,00:00,PW40,FUMB,4,00:00,CC44,NA
2021_01_CC_PW,CC,PW,Cologne Centurions,Panthers Wroclaw,6/19/2021,"Wroclaw, Poland",Stadion Olimpijski,18:00,21:14,Y,Y,W,3:14,3000,32C,E 8km/h,Sunny,Walentynowicz,Klimes,Walentynowicz,Pachulski,Simon,Hameder,Kriesman,CC,1,10,CC44,"V,1,10,V44","27,1,150",penalty,NA,"PEN:V,FS,A,73,V39,N",PENALTY CC false start (F. Kratz) 5 yards to the CC39.,"V,1,15,V39",NA,0,NA,0,27,38,27,V,CC,"FUMB,4,00:00,44","TD,4,00:00,100",2,56,0:00,FUMB,4,00:00,CC44,TD,4,00:00,PW00,NA
2021_01_CC_PW,CC,PW,Cologne Centurions,Panthers Wroclaw,6/19/2021,"Wroclaw, Poland",Stadion Olimpijski,18:00,21:14,Y,Y,W,3:14,3000,32C,E 8km/h,Sunny,Walentynowicz,Klimes,Walentynowicz,Pachulski,Simon,Hameder,Kriesman,CC,1,15,CC39,"V,1,15,V39","27,2,151",pass,NA,"PASS:12,D,11,* BRUP:8","J. Weinreich pass incomplete to N. Aarass, dropped pass (H. Ogrodowczyk).","V,2,15,V39",NA,0,NA,0,27,38,27,V,CC,"FUMB,4,00:00,44","TD,4,00:00,100",2,56,0:00,FUMB,4,00:00,CC44,TD,4,00:00,PW00,NA
2021_01_CC_PW,CC,PW,Cologne Centurions,Panthers Wroclaw,6/19/2021,"Wroclaw, Poland",Stadion Olimpijski,18:00,21:14,Y,Y,W,3:14,3000,32C,E 8km/h,Sunny,Walentynowicz,Klimes,Walentynowicz,Pachulski,Simon,Hameder,Kriesman,CC,2,15,CC39,"V,2,15,V39","27,3,152",pat,00:00,"RUSH:28,H00, T:00:00 PAT:K,2,M","M. London rush for 61 yards to the PW0, 1ST DOWN CC, TOUCHDOWN, clock 00:00, D. Schuhmacher kick attempt failed.","V,1,0,V35",rush,0,NA,1,33,38,27,V,CC,"FUMB,4,00:00,44","TD,4,00:00,100",2,56,0:00,FUMB,4,00:00,CC44,TD,4,00:00,PW00,NA
2021_01_CC_PW,CC,PW,Cologne Centurions,Panthers Wroclaw,6/19/2021,"Wroclaw, Poland",Stadion Olimpijski,18:00,21:14,Y,Y,W,3:14,3000,32C,E 8km/h,Sunny,Walentynowicz,Klimes,Walentynowicz,Pachulski,Simon,Hameder,Kriesman,CC,1,0,CC35,"V,1,0,V35","27,4,153",kick_off,NA,"KO:2,H07 RET:23,H28 TACK:8","D. Schuhmacher kickoff 58 yards to the PW7, J. Mazan return 21 yards to the PW28 (P. Steffen).","H,1,10,H28",NA,0,NA,0,33,38,27,V,CC,"FUMB,4,00:00,44","TD,4,00:00,100",2,56,0:00,FUMB,4,00:00,CC44,TD,4,00:00,PW00,NA
2021_01_CC_PW,CC,PW,Cologne Centurions,Panthers Wroclaw,6/19/2021,"Wroclaw, Poland",Stadion Olimpijski,18:00,21:14,Y,Y,W,3:14,3000,32C,E 8km/h,Sunny,Walentynowicz,Klimes,Walentynowicz,Pachulski,Simon,Hameder,Kriesman,PW,1,10,PW28,"H,1,10,H28","28,1,154",rush,NA,"RUSH:24,H28, TACK:TM",M. Herndon rush for no gain to the PW28 (TEAM).,"H,2,10,H28",NA,0,NA,0,33,38,28,H,PW,"KO,4,00:00,28","TD,4,00:00,100",11,72,0:00,KO,4,00:00,PW28,TD,4,00:00,CC00,1
2021_01_CC_PW,CC,PW,Cologne Centurions,Panthers Wroclaw,6/19/2021,"Wroclaw, Poland",Stadion Olimpijski,18:00,21:14,Y,Y,W,3:14,3000,32C,E 8km/h,Sunny,Walentynowicz,Klimes,Walentynowicz,Pachulski,Simon,Hameder,Kriesman,PW,2,10,PW28,"H,2,10,H28","28,2,155",pass,NA,"PASS:2,C,16,H38 TACK:31","L. O'Connor pass complete to W. Zieba for 10 yards to the PW38, 1ST DOWN PW (D. Lamy).","H,1,10,H38",pass,0,NA,0,33,38,28,H,PW,"KO,4,00:00,28","TD,4,00:00,100",11,72,0:00,KO,4,00:00,PW28,TD,4,00:00,CC00,1
2021_01_CC_PW,CC,PW,Cologne Centurions,Panthers Wroclaw,6/19/2021,"Wroclaw, Poland",Stadion Olimpijski,18:00,21:14,Y,Y,W,3:14,3000,32C,E 8km/h,Sunny,Walentynowicz,Klimes,Walentynowicz,Pachulski,Simon,Hameder,Kriesman,PW,1,10,PW38,"H,1,10,H38","28,3,156",rush,NA,"RUSH:25,V48, TACK:24 PEN:V,OD,D","P. Pasqualini rush for 14 yards to the CC48, 1ST DOWN PW (D. Jacobs), PENALTY CC offside defense declined.","H,1,10,V48",rush,0,NA,0,33,38,28,H,PW,"KO,4,00:00,28","TD,4,00:00,100",11,72,0:00,KO,4,00:00,PW28,TD,4,00:00,CC00,1
2021_01_CC_PW,CC,PW,Cologne Centurions,Panthers Wroclaw,6/19/2021,"Wroclaw, Poland",Stadion Olimpijski,18:00,21:14,Y,Y,W,3:14,3000,32C,E 8km/h,Sunny,Walentynowicz,Klimes,Walentynowicz,Pachulski,Simon,Hameder,Kriesman,PW,1,10,CC48,"H,1,10,V48","28,4,157",rush,NA,"RUSH:25,V35, TACK:24","P. Pasqualini rush for 13 yards to the CC35, 1ST DOWN PW (D. Jacobs).","H,1,10,V35",rush,0,NA,0,33,38,28,H,PW,"KO,4,00:00,28","TD,4,00:00,100",11,72,0:00,KO,4,00:00,PW28,TD,4,00:00,CC00,1
2021_01_CC_PW,CC,PW,Cologne Centurions,Panthers Wroclaw,6/19/2021,"Wroclaw, Poland",Stadion Olimpijski,18:00,21:14,Y,Y,W,3:14,3000,32C,E 8km/h,Sunny,Walentynowicz,Klimes,Walentynowicz,Pachulski,Simon,Hameder,Kriesman,PW,1,10,CC35,"H,1,10,V35","28,5,158",pass,NA,"PASS:2,D,23,*","L. O'Connor pass incomplete to J. Mazan, dropped pass.","H,2,10,V35",NA,0,NA,0,33,38,28,H,PW,"KO,4,00:00,28","TD,4,00:00,100",11,72,0:00,KO,4,00:00,PW28,TD,4,00:00,CC00,1
2021_01_CC_PW,CC,PW,Cologne Centurions,Panthers Wroclaw,6/19/2021,"Wroclaw, Poland",Stadion Olimpijski,18:00,21:14,Y,Y,W,3:14,3000,32C,E 8km/h,Sunny,Walentynowicz,Klimes,Walentynowicz,Pachulski,Simon,Hameder,Kriesman,PW,2,10,CC35,"H,2,10,V35","28,6,159",NA,00:00,TOUT:V T:00:00,"Timeout Cologne Centurions, clock 00:00.","H,2,10,V35",NA,0,NA,0,33,38,28,H,PW,"KO,4,00:00,28","TD,4,00:00,100",11,72,0:00,KO,4,00:00,PW28,TD,4,00:00,CC00,1
2021_01_CC_PW,CC,PW,Cologne Centurions,Panthers Wroclaw,6/19/2021,"Wroclaw, Poland",Stadion Olimpijski,18:00,21:14,Y,Y,W,3:14,3000,32C,E 8km/h,Sunny,Walentynowicz,Klimes,Walentynowicz,Pachulski,Simon,Hameder,Kriesman,PW,2,10,CC35,"H,2,10,V35","28,7,160",pass,NA,"PASS:2,F,TM,V46 SACK:TM FUMB:H,V44,2 TACK:TM","L. O'Connor sacked for loss of 11 yards to the CC46 (TEAM), fumble by TEAM recovered by PW L. O'Connor at CC44 (TEAM).","H,3,19,V44",NA,0,NA,0,33,38,28,H,PW,"KO,4,00:00,28","TD,4,00:00,100",11,72,0:00,KO,4,00:00,PW28,TD,4,00:00,CC00,1
2021_01_CC_PW,CC,PW,Cologne Centurions,Panthers Wroclaw,6/19/2021,"Wroclaw, Poland",Stadion Olimpijski,18:00,21:14,Y,Y,W,3:14,3000,32C,E 8km/h,Sunny,Walentynowicz,Klimes,Walentynowicz,Pachulski,Simon,Hameder,Kriesman,PW,3,19,CC44,"H,3,19,V44","28,8,161",pass,NA,"PASS:2,C,82,V24 TACK:20","L. O'Connor pass complete to P. Banat for 20 yards to the CC24, 1ST DOWN PW (J. Seibel).","H,1,10,V24",pass,0,NA,0,33,38,28,H,PW,"KO,4,00:00,28","TD,4,00:00,100",11,72,0:00,KO,4,00:00,PW28,TD,4,00:00,CC00,1
2021_01_CC_PW,CC,PW,Cologne Centurions,Panthers Wroclaw,6/19/2021,"Wroclaw, Poland",Stadion Olimpijski,18:00,21:14,Y,Y,W,3:14,3000,32C,E 8km/h,Sunny,Walentynowicz,Klimes,Walentynowicz,Pachulski,Simon,Hameder,Kriesman,PW,1,10,CC24,"H,1,10,V24","28,9,162",rush,NA,"RUSH:23,V23, TACK:24",J. Mazan rush for 1 yard to the CC23 (D. Jacobs).,"H,2,9,V23",NA,0,NA,0,33,38,28,H,PW,"KO,4,00:00,28","TD,4,00:00,100",11,72,0:00,KO,4,00:00,PW28,TD,4,00:00,CC00,1
2021_01_CC_PW,CC,PW,Cologne Centurions,Panthers Wroclaw,6/19/2021,"Wroclaw, Poland",Stadion Olimpijski,18:00,21:14,Y,Y,W,3:14,3000,32C,E 8km/h,Sunny,Walentynowicz,Klimes,Walentynowicz,Pachulski,Simon,Hameder,Kriesman,PW,2,9,CC23,"H,2,9,V23","28,10,163",pass,NA,"PASS:2,C,82,V14 OB: TACK:20","L. O'Connor pass complete to P. Banat for 9 yards to the CC14, 1ST DOWN PW, out-of-bounds (J. Seibel).","H,1,10,V14",pass,1,NA,0,33,38,28,H,PW,"KO,4,00:00,28","TD,4,00:00,100",11,72,0:00,KO,4,00:00,PW28,TD,4,00:00,CC00,1
2021_01_CC_PW,CC,PW,Cologne Centurions,Panthers Wroclaw,6/19/2021,"Wroclaw, Poland",Stadion Olimpijski,18:00,21:14,Y,Y,W,3:14,3000,32C,E 8km/h,Sunny,Walentynowicz,Klimes,Walentynowicz,Pachulski,Simon,Hameder,Kriesman,PW,1,10,CC14,"H,1,10,V14","28,11,164",rush,NA,"RUSH:25,V11, TACK:TM",P. Pasqualini rush for 3 yards to the CC11 (TEAM).,"H,2,7,V11",NA,0,NA,0,33,38,28,H,PW,"KO,4,00:00,28","TD,4,00:00,100",11,72,0:00,KO,4,00:00,PW28,TD,4,00:00,CC00,1
2021_01_CC_PW,CC,PW,Cologne Centurions,Panthers Wroclaw,6/19/2021,"Wroclaw, Poland",Stadion Olimpijski,18:00,21:14,Y,Y,W,3:14,3000,32C,E 8km/h,Sunny,Walentynowicz,Klimes,Walentynowicz,Pachulski,Simon,Hameder,Kriesman,PW,2,7,CC11,"H,2,7,V11","28,12,165",pat,00:00,"PASS:2,C,82,V00 T:00:00 PAT:K,11,G","L. O'Connor pass complete to P. Banat for 11 yards to the CC0, 1ST DOWN PW, TOUCHDOWN, clock 00:00, D. Panczyszyn kick attempt good.","H,1,0,H35",pass,0,NA,1,33,45,28,H,PW,"KO,4,00:00,28","TD,4,00:00,100",11,72,0:00,KO,4,00:00,PW28,TD,4,00:00,CC00,1
2021_01_CC_PW,CC,PW,Cologne Centurions,Panthers Wroclaw,6/19/2021,"Wroclaw, Poland",Stadion Olimpijski,18:00,21:14,Y,Y,W,3:14,3000,32C,E 8km/h,Sunny,Walentynowicz,Klimes,Walentynowicz,Pachulski,Simon,Hameder,Kriesman,PW,1,0,PW35,"H,1,0,H35","28,13,166",kick_off,NA,"KO:85,V12 RET:1,V33 TACK:TM","O. Wypych kickoff 53 yards to the CC12, Q. Pounds return 21 yards to the CC33 (TEAM).","V,1,10,V33",NA,0,NA,0,33,45,28,H,PW,"KO,4,00:00,28","TD,4,00:00,100",11,72,0:00,KO,4,00:00,PW28,TD,4,00:00,CC00,1
2021_01_CC_PW,CC,PW,Cologne Centurions,Panthers Wroclaw,6/19/2021,"Wroclaw, Poland",Stadion Olimpijski,18:00,21:14,Y,Y,W,3:14,3000,32C,E 8km/h,Sunny,Walentynowicz,Klimes,Walentynowicz,Pachulski,Simon,Hameder,Kriesman,CC,1,10,CC33,"V,1,10,V33","29,1,167",rush,NA,"RUSH:28,V32, TACK:94",M. London rush for loss of 1 yard to the CC32 (K. Brauns).,"V,2,11,V32",NA,0,NA,0,33,45,29,V,CC,"KO,4,00:00,33","DOWNS,4,00:00,32",4,-1,0:00,KO,4,00:00,CC33,DOWNS,4,00:00,CC32,NA
2021_01_CC_PW,CC,PW,Cologne Centurions,Panthers Wroclaw,6/19/2021,"Wroclaw, Poland",Stadion Olimpijski,18:00,21:14,Y,Y,W,3:14,3000,32C,E 8km/h,Sunny,Walentynowicz,Klimes,Walentynowicz,Pachulski,Simon,Hameder,Kriesman,CC,2,11,CC32,"V,2,11,V32","29,2,168",pass,NA,"PASS:12,B,10,* BRUP:6",J. Weinreich pass incomplete to J. Schlesinger (K. Ruta).,"V,3,11,V32",NA,0,NA,0,33,45,29,V,CC,"KO,4,00:00,33","DOWNS,4,00:00,32",4,-1,0:00,KO,4,00:00,CC33,DOWNS,4,00:00,CC32,NA
2021_01_CC_PW,CC,PW,Cologne Centurions,Panthers Wroclaw,6/19/2021,"Wroclaw, Poland",Stadion Olimpijski,18:00,21:14,Y,Y,W,3:14,3000,32C,E 8km/h,Sunny,Walentynowicz,Klimes,Walentynowicz,Pachulski,Simon,Hameder,Kriesman,CC,3,11,CC32,"V,3,11,V32","29,3,169",pass,NA,"PASS:12,B,11,*",J. Weinreich pass incomplete to N. Aarass.,"V,4,11,V32",NA,0,NA,0,33,45,29,V,CC,"KO,4,00:00,33","DOWNS,4,00:00,32",4,-1,0:00,KO,4,00:00,CC33,DOWNS,4,00:00,CC32,NA
2021_01_CC_PW,CC,PW,Cologne Centurions,Panthers Wroclaw,6/19/2021,"Wroclaw, Poland",Stadion Olimpijski,18:00,21:14,Y,Y,W,3:14,3000,32C,E 8km/h,Sunny,Walentynowicz,Klimes,Walentynowicz,Pachulski,Simon,Hameder,Kriesman,CC,4,11,CC32,"V,4,11,V32","29,4,170",NA,00:00,TOUT:V T:00:00,"Timeout Cologne Centurions, clock 00:00.","V,4,11,V32",NA,0,NA,0,33,45,29,V,CC,"KO,4,00:00,33","DOWNS,4,00:00,32",4,-1,0:00,KO,4,00:00,CC33,DOWNS,4,00:00,CC32,NA
2021_01_CC_PW,CC,PW,Cologne Centurions,Panthers Wroclaw,6/19/2021,"Wroclaw, Poland",Stadion Olimpijski,18:00,21:14,Y,Y,W,3:14,3000,32C,E 8km/h,Sunny,Walentynowicz,Klimes,Walentynowicz,Pachulski,Simon,Hameder,Kriesman,CC,4,11,CC32,"V,4,11,V32","29,5,171",pass,NA,"PASS:12,B,1,*",J. Weinreich pass incomplete to Q. Pounds.,"H,1,10,V32",NA,0,NA,0,33,45,29,V,CC,"KO,4,00:00,33","DOWNS,4,00:00,32",4,-1,0:00,KO,4,00:00,CC33,DOWNS,4,00:00,CC32,NA
2021_01_CC_PW,CC,PW,Cologne Centurions,Panthers Wroclaw,6/19/2021,"Wroclaw, Poland",Stadion Olimpijski,18:00,21:14,Y,Y,W,3:14,3000,32C,E 8km/h,Sunny,Walentynowicz,Klimes,Walentynowicz,Pachulski,Simon,Hameder,Kriesman,PW,1,10,CC32,"H,1,10,V32","30,1,172",pass,NA,"PASS:2,I,16,*",L. O'Connor pass incomplete to W. Zieba.,"H,2,10,V32",NA,0,NA,0,33,45,30,H,PW,"DOWNS,4,00:00,68","FG,4,00:00,90",8,22,0:00,DOWNS,4,00:00,CC32,FG,4,00:00,CC10,1
2021_01_CC_PW,CC,PW,Cologne Centurions,Panthers Wroclaw,6/19/2021,"Wroclaw, Poland",Stadion Olimpijski,18:00,21:14,Y,Y,W,3:14,3000,32C,E 8km/h,Sunny,Walentynowicz,Klimes,Walentynowicz,Pachulski,Simon,Hameder,Kriesman,PW,2,10,CC32,"H,2,10,V32","30,2,173",rush,NA,"RUSH:25,V19, TACK:55","P. Pasqualini rush for 13 yards to the CC19, 1ST DOWN PW (J. Voelker).","H,1,10,V19",rush,0,NA,0,33,45,30,H,PW,"DOWNS,4,00:00,68","FG,4,00:00,90",8,22,0:00,DOWNS,4,00:00,CC32,FG,4,00:00,CC10,1
2021_01_CC_PW,CC,PW,Cologne Centurions,Panthers Wroclaw,6/19/2021,"Wroclaw, Poland",Stadion Olimpijski,18:00,21:14,Y,Y,W,3:14,3000,32C,E 8km/h,Sunny,Walentynowicz,Klimes,Walentynowicz,Pachulski,Simon,Hameder,Kriesman,PW,1,10,CC19,"H,1,10,V19","30,3,174",pass,NA,"PASS:2,D,40,* PEN:V,12,A,TM,V14,N","L. O'Connor pass incomplete to K. Starcyweski, dropped pass, PENALTY CC 12 men on the field 5 yards to the CC14.","H,1,5,V14",NA,0,NA,0,33,45,30,H,PW,"DOWNS,4,00:00,68","FG,4,00:00,90",8,22,0:00,DOWNS,4,00:00,CC32,FG,4,00:00,CC10,1
2021_01_CC_PW,CC,PW,Cologne Centurions,Panthers Wroclaw,6/19/2021,"Wroclaw, Poland",Stadion Olimpijski,18:00,21:14,Y,Y,W,3:14,3000,32C,E 8km/h,Sunny,Walentynowicz,Klimes,Walentynowicz,Pachulski,Simon,Hameder,Kriesman,PW,1,5,CC14,"H,1,5,V14","30,4,175",penalty,NA,"PEN:H,FS,A,65,V19,N",PENALTY PW false start (K. Piatek) 5 yards to the CC19.,"H,1,10,V19",NA,0,NA,0,33,45,30,H,PW,"DOWNS,4,00:00,68","FG,4,00:00,90",8,22,0:00,DOWNS,4,00:00,CC32,FG,4,00:00,CC10,1
2021_01_CC_PW,CC,PW,Cologne Centurions,Panthers Wroclaw,6/19/2021,"Wroclaw, Poland",Stadion Olimpijski,18:00,21:14,Y,Y,W,3:14,3000,32C,E 8km/h,Sunny,Walentynowicz,Klimes,Walentynowicz,Pachulski,Simon,Hameder,Kriesman,PW,1,10,CC19,"H,1,10,V19","30,5,176",rush,NA,"RUSH:25,V01, TACK:55","P. Pasqualini rush for 18 yards to the CC1, 1ST DOWN PW (J. Voelker).","H,1,0,V01",rush,0,NA,0,33,45,30,H,PW,"DOWNS,4,00:00,68","FG,4,00:00,90",8,22,0:00,DOWNS,4,00:00,CC32,FG,4,00:00,CC10,1
2021_01_CC_PW,CC,PW,Cologne Centurions,Panthers Wroclaw,6/19/2021,"Wroclaw, Poland",Stadion Olimpijski,18:00,21:14,Y,Y,W,3:14,3000,32C,E 8km/h,Sunny,Walentynowicz,Klimes,Walentynowicz,Pachulski,Simon,Hameder,Kriesman,PW,1,0,CC01,"H,1,0,V01","30,6,177",rush,NA,"RUSH:25,V03, TACK:9",P. Pasqualini rush for loss of 2 yards to the CC3 (C. Ezeala).,"H,2,0,V03",NA,0,NA,0,33,45,30,H,PW,"DOWNS,4,00:00,68","FG,4,00:00,90",8,22,0:00,DOWNS,4,00:00,CC32,FG,4,00:00,CC10,1
2021_01_CC_PW,CC,PW,Cologne Centurions,Panthers Wroclaw,6/19/2021,"Wroclaw, Poland",Stadion Olimpijski,18:00,21:14,Y,Y,W,3:14,3000,32C,E 8km/h,Sunny,Walentynowicz,Klimes,Walentynowicz,Pachulski,Simon,Hameder,Kriesman,PW,2,0,CC03,"H,2,0,V03","30,7,178",penalty,NA,"PASS:2,I,23,* PEN:H,HO,A,13,V13,N NOPLAY:","L. O'Connor pass incomplete to J. Mazan, PENALTY PW holding (D. Kwiatkowski) 10 yards to the CC13, NO PLAY.","H,2,0,V13",NA,0,NA,0,33,45,30,H,PW,"DOWNS,4,00:00,68","FG,4,00:00,90",8,22,0:00,DOWNS,4,00:00,CC32,FG,4,00:00,CC10,1
2021_01_CC_PW,CC,PW,Cologne Centurions,Panthers Wroclaw,6/19/2021,"Wroclaw, Poland",Stadion Olimpijski,18:00,21:14,Y,Y,W,3:14,3000,32C,E 8km/h,Sunny,Walentynowicz,Klimes,Walentynowicz,Pachulski,Simon,Hameder,Kriesman,PW,2,0,CC13,"H,2,0,V13","30,8,179",pass,NA,"PASS:2,C,15,V10 TACK:44",L. O'Connor pass complete to B. Dziedzic for 3 yards to the CC10 (M. Kensy).,"H,3,0,V10",NA,0,NA,0,33,45,30,H,PW,"DOWNS,4,00:00,68","FG,4,00:00,90",8,22,0:00,DOWNS,4,00:00,CC32,FG,4,00:00,CC10,1
2021_01_CC_PW,CC,PW,Cologne Centurions,Panthers Wroclaw,6/19/2021,"Wroclaw, Poland",Stadion Olimpijski,18:00,21:14,Y,Y,W,3:14,3000,32C,E 8km/h,Sunny,Walentynowicz,Klimes,Walentynowicz,Pachulski,Simon,Hameder,Kriesman,PW,3,0,CC10,"H,3,0,V10","30,9,180",pass,NA,"PASS:2,I,15,*",L. O'Connor pass incomplete to B. Dziedzic.,"H,4,0,V10",NA,0,NA,0,33,45,30,H,PW,"DOWNS,4,00:00,68","FG,4,00:00,90",8,22,0:00,DOWNS,4,00:00,CC32,FG,4,00:00,CC10,1
2021_01_CC_PW,CC,PW,Cologne Centurions,Panthers Wroclaw,6/19/2021,"Wroclaw, Poland",Stadion Olimpijski,18:00,21:14,Y,Y,W,3:14,3000,32C,E 8km/h,Sunny,Walentynowicz,Klimes,Walentynowicz,Pachulski,Simon,Hameder,Kriesman,PW,4,0,CC10,"H,4,0,V10","30,10,181",field_goal,00:00,"FGA:11,26,G T:00:00","D. Panczyszyn field goal attempt from 26 GOOD, clock 00:00.","H,1,0,H35",NA,0,NA,1,33,48,30,H,PW,"DOWNS,4,00:00,68","FG,4,00:00,90",8,22,0:00,DOWNS,4,00:00,CC32,FG,4,00:00,CC10,1
2021_01_CC_PW,CC,PW,Cologne Centurions,Panthers Wroclaw,6/19/2021,"Wroclaw, Poland",Stadion Olimpijski,18:00,21:14,Y,Y,W,3:14,3000,32C,E 8km/h,Sunny,Walentynowicz,Klimes,Walentynowicz,Pachulski,Simon,Hameder,Kriesman,PW,1,0,PW35,"H,1,0,H35","30,11,182",kick_off,NA,"KO:85,V07 RET:1,V41 TACK:31,3","O. Wypych kickoff 58 yards to the CC7, Q. Pounds return 34 yards to the CC41 (S. Romanowski;S. Jarmolkowicz).","V,1,10,V41",NA,0,NA,0,33,48,30,H,PW,"DOWNS,4,00:00,68","FG,4,00:00,90",8,22,0:00,DOWNS,4,00:00,CC32,FG,4,00:00,CC10,1
2021_01_CC_PW,CC,PW,Cologne Centurions,Panthers Wroclaw,6/19/2021,"Wroclaw, Poland",Stadion Olimpijski,18:00,21:14,Y,Y,W,3:14,3000,32C,E 8km/h,Sunny,Walentynowicz,Klimes,Walentynowicz,Pachulski,Simon,Hameder,Kriesman,CC,1,10,CC41,"V,1,10,V41","31,1,183",rush,NA,"RUSH:28,V43, TACK:TM",M. London rush for 2 yards to the CC43 (TEAM).,"V,2,8,V43",NA,0,NA,0,33,48,31,V,CC,"KO,4,00:00,41","TD,4,00:00,100",3,59,0:00,KO,4,00:00,CC41,TD,4,00:00,PW00,NA
2021_01_CC_PW,CC,PW,Cologne Centurions,Panthers Wroclaw,6/19/2021,"Wroclaw, Poland",Stadion Olimpijski,18:00,21:14,Y,Y,W,3:14,3000,32C,E 8km/h,Sunny,Walentynowicz,Klimes,Walentynowicz,Pachulski,Simon,Hameder,Kriesman,CC,2,8,CC43,"V,2,8,V43","31,2,184",pass,NA,"PASS:12,C,10,H38 OB:","J. Weinreich pass complete to J. Schlesinger for 19 yards to the PW38, 1ST DOWN CC, out-of-bounds.","V,1,10,H38",pass,1,NA,0,33,48,31,V,CC,"KO,4,00:00,41","TD,4,00:00,100",3,59,0:00,KO,4,00:00,CC41,TD,4,00:00,PW00,NA
2021_01_CC_PW,CC,PW,Cologne Centurions,Panthers Wroclaw,6/19/2021,"Wroclaw, Poland",Stadion Olimpijski,18:00,21:14,Y,Y,W,3:14,3000,32C,E 8km/h,Sunny,Walentynowicz,Klimes,Walentynowicz,Pachulski,Simon,Hameder,Kriesman,CC,1,10,PW38,"V,1,10,H38","31,3,185",pat,00:00,"RUSH:28,H00, T:00:00 PAT:K,2,M","M. London rush for 38 yards to the PW0, 1ST DOWN CC, TOUCHDOWN, clock 00:00, D. Schuhmacher kick attempt failed.","V,1,0,V35",rush,0,NA,1,39,48,31,V,CC,"KO,4,00:00,41","TD,4,00:00,100",3,59,0:00,KO,4,00:00,CC41,TD,4,00:00,PW00,NA
2021_01_CC_PW,CC,PW,Cologne Centurions,Panthers Wroclaw,6/19/2021,"Wroclaw, Poland",Stadion Olimpijski,18:00,21:14,Y,Y,W,3:14,3000,32C,E 8km/h,Sunny,Walentynowicz,Klimes,Walentynowicz,Pachulski,Simon,Hameder,Kriesman,CC,1,0,CC35,"V,1,0,V35","31,4,186",kick_off,NA,"KO:2,V47 RET:16,V47","D. Schuhmacher kickoff 12 yards to the CC47, W. Zieba return 0 yards to the CC47.","H,1,10,V47",NA,0,NA,0,39,48,31,V,CC,"KO,4,00:00,41","TD,4,00:00,100",3,59,0:00,KO,4,00:00,CC41,TD,4,00:00,PW00,NA
2021_01_CC_PW,CC,PW,Cologne Centurions,Panthers Wroclaw,6/19/2021,"Wroclaw, Poland",Stadion Olimpijski,18:00,21:14,Y,Y,W,3:14,3000,32C,E 8km/h,Sunny,Walentynowicz,Klimes,Walentynowicz,Pachulski,Simon,Hameder,Kriesman,PW,1,10,CC47,"H,1,10,V47","32,1,187",rush,NA,"RUSH:25,V47, TACK:91",P. Pasqualini rush for no gain to the CC47 (R. Sellung).,"H,2,10,V47",NA,0,NA,0,39,48,32,H,PW,"KO,4,00:00,53","TD,0,00:00,100",4,47,0:00,KO,4,00:00,CC47,TD,0,00:00,CC00,1
2021_01_CC_PW,CC,PW,Cologne Centurions,Panthers Wroclaw,6/19/2021,"Wroclaw, Poland",Stadion Olimpijski,18:00,21:14,Y,Y,W,3:14,3000,32C,E 8km/h,Sunny,Walentynowicz,Klimes,Walentynowicz,Pachulski,Simon,Hameder,Kriesman,PW,2,10,CC47,"H,2,10,V47","32,2,188",rush,NA,"RUSH:25,V13, OB: TACK:24","P. Pasqualini rush for 34 yards to the CC13, 1ST DOWN PW, out-of-bounds (D. Jacobs).","H,1,10,V13",rush,1,NA,0,39,48,32,H,PW,"KO,4,00:00,53","TD,0,00:00,100",4,47,0:00,KO,4,00:00,CC47,TD,0,00:00,CC00,1
2021_01_CC_PW,CC,PW,Cologne Centurions,Panthers Wroclaw,6/19/2021,"Wroclaw, Poland",Stadion Olimpijski,18:00,21:14,Y,Y,W,3:14,3000,32C,E 8km/h,Sunny,Walentynowicz,Klimes,Walentynowicz,Pachulski,Simon,Hameder,Kriesman,PW,1,10,CC13,"H,1,10,V13","32,3,189",rush,NA,"RUSH:13,V04, TACK:24",D. Kwiatkowski rush for 9 yards to the CC4 (D. Jacobs).,"H,2,1,V04",NA,0,NA,0,39,48,32,H,PW,"KO,4,00:00,53","TD,0,00:00,100",4,47,0:00,KO,4,00:00,CC47,TD,0,00:00,CC00,1
2021_01_CC_PW,CC,PW,Cologne Centurions,Panthers Wroclaw,6/19/2021,"Wroclaw, Poland",Stadion Olimpijski,18:00,21:14,Y,Y,W,3:14,3000,32C,E 8km/h,Sunny,Walentynowicz,Klimes,Walentynowicz,Pachulski,Simon,Hameder,Kriesman,PW,2,1,CC04,"H,2,1,V04","32,4,190",rush,00:00,"RUSH:23,V00, T:00:00","J. Mazan rush for 4 yards to the CC0, 1ST DOWN PW, TOUCHDOWN, clock 00:00.","H,1,10,V15",rush,0,NA,1,39,54,32,H,PW,"KO,4,00:00,53","TD,0,00:00,100",4,47,0:00,KO,4,00:00,CC47,TD,0,00:00,CC00,1
2021_01_CC_PW,CC,PW,Cologne Centurions,Panthers Wroclaw,6/19/2021,"Wroclaw, Poland",Stadion Olimpijski,18:00,21:14,Y,Y,W,3:14,3000,32C,E 8km/h,Sunny,Walentynowicz,Klimes,Walentynowicz,Pachulski,Simon,Hameder,Kriesman,PW,1,10,CC15,"H,1,10,V15","32,5,191",penalty,NA,"PEN:H,FS,A,70,V20,N",PENALTY PW false start (M. Stajer) 5 yards to the CC20.,"H,1,15,V20",NA,0,NA,0,39,54,32,H,PW,"KO,4,00:00,53","TD,0,00:00,100",4,47,0:00,KO,4,00:00,CC47,TD,0,00:00,CC00,1
2021_01_CC_PW,CC,PW,Cologne Centurions,Panthers Wroclaw,6/19/2021,"Wroclaw, Poland",Stadion Olimpijski,18:00,21:14,Y,Y,W,3:14,3000,32C,E 8km/h,Sunny,Walentynowicz,Klimes,Walentynowicz,Pachulski,Simon,Hameder,Kriesman,PW,1,15,CC20,"H,1,15,V20","32,6,192",pat,NA,"PAT:K,11,G",D. Panczyszyn kick attempt good.,"H,1,0,H35",NA,0,NA,1,39,55,32,H,PW,"KO,4,00:00,53","TD,0,00:00,100",4,47,0:00,KO,4,00:00,CC47,TD,0,00:00,CC00,1
2021_01_CC_PW,CC,PW,Cologne Centurions,Panthers Wroclaw,6/19/2021,"Wroclaw, Poland",Stadion Olimpijski,18:00,21:14,Y,Y,W,3:14,3000,32C,E 8km/h,Sunny,Walentynowicz,Klimes,Walentynowicz,Pachulski,Simon,Hameder,Kriesman,PW,1,0,PW35,"H,1,0,H35","32,7,193",kick_off,NA,"KO:85,V27 RET:1,V43 TACK:49","O. Wypych kickoff 38 yards to the CC27, Q. Pounds return 16 yards to the CC43 (K. Oldak).","V,1,10,V43",NA,0,NA,0,39,55,32,H,PW,"KO,4,00:00,53","TD,0,00:00,100",4,47,0:00,KO,4,00:00,CC47,TD,0,00:00,CC00,1
2021_01_CC_PW,CC,PW,Cologne Centurions,Panthers Wroclaw,6/19/2021,"Wroclaw, Poland",Stadion Olimpijski,18:00,21:14,Y,Y,W,3:14,3000,32C,E 8km/h,Sunny,Walentynowicz,Klimes,Walentynowicz,Pachulski,Simon,Hameder,Kriesman,CC,1,10,CC43,"V,1,10,V43","33,1,194",rush,NA,"RUSH:4,V43, TACK:8",G. Ngovo rush for no gain to the CC43 (H. Ogrodowczyk).,"V,2,10,V43",NA,0,NA,0,39,55,33,V,CC,"KO,4,00:00,43","DOWNS,0,00:00,51",4,8,0:00,KO,4,00:00,CC43,DOWNS,0,00:00,PW49,NA
2021_01_CC_PW,CC,PW,Cologne Centurions,Panthers Wroclaw,6/19/2021,"Wroclaw, Poland",Stadion Olimpijski,18:00,21:14,Y,Y,W,3:14,3000,32C,E 8km/h,Sunny,Walentynowicz,Klimes,Walentynowicz,Pachulski,Simon,Hameder,Kriesman,CC,2,10,CC43,"V,2,10,V43","33,2,195",rush,NA,"RUSH:4,V44, TACK:56,99",G. Ngovo rush for 1 yard to the CC44 (K. Pawlak;R. Rosolek).,"V,3,9,V44",NA,0,NA,0,39,55,33,V,CC,"KO,4,00:00,43","DOWNS,0,00:00,51",4,8,0:00,KO,4,00:00,CC43,DOWNS,0,00:00,PW49,NA
2021_01_CC_PW,CC,PW,Cologne Centurions,Panthers Wroclaw,6/19/2021,"Wroclaw, Poland",Stadion Olimpijski,18:00,21:14,Y,Y,W,3:14,3000,32C,E 8km/h,Sunny,Walentynowicz,Klimes,Walentynowicz,Pachulski,Simon,Hameder,Kriesman,CC,3,9,CC44,"V,3,9,V44","33,3,196",rush,NA,"RUSH:26,V41, TACK:TM,TM",A. Frisch rush for loss of 3 yards to the CC41 (TEAM;TEAM).,"V,4,12,V41",NA,0,NA,0,39,55,33,V,CC,"KO,4,00:00,43","DOWNS,0,00:00,51",4,8,0:00,KO,4,00:00,CC43,DOWNS,0,00:00,PW49,NA
2021_01_CC_PW,CC,PW,Cologne Centurions,Panthers Wroclaw,6/19/2021,"Wroclaw, Poland",Stadion Olimpijski,18:00,21:14,Y,Y,W,3:14,3000,32C,E 8km/h,Sunny,Walentynowicz,Klimes,Walentynowicz,Pachulski,Simon,Hameder,Kriesman,CC,4,12,CC41,"V,4,12,V41","33,4,197",penalty,NA,"PEN:V,FS,D",PENALTY CC false start declined.,"V,4,12,V41",NA,0,NA,0,39,55,33,V,CC,"KO,4,00:00,43","DOWNS,0,00:00,51",4,8,0:00,KO,4,00:00,CC43,DOWNS,0,00:00,PW49,NA
2021_01_CC_PW,CC,PW,Cologne Centurions,Panthers Wroclaw,6/19/2021,"Wroclaw, Poland",Stadion Olimpijski,18:00,21:14,Y,Y,W,3:14,3000,32C,E 8km/h,Sunny,Walentynowicz,Klimes,Walentynowicz,Pachulski,Simon,Hameder,Kriesman,CC,4,12,CC41,"V,4,12,V41","33,5,198",pass,NA,"PASS:12,C,87,H49 TACK:19",J. Weinreich pass complete to F. Eichhorn for 10 yards to the PW49 (D. Piatkowski).,"H,1,10,H49",NA,0,NA,0,39,55,33,V,CC,"KO,4,00:00,43","DOWNS,0,00:00,51",4,8,0:00,KO,4,00:00,CC43,DOWNS,0,00:00,PW49,NA
2021_01_CC_PW,CC,PW,Cologne Centurions,Panthers Wroclaw,6/19/2021,"Wroclaw, Poland",Stadion Olimpijski,18:00,21:14,Y,Y,W,3:14,3000,32C,E 8km/h,Sunny,Walentynowicz,Klimes,Walentynowicz,Pachulski,Simon,Hameder,Kriesman,PW,1,10,PW49,"H,1,10,H49","34,1,199",rush,NA,"RUSH:2,H47,",L. O'Connor rush for loss of 2 yards to the PW47.,"H,2,12,H47",NA,0,NA,0,39,55,34,H,PW,"DOWNS,4,00:00,49","HALF,4,00:00,45",2,-4,0:00,DOWNS,4,00:00,PW49,HALF,4,00:00,PW45,NA
2021_01_CC_PW,CC,PW,Cologne Centurions,Panthers Wroclaw,6/19/2021,"Wroclaw, Poland",Stadion Olimpijski,18:00,21:14,Y,Y,W,3:14,3000,32C,E 8km/h,Sunny,Walentynowicz,Klimes,Walentynowicz,Pachulski,Simon,Hameder,Kriesman,PW,2,12,PW47,"H,2,12,H47","34,2,200",rush,NA,"RUSH:2,H45,",L. O'Connor rush for loss of 2 yards to the PW45.,"H,3,14,H45",NA,0,NA,0,39,55,34,H,PW,"DOWNS,4,00:00,49","HALF,4,00:00,45",2,-4,0:00,DOWNS,4,00:00,PW49,HALF,4,00:00,PW45,NA
2021_01_CC_PW,CC,PW,Cologne Centurions,Panthers Wroclaw,6/19/2021,"Wroclaw, Poland",Stadion Olimpijski,18:00,21:14,Y,Y,W,3:14,3000,32C,E 8km/h,Sunny,Walentynowicz,Klimes,Walentynowicz,Pachulski,Simon,Hameder,Kriesman,PW,3,14,PW45,"H,3,14,H45","34,3,201",NA,00:00,HALF: T:00:00,"End of game, clock 00:00.","H,3,14,H45",NA,0,NA,0,39,55,34,H,PW,"DOWNS,4,00:00,49","HALF,4,00:00,45",2,-4,0:00,DOWNS,4,00:00,PW49,HALF,4,00:00,PW45,NA
