game_id,away_team_id,home_team_id,away_team,home_team,date,location,stadium,start,end,leaguegame,duration,attend,temp,wind,weather,ref,ump,line,lj,bj,fj,sj,posteam,down,togo,spot,context,play_id,tokens,desc,newcontext,play_type,first_down_with,score,away_score_post,home_score_post,clock,turnover,oob,drive_number,drive_vh,drive_team,drive_start,drive_end,drive_plays,drive_yards,drive_top,drive_start_how,drive_start_qtr,drive_start_time,drive_start_spot,drive_end_how,drive_end_qtr,drive_end_time,drive_end_spot,drive_rz
2021_04_LK_SS,LK,SS,Leipzig Kings,Stuttgart Surge,7/11/2021,Stuttgart,Gazi-Stadion,15:00,18:06,Y,03:06,1595,22 c,NO WIND,cloudy,Z.Hamiko,D.Clemence,R.Lewis,A.Nagel,J.Scott,N. Lakowitz,A.Flaisch,LK,1,10,LK35,"V,1,10,V35","0,1,0","CMT:SS wins toss, defers, LK elects to receive, SS to defend W goal","SS wins toss, defers, LK elects to receive, SS to defend W goal","V,1,10,V35",NA,NA,0,0,0,NA,NA,0,0,NA,NA,NA,NA,NA,NA,NA,NA,NA,NA,NA,NA,NA,NA,NA,NA
2021_04_LK_SS,LK,SS,Leipzig Kings,Stuttgart Surge,7/11/2021,Stuttgart,Gazi-Stadion,15:00,18:06,Y,03:06,1595,22 c,NO WIND,cloudy,Z.Hamiko,D.Clemence,R.Lewis,A.Nagel,J.Scott,N. Lakowitz,A.Flaisch,LK,1,10,LK35,"V,1,10,V35","0,2,1","SPOT:H,H35,N",SS ball on SS35.,"H,1,10,H35",NA,NA,0,0,0,NA,NA,0,0,NA,NA,NA,NA,NA,NA,NA,NA,NA,NA,NA,NA,NA,NA,NA,NA
2021_04_LK_SS,LK,SS,Leipzig Kings,Stuttgart Surge,7/11/2021,Stuttgart,Gazi-Stadion,15:00,18:06,Y,03:06,1595,22 c,NO WIND,cloudy,Z.Hamiko,D.Clemence,R.Lewis,A.Nagel,J.Scott,N. Lakowitz,A.Flaisch,SS,1,10,SS35,"H,1,10,H35","0,3,2","KO:3,V00 TB:","T. Bronn kickoff 65 yards to the LK0, touchback.","V,1,10,V25",kick_off,NA,0,0,0,NA,NA,0,0,NA,NA,NA,NA,NA,NA,NA,NA,NA,NA,NA,NA,NA,NA,NA,NA
2021_04_LK_SS,LK,SS,Leipzig Kings,Stuttgart Surge,7/11/2021,Stuttgart,Gazi-Stadion,15:00,18:06,Y,03:06,1595,22 c,NO WIND,cloudy,Z.Hamiko,D.Clemence,R.Lewis,A.Nagel,J.Scott,N. Lakowitz,A.Flaisch,LK,1,10,LK25,"V,1,10,V25","1,1,3","RUSH:2,V26, TACK:91,45",J. Aguemon rush for 1 yard to the LK26 (F. Haufe;N. Hamulic).,"V,2,9,V26",rush,NA,0,0,0,NA,NA,0,1,V,LK,"KO,1,15:00,25","TD,1,11:26,100",9,75,3:34,KO,1,15:00,LK25,TD,1,11:26,SS00,NA
2021_04_LK_SS,LK,SS,Leipzig Kings,Stuttgart Surge,7/11/2021,Stuttgart,Gazi-Stadion,15:00,18:06,Y,03:06,1595,22 c,NO WIND,cloudy,Z.Hamiko,D.Clemence,R.Lewis,A.Nagel,J.Scott,N. Lakowitz,A.Flaisch,LK,2,9,LK26,"V,2,9,V26","1,2,4","PASS:15,C,6,V41","T. van Duijn pass complete to T. Knuettel for 15 yards to the LK41, 1ST DOWN LK.","V,1,10,V41",pass,pass,0,0,0,NA,NA,0,1,V,LK,"KO,1,15:00,25","TD,1,11:26,100",9,75,3:34,KO,1,15:00,LK25,TD,1,11:26,SS00,NA
2021_04_LK_SS,LK,SS,Leipzig Kings,Stuttgart Surge,7/11/2021,Stuttgart,Gazi-Stadion,15:00,18:06,Y,03:06,1595,22 c,NO WIND,cloudy,Z.Hamiko,D.Clemence,R.Lewis,A.Nagel,J.Scott,N. Lakowitz,A.Flaisch,LK,1,10,LK41,"V,1,10,V41","1,3,5","PASS:15,I,84,*",T. van Duijn pass incomplete to Y. Omi.,"V,2,10,V41",pass,NA,0,0,0,NA,NA,0,1,V,LK,"KO,1,15:00,25","TD,1,11:26,100",9,75,3:34,KO,1,15:00,LK25,TD,1,11:26,SS00,NA
2021_04_LK_SS,LK,SS,Leipzig Kings,Stuttgart Surge,7/11/2021,Stuttgart,Gazi-Stadion,15:00,18:06,Y,03:06,1595,22 c,NO WIND,cloudy,Z.Hamiko,D.Clemence,R.Lewis,A.Nagel,J.Scott,N. Lakowitz,A.Flaisch,LK,2,10,LK41,"V,2,10,V41","1,4,6","PASS:15,I,12,*",T. van Duijn pass incomplete to J. Awini.,"V,3,10,V41",pass,NA,0,0,0,NA,NA,0,1,V,LK,"KO,1,15:00,25","TD,1,11:26,100",9,75,3:34,KO,1,15:00,LK25,TD,1,11:26,SS00,NA
2021_04_LK_SS,LK,SS,Leipzig Kings,Stuttgart Surge,7/11/2021,Stuttgart,Gazi-Stadion,15:00,18:06,Y,03:06,1595,22 c,NO WIND,cloudy,Z.Hamiko,D.Clemence,R.Lewis,A.Nagel,J.Scott,N. Lakowitz,A.Flaisch,LK,3,10,LK41,"V,3,10,V41","1,5,7","RUSH:8,V48, TACK:30",A. Jalloh rush for 7 yards to the LK48 (T. Becker).,"V,4,3,V48",rush,NA,0,0,0,NA,NA,0,1,V,LK,"KO,1,15:00,25","TD,1,11:26,100",9,75,3:34,KO,1,15:00,LK25,TD,1,11:26,SS00,NA
2021_04_LK_SS,LK,SS,Leipzig Kings,Stuttgart Surge,7/11/2021,Stuttgart,Gazi-Stadion,15:00,18:06,Y,03:06,1595,22 c,NO WIND,cloudy,Z.Hamiko,D.Clemence,R.Lewis,A.Nagel,J.Scott,N. Lakowitz,A.Flaisch,LK,4,3,LK48,"V,4,3,V48","1,6,8","PASS:15,C,12,H39 TACK:30","T. van Duijn pass complete to J. Awini for 13 yards to the SS39, 1ST DOWN LK (T. Becker).","V,1,10,H39",pass,pass,0,0,0,NA,NA,0,1,V,LK,"KO,1,15:00,25","TD,1,11:26,100",9,75,3:34,KO,1,15:00,LK25,TD,1,11:26,SS00,NA
2021_04_LK_SS,LK,SS,Leipzig Kings,Stuttgart Surge,7/11/2021,Stuttgart,Gazi-Stadion,15:00,18:06,Y,03:06,1595,22 c,NO WIND,cloudy,Z.Hamiko,D.Clemence,R.Lewis,A.Nagel,J.Scott,N. Lakowitz,A.Flaisch,LK,1,10,SS39,"V,1,10,H39","1,7,9","PASS:15,I,12,*",T. van Duijn pass incomplete to J. Awini.,"V,2,10,H39",pass,NA,0,0,0,NA,NA,0,1,V,LK,"KO,1,15:00,25","TD,1,11:26,100",9,75,3:34,KO,1,15:00,LK25,TD,1,11:26,SS00,NA
2021_04_LK_SS,LK,SS,Leipzig Kings,Stuttgart Surge,7/11/2021,Stuttgart,Gazi-Stadion,15:00,18:06,Y,03:06,1595,22 c,NO WIND,cloudy,Z.Hamiko,D.Clemence,R.Lewis,A.Nagel,J.Scott,N. Lakowitz,A.Flaisch,LK,2,10,SS39,"V,2,10,H39","1,8,10","PASS:15,C,11,H26 TACK:31,20","T. van Duijn pass complete to A. Dable-Wolf for 13 yards to the SS26, 1ST DOWN LK (N. Wenzelburger;D. Warren).","V,1,10,H26",pass,pass,0,0,0,NA,NA,0,1,V,LK,"KO,1,15:00,25","TD,1,11:26,100",9,75,3:34,KO,1,15:00,LK25,TD,1,11:26,SS00,NA
2021_04_LK_SS,LK,SS,Leipzig Kings,Stuttgart Surge,7/11/2021,Stuttgart,Gazi-Stadion,15:00,18:06,Y,03:06,1595,22 c,NO WIND,cloudy,Z.Hamiko,D.Clemence,R.Lewis,A.Nagel,J.Scott,N. Lakowitz,A.Flaisch,LK,1,10,SS26,"V,1,10,H26","1,9,11","PASS:15,C,84,H00 T:11:26","T. van Duijn pass complete to Y. Omi for 26 yards to the SS0, 1ST DOWN LK, TOUCHDOWN, clock 11:26.","V,1,10,H15",pass,pass,1,6,0,11:26,NA,0,1,V,LK,"KO,1,15:00,25","TD,1,11:26,100",9,75,3:34,KO,1,15:00,LK25,TD,1,11:26,SS00,NA
2021_04_LK_SS,LK,SS,Leipzig Kings,Stuttgart Surge,7/11/2021,Stuttgart,Gazi-Stadion,15:00,18:06,Y,03:06,1595,22 c,NO WIND,cloudy,Z.Hamiko,D.Clemence,R.Lewis,A.Nagel,J.Scott,N. Lakowitz,A.Flaisch,LK,1,10,SS15,"V,1,10,H15","1,10,12","PAT:K,18,M",M.Ulbrich kick attempt failed.,"V,1,0,V35",pat,NA,0,6,0,NA,NA,0,1,V,LK,"KO,1,15:00,25","TD,1,11:26,100",9,75,3:34,KO,1,15:00,LK25,TD,1,11:26,SS00,NA
2021_04_LK_SS,LK,SS,Leipzig Kings,Stuttgart Surge,7/11/2021,Stuttgart,Gazi-Stadion,15:00,18:06,Y,03:06,1595,22 c,NO WIND,cloudy,Z.Hamiko,D.Clemence,R.Lewis,A.Nagel,J.Scott,N. Lakowitz,A.Flaisch,LK,1,0,LK35,"V,1,0,V35","1,11,13","KO:18,H22 RET:23,H37","M.Ulbrich kickoff 43 yards to the SS22, M. Dabo return 15 yards to the SS37.","H,1,10,H37",kick_off,NA,0,6,0,NA,NA,0,1,V,LK,"KO,1,15:00,25","TD,1,11:26,100",9,75,3:34,KO,1,15:00,LK25,TD,1,11:26,SS00,NA
2021_04_LK_SS,LK,SS,Leipzig Kings,Stuttgart Surge,7/11/2021,Stuttgart,Gazi-Stadion,15:00,18:06,Y,03:06,1595,22 c,NO WIND,cloudy,Z.Hamiko,D.Clemence,R.Lewis,A.Nagel,J.Scott,N. Lakowitz,A.Flaisch,SS,1,10,SS37,"H,1,10,H37","2,1,14",{DRIVE}:11:14,STUTTGART SURGE drive start at 11:14.,"H,1,10,H37",NA,NA,0,6,0,11:14,NA,0,2,H,SS,"KO,1,11:14,37","INT,1,11:14,37",1,0,0:00,KO,1,11:14,SS37,INT,1,11:14,SS37,NA
2021_04_LK_SS,LK,SS,Leipzig Kings,Stuttgart Surge,7/11/2021,Stuttgart,Gazi-Stadion,15:00,18:06,Y,03:06,1595,22 c,NO WIND,cloudy,Z.Hamiko,D.Clemence,R.Lewis,A.Nagel,J.Scott,N. Lakowitz,A.Flaisch,SS,1,10,SS37,"H,1,10,H37","2,2,15","PASS:2,X,8,H44 RET:8,H00 T:11:14","A. Ellis pass intercepted by A. Jalloh at the SS44, A. Jalloh return 44 yards to the SS0, TOUCHDOWN, clock 11:14.","V,1,10,H15",pass,NA,1,12,0,11:14,I,0,2,H,SS,"KO,1,11:14,37","INT,1,11:14,37",1,0,0:00,KO,1,11:14,SS37,INT,1,11:14,SS37,NA
2021_04_LK_SS,LK,SS,Leipzig Kings,Stuttgart Surge,7/11/2021,Stuttgart,Gazi-Stadion,15:00,18:06,Y,03:06,1595,22 c,NO WIND,cloudy,Z.Hamiko,D.Clemence,R.Lewis,A.Nagel,J.Scott,N. Lakowitz,A.Flaisch,LK,1,10,SS15,"V,1,10,H15","3,1,16","PAT:K,18,B,26,N BLOCK:TM","M.Ulbrich kick attempt failed (blocked), returned by R. Pein - no score (blocked by TEAM).","V,1,0,V35",pat,NA,0,12,0,NA,NA,0,3,V,LK,"INT,1,11:14,100","TD,1,11:14,100",0,0,0:00,INT,1,11:14,SS00,TD,1,11:14,SS00,NA
2021_04_LK_SS,LK,SS,Leipzig Kings,Stuttgart Surge,7/11/2021,Stuttgart,Gazi-Stadion,15:00,18:06,Y,03:06,1595,22 c,NO WIND,cloudy,Z.Hamiko,D.Clemence,R.Lewis,A.Nagel,J.Scott,N. Lakowitz,A.Flaisch,LK,1,0,LK35,"V,1,0,V35","3,2,17","KO:18,H30 RET:26,H30","M.Ulbrich kickoff 35 yards to the SS30, R. Pein return 0 yards to the SS30.","H,1,10,H30",kick_off,NA,0,12,0,NA,NA,0,3,V,LK,"INT,1,11:14,100","TD,1,11:14,100",0,0,0:00,INT,1,11:14,SS00,TD,1,11:14,SS00,NA
2021_04_LK_SS,LK,SS,Leipzig Kings,Stuttgart Surge,7/11/2021,Stuttgart,Gazi-Stadion,15:00,18:06,Y,03:06,1595,22 c,NO WIND,cloudy,Z.Hamiko,D.Clemence,R.Lewis,A.Nagel,J.Scott,N. Lakowitz,A.Flaisch,SS,1,10,SS30,"H,1,10,H30","4,1,18",{DRIVE}:11:14,STUTTGART SURGE drive start at 11:14.,"H,1,10,H30",NA,NA,0,12,0,11:14,NA,0,4,H,SS,"KO,1,11:14,30","PUNT,1,07:15,45",6,15,3:59,KO,1,11:14,SS30,PUNT,1,07:15,SS45,NA
2021_04_LK_SS,LK,SS,Leipzig Kings,Stuttgart Surge,7/11/2021,Stuttgart,Gazi-Stadion,15:00,18:06,Y,03:06,1595,22 c,NO WIND,cloudy,Z.Hamiko,D.Clemence,R.Lewis,A.Nagel,J.Scott,N. Lakowitz,A.Flaisch,SS,1,10,SS30,"H,1,10,H30","4,2,19","RUSH:27,H30, TACK:35,21",S. Shannon rush for no gain to the SS30 (L.Rebenstorf;D. Docal).,"H,2,10,H30",rush,NA,0,12,0,NA,NA,0,4,H,SS,"KO,1,11:14,30","PUNT,1,07:15,45",6,15,3:59,KO,1,11:14,SS30,PUNT,1,07:15,SS45,NA
2021_04_LK_SS,LK,SS,Leipzig Kings,Stuttgart Surge,7/11/2021,Stuttgart,Gazi-Stadion,15:00,18:06,Y,03:06,1595,22 c,NO WIND,cloudy,Z.Hamiko,D.Clemence,R.Lewis,A.Nagel,J.Scott,N. Lakowitz,A.Flaisch,SS,2,10,SS30,"H,2,10,H30","4,3,20","PEN:H,OH,A,20,H20,N",PENALTY SS OH (D. Warren) 10 yards to the SS20.,"H,2,20,H20",penalty,NA,0,12,0,NA,NA,0,4,H,SS,"KO,1,11:14,30","PUNT,1,07:15,45",6,15,3:59,KO,1,11:14,SS30,PUNT,1,07:15,SS45,NA
2021_04_LK_SS,LK,SS,Leipzig Kings,Stuttgart Surge,7/11/2021,Stuttgart,Gazi-Stadion,15:00,18:06,Y,03:06,1595,22 c,NO WIND,cloudy,Z.Hamiko,D.Clemence,R.Lewis,A.Nagel,J.Scott,N. Lakowitz,A.Flaisch,SS,2,20,SS20,"H,2,20,H20","4,4,21","RUSH:27,H25, TACK:54,5",S. Shannon rush for 5 yards to the SS25 (M. Strauss;M.Bausch).,"H,3,15,H25",rush,NA,0,12,0,NA,NA,0,4,H,SS,"KO,1,11:14,30","PUNT,1,07:15,45",6,15,3:59,KO,1,11:14,SS30,PUNT,1,07:15,SS45,NA
2021_04_LK_SS,LK,SS,Leipzig Kings,Stuttgart Surge,7/11/2021,Stuttgart,Gazi-Stadion,15:00,18:06,Y,03:06,1595,22 c,NO WIND,cloudy,Z.Hamiko,D.Clemence,R.Lewis,A.Nagel,J.Scott,N. Lakowitz,A.Flaisch,SS,3,15,SS25,"H,3,15,H25","4,5,22","RUSH:2,H42, TACK:45,5","A. Ellis rush for 17 yards to the SS42, 1ST DOWN SS (K. Kitchens;M.Bausch).","H,1,10,H42",rush,rush,0,12,0,NA,NA,0,4,H,SS,"KO,1,11:14,30","PUNT,1,07:15,45",6,15,3:59,KO,1,11:14,SS30,PUNT,1,07:15,SS45,NA
2021_04_LK_SS,LK,SS,Leipzig Kings,Stuttgart Surge,7/11/2021,Stuttgart,Gazi-Stadion,15:00,18:06,Y,03:06,1595,22 c,NO WIND,cloudy,Z.Hamiko,D.Clemence,R.Lewis,A.Nagel,J.Scott,N. Lakowitz,A.Flaisch,SS,1,10,SS42,"H,1,10,H42","4,6,23","RUSH:27,H44, TACK:56",S. Shannon rush for 2 yards to the SS44 (L. Leota).,"H,2,8,H44",rush,NA,0,12,0,NA,NA,0,4,H,SS,"KO,1,11:14,30","PUNT,1,07:15,45",6,15,3:59,KO,1,11:14,SS30,PUNT,1,07:15,SS45,NA
2021_04_LK_SS,LK,SS,Leipzig Kings,Stuttgart Surge,7/11/2021,Stuttgart,Gazi-Stadion,15:00,18:06,Y,03:06,1595,22 c,NO WIND,cloudy,Z.Hamiko,D.Clemence,R.Lewis,A.Nagel,J.Scott,N. Lakowitz,A.Flaisch,SS,2,8,SS44,"H,2,8,H44","4,7,24","PASS:2,C,17,H50 OB:","A. Ellis pass complete to P. Floeser for 6 yards to the 50 yardline, out-of-bounds.","H,3,2,H50",pass,NA,0,12,0,NA,NA,1,4,H,SS,"KO,1,11:14,30","PUNT,1,07:15,45",6,15,3:59,KO,1,11:14,SS30,PUNT,1,07:15,SS45,NA
2021_04_LK_SS,LK,SS,Leipzig Kings,Stuttgart Surge,7/11/2021,Stuttgart,Gazi-Stadion,15:00,18:06,Y,03:06,1595,22 c,NO WIND,cloudy,Z.Hamiko,D.Clemence,R.Lewis,A.Nagel,J.Scott,N. Lakowitz,A.Flaisch,SS,3,2,SS50,"H,3,2,H50","4,8,25","PEN:H,FST,A,TM,H50,N",PENALTY SS FST 0 yards to the 50 yardline.,"H,3,2,H50",penalty,NA,0,12,0,NA,NA,0,4,H,SS,"KO,1,11:14,30","PUNT,1,07:15,45",6,15,3:59,KO,1,11:14,SS30,PUNT,1,07:15,SS45,NA
2021_04_LK_SS,LK,SS,Leipzig Kings,Stuttgart Surge,7/11/2021,Stuttgart,Gazi-Stadion,15:00,18:06,Y,03:06,1595,22 c,NO WIND,cloudy,Z.Hamiko,D.Clemence,R.Lewis,A.Nagel,J.Scott,N. Lakowitz,A.Flaisch,SS,3,2,SS50,"H,3,2,H50","4,9,26","PASS:2,S,TM,H45 SACK:99,56",A. Ellis sacked for loss of 5 yards to the SS45 (V. Buffet;L. Leota).,"H,4,7,H45",pass,NA,0,12,0,NA,NA,0,4,H,SS,"KO,1,11:14,30","PUNT,1,07:15,45",6,15,3:59,KO,1,11:14,SS30,PUNT,1,07:15,SS45,NA
2021_04_LK_SS,LK,SS,Leipzig Kings,Stuttgart Surge,7/11/2021,Stuttgart,Gazi-Stadion,15:00,18:06,Y,03:06,1595,22 c,NO WIND,cloudy,Z.Hamiko,D.Clemence,R.Lewis,A.Nagel,J.Scott,N. Lakowitz,A.Flaisch,SS,4,7,SS45,"H,4,7,H45","4,10,27","PUNT:3,V01 RET:5,V16","T. Bronn punt 54 yards to the LK1, M.Bausch return 15 yards to the LK16.","V,1,10,V16",punt,NA,0,12,0,NA,NA,0,4,H,SS,"KO,1,11:14,30","PUNT,1,07:15,45",6,15,3:59,KO,1,11:14,SS30,PUNT,1,07:15,SS45,NA
2021_04_LK_SS,LK,SS,Leipzig Kings,Stuttgart Surge,7/11/2021,Stuttgart,Gazi-Stadion,15:00,18:06,Y,03:06,1595,22 c,NO WIND,cloudy,Z.Hamiko,D.Clemence,R.Lewis,A.Nagel,J.Scott,N. Lakowitz,A.Flaisch,LK,1,10,LK16,"V,1,10,V16","5,1,28",{DRIVE}:07:15,LEIPZIG KINGS drive start at 07:15.,"V,1,10,V16",NA,NA,0,12,0,07:15,NA,0,5,V,LK,"PUNT,1,07:15,16","DOWNS,1,03:22,53",9,37,3:53,PUNT,1,07:15,LK16,DOWNS,1,03:22,SS47,NA
2021_04_LK_SS,LK,SS,Leipzig Kings,Stuttgart Surge,7/11/2021,Stuttgart,Gazi-Stadion,15:00,18:06,Y,03:06,1595,22 c,NO WIND,cloudy,Z.Hamiko,D.Clemence,R.Lewis,A.Nagel,J.Scott,N. Lakowitz,A.Flaisch,LK,1,10,LK16,"V,1,10,V16","5,2,29","PASS:12,C,6,V26 OB:","J. Awini pass complete to T. Knuettel for 10 yards to the LK26, 1ST DOWN LK, out-of-bounds.","V,1,10,V26",pass,pass,0,12,0,NA,NA,1,5,V,LK,"PUNT,1,07:15,16","DOWNS,1,03:22,53",9,37,3:53,PUNT,1,07:15,LK16,DOWNS,1,03:22,SS47,NA
2021_04_LK_SS,LK,SS,Leipzig Kings,Stuttgart Surge,7/11/2021,Stuttgart,Gazi-Stadion,15:00,18:06,Y,03:06,1595,22 c,NO WIND,cloudy,Z.Hamiko,D.Clemence,R.Lewis,A.Nagel,J.Scott,N. Lakowitz,A.Flaisch,LK,1,10,LK26,"V,1,10,V26","5,3,30","PASS:12,I,11,*",J. Awini pass incomplete to A. Dable-Wolf.,"V,2,10,V26",pass,NA,0,12,0,NA,NA,0,5,V,LK,"PUNT,1,07:15,16","DOWNS,1,03:22,53",9,37,3:53,PUNT,1,07:15,LK16,DOWNS,1,03:22,SS47,NA
2021_04_LK_SS,LK,SS,Leipzig Kings,Stuttgart Surge,7/11/2021,Stuttgart,Gazi-Stadion,15:00,18:06,Y,03:06,1595,22 c,NO WIND,cloudy,Z.Hamiko,D.Clemence,R.Lewis,A.Nagel,J.Scott,N. Lakowitz,A.Flaisch,LK,2,10,LK26,"V,2,10,V26","5,4,31","RUSH:12,V29,",J. Awini rush for 3 yards to the LK29.,"V,3,7,V29",rush,NA,0,12,0,NA,NA,0,5,V,LK,"PUNT,1,07:15,16","DOWNS,1,03:22,53",9,37,3:53,PUNT,1,07:15,LK16,DOWNS,1,03:22,SS47,NA
2021_04_LK_SS,LK,SS,Leipzig Kings,Stuttgart Surge,7/11/2021,Stuttgart,Gazi-Stadion,15:00,18:06,Y,03:06,1595,22 c,NO WIND,cloudy,Z.Hamiko,D.Clemence,R.Lewis,A.Nagel,J.Scott,N. Lakowitz,A.Flaisch,LK,3,7,LK29,"V,3,7,V29","5,5,32","PASS:12,I,84,*",J. Awini pass incomplete to Y. Omi.,"V,4,7,V29",pass,NA,0,12,0,NA,NA,0,5,V,LK,"PUNT,1,07:15,16","DOWNS,1,03:22,53",9,37,3:53,PUNT,1,07:15,LK16,DOWNS,1,03:22,SS47,NA
2021_04_LK_SS,LK,SS,Leipzig Kings,Stuttgart Surge,7/11/2021,Stuttgart,Gazi-Stadion,15:00,18:06,Y,03:06,1595,22 c,NO WIND,cloudy,Z.Hamiko,D.Clemence,R.Lewis,A.Nagel,J.Scott,N. Lakowitz,A.Flaisch,LK,4,7,LK29,"V,4,7,V29","5,6,33","PASS:15,C,6,V45 TACK:21","T. van Duijn pass complete to T. Knuettel for 16 yards to the LK45, 1ST DOWN LK (J. Jacob).","V,1,10,V45",pass,pass,0,12,0,NA,NA,0,5,V,LK,"PUNT,1,07:15,16","DOWNS,1,03:22,53",9,37,3:53,PUNT,1,07:15,LK16,DOWNS,1,03:22,SS47,NA
2021_04_LK_SS,LK,SS,Leipzig Kings,Stuttgart Surge,7/11/2021,Stuttgart,Gazi-Stadion,15:00,18:06,Y,03:06,1595,22 c,NO WIND,cloudy,Z.Hamiko,D.Clemence,R.Lewis,A.Nagel,J.Scott,N. Lakowitz,A.Flaisch,LK,1,10,LK45,"V,1,10,V45","5,7,34","RUSH:2,H49, TACK:42",J. Aguemon rush for 6 yards to the SS49 (B. Zachary).,"V,2,4,H49",rush,NA,0,12,0,NA,NA,0,5,V,LK,"PUNT,1,07:15,16","DOWNS,1,03:22,53",9,37,3:53,PUNT,1,07:15,LK16,DOWNS,1,03:22,SS47,NA
2021_04_LK_SS,LK,SS,Leipzig Kings,Stuttgart Surge,7/11/2021,Stuttgart,Gazi-Stadion,15:00,18:06,Y,03:06,1595,22 c,NO WIND,cloudy,Z.Hamiko,D.Clemence,R.Lewis,A.Nagel,J.Scott,N. Lakowitz,A.Flaisch,LK,2,4,SS49,"V,2,4,H49","5,8,35","PASS:12,I,6,*",J. Awini pass incomplete to T. Knuettel.,"V,3,4,H49",pass,NA,0,12,0,NA,NA,0,5,V,LK,"PUNT,1,07:15,16","DOWNS,1,03:22,53",9,37,3:53,PUNT,1,07:15,LK16,DOWNS,1,03:22,SS47,NA
2021_04_LK_SS,LK,SS,Leipzig Kings,Stuttgart Surge,7/11/2021,Stuttgart,Gazi-Stadion,15:00,18:06,Y,03:06,1595,22 c,NO WIND,cloudy,Z.Hamiko,D.Clemence,R.Lewis,A.Nagel,J.Scott,N. Lakowitz,A.Flaisch,LK,3,4,SS49,"V,3,4,H49","5,9,36","RUSH:12,H47, TACK:44",J. Awini rush for 2 yards to the SS47 (J. Mbala).,"V,4,2,H47",rush,NA,0,12,0,NA,NA,0,5,V,LK,"PUNT,1,07:15,16","DOWNS,1,03:22,53",9,37,3:53,PUNT,1,07:15,LK16,DOWNS,1,03:22,SS47,NA
2021_04_LK_SS,LK,SS,Leipzig Kings,Stuttgart Surge,7/11/2021,Stuttgart,Gazi-Stadion,15:00,18:06,Y,03:06,1595,22 c,NO WIND,cloudy,Z.Hamiko,D.Clemence,R.Lewis,A.Nagel,J.Scott,N. Lakowitz,A.Flaisch,LK,4,2,SS47,"V,4,2,H47","5,10,37","PASS:15,I,2,*",T. van Duijn pass incomplete to J. Aguemon.,"H,1,10,H47",pass,NA,0,12,0,NA,NA,0,5,V,LK,"PUNT,1,07:15,16","DOWNS,1,03:22,53",9,37,3:53,PUNT,1,07:15,LK16,DOWNS,1,03:22,SS47,NA
2021_04_LK_SS,LK,SS,Leipzig Kings,Stuttgart Surge,7/11/2021,Stuttgart,Gazi-Stadion,15:00,18:06,Y,03:06,1595,22 c,NO WIND,cloudy,Z.Hamiko,D.Clemence,R.Lewis,A.Nagel,J.Scott,N. Lakowitz,A.Flaisch,SS,1,10,SS47,"H,1,10,H47","6,1,38",TOUT:V T:03:22,"Timeout Leipzig Kings, clock 03:22.","H,1,10,H47",NA,NA,0,12,0,03:22,NA,0,6,H,SS,"DOWNS,1,03:22,47","TD,2,14:41,100",8,53,3:41,DOWNS,1,03:22,SS47,TD,2,14:41,LK00,1
2021_04_LK_SS,LK,SS,Leipzig Kings,Stuttgart Surge,7/11/2021,Stuttgart,Gazi-Stadion,15:00,18:06,Y,03:06,1595,22 c,NO WIND,cloudy,Z.Hamiko,D.Clemence,R.Lewis,A.Nagel,J.Scott,N. Lakowitz,A.Flaisch,SS,1,10,SS47,"H,1,10,H47","6,2,39","RUSH:27,H49, TACK:45",S. Shannon rush for 2 yards to the SS49 (K. Kitchens).,"H,2,8,H49",rush,NA,0,12,0,NA,NA,0,6,H,SS,"DOWNS,1,03:22,47","TD,2,14:41,100",8,53,3:41,DOWNS,1,03:22,SS47,TD,2,14:41,LK00,1
2021_04_LK_SS,LK,SS,Leipzig Kings,Stuttgart Surge,7/11/2021,Stuttgart,Gazi-Stadion,15:00,18:06,Y,03:06,1595,22 c,NO WIND,cloudy,Z.Hamiko,D.Clemence,R.Lewis,A.Nagel,J.Scott,N. Lakowitz,A.Flaisch,SS,2,8,SS49,"H,2,8,H49","6,3,40","RUSH:27,V42, TACK:45,40","S. Shannon rush for 9 yards to the LK42, 1ST DOWN SS (K. Kitchens;O. Rohnebak).","H,1,10,V42",rush,rush,0,12,0,NA,NA,0,6,H,SS,"DOWNS,1,03:22,47","TD,2,14:41,100",8,53,3:41,DOWNS,1,03:22,SS47,TD,2,14:41,LK00,1
2021_04_LK_SS,LK,SS,Leipzig Kings,Stuttgart Surge,7/11/2021,Stuttgart,Gazi-Stadion,15:00,18:06,Y,03:06,1595,22 c,NO WIND,cloudy,Z.Hamiko,D.Clemence,R.Lewis,A.Nagel,J.Scott,N. Lakowitz,A.Flaisch,SS,1,10,LK42,"H,1,10,V42","6,4,41","RUSH:2,V40, TACK:56,92",A. Ellis rush for 2 yards to the LK40 (L. Leota;A. Zetterberg).,"H,2,8,V40",rush,NA,0,12,0,NA,NA,0,6,H,SS,"DOWNS,1,03:22,47","TD,2,14:41,100",8,53,3:41,DOWNS,1,03:22,SS47,TD,2,14:41,LK00,1
2021_04_LK_SS,LK,SS,Leipzig Kings,Stuttgart Surge,7/11/2021,Stuttgart,Gazi-Stadion,15:00,18:06,Y,03:06,1595,22 c,NO WIND,cloudy,Z.Hamiko,D.Clemence,R.Lewis,A.Nagel,J.Scott,N. Lakowitz,A.Flaisch,SS,2,8,LK40,"H,2,8,V40","6,5,42","RUSH:2,V34, TACK:40",A. Ellis rush for 6 yards to the LK34 (O. Rohnebak).,"H,3,2,V34",rush,NA,0,12,0,NA,NA,0,6,H,SS,"DOWNS,1,03:22,47","TD,2,14:41,100",8,53,3:41,DOWNS,1,03:22,SS47,TD,2,14:41,LK00,1
2021_04_LK_SS,LK,SS,Leipzig Kings,Stuttgart Surge,7/11/2021,Stuttgart,Gazi-Stadion,15:00,18:06,Y,03:06,1595,22 c,NO WIND,cloudy,Z.Hamiko,D.Clemence,R.Lewis,A.Nagel,J.Scott,N. Lakowitz,A.Flaisch,SS,3,2,LK34,"H,3,2,V34","6,6,43","PEN:V,DH,A,TM,V28,1","PENALTY LK DH 6 yards to the LK28, 1ST DOWN SS.","H,1,10,V28",penalty,penalty,0,12,0,NA,NA,0,6,H,SS,"DOWNS,1,03:22,47","TD,2,14:41,100",8,53,3:41,DOWNS,1,03:22,SS47,TD,2,14:41,LK00,1
2021_04_LK_SS,LK,SS,Leipzig Kings,Stuttgart Surge,7/11/2021,Stuttgart,Gazi-Stadion,15:00,18:06,Y,03:06,1595,22 c,NO WIND,cloudy,Z.Hamiko,D.Clemence,R.Lewis,A.Nagel,J.Scott,N. Lakowitz,A.Flaisch,SS,1,10,LK28,"H,1,10,V28","6,7,44","PASS:2,C,18,V21 TACK:5",A. Ellis pass complete to P. Steigerwald for 7 yards to the LK21 (M.Bausch).,"H,2,3,V21",pass,NA,0,12,0,NA,NA,0,6,H,SS,"DOWNS,1,03:22,47","TD,2,14:41,100",8,53,3:41,DOWNS,1,03:22,SS47,TD,2,14:41,LK00,1
2021_04_LK_SS,LK,SS,Leipzig Kings,Stuttgart Surge,7/11/2021,Stuttgart,Gazi-Stadion,15:00,18:06,Y,03:06,1595,22 c,NO WIND,cloudy,Z.Hamiko,D.Clemence,R.Lewis,A.Nagel,J.Scott,N. Lakowitz,A.Flaisch,SS,2,3,LK21,"H,2,3,V21","6,8,45",Q:2 T:15:00,"Start of 2nd quarter, clock 15:00.","H,2,3,V21",NA,NA,0,12,0,15:00,NA,0,6,H,SS,"DOWNS,1,03:22,47","TD,2,14:41,100",8,53,3:41,DOWNS,1,03:22,SS47,TD,2,14:41,LK00,1
2021_04_LK_SS,LK,SS,Leipzig Kings,Stuttgart Surge,7/11/2021,Stuttgart,Gazi-Stadion,15:00,18:06,Y,03:06,1595,22 c,NO WIND,cloudy,Z.Hamiko,D.Clemence,R.Lewis,A.Nagel,J.Scott,N. Lakowitz,A.Flaisch,SS,2,3,LK21,"H,2,3,V21","6,9,46","PASS:2,C,18,V01 TACK:28","A. Ellis pass complete to P. Steigerwald for 20 yards to the LK1, 1ST DOWN SS (J. Dietze).","H,1,0,V01",pass,pass,0,12,0,NA,NA,0,6,H,SS,"DOWNS,1,03:22,47","TD,2,14:41,100",8,53,3:41,DOWNS,1,03:22,SS47,TD,2,14:41,LK00,1
2021_04_LK_SS,LK,SS,Leipzig Kings,Stuttgart Surge,7/11/2021,Stuttgart,Gazi-Stadion,15:00,18:06,Y,03:06,1595,22 c,NO WIND,cloudy,Z.Hamiko,D.Clemence,R.Lewis,A.Nagel,J.Scott,N. Lakowitz,A.Flaisch,SS,1,0,LK01,"H,1,0,V01","6,10,47","RUSH:27,V00, T:14:41","S. Shannon rush for 1 yard to the LK0, 1ST DOWN SS, TOUCHDOWN, clock 14:41.","H,1,10,V15",rush,rush,1,12,6,14:41,NA,0,6,H,SS,"DOWNS,1,03:22,47","TD,2,14:41,100",8,53,3:41,DOWNS,1,03:22,SS47,TD,2,14:41,LK00,1
2021_04_LK_SS,LK,SS,Leipzig Kings,Stuttgart Surge,7/11/2021,Stuttgart,Gazi-Stadion,15:00,18:06,Y,03:06,1595,22 c,NO WIND,cloudy,Z.Hamiko,D.Clemence,R.Lewis,A.Nagel,J.Scott,N. Lakowitz,A.Flaisch,SS,1,10,LK15,"H,1,10,V15","6,11,48","PEN:H,ILS,A,TM,V07,N",PENALTY SS ILS 8 yards to the LK7.,"H,1,0,V07",penalty,NA,0,12,6,NA,NA,0,6,H,SS,"DOWNS,1,03:22,47","TD,2,14:41,100",8,53,3:41,DOWNS,1,03:22,SS47,TD,2,14:41,LK00,1
2021_04_LK_SS,LK,SS,Leipzig Kings,Stuttgart Surge,7/11/2021,Stuttgart,Gazi-Stadion,15:00,18:06,Y,03:06,1595,22 c,NO WIND,cloudy,Z.Hamiko,D.Clemence,R.Lewis,A.Nagel,J.Scott,N. Lakowitz,A.Flaisch,SS,1,0,LK07,"H,1,0,V07","6,12,49","PASS:2,I,18,*",A. Ellis pass incomplete to P. Steigerwald.,"H,2,0,V07",pass,NA,0,12,6,NA,NA,0,6,H,SS,"DOWNS,1,03:22,47","TD,2,14:41,100",8,53,3:41,DOWNS,1,03:22,SS47,TD,2,14:41,LK00,1
2021_04_LK_SS,LK,SS,Leipzig Kings,Stuttgart Surge,7/11/2021,Stuttgart,Gazi-Stadion,15:00,18:06,Y,03:06,1595,22 c,NO WIND,cloudy,Z.Hamiko,D.Clemence,R.Lewis,A.Nagel,J.Scott,N. Lakowitz,A.Flaisch,SS,2,0,LK07,"H,2,0,V07","6,13,50","KO:3,V01 RET:8,V18 TACK:54","T. Bronn kickoff 6 yards to the LK1, A. Jalloh return 17 yards to the LK18 (C. LÃ¤ssing).","V,1,10,V18",kick_off,NA,0,12,6,NA,NA,0,6,H,SS,"DOWNS,1,03:22,47","TD,2,14:41,100",8,53,3:41,DOWNS,1,03:22,SS47,TD,2,14:41,LK00,1
2021_04_LK_SS,LK,SS,Leipzig Kings,Stuttgart Surge,7/11/2021,Stuttgart,Gazi-Stadion,15:00,18:06,Y,03:06,1595,22 c,NO WIND,cloudy,Z.Hamiko,D.Clemence,R.Lewis,A.Nagel,J.Scott,N. Lakowitz,A.Flaisch,LK,1,10,LK18,"V,1,10,V18","7,1,51",{DRIVE}:14:34,LEIPZIG KINGS drive start at 14:34.,"V,1,10,V18",NA,NA,0,12,6,14:34,NA,0,7,V,LK,"KO,2,14:34,18","INT,2,08:23,64",8,46,6:11,KO,2,14:34,LK18,INT,2,08:23,SS36,NA
2021_04_LK_SS,LK,SS,Leipzig Kings,Stuttgart Surge,7/11/2021,Stuttgart,Gazi-Stadion,15:00,18:06,Y,03:06,1595,22 c,NO WIND,cloudy,Z.Hamiko,D.Clemence,R.Lewis,A.Nagel,J.Scott,N. Lakowitz,A.Flaisch,LK,1,10,LK18,"V,1,10,V18","7,2,52","RUSH:2,V31, FUMB:V,V33,2","J. Aguemon rush for 13 yards to the LK31, fumble by J. Aguemon recovered by LK J. Aguemon at LK33, 1ST DOWN LK.","V,1,10,V33",rush,rush,0,12,6,NA,NA,0,7,V,LK,"KO,2,14:34,18","INT,2,08:23,64",8,46,6:11,KO,2,14:34,LK18,INT,2,08:23,SS36,NA
2021_04_LK_SS,LK,SS,Leipzig Kings,Stuttgart Surge,7/11/2021,Stuttgart,Gazi-Stadion,15:00,18:06,Y,03:06,1595,22 c,NO WIND,cloudy,Z.Hamiko,D.Clemence,R.Lewis,A.Nagel,J.Scott,N. Lakowitz,A.Flaisch,LK,1,10,LK33,"V,1,10,V33","7,3,53","RUSH:2,V28,",J. Aguemon rush for loss of 5 yards to the LK28.,"V,2,15,V28",rush,NA,0,12,6,NA,NA,0,7,V,LK,"KO,2,14:34,18","INT,2,08:23,64",8,46,6:11,KO,2,14:34,LK18,INT,2,08:23,SS36,NA
2021_04_LK_SS,LK,SS,Leipzig Kings,Stuttgart Surge,7/11/2021,Stuttgart,Gazi-Stadion,15:00,18:06,Y,03:06,1595,22 c,NO WIND,cloudy,Z.Hamiko,D.Clemence,R.Lewis,A.Nagel,J.Scott,N. Lakowitz,A.Flaisch,LK,2,15,LK28,"V,2,15,V28","7,4,54","PASS:12,I,11,*",J. Awini pass incomplete to A. Dable-Wolf.,"V,3,15,V28",pass,NA,0,12,6,NA,NA,0,7,V,LK,"KO,2,14:34,18","INT,2,08:23,64",8,46,6:11,KO,2,14:34,LK18,INT,2,08:23,SS36,NA
2021_04_LK_SS,LK,SS,Leipzig Kings,Stuttgart Surge,7/11/2021,Stuttgart,Gazi-Stadion,15:00,18:06,Y,03:06,1595,22 c,NO WIND,cloudy,Z.Hamiko,D.Clemence,R.Lewis,A.Nagel,J.Scott,N. Lakowitz,A.Flaisch,LK,3,15,LK28,"V,3,15,V28","7,5,55","PASS:12,C,84,V40 TACK:32,30",J. Awini pass complete to Y. Omi for 12 yards to the LK40 (J. Ludwig-M.;T. Becker).,"V,4,3,V40",pass,NA,0,12,6,NA,NA,0,7,V,LK,"KO,2,14:34,18","INT,2,08:23,64",8,46,6:11,KO,2,14:34,LK18,INT,2,08:23,SS36,NA
2021_04_LK_SS,LK,SS,Leipzig Kings,Stuttgart Surge,7/11/2021,Stuttgart,Gazi-Stadion,15:00,18:06,Y,03:06,1595,22 c,NO WIND,cloudy,Z.Hamiko,D.Clemence,R.Lewis,A.Nagel,J.Scott,N. Lakowitz,A.Flaisch,LK,4,3,LK40,"V,4,3,V40","7,6,56","PASS:12,C,6,V49 OB:","J. Awini pass complete to T. Knuettel for 9 yards to the LK49, 1ST DOWN LK, out-of-bounds.","V,1,10,V49",pass,pass,0,12,6,NA,NA,1,7,V,LK,"KO,2,14:34,18","INT,2,08:23,64",8,46,6:11,KO,2,14:34,LK18,INT,2,08:23,SS36,NA
2021_04_LK_SS,LK,SS,Leipzig Kings,Stuttgart Surge,7/11/2021,Stuttgart,Gazi-Stadion,15:00,18:06,Y,03:06,1595,22 c,NO WIND,cloudy,Z.Hamiko,D.Clemence,R.Lewis,A.Nagel,J.Scott,N. Lakowitz,A.Flaisch,LK,1,10,LK49,"V,1,10,V49","7,7,57","RUSH:2,V50, TACK:42,40",J. Aguemon rush for 1 yard to the 50 yardline (B. Zachary;D. Washington).,"V,2,9,V50",rush,NA,0,12,6,NA,NA,0,7,V,LK,"KO,2,14:34,18","INT,2,08:23,64",8,46,6:11,KO,2,14:34,LK18,INT,2,08:23,SS36,NA
2021_04_LK_SS,LK,SS,Leipzig Kings,Stuttgart Surge,7/11/2021,Stuttgart,Gazi-Stadion,15:00,18:06,Y,03:06,1595,22 c,NO WIND,cloudy,Z.Hamiko,D.Clemence,R.Lewis,A.Nagel,J.Scott,N. Lakowitz,A.Flaisch,LK,2,9,LK50,"V,2,9,V50","7,8,58","PEN:V,FST,A,70,H45,N",PENALTY LK FST (S. Baafi) 5 yards to the SS45.,"V,2,14,H45",penalty,NA,0,12,6,NA,NA,0,7,V,LK,"KO,2,14:34,18","INT,2,08:23,64",8,46,6:11,KO,2,14:34,LK18,INT,2,08:23,SS36,NA
2021_04_LK_SS,LK,SS,Leipzig Kings,Stuttgart Surge,7/11/2021,Stuttgart,Gazi-Stadion,15:00,18:06,Y,03:06,1595,22 c,NO WIND,cloudy,Z.Hamiko,D.Clemence,R.Lewis,A.Nagel,J.Scott,N. Lakowitz,A.Flaisch,LK,2,14,SS45,"V,2,14,H45","7,9,59","PASS:12,C,84,H36 TACK:21",J. Awini pass complete to Y. Omi for 9 yards to the SS36 (J. Jacob).,"V,3,5,H36",pass,NA,0,12,6,NA,NA,0,7,V,LK,"KO,2,14:34,18","INT,2,08:23,64",8,46,6:11,KO,2,14:34,LK18,INT,2,08:23,SS36,NA
2021_04_LK_SS,LK,SS,Leipzig Kings,Stuttgart Surge,7/11/2021,Stuttgart,Gazi-Stadion,15:00,18:06,Y,03:06,1595,22 c,NO WIND,cloudy,Z.Hamiko,D.Clemence,R.Lewis,A.Nagel,J.Scott,N. Lakowitz,A.Flaisch,LK,3,5,SS36,"V,3,5,H36","7,10,60","PASS:12,X,32,H30 RET:32,H30","J. Awini pass intercepted by J. Ludwig-M. at the SS30, J. Ludwig-M. return 0 yards to the SS30.","H,1,10,H30",pass,NA,0,12,6,NA,I,0,7,V,LK,"KO,2,14:34,18","INT,2,08:23,64",8,46,6:11,KO,2,14:34,LK18,INT,2,08:23,SS36,NA
2021_04_LK_SS,LK,SS,Leipzig Kings,Stuttgart Surge,7/11/2021,Stuttgart,Gazi-Stadion,15:00,18:06,Y,03:06,1595,22 c,NO WIND,cloudy,Z.Hamiko,D.Clemence,R.Lewis,A.Nagel,J.Scott,N. Lakowitz,A.Flaisch,SS,1,10,SS30,"H,1,10,H30","8,1,61",{DRIVE}:08:23,STUTTGART SURGE drive start at 08:23.,"H,1,10,H30",NA,NA,0,12,6,08:23,NA,0,8,H,SS,"INT,2,08:23,30","TD,2,02:38,100",9,70,5:45,INT,2,08:23,SS30,TD,2,02:38,LK00,1
2021_04_LK_SS,LK,SS,Leipzig Kings,Stuttgart Surge,7/11/2021,Stuttgart,Gazi-Stadion,15:00,18:06,Y,03:06,1595,22 c,NO WIND,cloudy,Z.Hamiko,D.Clemence,R.Lewis,A.Nagel,J.Scott,N. Lakowitz,A.Flaisch,SS,1,10,SS30,"H,1,10,H30","8,2,62","PASS:2,I,17,*",A. Ellis pass incomplete to P. Floeser.,"H,2,10,H30",pass,NA,0,12,6,NA,NA,0,8,H,SS,"INT,2,08:23,30","TD,2,02:38,100",9,70,5:45,INT,2,08:23,SS30,TD,2,02:38,LK00,1
2021_04_LK_SS,LK,SS,Leipzig Kings,Stuttgart Surge,7/11/2021,Stuttgart,Gazi-Stadion,15:00,18:06,Y,03:06,1595,22 c,NO WIND,cloudy,Z.Hamiko,D.Clemence,R.Lewis,A.Nagel,J.Scott,N. Lakowitz,A.Flaisch,SS,2,10,SS30,"H,2,10,H30","8,3,63","PEN:H,DOG,A,2,H30,N",PENALTY SS DOG (A. Ellis) 0 yards to the SS30.,"H,2,10,H30",penalty,NA,0,12,6,NA,NA,0,8,H,SS,"INT,2,08:23,30","TD,2,02:38,100",9,70,5:45,INT,2,08:23,SS30,TD,2,02:38,LK00,1
2021_04_LK_SS,LK,SS,Leipzig Kings,Stuttgart Surge,7/11/2021,Stuttgart,Gazi-Stadion,15:00,18:06,Y,03:06,1595,22 c,NO WIND,cloudy,Z.Hamiko,D.Clemence,R.Lewis,A.Nagel,J.Scott,N. Lakowitz,A.Flaisch,SS,2,10,SS30,"H,2,10,H30","8,4,64","PEN:V,ILH,A,99,H48,N","PENALTY LK ILH (V. Buffet) 18 yards to the SS48, 1ST DOWN SS.","H,1,10,H48",penalty,penalty,0,12,6,NA,NA,0,8,H,SS,"INT,2,08:23,30","TD,2,02:38,100",9,70,5:45,INT,2,08:23,SS30,TD,2,02:38,LK00,1
2021_04_LK_SS,LK,SS,Leipzig Kings,Stuttgart Surge,7/11/2021,Stuttgart,Gazi-Stadion,15:00,18:06,Y,03:06,1595,22 c,NO WIND,cloudy,Z.Hamiko,D.Clemence,R.Lewis,A.Nagel,J.Scott,N. Lakowitz,A.Flaisch,SS,1,10,SS48,"H,1,10,H48","8,5,65","RUSH:27,V39, TACK:33","S. Shannon rush for 13 yards to the LK39, 1ST DOWN SS (P.Meissner).","H,1,10,V39",rush,rush,0,12,6,NA,NA,0,8,H,SS,"INT,2,08:23,30","TD,2,02:38,100",9,70,5:45,INT,2,08:23,SS30,TD,2,02:38,LK00,1
2021_04_LK_SS,LK,SS,Leipzig Kings,Stuttgart Surge,7/11/2021,Stuttgart,Gazi-Stadion,15:00,18:06,Y,03:06,1595,22 c,NO WIND,cloudy,Z.Hamiko,D.Clemence,R.Lewis,A.Nagel,J.Scott,N. Lakowitz,A.Flaisch,SS,1,10,LK39,"H,1,10,V39","8,6,66","RUSH:2,V31, TACK:5",A. Ellis rush for 8 yards to the LK31 (M.Bausch).,"H,2,2,V31",rush,NA,0,12,6,NA,NA,0,8,H,SS,"INT,2,08:23,30","TD,2,02:38,100",9,70,5:45,INT,2,08:23,SS30,TD,2,02:38,LK00,1
2021_04_LK_SS,LK,SS,Leipzig Kings,Stuttgart Surge,7/11/2021,Stuttgart,Gazi-Stadion,15:00,18:06,Y,03:06,1595,22 c,NO WIND,cloudy,Z.Hamiko,D.Clemence,R.Lewis,A.Nagel,J.Scott,N. Lakowitz,A.Flaisch,SS,2,2,LK31,"H,2,2,V31","8,7,67","RUSH:27,V29, TACK:7","S. Shannon rush for 2 yards to the LK29, 1ST DOWN SS (B, Tchiyoko).","H,1,10,V29",rush,rush,0,12,6,NA,NA,0,8,H,SS,"INT,2,08:23,30","TD,2,02:38,100",9,70,5:45,INT,2,08:23,SS30,TD,2,02:38,LK00,1
2021_04_LK_SS,LK,SS,Leipzig Kings,Stuttgart Surge,7/11/2021,Stuttgart,Gazi-Stadion,15:00,18:06,Y,03:06,1595,22 c,NO WIND,cloudy,Z.Hamiko,D.Clemence,R.Lewis,A.Nagel,J.Scott,N. Lakowitz,A.Flaisch,SS,1,10,LK29,"H,1,10,V29","8,8,68","PASS:2,C,5,V22 TACK:8",A. Ellis pass complete to D. Meza for 7 yards to the LK22 (A. Jalloh).,"H,2,3,V22",pass,NA,0,12,6,NA,NA,0,8,H,SS,"INT,2,08:23,30","TD,2,02:38,100",9,70,5:45,INT,2,08:23,SS30,TD,2,02:38,LK00,1
2021_04_LK_SS,LK,SS,Leipzig Kings,Stuttgart Surge,7/11/2021,Stuttgart,Gazi-Stadion,15:00,18:06,Y,03:06,1595,22 c,NO WIND,cloudy,Z.Hamiko,D.Clemence,R.Lewis,A.Nagel,J.Scott,N. Lakowitz,A.Flaisch,SS,2,3,LK22,"H,2,3,V22","8,9,69","PEN:H,OH,A,68,V39,1","PENALTY SS OH (J. Kuehn) 17 yards to the LK39, 1ST DOWN SS.","H,1,10,V39",penalty,penalty,0,12,6,NA,NA,0,8,H,SS,"INT,2,08:23,30","TD,2,02:38,100",9,70,5:45,INT,2,08:23,SS30,TD,2,02:38,LK00,1
2021_04_LK_SS,LK,SS,Leipzig Kings,Stuttgart Surge,7/11/2021,Stuttgart,Gazi-Stadion,15:00,18:06,Y,03:06,1595,22 c,NO WIND,cloudy,Z.Hamiko,D.Clemence,R.Lewis,A.Nagel,J.Scott,N. Lakowitz,A.Flaisch,SS,1,10,LK39,"H,1,10,V39","8,10,70","PEN:V,PF,A,7,V14,1","PENALTY LK personal foul (B, Tchiyoko) 25 yards to the LK14, 1ST DOWN SS.","H,1,10,V14",penalty,penalty,0,12,6,NA,NA,0,8,H,SS,"INT,2,08:23,30","TD,2,02:38,100",9,70,5:45,INT,2,08:23,SS30,TD,2,02:38,LK00,1
2021_04_LK_SS,LK,SS,Leipzig Kings,Stuttgart Surge,7/11/2021,Stuttgart,Gazi-Stadion,15:00,18:06,Y,03:06,1595,22 c,NO WIND,cloudy,Z.Hamiko,D.Clemence,R.Lewis,A.Nagel,J.Scott,N. Lakowitz,A.Flaisch,SS,1,10,LK14,"H,1,10,V14","8,11,71","PASS:2,S,TM,V21 SACK:5,92",A. Ellis sacked for loss of 7 yards to the LK21 (M.Bausch;A. Zetterberg).,"H,2,17,V21",pass,NA,0,12,6,NA,NA,0,8,H,SS,"INT,2,08:23,30","TD,2,02:38,100",9,70,5:45,INT,2,08:23,SS30,TD,2,02:38,LK00,1
2021_04_LK_SS,LK,SS,Leipzig Kings,Stuttgart Surge,7/11/2021,Stuttgart,Gazi-Stadion,15:00,18:06,Y,03:06,1595,22 c,NO WIND,cloudy,Z.Hamiko,D.Clemence,R.Lewis,A.Nagel,J.Scott,N. Lakowitz,A.Flaisch,SS,2,17,LK21,"H,2,17,V21","8,12,72","RUSH:27,V23, TACK:45",S. Shannon rush for loss of 2 yards to the LK23 (K. Kitchens).,"H,3,19,V23",rush,NA,0,12,6,NA,NA,0,8,H,SS,"INT,2,08:23,30","TD,2,02:38,100",9,70,5:45,INT,2,08:23,SS30,TD,2,02:38,LK00,1
2021_04_LK_SS,LK,SS,Leipzig Kings,Stuttgart Surge,7/11/2021,Stuttgart,Gazi-Stadion,15:00,18:06,Y,03:06,1595,22 c,NO WIND,cloudy,Z.Hamiko,D.Clemence,R.Lewis,A.Nagel,J.Scott,N. Lakowitz,A.Flaisch,SS,3,19,LK23,"H,3,19,V23","8,13,73","PASS:2,I,17,*",A. Ellis pass incomplete to P. Floeser.,"H,4,19,V23",pass,NA,0,12,6,NA,NA,0,8,H,SS,"INT,2,08:23,30","TD,2,02:38,100",9,70,5:45,INT,2,08:23,SS30,TD,2,02:38,LK00,1
2021_04_LK_SS,LK,SS,Leipzig Kings,Stuttgart Surge,7/11/2021,Stuttgart,Gazi-Stadion,15:00,18:06,Y,03:06,1595,22 c,NO WIND,cloudy,Z.Hamiko,D.Clemence,R.Lewis,A.Nagel,J.Scott,N. Lakowitz,A.Flaisch,SS,4,19,LK23,"H,4,19,V23","8,14,74","PEN:V,RPS,A,12,V11,1","PENALTY LK RPS (J. Awini) 12 yards to the LK11, 1ST DOWN SS.","H,1,10,V11",penalty,penalty,0,12,6,NA,NA,0,8,H,SS,"INT,2,08:23,30","TD,2,02:38,100",9,70,5:45,INT,2,08:23,SS30,TD,2,02:38,LK00,1
2021_04_LK_SS,LK,SS,Leipzig Kings,Stuttgart Surge,7/11/2021,Stuttgart,Gazi-Stadion,15:00,18:06,Y,03:06,1595,22 c,NO WIND,cloudy,Z.Hamiko,D.Clemence,R.Lewis,A.Nagel,J.Scott,N. Lakowitz,A.Flaisch,SS,1,10,LK11,"H,1,10,V11","8,15,75","RUSH:27,V00, T:02:38","S. Shannon rush for 11 yards to the LK0, 1ST DOWN SS, TOUCHDOWN, clock 02:38.","H,1,10,V15",rush,rush,1,12,12,02:38,NA,0,8,H,SS,"INT,2,08:23,30","TD,2,02:38,100",9,70,5:45,INT,2,08:23,SS30,TD,2,02:38,LK00,1
2021_04_LK_SS,LK,SS,Leipzig Kings,Stuttgart Surge,7/11/2021,Stuttgart,Gazi-Stadion,15:00,18:06,Y,03:06,1595,22 c,NO WIND,cloudy,Z.Hamiko,D.Clemence,R.Lewis,A.Nagel,J.Scott,N. Lakowitz,A.Flaisch,SS,1,10,LK15,"H,1,10,V15","8,16,76","PAT:K,3,B BLOCK:7","T. Bronn kick attempt failed (blocked) (blocked by B, Tchiyoko).","H,1,0,H35",pat,NA,0,12,12,NA,NA,0,8,H,SS,"INT,2,08:23,30","TD,2,02:38,100",9,70,5:45,INT,2,08:23,SS30,TD,2,02:38,LK00,1
2021_04_LK_SS,LK,SS,Leipzig Kings,Stuttgart Surge,7/11/2021,Stuttgart,Gazi-Stadion,15:00,18:06,Y,03:06,1595,22 c,NO WIND,cloudy,Z.Hamiko,D.Clemence,R.Lewis,A.Nagel,J.Scott,N. Lakowitz,A.Flaisch,SS,1,0,SS35,"H,1,0,H35","8,17,77","KO:3,V00 RET:8,V39 OB:","T. Bronn kickoff 65 yards to the LK0, A. Jalloh return 39 yards to the LK39, out-of-bounds.","V,1,10,V39",kick_off,NA,0,12,12,NA,NA,1,8,H,SS,"INT,2,08:23,30","TD,2,02:38,100",9,70,5:45,INT,2,08:23,SS30,TD,2,02:38,LK00,1
2021_04_LK_SS,LK,SS,Leipzig Kings,Stuttgart Surge,7/11/2021,Stuttgart,Gazi-Stadion,15:00,18:06,Y,03:06,1595,22 c,NO WIND,cloudy,Z.Hamiko,D.Clemence,R.Lewis,A.Nagel,J.Scott,N. Lakowitz,A.Flaisch,LK,1,10,LK39,"V,1,10,V39","9,1,78","PEN:H,FMK,O PEN:V,ULR,O NOPLAY:","PENALTY SS FMK off-setting, PENALTY LK ULR off-setting, NO PLAY.","V,1,10,V39",penalty,NA,0,12,12,NA,NA,0,9,V,LK,"KO,2,02:21,39","POSS,2,02:21,39",0,0,0:00,KO,2,02:21,LK39,POSS,2,02:21,LK39,NA
2021_04_LK_SS,LK,SS,Leipzig Kings,Stuttgart Surge,7/11/2021,Stuttgart,Gazi-Stadion,15:00,18:06,Y,03:06,1595,22 c,NO WIND,cloudy,Z.Hamiko,D.Clemence,R.Lewis,A.Nagel,J.Scott,N. Lakowitz,A.Flaisch,LK,1,10,LK39,"V,1,10,V39","9,2,79",{DRIVE}:02:21,LEIPZIG KINGS drive start at 02:21.,"V,1,10,V39",NA,NA,0,12,12,02:21,NA,0,9,V,LK,"KO,2,02:21,39","POSS,2,02:21,39",0,0,0:00,KO,2,02:21,LK39,POSS,2,02:21,LK39,NA
2021_04_LK_SS,LK,SS,Leipzig Kings,Stuttgart Surge,7/11/2021,Stuttgart,Gazi-Stadion,15:00,18:06,Y,03:06,1595,22 c,NO WIND,cloudy,Z.Hamiko,D.Clemence,R.Lewis,A.Nagel,J.Scott,N. Lakowitz,A.Flaisch,LK,1,10,LK39,"V,1,10,V39","9,3,80",TOUT:H T:02:21,"Timeout Stuttgart Surge, clock 02:21.","V,1,10,V39",NA,NA,0,12,12,02:21,NA,0,9,V,LK,"KO,2,02:21,39","POSS,2,02:21,39",0,0,0:00,KO,2,02:21,LK39,POSS,2,02:21,LK39,NA
2021_04_LK_SS,LK,SS,Leipzig Kings,Stuttgart Surge,7/11/2021,Stuttgart,Gazi-Stadion,15:00,18:06,Y,03:06,1595,22 c,NO WIND,cloudy,Z.Hamiko,D.Clemence,R.Lewis,A.Nagel,J.Scott,N. Lakowitz,A.Flaisch,LK,1,10,LK39,"V,1,10,V39","9,4,81","POSS: SPOT:H,H35,Y D:1,10","Change of possession, SS ball on SS35, 1st and 10.","H,1,10,H35",NA,NA,0,12,12,NA,NA,0,9,V,LK,"KO,2,02:21,39","POSS,2,02:21,39",0,0,0:00,KO,2,02:21,LK39,POSS,2,02:21,LK39,NA
2021_04_LK_SS,LK,SS,Leipzig Kings,Stuttgart Surge,7/11/2021,Stuttgart,Gazi-Stadion,15:00,18:06,Y,03:06,1595,22 c,NO WIND,cloudy,Z.Hamiko,D.Clemence,R.Lewis,A.Nagel,J.Scott,N. Lakowitz,A.Flaisch,SS,1,10,SS35,"H,1,10,H35","10,1,82",{DRIVE}:02:21,STUTTGART SURGE drive start at 02:21.,"H,1,10,H35",NA,NA,0,12,12,02:21,NA,0,10,H,SS,"POSS,2,02:21,35","KO,2,02:21,35",0,0,0:00,POSS,2,02:21,SS35,KO,2,02:21,SS35,NA
2021_04_LK_SS,LK,SS,Leipzig Kings,Stuttgart Surge,7/11/2021,Stuttgart,Gazi-Stadion,15:00,18:06,Y,03:06,1595,22 c,NO WIND,cloudy,Z.Hamiko,D.Clemence,R.Lewis,A.Nagel,J.Scott,N. Lakowitz,A.Flaisch,SS,1,10,SS35,"H,1,10,H35","10,2,83","KO:3,V00 RET:8,H00 T:02:21","T. Bronn kickoff 65 yards to the LK0, A. Jalloh return 100 yards to the SS0, TOUCHDOWN, clock 02:21.","V,1,10,H15",kick_off,NA,1,18,12,02:21,NA,0,10,H,SS,"POSS,2,02:21,35","KO,2,02:21,35",0,0,0:00,POSS,2,02:21,SS35,KO,2,02:21,SS35,NA
2021_04_LK_SS,LK,SS,Leipzig Kings,Stuttgart Surge,7/11/2021,Stuttgart,Gazi-Stadion,15:00,18:06,Y,03:06,1595,22 c,NO WIND,cloudy,Z.Hamiko,D.Clemence,R.Lewis,A.Nagel,J.Scott,N. Lakowitz,A.Flaisch,LK,1,10,SS15,"V,1,10,H15","11,1,84","PASS:15,I,2,*",T. van Duijn pass incomplete to J. Aguemon.,"V,2,10,H15",pass,NA,0,18,12,NA,NA,0,11,V,LK,"KO,2,02:21,100","TD,2,02:21,100",1,0,0:00,KO,2,02:21,SS00,TD,2,02:21,SS00,1
2021_04_LK_SS,LK,SS,Leipzig Kings,Stuttgart Surge,7/11/2021,Stuttgart,Gazi-Stadion,15:00,18:06,Y,03:06,1595,22 c,NO WIND,cloudy,Z.Hamiko,D.Clemence,R.Lewis,A.Nagel,J.Scott,N. Lakowitz,A.Flaisch,LK,2,10,SS15,"V,2,10,H15","11,2,85","KO:18,H00 TB:","M.Ulbrich kickoff 15 yards to the SS0, touchback.","H,1,10,H25",kick_off,NA,0,18,12,NA,NA,0,11,V,LK,"KO,2,02:21,100","TD,2,02:21,100",1,0,0:00,KO,2,02:21,SS00,TD,2,02:21,SS00,1
2021_04_LK_SS,LK,SS,Leipzig Kings,Stuttgart Surge,7/11/2021,Stuttgart,Gazi-Stadion,15:00,18:06,Y,03:06,1595,22 c,NO WIND,cloudy,Z.Hamiko,D.Clemence,R.Lewis,A.Nagel,J.Scott,N. Lakowitz,A.Flaisch,SS,1,10,SS25,"H,1,10,H25","12,1,86",{DRIVE}:02:09,STUTTGART SURGE drive start at 02:09.,"H,1,10,H25",NA,NA,0,18,12,02:09,NA,0,12,H,SS,"KO,2,02:09,25","PUNT,2,00:53,12",3,-13,1:16,KO,2,02:09,SS25,PUNT,2,00:53,SS12,NA
2021_04_LK_SS,LK,SS,Leipzig Kings,Stuttgart Surge,7/11/2021,Stuttgart,Gazi-Stadion,15:00,18:06,Y,03:06,1595,22 c,NO WIND,cloudy,Z.Hamiko,D.Clemence,R.Lewis,A.Nagel,J.Scott,N. Lakowitz,A.Flaisch,SS,1,10,SS25,"H,1,10,H25","12,2,87","PASS:2,S,TM,H20 SACK:92",A. Ellis sacked for loss of 5 yards to the SS20 (A. Zetterberg).,"H,2,15,H20",pass,NA,0,18,12,NA,NA,0,12,H,SS,"KO,2,02:09,25","PUNT,2,00:53,12",3,-13,1:16,KO,2,02:09,SS25,PUNT,2,00:53,SS12,NA
2021_04_LK_SS,LK,SS,Leipzig Kings,Stuttgart Surge,7/11/2021,Stuttgart,Gazi-Stadion,15:00,18:06,Y,03:06,1595,22 c,NO WIND,cloudy,Z.Hamiko,D.Clemence,R.Lewis,A.Nagel,J.Scott,N. Lakowitz,A.Flaisch,SS,2,15,SS20,"H,2,15,H20","12,3,88","PASS:2,S,TM,H15 SACK:45",A. Ellis sacked for loss of 5 yards to the SS15 (K. Kitchens).,"H,3,20,H15",pass,NA,0,18,12,NA,NA,0,12,H,SS,"KO,2,02:09,25","PUNT,2,00:53,12",3,-13,1:16,KO,2,02:09,SS25,PUNT,2,00:53,SS12,NA
2021_04_LK_SS,LK,SS,Leipzig Kings,Stuttgart Surge,7/11/2021,Stuttgart,Gazi-Stadion,15:00,18:06,Y,03:06,1595,22 c,NO WIND,cloudy,Z.Hamiko,D.Clemence,R.Lewis,A.Nagel,J.Scott,N. Lakowitz,A.Flaisch,SS,3,20,SS15,"H,3,20,H15","12,4,89","RUSH:2,H14, FORCE:71 FUMB:H,H12,71","A. Ellis rush for loss of 1 yard to the SS14, fumble forced by F. Barthel, fumble by A. Ellis recovered by SS J. Steiger at SS12.","H,4,23,H12",rush,NA,0,18,12,NA,NA,0,12,H,SS,"KO,2,02:09,25","PUNT,2,00:53,12",3,-13,1:16,KO,2,02:09,SS25,PUNT,2,00:53,SS12,NA
2021_04_LK_SS,LK,SS,Leipzig Kings,Stuttgart Surge,7/11/2021,Stuttgart,Gazi-Stadion,15:00,18:06,Y,03:06,1595,22 c,NO WIND,cloudy,Z.Hamiko,D.Clemence,R.Lewis,A.Nagel,J.Scott,N. Lakowitz,A.Flaisch,SS,4,23,SS12,"H,4,23,H12","12,5,90","PUNT:3,H48 RET:8,H36 TACK:74,85","T. Bronn punt 36 yards to the SS48, A. Jalloh return 12 yards to the SS36 (L. Stingl;P. Weiblen).","V,1,10,H36",punt,NA,0,18,12,NA,NA,0,12,H,SS,"KO,2,02:09,25","PUNT,2,00:53,12",3,-13,1:16,KO,2,02:09,SS25,PUNT,2,00:53,SS12,NA
2021_04_LK_SS,LK,SS,Leipzig Kings,Stuttgart Surge,7/11/2021,Stuttgart,Gazi-Stadion,15:00,18:06,Y,03:06,1595,22 c,NO WIND,cloudy,Z.Hamiko,D.Clemence,R.Lewis,A.Nagel,J.Scott,N. Lakowitz,A.Flaisch,LK,1,10,SS36,"V,1,10,H36","13,1,91",{DRIVE}:00:53,LEIPZIG KINGS drive start at 00:53.,"V,1,10,H36",NA,NA,0,18,12,00:53,NA,0,13,V,LK,"PUNT,2,00:53,64","HALF,2,00:00,80",4,16,0:53,PUNT,2,00:53,SS36,HALF,2,00:00,SS20,NA
2021_04_LK_SS,LK,SS,Leipzig Kings,Stuttgart Surge,7/11/2021,Stuttgart,Gazi-Stadion,15:00,18:06,Y,03:06,1595,22 c,NO WIND,cloudy,Z.Hamiko,D.Clemence,R.Lewis,A.Nagel,J.Scott,N. Lakowitz,A.Flaisch,LK,1,10,SS36,"V,1,10,H36","13,2,92","RUSH:2,H39, TACK:97,45",J. Aguemon rush for loss of 3 yards to the SS39 (P. Ungericht;N. Hamulic).,"V,2,13,H39",rush,NA,0,18,12,NA,NA,0,13,V,LK,"PUNT,2,00:53,64","HALF,2,00:00,80",4,16,0:53,PUNT,2,00:53,SS36,HALF,2,00:00,SS20,NA
2021_04_LK_SS,LK,SS,Leipzig Kings,Stuttgart Surge,7/11/2021,Stuttgart,Gazi-Stadion,15:00,18:06,Y,03:06,1595,22 c,NO WIND,cloudy,Z.Hamiko,D.Clemence,R.Lewis,A.Nagel,J.Scott,N. Lakowitz,A.Flaisch,LK,2,13,SS39,"V,2,13,H39","13,3,93","PASS:15,I,14,*",T. van Duijn pass incomplete to E.Kilger.,"V,3,13,H39",pass,NA,0,18,12,NA,NA,0,13,V,LK,"PUNT,2,00:53,64","HALF,2,00:00,80",4,16,0:53,PUNT,2,00:53,SS36,HALF,2,00:00,SS20,NA
2021_04_LK_SS,LK,SS,Leipzig Kings,Stuttgart Surge,7/11/2021,Stuttgart,Gazi-Stadion,15:00,18:06,Y,03:06,1595,22 c,NO WIND,cloudy,Z.Hamiko,D.Clemence,R.Lewis,A.Nagel,J.Scott,N. Lakowitz,A.Flaisch,LK,3,13,SS39,"V,3,13,H39","13,4,94","PASS:15,C,84,H33 TACK:21",T. van Duijn pass complete to Y. Omi for 6 yards to the SS33 (J. Jacob).,"V,4,7,H33",pass,NA,0,18,12,NA,NA,0,13,V,LK,"PUNT,2,00:53,64","HALF,2,00:00,80",4,16,0:53,PUNT,2,00:53,SS36,HALF,2,00:00,SS20,NA
2021_04_LK_SS,LK,SS,Leipzig Kings,Stuttgart Surge,7/11/2021,Stuttgart,Gazi-Stadion,15:00,18:06,Y,03:06,1595,22 c,NO WIND,cloudy,Z.Hamiko,D.Clemence,R.Lewis,A.Nagel,J.Scott,N. Lakowitz,A.Flaisch,LK,4,7,SS33,"V,4,7,H33","13,5,95","PASS:15,C,11,H20 TACK:23,37","T. van Duijn pass complete to A. Dable-Wolf for 13 yards to the SS20, 1ST DOWN LK (M. Dabo;K. Bannasch).","V,1,10,H20",pass,pass,0,18,12,NA,NA,0,13,V,LK,"PUNT,2,00:53,64","HALF,2,00:00,80",4,16,0:53,PUNT,2,00:53,SS36,HALF,2,00:00,SS20,NA
2021_04_LK_SS,LK,SS,Leipzig Kings,Stuttgart Surge,7/11/2021,Stuttgart,Gazi-Stadion,15:00,18:06,Y,03:06,1595,22 c,NO WIND,cloudy,Z.Hamiko,D.Clemence,R.Lewis,A.Nagel,J.Scott,N. Lakowitz,A.Flaisch,LK,1,10,SS20,"V,1,10,H20","13,6,96",HALF: T:00:00,"End of half, clock 00:00.","V,1,10,H20",NA,NA,0,18,12,00:00,NA,0,13,V,LK,"PUNT,2,00:53,64","HALF,2,00:00,80",4,16,0:53,PUNT,2,00:53,SS36,HALF,2,00:00,SS20,NA
2021_04_LK_SS,LK,SS,Leipzig Kings,Stuttgart Surge,7/11/2021,Stuttgart,Gazi-Stadion,15:00,18:06,Y,03:06,1595,22 c,NO WIND,cloudy,Z.Hamiko,D.Clemence,R.Lewis,A.Nagel,J.Scott,N. Lakowitz,A.Flaisch,LK,1,10,SS20,"V,1,10,H20","13,7,97","Q:3 T:15:00 SPOT:V,V35,N","Start of 3rd quarter, clock 15:00, LK ball on LK35.","V,1,10,V35",NA,NA,0,18,12,15:00,NA,0,13,V,LK,"PUNT,2,00:53,64","HALF,2,00:00,80",4,16,0:53,PUNT,2,00:53,SS36,HALF,2,00:00,SS20,NA
2021_04_LK_SS,LK,SS,Leipzig Kings,Stuttgart Surge,7/11/2021,Stuttgart,Gazi-Stadion,15:00,18:06,Y,03:06,1595,22 c,NO WIND,cloudy,Z.Hamiko,D.Clemence,R.Lewis,A.Nagel,J.Scott,N. Lakowitz,A.Flaisch,LK,1,10,LK35,"V,1,10,V35","13,8,98","KO:18,H40 OB:","M.Ulbrich kickoff 25 yards to the SS40, out-of-bounds.","H,1,10,H40",kick_off,NA,0,18,12,NA,NA,1,13,V,LK,"PUNT,2,00:53,64","HALF,2,00:00,80",4,16,0:53,PUNT,2,00:53,SS36,HALF,2,00:00,SS20,NA
2021_04_LK_SS,LK,SS,Leipzig Kings,Stuttgart Surge,7/11/2021,Stuttgart,Gazi-Stadion,15:00,18:06,Y,03:06,1595,22 c,NO WIND,cloudy,Z.Hamiko,D.Clemence,R.Lewis,A.Nagel,J.Scott,N. Lakowitz,A.Flaisch,SS,1,10,SS40,"H,1,10,H40","14,1,99",{DRIVE}:15:00,STUTTGART SURGE drive start at 15:00.,"H,1,10,H40",NA,NA,0,18,12,15:00,NA,0,14,H,SS,"KO,3,15:00,40","FGA,3,10:54,83",7,43,4:06,KO,3,15:00,SS40,FGA,3,10:54,LK17,1
2021_04_LK_SS,LK,SS,Leipzig Kings,Stuttgart Surge,7/11/2021,Stuttgart,Gazi-Stadion,15:00,18:06,Y,03:06,1595,22 c,NO WIND,cloudy,Z.Hamiko,D.Clemence,R.Lewis,A.Nagel,J.Scott,N. Lakowitz,A.Flaisch,SS,1,10,SS40,"H,1,10,H40","14,2,100","RUSH:27,H46, TACK:50,8",S. Shannon rush for 6 yards to the SS46 (J.Schultes;A. Jalloh).,"H,2,4,H46",rush,NA,0,18,12,NA,NA,0,14,H,SS,"KO,3,15:00,40","FGA,3,10:54,83",7,43,4:06,KO,3,15:00,SS40,FGA,3,10:54,LK17,1
2021_04_LK_SS,LK,SS,Leipzig Kings,Stuttgart Surge,7/11/2021,Stuttgart,Gazi-Stadion,15:00,18:06,Y,03:06,1595,22 c,NO WIND,cloudy,Z.Hamiko,D.Clemence,R.Lewis,A.Nagel,J.Scott,N. Lakowitz,A.Flaisch,SS,2,4,SS46,"H,2,4,H46","14,3,101","RUSH:27,H43, TACK:99,93",S. Shannon rush for loss of 3 yards to the SS43 (V. Buffet;C. Hans).,"H,3,7,H43",rush,NA,0,18,12,NA,NA,0,14,H,SS,"KO,3,15:00,40","FGA,3,10:54,83",7,43,4:06,KO,3,15:00,SS40,FGA,3,10:54,LK17,1
2021_04_LK_SS,LK,SS,Leipzig Kings,Stuttgart Surge,7/11/2021,Stuttgart,Gazi-Stadion,15:00,18:06,Y,03:06,1595,22 c,NO WIND,cloudy,Z.Hamiko,D.Clemence,R.Lewis,A.Nagel,J.Scott,N. Lakowitz,A.Flaisch,SS,3,7,SS43,"H,3,7,H43","14,4,102","PASS:2,C,18,V21","A. Ellis pass complete to P. Steigerwald for 36 yards to the LK21, 1ST DOWN SS.","H,1,10,V21",pass,pass,0,18,12,NA,NA,0,14,H,SS,"KO,3,15:00,40","FGA,3,10:54,83",7,43,4:06,KO,3,15:00,SS40,FGA,3,10:54,LK17,1
2021_04_LK_SS,LK,SS,Leipzig Kings,Stuttgart Surge,7/11/2021,Stuttgart,Gazi-Stadion,15:00,18:06,Y,03:06,1595,22 c,NO WIND,cloudy,Z.Hamiko,D.Clemence,R.Lewis,A.Nagel,J.Scott,N. Lakowitz,A.Flaisch,SS,1,10,LK21,"H,1,10,V21","14,5,103","RUSH:27,V24, TACK:8",S. Shannon rush for loss of 3 yards to the LK24 (A. Jalloh).,"H,2,13,V24",rush,NA,0,18,12,NA,NA,0,14,H,SS,"KO,3,15:00,40","FGA,3,10:54,83",7,43,4:06,KO,3,15:00,SS40,FGA,3,10:54,LK17,1
2021_04_LK_SS,LK,SS,Leipzig Kings,Stuttgart Surge,7/11/2021,Stuttgart,Gazi-Stadion,15:00,18:06,Y,03:06,1595,22 c,NO WIND,cloudy,Z.Hamiko,D.Clemence,R.Lewis,A.Nagel,J.Scott,N. Lakowitz,A.Flaisch,SS,2,13,LK24,"H,2,13,V24","14,6,104","PASS:2,C,88,V18",A. Ellis pass complete to M. Pludra for 6 yards to the LK18.,"H,3,7,V18",pass,NA,0,18,12,NA,NA,0,14,H,SS,"KO,3,15:00,40","FGA,3,10:54,83",7,43,4:06,KO,3,15:00,SS40,FGA,3,10:54,LK17,1
2021_04_LK_SS,LK,SS,Leipzig Kings,Stuttgart Surge,7/11/2021,Stuttgart,Gazi-Stadion,15:00,18:06,Y,03:06,1595,22 c,NO WIND,cloudy,Z.Hamiko,D.Clemence,R.Lewis,A.Nagel,J.Scott,N. Lakowitz,A.Flaisch,SS,3,7,LK18,"H,3,7,V18","14,7,105","PASS:2,C,4,V17",A. Ellis pass complete to A. Eitel for 1 yard to the LK17.,"H,4,6,V17",pass,NA,0,18,12,NA,NA,0,14,H,SS,"KO,3,15:00,40","FGA,3,10:54,83",7,43,4:06,KO,3,15:00,SS40,FGA,3,10:54,LK17,1
2021_04_LK_SS,LK,SS,Leipzig Kings,Stuttgart Surge,7/11/2021,Stuttgart,Gazi-Stadion,15:00,18:06,Y,03:06,1595,22 c,NO WIND,cloudy,Z.Hamiko,D.Clemence,R.Lewis,A.Nagel,J.Scott,N. Lakowitz,A.Flaisch,SS,4,6,LK17,"H,4,6,V17","14,8,106","FGA:3,35,M,V18,L T:10:54","T. Bronn field goal attempt from 35 MISSED - wide left, spot at LK18, clock 10:54.","V,1,10,V18",field_goal,NA,0,18,12,10:54,NA,0,14,H,SS,"KO,3,15:00,40","FGA,3,10:54,83",7,43,4:06,KO,3,15:00,SS40,FGA,3,10:54,LK17,1
2021_04_LK_SS,LK,SS,Leipzig Kings,Stuttgart Surge,7/11/2021,Stuttgart,Gazi-Stadion,15:00,18:06,Y,03:06,1595,22 c,NO WIND,cloudy,Z.Hamiko,D.Clemence,R.Lewis,A.Nagel,J.Scott,N. Lakowitz,A.Flaisch,LK,1,10,LK18,"V,1,10,V18","15,1,107",{DRIVE}:10:54,LEIPZIG KINGS drive start at 10:54.,"V,1,10,V18",NA,NA,0,18,12,10:54,NA,0,15,V,LK,"FGA,3,10:54,18","PUNT,3,09:04,26",3,8,1:50,FGA,3,10:54,LK18,PUNT,3,09:04,LK26,NA
2021_04_LK_SS,LK,SS,Leipzig Kings,Stuttgart Surge,7/11/2021,Stuttgart,Gazi-Stadion,15:00,18:06,Y,03:06,1595,22 c,NO WIND,cloudy,Z.Hamiko,D.Clemence,R.Lewis,A.Nagel,J.Scott,N. Lakowitz,A.Flaisch,LK,1,10,LK18,"V,1,10,V18","15,2,108","PASS:15,C,6,V27 OB: TACK:31","T. van Duijn pass complete to T. Knuettel for 9 yards to the LK27, out-of-bounds (N. Wenzelburger).","V,2,1,V27",pass,NA,0,18,12,NA,NA,1,15,V,LK,"FGA,3,10:54,18","PUNT,3,09:04,26",3,8,1:50,FGA,3,10:54,LK18,PUNT,3,09:04,LK26,NA
2021_04_LK_SS,LK,SS,Leipzig Kings,Stuttgart Surge,7/11/2021,Stuttgart,Gazi-Stadion,15:00,18:06,Y,03:06,1595,22 c,NO WIND,cloudy,Z.Hamiko,D.Clemence,R.Lewis,A.Nagel,J.Scott,N. Lakowitz,A.Flaisch,LK,2,1,LK27,"V,2,1,V27","15,3,109","RUSH:2,V27, TACK:42",J. Aguemon rush for no gain to the LK27 (B. Zachary).,"V,3,1,V27",rush,NA,0,18,12,NA,NA,0,15,V,LK,"FGA,3,10:54,18","PUNT,3,09:04,26",3,8,1:50,FGA,3,10:54,LK18,PUNT,3,09:04,LK26,NA
2021_04_LK_SS,LK,SS,Leipzig Kings,Stuttgart Surge,7/11/2021,Stuttgart,Gazi-Stadion,15:00,18:06,Y,03:06,1595,22 c,NO WIND,cloudy,Z.Hamiko,D.Clemence,R.Lewis,A.Nagel,J.Scott,N. Lakowitz,A.Flaisch,LK,3,1,LK27,"V,3,1,V27","15,4,110","PASS:15,C,12,V26 TACK:30",T. van Duijn pass complete to J. Awini for loss of 1 yard to the LK26 (T. Becker).,"V,4,2,V26",pass,NA,0,18,12,NA,NA,0,15,V,LK,"FGA,3,10:54,18","PUNT,3,09:04,26",3,8,1:50,FGA,3,10:54,LK18,PUNT,3,09:04,LK26,NA
2021_04_LK_SS,LK,SS,Leipzig Kings,Stuttgart Surge,7/11/2021,Stuttgart,Gazi-Stadion,15:00,18:06,Y,03:06,1595,22 c,NO WIND,cloudy,Z.Hamiko,D.Clemence,R.Lewis,A.Nagel,J.Scott,N. Lakowitz,A.Flaisch,LK,4,2,LK26,"V,4,2,V26","15,5,111","PUNT:1,H30 FC:4","J. Templar punt 44 yards to the SS30, fair catch by A. Eitel.","H,1,10,H30",punt,NA,0,18,12,NA,NA,0,15,V,LK,"FGA,3,10:54,18","PUNT,3,09:04,26",3,8,1:50,FGA,3,10:54,LK18,PUNT,3,09:04,LK26,NA
2021_04_LK_SS,LK,SS,Leipzig Kings,Stuttgart Surge,7/11/2021,Stuttgart,Gazi-Stadion,15:00,18:06,Y,03:06,1595,22 c,NO WIND,cloudy,Z.Hamiko,D.Clemence,R.Lewis,A.Nagel,J.Scott,N. Lakowitz,A.Flaisch,SS,1,10,SS30,"H,1,10,H30","16,1,112",{DRIVE}:09:04,STUTTGART SURGE drive start at 09:04.,"H,1,10,H30",NA,NA,0,18,12,09:04,NA,0,16,H,SS,"PUNT,3,09:04,30","PUNT,3,06:33,54",4,24,2:31,PUNT,3,09:04,SS30,PUNT,3,06:33,LK46,NA
2021_04_LK_SS,LK,SS,Leipzig Kings,Stuttgart Surge,7/11/2021,Stuttgart,Gazi-Stadion,15:00,18:06,Y,03:06,1595,22 c,NO WIND,cloudy,Z.Hamiko,D.Clemence,R.Lewis,A.Nagel,J.Scott,N. Lakowitz,A.Flaisch,SS,1,10,SS30,"H,1,10,H30","16,2,113","PASS:2,C,88,H39 OB:","A. Ellis pass complete to M. Pludra for 9 yards to the SS39, out-of-bounds.","H,2,1,H39",pass,NA,0,18,12,NA,NA,1,16,H,SS,"PUNT,3,09:04,30","PUNT,3,06:33,54",4,24,2:31,PUNT,3,09:04,SS30,PUNT,3,06:33,LK46,NA
2021_04_LK_SS,LK,SS,Leipzig Kings,Stuttgart Surge,7/11/2021,Stuttgart,Gazi-Stadion,15:00,18:06,Y,03:06,1595,22 c,NO WIND,cloudy,Z.Hamiko,D.Clemence,R.Lewis,A.Nagel,J.Scott,N. Lakowitz,A.Flaisch,SS,2,1,SS39,"H,2,1,H39","16,3,114","PEN:V,PF,A,TM,V46,1","PENALTY LK personal foul 15 yards to the LK46, 1ST DOWN SS.","H,1,10,V46",penalty,penalty,0,18,12,NA,NA,0,16,H,SS,"PUNT,3,09:04,30","PUNT,3,06:33,54",4,24,2:31,PUNT,3,09:04,SS30,PUNT,3,06:33,LK46,NA
2021_04_LK_SS,LK,SS,Leipzig Kings,Stuttgart Surge,7/11/2021,Stuttgart,Gazi-Stadion,15:00,18:06,Y,03:06,1595,22 c,NO WIND,cloudy,Z.Hamiko,D.Clemence,R.Lewis,A.Nagel,J.Scott,N. Lakowitz,A.Flaisch,SS,1,10,LK46,"H,1,10,V46","16,4,115","RUSH:27,V42, TACK:56",S. Shannon rush for 4 yards to the LK42 (L. Leota).,"H,2,6,V42",rush,NA,0,18,12,NA,NA,0,16,H,SS,"PUNT,3,09:04,30","PUNT,3,06:33,54",4,24,2:31,PUNT,3,09:04,SS30,PUNT,3,06:33,LK46,NA
2021_04_LK_SS,LK,SS,Leipzig Kings,Stuttgart Surge,7/11/2021,Stuttgart,Gazi-Stadion,15:00,18:06,Y,03:06,1595,22 c,NO WIND,cloudy,Z.Hamiko,D.Clemence,R.Lewis,A.Nagel,J.Scott,N. Lakowitz,A.Flaisch,SS,2,6,LK42,"H,2,6,V42","16,5,116","RUSH:2,V37, TACK:45",A. Ellis rush for 5 yards to the LK37 (K. Kitchens).,"H,3,1,V37",rush,NA,0,18,12,NA,NA,0,16,H,SS,"PUNT,3,09:04,30","PUNT,3,06:33,54",4,24,2:31,PUNT,3,09:04,SS30,PUNT,3,06:33,LK46,NA
2021_04_LK_SS,LK,SS,Leipzig Kings,Stuttgart Surge,7/11/2021,Stuttgart,Gazi-Stadion,15:00,18:06,Y,03:06,1595,22 c,NO WIND,cloudy,Z.Hamiko,D.Clemence,R.Lewis,A.Nagel,J.Scott,N. Lakowitz,A.Flaisch,SS,3,1,LK37,"H,3,1,V37","16,6,117","PASS:2,S,TM,V46 SACK:99",A. Ellis sacked for loss of 9 yards to the LK46 (V. Buffet).,"H,4,10,V46",pass,NA,0,18,12,NA,NA,0,16,H,SS,"PUNT,3,09:04,30","PUNT,3,06:33,54",4,24,2:31,PUNT,3,09:04,SS30,PUNT,3,06:33,LK46,NA
2021_04_LK_SS,LK,SS,Leipzig Kings,Stuttgart Surge,7/11/2021,Stuttgart,Gazi-Stadion,15:00,18:06,Y,03:06,1595,22 c,NO WIND,cloudy,Z.Hamiko,D.Clemence,R.Lewis,A.Nagel,J.Scott,N. Lakowitz,A.Flaisch,SS,4,10,LK46,"H,4,10,V46","16,7,118","PUNT:3,V10 OB:","T. Bronn punt 36 yards to the LK10, out-of-bounds.","V,1,10,V10",punt,NA,0,18,12,NA,NA,1,16,H,SS,"PUNT,3,09:04,30","PUNT,3,06:33,54",4,24,2:31,PUNT,3,09:04,SS30,PUNT,3,06:33,LK46,NA
2021_04_LK_SS,LK,SS,Leipzig Kings,Stuttgart Surge,7/11/2021,Stuttgart,Gazi-Stadion,15:00,18:06,Y,03:06,1595,22 c,NO WIND,cloudy,Z.Hamiko,D.Clemence,R.Lewis,A.Nagel,J.Scott,N. Lakowitz,A.Flaisch,LK,1,10,LK10,"V,1,10,V10","17,1,119",{DRIVE}:06:33,LEIPZIG KINGS drive start at 06:33.,"V,1,10,V10",NA,NA,0,18,12,06:33,NA,0,17,V,LK,"PUNT,3,06:33,10","TD,3,03:11,100",5,90,3:22,PUNT,3,06:33,LK10,TD,3,03:11,SS00,NA
2021_04_LK_SS,LK,SS,Leipzig Kings,Stuttgart Surge,7/11/2021,Stuttgart,Gazi-Stadion,15:00,18:06,Y,03:06,1595,22 c,NO WIND,cloudy,Z.Hamiko,D.Clemence,R.Lewis,A.Nagel,J.Scott,N. Lakowitz,A.Flaisch,LK,1,10,LK10,"V,1,10,V10","17,2,120","RUSH:2,V16, TACK:20",J. Aguemon rush for 6 yards to the LK16 (D. Warren).,"V,2,4,V16",rush,NA,0,18,12,NA,NA,0,17,V,LK,"PUNT,3,06:33,10","TD,3,03:11,100",5,90,3:22,PUNT,3,06:33,LK10,TD,3,03:11,SS00,NA
2021_04_LK_SS,LK,SS,Leipzig Kings,Stuttgart Surge,7/11/2021,Stuttgart,Gazi-Stadion,15:00,18:06,Y,03:06,1595,22 c,NO WIND,cloudy,Z.Hamiko,D.Clemence,R.Lewis,A.Nagel,J.Scott,N. Lakowitz,A.Flaisch,LK,2,4,LK16,"V,2,4,V16","17,3,121","PASS:15,C,84,V27 TACK:21","T. van Duijn pass complete to Y. Omi for 11 yards to the LK27, 1ST DOWN LK (J. Jacob).","V,1,10,V27",pass,pass,0,18,12,NA,NA,0,17,V,LK,"PUNT,3,06:33,10","TD,3,03:11,100",5,90,3:22,PUNT,3,06:33,LK10,TD,3,03:11,SS00,NA
2021_04_LK_SS,LK,SS,Leipzig Kings,Stuttgart Surge,7/11/2021,Stuttgart,Gazi-Stadion,15:00,18:06,Y,03:06,1595,22 c,NO WIND,cloudy,Z.Hamiko,D.Clemence,R.Lewis,A.Nagel,J.Scott,N. Lakowitz,A.Flaisch,LK,1,10,LK27,"V,1,10,V27","17,4,122","PEN:V,FST,A,11,V22,1","PENALTY LK FST (A. Dable-Wolf) 5 yards to the LK22, 1ST DOWN LK.","V,1,10,V22",penalty,penalty,0,18,12,NA,NA,0,17,V,LK,"PUNT,3,06:33,10","TD,3,03:11,100",5,90,3:22,PUNT,3,06:33,LK10,TD,3,03:11,SS00,NA
2021_04_LK_SS,LK,SS,Leipzig Kings,Stuttgart Surge,7/11/2021,Stuttgart,Gazi-Stadion,15:00,18:06,Y,03:06,1595,22 c,NO WIND,cloudy,Z.Hamiko,D.Clemence,R.Lewis,A.Nagel,J.Scott,N. Lakowitz,A.Flaisch,LK,1,10,LK22,"V,1,10,V22","17,5,123","PASS:15,C,6,H43 TACK:44","T. van Duijn pass complete to T. Knuettel for 35 yards to the SS43, 1ST DOWN LK (J. Mbala).","V,1,10,H43",pass,pass,0,18,12,NA,NA,0,17,V,LK,"PUNT,3,06:33,10","TD,3,03:11,100",5,90,3:22,PUNT,3,06:33,LK10,TD,3,03:11,SS00,NA
2021_04_LK_SS,LK,SS,Leipzig Kings,Stuttgart Surge,7/11/2021,Stuttgart,Gazi-Stadion,15:00,18:06,Y,03:06,1595,22 c,NO WIND,cloudy,Z.Hamiko,D.Clemence,R.Lewis,A.Nagel,J.Scott,N. Lakowitz,A.Flaisch,LK,1,10,SS43,"V,1,10,H43","17,6,124","RUSH:2,H45, TACK:42",J. Aguemon rush for loss of 2 yards to the SS45 (B. Zachary).,"V,2,12,H45",rush,NA,0,18,12,NA,NA,0,17,V,LK,"PUNT,3,06:33,10","TD,3,03:11,100",5,90,3:22,PUNT,3,06:33,LK10,TD,3,03:11,SS00,NA
2021_04_LK_SS,LK,SS,Leipzig Kings,Stuttgart Surge,7/11/2021,Stuttgart,Gazi-Stadion,15:00,18:06,Y,03:06,1595,22 c,NO WIND,cloudy,Z.Hamiko,D.Clemence,R.Lewis,A.Nagel,J.Scott,N. Lakowitz,A.Flaisch,LK,2,12,SS45,"V,2,12,H45","17,7,125","PASS:15,C,8,H00 T:03:11","T. van Duijn pass complete to A. Jalloh for 45 yards to the SS0, 1ST DOWN LK, TOUCHDOWN, clock 03:11.","V,1,10,H15",pass,pass,1,24,12,03:11,NA,0,17,V,LK,"PUNT,3,06:33,10","TD,3,03:11,100",5,90,3:22,PUNT,3,06:33,LK10,TD,3,03:11,SS00,NA
2021_04_LK_SS,LK,SS,Leipzig Kings,Stuttgart Surge,7/11/2021,Stuttgart,Gazi-Stadion,15:00,18:06,Y,03:06,1595,22 c,NO WIND,cloudy,Z.Hamiko,D.Clemence,R.Lewis,A.Nagel,J.Scott,N. Lakowitz,A.Flaisch,LK,1,10,SS15,"V,1,10,H15","17,8,126","PAT:K,18,B,23,N BLOCK:TM","M.Ulbrich kick attempt failed (blocked), returned by M. Dabo - no score (blocked by TEAM).","V,1,0,V35",pat,NA,0,24,12,NA,NA,0,17,V,LK,"PUNT,3,06:33,10","TD,3,03:11,100",5,90,3:22,PUNT,3,06:33,LK10,TD,3,03:11,SS00,NA
2021_04_LK_SS,LK,SS,Leipzig Kings,Stuttgart Surge,7/11/2021,Stuttgart,Gazi-Stadion,15:00,18:06,Y,03:06,1595,22 c,NO WIND,cloudy,Z.Hamiko,D.Clemence,R.Lewis,A.Nagel,J.Scott,N. Lakowitz,A.Flaisch,LK,1,0,LK35,"V,1,0,V35","17,9,127","PEN:V,UNR,A,TM,V20,N",PENALTY LK UNR 15 yards to the LK20.,"V,1,0,V20",penalty,NA,0,24,12,NA,NA,0,17,V,LK,"PUNT,3,06:33,10","TD,3,03:11,100",5,90,3:22,PUNT,3,06:33,LK10,TD,3,03:11,SS00,NA
2021_04_LK_SS,LK,SS,Leipzig Kings,Stuttgart Surge,7/11/2021,Stuttgart,Gazi-Stadion,15:00,18:06,Y,03:06,1595,22 c,NO WIND,cloudy,Z.Hamiko,D.Clemence,R.Lewis,A.Nagel,J.Scott,N. Lakowitz,A.Flaisch,LK,1,0,LK20,"V,1,0,V20","17,10,128","KO:18,H22 RET:4,H47","M.Ulbrich kickoff 58 yards to the SS22, A. Eitel return 25 yards to the SS47.","H,1,10,H47",kick_off,NA,0,24,12,NA,NA,0,17,V,LK,"PUNT,3,06:33,10","TD,3,03:11,100",5,90,3:22,PUNT,3,06:33,LK10,TD,3,03:11,SS00,NA
2021_04_LK_SS,LK,SS,Leipzig Kings,Stuttgart Surge,7/11/2021,Stuttgart,Gazi-Stadion,15:00,18:06,Y,03:06,1595,22 c,NO WIND,cloudy,Z.Hamiko,D.Clemence,R.Lewis,A.Nagel,J.Scott,N. Lakowitz,A.Flaisch,SS,1,10,SS47,"H,1,10,H47","18,1,129",{DRIVE}:03:05,STUTTGART SURGE drive start at 03:05.,"H,1,10,H47",NA,NA,0,24,12,03:05,NA,0,18,H,SS,"KO,3,03:05,47","TD,4,14:07,100",7,53,3:58,KO,3,03:05,SS47,TD,4,14:07,LK00,1
2021_04_LK_SS,LK,SS,Leipzig Kings,Stuttgart Surge,7/11/2021,Stuttgart,Gazi-Stadion,15:00,18:06,Y,03:06,1595,22 c,NO WIND,cloudy,Z.Hamiko,D.Clemence,R.Lewis,A.Nagel,J.Scott,N. Lakowitz,A.Flaisch,SS,1,10,SS47,"H,1,10,H47","18,2,130","RUSH:41,V48,",B. Yankson rush for 5 yards to the LK48.,"H,2,5,V48",rush,NA,0,24,12,NA,NA,0,18,H,SS,"KO,3,03:05,47","TD,4,14:07,100",7,53,3:58,KO,3,03:05,SS47,TD,4,14:07,LK00,1
2021_04_LK_SS,LK,SS,Leipzig Kings,Stuttgart Surge,7/11/2021,Stuttgart,Gazi-Stadion,15:00,18:06,Y,03:06,1595,22 c,NO WIND,cloudy,Z.Hamiko,D.Clemence,R.Lewis,A.Nagel,J.Scott,N. Lakowitz,A.Flaisch,SS,2,5,LK48,"H,2,5,V48","18,3,131","RUSH:41,V42, TACK:50,92","B. Yankson rush for 6 yards to the LK42, 1ST DOWN SS (J.Schultes;A. Zetterberg).","H,1,10,V42",rush,rush,0,24,12,NA,NA,0,18,H,SS,"KO,3,03:05,47","TD,4,14:07,100",7,53,3:58,KO,3,03:05,SS47,TD,4,14:07,LK00,1
2021_04_LK_SS,LK,SS,Leipzig Kings,Stuttgart Surge,7/11/2021,Stuttgart,Gazi-Stadion,15:00,18:06,Y,03:06,1595,22 c,NO WIND,cloudy,Z.Hamiko,D.Clemence,R.Lewis,A.Nagel,J.Scott,N. Lakowitz,A.Flaisch,SS,1,10,LK42,"H,1,10,V42","18,4,132","PASS:2,C,5,V23","A. Ellis pass complete to D. Meza for 19 yards to the LK23, 1ST DOWN SS.","H,1,10,V23",pass,pass,0,24,12,NA,NA,0,18,H,SS,"KO,3,03:05,47","TD,4,14:07,100",7,53,3:58,KO,3,03:05,SS47,TD,4,14:07,LK00,1
2021_04_LK_SS,LK,SS,Leipzig Kings,Stuttgart Surge,7/11/2021,Stuttgart,Gazi-Stadion,15:00,18:06,Y,03:06,1595,22 c,NO WIND,cloudy,Z.Hamiko,D.Clemence,R.Lewis,A.Nagel,J.Scott,N. Lakowitz,A.Flaisch,SS,1,10,LK23,"H,1,10,V23","18,5,133","RUSH:41,V15, TACK:56",B. Yankson rush for 8 yards to the LK15 (L. Leota).,"H,2,2,V15",rush,NA,0,24,12,NA,NA,0,18,H,SS,"KO,3,03:05,47","TD,4,14:07,100",7,53,3:58,KO,3,03:05,SS47,TD,4,14:07,LK00,1
2021_04_LK_SS,LK,SS,Leipzig Kings,Stuttgart Surge,7/11/2021,Stuttgart,Gazi-Stadion,15:00,18:06,Y,03:06,1595,22 c,NO WIND,cloudy,Z.Hamiko,D.Clemence,R.Lewis,A.Nagel,J.Scott,N. Lakowitz,A.Flaisch,SS,2,2,LK15,"H,2,2,V15","18,6,134","RUSH:2,V17, TACK:99,92",A. Ellis rush for loss of 2 yards to the LK17 (V. Buffet;A. Zetterberg).,"H,3,4,V17",rush,NA,0,24,12,NA,NA,0,18,H,SS,"KO,3,03:05,47","TD,4,14:07,100",7,53,3:58,KO,3,03:05,SS47,TD,4,14:07,LK00,1
2021_04_LK_SS,LK,SS,Leipzig Kings,Stuttgart Surge,7/11/2021,Stuttgart,Gazi-Stadion,15:00,18:06,Y,03:06,1595,22 c,NO WIND,cloudy,Z.Hamiko,D.Clemence,R.Lewis,A.Nagel,J.Scott,N. Lakowitz,A.Flaisch,SS,3,4,LK17,"H,3,4,V17","18,7,135",Q:4 T:15:00,"Start of 4th quarter, clock 15:00.","H,3,4,V17",NA,NA,0,24,12,15:00,NA,0,18,H,SS,"KO,3,03:05,47","TD,4,14:07,100",7,53,3:58,KO,3,03:05,SS47,TD,4,14:07,LK00,1
2021_04_LK_SS,LK,SS,Leipzig Kings,Stuttgart Surge,7/11/2021,Stuttgart,Gazi-Stadion,15:00,18:06,Y,03:06,1595,22 c,NO WIND,cloudy,Z.Hamiko,D.Clemence,R.Lewis,A.Nagel,J.Scott,N. Lakowitz,A.Flaisch,SS,3,4,LK17,"H,3,4,V17","18,8,136","RUSH:2,V13,","A. Ellis rush for 4 yards to the LK13, 1ST DOWN SS.","H,1,10,V13",rush,rush,0,24,12,NA,NA,0,18,H,SS,"KO,3,03:05,47","TD,4,14:07,100",7,53,3:58,KO,3,03:05,SS47,TD,4,14:07,LK00,1
2021_04_LK_SS,LK,SS,Leipzig Kings,Stuttgart Surge,7/11/2021,Stuttgart,Gazi-Stadion,15:00,18:06,Y,03:06,1595,22 c,NO WIND,cloudy,Z.Hamiko,D.Clemence,R.Lewis,A.Nagel,J.Scott,N. Lakowitz,A.Flaisch,SS,1,10,LK13,"H,1,10,V13","18,9,137","RUSH:26,V00, T:14:07","R. Pein rush for 13 yards to the LK0, 1ST DOWN SS, TOUCHDOWN, clock 14:07.","H,1,10,V15",rush,rush,1,24,18,14:07,NA,0,18,H,SS,"KO,3,03:05,47","TD,4,14:07,100",7,53,3:58,KO,3,03:05,SS47,TD,4,14:07,LK00,1
2021_04_LK_SS,LK,SS,Leipzig Kings,Stuttgart Surge,7/11/2021,Stuttgart,Gazi-Stadion,15:00,18:06,Y,03:06,1595,22 c,NO WIND,cloudy,Z.Hamiko,D.Clemence,R.Lewis,A.Nagel,J.Scott,N. Lakowitz,A.Flaisch,SS,1,10,LK15,"H,1,10,V15","18,10,138","PAT:K,3,G",T. Bronn kick attempt good.,"H,1,0,H35",pat,NA,1,24,19,NA,NA,0,18,H,SS,"KO,3,03:05,47","TD,4,14:07,100",7,53,3:58,KO,3,03:05,SS47,TD,4,14:07,LK00,1
2021_04_LK_SS,LK,SS,Leipzig Kings,Stuttgart Surge,7/11/2021,Stuttgart,Gazi-Stadion,15:00,18:06,Y,03:06,1595,22 c,NO WIND,cloudy,Z.Hamiko,D.Clemence,R.Lewis,A.Nagel,J.Scott,N. Lakowitz,A.Flaisch,SS,1,0,SS35,"H,1,0,H35","18,11,139","KO:3,V00 TB:","T. Bronn kickoff 65 yards to the LK0, touchback.","V,1,10,V25",kick_off,NA,0,24,19,NA,NA,0,18,H,SS,"KO,3,03:05,47","TD,4,14:07,100",7,53,3:58,KO,3,03:05,SS47,TD,4,14:07,LK00,1
2021_04_LK_SS,LK,SS,Leipzig Kings,Stuttgart Surge,7/11/2021,Stuttgart,Gazi-Stadion,15:00,18:06,Y,03:06,1595,22 c,NO WIND,cloudy,Z.Hamiko,D.Clemence,R.Lewis,A.Nagel,J.Scott,N. Lakowitz,A.Flaisch,LK,1,10,LK25,"V,1,10,V25","19,1,140",{DRIVE}:14:07,LEIPZIG KINGS drive start at 14:07.,"V,1,10,V25",NA,NA,0,24,19,14:07,NA,0,19,V,LK,"KO,4,14:07,25","PUNT,4,10:10,47",7,22,3:57,KO,4,14:07,LK25,PUNT,4,10:10,LK47,NA
2021_04_LK_SS,LK,SS,Leipzig Kings,Stuttgart Surge,7/11/2021,Stuttgart,Gazi-Stadion,15:00,18:06,Y,03:06,1595,22 c,NO WIND,cloudy,Z.Hamiko,D.Clemence,R.Lewis,A.Nagel,J.Scott,N. Lakowitz,A.Flaisch,LK,1,10,LK25,"V,1,10,V25","19,2,141","PASS:15,C,11,V36 TACK:32,45","T. van Duijn pass complete to A. Dable-Wolf for 11 yards to the LK36, 1ST DOWN LK (J. Ludwig-M.;N. Hamulic).","V,1,10,V36",pass,pass,0,24,19,NA,NA,0,19,V,LK,"KO,4,14:07,25","PUNT,4,10:10,47",7,22,3:57,KO,4,14:07,LK25,PUNT,4,10:10,LK47,NA
2021_04_LK_SS,LK,SS,Leipzig Kings,Stuttgart Surge,7/11/2021,Stuttgart,Gazi-Stadion,15:00,18:06,Y,03:06,1595,22 c,NO WIND,cloudy,Z.Hamiko,D.Clemence,R.Lewis,A.Nagel,J.Scott,N. Lakowitz,A.Flaisch,LK,1,10,LK36,"V,1,10,V36","19,3,142","PASS:15,C,11,V39",T. van Duijn pass complete to A. Dable-Wolf for 3 yards to the LK39.,"V,2,7,V39",pass,NA,0,24,19,NA,NA,0,19,V,LK,"KO,4,14:07,25","PUNT,4,10:10,47",7,22,3:57,KO,4,14:07,LK25,PUNT,4,10:10,LK47,NA
2021_04_LK_SS,LK,SS,Leipzig Kings,Stuttgart Surge,7/11/2021,Stuttgart,Gazi-Stadion,15:00,18:06,Y,03:06,1595,22 c,NO WIND,cloudy,Z.Hamiko,D.Clemence,R.Lewis,A.Nagel,J.Scott,N. Lakowitz,A.Flaisch,LK,2,7,LK39,"V,2,7,V39","19,4,143","PASS:15,S,TM,V31 SACK:20",T. van Duijn sacked for loss of 8 yards to the LK31 (D. Warren).,"V,3,15,V31",pass,NA,0,24,19,NA,NA,0,19,V,LK,"KO,4,14:07,25","PUNT,4,10:10,47",7,22,3:57,KO,4,14:07,LK25,PUNT,4,10:10,LK47,NA
2021_04_LK_SS,LK,SS,Leipzig Kings,Stuttgart Surge,7/11/2021,Stuttgart,Gazi-Stadion,15:00,18:06,Y,03:06,1595,22 c,NO WIND,cloudy,Z.Hamiko,D.Clemence,R.Lewis,A.Nagel,J.Scott,N. Lakowitz,A.Flaisch,LK,3,15,LK31,"V,3,15,V31","19,5,144","PASS:15,C,8,V50 TACK:32,23","T. van Duijn pass complete to A. Jalloh for 19 yards to the 50 yardline, 1ST DOWN LK (J. Ludwig-M.;M. Dabo).","V,1,10,V50",pass,pass,0,24,19,NA,NA,0,19,V,LK,"KO,4,14:07,25","PUNT,4,10:10,47",7,22,3:57,KO,4,14:07,LK25,PUNT,4,10:10,LK47,NA
2021_04_LK_SS,LK,SS,Leipzig Kings,Stuttgart Surge,7/11/2021,Stuttgart,Gazi-Stadion,15:00,18:06,Y,03:06,1595,22 c,NO WIND,cloudy,Z.Hamiko,D.Clemence,R.Lewis,A.Nagel,J.Scott,N. Lakowitz,A.Flaisch,LK,1,10,LK50,"V,1,10,V50","19,6,145","RUSH:2,V47, TACK:42,20",J. Aguemon rush for loss of 3 yards to the LK47 (B. Zachary;D. Warren).,"V,2,13,V47",rush,NA,0,24,19,NA,NA,0,19,V,LK,"KO,4,14:07,25","PUNT,4,10:10,47",7,22,3:57,KO,4,14:07,LK25,PUNT,4,10:10,LK47,NA
2021_04_LK_SS,LK,SS,Leipzig Kings,Stuttgart Surge,7/11/2021,Stuttgart,Gazi-Stadion,15:00,18:06,Y,03:06,1595,22 c,NO WIND,cloudy,Z.Hamiko,D.Clemence,R.Lewis,A.Nagel,J.Scott,N. Lakowitz,A.Flaisch,LK,2,13,LK47,"V,2,13,V47","19,7,146","PASS:15,I,11,*",T. van Duijn pass incomplete to A. Dable-Wolf.,"V,3,13,V47",pass,NA,0,24,19,NA,NA,0,19,V,LK,"KO,4,14:07,25","PUNT,4,10:10,47",7,22,3:57,KO,4,14:07,LK25,PUNT,4,10:10,LK47,NA
2021_04_LK_SS,LK,SS,Leipzig Kings,Stuttgart Surge,7/11/2021,Stuttgart,Gazi-Stadion,15:00,18:06,Y,03:06,1595,22 c,NO WIND,cloudy,Z.Hamiko,D.Clemence,R.Lewis,A.Nagel,J.Scott,N. Lakowitz,A.Flaisch,LK,3,13,LK47,"V,3,13,V47","19,8,147","PASS:15,I,11,* BRUP:42",T. van Duijn pass incomplete to A. Dable-Wolf (B. Zachary).,"V,4,13,V47",pass,NA,0,24,19,NA,NA,0,19,V,LK,"KO,4,14:07,25","PUNT,4,10:10,47",7,22,3:57,KO,4,14:07,LK25,PUNT,4,10:10,LK47,NA
2021_04_LK_SS,LK,SS,Leipzig Kings,Stuttgart Surge,7/11/2021,Stuttgart,Gazi-Stadion,15:00,18:06,Y,03:06,1595,22 c,NO WIND,cloudy,Z.Hamiko,D.Clemence,R.Lewis,A.Nagel,J.Scott,N. Lakowitz,A.Flaisch,LK,4,13,LK47,"V,4,13,V47","19,9,148","PUNT:1,H13 FC:4","J. Templar punt 40 yards to the SS13, fair catch by A. Eitel.","H,1,10,H13",punt,NA,0,24,19,NA,NA,0,19,V,LK,"KO,4,14:07,25","PUNT,4,10:10,47",7,22,3:57,KO,4,14:07,LK25,PUNT,4,10:10,LK47,NA
2021_04_LK_SS,LK,SS,Leipzig Kings,Stuttgart Surge,7/11/2021,Stuttgart,Gazi-Stadion,15:00,18:06,Y,03:06,1595,22 c,NO WIND,cloudy,Z.Hamiko,D.Clemence,R.Lewis,A.Nagel,J.Scott,N. Lakowitz,A.Flaisch,SS,1,10,SS13,"H,1,10,H13","20,1,149",{DRIVE}:10:10,STUTTGART SURGE drive start at 10:10.,"H,1,10,H13",NA,NA,0,24,19,10:10,NA,0,20,H,SS,"PUNT,4,10:10,13","DOWNS,4,05:41,90",9,77,4:29,PUNT,4,10:10,SS13,DOWNS,4,05:41,LK10,1
2021_04_LK_SS,LK,SS,Leipzig Kings,Stuttgart Surge,7/11/2021,Stuttgart,Gazi-Stadion,15:00,18:06,Y,03:06,1595,22 c,NO WIND,cloudy,Z.Hamiko,D.Clemence,R.Lewis,A.Nagel,J.Scott,N. Lakowitz,A.Flaisch,SS,1,10,SS13,"H,1,10,H13","20,2,150","RUSH:41,H26, TACK:54,28","B. Yankson rush for 13 yards to the SS26, 1ST DOWN SS (M. Strauss;J. Dietze).","H,1,10,H26",rush,rush,0,24,19,NA,NA,0,20,H,SS,"PUNT,4,10:10,13","DOWNS,4,05:41,90",9,77,4:29,PUNT,4,10:10,SS13,DOWNS,4,05:41,LK10,1
2021_04_LK_SS,LK,SS,Leipzig Kings,Stuttgart Surge,7/11/2021,Stuttgart,Gazi-Stadion,15:00,18:06,Y,03:06,1595,22 c,NO WIND,cloudy,Z.Hamiko,D.Clemence,R.Lewis,A.Nagel,J.Scott,N. Lakowitz,A.Flaisch,SS,1,10,SS26,"H,1,10,H26","20,3,151","RUSH:41,H28, TACK:56",B. Yankson rush for 2 yards to the SS28 (L. Leota).,"H,2,8,H28",rush,NA,0,24,19,NA,NA,0,20,H,SS,"PUNT,4,10:10,13","DOWNS,4,05:41,90",9,77,4:29,PUNT,4,10:10,SS13,DOWNS,4,05:41,LK10,1
2021_04_LK_SS,LK,SS,Leipzig Kings,Stuttgart Surge,7/11/2021,Stuttgart,Gazi-Stadion,15:00,18:06,Y,03:06,1595,22 c,NO WIND,cloudy,Z.Hamiko,D.Clemence,R.Lewis,A.Nagel,J.Scott,N. Lakowitz,A.Flaisch,SS,2,8,SS28,"H,2,8,H28","20,4,152","RUSH:27,H46, TACK:28","S. Shannon rush for 18 yards to the SS46, 1ST DOWN SS (J. Dietze).","H,1,10,H46",rush,rush,0,24,19,NA,NA,0,20,H,SS,"PUNT,4,10:10,13","DOWNS,4,05:41,90",9,77,4:29,PUNT,4,10:10,SS13,DOWNS,4,05:41,LK10,1
2021_04_LK_SS,LK,SS,Leipzig Kings,Stuttgart Surge,7/11/2021,Stuttgart,Gazi-Stadion,15:00,18:06,Y,03:06,1595,22 c,NO WIND,cloudy,Z.Hamiko,D.Clemence,R.Lewis,A.Nagel,J.Scott,N. Lakowitz,A.Flaisch,SS,1,10,SS46,"H,1,10,H46","20,5,153","PASS:2,C,34,V46 TACK:28",A. Ellis pass complete to S. Kiraz for 8 yards to the LK46 (J. Dietze).,"H,2,2,V46",pass,NA,0,24,19,NA,NA,0,20,H,SS,"PUNT,4,10:10,13","DOWNS,4,05:41,90",9,77,4:29,PUNT,4,10:10,SS13,DOWNS,4,05:41,LK10,1
2021_04_LK_SS,LK,SS,Leipzig Kings,Stuttgart Surge,7/11/2021,Stuttgart,Gazi-Stadion,15:00,18:06,Y,03:06,1595,22 c,NO WIND,cloudy,Z.Hamiko,D.Clemence,R.Lewis,A.Nagel,J.Scott,N. Lakowitz,A.Flaisch,SS,2,2,LK46,"H,2,2,V46","20,6,154","RUSH:41,V28,","B. Yankson rush for 18 yards to the LK28, 1ST DOWN SS.","H,1,10,V28",rush,rush,0,24,19,NA,NA,0,20,H,SS,"PUNT,4,10:10,13","DOWNS,4,05:41,90",9,77,4:29,PUNT,4,10:10,SS13,DOWNS,4,05:41,LK10,1
2021_04_LK_SS,LK,SS,Leipzig Kings,Stuttgart Surge,7/11/2021,Stuttgart,Gazi-Stadion,15:00,18:06,Y,03:06,1595,22 c,NO WIND,cloudy,Z.Hamiko,D.Clemence,R.Lewis,A.Nagel,J.Scott,N. Lakowitz,A.Flaisch,SS,1,10,LK28,"H,1,10,V28","20,7,155","PEN:V,PF,A,7,V14,1","PENALTY LK personal foul (B, Tchiyoko) 14 yards to the LK14, 1ST DOWN SS.","H,1,10,V14",penalty,penalty,0,24,19,NA,NA,0,20,H,SS,"PUNT,4,10:10,13","DOWNS,4,05:41,90",9,77,4:29,PUNT,4,10:10,SS13,DOWNS,4,05:41,LK10,1
2021_04_LK_SS,LK,SS,Leipzig Kings,Stuttgart Surge,7/11/2021,Stuttgart,Gazi-Stadion,15:00,18:06,Y,03:06,1595,22 c,NO WIND,cloudy,Z.Hamiko,D.Clemence,R.Lewis,A.Nagel,J.Scott,N. Lakowitz,A.Flaisch,SS,1,10,LK14,"H,1,10,V14","20,8,156","RUSH:41,V14, TACK:33,45",B. Yankson rush for no gain to the LK14 (P.Meissner;K. Kitchens).,"H,2,10,V14",rush,NA,0,24,19,NA,NA,0,20,H,SS,"PUNT,4,10:10,13","DOWNS,4,05:41,90",9,77,4:29,PUNT,4,10:10,SS13,DOWNS,4,05:41,LK10,1
2021_04_LK_SS,LK,SS,Leipzig Kings,Stuttgart Surge,7/11/2021,Stuttgart,Gazi-Stadion,15:00,18:06,Y,03:06,1595,22 c,NO WIND,cloudy,Z.Hamiko,D.Clemence,R.Lewis,A.Nagel,J.Scott,N. Lakowitz,A.Flaisch,SS,2,10,LK14,"H,2,10,V14","20,9,157","PASS:2,I,14,*",A. Ellis pass incomplete to L. Geyer.,"H,3,10,V14",pass,NA,0,24,19,NA,NA,0,20,H,SS,"PUNT,4,10:10,13","DOWNS,4,05:41,90",9,77,4:29,PUNT,4,10:10,SS13,DOWNS,4,05:41,LK10,1
2021_04_LK_SS,LK,SS,Leipzig Kings,Stuttgart Surge,7/11/2021,Stuttgart,Gazi-Stadion,15:00,18:06,Y,03:06,1595,22 c,NO WIND,cloudy,Z.Hamiko,D.Clemence,R.Lewis,A.Nagel,J.Scott,N. Lakowitz,A.Flaisch,SS,3,10,LK14,"H,3,10,V14","20,10,158","RUSH:41,V10, TACK:40",B. Yankson rush for 4 yards to the LK10 (O. Rohnebak).,"H,4,6,V10",rush,NA,0,24,19,NA,NA,0,20,H,SS,"PUNT,4,10:10,13","DOWNS,4,05:41,90",9,77,4:29,PUNT,4,10:10,SS13,DOWNS,4,05:41,LK10,1
2021_04_LK_SS,LK,SS,Leipzig Kings,Stuttgart Surge,7/11/2021,Stuttgart,Gazi-Stadion,15:00,18:06,Y,03:06,1595,22 c,NO WIND,cloudy,Z.Hamiko,D.Clemence,R.Lewis,A.Nagel,J.Scott,N. Lakowitz,A.Flaisch,SS,4,6,LK10,"H,4,6,V10","20,11,159",TOUT:H T:05:48,"Timeout Stuttgart Surge, clock 05:48.","H,4,6,V10",NA,NA,0,24,19,05:48,NA,0,20,H,SS,"PUNT,4,10:10,13","DOWNS,4,05:41,90",9,77,4:29,PUNT,4,10:10,SS13,DOWNS,4,05:41,LK10,1
2021_04_LK_SS,LK,SS,Leipzig Kings,Stuttgart Surge,7/11/2021,Stuttgart,Gazi-Stadion,15:00,18:06,Y,03:06,1595,22 c,NO WIND,cloudy,Z.Hamiko,D.Clemence,R.Lewis,A.Nagel,J.Scott,N. Lakowitz,A.Flaisch,SS,4,6,LK10,"H,4,6,V10","20,12,160","PASS:2,I,18,*",A. Ellis pass incomplete to P. Steigerwald.,"V,1,10,V10",pass,NA,0,24,19,NA,NA,0,20,H,SS,"PUNT,4,10:10,13","DOWNS,4,05:41,90",9,77,4:29,PUNT,4,10:10,SS13,DOWNS,4,05:41,LK10,1
2021_04_LK_SS,LK,SS,Leipzig Kings,Stuttgart Surge,7/11/2021,Stuttgart,Gazi-Stadion,15:00,18:06,Y,03:06,1595,22 c,NO WIND,cloudy,Z.Hamiko,D.Clemence,R.Lewis,A.Nagel,J.Scott,N. Lakowitz,A.Flaisch,LK,1,10,LK10,"V,1,10,V10","21,1,161",{DRIVE}:05:41,LEIPZIG KINGS drive start at 05:41.,"V,1,10,V10",NA,NA,0,24,19,05:41,NA,0,21,V,LK,"DOWNS,4,05:41,10","PUNT,4,03:19,26",5,16,2:22,DOWNS,4,05:41,LK10,PUNT,4,03:19,LK26,NA
2021_04_LK_SS,LK,SS,Leipzig Kings,Stuttgart Surge,7/11/2021,Stuttgart,Gazi-Stadion,15:00,18:06,Y,03:06,1595,22 c,NO WIND,cloudy,Z.Hamiko,D.Clemence,R.Lewis,A.Nagel,J.Scott,N. Lakowitz,A.Flaisch,LK,1,10,LK10,"V,1,10,V10","21,2,162","RUSH:2,V15, TACK:45,99",J. Aguemon rush for 5 yards to the LK15 (N. Hamulic;S.Vardar).,"V,2,5,V15",rush,NA,0,24,19,NA,NA,0,21,V,LK,"DOWNS,4,05:41,10","PUNT,4,03:19,26",5,16,2:22,DOWNS,4,05:41,LK10,PUNT,4,03:19,LK26,NA
2021_04_LK_SS,LK,SS,Leipzig Kings,Stuttgart Surge,7/11/2021,Stuttgart,Gazi-Stadion,15:00,18:06,Y,03:06,1595,22 c,NO WIND,cloudy,Z.Hamiko,D.Clemence,R.Lewis,A.Nagel,J.Scott,N. Lakowitz,A.Flaisch,LK,2,5,LK15,"V,2,5,V15","21,3,163","PASS:15,C,12,V23 TACK:20","T. van Duijn pass complete to J. Awini for 8 yards to the LK23, 1ST DOWN LK (D. Warren).","V,1,10,V23",pass,pass,0,24,19,NA,NA,0,21,V,LK,"DOWNS,4,05:41,10","PUNT,4,03:19,26",5,16,2:22,DOWNS,4,05:41,LK10,PUNT,4,03:19,LK26,NA
2021_04_LK_SS,LK,SS,Leipzig Kings,Stuttgart Surge,7/11/2021,Stuttgart,Gazi-Stadion,15:00,18:06,Y,03:06,1595,22 c,NO WIND,cloudy,Z.Hamiko,D.Clemence,R.Lewis,A.Nagel,J.Scott,N. Lakowitz,A.Flaisch,LK,1,10,LK23,"V,1,10,V23","21,4,164","PASS:15,I,TM,*",T. van Duijn pass incomplete.,"V,2,10,V23",pass,NA,0,24,19,NA,NA,0,21,V,LK,"DOWNS,4,05:41,10","PUNT,4,03:19,26",5,16,2:22,DOWNS,4,05:41,LK10,PUNT,4,03:19,LK26,NA
2021_04_LK_SS,LK,SS,Leipzig Kings,Stuttgart Surge,7/11/2021,Stuttgart,Gazi-Stadion,15:00,18:06,Y,03:06,1595,22 c,NO WIND,cloudy,Z.Hamiko,D.Clemence,R.Lewis,A.Nagel,J.Scott,N. Lakowitz,A.Flaisch,LK,2,10,LK23,"V,2,10,V23","21,5,165","PASS:15,C,2,V26 TACK:30",T. van Duijn pass complete to J. Aguemon for 3 yards to the LK26 (T. Becker).,"V,3,7,V26",pass,NA,0,24,19,NA,NA,0,21,V,LK,"DOWNS,4,05:41,10","PUNT,4,03:19,26",5,16,2:22,DOWNS,4,05:41,LK10,PUNT,4,03:19,LK26,NA
2021_04_LK_SS,LK,SS,Leipzig Kings,Stuttgart Surge,7/11/2021,Stuttgart,Gazi-Stadion,15:00,18:06,Y,03:06,1595,22 c,NO WIND,cloudy,Z.Hamiko,D.Clemence,R.Lewis,A.Nagel,J.Scott,N. Lakowitz,A.Flaisch,LK,3,7,LK26,"V,3,7,V26","21,6,166","PASS:15,I,12,* BRUP:42",T. van Duijn pass incomplete to J. Awini (B. Zachary).,"V,4,7,V26",pass,NA,0,24,19,NA,NA,0,21,V,LK,"DOWNS,4,05:41,10","PUNT,4,03:19,26",5,16,2:22,DOWNS,4,05:41,LK10,PUNT,4,03:19,LK26,NA
2021_04_LK_SS,LK,SS,Leipzig Kings,Stuttgart Surge,7/11/2021,Stuttgart,Gazi-Stadion,15:00,18:06,Y,03:06,1595,22 c,NO WIND,cloudy,Z.Hamiko,D.Clemence,R.Lewis,A.Nagel,J.Scott,N. Lakowitz,A.Flaisch,LK,4,7,LK26,"V,4,7,V26","21,7,167","PUNT:1,V35 RET:TM,V35","J. Templar punt 9 yards to the LK35, TEAM return 0 yards to the LK35.","H,1,10,V35",punt,NA,0,24,19,NA,NA,0,21,V,LK,"DOWNS,4,05:41,10","PUNT,4,03:19,26",5,16,2:22,DOWNS,4,05:41,LK10,PUNT,4,03:19,LK26,NA
2021_04_LK_SS,LK,SS,Leipzig Kings,Stuttgart Surge,7/11/2021,Stuttgart,Gazi-Stadion,15:00,18:06,Y,03:06,1595,22 c,NO WIND,cloudy,Z.Hamiko,D.Clemence,R.Lewis,A.Nagel,J.Scott,N. Lakowitz,A.Flaisch,SS,1,10,LK35,"H,1,10,V35","22,1,168",{DRIVE}:03:19,STUTTGART SURGE drive start at 03:19.,"H,1,10,V35",NA,NA,0,24,19,03:19,NA,0,22,H,SS,"PUNT,4,03:19,65","TD,4,01:04,100",5,35,2:15,PUNT,4,03:19,LK35,TD,4,01:04,LK00,1
2021_04_LK_SS,LK,SS,Leipzig Kings,Stuttgart Surge,7/11/2021,Stuttgart,Gazi-Stadion,15:00,18:06,Y,03:06,1595,22 c,NO WIND,cloudy,Z.Hamiko,D.Clemence,R.Lewis,A.Nagel,J.Scott,N. Lakowitz,A.Flaisch,SS,1,10,LK35,"H,1,10,V35","22,2,169","PEN:H,OTM,A,TM,V35,N",PENALTY SS OTM 0 yards to the LK35.,"H,1,10,V35",penalty,NA,0,24,19,NA,NA,0,22,H,SS,"PUNT,4,03:19,65","TD,4,01:04,100",5,35,2:15,PUNT,4,03:19,LK35,TD,4,01:04,LK00,1
2021_04_LK_SS,LK,SS,Leipzig Kings,Stuttgart Surge,7/11/2021,Stuttgart,Gazi-Stadion,15:00,18:06,Y,03:06,1595,22 c,NO WIND,cloudy,Z.Hamiko,D.Clemence,R.Lewis,A.Nagel,J.Scott,N. Lakowitz,A.Flaisch,SS,1,10,LK35,"H,1,10,V35","22,3,170","PEN:H,ILM,A,TM,V45,N",PENALTY SS ILM 10 yards to the LK45.,"H,1,20,V45",penalty,NA,0,24,19,NA,NA,0,22,H,SS,"PUNT,4,03:19,65","TD,4,01:04,100",5,35,2:15,PUNT,4,03:19,LK35,TD,4,01:04,LK00,1
2021_04_LK_SS,LK,SS,Leipzig Kings,Stuttgart Surge,7/11/2021,Stuttgart,Gazi-Stadion,15:00,18:06,Y,03:06,1595,22 c,NO WIND,cloudy,Z.Hamiko,D.Clemence,R.Lewis,A.Nagel,J.Scott,N. Lakowitz,A.Flaisch,SS,1,20,LK45,"H,1,20,V45","22,4,171","PASS:2,C,5,V21 TACK:40,28","A. Ellis pass complete to D. Meza for 24 yards to the LK21, 1ST DOWN SS (O. Rohnebak;J. Dietze).","H,1,10,V21",pass,pass,0,24,19,NA,NA,0,22,H,SS,"PUNT,4,03:19,65","TD,4,01:04,100",5,35,2:15,PUNT,4,03:19,LK35,TD,4,01:04,LK00,1
2021_04_LK_SS,LK,SS,Leipzig Kings,Stuttgart Surge,7/11/2021,Stuttgart,Gazi-Stadion,15:00,18:06,Y,03:06,1595,22 c,NO WIND,cloudy,Z.Hamiko,D.Clemence,R.Lewis,A.Nagel,J.Scott,N. Lakowitz,A.Flaisch,SS,1,10,LK21,"H,1,10,V21","22,5,172","RUSH:41,V11, TACK:5,50","B. Yankson rush for 10 yards to the LK11, 1ST DOWN SS (M.Bausch;J.Schultes).","H,1,10,V11",rush,rush,0,24,19,NA,NA,0,22,H,SS,"PUNT,4,03:19,65","TD,4,01:04,100",5,35,2:15,PUNT,4,03:19,LK35,TD,4,01:04,LK00,1
2021_04_LK_SS,LK,SS,Leipzig Kings,Stuttgart Surge,7/11/2021,Stuttgart,Gazi-Stadion,15:00,18:06,Y,03:06,1595,22 c,NO WIND,cloudy,Z.Hamiko,D.Clemence,R.Lewis,A.Nagel,J.Scott,N. Lakowitz,A.Flaisch,SS,1,10,LK11,"H,1,10,V11","22,6,173","RUSH:41,V14, TACK:45",B. Yankson rush for loss of 3 yards to the LK14 (K. Kitchens).,"H,2,13,V14",rush,NA,0,24,19,NA,NA,0,22,H,SS,"PUNT,4,03:19,65","TD,4,01:04,100",5,35,2:15,PUNT,4,03:19,LK35,TD,4,01:04,LK00,1
2021_04_LK_SS,LK,SS,Leipzig Kings,Stuttgart Surge,7/11/2021,Stuttgart,Gazi-Stadion,15:00,18:06,Y,03:06,1595,22 c,NO WIND,cloudy,Z.Hamiko,D.Clemence,R.Lewis,A.Nagel,J.Scott,N. Lakowitz,A.Flaisch,SS,2,13,LK14,"H,2,13,V14","22,7,174","PASS:2,I,TM,*",A. Ellis pass incomplete.,"H,3,13,V14",pass,NA,0,24,19,NA,NA,0,22,H,SS,"PUNT,4,03:19,65","TD,4,01:04,100",5,35,2:15,PUNT,4,03:19,LK35,TD,4,01:04,LK00,1
2021_04_LK_SS,LK,SS,Leipzig Kings,Stuttgart Surge,7/11/2021,Stuttgart,Gazi-Stadion,15:00,18:06,Y,03:06,1595,22 c,NO WIND,cloudy,Z.Hamiko,D.Clemence,R.Lewis,A.Nagel,J.Scott,N. Lakowitz,A.Flaisch,SS,3,13,LK14,"H,3,13,V14","22,8,175","PASS:2,C,5,V00 T:01:04","A. Ellis pass complete to D. Meza for 14 yards to the LK0, 1ST DOWN SS, TOUCHDOWN, clock 01:04.","H,1,10,V15",pass,pass,1,24,25,01:04,NA,0,22,H,SS,"PUNT,4,03:19,65","TD,4,01:04,100",5,35,2:15,PUNT,4,03:19,LK35,TD,4,01:04,LK00,1
2021_04_LK_SS,LK,SS,Leipzig Kings,Stuttgart Surge,7/11/2021,Stuttgart,Gazi-Stadion,15:00,18:06,Y,03:06,1595,22 c,NO WIND,cloudy,Z.Hamiko,D.Clemence,R.Lewis,A.Nagel,J.Scott,N. Lakowitz,A.Flaisch,SS,1,10,LK15,"H,1,10,V15","22,9,176",TOUT:H T:01:04,"Timeout Stuttgart Surge, clock 01:04.","H,1,10,V15",NA,NA,0,24,25,01:04,NA,0,22,H,SS,"PUNT,4,03:19,65","TD,4,01:04,100",5,35,2:15,PUNT,4,03:19,LK35,TD,4,01:04,LK00,1
2021_04_LK_SS,LK,SS,Leipzig Kings,Stuttgart Surge,7/11/2021,Stuttgart,Gazi-Stadion,15:00,18:06,Y,03:06,1595,22 c,NO WIND,cloudy,Z.Hamiko,D.Clemence,R.Lewis,A.Nagel,J.Scott,N. Lakowitz,A.Flaisch,SS,1,10,LK15,"H,1,10,V15","22,10,177","PAT:R,41,G",B. Yankson rush attempt good.,"H,1,0,H35",pat,NA,1,24,27,NA,NA,0,22,H,SS,"PUNT,4,03:19,65","TD,4,01:04,100",5,35,2:15,PUNT,4,03:19,LK35,TD,4,01:04,LK00,1
2021_04_LK_SS,LK,SS,Leipzig Kings,Stuttgart Surge,7/11/2021,Stuttgart,Gazi-Stadion,15:00,18:06,Y,03:06,1595,22 c,NO WIND,cloudy,Z.Hamiko,D.Clemence,R.Lewis,A.Nagel,J.Scott,N. Lakowitz,A.Flaisch,SS,1,0,SS35,"H,1,0,H35","22,11,178","KO:3,V10 OB: SPOT:V,V40,Y","T. Bronn kickoff 55 yards to the LK10, out-of-bounds, LK ball on LK40.","V,1,10,V40",kick_off,NA,0,24,27,NA,NA,1,22,H,SS,"PUNT,4,03:19,65","TD,4,01:04,100",5,35,2:15,PUNT,4,03:19,LK35,TD,4,01:04,LK00,1
2021_04_LK_SS,LK,SS,Leipzig Kings,Stuttgart Surge,7/11/2021,Stuttgart,Gazi-Stadion,15:00,18:06,Y,03:06,1595,22 c,NO WIND,cloudy,Z.Hamiko,D.Clemence,R.Lewis,A.Nagel,J.Scott,N. Lakowitz,A.Flaisch,LK,1,10,LK40,"V,1,10,V40","23,1,179",{DRIVE}:01:04,LEIPZIG KINGS drive start at 01:04.,"V,1,10,V40",NA,NA,0,24,27,01:04,NA,0,23,V,LK,"KO,4,01:04,40","DOWNS,4,00:03,85",9,45,1:01,KO,4,01:04,LK40,DOWNS,4,00:03,SS15,1
2021_04_LK_SS,LK,SS,Leipzig Kings,Stuttgart Surge,7/11/2021,Stuttgart,Gazi-Stadion,15:00,18:06,Y,03:06,1595,22 c,NO WIND,cloudy,Z.Hamiko,D.Clemence,R.Lewis,A.Nagel,J.Scott,N. Lakowitz,A.Flaisch,LK,1,10,LK40,"V,1,10,V40","23,2,180","PASS:15,C,8,H49","T. van Duijn pass complete to A. Jalloh for 11 yards to the SS49, 1ST DOWN LK.","V,1,10,H49",pass,pass,0,24,27,NA,NA,0,23,V,LK,"KO,4,01:04,40","DOWNS,4,00:03,85",9,45,1:01,KO,4,01:04,LK40,DOWNS,4,00:03,SS15,1
2021_04_LK_SS,LK,SS,Leipzig Kings,Stuttgart Surge,7/11/2021,Stuttgart,Gazi-Stadion,15:00,18:06,Y,03:06,1595,22 c,NO WIND,cloudy,Z.Hamiko,D.Clemence,R.Lewis,A.Nagel,J.Scott,N. Lakowitz,A.Flaisch,LK,1,10,SS49,"V,1,10,H49","23,3,181","PEN:V,FST,A,TM,V46,N",PENALTY LK FST 5 yards to the LK46.,"V,1,15,V46",penalty,NA,0,24,27,NA,NA,0,23,V,LK,"KO,4,01:04,40","DOWNS,4,00:03,85",9,45,1:01,KO,4,01:04,LK40,DOWNS,4,00:03,SS15,1
2021_04_LK_SS,LK,SS,Leipzig Kings,Stuttgart Surge,7/11/2021,Stuttgart,Gazi-Stadion,15:00,18:06,Y,03:06,1595,22 c,NO WIND,cloudy,Z.Hamiko,D.Clemence,R.Lewis,A.Nagel,J.Scott,N. Lakowitz,A.Flaisch,LK,1,15,LK46,"V,1,15,V46","23,4,182","PASS:15,C,6,H47 TACK:44",T. van Duijn pass complete to T. Knuettel for 7 yards to the SS47 (J. Mbala).,"V,2,8,H47",pass,NA,0,24,27,NA,NA,0,23,V,LK,"KO,4,01:04,40","DOWNS,4,00:03,85",9,45,1:01,KO,4,01:04,LK40,DOWNS,4,00:03,SS15,1
2021_04_LK_SS,LK,SS,Leipzig Kings,Stuttgart Surge,7/11/2021,Stuttgart,Gazi-Stadion,15:00,18:06,Y,03:06,1595,22 c,NO WIND,cloudy,Z.Hamiko,D.Clemence,R.Lewis,A.Nagel,J.Scott,N. Lakowitz,A.Flaisch,LK,2,8,SS47,"V,2,8,H47","23,5,183","PASS:15,C,12,H38 TACK:30","T. van Duijn pass complete to J. Awini for 9 yards to the SS38, 1ST DOWN LK (T. Becker).","V,1,10,H38",pass,pass,0,24,27,NA,NA,0,23,V,LK,"KO,4,01:04,40","DOWNS,4,00:03,85",9,45,1:01,KO,4,01:04,LK40,DOWNS,4,00:03,SS15,1
2021_04_LK_SS,LK,SS,Leipzig Kings,Stuttgart Surge,7/11/2021,Stuttgart,Gazi-Stadion,15:00,18:06,Y,03:06,1595,22 c,NO WIND,cloudy,Z.Hamiko,D.Clemence,R.Lewis,A.Nagel,J.Scott,N. Lakowitz,A.Flaisch,LK,1,10,SS38,"V,1,10,H38","23,6,184",TOUT:V T:00:42,"Timeout Leipzig Kings, clock 00:42.","V,1,10,H38",NA,NA,0,24,27,00:42,NA,0,23,V,LK,"KO,4,01:04,40","DOWNS,4,00:03,85",9,45,1:01,KO,4,01:04,LK40,DOWNS,4,00:03,SS15,1
2021_04_LK_SS,LK,SS,Leipzig Kings,Stuttgart Surge,7/11/2021,Stuttgart,Gazi-Stadion,15:00,18:06,Y,03:06,1595,22 c,NO WIND,cloudy,Z.Hamiko,D.Clemence,R.Lewis,A.Nagel,J.Scott,N. Lakowitz,A.Flaisch,LK,1,10,SS38,"V,1,10,H38","23,7,185","PASS:15,I,6,* BRUP:32",T. van Duijn pass incomplete to T. Knuettel (J. Ludwig-M.).,"V,2,10,H38",pass,NA,0,24,27,NA,NA,0,23,V,LK,"KO,4,01:04,40","DOWNS,4,00:03,85",9,45,1:01,KO,4,01:04,LK40,DOWNS,4,00:03,SS15,1
2021_04_LK_SS,LK,SS,Leipzig Kings,Stuttgart Surge,7/11/2021,Stuttgart,Gazi-Stadion,15:00,18:06,Y,03:06,1595,22 c,NO WIND,cloudy,Z.Hamiko,D.Clemence,R.Lewis,A.Nagel,J.Scott,N. Lakowitz,A.Flaisch,LK,2,10,SS38,"V,2,10,H38","23,8,186","PASS:15,C,2,H24 TACK:44","T. van Duijn pass complete to J. Aguemon for 14 yards to the SS24, 1ST DOWN LK (J. Mbala).","V,1,10,H24",pass,pass,0,24,27,NA,NA,0,23,V,LK,"KO,4,01:04,40","DOWNS,4,00:03,85",9,45,1:01,KO,4,01:04,LK40,DOWNS,4,00:03,SS15,1
2021_04_LK_SS,LK,SS,Leipzig Kings,Stuttgart Surge,7/11/2021,Stuttgart,Gazi-Stadion,15:00,18:06,Y,03:06,1595,22 c,NO WIND,cloudy,Z.Hamiko,D.Clemence,R.Lewis,A.Nagel,J.Scott,N. Lakowitz,A.Flaisch,LK,1,10,SS24,"V,1,10,H24","23,9,187",TOUT:V T:00:28,"Timeout Leipzig Kings, clock 00:28.","V,1,10,H24",NA,NA,0,24,27,00:28,NA,0,23,V,LK,"KO,4,01:04,40","DOWNS,4,00:03,85",9,45,1:01,KO,4,01:04,LK40,DOWNS,4,00:03,SS15,1
2021_04_LK_SS,LK,SS,Leipzig Kings,Stuttgart Surge,7/11/2021,Stuttgart,Gazi-Stadion,15:00,18:06,Y,03:06,1595,22 c,NO WIND,cloudy,Z.Hamiko,D.Clemence,R.Lewis,A.Nagel,J.Scott,N. Lakowitz,A.Flaisch,LK,1,10,SS24,"V,1,10,H24","23,10,188","PASS:15,C,8,H22",T. van Duijn pass complete to A. Jalloh for 2 yards to the SS22.,"V,2,8,H22",pass,NA,0,24,27,NA,NA,0,23,V,LK,"KO,4,01:04,40","DOWNS,4,00:03,85",9,45,1:01,KO,4,01:04,LK40,DOWNS,4,00:03,SS15,1
2021_04_LK_SS,LK,SS,Leipzig Kings,Stuttgart Surge,7/11/2021,Stuttgart,Gazi-Stadion,15:00,18:06,Y,03:06,1595,22 c,NO WIND,cloudy,Z.Hamiko,D.Clemence,R.Lewis,A.Nagel,J.Scott,N. Lakowitz,A.Flaisch,LK,2,8,SS22,"V,2,8,H22","23,11,189","PASS:15,C,8,H15 OB:","T. van Duijn pass complete to A. Jalloh for 7 yards to the SS15, out-of-bounds.","V,3,1,H15",pass,NA,0,24,27,NA,NA,1,23,V,LK,"KO,4,01:04,40","DOWNS,4,00:03,85",9,45,1:01,KO,4,01:04,LK40,DOWNS,4,00:03,SS15,1
2021_04_LK_SS,LK,SS,Leipzig Kings,Stuttgart Surge,7/11/2021,Stuttgart,Gazi-Stadion,15:00,18:06,Y,03:06,1595,22 c,NO WIND,cloudy,Z.Hamiko,D.Clemence,R.Lewis,A.Nagel,J.Scott,N. Lakowitz,A.Flaisch,LK,3,1,SS15,"V,3,1,H15","23,12,190",TOUT:V T:00:12,"Timeout Leipzig Kings, clock 00:12.","V,3,1,H15",NA,NA,0,24,27,00:12,NA,0,23,V,LK,"KO,4,01:04,40","DOWNS,4,00:03,85",9,45,1:01,KO,4,01:04,LK40,DOWNS,4,00:03,SS15,1
2021_04_LK_SS,LK,SS,Leipzig Kings,Stuttgart Surge,7/11/2021,Stuttgart,Gazi-Stadion,15:00,18:06,Y,03:06,1595,22 c,NO WIND,cloudy,Z.Hamiko,D.Clemence,R.Lewis,A.Nagel,J.Scott,N. Lakowitz,A.Flaisch,LK,3,1,SS15,"V,3,1,H15","23,13,191","PASS:15,I,6,*",T. van Duijn pass incomplete to T. Knuettel.,"V,4,1,H15",pass,NA,0,24,27,NA,NA,0,23,V,LK,"KO,4,01:04,40","DOWNS,4,00:03,85",9,45,1:01,KO,4,01:04,LK40,DOWNS,4,00:03,SS15,1
2021_04_LK_SS,LK,SS,Leipzig Kings,Stuttgart Surge,7/11/2021,Stuttgart,Gazi-Stadion,15:00,18:06,Y,03:06,1595,22 c,NO WIND,cloudy,Z.Hamiko,D.Clemence,R.Lewis,A.Nagel,J.Scott,N. Lakowitz,A.Flaisch,LK,4,1,SS15,"V,4,1,H15","23,14,192","PASS:15,I,8,*",T. van Duijn pass incomplete to A. Jalloh.,"H,1,10,H15",pass,NA,0,24,27,NA,NA,0,23,V,LK,"KO,4,01:04,40","DOWNS,4,00:03,85",9,45,1:01,KO,4,01:04,LK40,DOWNS,4,00:03,SS15,1
2021_04_LK_SS,LK,SS,Leipzig Kings,Stuttgart Surge,7/11/2021,Stuttgart,Gazi-Stadion,15:00,18:06,Y,03:06,1595,22 c,NO WIND,cloudy,Z.Hamiko,D.Clemence,R.Lewis,A.Nagel,J.Scott,N. Lakowitz,A.Flaisch,SS,1,10,SS15,"H,1,10,H15","24,1,193",{DRIVE}:00:03,STUTTGART SURGE drive start at 00:03.,"H,1,10,H15",NA,NA,0,24,27,00:03,NA,0,24,H,SS,"DOWNS,4,00:03,15","HALF,4,00:00,14",1,-1,0:03,DOWNS,4,00:03,SS15,HALF,4,00:00,SS14,NA
2021_04_LK_SS,LK,SS,Leipzig Kings,Stuttgart Surge,7/11/2021,Stuttgart,Gazi-Stadion,15:00,18:06,Y,03:06,1595,22 c,NO WIND,cloudy,Z.Hamiko,D.Clemence,R.Lewis,A.Nagel,J.Scott,N. Lakowitz,A.Flaisch,SS,1,10,SS15,"H,1,10,H15","24,2,194","RUSH:2,H14,",A. Ellis rush for loss of 1 yard to the SS14.,"H,2,11,H14",rush,NA,0,24,27,NA,NA,0,24,H,SS,"DOWNS,4,00:03,15","HALF,4,00:00,14",1,-1,0:03,DOWNS,4,00:03,SS15,HALF,4,00:00,SS14,NA
2021_04_LK_SS,LK,SS,Leipzig Kings,Stuttgart Surge,7/11/2021,Stuttgart,Gazi-Stadion,15:00,18:06,Y,03:06,1595,22 c,NO WIND,cloudy,Z.Hamiko,D.Clemence,R.Lewis,A.Nagel,J.Scott,N. Lakowitz,A.Flaisch,SS,2,11,SS14,"H,2,11,H14","24,3,195",HALF: T:00:00,"End of game, clock 00:00.","H,2,11,H14",NA,NA,0,24,27,00:00,NA,0,24,H,SS,"DOWNS,4,00:03,15","HALF,4,00:00,14",1,-1,0:03,DOWNS,4,00:03,SS15,HALF,4,00:00,SS14,NA
