game_id,away_team_id,home_team_id,away_team,home_team,date,location,stadium,start,end,leaguegame,duration,attend,temp,wind,weather,ref,ump,line,lj,bj,fj,sj,posteam,down,togo,spot,context,play_id,tokens,desc,newcontext,play_type,clock,first_down_with,score,away_score_post,home_score_post,oob,turnover,drive_number,drive_vh,drive_team,drive_start,drive_end,drive_plays,drive_yards,drive_top,drive_start_how,drive_start_qtr,drive_start_time,drive_start_spot,drive_end_how,drive_end_qtr,drive_end_time,drive_end_spot,drive_rz
2021_12_BT_SS,BT,SS,Berlin Thunder,Stuttgart Surge,9/5/2021,Stuttgart,Gazi-Stadion,15:00,17:50,Y,02:50,1500,24 C,no wind,sunny,A. Nagel,I. Summer,R. Lewis,S. Richardson,J. Scott,N. Lakowitz,A. Flaisch-J.,BT,1,10,BT35,"V,1,10,V35","0,1,0","CMT:BT wins toss, defers, SS elects to receive, BT to defend E goal","BT wins toss, defers, SS elects to receive, BT to defend E goal","V,1,10,V35",NA,NA,NA,0,0,0,0,NA,0,NA,NA,NA,NA,NA,NA,NA,NA,NA,NA,NA,NA,NA,NA,NA,NA
2021_12_BT_SS,BT,SS,Berlin Thunder,Stuttgart Surge,9/5/2021,Stuttgart,Gazi-Stadion,15:00,17:50,Y,02:50,1500,24 C,no wind,sunny,A. Nagel,I. Summer,R. Lewis,S. Richardson,J. Scott,N. Lakowitz,A. Flaisch-J.,BT,1,10,BT35,"V,1,10,V35","0,2,1","SPOT:V,V35,N",BT ball on BT35.,"V,1,10,V35",NA,NA,NA,0,0,0,0,NA,0,NA,NA,NA,NA,NA,NA,NA,NA,NA,NA,NA,NA,NA,NA,NA,NA
2021_12_BT_SS,BT,SS,Berlin Thunder,Stuttgart Surge,9/5/2021,Stuttgart,Gazi-Stadion,15:00,17:50,Y,02:50,1500,24 C,no wind,sunny,A. Nagel,I. Summer,R. Lewis,S. Richardson,J. Scott,N. Lakowitz,A. Flaisch-J.,BT,1,10,BT35,"V,1,10,V35","0,3,2","KO:26,H11 RET:4,H29 TACK:13,44","J. Schenderlein kickoff 54 yards to the SS11, A. Eitel return 18 yards to the SS29 (A. Dickmeis;M. Steffen).","H,1,10,H29",kick_off,NA,NA,0,0,0,0,NA,0,NA,NA,NA,NA,NA,NA,NA,NA,NA,NA,NA,NA,NA,NA,NA,NA
2021_12_BT_SS,BT,SS,Berlin Thunder,Stuttgart Surge,9/5/2021,Stuttgart,Gazi-Stadion,15:00,17:50,Y,02:50,1500,24 C,no wind,sunny,A. Nagel,I. Summer,R. Lewis,S. Richardson,J. Scott,N. Lakowitz,A. Flaisch-J.,SS,1,10,SS29,"H,1,10,H29","1,1,3","RUSH:41,H31, TACK:92",B. Yankson rush for 2 yards to the SS31 (T. Hiller).,"H,2,8,H31",rush,NA,NA,0,0,0,0,NA,1,H,SS,"KO,1,15:00,29","PUNT,1,13:33,32",3,3,1:27,KO,1,15:00,SS29,PUNT,1,13:33,SS32,NA
2021_12_BT_SS,BT,SS,Berlin Thunder,Stuttgart Surge,9/5/2021,Stuttgart,Gazi-Stadion,15:00,17:50,Y,02:50,1500,24 C,no wind,sunny,A. Nagel,I. Summer,R. Lewis,S. Richardson,J. Scott,N. Lakowitz,A. Flaisch-J.,SS,2,8,SS31,"H,2,8,H31","1,2,4","RUSH:41,H32, TACK:91",B. Yankson rush for 1 yard to the SS32 (A. Odeleye).,"H,3,7,H32",rush,NA,NA,0,0,0,0,NA,1,H,SS,"KO,1,15:00,29","PUNT,1,13:33,32",3,3,1:27,KO,1,15:00,SS29,PUNT,1,13:33,SS32,NA
2021_12_BT_SS,BT,SS,Berlin Thunder,Stuttgart Surge,9/5/2021,Stuttgart,Gazi-Stadion,15:00,17:50,Y,02:50,1500,24 C,no wind,sunny,A. Nagel,I. Summer,R. Lewis,S. Richardson,J. Scott,N. Lakowitz,A. Flaisch-J.,SS,3,7,SS32,"H,3,7,H32","1,3,5","PASS:16,I,85,* BRUP:3",M. Winterlik pass incomplete to P. Weiblen (A. Gehrt).,"H,4,7,H32",pass,NA,NA,0,0,0,0,NA,1,H,SS,"KO,1,15:00,29","PUNT,1,13:33,32",3,3,1:27,KO,1,15:00,SS29,PUNT,1,13:33,SS32,NA
2021_12_BT_SS,BT,SS,Berlin Thunder,Stuttgart Surge,9/5/2021,Stuttgart,Gazi-Stadion,15:00,17:50,Y,02:50,1500,24 C,no wind,sunny,A. Nagel,I. Summer,R. Lewis,S. Richardson,J. Scott,N. Lakowitz,A. Flaisch-J.,SS,4,7,SS32,"H,4,7,H32","1,4,6","PUNT:9,H23,B,V,H12,24 BLOCK:8 TACK:85","S. Mueller punt BLOCKED, recovered by BT M. De Falcis at SS12 (blocked by P. Seifert) (P. Weiblen).","V,1,10,H12",punt,NA,NA,0,0,0,0,NA,1,H,SS,"KO,1,15:00,29","PUNT,1,13:33,32",3,3,1:27,KO,1,15:00,SS29,PUNT,1,13:33,SS32,NA
2021_12_BT_SS,BT,SS,Berlin Thunder,Stuttgart Surge,9/5/2021,Stuttgart,Gazi-Stadion,15:00,17:50,Y,02:50,1500,24 C,no wind,sunny,A. Nagel,I. Summer,R. Lewis,S. Richardson,J. Scott,N. Lakowitz,A. Flaisch-J.,BT,1,10,SS12,"V,1,10,H12","2,1,7",{DRIVE}:13:33,BERLIN THUNDER drive start at 13:33.,"V,1,10,H12",NA,13:33,NA,0,0,0,0,NA,2,V,BT,"PUNT,1,13:33,88","TD,1,12:51,100",2,12,0:42,PUNT,1,13:33,SS12,TD,1,12:51,SS00,1
2021_12_BT_SS,BT,SS,Berlin Thunder,Stuttgart Surge,9/5/2021,Stuttgart,Gazi-Stadion,15:00,17:50,Y,02:50,1500,24 C,no wind,sunny,A. Nagel,I. Summer,R. Lewis,S. Richardson,J. Scott,N. Lakowitz,A. Flaisch-J.,BT,1,10,SS12,"V,1,10,H12","2,2,8","RUSH:47,H04, TACK:30,32",Y. Landfried rush for 8 yards to the SS4 (T. Becker;J. Ludwig-M.).,"V,2,2,H04",rush,NA,NA,0,0,0,0,NA,2,V,BT,"PUNT,1,13:33,88","TD,1,12:51,100",2,12,0:42,PUNT,1,13:33,SS12,TD,1,12:51,SS00,1
2021_12_BT_SS,BT,SS,Berlin Thunder,Stuttgart Surge,9/5/2021,Stuttgart,Gazi-Stadion,15:00,17:50,Y,02:50,1500,24 C,no wind,sunny,A. Nagel,I. Summer,R. Lewis,S. Richardson,J. Scott,N. Lakowitz,A. Flaisch-J.,BT,2,2,SS04,"V,2,2,H04","2,3,9","RUSH:47,H00, T:12:51","Y. Landfried rush for 4 yards to the SS0, 1ST DOWN BT, TOUCHDOWN, clock 12:51.","V,1,10,H15",rush,12:51,rush,1,6,0,0,NA,2,V,BT,"PUNT,1,13:33,88","TD,1,12:51,100",2,12,0:42,PUNT,1,13:33,SS12,TD,1,12:51,SS00,1
2021_12_BT_SS,BT,SS,Berlin Thunder,Stuttgart Surge,9/5/2021,Stuttgart,Gazi-Stadion,15:00,17:50,Y,02:50,1500,24 C,no wind,sunny,A. Nagel,I. Summer,R. Lewis,S. Richardson,J. Scott,N. Lakowitz,A. Flaisch-J.,BT,1,10,SS15,"V,1,10,H15","2,4,10","PAT:K,26,G",J. Schenderlein kick attempt good.,"V,1,0,V35",pat,NA,NA,1,7,0,0,NA,2,V,BT,"PUNT,1,13:33,88","TD,1,12:51,100",2,12,0:42,PUNT,1,13:33,SS12,TD,1,12:51,SS00,1
2021_12_BT_SS,BT,SS,Berlin Thunder,Stuttgart Surge,9/5/2021,Stuttgart,Gazi-Stadion,15:00,17:50,Y,02:50,1500,24 C,no wind,sunny,A. Nagel,I. Summer,R. Lewis,S. Richardson,J. Scott,N. Lakowitz,A. Flaisch-J.,BT,1,0,BT35,"V,1,0,V35","2,5,11","KO:26,H24 RET:88,H44 TACK:52","J. Schenderlein kickoff 41 yards to the SS24, M. Pludra return 20 yards to the SS44 (W. Nasri).","H,1,10,H44",kick_off,NA,NA,0,7,0,0,NA,2,V,BT,"PUNT,1,13:33,88","TD,1,12:51,100",2,12,0:42,PUNT,1,13:33,SS12,TD,1,12:51,SS00,1
2021_12_BT_SS,BT,SS,Berlin Thunder,Stuttgart Surge,9/5/2021,Stuttgart,Gazi-Stadion,15:00,17:50,Y,02:50,1500,24 C,no wind,sunny,A. Nagel,I. Summer,R. Lewis,S. Richardson,J. Scott,N. Lakowitz,A. Flaisch-J.,SS,1,10,SS44,"H,1,10,H44","3,1,12",{DRIVE}:12:46,STUTTGART SURGE drive start at 12:46.,"H,1,10,H44",NA,12:46,NA,0,7,0,0,NA,3,H,SS,"KO,1,12:46,44","PUNT,1,10:45,47",3,3,2:01,KO,1,12:46,SS44,PUNT,1,10:45,SS47,NA
2021_12_BT_SS,BT,SS,Berlin Thunder,Stuttgart Surge,9/5/2021,Stuttgart,Gazi-Stadion,15:00,17:50,Y,02:50,1500,24 C,no wind,sunny,A. Nagel,I. Summer,R. Lewis,S. Richardson,J. Scott,N. Lakowitz,A. Flaisch-J.,SS,1,10,SS44,"H,1,10,H44","3,2,13","RUSH:41,H47, TACK:52,8",B. Yankson rush for 3 yards to the SS47 (W. Nasri;P. Seifert).,"H,2,7,H47",rush,NA,NA,0,7,0,0,NA,3,H,SS,"KO,1,12:46,44","PUNT,1,10:45,47",3,3,2:01,KO,1,12:46,SS44,PUNT,1,10:45,SS47,NA
2021_12_BT_SS,BT,SS,Berlin Thunder,Stuttgart Surge,9/5/2021,Stuttgart,Gazi-Stadion,15:00,17:50,Y,02:50,1500,24 C,no wind,sunny,A. Nagel,I. Summer,R. Lewis,S. Richardson,J. Scott,N. Lakowitz,A. Flaisch-J.,SS,2,7,SS47,"H,2,7,H47","3,3,14","PASS:16,S,TM,H42 SACK:91",M. Winterlik sacked for loss of 5 yards to the SS42 (A. Odeleye).,"H,3,12,H42",pass,NA,NA,0,7,0,0,NA,3,H,SS,"KO,1,12:46,44","PUNT,1,10:45,47",3,3,2:01,KO,1,12:46,SS44,PUNT,1,10:45,SS47,NA
2021_12_BT_SS,BT,SS,Berlin Thunder,Stuttgart Surge,9/5/2021,Stuttgart,Gazi-Stadion,15:00,17:50,Y,02:50,1500,24 C,no wind,sunny,A. Nagel,I. Summer,R. Lewis,S. Richardson,J. Scott,N. Lakowitz,A. Flaisch-J.,SS,3,12,SS42,"H,3,12,H42","3,4,15","PASS:16,C,5,H47 TACK:8",M. Winterlik pass complete to D. Meza for 5 yards to the SS47 (P. Seifert).,"H,4,7,H47",pass,NA,NA,0,7,0,0,NA,3,H,SS,"KO,1,12:46,44","PUNT,1,10:45,47",3,3,2:01,KO,1,12:46,SS44,PUNT,1,10:45,SS47,NA
2021_12_BT_SS,BT,SS,Berlin Thunder,Stuttgart Surge,9/5/2021,Stuttgart,Gazi-Stadion,15:00,17:50,Y,02:50,1500,24 C,no wind,sunny,A. Nagel,I. Summer,R. Lewis,S. Richardson,J. Scott,N. Lakowitz,A. Flaisch-J.,SS,4,7,SS47,"H,4,7,H47","3,5,16","PUNT:9,V00 TB:","S. Mueller punt 53 yards to the BT0, touchback.","V,1,10,V25",punt,NA,NA,0,7,0,0,NA,3,H,SS,"KO,1,12:46,44","PUNT,1,10:45,47",3,3,2:01,KO,1,12:46,SS44,PUNT,1,10:45,SS47,NA
2021_12_BT_SS,BT,SS,Berlin Thunder,Stuttgart Surge,9/5/2021,Stuttgart,Gazi-Stadion,15:00,17:50,Y,02:50,1500,24 C,no wind,sunny,A. Nagel,I. Summer,R. Lewis,S. Richardson,J. Scott,N. Lakowitz,A. Flaisch-J.,BT,1,10,BT25,"V,1,10,V25","4,1,17",{DRIVE}:10:45,BERLIN THUNDER drive start at 10:45.,"V,1,10,V25",NA,10:45,NA,0,7,0,0,NA,4,V,BT,"PUNT,1,10:45,25","FGA,1,07:49,69",6,44,2:56,PUNT,1,10:45,BT25,FGA,1,07:49,SS31,NA
2021_12_BT_SS,BT,SS,Berlin Thunder,Stuttgart Surge,9/5/2021,Stuttgart,Gazi-Stadion,15:00,17:50,Y,02:50,1500,24 C,no wind,sunny,A. Nagel,I. Summer,R. Lewis,S. Richardson,J. Scott,N. Lakowitz,A. Flaisch-J.,BT,1,10,BT25,"V,1,10,V25","4,2,18","PASS:6,C,7,V37 TACK:32","C. Stitt pass complete to S. Jones for 12 yards to the BT37, 1ST DOWN BT (J. Ludwig-M.).","V,1,10,V37",pass,NA,pass,0,7,0,0,NA,4,V,BT,"PUNT,1,10:45,25","FGA,1,07:49,69",6,44,2:56,PUNT,1,10:45,BT25,FGA,1,07:49,SS31,NA
2021_12_BT_SS,BT,SS,Berlin Thunder,Stuttgart Surge,9/5/2021,Stuttgart,Gazi-Stadion,15:00,17:50,Y,02:50,1500,24 C,no wind,sunny,A. Nagel,I. Summer,R. Lewis,S. Richardson,J. Scott,N. Lakowitz,A. Flaisch-J.,BT,1,10,BT37,"V,1,10,V37","4,3,19","PASS:6,C,7,H39 TACK:32,11","C. Stitt pass complete to S. Jones for 24 yards to the SS39, 1ST DOWN BT (J. Ludwig-M.;R. Lakalaka).","V,1,10,H39",pass,NA,pass,0,7,0,0,NA,4,V,BT,"PUNT,1,10:45,25","FGA,1,07:49,69",6,44,2:56,PUNT,1,10:45,BT25,FGA,1,07:49,SS31,NA
2021_12_BT_SS,BT,SS,Berlin Thunder,Stuttgart Surge,9/5/2021,Stuttgart,Gazi-Stadion,15:00,17:50,Y,02:50,1500,24 C,no wind,sunny,A. Nagel,I. Summer,R. Lewis,S. Richardson,J. Scott,N. Lakowitz,A. Flaisch-J.,BT,1,10,SS39,"V,1,10,H39","4,4,20","RUSH:1,H31, TACK:31,42",J. Crawford rush for 8 yards to the SS31 (N. Wenzelburger;Z. Blair).,"V,2,2,H31",rush,NA,NA,0,7,0,0,NA,4,V,BT,"PUNT,1,10:45,25","FGA,1,07:49,69",6,44,2:56,PUNT,1,10:45,BT25,FGA,1,07:49,SS31,NA
2021_12_BT_SS,BT,SS,Berlin Thunder,Stuttgart Surge,9/5/2021,Stuttgart,Gazi-Stadion,15:00,17:50,Y,02:50,1500,24 C,no wind,sunny,A. Nagel,I. Summer,R. Lewis,S. Richardson,J. Scott,N. Lakowitz,A. Flaisch-J.,BT,2,2,SS31,"V,2,2,H31","4,5,21","PASS:6,I,88,*",C. Stitt pass incomplete to T. Ndongo.,"V,3,2,H31",pass,NA,NA,0,7,0,0,NA,4,V,BT,"PUNT,1,10:45,25","FGA,1,07:49,69",6,44,2:56,PUNT,1,10:45,BT25,FGA,1,07:49,SS31,NA
2021_12_BT_SS,BT,SS,Berlin Thunder,Stuttgart Surge,9/5/2021,Stuttgart,Gazi-Stadion,15:00,17:50,Y,02:50,1500,24 C,no wind,sunny,A. Nagel,I. Summer,R. Lewis,S. Richardson,J. Scott,N. Lakowitz,A. Flaisch-J.,BT,3,2,SS31,"V,3,2,H31","4,6,22","RUSH:1,H31, TACK:97,30",J. Crawford rush for no gain to the SS31 (P. Ungericht;T. Becker).,"V,4,2,H31",rush,NA,NA,0,7,0,0,NA,4,V,BT,"PUNT,1,10:45,25","FGA,1,07:49,69",6,44,2:56,PUNT,1,10:45,BT25,FGA,1,07:49,SS31,NA
2021_12_BT_SS,BT,SS,Berlin Thunder,Stuttgart Surge,9/5/2021,Stuttgart,Gazi-Stadion,15:00,17:50,Y,02:50,1500,24 C,no wind,sunny,A. Nagel,I. Summer,R. Lewis,S. Richardson,J. Scott,N. Lakowitz,A. Flaisch-J.,BT,4,2,SS31,"V,4,2,H31","4,7,23",TOUT:V T:07:54,"Timeout Berlin Thunder, clock 07:54.","V,4,2,H31",NA,07:54,NA,0,7,0,0,NA,4,V,BT,"PUNT,1,10:45,25","FGA,1,07:49,69",6,44,2:56,PUNT,1,10:45,BT25,FGA,1,07:49,SS31,NA
2021_12_BT_SS,BT,SS,Berlin Thunder,Stuttgart Surge,9/5/2021,Stuttgart,Gazi-Stadion,15:00,17:50,Y,02:50,1500,24 C,no wind,sunny,A. Nagel,I. Summer,R. Lewis,S. Richardson,J. Scott,N. Lakowitz,A. Flaisch-J.,BT,4,2,SS31,"V,4,2,H31","4,8,24","FGA:26,47,M,H37,R T:07:49","J. Schenderlein field goal attempt from 47 MISSED - wide right, spot at SS37, clock 07:49.","H,1,10,H37",field_goal,07:49,NA,0,7,0,0,NA,4,V,BT,"PUNT,1,10:45,25","FGA,1,07:49,69",6,44,2:56,PUNT,1,10:45,BT25,FGA,1,07:49,SS31,NA
2021_12_BT_SS,BT,SS,Berlin Thunder,Stuttgart Surge,9/5/2021,Stuttgart,Gazi-Stadion,15:00,17:50,Y,02:50,1500,24 C,no wind,sunny,A. Nagel,I. Summer,R. Lewis,S. Richardson,J. Scott,N. Lakowitz,A. Flaisch-J.,SS,1,10,SS37,"H,1,10,H37","5,1,25",{DRIVE}:07:49,STUTTGART SURGE drive start at 07:49.,"H,1,10,H37",NA,07:49,NA,0,7,0,0,NA,5,H,SS,"FGA,1,07:49,37","DOWNS,1,02:52,62",8,25,4:57,FGA,1,07:49,SS37,DOWNS,1,02:52,BT38,NA
2021_12_BT_SS,BT,SS,Berlin Thunder,Stuttgart Surge,9/5/2021,Stuttgart,Gazi-Stadion,15:00,17:50,Y,02:50,1500,24 C,no wind,sunny,A. Nagel,I. Summer,R. Lewis,S. Richardson,J. Scott,N. Lakowitz,A. Flaisch-J.,SS,1,10,SS37,"H,1,10,H37","5,2,26","PASS:16,C,14,H48 TACK:52,92","M. Winterlik pass complete to L. Geyer for 11 yards to the SS48, 1ST DOWN SS (W. Nasri;T. Hiller).","H,1,10,H48",pass,NA,pass,0,7,0,0,NA,5,H,SS,"FGA,1,07:49,37","DOWNS,1,02:52,62",8,25,4:57,FGA,1,07:49,SS37,DOWNS,1,02:52,BT38,NA
2021_12_BT_SS,BT,SS,Berlin Thunder,Stuttgart Surge,9/5/2021,Stuttgart,Gazi-Stadion,15:00,17:50,Y,02:50,1500,24 C,no wind,sunny,A. Nagel,I. Summer,R. Lewis,S. Richardson,J. Scott,N. Lakowitz,A. Flaisch-J.,SS,1,10,SS48,"H,1,10,H48","5,3,27","RUSH:41,H48, TACK:8,52",B. Yankson rush for no gain to the SS48 (P. Seifert;W. Nasri).,"H,2,10,H48",rush,NA,NA,0,7,0,0,NA,5,H,SS,"FGA,1,07:49,37","DOWNS,1,02:52,62",8,25,4:57,FGA,1,07:49,SS37,DOWNS,1,02:52,BT38,NA
2021_12_BT_SS,BT,SS,Berlin Thunder,Stuttgart Surge,9/5/2021,Stuttgart,Gazi-Stadion,15:00,17:50,Y,02:50,1500,24 C,no wind,sunny,A. Nagel,I. Summer,R. Lewis,S. Richardson,J. Scott,N. Lakowitz,A. Flaisch-J.,SS,2,10,SS48,"H,2,10,H48","5,4,28","PASS:16,C,14,V48 TACK:42",M. Winterlik pass complete to L. Geyer for 4 yards to the BT48 (P. Fischer).,"H,3,6,V48",pass,NA,NA,0,7,0,0,NA,5,H,SS,"FGA,1,07:49,37","DOWNS,1,02:52,62",8,25,4:57,FGA,1,07:49,SS37,DOWNS,1,02:52,BT38,NA
2021_12_BT_SS,BT,SS,Berlin Thunder,Stuttgart Surge,9/5/2021,Stuttgart,Gazi-Stadion,15:00,17:50,Y,02:50,1500,24 C,no wind,sunny,A. Nagel,I. Summer,R. Lewis,S. Richardson,J. Scott,N. Lakowitz,A. Flaisch-J.,SS,3,6,BT48,"H,3,6,V48","5,5,29","PASS:16,C,18,V39 TACK:45,15","M. Winterlik pass complete to P. Steigerwald for 9 yards to the BT39, 1ST DOWN SS (K. Hill;M. Thiele).","H,1,10,V39",pass,NA,pass,0,7,0,0,NA,5,H,SS,"FGA,1,07:49,37","DOWNS,1,02:52,62",8,25,4:57,FGA,1,07:49,SS37,DOWNS,1,02:52,BT38,NA
2021_12_BT_SS,BT,SS,Berlin Thunder,Stuttgart Surge,9/5/2021,Stuttgart,Gazi-Stadion,15:00,17:50,Y,02:50,1500,24 C,no wind,sunny,A. Nagel,I. Summer,R. Lewis,S. Richardson,J. Scott,N. Lakowitz,A. Flaisch-J.,SS,1,10,BT39,"H,1,10,V39","5,6,30","RUSH:16,V38, TACK:8,92",M. Winterlik rush for 1 yard to the BT38 (P. Seifert;T. Hiller).,"H,2,9,V38",rush,NA,NA,0,7,0,0,NA,5,H,SS,"FGA,1,07:49,37","DOWNS,1,02:52,62",8,25,4:57,FGA,1,07:49,SS37,DOWNS,1,02:52,BT38,NA
2021_12_BT_SS,BT,SS,Berlin Thunder,Stuttgart Surge,9/5/2021,Stuttgart,Gazi-Stadion,15:00,17:50,Y,02:50,1500,24 C,no wind,sunny,A. Nagel,I. Summer,R. Lewis,S. Richardson,J. Scott,N. Lakowitz,A. Flaisch-J.,SS,2,9,BT38,"H,2,9,V38","5,7,31","RUSH:27,V00, T:04:18 PEN:H,BAT,A,5,V48,N NOPLAY:","S. Shannon rush for 38 yards to the BT0, clock 04:18, PENALTY SS BAT (D. Meza) 10 yards to the BT48, NO PLAY.","H,2,19,V48",penalty,04:18,NA,0,7,0,0,NA,5,H,SS,"FGA,1,07:49,37","DOWNS,1,02:52,62",8,25,4:57,FGA,1,07:49,SS37,DOWNS,1,02:52,BT38,NA
2021_12_BT_SS,BT,SS,Berlin Thunder,Stuttgart Surge,9/5/2021,Stuttgart,Gazi-Stadion,15:00,17:50,Y,02:50,1500,24 C,no wind,sunny,A. Nagel,I. Summer,R. Lewis,S. Richardson,J. Scott,N. Lakowitz,A. Flaisch-J.,SS,2,19,BT48,"H,2,19,V48","5,8,32","PASS:16,C,14,V42",M. Winterlik pass complete to L. Geyer for 6 yards to the BT42.,"H,3,13,V42",pass,NA,NA,0,7,0,0,NA,5,H,SS,"FGA,1,07:49,37","DOWNS,1,02:52,62",8,25,4:57,FGA,1,07:49,SS37,DOWNS,1,02:52,BT38,NA
2021_12_BT_SS,BT,SS,Berlin Thunder,Stuttgart Surge,9/5/2021,Stuttgart,Gazi-Stadion,15:00,17:50,Y,02:50,1500,24 C,no wind,sunny,A. Nagel,I. Summer,R. Lewis,S. Richardson,J. Scott,N. Lakowitz,A. Flaisch-J.,SS,3,13,BT42,"H,3,13,V42","5,9,33","PEN:H,FST,A,14,V47,N",PENALTY SS FST (L. Geyer) 5 yards to the BT47.,"H,3,18,V47",penalty,NA,NA,0,7,0,0,NA,5,H,SS,"FGA,1,07:49,37","DOWNS,1,02:52,62",8,25,4:57,FGA,1,07:49,SS37,DOWNS,1,02:52,BT38,NA
2021_12_BT_SS,BT,SS,Berlin Thunder,Stuttgart Surge,9/5/2021,Stuttgart,Gazi-Stadion,15:00,17:50,Y,02:50,1500,24 C,no wind,sunny,A. Nagel,I. Summer,R. Lewis,S. Richardson,J. Scott,N. Lakowitz,A. Flaisch-J.,SS,3,18,BT47,"H,3,18,V47","5,10,34","PASS:16,C,4,V38 TACK:52",M. Winterlik pass complete to A. Eitel for 9 yards to the BT38 (W. Nasri).,"H,4,9,V38",pass,NA,NA,0,7,0,0,NA,5,H,SS,"FGA,1,07:49,37","DOWNS,1,02:52,62",8,25,4:57,FGA,1,07:49,SS37,DOWNS,1,02:52,BT38,NA
2021_12_BT_SS,BT,SS,Berlin Thunder,Stuttgart Surge,9/5/2021,Stuttgart,Gazi-Stadion,15:00,17:50,Y,02:50,1500,24 C,no wind,sunny,A. Nagel,I. Summer,R. Lewis,S. Richardson,J. Scott,N. Lakowitz,A. Flaisch-J.,SS,4,9,BT38,"H,4,9,V38","5,11,35","PASS:16,I,17,*",M. Winterlik pass incomplete to P. Floeser.,"V,1,10,V38",pass,NA,NA,0,7,0,0,NA,5,H,SS,"FGA,1,07:49,37","DOWNS,1,02:52,62",8,25,4:57,FGA,1,07:49,SS37,DOWNS,1,02:52,BT38,NA
2021_12_BT_SS,BT,SS,Berlin Thunder,Stuttgart Surge,9/5/2021,Stuttgart,Gazi-Stadion,15:00,17:50,Y,02:50,1500,24 C,no wind,sunny,A. Nagel,I. Summer,R. Lewis,S. Richardson,J. Scott,N. Lakowitz,A. Flaisch-J.,BT,1,10,BT38,"V,1,10,V38","6,1,36",{DRIVE}:02:52,BERLIN THUNDER drive start at 02:52.,"V,1,10,V38",NA,02:52,NA,0,7,0,0,NA,6,V,BT,"DOWNS,1,02:52,38","TD,2,13:29,100",8,62,4:23,DOWNS,1,02:52,BT38,TD,2,13:29,SS00,1
2021_12_BT_SS,BT,SS,Berlin Thunder,Stuttgart Surge,9/5/2021,Stuttgart,Gazi-Stadion,15:00,17:50,Y,02:50,1500,24 C,no wind,sunny,A. Nagel,I. Summer,R. Lewis,S. Richardson,J. Scott,N. Lakowitz,A. Flaisch-J.,BT,1,10,BT38,"V,1,10,V38","6,2,37","PASS:6,C,11,V42 TACK:23",C. Stitt pass complete to B. Zerbe for 4 yards to the BT42 (M. Dabo).,"V,2,6,V42",pass,NA,NA,0,7,0,0,NA,6,V,BT,"DOWNS,1,02:52,38","TD,2,13:29,100",8,62,4:23,DOWNS,1,02:52,BT38,TD,2,13:29,SS00,1
2021_12_BT_SS,BT,SS,Berlin Thunder,Stuttgart Surge,9/5/2021,Stuttgart,Gazi-Stadion,15:00,17:50,Y,02:50,1500,24 C,no wind,sunny,A. Nagel,I. Summer,R. Lewis,S. Richardson,J. Scott,N. Lakowitz,A. Flaisch-J.,BT,2,6,BT42,"V,2,6,V42","6,3,38","RUSH:1,H21, TACK:32","J. Crawford rush for 37 yards to the SS21, 1ST DOWN BT (J. Ludwig-M.).","V,1,10,H21",rush,NA,rush,0,7,0,0,NA,6,V,BT,"DOWNS,1,02:52,38","TD,2,13:29,100",8,62,4:23,DOWNS,1,02:52,BT38,TD,2,13:29,SS00,1
2021_12_BT_SS,BT,SS,Berlin Thunder,Stuttgart Surge,9/5/2021,Stuttgart,Gazi-Stadion,15:00,17:50,Y,02:50,1500,24 C,no wind,sunny,A. Nagel,I. Summer,R. Lewis,S. Richardson,J. Scott,N. Lakowitz,A. Flaisch-J.,BT,1,10,SS21,"V,1,10,H21","6,4,39","RUSH:1,H15, TACK:31",J. Crawford rush for 6 yards to the SS15 (N. Wenzelburger).,"V,2,4,H15",rush,NA,NA,0,7,0,0,NA,6,V,BT,"DOWNS,1,02:52,38","TD,2,13:29,100",8,62,4:23,DOWNS,1,02:52,BT38,TD,2,13:29,SS00,1
2021_12_BT_SS,BT,SS,Berlin Thunder,Stuttgart Surge,9/5/2021,Stuttgart,Gazi-Stadion,15:00,17:50,Y,02:50,1500,24 C,no wind,sunny,A. Nagel,I. Summer,R. Lewis,S. Richardson,J. Scott,N. Lakowitz,A. Flaisch-J.,BT,2,4,SS15,"V,2,4,H15","6,5,40","RUSH:6,H09, TACK:99,42","C. Stitt rush for 6 yards to the SS9, 1ST DOWN BT (S. Vardar;Z. Blair).","V,1,0,H09",rush,NA,rush,0,7,0,0,NA,6,V,BT,"DOWNS,1,02:52,38","TD,2,13:29,100",8,62,4:23,DOWNS,1,02:52,BT38,TD,2,13:29,SS00,1
2021_12_BT_SS,BT,SS,Berlin Thunder,Stuttgart Surge,9/5/2021,Stuttgart,Gazi-Stadion,15:00,17:50,Y,02:50,1500,24 C,no wind,sunny,A. Nagel,I. Summer,R. Lewis,S. Richardson,J. Scott,N. Lakowitz,A. Flaisch-J.,BT,1,0,SS09,"V,1,0,H09","6,6,41","PASS:6,C,7,H02 TACK:3",C. Stitt pass complete to S. Jones for 7 yards to the SS2 (W. Martheli).,"V,2,0,H02",pass,NA,NA,0,7,0,0,NA,6,V,BT,"DOWNS,1,02:52,38","TD,2,13:29,100",8,62,4:23,DOWNS,1,02:52,BT38,TD,2,13:29,SS00,1
2021_12_BT_SS,BT,SS,Berlin Thunder,Stuttgart Surge,9/5/2021,Stuttgart,Gazi-Stadion,15:00,17:50,Y,02:50,1500,24 C,no wind,sunny,A. Nagel,I. Summer,R. Lewis,S. Richardson,J. Scott,N. Lakowitz,A. Flaisch-J.,BT,2,0,SS02,"V,2,0,H02","6,7,42",Q:2 T:15:00,"Start of 2nd quarter, clock 15:00.","V,2,0,H02",NA,15:00,NA,0,7,0,0,NA,6,V,BT,"DOWNS,1,02:52,38","TD,2,13:29,100",8,62,4:23,DOWNS,1,02:52,BT38,TD,2,13:29,SS00,1
2021_12_BT_SS,BT,SS,Berlin Thunder,Stuttgart Surge,9/5/2021,Stuttgart,Gazi-Stadion,15:00,17:50,Y,02:50,1500,24 C,no wind,sunny,A. Nagel,I. Summer,R. Lewis,S. Richardson,J. Scott,N. Lakowitz,A. Flaisch-J.,BT,2,0,SS02,"V,2,0,H02","6,8,43","PEN:V,FST,A,86,H07,N",PENALTY BT FST (Y. Binner) 5 yards to the SS7.,"V,2,0,H07",penalty,NA,NA,0,7,0,0,NA,6,V,BT,"DOWNS,1,02:52,38","TD,2,13:29,100",8,62,4:23,DOWNS,1,02:52,BT38,TD,2,13:29,SS00,1
2021_12_BT_SS,BT,SS,Berlin Thunder,Stuttgart Surge,9/5/2021,Stuttgart,Gazi-Stadion,15:00,17:50,Y,02:50,1500,24 C,no wind,sunny,A. Nagel,I. Summer,R. Lewis,S. Richardson,J. Scott,N. Lakowitz,A. Flaisch-J.,BT,2,0,SS07,"V,2,0,H07","6,9,44","RUSH:47,H04, TACK:31",Y. Landfried rush for 3 yards to the SS4 (N. Wenzelburger).,"V,3,0,H04",rush,NA,NA,0,7,0,0,NA,6,V,BT,"DOWNS,1,02:52,38","TD,2,13:29,100",8,62,4:23,DOWNS,1,02:52,BT38,TD,2,13:29,SS00,1
2021_12_BT_SS,BT,SS,Berlin Thunder,Stuttgart Surge,9/5/2021,Stuttgart,Gazi-Stadion,15:00,17:50,Y,02:50,1500,24 C,no wind,sunny,A. Nagel,I. Summer,R. Lewis,S. Richardson,J. Scott,N. Lakowitz,A. Flaisch-J.,BT,3,0,SS04,"V,3,0,H04","6,10,45","RUSH:1,H01, TACK:48",J. Crawford rush for 3 yards to the SS1 (T. Stickel).,"V,4,0,H01",rush,NA,NA,0,7,0,0,NA,6,V,BT,"DOWNS,1,02:52,38","TD,2,13:29,100",8,62,4:23,DOWNS,1,02:52,BT38,TD,2,13:29,SS00,1
2021_12_BT_SS,BT,SS,Berlin Thunder,Stuttgart Surge,9/5/2021,Stuttgart,Gazi-Stadion,15:00,17:50,Y,02:50,1500,24 C,no wind,sunny,A. Nagel,I. Summer,R. Lewis,S. Richardson,J. Scott,N. Lakowitz,A. Flaisch-J.,BT,4,0,SS01,"V,4,0,H01","6,11,46","PASS:6,C,85,H00 T:13:29 PAT:K,26,G","C. Stitt pass complete to N. Schumann for 1 yard to the SS0, 1ST DOWN BT, TOUCHDOWN, clock 13:29, J. Schenderlein kick attempt good.","V,1,0,V35",pat,13:29,pass,1,14,0,0,NA,6,V,BT,"DOWNS,1,02:52,38","TD,2,13:29,100",8,62,4:23,DOWNS,1,02:52,BT38,TD,2,13:29,SS00,1
2021_12_BT_SS,BT,SS,Berlin Thunder,Stuttgart Surge,9/5/2021,Stuttgart,Gazi-Stadion,15:00,17:50,Y,02:50,1500,24 C,no wind,sunny,A. Nagel,I. Summer,R. Lewis,S. Richardson,J. Scott,N. Lakowitz,A. Flaisch-J.,BT,1,0,BT35,"V,1,0,V35","6,12,47","KO:26,H02 RET:4,H24 TACK:13,44","J. Schenderlein kickoff 63 yards to the SS2, A. Eitel return 22 yards to the SS24 (A. Dickmeis;M. Steffen).","H,1,10,H24",kick_off,NA,NA,0,14,0,0,NA,6,V,BT,"DOWNS,1,02:52,38","TD,2,13:29,100",8,62,4:23,DOWNS,1,02:52,BT38,TD,2,13:29,SS00,1
2021_12_BT_SS,BT,SS,Berlin Thunder,Stuttgart Surge,9/5/2021,Stuttgart,Gazi-Stadion,15:00,17:50,Y,02:50,1500,24 C,no wind,sunny,A. Nagel,I. Summer,R. Lewis,S. Richardson,J. Scott,N. Lakowitz,A. Flaisch-J.,SS,1,10,SS24,"H,1,10,H24","7,1,48",{DRIVE}:13:21,STUTTGART SURGE drive start at 13:21.,"H,1,10,H24",NA,13:21,NA,0,14,0,0,NA,7,H,SS,"KO,2,13:21,24","PUNT,2,12:24,19",3,-5,0:57,KO,2,13:21,SS24,PUNT,2,12:24,SS19,NA
2021_12_BT_SS,BT,SS,Berlin Thunder,Stuttgart Surge,9/5/2021,Stuttgart,Gazi-Stadion,15:00,17:50,Y,02:50,1500,24 C,no wind,sunny,A. Nagel,I. Summer,R. Lewis,S. Richardson,J. Scott,N. Lakowitz,A. Flaisch-J.,SS,1,10,SS24,"H,1,10,H24","7,2,49","RUSH:41,H19,",B. Yankson rush for loss of 5 yards to the SS19.,"H,2,15,H19",rush,NA,NA,0,14,0,0,NA,7,H,SS,"KO,2,13:21,24","PUNT,2,12:24,19",3,-5,0:57,KO,2,13:21,SS24,PUNT,2,12:24,SS19,NA
2021_12_BT_SS,BT,SS,Berlin Thunder,Stuttgart Surge,9/5/2021,Stuttgart,Gazi-Stadion,15:00,17:50,Y,02:50,1500,24 C,no wind,sunny,A. Nagel,I. Summer,R. Lewis,S. Richardson,J. Scott,N. Lakowitz,A. Flaisch-J.,SS,2,15,SS19,"H,2,15,H19","7,3,50","PASS:16,I,14,* BRUP:8",M. Winterlik pass incomplete to L. Geyer (P. Seifert).,"H,3,15,H19",pass,NA,NA,0,14,0,0,NA,7,H,SS,"KO,2,13:21,24","PUNT,2,12:24,19",3,-5,0:57,KO,2,13:21,SS24,PUNT,2,12:24,SS19,NA
2021_12_BT_SS,BT,SS,Berlin Thunder,Stuttgart Surge,9/5/2021,Stuttgart,Gazi-Stadion,15:00,17:50,Y,02:50,1500,24 C,no wind,sunny,A. Nagel,I. Summer,R. Lewis,S. Richardson,J. Scott,N. Lakowitz,A. Flaisch-J.,SS,3,15,SS19,"H,3,15,H19","7,4,51","PASS:16,I,14,*",M. Winterlik pass incomplete to L. Geyer.,"H,4,15,H19",pass,NA,NA,0,14,0,0,NA,7,H,SS,"KO,2,13:21,24","PUNT,2,12:24,19",3,-5,0:57,KO,2,13:21,SS24,PUNT,2,12:24,SS19,NA
2021_12_BT_SS,BT,SS,Berlin Thunder,Stuttgart Surge,9/5/2021,Stuttgart,Gazi-Stadion,15:00,17:50,Y,02:50,1500,24 C,no wind,sunny,A. Nagel,I. Summer,R. Lewis,S. Richardson,J. Scott,N. Lakowitz,A. Flaisch-J.,SS,4,15,SS19,"H,4,15,H19","7,5,52","PUNT:9,H35 OB:","S. Mueller punt 16 yards to the SS35, out-of-bounds.","V,1,10,H35",punt,NA,NA,0,14,0,1,NA,7,H,SS,"KO,2,13:21,24","PUNT,2,12:24,19",3,-5,0:57,KO,2,13:21,SS24,PUNT,2,12:24,SS19,NA
2021_12_BT_SS,BT,SS,Berlin Thunder,Stuttgart Surge,9/5/2021,Stuttgart,Gazi-Stadion,15:00,17:50,Y,02:50,1500,24 C,no wind,sunny,A. Nagel,I. Summer,R. Lewis,S. Richardson,J. Scott,N. Lakowitz,A. Flaisch-J.,BT,1,10,SS35,"V,1,10,H35","8,1,53",{DRIVE}:12:24,BERLIN THUNDER drive start at 12:24.,"V,1,10,H35",NA,12:24,NA,0,14,0,0,NA,8,V,BT,"PUNT,2,12:24,65","INT,2,11:09,80",3,15,1:15,PUNT,2,12:24,SS35,INT,2,11:09,SS20,NA
2021_12_BT_SS,BT,SS,Berlin Thunder,Stuttgart Surge,9/5/2021,Stuttgart,Gazi-Stadion,15:00,17:50,Y,02:50,1500,24 C,no wind,sunny,A. Nagel,I. Summer,R. Lewis,S. Richardson,J. Scott,N. Lakowitz,A. Flaisch-J.,BT,1,10,SS35,"V,1,10,H35","8,2,54","RUSH:1,H33, TACK:30,11",J. Crawford rush for 2 yards to the SS33 (T. Becker;R. Lakalaka).,"V,2,8,H33",rush,NA,NA,0,14,0,0,NA,8,V,BT,"PUNT,2,12:24,65","INT,2,11:09,80",3,15,1:15,PUNT,2,12:24,SS35,INT,2,11:09,SS20,NA
2021_12_BT_SS,BT,SS,Berlin Thunder,Stuttgart Surge,9/5/2021,Stuttgart,Gazi-Stadion,15:00,17:50,Y,02:50,1500,24 C,no wind,sunny,A. Nagel,I. Summer,R. Lewis,S. Richardson,J. Scott,N. Lakowitz,A. Flaisch-J.,BT,2,8,SS33,"V,2,8,H33","8,3,55","PASS:6,C,17,H20 TACK:33","C. Stitt pass complete to E. Drossard for 13 yards to the SS20, 1ST DOWN BT (B. Wenzler).","V,1,10,H20",pass,NA,pass,0,14,0,0,NA,8,V,BT,"PUNT,2,12:24,65","INT,2,11:09,80",3,15,1:15,PUNT,2,12:24,SS35,INT,2,11:09,SS20,NA
2021_12_BT_SS,BT,SS,Berlin Thunder,Stuttgart Surge,9/5/2021,Stuttgart,Gazi-Stadion,15:00,17:50,Y,02:50,1500,24 C,no wind,sunny,A. Nagel,I. Summer,R. Lewis,S. Richardson,J. Scott,N. Lakowitz,A. Flaisch-J.,BT,1,10,SS20,"V,1,10,H20","8,4,56","PASS:6,X,32,H00 RET:32,H00 TACK:17 TB:","C. Stitt pass intercepted by J. Ludwig-M. at the SS0, J. Ludwig-M. return 0 yards to the SS0 (E. Drossard), touchback.","H,1,10,H25",pass,NA,NA,0,14,0,0,I,8,V,BT,"PUNT,2,12:24,65","INT,2,11:09,80",3,15,1:15,PUNT,2,12:24,SS35,INT,2,11:09,SS20,NA
2021_12_BT_SS,BT,SS,Berlin Thunder,Stuttgart Surge,9/5/2021,Stuttgart,Gazi-Stadion,15:00,17:50,Y,02:50,1500,24 C,no wind,sunny,A. Nagel,I. Summer,R. Lewis,S. Richardson,J. Scott,N. Lakowitz,A. Flaisch-J.,SS,1,10,SS25,"H,1,10,H25","9,1,57",{DRIVE}:11:09,STUTTGART SURGE drive start at 11:09.,"H,1,10,H25",NA,11:09,NA,0,14,0,0,NA,9,H,SS,"INT,2,11:09,20","PUNT,2,06:10,39",8,19,4:59,INT,2,11:09,SS20,PUNT,2,06:10,SS39,NA
2021_12_BT_SS,BT,SS,Berlin Thunder,Stuttgart Surge,9/5/2021,Stuttgart,Gazi-Stadion,15:00,17:50,Y,02:50,1500,24 C,no wind,sunny,A. Nagel,I. Summer,R. Lewis,S. Richardson,J. Scott,N. Lakowitz,A. Flaisch-J.,SS,1,10,SS25,"H,1,10,H25","9,2,58","SPOT:H,H20,Y",SS ball on SS20.,"H,1,10,H20",NA,NA,NA,0,14,0,0,NA,9,H,SS,"INT,2,11:09,20","PUNT,2,06:10,39",8,19,4:59,INT,2,11:09,SS20,PUNT,2,06:10,SS39,NA
2021_12_BT_SS,BT,SS,Berlin Thunder,Stuttgart Surge,9/5/2021,Stuttgart,Gazi-Stadion,15:00,17:50,Y,02:50,1500,24 C,no wind,sunny,A. Nagel,I. Summer,R. Lewis,S. Richardson,J. Scott,N. Lakowitz,A. Flaisch-J.,SS,1,10,SS20,"H,1,10,H20","9,3,59","PASS:16,C,4,H24 TACK:44",M. Winterlik pass complete to A. Eitel for 4 yards to the SS24 (M. Steffen).,"H,2,6,H24",pass,NA,NA,0,14,0,0,NA,9,H,SS,"INT,2,11:09,20","PUNT,2,06:10,39",8,19,4:59,INT,2,11:09,SS20,PUNT,2,06:10,SS39,NA
2021_12_BT_SS,BT,SS,Berlin Thunder,Stuttgart Surge,9/5/2021,Stuttgart,Gazi-Stadion,15:00,17:50,Y,02:50,1500,24 C,no wind,sunny,A. Nagel,I. Summer,R. Lewis,S. Richardson,J. Scott,N. Lakowitz,A. Flaisch-J.,SS,2,6,SS24,"H,2,6,H24","9,4,60","RUSH:27,H29, TACK:52",S. Shannon rush for 5 yards to the SS29 (W. Nasri).,"H,3,1,H29",rush,NA,NA,0,14,0,0,NA,9,H,SS,"INT,2,11:09,20","PUNT,2,06:10,39",8,19,4:59,INT,2,11:09,SS20,PUNT,2,06:10,SS39,NA
2021_12_BT_SS,BT,SS,Berlin Thunder,Stuttgart Surge,9/5/2021,Stuttgart,Gazi-Stadion,15:00,17:50,Y,02:50,1500,24 C,no wind,sunny,A. Nagel,I. Summer,R. Lewis,S. Richardson,J. Scott,N. Lakowitz,A. Flaisch-J.,SS,3,1,SS29,"H,3,1,H29","9,5,61","RUSH:16,H31, TACK:99","M. Winterlik rush for 2 yards to the SS31, 1ST DOWN SS (P. Labus).","H,1,10,H31",rush,NA,rush,0,14,0,0,NA,9,H,SS,"INT,2,11:09,20","PUNT,2,06:10,39",8,19,4:59,INT,2,11:09,SS20,PUNT,2,06:10,SS39,NA
2021_12_BT_SS,BT,SS,Berlin Thunder,Stuttgart Surge,9/5/2021,Stuttgart,Gazi-Stadion,15:00,17:50,Y,02:50,1500,24 C,no wind,sunny,A. Nagel,I. Summer,R. Lewis,S. Richardson,J. Scott,N. Lakowitz,A. Flaisch-J.,SS,1,10,SS31,"H,1,10,H31","9,6,62","RUSH:41,H34, TACK:22",B. Yankson rush for 3 yards to the SS34 (L. Achaintre).,"H,2,7,H34",rush,NA,NA,0,14,0,0,NA,9,H,SS,"INT,2,11:09,20","PUNT,2,06:10,39",8,19,4:59,INT,2,11:09,SS20,PUNT,2,06:10,SS39,NA
2021_12_BT_SS,BT,SS,Berlin Thunder,Stuttgart Surge,9/5/2021,Stuttgart,Gazi-Stadion,15:00,17:50,Y,02:50,1500,24 C,no wind,sunny,A. Nagel,I. Summer,R. Lewis,S. Richardson,J. Scott,N. Lakowitz,A. Flaisch-J.,SS,2,7,SS34,"H,2,7,H34","9,7,63","PASS:16,C,17,H41 TACK:22,15","M. Winterlik pass complete to P. Floeser for 7 yards to the SS41, 1ST DOWN SS (L. Achaintre;M. Thiele).","H,1,10,H41",pass,NA,pass,0,14,0,0,NA,9,H,SS,"INT,2,11:09,20","PUNT,2,06:10,39",8,19,4:59,INT,2,11:09,SS20,PUNT,2,06:10,SS39,NA
2021_12_BT_SS,BT,SS,Berlin Thunder,Stuttgart Surge,9/5/2021,Stuttgart,Gazi-Stadion,15:00,17:50,Y,02:50,1500,24 C,no wind,sunny,A. Nagel,I. Summer,R. Lewis,S. Richardson,J. Scott,N. Lakowitz,A. Flaisch-J.,SS,1,10,SS41,"H,1,10,H41","9,8,64","RUSH:41,H46, TACK:45",B. Yankson rush for 5 yards to the SS46 (K. Hill).,"H,2,5,H46",rush,NA,NA,0,14,0,0,NA,9,H,SS,"INT,2,11:09,20","PUNT,2,06:10,39",8,19,4:59,INT,2,11:09,SS20,PUNT,2,06:10,SS39,NA
2021_12_BT_SS,BT,SS,Berlin Thunder,Stuttgart Surge,9/5/2021,Stuttgart,Gazi-Stadion,15:00,17:50,Y,02:50,1500,24 C,no wind,sunny,A. Nagel,I. Summer,R. Lewis,S. Richardson,J. Scott,N. Lakowitz,A. Flaisch-J.,SS,2,5,SS46,"H,2,5,H46","9,9,65","PASS:16,S,TM,H39 SACK:45",M. Winterlik sacked for loss of 7 yards to the SS39 (K. Hill).,"H,3,12,H39",pass,NA,NA,0,14,0,0,NA,9,H,SS,"INT,2,11:09,20","PUNT,2,06:10,39",8,19,4:59,INT,2,11:09,SS20,PUNT,2,06:10,SS39,NA
2021_12_BT_SS,BT,SS,Berlin Thunder,Stuttgart Surge,9/5/2021,Stuttgart,Gazi-Stadion,15:00,17:50,Y,02:50,1500,24 C,no wind,sunny,A. Nagel,I. Summer,R. Lewis,S. Richardson,J. Scott,N. Lakowitz,A. Flaisch-J.,SS,3,12,SS39,"H,3,12,H39","9,10,66","PASS:16,I,5,* PEN:H,OH,D","M. Winterlik pass incomplete to D. Meza, PENALTY SS OH declined.","H,4,12,H39",pass,NA,NA,0,14,0,0,NA,9,H,SS,"INT,2,11:09,20","PUNT,2,06:10,39",8,19,4:59,INT,2,11:09,SS20,PUNT,2,06:10,SS39,NA
2021_12_BT_SS,BT,SS,Berlin Thunder,Stuttgart Surge,9/5/2021,Stuttgart,Gazi-Stadion,15:00,17:50,Y,02:50,1500,24 C,no wind,sunny,A. Nagel,I. Summer,R. Lewis,S. Richardson,J. Scott,N. Lakowitz,A. Flaisch-J.,SS,4,12,SS39,"H,4,12,H39","9,11,67","PUNT:9,H32,B,V,H32,45 BLOCK:45 +:45,H00 T:06:10","S. Mueller punt BLOCKED, recovered by BT K. Hill at SS32 (blocked by K. Hill), K. Hill for 32 yards to the SS0, TOUCHDOWN, clock 06:10.","V,1,10,H15",punt,06:10,NA,1,20,0,0,NA,9,H,SS,"INT,2,11:09,20","PUNT,2,06:10,39",8,19,4:59,INT,2,11:09,SS20,PUNT,2,06:10,SS39,NA
2021_12_BT_SS,BT,SS,Berlin Thunder,Stuttgart Surge,9/5/2021,Stuttgart,Gazi-Stadion,15:00,17:50,Y,02:50,1500,24 C,no wind,sunny,A. Nagel,I. Summer,R. Lewis,S. Richardson,J. Scott,N. Lakowitz,A. Flaisch-J.,BT,1,10,SS15,"V,1,10,H15","10,1,68","PEN:V,FST,A,68,H20,N PAT:K,26,B BLOCK:42","PENALTY BT FST (P. Junio Sacram) 5 yards to the SS20, J. Schenderlein kick attempt failed (blocked) (blocked by Z. Blair).","V,1,0,V35",pat,NA,NA,0,20,0,0,NA,10,V,BT,"PUNT,2,06:10,68","TD,2,06:10,68",0,0,0:00,PUNT,2,06:10,SS32,TD,2,06:10,SS32,NA
2021_12_BT_SS,BT,SS,Berlin Thunder,Stuttgart Surge,9/5/2021,Stuttgart,Gazi-Stadion,15:00,17:50,Y,02:50,1500,24 C,no wind,sunny,A. Nagel,I. Summer,R. Lewis,S. Richardson,J. Scott,N. Lakowitz,A. Flaisch-J.,BT,1,0,BT35,"V,1,0,V35","10,2,69","KO:26,H15 RET:27,H27 TACK:52,22","J. Schenderlein kickoff 50 yards to the SS15, S. Shannon return 12 yards to the SS27 (W. Nasri;L. Achaintre).","H,1,10,H27",kick_off,NA,NA,0,20,0,0,NA,10,V,BT,"PUNT,2,06:10,68","TD,2,06:10,68",0,0,0:00,PUNT,2,06:10,SS32,TD,2,06:10,SS32,NA
2021_12_BT_SS,BT,SS,Berlin Thunder,Stuttgart Surge,9/5/2021,Stuttgart,Gazi-Stadion,15:00,17:50,Y,02:50,1500,24 C,no wind,sunny,A. Nagel,I. Summer,R. Lewis,S. Richardson,J. Scott,N. Lakowitz,A. Flaisch-J.,SS,1,10,SS27,"H,1,10,H27","11,1,70",{DRIVE}:06:05,STUTTGART SURGE drive start at 06:05.,"H,1,10,H27",NA,06:05,NA,0,20,0,0,NA,11,H,SS,"KO,2,06:05,27","PUNT,2,03:28,41",6,14,2:37,KO,2,06:05,SS27,PUNT,2,03:28,SS41,NA
2021_12_BT_SS,BT,SS,Berlin Thunder,Stuttgart Surge,9/5/2021,Stuttgart,Gazi-Stadion,15:00,17:50,Y,02:50,1500,24 C,no wind,sunny,A. Nagel,I. Summer,R. Lewis,S. Richardson,J. Scott,N. Lakowitz,A. Flaisch-J.,SS,1,10,SS27,"H,1,10,H27","11,2,71","PASS:16,C,85,H29 TACK:42,3",M. Winterlik pass complete to P. Weiblen for 2 yards to the SS29 (P. Fischer;A. Gehrt).,"H,2,8,H29",pass,NA,NA,0,20,0,0,NA,11,H,SS,"KO,2,06:05,27","PUNT,2,03:28,41",6,14,2:37,KO,2,06:05,SS27,PUNT,2,03:28,SS41,NA
2021_12_BT_SS,BT,SS,Berlin Thunder,Stuttgart Surge,9/5/2021,Stuttgart,Gazi-Stadion,15:00,17:50,Y,02:50,1500,24 C,no wind,sunny,A. Nagel,I. Summer,R. Lewis,S. Richardson,J. Scott,N. Lakowitz,A. Flaisch-J.,SS,2,8,SS29,"H,2,8,H29","11,3,72","PASS:16,I,85,*",M. Winterlik pass incomplete to P. Weiblen.,"H,3,8,H29",pass,NA,NA,0,20,0,0,NA,11,H,SS,"KO,2,06:05,27","PUNT,2,03:28,41",6,14,2:37,KO,2,06:05,SS27,PUNT,2,03:28,SS41,NA
2021_12_BT_SS,BT,SS,Berlin Thunder,Stuttgart Surge,9/5/2021,Stuttgart,Gazi-Stadion,15:00,17:50,Y,02:50,1500,24 C,no wind,sunny,A. Nagel,I. Summer,R. Lewis,S. Richardson,J. Scott,N. Lakowitz,A. Flaisch-J.,SS,3,8,SS29,"H,3,8,H29","11,4,73","PASS:16,C,18,H37 TACK:52,3","M. Winterlik pass complete to P. Steigerwald for 8 yards to the SS37, 1ST DOWN SS (W. Nasri;A. Gehrt).","H,1,10,H37",pass,NA,pass,0,20,0,0,NA,11,H,SS,"KO,2,06:05,27","PUNT,2,03:28,41",6,14,2:37,KO,2,06:05,SS27,PUNT,2,03:28,SS41,NA
2021_12_BT_SS,BT,SS,Berlin Thunder,Stuttgart Surge,9/5/2021,Stuttgart,Gazi-Stadion,15:00,17:50,Y,02:50,1500,24 C,no wind,sunny,A. Nagel,I. Summer,R. Lewis,S. Richardson,J. Scott,N. Lakowitz,A. Flaisch-J.,SS,1,10,SS37,"H,1,10,H37","11,5,74","PASS:16,C,5,H40 TACK:14",M. Winterlik pass complete to D. Meza for 3 yards to the SS40 (K. Hummel).,"H,2,7,H40",pass,NA,NA,0,20,0,0,NA,11,H,SS,"KO,2,06:05,27","PUNT,2,03:28,41",6,14,2:37,KO,2,06:05,SS27,PUNT,2,03:28,SS41,NA
2021_12_BT_SS,BT,SS,Berlin Thunder,Stuttgart Surge,9/5/2021,Stuttgart,Gazi-Stadion,15:00,17:50,Y,02:50,1500,24 C,no wind,sunny,A. Nagel,I. Summer,R. Lewis,S. Richardson,J. Scott,N. Lakowitz,A. Flaisch-J.,SS,2,7,SS40,"H,2,7,H40","11,6,75","RUSH:41,H41, TACK:92,22",B. Yankson rush for 1 yard to the SS41 (T. Hiller;L. Achaintre).,"H,3,6,H41",rush,NA,NA,0,20,0,0,NA,11,H,SS,"KO,2,06:05,27","PUNT,2,03:28,41",6,14,2:37,KO,2,06:05,SS27,PUNT,2,03:28,SS41,NA
2021_12_BT_SS,BT,SS,Berlin Thunder,Stuttgart Surge,9/5/2021,Stuttgart,Gazi-Stadion,15:00,17:50,Y,02:50,1500,24 C,no wind,sunny,A. Nagel,I. Summer,R. Lewis,S. Richardson,J. Scott,N. Lakowitz,A. Flaisch-J.,SS,3,6,SS41,"H,3,6,H41","11,7,76","PASS:16,I,87,* BRUP:14",M. Winterlik pass incomplete to D. Rofalski (K. Hummel).,"H,4,6,H41",pass,NA,NA,0,20,0,0,NA,11,H,SS,"KO,2,06:05,27","PUNT,2,03:28,41",6,14,2:37,KO,2,06:05,SS27,PUNT,2,03:28,SS41,NA
2021_12_BT_SS,BT,SS,Berlin Thunder,Stuttgart Surge,9/5/2021,Stuttgart,Gazi-Stadion,15:00,17:50,Y,02:50,1500,24 C,no wind,sunny,A. Nagel,I. Summer,R. Lewis,S. Richardson,J. Scott,N. Lakowitz,A. Flaisch-J.,SS,4,6,SS41,"H,4,6,H41","11,8,77","PUNT:17,V20 RET:88,V15 TACK:23","P. Floeser punt 39 yards to the BT20, T. Ndongo return -5 yards to the BT15 (M. Dabo).","V,1,10,V15",punt,NA,NA,0,20,0,0,NA,11,H,SS,"KO,2,06:05,27","PUNT,2,03:28,41",6,14,2:37,KO,2,06:05,SS27,PUNT,2,03:28,SS41,NA
2021_12_BT_SS,BT,SS,Berlin Thunder,Stuttgart Surge,9/5/2021,Stuttgart,Gazi-Stadion,15:00,17:50,Y,02:50,1500,24 C,no wind,sunny,A. Nagel,I. Summer,R. Lewis,S. Richardson,J. Scott,N. Lakowitz,A. Flaisch-J.,BT,1,10,BT15,"V,1,10,V15","12,1,78",{DRIVE}:03:28,BERLIN THUNDER drive start at 03:28.,"V,1,10,V15",NA,03:28,NA,0,20,0,0,NA,12,V,BT,"PUNT,2,03:28,15","TD,2,01:09,100",7,85,2:19,PUNT,2,03:28,BT15,TD,2,01:09,SS00,NA
2021_12_BT_SS,BT,SS,Berlin Thunder,Stuttgart Surge,9/5/2021,Stuttgart,Gazi-Stadion,15:00,17:50,Y,02:50,1500,24 C,no wind,sunny,A. Nagel,I. Summer,R. Lewis,S. Richardson,J. Scott,N. Lakowitz,A. Flaisch-J.,BT,1,10,BT15,"V,1,10,V15","12,2,79","RUSH:1,V24, TACK:11,3",J. Crawford rush for 9 yards to the BT24 (R. Lakalaka;W. Martheli).,"V,2,1,V24",rush,NA,NA,0,20,0,0,NA,12,V,BT,"PUNT,2,03:28,15","TD,2,01:09,100",7,85,2:19,PUNT,2,03:28,BT15,TD,2,01:09,SS00,NA
2021_12_BT_SS,BT,SS,Berlin Thunder,Stuttgart Surge,9/5/2021,Stuttgart,Gazi-Stadion,15:00,17:50,Y,02:50,1500,24 C,no wind,sunny,A. Nagel,I. Summer,R. Lewis,S. Richardson,J. Scott,N. Lakowitz,A. Flaisch-J.,BT,2,1,BT24,"V,2,1,V24","12,3,80","PASS:6,C,88,V30 TACK:32","C. Stitt pass complete to T. Ndongo for 6 yards to the BT30, 1ST DOWN BT (J. Ludwig-M.).","V,1,10,V30",pass,NA,pass,0,20,0,0,NA,12,V,BT,"PUNT,2,03:28,15","TD,2,01:09,100",7,85,2:19,PUNT,2,03:28,BT15,TD,2,01:09,SS00,NA
2021_12_BT_SS,BT,SS,Berlin Thunder,Stuttgart Surge,9/5/2021,Stuttgart,Gazi-Stadion,15:00,17:50,Y,02:50,1500,24 C,no wind,sunny,A. Nagel,I. Summer,R. Lewis,S. Richardson,J. Scott,N. Lakowitz,A. Flaisch-J.,BT,1,10,BT30,"V,1,10,V30","12,4,81","RUSH:1,V40, TACK:42","J. Crawford rush for 10 yards to the BT40, 1ST DOWN BT (Z. Blair).","V,1,10,V40",rush,NA,rush,0,20,0,0,NA,12,V,BT,"PUNT,2,03:28,15","TD,2,01:09,100",7,85,2:19,PUNT,2,03:28,BT15,TD,2,01:09,SS00,NA
2021_12_BT_SS,BT,SS,Berlin Thunder,Stuttgart Surge,9/5/2021,Stuttgart,Gazi-Stadion,15:00,17:50,Y,02:50,1500,24 C,no wind,sunny,A. Nagel,I. Summer,R. Lewis,S. Richardson,J. Scott,N. Lakowitz,A. Flaisch-J.,BT,1,10,BT40,"V,1,10,V40","12,5,82","RUSH:1,V40, TACK:3,42",J. Crawford rush for no gain to the BT40 (W. Martheli;Z. Blair).,"V,2,10,V40",rush,NA,NA,0,20,0,0,NA,12,V,BT,"PUNT,2,03:28,15","TD,2,01:09,100",7,85,2:19,PUNT,2,03:28,BT15,TD,2,01:09,SS00,NA
2021_12_BT_SS,BT,SS,Berlin Thunder,Stuttgart Surge,9/5/2021,Stuttgart,Gazi-Stadion,15:00,17:50,Y,02:50,1500,24 C,no wind,sunny,A. Nagel,I. Summer,R. Lewis,S. Richardson,J. Scott,N. Lakowitz,A. Flaisch-J.,BT,2,10,BT40,"V,2,10,V40","12,6,83","PASS:6,I,7,*",C. Stitt pass incomplete to S. Jones.,"V,3,10,V40",pass,NA,NA,0,20,0,0,NA,12,V,BT,"PUNT,2,03:28,15","TD,2,01:09,100",7,85,2:19,PUNT,2,03:28,BT15,TD,2,01:09,SS00,NA
2021_12_BT_SS,BT,SS,Berlin Thunder,Stuttgart Surge,9/5/2021,Stuttgart,Gazi-Stadion,15:00,17:50,Y,02:50,1500,24 C,no wind,sunny,A. Nagel,I. Summer,R. Lewis,S. Richardson,J. Scott,N. Lakowitz,A. Flaisch-J.,BT,3,10,BT40,"V,3,10,V40","12,7,84","RUSH:1,H49, OB: TACK:23","J. Crawford rush for 11 yards to the SS49, 1ST DOWN BT, out-of-bounds (M. Dabo).","V,1,10,H49",rush,NA,rush,0,20,0,1,NA,12,V,BT,"PUNT,2,03:28,15","TD,2,01:09,100",7,85,2:19,PUNT,2,03:28,BT15,TD,2,01:09,SS00,NA
2021_12_BT_SS,BT,SS,Berlin Thunder,Stuttgart Surge,9/5/2021,Stuttgart,Gazi-Stadion,15:00,17:50,Y,02:50,1500,24 C,no wind,sunny,A. Nagel,I. Summer,R. Lewis,S. Richardson,J. Scott,N. Lakowitz,A. Flaisch-J.,BT,1,10,SS49,"V,1,10,H49","12,8,85","PEN:V,DOG,A,6,V46,N",PENALTY BT DOG (C. Stitt) 5 yards to the BT46.,"V,1,15,V46",penalty,NA,NA,0,20,0,0,NA,12,V,BT,"PUNT,2,03:28,15","TD,2,01:09,100",7,85,2:19,PUNT,2,03:28,BT15,TD,2,01:09,SS00,NA
2021_12_BT_SS,BT,SS,Berlin Thunder,Stuttgart Surge,9/5/2021,Stuttgart,Gazi-Stadion,15:00,17:50,Y,02:50,1500,24 C,no wind,sunny,A. Nagel,I. Summer,R. Lewis,S. Richardson,J. Scott,N. Lakowitz,A. Flaisch-J.,BT,1,15,BT46,"V,1,15,V46","12,9,86","RUSH:1,H00, T:01:09","J. Crawford rush for 54 yards to the SS0, 1ST DOWN BT, TOUCHDOWN, clock 01:09.","V,1,10,H15",rush,01:09,rush,1,26,0,0,NA,12,V,BT,"PUNT,2,03:28,15","TD,2,01:09,100",7,85,2:19,PUNT,2,03:28,BT15,TD,2,01:09,SS00,NA
2021_12_BT_SS,BT,SS,Berlin Thunder,Stuttgart Surge,9/5/2021,Stuttgart,Gazi-Stadion,15:00,17:50,Y,02:50,1500,24 C,no wind,sunny,A. Nagel,I. Summer,R. Lewis,S. Richardson,J. Scott,N. Lakowitz,A. Flaisch-J.,BT,1,10,SS15,"V,1,10,H15","12,10,87","PAT:P,6,F,11,N","C. Stitt pass attempt failed (fumbled), returned by R. Lakalaka - no score.","V,1,0,V35",pat,NA,NA,0,26,0,0,NA,12,V,BT,"PUNT,2,03:28,15","TD,2,01:09,100",7,85,2:19,PUNT,2,03:28,BT15,TD,2,01:09,SS00,NA
2021_12_BT_SS,BT,SS,Berlin Thunder,Stuttgart Surge,9/5/2021,Stuttgart,Gazi-Stadion,15:00,17:50,Y,02:50,1500,24 C,no wind,sunny,A. Nagel,I. Summer,R. Lewis,S. Richardson,J. Scott,N. Lakowitz,A. Flaisch-J.,BT,1,0,BT35,"V,1,0,V35","12,11,88","KO:26,H25 RET:88,H34 TACK:TM","J. Schenderlein kickoff 40 yards to the SS25, M. Pludra return 9 yards to the SS34 (TEAM).","H,1,10,H34",kick_off,NA,NA,0,26,0,0,NA,12,V,BT,"PUNT,2,03:28,15","TD,2,01:09,100",7,85,2:19,PUNT,2,03:28,BT15,TD,2,01:09,SS00,NA
2021_12_BT_SS,BT,SS,Berlin Thunder,Stuttgart Surge,9/5/2021,Stuttgart,Gazi-Stadion,15:00,17:50,Y,02:50,1500,24 C,no wind,sunny,A. Nagel,I. Summer,R. Lewis,S. Richardson,J. Scott,N. Lakowitz,A. Flaisch-J.,SS,1,10,SS34,"H,1,10,H34","13,1,89",{DRIVE}:01:06,STUTTGART SURGE drive start at 01:06.,"H,1,10,H34",NA,01:06,NA,0,26,0,0,NA,13,H,SS,"KO,2,01:06,34","HALF,2,00:00,77",8,43,1:06,KO,2,01:06,SS34,HALF,2,00:00,BT23,1
2021_12_BT_SS,BT,SS,Berlin Thunder,Stuttgart Surge,9/5/2021,Stuttgart,Gazi-Stadion,15:00,17:50,Y,02:50,1500,24 C,no wind,sunny,A. Nagel,I. Summer,R. Lewis,S. Richardson,J. Scott,N. Lakowitz,A. Flaisch-J.,SS,1,10,SS34,"H,1,10,H34","13,2,90","PASS:16,I,14,* BRUP:15",M. Winterlik pass incomplete to L. Geyer (M. Thiele).,"H,2,10,H34",pass,NA,NA,0,26,0,0,NA,13,H,SS,"KO,2,01:06,34","HALF,2,00:00,77",8,43,1:06,KO,2,01:06,SS34,HALF,2,00:00,BT23,1
2021_12_BT_SS,BT,SS,Berlin Thunder,Stuttgart Surge,9/5/2021,Stuttgart,Gazi-Stadion,15:00,17:50,Y,02:50,1500,24 C,no wind,sunny,A. Nagel,I. Summer,R. Lewis,S. Richardson,J. Scott,N. Lakowitz,A. Flaisch-J.,SS,2,10,SS34,"H,2,10,H34","13,3,91","PASS:16,I,18,*",M. Winterlik pass incomplete to P. Steigerwald.,"H,3,10,H34",pass,NA,NA,0,26,0,0,NA,13,H,SS,"KO,2,01:06,34","HALF,2,00:00,77",8,43,1:06,KO,2,01:06,SS34,HALF,2,00:00,BT23,1
2021_12_BT_SS,BT,SS,Berlin Thunder,Stuttgart Surge,9/5/2021,Stuttgart,Gazi-Stadion,15:00,17:50,Y,02:50,1500,24 C,no wind,sunny,A. Nagel,I. Summer,R. Lewis,S. Richardson,J. Scott,N. Lakowitz,A. Flaisch-J.,SS,3,10,SS34,"H,3,10,H34","13,4,92","PASS:16,S,TM,H32 SACK:45 PEN:V,ICT,A,52,H39,1 NOPLAY:","M. Winterlik sacked for loss of 2 yards to the SS32 (K. Hill), PENALTY BT illegal contact (W. Nasri) 5 yards to the SS39, 1ST DOWN SS, NO PLAY.","H,1,10,H39",penalty,NA,penalty,0,26,0,0,NA,13,H,SS,"KO,2,01:06,34","HALF,2,00:00,77",8,43,1:06,KO,2,01:06,SS34,HALF,2,00:00,BT23,1
2021_12_BT_SS,BT,SS,Berlin Thunder,Stuttgart Surge,9/5/2021,Stuttgart,Gazi-Stadion,15:00,17:50,Y,02:50,1500,24 C,no wind,sunny,A. Nagel,I. Summer,R. Lewis,S. Richardson,J. Scott,N. Lakowitz,A. Flaisch-J.,SS,1,10,SS39,"H,1,10,H39","13,5,93","PASS:16,I,85,*",M. Winterlik pass incomplete to P. Weiblen.,"H,2,10,H39",pass,NA,NA,0,26,0,0,NA,13,H,SS,"KO,2,01:06,34","HALF,2,00:00,77",8,43,1:06,KO,2,01:06,SS34,HALF,2,00:00,BT23,1
2021_12_BT_SS,BT,SS,Berlin Thunder,Stuttgart Surge,9/5/2021,Stuttgart,Gazi-Stadion,15:00,17:50,Y,02:50,1500,24 C,no wind,sunny,A. Nagel,I. Summer,R. Lewis,S. Richardson,J. Scott,N. Lakowitz,A. Flaisch-J.,SS,2,10,SS39,"H,2,10,H39","13,6,94","PASS:4,C,14,V31","A. Eitel pass complete to L. Geyer for 30 yards to the BT31, 1ST DOWN SS.","H,1,10,V31",pass,NA,pass,0,26,0,0,NA,13,H,SS,"KO,2,01:06,34","HALF,2,00:00,77",8,43,1:06,KO,2,01:06,SS34,HALF,2,00:00,BT23,1
2021_12_BT_SS,BT,SS,Berlin Thunder,Stuttgart Surge,9/5/2021,Stuttgart,Gazi-Stadion,15:00,17:50,Y,02:50,1500,24 C,no wind,sunny,A. Nagel,I. Summer,R. Lewis,S. Richardson,J. Scott,N. Lakowitz,A. Flaisch-J.,SS,1,10,BT31,"H,1,10,V31","13,7,95",TOUT:H T:00:31,"Timeout Stuttgart Surge, clock 00:31.","H,1,10,V31",NA,00:31,NA,0,26,0,0,NA,13,H,SS,"KO,2,01:06,34","HALF,2,00:00,77",8,43,1:06,KO,2,01:06,SS34,HALF,2,00:00,BT23,1
2021_12_BT_SS,BT,SS,Berlin Thunder,Stuttgart Surge,9/5/2021,Stuttgart,Gazi-Stadion,15:00,17:50,Y,02:50,1500,24 C,no wind,sunny,A. Nagel,I. Summer,R. Lewis,S. Richardson,J. Scott,N. Lakowitz,A. Flaisch-J.,SS,1,10,BT31,"H,1,10,V31","13,8,96","PASS:16,I,14,*",M. Winterlik pass incomplete to L. Geyer.,"H,2,10,V31",pass,NA,NA,0,26,0,0,NA,13,H,SS,"KO,2,01:06,34","HALF,2,00:00,77",8,43,1:06,KO,2,01:06,SS34,HALF,2,00:00,BT23,1
2021_12_BT_SS,BT,SS,Berlin Thunder,Stuttgart Surge,9/5/2021,Stuttgart,Gazi-Stadion,15:00,17:50,Y,02:50,1500,24 C,no wind,sunny,A. Nagel,I. Summer,R. Lewis,S. Richardson,J. Scott,N. Lakowitz,A. Flaisch-J.,SS,2,10,BT31,"H,2,10,V31","13,9,97","PASS:16,C,18,V19 TACK:52","M. Winterlik pass complete to P. Steigerwald for 12 yards to the BT19, 1ST DOWN SS (W. Nasri).","H,1,10,V19",pass,NA,pass,0,26,0,0,NA,13,H,SS,"KO,2,01:06,34","HALF,2,00:00,77",8,43,1:06,KO,2,01:06,SS34,HALF,2,00:00,BT23,1
2021_12_BT_SS,BT,SS,Berlin Thunder,Stuttgart Surge,9/5/2021,Stuttgart,Gazi-Stadion,15:00,17:50,Y,02:50,1500,24 C,no wind,sunny,A. Nagel,I. Summer,R. Lewis,S. Richardson,J. Scott,N. Lakowitz,A. Flaisch-J.,SS,1,10,BT19,"H,1,10,V19","13,10,98",TOUT:H T:00:15,"Timeout Stuttgart Surge, clock 00:15.","H,1,10,V19",NA,00:15,NA,0,26,0,0,NA,13,H,SS,"KO,2,01:06,34","HALF,2,00:00,77",8,43,1:06,KO,2,01:06,SS34,HALF,2,00:00,BT23,1
2021_12_BT_SS,BT,SS,Berlin Thunder,Stuttgart Surge,9/5/2021,Stuttgart,Gazi-Stadion,15:00,17:50,Y,02:50,1500,24 C,no wind,sunny,A. Nagel,I. Summer,R. Lewis,S. Richardson,J. Scott,N. Lakowitz,A. Flaisch-J.,SS,1,10,BT19,"H,1,10,V19","13,11,99","PASS:16,I,18,*",M. Winterlik pass incomplete to P. Steigerwald.,"H,2,10,V19",pass,NA,NA,0,26,0,0,NA,13,H,SS,"KO,2,01:06,34","HALF,2,00:00,77",8,43,1:06,KO,2,01:06,SS34,HALF,2,00:00,BT23,1
2021_12_BT_SS,BT,SS,Berlin Thunder,Stuttgart Surge,9/5/2021,Stuttgart,Gazi-Stadion,15:00,17:50,Y,02:50,1500,24 C,no wind,sunny,A. Nagel,I. Summer,R. Lewis,S. Richardson,J. Scott,N. Lakowitz,A. Flaisch-J.,SS,2,10,BT19,"H,2,10,V19","13,12,100",TOUT:H T:00:08,"Timeout Stuttgart Surge, clock 00:08.","H,2,10,V19",NA,00:08,NA,0,26,0,0,NA,13,H,SS,"KO,2,01:06,34","HALF,2,00:00,77",8,43,1:06,KO,2,01:06,SS34,HALF,2,00:00,BT23,1
2021_12_BT_SS,BT,SS,Berlin Thunder,Stuttgart Surge,9/5/2021,Stuttgart,Gazi-Stadion,15:00,17:50,Y,02:50,1500,24 C,no wind,sunny,A. Nagel,I. Summer,R. Lewis,S. Richardson,J. Scott,N. Lakowitz,A. Flaisch-J.,SS,2,10,BT19,"H,2,10,V19","13,13,101","PASS:16,S,TM,V23 SACK:45,92",M. Winterlik sacked for loss of 4 yards to the BT23 (K. Hill;T. Hiller).,"H,3,14,V23",pass,NA,NA,0,26,0,0,NA,13,H,SS,"KO,2,01:06,34","HALF,2,00:00,77",8,43,1:06,KO,2,01:06,SS34,HALF,2,00:00,BT23,1
2021_12_BT_SS,BT,SS,Berlin Thunder,Stuttgart Surge,9/5/2021,Stuttgart,Gazi-Stadion,15:00,17:50,Y,02:50,1500,24 C,no wind,sunny,A. Nagel,I. Summer,R. Lewis,S. Richardson,J. Scott,N. Lakowitz,A. Flaisch-J.,SS,3,14,BT23,"H,3,14,V23","13,14,102",HALF: T:00:00,"End of half, clock 00:00.","H,3,14,V23",NA,00:00,NA,0,26,0,0,NA,13,H,SS,"KO,2,01:06,34","HALF,2,00:00,77",8,43,1:06,KO,2,01:06,SS34,HALF,2,00:00,BT23,1
2021_12_BT_SS,BT,SS,Berlin Thunder,Stuttgart Surge,9/5/2021,Stuttgart,Gazi-Stadion,15:00,17:50,Y,02:50,1500,24 C,no wind,sunny,A. Nagel,I. Summer,R. Lewis,S. Richardson,J. Scott,N. Lakowitz,A. Flaisch-J.,SS,3,14,BT23,"H,3,14,V23","13,15,103","Q:3 T:15:00 SPOT:H,H35,N","Start of 3rd quarter, clock 15:00, SS ball on SS35.","H,3,14,H35",NA,15:00,NA,0,26,0,0,NA,13,H,SS,"KO,2,01:06,34","HALF,2,00:00,77",8,43,1:06,KO,2,01:06,SS34,HALF,2,00:00,BT23,1
2021_12_BT_SS,BT,SS,Berlin Thunder,Stuttgart Surge,9/5/2021,Stuttgart,Gazi-Stadion,15:00,17:50,Y,02:50,1500,24 C,no wind,sunny,A. Nagel,I. Summer,R. Lewis,S. Richardson,J. Scott,N. Lakowitz,A. Flaisch-J.,SS,3,14,SS35,"H,3,14,H35","13,16,104","KO:17,V11 RET:88,V17 TACK:33","P. Floeser kickoff 54 yards to the BT11, T. Ndongo return 6 yards to the BT17 (B. Wenzler).","V,1,10,V17",kick_off,NA,NA,0,26,0,0,NA,13,H,SS,"KO,2,01:06,34","HALF,2,00:00,77",8,43,1:06,KO,2,01:06,SS34,HALF,2,00:00,BT23,1
2021_12_BT_SS,BT,SS,Berlin Thunder,Stuttgart Surge,9/5/2021,Stuttgart,Gazi-Stadion,15:00,17:50,Y,02:50,1500,24 C,no wind,sunny,A. Nagel,I. Summer,R. Lewis,S. Richardson,J. Scott,N. Lakowitz,A. Flaisch-J.,BT,1,10,BT17,"V,1,10,V17","14,1,105",{DRIVE}:14:56,BERLIN THUNDER drive start at 14:56.,"V,1,10,V17",NA,14:56,NA,0,26,0,0,NA,14,V,BT,"KO,3,14:56,17","FGA,3,11:07,70",7,53,3:49,KO,3,14:56,BT17,FGA,3,11:07,SS30,NA
2021_12_BT_SS,BT,SS,Berlin Thunder,Stuttgart Surge,9/5/2021,Stuttgart,Gazi-Stadion,15:00,17:50,Y,02:50,1500,24 C,no wind,sunny,A. Nagel,I. Summer,R. Lewis,S. Richardson,J. Scott,N. Lakowitz,A. Flaisch-J.,BT,1,10,BT17,"V,1,10,V17","14,2,106","RUSH:1,V42, TACK:32,23","J. Crawford rush for 25 yards to the BT42, 1ST DOWN BT (J. Ludwig-M.;M. Dabo).","V,1,10,V42",rush,NA,rush,0,26,0,0,NA,14,V,BT,"KO,3,14:56,17","FGA,3,11:07,70",7,53,3:49,KO,3,14:56,BT17,FGA,3,11:07,SS30,NA
2021_12_BT_SS,BT,SS,Berlin Thunder,Stuttgart Surge,9/5/2021,Stuttgart,Gazi-Stadion,15:00,17:50,Y,02:50,1500,24 C,no wind,sunny,A. Nagel,I. Summer,R. Lewis,S. Richardson,J. Scott,N. Lakowitz,A. Flaisch-J.,BT,1,10,BT42,"V,1,10,V42","14,3,107","RUSH:6,H35, OB:","C. Stitt rush for 23 yards to the SS35, 1ST DOWN BT, out-of-bounds.","V,1,10,H35",rush,NA,rush,0,26,0,1,NA,14,V,BT,"KO,3,14:56,17","FGA,3,11:07,70",7,53,3:49,KO,3,14:56,BT17,FGA,3,11:07,SS30,NA
2021_12_BT_SS,BT,SS,Berlin Thunder,Stuttgart Surge,9/5/2021,Stuttgart,Gazi-Stadion,15:00,17:50,Y,02:50,1500,24 C,no wind,sunny,A. Nagel,I. Summer,R. Lewis,S. Richardson,J. Scott,N. Lakowitz,A. Flaisch-J.,BT,1,10,SS35,"V,1,10,H35","14,4,108","PASS:6,C,85,H24 TACK:3,33","C. Stitt pass complete to N. Schumann for 11 yards to the SS24, 1ST DOWN BT (W. Martheli;B. Wenzler).","V,1,10,H24",pass,NA,pass,0,26,0,0,NA,14,V,BT,"KO,3,14:56,17","FGA,3,11:07,70",7,53,3:49,KO,3,14:56,BT17,FGA,3,11:07,SS30,NA
2021_12_BT_SS,BT,SS,Berlin Thunder,Stuttgart Surge,9/5/2021,Stuttgart,Gazi-Stadion,15:00,17:50,Y,02:50,1500,24 C,no wind,sunny,A. Nagel,I. Summer,R. Lewis,S. Richardson,J. Scott,N. Lakowitz,A. Flaisch-J.,BT,1,10,SS24,"V,1,10,H24","14,5,109","PASS:6,I,7,* BRUP:33",C. Stitt pass incomplete to S. Jones (B. Wenzler).,"V,2,10,H24",pass,NA,NA,0,26,0,0,NA,14,V,BT,"KO,3,14:56,17","FGA,3,11:07,70",7,53,3:49,KO,3,14:56,BT17,FGA,3,11:07,SS30,NA
2021_12_BT_SS,BT,SS,Berlin Thunder,Stuttgart Surge,9/5/2021,Stuttgart,Gazi-Stadion,15:00,17:50,Y,02:50,1500,24 C,no wind,sunny,A. Nagel,I. Summer,R. Lewis,S. Richardson,J. Scott,N. Lakowitz,A. Flaisch-J.,BT,2,10,SS24,"V,2,10,H24","14,6,110","RUSH:47,H20, TACK:97",Y. Landfried rush for 4 yards to the SS20 (P. Ungericht).,"V,3,6,H20",rush,NA,NA,0,26,0,0,NA,14,V,BT,"KO,3,14:56,17","FGA,3,11:07,70",7,53,3:49,KO,3,14:56,BT17,FGA,3,11:07,SS30,NA
2021_12_BT_SS,BT,SS,Berlin Thunder,Stuttgart Surge,9/5/2021,Stuttgart,Gazi-Stadion,15:00,17:50,Y,02:50,1500,24 C,no wind,sunny,A. Nagel,I. Summer,R. Lewis,S. Richardson,J. Scott,N. Lakowitz,A. Flaisch-J.,BT,3,6,SS20,"V,3,6,H20","14,7,111","RUSH:1,H25, TACK:42,92",J. Crawford rush for loss of 5 yards to the SS25 (Z. Blair;T. Burkhardt).,"V,4,11,H25",rush,NA,NA,0,26,0,0,NA,14,V,BT,"KO,3,14:56,17","FGA,3,11:07,70",7,53,3:49,KO,3,14:56,BT17,FGA,3,11:07,SS30,NA
2021_12_BT_SS,BT,SS,Berlin Thunder,Stuttgart Surge,9/5/2021,Stuttgart,Gazi-Stadion,15:00,17:50,Y,02:50,1500,24 C,no wind,sunny,A. Nagel,I. Summer,R. Lewis,S. Richardson,J. Scott,N. Lakowitz,A. Flaisch-J.,BT,4,11,SS25,"V,4,11,H25","14,8,112","PEN:V,DOG,A,85,H30,N",PENALTY BT DOG (N. Schumann) 5 yards to the SS30.,"V,4,16,H30",penalty,NA,NA,0,26,0,0,NA,14,V,BT,"KO,3,14:56,17","FGA,3,11:07,70",7,53,3:49,KO,3,14:56,BT17,FGA,3,11:07,SS30,NA
2021_12_BT_SS,BT,SS,Berlin Thunder,Stuttgart Surge,9/5/2021,Stuttgart,Gazi-Stadion,15:00,17:50,Y,02:50,1500,24 C,no wind,sunny,A. Nagel,I. Summer,R. Lewis,S. Richardson,J. Scott,N. Lakowitz,A. Flaisch-J.,BT,4,16,SS30,"V,4,16,H30","14,9,113","FGA:26,47,B,H41,H,30 T:11:07 BLOCK:42 FUMB:H,H41,30 +:32,V36 +:92,V46 TACK:91,85 PEN:H,ICT,A,TM,H39,N D:1,10","J. Schenderlein field goal attempt from 47 BLOCKED, recovered by SS T. Becker at SS41 spot at SS41, clock 11:07 (blocked by Z. Blair), fumble by recovered by SS T. Becker at SS41, J. Ludwig-M. for 23 yards to the BT36, T. Burkhardt for loss of 10 yards to the BT46 (A. Odeleye;N. Schumann), PENALTY SS illegal contact 15 yards to the SS39, 1st and 10.","H,1,10,H39",field_goal,11:07,NA,0,26,0,0,NA,14,V,BT,"KO,3,14:56,17","FGA,3,11:07,70",7,53,3:49,KO,3,14:56,BT17,FGA,3,11:07,SS30,NA
2021_12_BT_SS,BT,SS,Berlin Thunder,Stuttgart Surge,9/5/2021,Stuttgart,Gazi-Stadion,15:00,17:50,Y,02:50,1500,24 C,no wind,sunny,A. Nagel,I. Summer,R. Lewis,S. Richardson,J. Scott,N. Lakowitz,A. Flaisch-J.,SS,1,10,SS39,"H,1,10,H39","15,1,114","RUSH:41,H46, TACK:52,97",B. Yankson rush for 7 yards to the SS46 (W. Nasri;K. Wagner).,"H,2,3,H46",rush,NA,NA,0,26,0,0,NA,15,H,SS,"FGA,3,11:07,41","FUMB,3,07:35,43",7,2,3:32,FGA,3,11:07,SS41,FUMB,3,07:35,SS43,NA
2021_12_BT_SS,BT,SS,Berlin Thunder,Stuttgart Surge,9/5/2021,Stuttgart,Gazi-Stadion,15:00,17:50,Y,02:50,1500,24 C,no wind,sunny,A. Nagel,I. Summer,R. Lewis,S. Richardson,J. Scott,N. Lakowitz,A. Flaisch-J.,SS,2,3,SS46,"H,2,3,H46","15,2,115","PASS:16,I,14,* BRUP:14",M. Winterlik pass incomplete to L. Geyer (K. Hummel).,"H,3,3,H46",pass,NA,NA,0,26,0,0,NA,15,H,SS,"FGA,3,11:07,41","FUMB,3,07:35,43",7,2,3:32,FGA,3,11:07,SS41,FUMB,3,07:35,SS43,NA
2021_12_BT_SS,BT,SS,Berlin Thunder,Stuttgart Surge,9/5/2021,Stuttgart,Gazi-Stadion,15:00,17:50,Y,02:50,1500,24 C,no wind,sunny,A. Nagel,I. Summer,R. Lewis,S. Richardson,J. Scott,N. Lakowitz,A. Flaisch-J.,SS,3,3,SS46,"H,3,3,H46","15,3,116","RUSH:41,H48, TACK:52",B. Yankson rush for 2 yards to the SS48 (W. Nasri).,"H,4,1,H48",rush,NA,NA,0,26,0,0,NA,15,H,SS,"FGA,3,11:07,41","FUMB,3,07:35,43",7,2,3:32,FGA,3,11:07,SS41,FUMB,3,07:35,SS43,NA
2021_12_BT_SS,BT,SS,Berlin Thunder,Stuttgart Surge,9/5/2021,Stuttgart,Gazi-Stadion,15:00,17:50,Y,02:50,1500,24 C,no wind,sunny,A. Nagel,I. Summer,R. Lewis,S. Richardson,J. Scott,N. Lakowitz,A. Flaisch-J.,SS,4,1,SS48,"H,4,1,H48","15,4,117","RUSH:5,H50,","D. Meza rush for 2 yards to the 50 yardline, 1ST DOWN SS.","H,1,10,H50",rush,NA,rush,0,26,0,0,NA,15,H,SS,"FGA,3,11:07,41","FUMB,3,07:35,43",7,2,3:32,FGA,3,11:07,SS41,FUMB,3,07:35,SS43,NA
2021_12_BT_SS,BT,SS,Berlin Thunder,Stuttgart Surge,9/5/2021,Stuttgart,Gazi-Stadion,15:00,17:50,Y,02:50,1500,24 C,no wind,sunny,A. Nagel,I. Summer,R. Lewis,S. Richardson,J. Scott,N. Lakowitz,A. Flaisch-J.,SS,1,10,SS50,"H,1,10,H50","15,5,118","PASS:16,C,88,V44 TACK:15,52",M. Winterlik pass complete to M. Pludra for 6 yards to the BT44 (M. Thiele;W. Nasri).,"H,2,4,V44",pass,NA,NA,0,26,0,0,NA,15,H,SS,"FGA,3,11:07,41","FUMB,3,07:35,43",7,2,3:32,FGA,3,11:07,SS41,FUMB,3,07:35,SS43,NA
2021_12_BT_SS,BT,SS,Berlin Thunder,Stuttgart Surge,9/5/2021,Stuttgart,Gazi-Stadion,15:00,17:50,Y,02:50,1500,24 C,no wind,sunny,A. Nagel,I. Summer,R. Lewis,S. Richardson,J. Scott,N. Lakowitz,A. Flaisch-J.,SS,2,4,BT44,"H,2,4,V44","15,6,119","RUSH:5,V40, TACK:52,22","D. Meza rush for 4 yards to the BT40, 1ST DOWN SS (W. Nasri;L. Achaintre).","H,1,10,V40",rush,NA,rush,0,26,0,0,NA,15,H,SS,"FGA,3,11:07,41","FUMB,3,07:35,43",7,2,3:32,FGA,3,11:07,SS41,FUMB,3,07:35,SS43,NA
2021_12_BT_SS,BT,SS,Berlin Thunder,Stuttgart Surge,9/5/2021,Stuttgart,Gazi-Stadion,15:00,17:50,Y,02:50,1500,24 C,no wind,sunny,A. Nagel,I. Summer,R. Lewis,S. Richardson,J. Scott,N. Lakowitz,A. Flaisch-J.,SS,1,10,BT40,"H,1,10,V40","15,7,120","RUSH:74,H42, FUMB:V,H43,92","L. Stingl rush for loss of 18 yards to the SS42, fumble by L. Stingl recovered by BT T. Hiller at SS43.","V,1,10,H43",rush,NA,NA,0,26,0,0,F,15,H,SS,"FGA,3,11:07,41","FUMB,3,07:35,43",7,2,3:32,FGA,3,11:07,SS41,FUMB,3,07:35,SS43,NA
2021_12_BT_SS,BT,SS,Berlin Thunder,Stuttgart Surge,9/5/2021,Stuttgart,Gazi-Stadion,15:00,17:50,Y,02:50,1500,24 C,no wind,sunny,A. Nagel,I. Summer,R. Lewis,S. Richardson,J. Scott,N. Lakowitz,A. Flaisch-J.,BT,1,10,SS43,"V,1,10,H43","16,1,121",{DRIVE}:07:35,BERLIN THUNDER drive start at 07:35.,"V,1,10,H43",NA,07:35,NA,0,26,0,0,NA,16,V,BT,"FUMB,3,07:35,57","PUNT,3,06:47,60",3,3,0:48,FUMB,3,07:35,SS43,PUNT,3,06:47,SS40,NA
2021_12_BT_SS,BT,SS,Berlin Thunder,Stuttgart Surge,9/5/2021,Stuttgart,Gazi-Stadion,15:00,17:50,Y,02:50,1500,24 C,no wind,sunny,A. Nagel,I. Summer,R. Lewis,S. Richardson,J. Scott,N. Lakowitz,A. Flaisch-J.,BT,1,10,SS43,"V,1,10,H43","16,2,122","PEN:V,OTM,A,TM,H48,N",PENALTY BT OTM 5 yards to the SS48.,"V,1,15,H48",penalty,NA,NA,0,26,0,0,NA,16,V,BT,"FUMB,3,07:35,57","PUNT,3,06:47,60",3,3,0:48,FUMB,3,07:35,SS43,PUNT,3,06:47,SS40,NA
2021_12_BT_SS,BT,SS,Berlin Thunder,Stuttgart Surge,9/5/2021,Stuttgart,Gazi-Stadion,15:00,17:50,Y,02:50,1500,24 C,no wind,sunny,A. Nagel,I. Summer,R. Lewis,S. Richardson,J. Scott,N. Lakowitz,A. Flaisch-J.,BT,1,15,SS48,"V,1,15,H48","16,3,123","PASS:6,I,1,*",C. Stitt pass incomplete to J. Crawford.,"V,2,15,H48",pass,NA,NA,0,26,0,0,NA,16,V,BT,"FUMB,3,07:35,57","PUNT,3,06:47,60",3,3,0:48,FUMB,3,07:35,SS43,PUNT,3,06:47,SS40,NA
2021_12_BT_SS,BT,SS,Berlin Thunder,Stuttgart Surge,9/5/2021,Stuttgart,Gazi-Stadion,15:00,17:50,Y,02:50,1500,24 C,no wind,sunny,A. Nagel,I. Summer,R. Lewis,S. Richardson,J. Scott,N. Lakowitz,A. Flaisch-J.,BT,2,15,SS48,"V,2,15,H48","16,4,124","PASS:6,I,11,*",C. Stitt pass incomplete to B. Zerbe.,"V,3,15,H48",pass,NA,NA,0,26,0,0,NA,16,V,BT,"FUMB,3,07:35,57","PUNT,3,06:47,60",3,3,0:48,FUMB,3,07:35,SS43,PUNT,3,06:47,SS40,NA
2021_12_BT_SS,BT,SS,Berlin Thunder,Stuttgart Surge,9/5/2021,Stuttgart,Gazi-Stadion,15:00,17:50,Y,02:50,1500,24 C,no wind,sunny,A. Nagel,I. Summer,R. Lewis,S. Richardson,J. Scott,N. Lakowitz,A. Flaisch-J.,BT,3,15,SS48,"V,3,15,H48","16,5,125","RUSH:6,H40, OB: TACK:40","C. Stitt rush for 8 yards to the SS40, out-of-bounds (C. Koenig).","V,4,7,H40",rush,NA,NA,0,26,0,1,NA,16,V,BT,"FUMB,3,07:35,57","PUNT,3,06:47,60",3,3,0:48,FUMB,3,07:35,SS43,PUNT,3,06:47,SS40,NA
2021_12_BT_SS,BT,SS,Berlin Thunder,Stuttgart Surge,9/5/2021,Stuttgart,Gazi-Stadion,15:00,17:50,Y,02:50,1500,24 C,no wind,sunny,A. Nagel,I. Summer,R. Lewis,S. Richardson,J. Scott,N. Lakowitz,A. Flaisch-J.,BT,4,7,SS40,"V,4,7,H40","16,6,126",TOUT:V T:06:53,"Timeout Berlin Thunder, clock 06:53.","V,4,7,H40",NA,06:53,NA,0,26,0,0,NA,16,V,BT,"FUMB,3,07:35,57","PUNT,3,06:47,60",3,3,0:48,FUMB,3,07:35,SS43,PUNT,3,06:47,SS40,NA
2021_12_BT_SS,BT,SS,Berlin Thunder,Stuttgart Surge,9/5/2021,Stuttgart,Gazi-Stadion,15:00,17:50,Y,02:50,1500,24 C,no wind,sunny,A. Nagel,I. Summer,R. Lewis,S. Richardson,J. Scott,N. Lakowitz,A. Flaisch-J.,BT,4,7,SS40,"V,4,7,H40","16,7,127","PUNT:14,H10 OB:","K. Hummel punt 30 yards to the SS10, out-of-bounds.","H,1,10,H10",punt,NA,NA,0,26,0,1,NA,16,V,BT,"FUMB,3,07:35,57","PUNT,3,06:47,60",3,3,0:48,FUMB,3,07:35,SS43,PUNT,3,06:47,SS40,NA
2021_12_BT_SS,BT,SS,Berlin Thunder,Stuttgart Surge,9/5/2021,Stuttgart,Gazi-Stadion,15:00,17:50,Y,02:50,1500,24 C,no wind,sunny,A. Nagel,I. Summer,R. Lewis,S. Richardson,J. Scott,N. Lakowitz,A. Flaisch-J.,SS,1,10,SS10,"H,1,10,H10","17,1,128",{DRIVE}:06:47,STUTTGART SURGE drive start at 06:47.,"H,1,10,H10",NA,06:47,NA,0,26,0,0,NA,17,H,SS,"PUNT,3,06:47,10","INT,3,04:33,57",6,47,2:14,PUNT,3,06:47,SS10,INT,3,04:33,BT43,NA
2021_12_BT_SS,BT,SS,Berlin Thunder,Stuttgart Surge,9/5/2021,Stuttgart,Gazi-Stadion,15:00,17:50,Y,02:50,1500,24 C,no wind,sunny,A. Nagel,I. Summer,R. Lewis,S. Richardson,J. Scott,N. Lakowitz,A. Flaisch-J.,SS,1,10,SS10,"H,1,10,H10","17,2,129","PASS:4,C,12,H17 TACK:52 PEN:V,RPS,A,22,H32,1","A. Eitel pass complete to F. Latour for 7 yards to the SS17 (W. Nasri), PENALTY BT RPS (L. Achaintre) 15 yards to the SS32, 1ST DOWN SS.","H,1,10,H32",pass,NA,penalty,0,26,0,0,NA,17,H,SS,"PUNT,3,06:47,10","INT,3,04:33,57",6,47,2:14,PUNT,3,06:47,SS10,INT,3,04:33,BT43,NA
2021_12_BT_SS,BT,SS,Berlin Thunder,Stuttgart Surge,9/5/2021,Stuttgart,Gazi-Stadion,15:00,17:50,Y,02:50,1500,24 C,no wind,sunny,A. Nagel,I. Summer,R. Lewis,S. Richardson,J. Scott,N. Lakowitz,A. Flaisch-J.,SS,1,10,SS32,"H,1,10,H32","17,3,130","PASS:4,C,5,H47 TACK:22,24","A. Eitel pass complete to D. Meza for 15 yards to the SS47, 1ST DOWN SS (L. Achaintre;M. De Falcis).","H,1,10,H47",pass,NA,pass,0,26,0,0,NA,17,H,SS,"PUNT,3,06:47,10","INT,3,04:33,57",6,47,2:14,PUNT,3,06:47,SS10,INT,3,04:33,BT43,NA
2021_12_BT_SS,BT,SS,Berlin Thunder,Stuttgart Surge,9/5/2021,Stuttgart,Gazi-Stadion,15:00,17:50,Y,02:50,1500,24 C,no wind,sunny,A. Nagel,I. Summer,R. Lewis,S. Richardson,J. Scott,N. Lakowitz,A. Flaisch-J.,SS,1,10,SS47,"H,1,10,H47","17,4,131","PASS:4,I,87,* PEN:H,OH,A,77,H37,N NOPLAY:","A. Eitel pass incomplete to D. Rofalski, PENALTY SS OH (M. Kuppinger) 10 yards to the SS37, NO PLAY.","H,1,20,H37",penalty,NA,NA,0,26,0,0,NA,17,H,SS,"PUNT,3,06:47,10","INT,3,04:33,57",6,47,2:14,PUNT,3,06:47,SS10,INT,3,04:33,BT43,NA
2021_12_BT_SS,BT,SS,Berlin Thunder,Stuttgart Surge,9/5/2021,Stuttgart,Gazi-Stadion,15:00,17:50,Y,02:50,1500,24 C,no wind,sunny,A. Nagel,I. Summer,R. Lewis,S. Richardson,J. Scott,N. Lakowitz,A. Flaisch-J.,SS,1,20,SS37,"H,1,20,H37","17,5,132","PASS:4,C,26,H48 TACK:52 PEN:H,IDP,A,77,H32,N NOPLAY:","A. Eitel pass complete to R. Pein for 11 yards to the SS48 (W. Nasri), PENALTY SS IDP (M. Kuppinger) 5 yards to the SS32, NO PLAY.","H,1,25,H32",penalty,NA,NA,0,26,0,0,NA,17,H,SS,"PUNT,3,06:47,10","INT,3,04:33,57",6,47,2:14,PUNT,3,06:47,SS10,INT,3,04:33,BT43,NA
2021_12_BT_SS,BT,SS,Berlin Thunder,Stuttgart Surge,9/5/2021,Stuttgart,Gazi-Stadion,15:00,17:50,Y,02:50,1500,24 C,no wind,sunny,A. Nagel,I. Summer,R. Lewis,S. Richardson,J. Scott,N. Lakowitz,A. Flaisch-J.,SS,1,25,SS32,"H,1,25,H32","17,6,133","PASS:4,I,5,*",A. Eitel pass incomplete to D. Meza.,"H,2,25,H32",pass,NA,NA,0,26,0,0,NA,17,H,SS,"PUNT,3,06:47,10","INT,3,04:33,57",6,47,2:14,PUNT,3,06:47,SS10,INT,3,04:33,BT43,NA
2021_12_BT_SS,BT,SS,Berlin Thunder,Stuttgart Surge,9/5/2021,Stuttgart,Gazi-Stadion,15:00,17:50,Y,02:50,1500,24 C,no wind,sunny,A. Nagel,I. Summer,R. Lewis,S. Richardson,J. Scott,N. Lakowitz,A. Flaisch-J.,SS,2,25,SS32,"H,2,25,H32","17,7,134","PEN:H,DOG,A,4,H27,N",PENALTY SS DOG (A. Eitel) 5 yards to the SS27.,"H,2,30,H27",penalty,NA,NA,0,26,0,0,NA,17,H,SS,"PUNT,3,06:47,10","INT,3,04:33,57",6,47,2:14,PUNT,3,06:47,SS10,INT,3,04:33,BT43,NA
2021_12_BT_SS,BT,SS,Berlin Thunder,Stuttgart Surge,9/5/2021,Stuttgart,Gazi-Stadion,15:00,17:50,Y,02:50,1500,24 C,no wind,sunny,A. Nagel,I. Summer,R. Lewis,S. Richardson,J. Scott,N. Lakowitz,A. Flaisch-J.,SS,2,30,SS27,"H,2,30,H27","17,8,135","PASS:4,I,5,*",A. Eitel pass incomplete to D. Meza.,"H,3,30,H27",pass,NA,NA,0,26,0,0,NA,17,H,SS,"PUNT,3,06:47,10","INT,3,04:33,57",6,47,2:14,PUNT,3,06:47,SS10,INT,3,04:33,BT43,NA
2021_12_BT_SS,BT,SS,Berlin Thunder,Stuttgart Surge,9/5/2021,Stuttgart,Gazi-Stadion,15:00,17:50,Y,02:50,1500,24 C,no wind,sunny,A. Nagel,I. Summer,R. Lewis,S. Richardson,J. Scott,N. Lakowitz,A. Flaisch-J.,SS,3,30,SS27,"H,3,30,H27","17,9,136","PASS:4,I,5,* PEN:V,RPS,A,45,H42,1 NOPLAY:","A. Eitel pass incomplete to D. Meza, PENALTY BT RPS (K. Hill) 15 yards to the SS42, 1ST DOWN SS, NO PLAY.","H,1,10,H42",penalty,NA,penalty,0,26,0,0,NA,17,H,SS,"PUNT,3,06:47,10","INT,3,04:33,57",6,47,2:14,PUNT,3,06:47,SS10,INT,3,04:33,BT43,NA
2021_12_BT_SS,BT,SS,Berlin Thunder,Stuttgart Surge,9/5/2021,Stuttgart,Gazi-Stadion,15:00,17:50,Y,02:50,1500,24 C,no wind,sunny,A. Nagel,I. Summer,R. Lewis,S. Richardson,J. Scott,N. Lakowitz,A. Flaisch-J.,SS,1,10,SS42,"H,1,10,H42","17,10,137","RUSH:26,H42, TACK:52,45 PEN:V,UNR,A,52,V43,1","R. Pein rush for no gain to the SS42 (W. Nasri;K. Hill), PENALTY BT UNR (W. Nasri) 15 yards to the BT43, 1ST DOWN SS.","H,1,10,V43",rush,NA,penalty,0,26,0,0,NA,17,H,SS,"PUNT,3,06:47,10","INT,3,04:33,57",6,47,2:14,PUNT,3,06:47,SS10,INT,3,04:33,BT43,NA
2021_12_BT_SS,BT,SS,Berlin Thunder,Stuttgart Surge,9/5/2021,Stuttgart,Gazi-Stadion,15:00,17:50,Y,02:50,1500,24 C,no wind,sunny,A. Nagel,I. Summer,R. Lewis,S. Richardson,J. Scott,N. Lakowitz,A. Flaisch-J.,SS,1,10,BT43,"H,1,10,V43","17,11,138","D:1,10",1st and 10.,"H,1,10,V43",NA,NA,NA,0,26,0,0,NA,17,H,SS,"PUNT,3,06:47,10","INT,3,04:33,57",6,47,2:14,PUNT,3,06:47,SS10,INT,3,04:33,BT43,NA
2021_12_BT_SS,BT,SS,Berlin Thunder,Stuttgart Surge,9/5/2021,Stuttgart,Gazi-Stadion,15:00,17:50,Y,02:50,1500,24 C,no wind,sunny,A. Nagel,I. Summer,R. Lewis,S. Richardson,J. Scott,N. Lakowitz,A. Flaisch-J.,SS,1,10,BT43,"H,1,10,V43","17,12,139","PASS:4,X,24,V20 RET:24,V35 TACK:5,75","A. Eitel pass intercepted by M. De Falcis at the BT20, M. De Falcis return 15 yards to the BT35 (D. Meza;S. Mike).","V,1,10,V35",pass,NA,NA,0,26,0,0,I,17,H,SS,"PUNT,3,06:47,10","INT,3,04:33,57",6,47,2:14,PUNT,3,06:47,SS10,INT,3,04:33,BT43,NA
2021_12_BT_SS,BT,SS,Berlin Thunder,Stuttgart Surge,9/5/2021,Stuttgart,Gazi-Stadion,15:00,17:50,Y,02:50,1500,24 C,no wind,sunny,A. Nagel,I. Summer,R. Lewis,S. Richardson,J. Scott,N. Lakowitz,A. Flaisch-J.,BT,1,10,BT35,"V,1,10,V35","18,1,140",{DRIVE}:04:33,BERLIN THUNDER drive start at 04:33.,"V,1,10,V35",NA,04:33,NA,0,26,0,0,NA,18,V,BT,"INT,3,04:33,35","TD,3,04:20,100",1,65,0:13,INT,3,04:33,BT35,TD,3,04:20,SS00,NA
2021_12_BT_SS,BT,SS,Berlin Thunder,Stuttgart Surge,9/5/2021,Stuttgart,Gazi-Stadion,15:00,17:50,Y,02:50,1500,24 C,no wind,sunny,A. Nagel,I. Summer,R. Lewis,S. Richardson,J. Scott,N. Lakowitz,A. Flaisch-J.,BT,1,10,BT35,"V,1,10,V35","18,2,141","RUSH:1,H00, T:04:20 PAT:K,26,M","J. Crawford rush for 65 yards to the SS0, 1ST DOWN BT, TOUCHDOWN, clock 04:20, J. Schenderlein kick attempt failed.","V,1,0,V35",pat,04:20,rush,1,32,0,0,NA,18,V,BT,"INT,3,04:33,35","TD,3,04:20,100",1,65,0:13,INT,3,04:33,BT35,TD,3,04:20,SS00,NA
2021_12_BT_SS,BT,SS,Berlin Thunder,Stuttgart Surge,9/5/2021,Stuttgart,Gazi-Stadion,15:00,17:50,Y,02:50,1500,24 C,no wind,sunny,A. Nagel,I. Summer,R. Lewis,S. Richardson,J. Scott,N. Lakowitz,A. Flaisch-J.,BT,1,0,BT35,"V,1,0,V35","18,3,142","PEN:V,DOG,A,26,V30,N",PENALTY BT DOG (J. Schenderlein) 5 yards to the BT30.,"V,1,0,V30",penalty,NA,NA,0,32,0,0,NA,18,V,BT,"INT,3,04:33,35","TD,3,04:20,100",1,65,0:13,INT,3,04:33,BT35,TD,3,04:20,SS00,NA
2021_12_BT_SS,BT,SS,Berlin Thunder,Stuttgart Surge,9/5/2021,Stuttgart,Gazi-Stadion,15:00,17:50,Y,02:50,1500,24 C,no wind,sunny,A. Nagel,I. Summer,R. Lewis,S. Richardson,J. Scott,N. Lakowitz,A. Flaisch-J.,BT,1,0,BT30,"V,1,0,V30","18,4,143","KO:26,H00 RET:17,H20 TACK:42,47","J. Schenderlein kickoff 70 yards to the SS0, P. Floeser return 20 yards to the SS20 (P. Fischer;Y. Landfried).","H,1,10,H20",kick_off,NA,NA,0,32,0,0,NA,18,V,BT,"INT,3,04:33,35","TD,3,04:20,100",1,65,0:13,INT,3,04:33,BT35,TD,3,04:20,SS00,NA
2021_12_BT_SS,BT,SS,Berlin Thunder,Stuttgart Surge,9/5/2021,Stuttgart,Gazi-Stadion,15:00,17:50,Y,02:50,1500,24 C,no wind,sunny,A. Nagel,I. Summer,R. Lewis,S. Richardson,J. Scott,N. Lakowitz,A. Flaisch-J.,SS,1,10,SS20,"H,1,10,H20","19,1,144",{DRIVE}:04:15,STUTTGART SURGE drive start at 04:15.,"H,1,10,H20",NA,04:15,NA,0,32,0,0,NA,19,H,SS,"KO,3,04:15,20","FUMB,3,04:06,20",1,0,0:09,KO,3,04:15,SS20,FUMB,3,04:06,SS20,NA
2021_12_BT_SS,BT,SS,Berlin Thunder,Stuttgart Surge,9/5/2021,Stuttgart,Gazi-Stadion,15:00,17:50,Y,02:50,1500,24 C,no wind,sunny,A. Nagel,I. Summer,R. Lewis,S. Richardson,J. Scott,N. Lakowitz,A. Flaisch-J.,SS,1,10,SS20,"H,1,10,H20","19,2,145","RUSH:4,H20, FORCE:91 FUMB:V,H20,3 +:3,H00 T:04:06","A. Eitel rush for no gain to the SS20, fumble forced by A. Odeleye, fumble by A. Eitel recovered by BT A. Gehrt at SS20, A. Gehrt for 20 yards to the SS0, TOUCHDOWN, clock 04:06.","V,1,10,H15",rush,04:06,NA,1,38,0,0,F,19,H,SS,"KO,3,04:15,20","FUMB,3,04:06,20",1,0,0:09,KO,3,04:15,SS20,FUMB,3,04:06,SS20,NA
2021_12_BT_SS,BT,SS,Berlin Thunder,Stuttgart Surge,9/5/2021,Stuttgart,Gazi-Stadion,15:00,17:50,Y,02:50,1500,24 C,no wind,sunny,A. Nagel,I. Summer,R. Lewis,S. Richardson,J. Scott,N. Lakowitz,A. Flaisch-J.,BT,1,10,SS15,"V,1,10,H15","20,1,146","PAT:P,6,M",C. Stitt pass attempt failed.,"V,1,0,V35",pat,NA,NA,0,38,0,0,NA,20,V,BT,"FUMB,3,04:06,80","TD,3,04:06,80",0,0,0:00,FUMB,3,04:06,SS20,TD,3,04:06,SS20,NA
2021_12_BT_SS,BT,SS,Berlin Thunder,Stuttgart Surge,9/5/2021,Stuttgart,Gazi-Stadion,15:00,17:50,Y,02:50,1500,24 C,no wind,sunny,A. Nagel,I. Summer,R. Lewis,S. Richardson,J. Scott,N. Lakowitz,A. Flaisch-J.,BT,1,0,BT35,"V,1,0,V35","20,2,147","KO:26,H00 TB:","J. Schenderlein kickoff 65 yards to the SS0, touchback.","H,1,10,H25",kick_off,NA,NA,0,38,0,0,NA,20,V,BT,"FUMB,3,04:06,80","TD,3,04:06,80",0,0,0:00,FUMB,3,04:06,SS20,TD,3,04:06,SS20,NA
2021_12_BT_SS,BT,SS,Berlin Thunder,Stuttgart Surge,9/5/2021,Stuttgart,Gazi-Stadion,15:00,17:50,Y,02:50,1500,24 C,no wind,sunny,A. Nagel,I. Summer,R. Lewis,S. Richardson,J. Scott,N. Lakowitz,A. Flaisch-J.,SS,1,10,SS25,"H,1,10,H25","21,1,148",{DRIVE}:04:06,STUTTGART SURGE drive start at 04:06.,"H,1,10,H25",NA,04:06,NA,0,38,0,0,NA,21,H,SS,"KO,3,04:06,25","PUNT,3,02:02,12",3,-13,2:04,KO,3,04:06,SS25,PUNT,3,02:02,SS12,NA
2021_12_BT_SS,BT,SS,Berlin Thunder,Stuttgart Surge,9/5/2021,Stuttgart,Gazi-Stadion,15:00,17:50,Y,02:50,1500,24 C,no wind,sunny,A. Nagel,I. Summer,R. Lewis,S. Richardson,J. Scott,N. Lakowitz,A. Flaisch-J.,SS,1,10,SS25,"H,1,10,H25","21,2,149","PASS:85,S,TM,H12 SACK:22",P. Weiblen sacked for loss of 13 yards to the SS12 (L. Achaintre).,"H,2,23,H12",pass,NA,NA,0,38,0,0,NA,21,H,SS,"KO,3,04:06,25","PUNT,3,02:02,12",3,-13,2:04,KO,3,04:06,SS25,PUNT,3,02:02,SS12,NA
2021_12_BT_SS,BT,SS,Berlin Thunder,Stuttgart Surge,9/5/2021,Stuttgart,Gazi-Stadion,15:00,17:50,Y,02:50,1500,24 C,no wind,sunny,A. Nagel,I. Summer,R. Lewis,S. Richardson,J. Scott,N. Lakowitz,A. Flaisch-J.,SS,2,23,SS12,"H,2,23,H12","21,3,150","PEN:H,DOG,A,85,H07,N",PENALTY SS DOG (P. Weiblen) 5 yards to the SS7.,"H,2,28,H07",penalty,NA,NA,0,38,0,0,NA,21,H,SS,"KO,3,04:06,25","PUNT,3,02:02,12",3,-13,2:04,KO,3,04:06,SS25,PUNT,3,02:02,SS12,NA
2021_12_BT_SS,BT,SS,Berlin Thunder,Stuttgart Surge,9/5/2021,Stuttgart,Gazi-Stadion,15:00,17:50,Y,02:50,1500,24 C,no wind,sunny,A. Nagel,I. Summer,R. Lewis,S. Richardson,J. Scott,N. Lakowitz,A. Flaisch-J.,SS,2,28,SS07,"H,2,28,H07","21,4,151","RUSH:6,H12, OB: TACK:15","J. Moukouri rush for 5 yards to the SS12, out-of-bounds (M. Thiele).","H,3,23,H12",rush,NA,NA,0,38,0,1,NA,21,H,SS,"KO,3,04:06,25","PUNT,3,02:02,12",3,-13,2:04,KO,3,04:06,SS25,PUNT,3,02:02,SS12,NA
2021_12_BT_SS,BT,SS,Berlin Thunder,Stuttgart Surge,9/5/2021,Stuttgart,Gazi-Stadion,15:00,17:50,Y,02:50,1500,24 C,no wind,sunny,A. Nagel,I. Summer,R. Lewis,S. Richardson,J. Scott,N. Lakowitz,A. Flaisch-J.,SS,3,23,SS12,"H,3,23,H12","21,5,152","PASS:85,I,17,* BRUP:3",P. Weiblen pass incomplete to P. Floeser (A. Gehrt).,"H,4,23,H12",pass,NA,NA,0,38,0,0,NA,21,H,SS,"KO,3,04:06,25","PUNT,3,02:02,12",3,-13,2:04,KO,3,04:06,SS25,PUNT,3,02:02,SS12,NA
2021_12_BT_SS,BT,SS,Berlin Thunder,Stuttgart Surge,9/5/2021,Stuttgart,Gazi-Stadion,15:00,17:50,Y,02:50,1500,24 C,no wind,sunny,A. Nagel,I. Summer,R. Lewis,S. Richardson,J. Scott,N. Lakowitz,A. Flaisch-J.,SS,4,23,SS12,"H,4,23,H12","21,6,153","PUNT:17,H28 OB:","P. Floeser punt 16 yards to the SS28, out-of-bounds.","V,1,10,H28",punt,NA,NA,0,38,0,1,NA,21,H,SS,"KO,3,04:06,25","PUNT,3,02:02,12",3,-13,2:04,KO,3,04:06,SS25,PUNT,3,02:02,SS12,NA
2021_12_BT_SS,BT,SS,Berlin Thunder,Stuttgart Surge,9/5/2021,Stuttgart,Gazi-Stadion,15:00,17:50,Y,02:50,1500,24 C,no wind,sunny,A. Nagel,I. Summer,R. Lewis,S. Richardson,J. Scott,N. Lakowitz,A. Flaisch-J.,BT,1,10,SS28,"V,1,10,H28","22,1,154",{DRIVE}:02:02,BERLIN THUNDER drive start at 02:02.,"V,1,10,H28",NA,02:02,NA,0,38,0,0,NA,22,V,BT,"PUNT,3,02:02,72","DOWNS,4,14:54,66",4,-6,2:08,PUNT,3,02:02,SS28,DOWNS,4,14:54,SS34,NA
2021_12_BT_SS,BT,SS,Berlin Thunder,Stuttgart Surge,9/5/2021,Stuttgart,Gazi-Stadion,15:00,17:50,Y,02:50,1500,24 C,no wind,sunny,A. Nagel,I. Summer,R. Lewis,S. Richardson,J. Scott,N. Lakowitz,A. Flaisch-J.,BT,1,10,SS28,"V,1,10,H28","22,2,155","PASS:6,C,11,H28 TACK:21",C. Stitt pass complete to B. Zerbe for no gain to the SS28 (J. Jakob).,"V,2,10,H28",pass,NA,NA,0,38,0,0,NA,22,V,BT,"PUNT,3,02:02,72","DOWNS,4,14:54,66",4,-6,2:08,PUNT,3,02:02,SS28,DOWNS,4,14:54,SS34,NA
2021_12_BT_SS,BT,SS,Berlin Thunder,Stuttgart Surge,9/5/2021,Stuttgart,Gazi-Stadion,15:00,17:50,Y,02:50,1500,24 C,no wind,sunny,A. Nagel,I. Summer,R. Lewis,S. Richardson,J. Scott,N. Lakowitz,A. Flaisch-J.,BT,2,10,SS28,"V,2,10,H28","22,3,156","RUSH:1,H28, TACK:55,48",J. Crawford rush for no gain to the SS28 (D. Gratza;T. Stickel).,"V,3,10,H28",rush,NA,NA,0,38,0,0,NA,22,V,BT,"PUNT,3,02:02,72","DOWNS,4,14:54,66",4,-6,2:08,PUNT,3,02:02,SS28,DOWNS,4,14:54,SS34,NA
2021_12_BT_SS,BT,SS,Berlin Thunder,Stuttgart Surge,9/5/2021,Stuttgart,Gazi-Stadion,15:00,17:50,Y,02:50,1500,24 C,no wind,sunny,A. Nagel,I. Summer,R. Lewis,S. Richardson,J. Scott,N. Lakowitz,A. Flaisch-J.,BT,3,10,SS28,"V,3,10,H28","22,4,157","RUSH:1,H18, TACK:40,55 PEN:V,OH,A,TM,H38,N NOPLAY:","J. Crawford rush for 10 yards to the SS18 (C. Koenig;D. Gratza), PENALTY BT OH 10 yards to the SS38, NO PLAY.","V,3,20,H38",penalty,NA,NA,0,38,0,0,NA,22,V,BT,"PUNT,3,02:02,72","DOWNS,4,14:54,66",4,-6,2:08,PUNT,3,02:02,SS28,DOWNS,4,14:54,SS34,NA
2021_12_BT_SS,BT,SS,Berlin Thunder,Stuttgart Surge,9/5/2021,Stuttgart,Gazi-Stadion,15:00,17:50,Y,02:50,1500,24 C,no wind,sunny,A. Nagel,I. Summer,R. Lewis,S. Richardson,J. Scott,N. Lakowitz,A. Flaisch-J.,BT,3,20,SS38,"V,3,20,H38","22,5,158","RUSH:6,H28, OB: TACK:55","C. Stitt rush for 10 yards to the SS28, out-of-bounds (D. Gratza).","V,4,10,H28",rush,NA,NA,0,38,0,1,NA,22,V,BT,"PUNT,3,02:02,72","DOWNS,4,14:54,66",4,-6,2:08,PUNT,3,02:02,SS28,DOWNS,4,14:54,SS34,NA
2021_12_BT_SS,BT,SS,Berlin Thunder,Stuttgart Surge,9/5/2021,Stuttgart,Gazi-Stadion,15:00,17:50,Y,02:50,1500,24 C,no wind,sunny,A. Nagel,I. Summer,R. Lewis,S. Richardson,J. Scott,N. Lakowitz,A. Flaisch-J.,BT,4,10,SS28,"V,4,10,H28","22,6,159",Q:4 T:15:00,"Start of 4th quarter, clock 15:00.","V,4,10,H28",NA,15:00,NA,0,38,0,0,NA,22,V,BT,"PUNT,3,02:02,72","DOWNS,4,14:54,66",4,-6,2:08,PUNT,3,02:02,SS28,DOWNS,4,14:54,SS34,NA
2021_12_BT_SS,BT,SS,Berlin Thunder,Stuttgart Surge,9/5/2021,Stuttgart,Gazi-Stadion,15:00,17:50,Y,02:50,1500,24 C,no wind,sunny,A. Nagel,I. Summer,R. Lewis,S. Richardson,J. Scott,N. Lakowitz,A. Flaisch-J.,BT,4,10,SS28,"V,4,10,H28","22,7,160","RUSH:10,H34, TACK:31,33",S. Mayerhoff rush for loss of 6 yards to the SS34 (N. Wenzelburger;B. Wenzler).,"H,1,10,H34",rush,NA,NA,0,38,0,0,NA,22,V,BT,"PUNT,3,02:02,72","DOWNS,4,14:54,66",4,-6,2:08,PUNT,3,02:02,SS28,DOWNS,4,14:54,SS34,NA
2021_12_BT_SS,BT,SS,Berlin Thunder,Stuttgart Surge,9/5/2021,Stuttgart,Gazi-Stadion,15:00,17:50,Y,02:50,1500,24 C,no wind,sunny,A. Nagel,I. Summer,R. Lewis,S. Richardson,J. Scott,N. Lakowitz,A. Flaisch-J.,SS,1,10,SS34,"H,1,10,H34","23,1,161",{DRIVE}:14:54,STUTTGART SURGE drive start at 14:54.,"H,1,10,H34",NA,14:54,NA,0,38,0,0,NA,23,H,SS,"DOWNS,4,14:54,34","DOWNS,4,12:48,41",4,7,2:06,DOWNS,4,14:54,SS34,DOWNS,4,12:48,SS41,NA
2021_12_BT_SS,BT,SS,Berlin Thunder,Stuttgart Surge,9/5/2021,Stuttgart,Gazi-Stadion,15:00,17:50,Y,02:50,1500,24 C,no wind,sunny,A. Nagel,I. Summer,R. Lewis,S. Richardson,J. Scott,N. Lakowitz,A. Flaisch-J.,SS,1,10,SS34,"H,1,10,H34","23,2,162","PASS:41,S,TM,H31 SACK:97",B. Yankson sacked for loss of 3 yards to the SS31 (K. Wagner).,"H,2,13,H31",pass,NA,NA,0,38,0,0,NA,23,H,SS,"DOWNS,4,14:54,34","DOWNS,4,12:48,41",4,7,2:06,DOWNS,4,14:54,SS34,DOWNS,4,12:48,SS41,NA
2021_12_BT_SS,BT,SS,Berlin Thunder,Stuttgart Surge,9/5/2021,Stuttgart,Gazi-Stadion,15:00,17:50,Y,02:50,1500,24 C,no wind,sunny,A. Nagel,I. Summer,R. Lewis,S. Richardson,J. Scott,N. Lakowitz,A. Flaisch-J.,SS,2,13,SS31,"H,2,13,H31","23,3,163","RUSH:41,H37, TACK:92",B. Yankson rush for 6 yards to the SS37 (T. Hiller).,"H,3,7,H37",rush,NA,NA,0,38,0,0,NA,23,H,SS,"DOWNS,4,14:54,34","DOWNS,4,12:48,41",4,7,2:06,DOWNS,4,14:54,SS34,DOWNS,4,12:48,SS41,NA
2021_12_BT_SS,BT,SS,Berlin Thunder,Stuttgart Surge,9/5/2021,Stuttgart,Gazi-Stadion,15:00,17:50,Y,02:50,1500,24 C,no wind,sunny,A. Nagel,I. Summer,R. Lewis,S. Richardson,J. Scott,N. Lakowitz,A. Flaisch-J.,SS,3,7,SS37,"H,3,7,H37","23,4,164","PASS:4,C,12,H41 TACK:15",A. Eitel pass complete to F. Latour for 4 yards to the SS41 (M. Thiele).,"H,4,3,H41",pass,NA,NA,0,38,0,0,NA,23,H,SS,"DOWNS,4,14:54,34","DOWNS,4,12:48,41",4,7,2:06,DOWNS,4,14:54,SS34,DOWNS,4,12:48,SS41,NA
2021_12_BT_SS,BT,SS,Berlin Thunder,Stuttgart Surge,9/5/2021,Stuttgart,Gazi-Stadion,15:00,17:50,Y,02:50,1500,24 C,no wind,sunny,A. Nagel,I. Summer,R. Lewis,S. Richardson,J. Scott,N. Lakowitz,A. Flaisch-J.,SS,4,3,SS41,"H,4,3,H41","23,5,165","PASS:4,I,12,* BRUP:14",A. Eitel pass incomplete to F. Latour (K. Hummel).,"V,1,10,H41",pass,NA,NA,0,38,0,0,NA,23,H,SS,"DOWNS,4,14:54,34","DOWNS,4,12:48,41",4,7,2:06,DOWNS,4,14:54,SS34,DOWNS,4,12:48,SS41,NA
2021_12_BT_SS,BT,SS,Berlin Thunder,Stuttgart Surge,9/5/2021,Stuttgart,Gazi-Stadion,15:00,17:50,Y,02:50,1500,24 C,no wind,sunny,A. Nagel,I. Summer,R. Lewis,S. Richardson,J. Scott,N. Lakowitz,A. Flaisch-J.,BT,1,10,SS41,"V,1,10,H41","24,1,166",{DRIVE}:12:48,BERLIN THUNDER drive start at 12:48.,"V,1,10,H41",NA,12:48,NA,0,38,0,0,NA,24,V,BT,"DOWNS,4,12:48,59","DOWNS,4,08:42,80",8,21,4:06,DOWNS,4,12:48,SS41,DOWNS,4,08:42,SS20,NA
2021_12_BT_SS,BT,SS,Berlin Thunder,Stuttgart Surge,9/5/2021,Stuttgart,Gazi-Stadion,15:00,17:50,Y,02:50,1500,24 C,no wind,sunny,A. Nagel,I. Summer,R. Lewis,S. Richardson,J. Scott,N. Lakowitz,A. Flaisch-J.,BT,1,10,SS41,"V,1,10,H41","24,2,167","RUSH:1,H39, TACK:44",J. Crawford rush for 2 yards to the SS39 (J. Mbala).,"V,2,8,H39",rush,NA,NA,0,38,0,0,NA,24,V,BT,"DOWNS,4,12:48,59","DOWNS,4,08:42,80",8,21,4:06,DOWNS,4,12:48,SS41,DOWNS,4,08:42,SS20,NA
2021_12_BT_SS,BT,SS,Berlin Thunder,Stuttgart Surge,9/5/2021,Stuttgart,Gazi-Stadion,15:00,17:50,Y,02:50,1500,24 C,no wind,sunny,A. Nagel,I. Summer,R. Lewis,S. Richardson,J. Scott,N. Lakowitz,A. Flaisch-J.,BT,2,8,SS39,"V,2,8,H39","24,3,168","PASS:6,C,10,H24 TACK:3 PEN:V,UNR,A,13,H39,N","C. Stitt pass complete to S. Mayerhoff for 15 yards to the SS24 (W. Martheli), PENALTY BT UNR (A. Dickmeis) 15 yards to the SS39.","V,2,8,H39",pass,NA,NA,0,38,0,0,NA,24,V,BT,"DOWNS,4,12:48,59","DOWNS,4,08:42,80",8,21,4:06,DOWNS,4,12:48,SS41,DOWNS,4,08:42,SS20,NA
2021_12_BT_SS,BT,SS,Berlin Thunder,Stuttgart Surge,9/5/2021,Stuttgart,Gazi-Stadion,15:00,17:50,Y,02:50,1500,24 C,no wind,sunny,A. Nagel,I. Summer,R. Lewis,S. Richardson,J. Scott,N. Lakowitz,A. Flaisch-J.,BT,2,8,SS39,"V,2,8,H39","24,4,169","PASS:6,C,7,H34 TACK:44,92",C. Stitt pass complete to S. Jones for 5 yards to the SS34 (J. Mbala;T. Burkhardt).,"V,3,3,H34",pass,NA,NA,0,38,0,0,NA,24,V,BT,"DOWNS,4,12:48,59","DOWNS,4,08:42,80",8,21,4:06,DOWNS,4,12:48,SS41,DOWNS,4,08:42,SS20,NA
2021_12_BT_SS,BT,SS,Berlin Thunder,Stuttgart Surge,9/5/2021,Stuttgart,Gazi-Stadion,15:00,17:50,Y,02:50,1500,24 C,no wind,sunny,A. Nagel,I. Summer,R. Lewis,S. Richardson,J. Scott,N. Lakowitz,A. Flaisch-J.,BT,3,3,SS34,"V,3,3,H34","24,5,170","RUSH:47,H27, TACK:48","Y. Landfried rush for 7 yards to the SS27, 1ST DOWN BT (T. Stickel).","V,1,10,H27",rush,NA,rush,0,38,0,0,NA,24,V,BT,"DOWNS,4,12:48,59","DOWNS,4,08:42,80",8,21,4:06,DOWNS,4,12:48,SS41,DOWNS,4,08:42,SS20,NA
2021_12_BT_SS,BT,SS,Berlin Thunder,Stuttgart Surge,9/5/2021,Stuttgart,Gazi-Stadion,15:00,17:50,Y,02:50,1500,24 C,no wind,sunny,A. Nagel,I. Summer,R. Lewis,S. Richardson,J. Scott,N. Lakowitz,A. Flaisch-J.,BT,1,10,SS27,"V,1,10,H27","24,6,171","RUSH:47,H25, TACK:92",Y. Landfried rush for 2 yards to the SS25 (T. Burkhardt).,"V,2,8,H25",rush,NA,NA,0,38,0,0,NA,24,V,BT,"DOWNS,4,12:48,59","DOWNS,4,08:42,80",8,21,4:06,DOWNS,4,12:48,SS41,DOWNS,4,08:42,SS20,NA
2021_12_BT_SS,BT,SS,Berlin Thunder,Stuttgart Surge,9/5/2021,Stuttgart,Gazi-Stadion,15:00,17:50,Y,02:50,1500,24 C,no wind,sunny,A. Nagel,I. Summer,R. Lewis,S. Richardson,J. Scott,N. Lakowitz,A. Flaisch-J.,BT,2,8,SS25,"V,2,8,H25","24,7,172","RUSH:47,H20, TACK:30,48",Y. Landfried rush for 5 yards to the SS20 (T. Becker;T. Stickel).,"V,3,3,H20",rush,NA,NA,0,38,0,0,NA,24,V,BT,"DOWNS,4,12:48,59","DOWNS,4,08:42,80",8,21,4:06,DOWNS,4,12:48,SS41,DOWNS,4,08:42,SS20,NA
2021_12_BT_SS,BT,SS,Berlin Thunder,Stuttgart Surge,9/5/2021,Stuttgart,Gazi-Stadion,15:00,17:50,Y,02:50,1500,24 C,no wind,sunny,A. Nagel,I. Summer,R. Lewis,S. Richardson,J. Scott,N. Lakowitz,A. Flaisch-J.,BT,3,3,SS20,"V,3,3,H20","24,8,173","PASS:6,I,7,* BRUP:23",C. Stitt pass incomplete to S. Jones (M. Dabo).,"V,4,3,H20",pass,NA,NA,0,38,0,0,NA,24,V,BT,"DOWNS,4,12:48,59","DOWNS,4,08:42,80",8,21,4:06,DOWNS,4,12:48,SS41,DOWNS,4,08:42,SS20,NA
2021_12_BT_SS,BT,SS,Berlin Thunder,Stuttgart Surge,9/5/2021,Stuttgart,Gazi-Stadion,15:00,17:50,Y,02:50,1500,24 C,no wind,sunny,A. Nagel,I. Summer,R. Lewis,S. Richardson,J. Scott,N. Lakowitz,A. Flaisch-J.,BT,4,3,SS20,"V,4,3,H20","24,9,174","PASS:6,I,7,* BRUP:23",C. Stitt pass incomplete to S. Jones (M. Dabo).,"H,1,10,H20",pass,NA,NA,0,38,0,0,NA,24,V,BT,"DOWNS,4,12:48,59","DOWNS,4,08:42,80",8,21,4:06,DOWNS,4,12:48,SS41,DOWNS,4,08:42,SS20,NA
2021_12_BT_SS,BT,SS,Berlin Thunder,Stuttgart Surge,9/5/2021,Stuttgart,Gazi-Stadion,15:00,17:50,Y,02:50,1500,24 C,no wind,sunny,A. Nagel,I. Summer,R. Lewis,S. Richardson,J. Scott,N. Lakowitz,A. Flaisch-J.,SS,1,10,SS20,"H,1,10,H20","25,1,175",{DRIVE}:08:42,STUTTGART SURGE drive start at 08:42.,"H,1,10,H20",NA,08:42,NA,0,38,0,0,NA,25,H,SS,"DOWNS,4,08:42,20","PUNT,4,06:09,33",4,13,2:33,DOWNS,4,08:42,SS20,PUNT,4,06:09,SS33,NA
2021_12_BT_SS,BT,SS,Berlin Thunder,Stuttgart Surge,9/5/2021,Stuttgart,Gazi-Stadion,15:00,17:50,Y,02:50,1500,24 C,no wind,sunny,A. Nagel,I. Summer,R. Lewis,S. Richardson,J. Scott,N. Lakowitz,A. Flaisch-J.,SS,1,10,SS20,"H,1,10,H20","25,2,176","PASS:4,C,85,H32 TACK:22","A. Eitel pass complete to P. Weiblen for 12 yards to the SS32, 1ST DOWN SS (L. Achaintre).","H,1,10,H32",pass,NA,pass,0,38,0,0,NA,25,H,SS,"DOWNS,4,08:42,20","PUNT,4,06:09,33",4,13,2:33,DOWNS,4,08:42,SS20,PUNT,4,06:09,SS33,NA
2021_12_BT_SS,BT,SS,Berlin Thunder,Stuttgart Surge,9/5/2021,Stuttgart,Gazi-Stadion,15:00,17:50,Y,02:50,1500,24 C,no wind,sunny,A. Nagel,I. Summer,R. Lewis,S. Richardson,J. Scott,N. Lakowitz,A. Flaisch-J.,SS,1,10,SS32,"H,1,10,H32","25,3,177","RUSH:41,H33, TACK:45,92",B. Yankson rush for 1 yard to the SS33 (K. Hill;T. Hiller).,"H,2,9,H33",rush,NA,NA,0,38,0,0,NA,25,H,SS,"DOWNS,4,08:42,20","PUNT,4,06:09,33",4,13,2:33,DOWNS,4,08:42,SS20,PUNT,4,06:09,SS33,NA
2021_12_BT_SS,BT,SS,Berlin Thunder,Stuttgart Surge,9/5/2021,Stuttgart,Gazi-Stadion,15:00,17:50,Y,02:50,1500,24 C,no wind,sunny,A. Nagel,I. Summer,R. Lewis,S. Richardson,J. Scott,N. Lakowitz,A. Flaisch-J.,SS,2,9,SS33,"H,2,9,H33","25,4,178","RUSH:41,H37, TACK:95,22",B. Yankson rush for 4 yards to the SS37 (N. Rudloff;L. Achaintre).,"H,3,5,H37",rush,NA,NA,0,38,0,0,NA,25,H,SS,"DOWNS,4,08:42,20","PUNT,4,06:09,33",4,13,2:33,DOWNS,4,08:42,SS20,PUNT,4,06:09,SS33,NA
2021_12_BT_SS,BT,SS,Berlin Thunder,Stuttgart Surge,9/5/2021,Stuttgart,Gazi-Stadion,15:00,17:50,Y,02:50,1500,24 C,no wind,sunny,A. Nagel,I. Summer,R. Lewis,S. Richardson,J. Scott,N. Lakowitz,A. Flaisch-J.,SS,3,5,SS37,"H,3,5,H37","25,5,179","PASS:41,S,TM,H33 SACK:52",B. Yankson sacked for loss of 4 yards to the SS33 (W. Nasri).,"H,4,9,H33",pass,NA,NA,0,38,0,0,NA,25,H,SS,"DOWNS,4,08:42,20","PUNT,4,06:09,33",4,13,2:33,DOWNS,4,08:42,SS20,PUNT,4,06:09,SS33,NA
2021_12_BT_SS,BT,SS,Berlin Thunder,Stuttgart Surge,9/5/2021,Stuttgart,Gazi-Stadion,15:00,17:50,Y,02:50,1500,24 C,no wind,sunny,A. Nagel,I. Summer,R. Lewis,S. Richardson,J. Scott,N. Lakowitz,A. Flaisch-J.,SS,4,9,SS33,"H,4,9,H33","25,6,180","PUNT:17,V25 RET:7,V38 TACK:21","P. Floeser punt 42 yards to the BT25, S. Jones return 13 yards to the BT38 (J. Jakob).","V,1,10,V38",punt,NA,NA,0,38,0,0,NA,25,H,SS,"DOWNS,4,08:42,20","PUNT,4,06:09,33",4,13,2:33,DOWNS,4,08:42,SS20,PUNT,4,06:09,SS33,NA
2021_12_BT_SS,BT,SS,Berlin Thunder,Stuttgart Surge,9/5/2021,Stuttgart,Gazi-Stadion,15:00,17:50,Y,02:50,1500,24 C,no wind,sunny,A. Nagel,I. Summer,R. Lewis,S. Richardson,J. Scott,N. Lakowitz,A. Flaisch-J.,BT,1,10,BT38,"V,1,10,V38","26,1,181",{DRIVE}:06:09,BERLIN THUNDER drive start at 06:09.,"V,1,10,V38",NA,06:09,NA,0,38,0,0,NA,26,V,BT,"PUNT,4,06:09,38","PUNT,4,04:26,33",3,-5,1:43,PUNT,4,06:09,BT38,PUNT,4,04:26,BT33,NA
2021_12_BT_SS,BT,SS,Berlin Thunder,Stuttgart Surge,9/5/2021,Stuttgart,Gazi-Stadion,15:00,17:50,Y,02:50,1500,24 C,no wind,sunny,A. Nagel,I. Summer,R. Lewis,S. Richardson,J. Scott,N. Lakowitz,A. Flaisch-J.,BT,1,10,BT38,"V,1,10,V38","26,2,182","RUSH:47,V36, TACK:72,91",Y. Landfried rush for loss of 2 yards to the BT36 (D. Pisaric;F. Haufe).,"V,2,12,V36",rush,NA,NA,0,38,0,0,NA,26,V,BT,"PUNT,4,06:09,38","PUNT,4,04:26,33",3,-5,1:43,PUNT,4,06:09,BT38,PUNT,4,04:26,BT33,NA
2021_12_BT_SS,BT,SS,Berlin Thunder,Stuttgart Surge,9/5/2021,Stuttgart,Gazi-Stadion,15:00,17:50,Y,02:50,1500,24 C,no wind,sunny,A. Nagel,I. Summer,R. Lewis,S. Richardson,J. Scott,N. Lakowitz,A. Flaisch-J.,BT,2,12,BT36,"V,2,12,V36","26,3,183","PASS:6,I,11,*",C. Stitt pass incomplete to B. Zerbe.,"V,3,12,V36",pass,NA,NA,0,38,0,0,NA,26,V,BT,"PUNT,4,06:09,38","PUNT,4,04:26,33",3,-5,1:43,PUNT,4,06:09,BT38,PUNT,4,04:26,BT33,NA
2021_12_BT_SS,BT,SS,Berlin Thunder,Stuttgart Surge,9/5/2021,Stuttgart,Gazi-Stadion,15:00,17:50,Y,02:50,1500,24 C,no wind,sunny,A. Nagel,I. Summer,R. Lewis,S. Richardson,J. Scott,N. Lakowitz,A. Flaisch-J.,BT,3,12,BT36,"V,3,12,V36","26,4,184","PASS:6,S,TM,V33 SACK:99,91",C. Stitt sacked for loss of 3 yards to the BT33 (S. Vardar;F. Haufe).,"V,4,15,V33",pass,NA,NA,0,38,0,0,NA,26,V,BT,"PUNT,4,06:09,38","PUNT,4,04:26,33",3,-5,1:43,PUNT,4,06:09,BT38,PUNT,4,04:26,BT33,NA
2021_12_BT_SS,BT,SS,Berlin Thunder,Stuttgart Surge,9/5/2021,Stuttgart,Gazi-Stadion,15:00,17:50,Y,02:50,1500,24 C,no wind,sunny,A. Nagel,I. Summer,R. Lewis,S. Richardson,J. Scott,N. Lakowitz,A. Flaisch-J.,BT,4,15,BT33,"V,4,15,V33","26,5,185","PUNT:14,H41 DN:","K. Hummel punt 26 yards to the SS41, downed.","H,1,10,H41",punt,NA,NA,0,38,0,0,NA,26,V,BT,"PUNT,4,06:09,38","PUNT,4,04:26,33",3,-5,1:43,PUNT,4,06:09,BT38,PUNT,4,04:26,BT33,NA
2021_12_BT_SS,BT,SS,Berlin Thunder,Stuttgart Surge,9/5/2021,Stuttgart,Gazi-Stadion,15:00,17:50,Y,02:50,1500,24 C,no wind,sunny,A. Nagel,I. Summer,R. Lewis,S. Richardson,J. Scott,N. Lakowitz,A. Flaisch-J.,SS,1,10,SS41,"H,1,10,H41","27,1,186",{DRIVE}:04:26,STUTTGART SURGE drive start at 04:26.,"H,1,10,H41",NA,04:26,NA,0,38,0,0,NA,27,H,SS,"PUNT,4,04:26,41","PUNT,4,01:49,18",3,-23,2:37,PUNT,4,04:26,SS41,PUNT,4,01:49,SS18,NA
2021_12_BT_SS,BT,SS,Berlin Thunder,Stuttgart Surge,9/5/2021,Stuttgart,Gazi-Stadion,15:00,17:50,Y,02:50,1500,24 C,no wind,sunny,A. Nagel,I. Summer,R. Lewis,S. Richardson,J. Scott,N. Lakowitz,A. Flaisch-J.,SS,1,10,SS41,"H,1,10,H41","27,2,187","RUSH:27,H42, TACK:3",S. Shannon rush for 1 yard to the SS42 (A. Gehrt).,"H,2,9,H42",rush,NA,NA,0,38,0,0,NA,27,H,SS,"PUNT,4,04:26,41","PUNT,4,01:49,18",3,-23,2:37,PUNT,4,04:26,SS41,PUNT,4,01:49,SS18,NA
2021_12_BT_SS,BT,SS,Berlin Thunder,Stuttgart Surge,9/5/2021,Stuttgart,Gazi-Stadion,15:00,17:50,Y,02:50,1500,24 C,no wind,sunny,A. Nagel,I. Summer,R. Lewis,S. Richardson,J. Scott,N. Lakowitz,A. Flaisch-J.,SS,2,9,SS42,"H,2,9,H42","27,3,188","PASS:27,C,87,V00 T:03:24 PEN:H,OPI,A,8,H32,N NOPLAY:","S. Shannon pass complete to D. Rofalski for 58 yards to the BT0, clock 03:24, PENALTY SS OPI (L. Huster) 10 yards to the SS32, NO PLAY.","H,2,19,H32",penalty,03:24,NA,0,38,0,0,NA,27,H,SS,"PUNT,4,04:26,41","PUNT,4,01:49,18",3,-23,2:37,PUNT,4,04:26,SS41,PUNT,4,01:49,SS18,NA
2021_12_BT_SS,BT,SS,Berlin Thunder,Stuttgart Surge,9/5/2021,Stuttgart,Gazi-Stadion,15:00,17:50,Y,02:50,1500,24 C,no wind,sunny,A. Nagel,I. Summer,R. Lewis,S. Richardson,J. Scott,N. Lakowitz,A. Flaisch-J.,SS,2,19,SS32,"H,2,19,H32","27,4,189","RUSH:27,H36, TACK:52",S. Shannon rush for 4 yards to the SS36 (W. Nasri).,"H,3,15,H36",rush,NA,NA,0,38,0,0,NA,27,H,SS,"PUNT,4,04:26,41","PUNT,4,01:49,18",3,-23,2:37,PUNT,4,04:26,SS41,PUNT,4,01:49,SS18,NA
2021_12_BT_SS,BT,SS,Berlin Thunder,Stuttgart Surge,9/5/2021,Stuttgart,Gazi-Stadion,15:00,17:50,Y,02:50,1500,24 C,no wind,sunny,A. Nagel,I. Summer,R. Lewis,S. Richardson,J. Scott,N. Lakowitz,A. Flaisch-J.,SS,3,15,SS36,"H,3,15,H36","27,5,190","PASS:27,S,TM,H18 SACK:91",S. Shannon sacked for loss of 18 yards to the SS18 (A. Odeleye).,"H,4,33,H18",pass,NA,NA,0,38,0,0,NA,27,H,SS,"PUNT,4,04:26,41","PUNT,4,01:49,18",3,-23,2:37,PUNT,4,04:26,SS41,PUNT,4,01:49,SS18,NA
2021_12_BT_SS,BT,SS,Berlin Thunder,Stuttgart Surge,9/5/2021,Stuttgart,Gazi-Stadion,15:00,17:50,Y,02:50,1500,24 C,no wind,sunny,A. Nagel,I. Summer,R. Lewis,S. Richardson,J. Scott,N. Lakowitz,A. Flaisch-J.,SS,4,33,SS18,"H,4,33,H18","27,6,191","PUNT:17,V33 DN:","P. Floeser punt 49 yards to the BT33, downed.","V,1,10,V33",punt,NA,NA,0,38,0,0,NA,27,H,SS,"PUNT,4,04:26,41","PUNT,4,01:49,18",3,-23,2:37,PUNT,4,04:26,SS41,PUNT,4,01:49,SS18,NA
2021_12_BT_SS,BT,SS,Berlin Thunder,Stuttgart Surge,9/5/2021,Stuttgart,Gazi-Stadion,15:00,17:50,Y,02:50,1500,24 C,no wind,sunny,A. Nagel,I. Summer,R. Lewis,S. Richardson,J. Scott,N. Lakowitz,A. Flaisch-J.,BT,1,10,BT33,"V,1,10,V33","28,1,192",{DRIVE}:01:49,BERLIN THUNDER drive start at 01:49.,"V,1,10,V33",NA,01:49,NA,0,38,0,0,NA,28,V,BT,"PUNT,4,01:49,33","HALF,4,00:00,33",3,0,1:49,PUNT,4,01:49,BT33,HALF,4,00:00,BT33,NA
2021_12_BT_SS,BT,SS,Berlin Thunder,Stuttgart Surge,9/5/2021,Stuttgart,Gazi-Stadion,15:00,17:50,Y,02:50,1500,24 C,no wind,sunny,A. Nagel,I. Summer,R. Lewis,S. Richardson,J. Scott,N. Lakowitz,A. Flaisch-J.,BT,1,10,BT33,"V,1,10,V33","28,2,193","RUSH:43,V35, TACK:55,97",J. Scharmer rush for 2 yards to the BT35 (D. Gratza;P. Ungericht).,"V,2,8,V35",rush,NA,NA,0,38,0,0,NA,28,V,BT,"PUNT,4,01:49,33","HALF,4,00:00,33",3,0,1:49,PUNT,4,01:49,BT33,HALF,4,00:00,BT33,NA
2021_12_BT_SS,BT,SS,Berlin Thunder,Stuttgart Surge,9/5/2021,Stuttgart,Gazi-Stadion,15:00,17:50,Y,02:50,1500,24 C,no wind,sunny,A. Nagel,I. Summer,R. Lewis,S. Richardson,J. Scott,N. Lakowitz,A. Flaisch-J.,BT,2,8,BT35,"V,2,8,V35","28,3,194","RUSH:6,V34,",C. Stitt rush for loss of 1 yard to the BT34.,"V,3,9,V34",rush,NA,NA,0,38,0,0,NA,28,V,BT,"PUNT,4,01:49,33","HALF,4,00:00,33",3,0,1:49,PUNT,4,01:49,BT33,HALF,4,00:00,BT33,NA
2021_12_BT_SS,BT,SS,Berlin Thunder,Stuttgart Surge,9/5/2021,Stuttgart,Gazi-Stadion,15:00,17:50,Y,02:50,1500,24 C,no wind,sunny,A. Nagel,I. Summer,R. Lewis,S. Richardson,J. Scott,N. Lakowitz,A. Flaisch-J.,BT,3,9,BT34,"V,3,9,V34","28,4,195","RUSH:6,V33,",C. Stitt rush for loss of 1 yard to the BT33.,"V,4,10,V33",rush,NA,NA,0,38,0,0,NA,28,V,BT,"PUNT,4,01:49,33","HALF,4,00:00,33",3,0,1:49,PUNT,4,01:49,BT33,HALF,4,00:00,BT33,NA
2021_12_BT_SS,BT,SS,Berlin Thunder,Stuttgart Surge,9/5/2021,Stuttgart,Gazi-Stadion,15:00,17:50,Y,02:50,1500,24 C,no wind,sunny,A. Nagel,I. Summer,R. Lewis,S. Richardson,J. Scott,N. Lakowitz,A. Flaisch-J.,BT,4,10,BT33,"V,4,10,V33","28,5,196",HALF: T:00:00,"End of game, clock 00:00.","V,4,10,V33",NA,00:00,NA,0,38,0,0,NA,28,V,BT,"PUNT,4,01:49,33","HALF,4,00:00,33",3,0,1:49,PUNT,4,01:49,BT33,HALF,4,00:00,BT33,NA
