game_id,away_team_id,home_team_id,away_team,home_team,date,location,stadium,start,end,duration,attend,temp,wind,weather,ref,ump,line,lj,bj,fj,sj,posteam,down,togo,spot,context,play_id,tokens,desc,newcontext,play_type,first_down_with,oob,turnover,clock,score,away_score_post,home_score_post,drive_number,drive_vh,drive_team,drive_start,drive_end,drive_plays,drive_yards,drive_top,drive_start_how,drive_start_qtr,drive_start_time,drive_start_spot,drive_end_how,drive_end_qtr,drive_end_time,drive_end_spot,drive_rz
2022_01_RF_FG,RF,FG,Rhein Fire,Frankfurt Galaxy,6/5/2022,Frankfurt,PSD Bank Arena,15:00,17:55,2:55,7525,22 C,E 13km/h,cloudy,M. Scholz,B. Hansen,M. Szczepanski,S. Richardson,J. Seppelin,E. Jenssen,H. Romanczyk,RF,1,10,RF30,"V,1,10,V30","0,1,0",CMT:FG wins toss and defers - RF elects to receive and FG to defend S goal,FG wins toss and defers - RF elects to receive and FG to defend S goal,"V,1,10,V30",NA,NA,0,NA,NA,0,0,0,0,NA,NA,NA,NA,NA,NA,NA,NA,NA,NA,NA,NA,NA,NA,NA,NA
2022_01_RF_FG,RF,FG,Rhein Fire,Frankfurt Galaxy,6/5/2022,Frankfurt,PSD Bank Arena,15:00,17:55,2:55,7525,22 C,E 13km/h,cloudy,M. Scholz,B. Hansen,M. Szczepanski,S. Richardson,J. Seppelin,E. Jenssen,H. Romanczyk,RF,1,10,RF30,"V,1,10,V30","0,2,1","SPOT:H,H30,Y",FG ball on FG30.,"H,1,10,H30",NA,NA,0,NA,NA,0,0,0,0,NA,NA,NA,NA,NA,NA,NA,NA,NA,NA,NA,NA,NA,NA,NA,NA
2022_01_RF_FG,RF,FG,Rhein Fire,Frankfurt Galaxy,6/5/2022,Frankfurt,PSD Bank Arena,15:00,17:55,2:55,7525,22 C,E 13km/h,cloudy,M. Scholz,B. Hansen,M. Szczepanski,S. Richardson,J. Seppelin,E. Jenssen,H. Romanczyk,FG,1,10,FG30,"H,1,10,H30","0,3,2","KO:1,V05 RET:22,V28 TACK:30","R. Rimmler kickoff 65 yards to the RF5, O. Williams return 23 yards to the RF28 (F. Reuter).","V,1,10,V28",kick_off,NA,0,NA,NA,0,0,0,0,NA,NA,NA,NA,NA,NA,NA,NA,NA,NA,NA,NA,NA,NA,NA,NA
2022_01_RF_FG,RF,FG,Rhein Fire,Frankfurt Galaxy,6/5/2022,Frankfurt,PSD Bank Arena,15:00,17:55,2:55,7525,22 C,E 13km/h,cloudy,M. Scholz,B. Hansen,M. Szczepanski,S. Richardson,J. Seppelin,E. Jenssen,H. Romanczyk,RF,1,10,RF28,"V,1,10,V28","1,1,3","RUSH:21,V33, TACK:41",J. Aguemon rush for 5 yards to the RF33 (S. Gauthier).,"V,2,5,V33",rush,NA,0,NA,NA,0,0,0,1,V,RF,"KO,1,15:00,28","INT,1,10:56,79",8,51,4:04,KO,1,15:00,RF28,INT,1,10:56,FG21,NA
2022_01_RF_FG,RF,FG,Rhein Fire,Frankfurt Galaxy,6/5/2022,Frankfurt,PSD Bank Arena,15:00,17:55,2:55,7525,22 C,E 13km/h,cloudy,M. Scholz,B. Hansen,M. Szczepanski,S. Richardson,J. Seppelin,E. Jenssen,H. Romanczyk,RF,2,5,RF33,"V,2,5,V33","1,2,4","RUSH:11,V41, TACK:52,56","M. Adam rush for 8 yards to the RF41, 1ST DOWN RF (W. Nasri;S. Silva Gomez).","V,1,10,V41",rush,rush,0,NA,NA,0,0,0,1,V,RF,"KO,1,15:00,28","INT,1,10:56,79",8,51,4:04,KO,1,15:00,RF28,INT,1,10:56,FG21,NA
2022_01_RF_FG,RF,FG,Rhein Fire,Frankfurt Galaxy,6/5/2022,Frankfurt,PSD Bank Arena,15:00,17:55,2:55,7525,22 C,E 13km/h,cloudy,M. Scholz,B. Hansen,M. Szczepanski,S. Richardson,J. Seppelin,E. Jenssen,H. Romanczyk,RF,1,10,RF41,"V,1,10,V41","1,3,5","RUSH:21,V43, TACK:40",J. Aguemon rush for 2 yards to the RF43 (L. Achaintre).,"V,2,8,V43",rush,NA,0,NA,NA,0,0,0,1,V,RF,"KO,1,15:00,28","INT,1,10:56,79",8,51,4:04,KO,1,15:00,RF28,INT,1,10:56,FG21,NA
2022_01_RF_FG,RF,FG,Rhein Fire,Frankfurt Galaxy,6/5/2022,Frankfurt,PSD Bank Arena,15:00,17:55,2:55,7525,22 C,E 13km/h,cloudy,M. Scholz,B. Hansen,M. Szczepanski,S. Richardson,J. Seppelin,E. Jenssen,H. Romanczyk,RF,2,8,RF43,"V,2,8,V43","1,4,6","RUSH:21,H42, OB:","J. Aguemon rush for 15 yards to the FG42, 1ST DOWN RF, out-of-bounds.","V,1,10,H42",rush,rush,1,NA,NA,0,0,0,1,V,RF,"KO,1,15:00,28","INT,1,10:56,79",8,51,4:04,KO,1,15:00,RF28,INT,1,10:56,FG21,NA
2022_01_RF_FG,RF,FG,Rhein Fire,Frankfurt Galaxy,6/5/2022,Frankfurt,PSD Bank Arena,15:00,17:55,2:55,7525,22 C,E 13km/h,cloudy,M. Scholz,B. Hansen,M. Szczepanski,S. Richardson,J. Seppelin,E. Jenssen,H. Romanczyk,RF,1,10,FG42,"V,1,10,H42","1,5,7","PASS:11,C,86,H24 TACK:18,52","M. Adam pass complete to N. Robitaille for 18 yards to the FG24, 1ST DOWN RF (F. Lowery;W. Nasri).","V,1,10,H24",pass,pass,0,NA,NA,0,0,0,1,V,RF,"KO,1,15:00,28","INT,1,10:56,79",8,51,4:04,KO,1,15:00,RF28,INT,1,10:56,FG21,NA
2022_01_RF_FG,RF,FG,Rhein Fire,Frankfurt Galaxy,6/5/2022,Frankfurt,PSD Bank Arena,15:00,17:55,2:55,7525,22 C,E 13km/h,cloudy,M. Scholz,B. Hansen,M. Szczepanski,S. Richardson,J. Seppelin,E. Jenssen,H. Romanczyk,RF,1,10,FG24,"V,1,10,H24","1,6,8","PASS:11,I,TM,*",M. Adam pass incomplete.,"V,2,10,H24",pass,NA,0,NA,NA,0,0,0,1,V,RF,"KO,1,15:00,28","INT,1,10:56,79",8,51,4:04,KO,1,15:00,RF28,INT,1,10:56,FG21,NA
2022_01_RF_FG,RF,FG,Rhein Fire,Frankfurt Galaxy,6/5/2022,Frankfurt,PSD Bank Arena,15:00,17:55,2:55,7525,22 C,E 13km/h,cloudy,M. Scholz,B. Hansen,M. Szczepanski,S. Richardson,J. Seppelin,E. Jenssen,H. Romanczyk,RF,2,10,FG24,"V,2,10,H24","1,7,9","RUSH:21,H21, TACK:55",J. Aguemon rush for 3 yards to the FG21 (M. Sy).,"V,3,7,H21",rush,NA,0,NA,NA,0,0,0,1,V,RF,"KO,1,15:00,28","INT,1,10:56,79",8,51,4:04,KO,1,15:00,RF28,INT,1,10:56,FG21,NA
2022_01_RF_FG,RF,FG,Rhein Fire,Frankfurt Galaxy,6/5/2022,Frankfurt,PSD Bank Arena,15:00,17:55,2:55,7525,22 C,E 13km/h,cloudy,M. Scholz,B. Hansen,M. Szczepanski,S. Richardson,J. Seppelin,E. Jenssen,H. Romanczyk,RF,3,7,FG21,"V,3,7,H21","1,8,10","PASS:11,X,14,H00 RET:14,H20 TACK:82","M. Adam pass intercepted by J. Poznanski at the FG0, J. Poznanski return 20 yards to the FG20 (D. Rofalski).","H,1,10,H20",pass,NA,0,I,NA,0,0,0,1,V,RF,"KO,1,15:00,28","INT,1,10:56,79",8,51,4:04,KO,1,15:00,RF28,INT,1,10:56,FG21,NA
2022_01_RF_FG,RF,FG,Rhein Fire,Frankfurt Galaxy,6/5/2022,Frankfurt,PSD Bank Arena,15:00,17:55,2:55,7525,22 C,E 13km/h,cloudy,M. Scholz,B. Hansen,M. Szczepanski,S. Richardson,J. Seppelin,E. Jenssen,H. Romanczyk,FG,1,10,FG20,"H,1,10,H20","2,1,11",{DRIVE}:10:56,FRANKFURT GALAXY drive start at 10:56.,"H,1,10,H20",NA,NA,0,NA,10:56,0,0,0,2,H,FG,"INT,1,10:56,20","PUNT,1,08:31,34",5,14,2:25,INT,1,10:56,FG20,PUNT,1,08:31,FG34,NA
2022_01_RF_FG,RF,FG,Rhein Fire,Frankfurt Galaxy,6/5/2022,Frankfurt,PSD Bank Arena,15:00,17:55,2:55,7525,22 C,E 13km/h,cloudy,M. Scholz,B. Hansen,M. Szczepanski,S. Richardson,J. Seppelin,E. Jenssen,H. Romanczyk,FG,1,10,FG20,"H,1,10,H20","2,2,12","PEN:H,UC,O PEN:V,UC,O NOPLAY:","PENALTY FG Unsportsmanlike Conduct off-setting, PENALTY RF Unsportsmanlike Conduct off-setting, NO PLAY.","H,1,10,H20",penalty,NA,0,NA,NA,0,0,0,2,H,FG,"INT,1,10:56,20","PUNT,1,08:31,34",5,14,2:25,INT,1,10:56,FG20,PUNT,1,08:31,FG34,NA
2022_01_RF_FG,RF,FG,Rhein Fire,Frankfurt Galaxy,6/5/2022,Frankfurt,PSD Bank Arena,15:00,17:55,2:55,7525,22 C,E 13km/h,cloudy,M. Scholz,B. Hansen,M. Szczepanski,S. Richardson,J. Seppelin,E. Jenssen,H. Romanczyk,FG,1,10,FG20,"H,1,10,H20","2,3,13","RUSH:21,H26, TACK:90",G. Adams rush for 6 yards to the FG26 (R. Feltes).,"H,2,4,H26",rush,NA,0,NA,NA,0,0,0,2,H,FG,"INT,1,10:56,20","PUNT,1,08:31,34",5,14,2:25,INT,1,10:56,FG20,PUNT,1,08:31,FG34,NA
2022_01_RF_FG,RF,FG,Rhein Fire,Frankfurt Galaxy,6/5/2022,Frankfurt,PSD Bank Arena,15:00,17:55,2:55,7525,22 C,E 13km/h,cloudy,M. Scholz,B. Hansen,M. Szczepanski,S. Richardson,J. Seppelin,E. Jenssen,H. Romanczyk,FG,2,4,FG26,"H,2,4,H26","2,4,14","PASS:7,C,10,H33 TACK:59","J. Sullivan pass complete to T. Benschuh for 7 yards to the FG33, 1ST DOWN FG (E. Zengin).","H,1,10,H33",pass,pass,0,NA,NA,0,0,0,2,H,FG,"INT,1,10:56,20","PUNT,1,08:31,34",5,14,2:25,INT,1,10:56,FG20,PUNT,1,08:31,FG34,NA
2022_01_RF_FG,RF,FG,Rhein Fire,Frankfurt Galaxy,6/5/2022,Frankfurt,PSD Bank Arena,15:00,17:55,2:55,7525,22 C,E 13km/h,cloudy,M. Scholz,B. Hansen,M. Szczepanski,S. Richardson,J. Seppelin,E. Jenssen,H. Romanczyk,FG,1,10,FG33,"H,1,10,H33","2,5,15","PASS:7,I,87,*",J. Sullivan pass incomplete to K. Mwamba.,"H,2,10,H33",pass,NA,0,NA,NA,0,0,0,2,H,FG,"INT,1,10:56,20","PUNT,1,08:31,34",5,14,2:25,INT,1,10:56,FG20,PUNT,1,08:31,FG34,NA
2022_01_RF_FG,RF,FG,Rhein Fire,Frankfurt Galaxy,6/5/2022,Frankfurt,PSD Bank Arena,15:00,17:55,2:55,7525,22 C,E 13km/h,cloudy,M. Scholz,B. Hansen,M. Szczepanski,S. Richardson,J. Seppelin,E. Jenssen,H. Romanczyk,FG,2,10,FG33,"H,2,10,H33","2,6,16","RUSH:7,H34, TACK:95,96",J. Sullivan rush for 1 yard to the FG34 (C. van Horn;T. Owusu-Bediak).,"H,3,9,H34",rush,NA,0,NA,NA,0,0,0,2,H,FG,"INT,1,10:56,20","PUNT,1,08:31,34",5,14,2:25,INT,1,10:56,FG20,PUNT,1,08:31,FG34,NA
2022_01_RF_FG,RF,FG,Rhein Fire,Frankfurt Galaxy,6/5/2022,Frankfurt,PSD Bank Arena,15:00,17:55,2:55,7525,22 C,E 13km/h,cloudy,M. Scholz,B. Hansen,M. Szczepanski,S. Richardson,J. Seppelin,E. Jenssen,H. Romanczyk,FG,3,9,FG34,"H,3,9,H34","2,7,17","PASS:7,I,84,* BRUP:25",J. Sullivan pass incomplete to C. Sow (L. Meyer).,"H,4,9,H34",pass,NA,0,NA,NA,0,0,0,2,H,FG,"INT,1,10:56,20","PUNT,1,08:31,34",5,14,2:25,INT,1,10:56,FG20,PUNT,1,08:31,FG34,NA
2022_01_RF_FG,RF,FG,Rhein Fire,Frankfurt Galaxy,6/5/2022,Frankfurt,PSD Bank Arena,15:00,17:55,2:55,7525,22 C,E 13km/h,cloudy,M. Scholz,B. Hansen,M. Szczepanski,S. Richardson,J. Seppelin,E. Jenssen,H. Romanczyk,FG,4,9,FG34,"H,4,9,H34","2,8,18","PUNT:82,V30 FC:86","H. Schwarz punt 36 yards to the RF30, fair catch by N. Robitaille.","V,1,10,V30",punt,NA,0,NA,NA,0,0,0,2,H,FG,"INT,1,10:56,20","PUNT,1,08:31,34",5,14,2:25,INT,1,10:56,FG20,PUNT,1,08:31,FG34,NA
2022_01_RF_FG,RF,FG,Rhein Fire,Frankfurt Galaxy,6/5/2022,Frankfurt,PSD Bank Arena,15:00,17:55,2:55,7525,22 C,E 13km/h,cloudy,M. Scholz,B. Hansen,M. Szczepanski,S. Richardson,J. Seppelin,E. Jenssen,H. Romanczyk,RF,1,10,RF30,"V,1,10,V30","3,1,19",{DRIVE}:08:31,RHEIN FIRE drive start at 08:31.,"V,1,10,V30",NA,NA,0,NA,08:31,0,0,0,3,V,RF,"PUNT,1,08:31,30","TD,1,05:52,100",4,70,2:39,PUNT,1,08:31,RF30,TD,1,05:52,FG00,1
2022_01_RF_FG,RF,FG,Rhein Fire,Frankfurt Galaxy,6/5/2022,Frankfurt,PSD Bank Arena,15:00,17:55,2:55,7525,22 C,E 13km/h,cloudy,M. Scholz,B. Hansen,M. Szczepanski,S. Richardson,J. Seppelin,E. Jenssen,H. Romanczyk,RF,1,10,RF30,"V,1,10,V30","3,2,20",TOUT:H T:08:31,"Timeout Frankfurt Galaxy, clock 08:31.","V,1,10,V30",NA,NA,0,NA,08:31,0,0,0,3,V,RF,"PUNT,1,08:31,30","TD,1,05:52,100",4,70,2:39,PUNT,1,08:31,RF30,TD,1,05:52,FG00,1
2022_01_RF_FG,RF,FG,Rhein Fire,Frankfurt Galaxy,6/5/2022,Frankfurt,PSD Bank Arena,15:00,17:55,2:55,7525,22 C,E 13km/h,cloudy,M. Scholz,B. Hansen,M. Szczepanski,S. Richardson,J. Seppelin,E. Jenssen,H. Romanczyk,RF,1,10,RF30,"V,1,10,V30","3,3,21","RUSH:21,V33, TACK:31,52 PEN:V,OH,A,TM,V20,N NOPLAY:","J. Aguemon rush for 3 yards to the RF33 (K. Katz;W. Nasri), PENALTY RF Offensive Holding 10 yards to the RF20, NO PLAY.","V,1,20,V20",penalty,NA,0,NA,NA,0,0,0,3,V,RF,"PUNT,1,08:31,30","TD,1,05:52,100",4,70,2:39,PUNT,1,08:31,RF30,TD,1,05:52,FG00,1
2022_01_RF_FG,RF,FG,Rhein Fire,Frankfurt Galaxy,6/5/2022,Frankfurt,PSD Bank Arena,15:00,17:55,2:55,7525,22 C,E 13km/h,cloudy,M. Scholz,B. Hansen,M. Szczepanski,S. Richardson,J. Seppelin,E. Jenssen,H. Romanczyk,RF,1,20,RF20,"V,1,20,V20","3,4,22","PASS:11,C,86,H12 TACK:18","M. Adam pass complete to N. Robitaille for 68 yards to the FG12, 1ST DOWN RF (F. Lowery).","V,1,10,H12",pass,pass,0,NA,NA,0,0,0,3,V,RF,"PUNT,1,08:31,30","TD,1,05:52,100",4,70,2:39,PUNT,1,08:31,RF30,TD,1,05:52,FG00,1
2022_01_RF_FG,RF,FG,Rhein Fire,Frankfurt Galaxy,6/5/2022,Frankfurt,PSD Bank Arena,15:00,17:55,2:55,7525,22 C,E 13km/h,cloudy,M. Scholz,B. Hansen,M. Szczepanski,S. Richardson,J. Seppelin,E. Jenssen,H. Romanczyk,RF,1,10,FG12,"V,1,10,H12","3,5,23","RUSH:21,H10, TACK:99,52",J. Aguemon rush for 2 yards to the FG10 (K. Maier;W. Nasri).,"V,2,8,H10",rush,NA,0,NA,NA,0,0,0,3,V,RF,"PUNT,1,08:31,30","TD,1,05:52,100",4,70,2:39,PUNT,1,08:31,RF30,TD,1,05:52,FG00,1
2022_01_RF_FG,RF,FG,Rhein Fire,Frankfurt Galaxy,6/5/2022,Frankfurt,PSD Bank Arena,15:00,17:55,2:55,7525,22 C,E 13km/h,cloudy,M. Scholz,B. Hansen,M. Szczepanski,S. Richardson,J. Seppelin,E. Jenssen,H. Romanczyk,RF,2,8,FG10,"V,2,8,H10","3,6,24","RUSH:21,H08, TACK:91",J. Aguemon rush for 2 yards to the FG8 (V. Buffet).,"V,3,6,H08",rush,NA,0,NA,NA,0,0,0,3,V,RF,"PUNT,1,08:31,30","TD,1,05:52,100",4,70,2:39,PUNT,1,08:31,RF30,TD,1,05:52,FG00,1
2022_01_RF_FG,RF,FG,Rhein Fire,Frankfurt Galaxy,6/5/2022,Frankfurt,PSD Bank Arena,15:00,17:55,2:55,7525,22 C,E 13km/h,cloudy,M. Scholz,B. Hansen,M. Szczepanski,S. Richardson,J. Seppelin,E. Jenssen,H. Romanczyk,RF,3,6,FG08,"V,3,6,H08","3,7,25",TOUT:V T:05:56,"Timeout Rhein Fire, clock 05:56.","V,3,6,H08",NA,NA,0,NA,05:56,0,0,0,3,V,RF,"PUNT,1,08:31,30","TD,1,05:52,100",4,70,2:39,PUNT,1,08:31,RF30,TD,1,05:52,FG00,1
2022_01_RF_FG,RF,FG,Rhein Fire,Frankfurt Galaxy,6/5/2022,Frankfurt,PSD Bank Arena,15:00,17:55,2:55,7525,22 C,E 13km/h,cloudy,M. Scholz,B. Hansen,M. Szczepanski,S. Richardson,J. Seppelin,E. Jenssen,H. Romanczyk,RF,3,6,FG08,"V,3,6,H08","3,8,26","PASS:11,C,6,H00 T:05:52","M. Adam pass complete to T. Knuettel for 8 yards to the FG0, 1ST DOWN RF, TOUCHDOWN, clock 05:52.","V,1,10,H15",pass,pass,0,NA,05:52,1,6,0,3,V,RF,"PUNT,1,08:31,30","TD,1,05:52,100",4,70,2:39,PUNT,1,08:31,RF30,TD,1,05:52,FG00,1
2022_01_RF_FG,RF,FG,Rhein Fire,Frankfurt Galaxy,6/5/2022,Frankfurt,PSD Bank Arena,15:00,17:55,2:55,7525,22 C,E 13km/h,cloudy,M. Scholz,B. Hansen,M. Szczepanski,S. Richardson,J. Seppelin,E. Jenssen,H. Romanczyk,RF,1,10,FG15,"V,1,10,H15","3,9,27","PAT:K,2,B BLOCK:18",D. Schuhmacher kick attempt failed (blocked) (blocked by F. Lowery).,"V,1,0,V30",pat,NA,0,NA,NA,0,6,0,3,V,RF,"PUNT,1,08:31,30","TD,1,05:52,100",4,70,2:39,PUNT,1,08:31,RF30,TD,1,05:52,FG00,1
2022_01_RF_FG,RF,FG,Rhein Fire,Frankfurt Galaxy,6/5/2022,Frankfurt,PSD Bank Arena,15:00,17:55,2:55,7525,22 C,E 13km/h,cloudy,M. Scholz,B. Hansen,M. Szczepanski,S. Richardson,J. Seppelin,E. Jenssen,H. Romanczyk,RF,1,0,RF30,"V,1,0,V30","3,10,28","KO:23,H00 TB:","D. Rennich kickoff 70 yards to the FG0, touchback.","H,1,10,H20",kick_off,NA,0,NA,NA,0,6,0,3,V,RF,"PUNT,1,08:31,30","TD,1,05:52,100",4,70,2:39,PUNT,1,08:31,RF30,TD,1,05:52,FG00,1
2022_01_RF_FG,RF,FG,Rhein Fire,Frankfurt Galaxy,6/5/2022,Frankfurt,PSD Bank Arena,15:00,17:55,2:55,7525,22 C,E 13km/h,cloudy,M. Scholz,B. Hansen,M. Szczepanski,S. Richardson,J. Seppelin,E. Jenssen,H. Romanczyk,FG,1,10,FG20,"H,1,10,H20","4,1,29",{DRIVE}:05:52,FRANKFURT GALAXY drive start at 05:52.,"H,1,10,H20",NA,NA,0,NA,05:52,0,6,0,4,H,FG,"KO,1,05:52,20","PUNT,1,04:28,26",3,6,1:24,KO,1,05:52,FG20,PUNT,1,04:28,FG26,NA
2022_01_RF_FG,RF,FG,Rhein Fire,Frankfurt Galaxy,6/5/2022,Frankfurt,PSD Bank Arena,15:00,17:55,2:55,7525,22 C,E 13km/h,cloudy,M. Scholz,B. Hansen,M. Szczepanski,S. Richardson,J. Seppelin,E. Jenssen,H. Romanczyk,FG,1,10,FG20,"H,1,10,H20","4,2,30","RUSH:21,H23, TACK:95,3",G. Adams rush for 3 yards to the FG23 (C. van Horn;L. Ruoss).,"H,2,7,H23",rush,NA,0,NA,NA,0,6,0,4,H,FG,"KO,1,05:52,20","PUNT,1,04:28,26",3,6,1:24,KO,1,05:52,FG20,PUNT,1,04:28,FG26,NA
2022_01_RF_FG,RF,FG,Rhein Fire,Frankfurt Galaxy,6/5/2022,Frankfurt,PSD Bank Arena,15:00,17:55,2:55,7525,22 C,E 13km/h,cloudy,M. Scholz,B. Hansen,M. Szczepanski,S. Richardson,J. Seppelin,E. Jenssen,H. Romanczyk,FG,2,7,FG23,"H,2,7,H23","4,3,31","PEN:H,FS,A,87,H18,N",PENALTY FG False Start (K. Mwamba) 5 yards to the FG18.,"H,2,12,H18",penalty,NA,0,NA,NA,0,6,0,4,H,FG,"KO,1,05:52,20","PUNT,1,04:28,26",3,6,1:24,KO,1,05:52,FG20,PUNT,1,04:28,FG26,NA
2022_01_RF_FG,RF,FG,Rhein Fire,Frankfurt Galaxy,6/5/2022,Frankfurt,PSD Bank Arena,15:00,17:55,2:55,7525,22 C,E 13km/h,cloudy,M. Scholz,B. Hansen,M. Szczepanski,S. Richardson,J. Seppelin,E. Jenssen,H. Romanczyk,FG,2,12,FG18,"H,2,12,H18","4,4,32","RUSH:7,H26, OB:","J. Sullivan rush for 8 yards to the FG26, out-of-bounds.","H,3,4,H26",rush,NA,1,NA,NA,0,6,0,4,H,FG,"KO,1,05:52,20","PUNT,1,04:28,26",3,6,1:24,KO,1,05:52,FG20,PUNT,1,04:28,FG26,NA
2022_01_RF_FG,RF,FG,Rhein Fire,Frankfurt Galaxy,6/5/2022,Frankfurt,PSD Bank Arena,15:00,17:55,2:55,7525,22 C,E 13km/h,cloudy,M. Scholz,B. Hansen,M. Szczepanski,S. Richardson,J. Seppelin,E. Jenssen,H. Romanczyk,FG,3,4,FG26,"H,3,4,H26","4,5,33","PASS:7,I,13,*",J. Sullivan pass incomplete to M. Rutsch.,"H,4,4,H26",pass,NA,0,NA,NA,0,6,0,4,H,FG,"KO,1,05:52,20","PUNT,1,04:28,26",3,6,1:24,KO,1,05:52,FG20,PUNT,1,04:28,FG26,NA
2022_01_RF_FG,RF,FG,Rhein Fire,Frankfurt Galaxy,6/5/2022,Frankfurt,PSD Bank Arena,15:00,17:55,2:55,7525,22 C,E 13km/h,cloudy,M. Scholz,B. Hansen,M. Szczepanski,S. Richardson,J. Seppelin,E. Jenssen,H. Romanczyk,FG,4,4,FG26,"H,4,4,H26","4,6,34","PUNT:82,V34 RET:86,V37 TACK:53","H. Schwarz punt 40 yards to the RF34, N. Robitaille return 3 yards to the RF37 (D. Josiah).","V,1,10,V37",punt,NA,0,NA,NA,0,6,0,4,H,FG,"KO,1,05:52,20","PUNT,1,04:28,26",3,6,1:24,KO,1,05:52,FG20,PUNT,1,04:28,FG26,NA
2022_01_RF_FG,RF,FG,Rhein Fire,Frankfurt Galaxy,6/5/2022,Frankfurt,PSD Bank Arena,15:00,17:55,2:55,7525,22 C,E 13km/h,cloudy,M. Scholz,B. Hansen,M. Szczepanski,S. Richardson,J. Seppelin,E. Jenssen,H. Romanczyk,RF,1,10,RF37,"V,1,10,V37","5,1,35",{DRIVE}:04:28,RHEIN FIRE drive start at 04:28.,"V,1,10,V37",NA,NA,0,NA,04:28,0,6,0,5,V,RF,"PUNT,1,04:28,37","FGA,1,00:45,74",8,37,3:43,PUNT,1,04:28,RF37,FGA,1,00:45,FG26,NA
2022_01_RF_FG,RF,FG,Rhein Fire,Frankfurt Galaxy,6/5/2022,Frankfurt,PSD Bank Arena,15:00,17:55,2:55,7525,22 C,E 13km/h,cloudy,M. Scholz,B. Hansen,M. Szczepanski,S. Richardson,J. Seppelin,E. Jenssen,H. Romanczyk,RF,1,10,RF37,"V,1,10,V37","5,2,36","PASS:11,D,87,* BRUP:18","M. Adam pass incomplete to F. Eichhorn, dropped pass (F. Lowery).","V,2,10,V37",pass,NA,0,NA,NA,0,6,0,5,V,RF,"PUNT,1,04:28,37","FGA,1,00:45,74",8,37,3:43,PUNT,1,04:28,RF37,FGA,1,00:45,FG26,NA
2022_01_RF_FG,RF,FG,Rhein Fire,Frankfurt Galaxy,6/5/2022,Frankfurt,PSD Bank Arena,15:00,17:55,2:55,7525,22 C,E 13km/h,cloudy,M. Scholz,B. Hansen,M. Szczepanski,S. Richardson,J. Seppelin,E. Jenssen,H. Romanczyk,RF,2,10,RF37,"V,2,10,V37","5,3,37","RUSH:23,H45, TACK:14,31","D. Rennich rush for 18 yards to the FG45, 1ST DOWN RF (J. Poznanski;K. Katz).","V,1,10,H45",rush,rush,0,NA,NA,0,6,0,5,V,RF,"PUNT,1,04:28,37","FGA,1,00:45,74",8,37,3:43,PUNT,1,04:28,RF37,FGA,1,00:45,FG26,NA
2022_01_RF_FG,RF,FG,Rhein Fire,Frankfurt Galaxy,6/5/2022,Frankfurt,PSD Bank Arena,15:00,17:55,2:55,7525,22 C,E 13km/h,cloudy,M. Scholz,B. Hansen,M. Szczepanski,S. Richardson,J. Seppelin,E. Jenssen,H. Romanczyk,RF,1,10,FG45,"V,1,10,H45","5,4,38","PASS:11,C,6,H37 TACK:41",M. Adam pass complete to T. Knuettel for 8 yards to the FG37 (S. Gauthier).,"V,2,2,H37",pass,NA,0,NA,NA,0,6,0,5,V,RF,"PUNT,1,04:28,37","FGA,1,00:45,74",8,37,3:43,PUNT,1,04:28,RF37,FGA,1,00:45,FG26,NA
2022_01_RF_FG,RF,FG,Rhein Fire,Frankfurt Galaxy,6/5/2022,Frankfurt,PSD Bank Arena,15:00,17:55,2:55,7525,22 C,E 13km/h,cloudy,M. Scholz,B. Hansen,M. Szczepanski,S. Richardson,J. Seppelin,E. Jenssen,H. Romanczyk,RF,2,2,FG37,"V,2,2,H37","5,5,39","RUSH:23,H31, TACK:41,99","D. Rennich rush for 6 yards to the FG31, 1ST DOWN RF (S. Gauthier;K. Maier).","V,1,10,H31",rush,rush,0,NA,NA,0,6,0,5,V,RF,"PUNT,1,04:28,37","FGA,1,00:45,74",8,37,3:43,PUNT,1,04:28,RF37,FGA,1,00:45,FG26,NA
2022_01_RF_FG,RF,FG,Rhein Fire,Frankfurt Galaxy,6/5/2022,Frankfurt,PSD Bank Arena,15:00,17:55,2:55,7525,22 C,E 13km/h,cloudy,M. Scholz,B. Hansen,M. Szczepanski,S. Richardson,J. Seppelin,E. Jenssen,H. Romanczyk,RF,1,10,FG31,"V,1,10,H31","5,6,40","RUSH:21,H31, TACK:53,90",J. Aguemon rush for no gain to the FG31 (D. Josiah;M. A. Hor).,"V,2,10,H31",rush,NA,0,NA,NA,0,6,0,5,V,RF,"PUNT,1,04:28,37","FGA,1,00:45,74",8,37,3:43,PUNT,1,04:28,RF37,FGA,1,00:45,FG26,NA
2022_01_RF_FG,RF,FG,Rhein Fire,Frankfurt Galaxy,6/5/2022,Frankfurt,PSD Bank Arena,15:00,17:55,2:55,7525,22 C,E 13km/h,cloudy,M. Scholz,B. Hansen,M. Szczepanski,S. Richardson,J. Seppelin,E. Jenssen,H. Romanczyk,RF,2,10,FG31,"V,2,10,H31","5,7,41","RUSH:21,H32, TACK:53,31",J. Aguemon rush for loss of 1 yard to the FG32 (D. Josiah;K. Katz).,"V,3,11,H32",rush,NA,0,NA,NA,0,6,0,5,V,RF,"PUNT,1,04:28,37","FGA,1,00:45,74",8,37,3:43,PUNT,1,04:28,RF37,FGA,1,00:45,FG26,NA
2022_01_RF_FG,RF,FG,Rhein Fire,Frankfurt Galaxy,6/5/2022,Frankfurt,PSD Bank Arena,15:00,17:55,2:55,7525,22 C,E 13km/h,cloudy,M. Scholz,B. Hansen,M. Szczepanski,S. Richardson,J. Seppelin,E. Jenssen,H. Romanczyk,RF,3,11,FG32,"V,3,11,H32","5,8,42",TOUT:H T:01:18,"Timeout Frankfurt Galaxy, clock 01:18.","V,3,11,H32",NA,NA,0,NA,01:18,0,6,0,5,V,RF,"PUNT,1,04:28,37","FGA,1,00:45,74",8,37,3:43,PUNT,1,04:28,RF37,FGA,1,00:45,FG26,NA
2022_01_RF_FG,RF,FG,Rhein Fire,Frankfurt Galaxy,6/5/2022,Frankfurt,PSD Bank Arena,15:00,17:55,2:55,7525,22 C,E 13km/h,cloudy,M. Scholz,B. Hansen,M. Szczepanski,S. Richardson,J. Seppelin,E. Jenssen,H. Romanczyk,RF,3,11,FG32,"V,3,11,H32","5,9,43","RUSH:11,H26, TACK:40",M. Adam rush for 6 yards to the FG26 (L. Achaintre).,"V,4,5,H26",rush,NA,0,NA,NA,0,6,0,5,V,RF,"PUNT,1,04:28,37","FGA,1,00:45,74",8,37,3:43,PUNT,1,04:28,RF37,FGA,1,00:45,FG26,NA
2022_01_RF_FG,RF,FG,Rhein Fire,Frankfurt Galaxy,6/5/2022,Frankfurt,PSD Bank Arena,15:00,17:55,2:55,7525,22 C,E 13km/h,cloudy,M. Scholz,B. Hansen,M. Szczepanski,S. Richardson,J. Seppelin,E. Jenssen,H. Romanczyk,RF,4,5,FG26,"V,4,5,H26","5,10,44","FGA:2,43,M,H32,R T:00:45","D. Schuhmacher field goal attempt from 43 MISSED - wide right, spot at FG32, clock 00:45.","H,1,10,H32",field_goal,NA,0,NA,00:45,0,6,0,5,V,RF,"PUNT,1,04:28,37","FGA,1,00:45,74",8,37,3:43,PUNT,1,04:28,RF37,FGA,1,00:45,FG26,NA
2022_01_RF_FG,RF,FG,Rhein Fire,Frankfurt Galaxy,6/5/2022,Frankfurt,PSD Bank Arena,15:00,17:55,2:55,7525,22 C,E 13km/h,cloudy,M. Scholz,B. Hansen,M. Szczepanski,S. Richardson,J. Seppelin,E. Jenssen,H. Romanczyk,FG,1,10,FG32,"H,1,10,H32","6,1,45",{DRIVE}:00:45,FRANKFURT GALAXY drive start at 00:45.,"H,1,10,H32",NA,NA,0,NA,00:45,0,6,0,6,H,FG,"FGA,1,00:45,32","PUNT,2,14:42,37",3,5,1:03,FGA,1,00:45,FG32,PUNT,2,14:42,FG37,NA
2022_01_RF_FG,RF,FG,Rhein Fire,Frankfurt Galaxy,6/5/2022,Frankfurt,PSD Bank Arena,15:00,17:55,2:55,7525,22 C,E 13km/h,cloudy,M. Scholz,B. Hansen,M. Szczepanski,S. Richardson,J. Seppelin,E. Jenssen,H. Romanczyk,FG,1,10,FG32,"H,1,10,H32","6,2,46","RUSH:21,H37, TACK:97,22",G. Adams rush for 5 yards to the FG37 (J. Chikere;O. Williams).,"H,2,5,H37",rush,NA,0,NA,NA,0,6,0,6,H,FG,"FGA,1,00:45,32","PUNT,2,14:42,37",3,5,1:03,FGA,1,00:45,FG32,PUNT,2,14:42,FG37,NA
2022_01_RF_FG,RF,FG,Rhein Fire,Frankfurt Galaxy,6/5/2022,Frankfurt,PSD Bank Arena,15:00,17:55,2:55,7525,22 C,E 13km/h,cloudy,M. Scholz,B. Hansen,M. Szczepanski,S. Richardson,J. Seppelin,E. Jenssen,H. Romanczyk,FG,2,5,FG37,"H,2,5,H37","6,3,47","PASS:7,I,TM,* BRUP:90",J. Sullivan pass incomplete (R. Feltes).,"H,3,5,H37",pass,NA,0,NA,NA,0,6,0,6,H,FG,"FGA,1,00:45,32","PUNT,2,14:42,37",3,5,1:03,FGA,1,00:45,FG32,PUNT,2,14:42,FG37,NA
2022_01_RF_FG,RF,FG,Rhein Fire,Frankfurt Galaxy,6/5/2022,Frankfurt,PSD Bank Arena,15:00,17:55,2:55,7525,22 C,E 13km/h,cloudy,M. Scholz,B. Hansen,M. Szczepanski,S. Richardson,J. Seppelin,E. Jenssen,H. Romanczyk,FG,3,5,FG37,"H,3,5,H37","6,4,48",Q:2 T:15:00,"Start of 2nd quarter, clock 15:00.","H,3,5,H37",NA,NA,0,NA,15:00,0,6,0,6,H,FG,"FGA,1,00:45,32","PUNT,2,14:42,37",3,5,1:03,FGA,1,00:45,FG32,PUNT,2,14:42,FG37,NA
2022_01_RF_FG,RF,FG,Rhein Fire,Frankfurt Galaxy,6/5/2022,Frankfurt,PSD Bank Arena,15:00,17:55,2:55,7525,22 C,E 13km/h,cloudy,M. Scholz,B. Hansen,M. Szczepanski,S. Richardson,J. Seppelin,E. Jenssen,H. Romanczyk,FG,3,5,FG37,"H,3,5,H37","6,5,49","PASS:7,I,10,*",J. Sullivan pass incomplete to T. Benschuh.,"H,4,5,H37",pass,NA,0,NA,NA,0,6,0,6,H,FG,"FGA,1,00:45,32","PUNT,2,14:42,37",3,5,1:03,FGA,1,00:45,FG32,PUNT,2,14:42,FG37,NA
2022_01_RF_FG,RF,FG,Rhein Fire,Frankfurt Galaxy,6/5/2022,Frankfurt,PSD Bank Arena,15:00,17:55,2:55,7525,22 C,E 13km/h,cloudy,M. Scholz,B. Hansen,M. Szczepanski,S. Richardson,J. Seppelin,E. Jenssen,H. Romanczyk,FG,4,5,FG37,"H,4,5,H37","6,6,50","PUNT:82,V07",H. Schwarz punt 56 yards to the RF7.,"V,1,10,V07",punt,NA,0,NA,NA,0,6,0,6,H,FG,"FGA,1,00:45,32","PUNT,2,14:42,37",3,5,1:03,FGA,1,00:45,FG32,PUNT,2,14:42,FG37,NA
2022_01_RF_FG,RF,FG,Rhein Fire,Frankfurt Galaxy,6/5/2022,Frankfurt,PSD Bank Arena,15:00,17:55,2:55,7525,22 C,E 13km/h,cloudy,M. Scholz,B. Hansen,M. Szczepanski,S. Richardson,J. Seppelin,E. Jenssen,H. Romanczyk,RF,1,10,RF07,"V,1,10,V07","7,1,51",{DRIVE}:14:42,RHEIN FIRE drive start at 14:42.,"V,1,10,V07",NA,NA,0,NA,14:42,0,6,0,7,V,RF,"PUNT,2,14:42,7","PUNT,2,13:12,11",3,4,1:30,PUNT,2,14:42,RF07,PUNT,2,13:12,RF11,NA
2022_01_RF_FG,RF,FG,Rhein Fire,Frankfurt Galaxy,6/5/2022,Frankfurt,PSD Bank Arena,15:00,17:55,2:55,7525,22 C,E 13km/h,cloudy,M. Scholz,B. Hansen,M. Szczepanski,S. Richardson,J. Seppelin,E. Jenssen,H. Romanczyk,RF,1,10,RF07,"V,1,10,V07","7,2,52","RUSH:23,V08, TACK:41,52",D. Rennich rush for 1 yard to the RF8 (S. Gauthier;W. Nasri).,"V,2,9,V08",rush,NA,0,NA,NA,0,6,0,7,V,RF,"PUNT,2,14:42,7","PUNT,2,13:12,11",3,4,1:30,PUNT,2,14:42,RF07,PUNT,2,13:12,RF11,NA
2022_01_RF_FG,RF,FG,Rhein Fire,Frankfurt Galaxy,6/5/2022,Frankfurt,PSD Bank Arena,15:00,17:55,2:55,7525,22 C,E 13km/h,cloudy,M. Scholz,B. Hansen,M. Szczepanski,S. Richardson,J. Seppelin,E. Jenssen,H. Romanczyk,RF,2,9,RF08,"V,2,9,V08","7,3,53","RUSH:23,V11, TACK:41,55",D. Rennich rush for 3 yards to the RF11 (S. Gauthier;M. Sy).,"V,3,6,V11",rush,NA,0,NA,NA,0,6,0,7,V,RF,"PUNT,2,14:42,7","PUNT,2,13:12,11",3,4,1:30,PUNT,2,14:42,RF07,PUNT,2,13:12,RF11,NA
2022_01_RF_FG,RF,FG,Rhein Fire,Frankfurt Galaxy,6/5/2022,Frankfurt,PSD Bank Arena,15:00,17:55,2:55,7525,22 C,E 13km/h,cloudy,M. Scholz,B. Hansen,M. Szczepanski,S. Richardson,J. Seppelin,E. Jenssen,H. Romanczyk,RF,3,6,RF11,"V,3,6,V11","7,4,54","PASS:11,I,6,*",M. Adam pass incomplete to T. Knuettel.,"V,4,6,V11",pass,NA,0,NA,NA,0,6,0,7,V,RF,"PUNT,2,14:42,7","PUNT,2,13:12,11",3,4,1:30,PUNT,2,14:42,RF07,PUNT,2,13:12,RF11,NA
2022_01_RF_FG,RF,FG,Rhein Fire,Frankfurt Galaxy,6/5/2022,Frankfurt,PSD Bank Arena,15:00,17:55,2:55,7525,22 C,E 13km/h,cloudy,M. Scholz,B. Hansen,M. Szczepanski,S. Richardson,J. Seppelin,E. Jenssen,H. Romanczyk,RF,4,6,RF11,"V,4,6,V11","7,5,55","PUNT:14,V47",M. Eisenhut punt 36 yards to the RF47.,"H,1,10,V47",punt,NA,0,NA,NA,0,6,0,7,V,RF,"PUNT,2,14:42,7","PUNT,2,13:12,11",3,4,1:30,PUNT,2,14:42,RF07,PUNT,2,13:12,RF11,NA
2022_01_RF_FG,RF,FG,Rhein Fire,Frankfurt Galaxy,6/5/2022,Frankfurt,PSD Bank Arena,15:00,17:55,2:55,7525,22 C,E 13km/h,cloudy,M. Scholz,B. Hansen,M. Szczepanski,S. Richardson,J. Seppelin,E. Jenssen,H. Romanczyk,FG,1,10,RF47,"H,1,10,V47","8,1,56",{DRIVE}:13:12,FRANKFURT GALAXY drive start at 13:12.,"H,1,10,V47",NA,NA,0,NA,13:12,0,6,0,8,H,FG,"PUNT,2,13:12,53","FG,2,09:48,78",6,25,3:24,PUNT,2,13:12,RF47,FG,2,09:48,RF22,NA
2022_01_RF_FG,RF,FG,Rhein Fire,Frankfurt Galaxy,6/5/2022,Frankfurt,PSD Bank Arena,15:00,17:55,2:55,7525,22 C,E 13km/h,cloudy,M. Scholz,B. Hansen,M. Szczepanski,S. Richardson,J. Seppelin,E. Jenssen,H. Romanczyk,FG,1,10,RF47,"H,1,10,V47","8,2,57","RUSH:21,V46, TACK:95,90",G. Adams rush for 1 yard to the RF46 (C. van Horn;R. Feltes).,"H,2,9,V46",rush,NA,0,NA,NA,0,6,0,8,H,FG,"PUNT,2,13:12,53","FG,2,09:48,78",6,25,3:24,PUNT,2,13:12,RF47,FG,2,09:48,RF22,NA
2022_01_RF_FG,RF,FG,Rhein Fire,Frankfurt Galaxy,6/5/2022,Frankfurt,PSD Bank Arena,15:00,17:55,2:55,7525,22 C,E 13km/h,cloudy,M. Scholz,B. Hansen,M. Szczepanski,S. Richardson,J. Seppelin,E. Jenssen,H. Romanczyk,FG,2,9,RF46,"H,2,9,V46","8,3,58","PASS:7,C,13,V30 TACK:22","J. Sullivan pass complete to M. Rutsch for 16 yards to the RF30, 1ST DOWN FG (O. Williams).","H,1,10,V30",pass,pass,0,NA,NA,0,6,0,8,H,FG,"PUNT,2,13:12,53","FG,2,09:48,78",6,25,3:24,PUNT,2,13:12,RF47,FG,2,09:48,RF22,NA
2022_01_RF_FG,RF,FG,Rhein Fire,Frankfurt Galaxy,6/5/2022,Frankfurt,PSD Bank Arena,15:00,17:55,2:55,7525,22 C,E 13km/h,cloudy,M. Scholz,B. Hansen,M. Szczepanski,S. Richardson,J. Seppelin,E. Jenssen,H. Romanczyk,FG,1,10,RF30,"H,1,10,V30","8,4,59","RUSH:21,V25, TACK:97,51",G. Adams rush for 5 yards to the RF25 (J. Chikere;M. Pinter).,"H,2,5,V25",rush,NA,0,NA,NA,0,6,0,8,H,FG,"PUNT,2,13:12,53","FG,2,09:48,78",6,25,3:24,PUNT,2,13:12,RF47,FG,2,09:48,RF22,NA
2022_01_RF_FG,RF,FG,Rhein Fire,Frankfurt Galaxy,6/5/2022,Frankfurt,PSD Bank Arena,15:00,17:55,2:55,7525,22 C,E 13km/h,cloudy,M. Scholz,B. Hansen,M. Szczepanski,S. Richardson,J. Seppelin,E. Jenssen,H. Romanczyk,FG,2,5,RF25,"H,2,5,V25","8,5,60","RUSH:21,V23, FORCE:90 FUMB:H,V24,7","G. Adams rush for 2 yards to the RF23, fumble forced by R. Feltes, fumble by G. Adams recovered by FG J. Sullivan at RF24.","H,3,4,V24",rush,NA,0,NA,NA,0,6,0,8,H,FG,"PUNT,2,13:12,53","FG,2,09:48,78",6,25,3:24,PUNT,2,13:12,RF47,FG,2,09:48,RF22,NA
2022_01_RF_FG,RF,FG,Rhein Fire,Frankfurt Galaxy,6/5/2022,Frankfurt,PSD Bank Arena,15:00,17:55,2:55,7525,22 C,E 13km/h,cloudy,M. Scholz,B. Hansen,M. Szczepanski,S. Richardson,J. Seppelin,E. Jenssen,H. Romanczyk,FG,3,4,RF24,"H,3,4,V24","8,6,61","RUSH:21,V22, TACK:90,51",G. Adams rush for 2 yards to the RF22 (R. Feltes;M. Pinter).,"H,4,2,V22",rush,NA,0,NA,NA,0,6,0,8,H,FG,"PUNT,2,13:12,53","FG,2,09:48,78",6,25,3:24,PUNT,2,13:12,RF47,FG,2,09:48,RF22,NA
2022_01_RF_FG,RF,FG,Rhein Fire,Frankfurt Galaxy,6/5/2022,Frankfurt,PSD Bank Arena,15:00,17:55,2:55,7525,22 C,E 13km/h,cloudy,M. Scholz,B. Hansen,M. Szczepanski,S. Richardson,J. Seppelin,E. Jenssen,H. Romanczyk,FG,4,2,RF22,"H,4,2,V22","8,7,62","FGA:1,40,G T:09:48","R. Rimmler field goal attempt from 40 GOOD, clock 09:48.","H,1,0,H30",field_goal,NA,0,NA,09:48,1,6,3,8,H,FG,"PUNT,2,13:12,53","FG,2,09:48,78",6,25,3:24,PUNT,2,13:12,RF47,FG,2,09:48,RF22,NA
2022_01_RF_FG,RF,FG,Rhein Fire,Frankfurt Galaxy,6/5/2022,Frankfurt,PSD Bank Arena,15:00,17:55,2:55,7525,22 C,E 13km/h,cloudy,M. Scholz,B. Hansen,M. Szczepanski,S. Richardson,J. Seppelin,E. Jenssen,H. Romanczyk,FG,1,0,FG30,"H,1,0,H30","8,8,63","KO:1,V05 RET:22,H50 OB:","R. Rimmler kickoff 65 yards to the RF5, O. Williams return 45 yards to the 50 yardline, out-of-bounds.","V,1,10,V50",kick_off,NA,1,NA,NA,0,6,3,8,H,FG,"PUNT,2,13:12,53","FG,2,09:48,78",6,25,3:24,PUNT,2,13:12,RF47,FG,2,09:48,RF22,NA
2022_01_RF_FG,RF,FG,Rhein Fire,Frankfurt Galaxy,6/5/2022,Frankfurt,PSD Bank Arena,15:00,17:55,2:55,7525,22 C,E 13km/h,cloudy,M. Scholz,B. Hansen,M. Szczepanski,S. Richardson,J. Seppelin,E. Jenssen,H. Romanczyk,RF,1,10,RF50,"V,1,10,V50","9,1,64",{DRIVE}:09:40,RHEIN FIRE drive start at 09:40.,"V,1,10,V50",NA,NA,0,NA,09:40,0,6,3,9,V,RF,"KO,2,09:40,50","TD,2,06:32,100",6,50,3:08,KO,2,09:40,RF50,TD,2,06:32,FG00,1
2022_01_RF_FG,RF,FG,Rhein Fire,Frankfurt Galaxy,6/5/2022,Frankfurt,PSD Bank Arena,15:00,17:55,2:55,7525,22 C,E 13km/h,cloudy,M. Scholz,B. Hansen,M. Szczepanski,S. Richardson,J. Seppelin,E. Jenssen,H. Romanczyk,RF,1,10,RF50,"V,1,10,V50","9,2,65","PASS:11,C,43,H43 TACK:52,40",M. Adam pass complete to P. Poetsch for 7 yards to the FG43 (W. Nasri;L. Achaintre).,"V,2,3,H43",pass,NA,0,NA,NA,0,6,3,9,V,RF,"KO,2,09:40,50","TD,2,06:32,100",6,50,3:08,KO,2,09:40,RF50,TD,2,06:32,FG00,1
2022_01_RF_FG,RF,FG,Rhein Fire,Frankfurt Galaxy,6/5/2022,Frankfurt,PSD Bank Arena,15:00,17:55,2:55,7525,22 C,E 13km/h,cloudy,M. Scholz,B. Hansen,M. Szczepanski,S. Richardson,J. Seppelin,E. Jenssen,H. Romanczyk,RF,2,3,FG43,"V,2,3,H43","9,3,66","RUSH:21,H41, TACK:90,40",J. Aguemon rush for 2 yards to the FG41 (M. A. Hor;L. Achaintre).,"V,3,1,H41",rush,NA,0,NA,NA,0,6,3,9,V,RF,"KO,2,09:40,50","TD,2,06:32,100",6,50,3:08,KO,2,09:40,RF50,TD,2,06:32,FG00,1
2022_01_RF_FG,RF,FG,Rhein Fire,Frankfurt Galaxy,6/5/2022,Frankfurt,PSD Bank Arena,15:00,17:55,2:55,7525,22 C,E 13km/h,cloudy,M. Scholz,B. Hansen,M. Szczepanski,S. Richardson,J. Seppelin,E. Jenssen,H. Romanczyk,RF,3,1,FG41,"V,3,1,H41","9,4,67","RUSH:11,H39, TACK:52,95","M. Adam rush for 2 yards to the FG39, 1ST DOWN RF (W. Nasri;M. Konya).","V,1,10,H39",rush,rush,0,NA,NA,0,6,3,9,V,RF,"KO,2,09:40,50","TD,2,06:32,100",6,50,3:08,KO,2,09:40,RF50,TD,2,06:32,FG00,1
2022_01_RF_FG,RF,FG,Rhein Fire,Frankfurt Galaxy,6/5/2022,Frankfurt,PSD Bank Arena,15:00,17:55,2:55,7525,22 C,E 13km/h,cloudy,M. Scholz,B. Hansen,M. Szczepanski,S. Richardson,J. Seppelin,E. Jenssen,H. Romanczyk,RF,1,10,FG39,"V,1,10,H39","9,5,68","RUSH:21,H37, TACK:90,41",J. Aguemon rush for 2 yards to the FG37 (M. A. Hor;S. Gauthier).,"V,2,8,H37",rush,NA,0,NA,NA,0,6,3,9,V,RF,"KO,2,09:40,50","TD,2,06:32,100",6,50,3:08,KO,2,09:40,RF50,TD,2,06:32,FG00,1
2022_01_RF_FG,RF,FG,Rhein Fire,Frankfurt Galaxy,6/5/2022,Frankfurt,PSD Bank Arena,15:00,17:55,2:55,7525,22 C,E 13km/h,cloudy,M. Scholz,B. Hansen,M. Szczepanski,S. Richardson,J. Seppelin,E. Jenssen,H. Romanczyk,RF,2,8,FG37,"V,2,8,H37","9,6,69","PASS:11,C,6,H00 T:06:46 NOPLAY:","M. Adam pass complete to T. Knuettel for 37 yards to the FG0, clock 06:46, NO PLAY.","V,2,8,H37",NA,NA,0,NA,06:46,0,6,3,9,V,RF,"KO,2,09:40,50","TD,2,06:32,100",6,50,3:08,KO,2,09:40,RF50,TD,2,06:32,FG00,1
2022_01_RF_FG,RF,FG,Rhein Fire,Frankfurt Galaxy,6/5/2022,Frankfurt,PSD Bank Arena,15:00,17:55,2:55,7525,22 C,E 13km/h,cloudy,M. Scholz,B. Hansen,M. Szczepanski,S. Richardson,J. Seppelin,E. Jenssen,H. Romanczyk,RF,2,8,FG37,"V,2,8,H37","9,7,71","PASS:11,C,6,H01 TACK:28","M. Adam pass complete to T. Knuettel for 36 yards to the FG1, 1ST DOWN RF (S. Otto).","V,1,0,H01",pass,pass,0,NA,NA,0,6,3,9,V,RF,"KO,2,09:40,50","TD,2,06:32,100",6,50,3:08,KO,2,09:40,RF50,TD,2,06:32,FG00,1
2022_01_RF_FG,RF,FG,Rhein Fire,Frankfurt Galaxy,6/5/2022,Frankfurt,PSD Bank Arena,15:00,17:55,2:55,7525,22 C,E 13km/h,cloudy,M. Scholz,B. Hansen,M. Szczepanski,S. Richardson,J. Seppelin,E. Jenssen,H. Romanczyk,RF,1,0,FG01,"V,1,0,H01","9,8,72","RUSH:11,H00, T:06:32","M. Adam rush for 1 yard to the FG0, 1ST DOWN RF, TOUCHDOWN, clock 06:32.","V,1,10,H15",rush,rush,0,NA,06:32,1,12,3,9,V,RF,"KO,2,09:40,50","TD,2,06:32,100",6,50,3:08,KO,2,09:40,RF50,TD,2,06:32,FG00,1
2022_01_RF_FG,RF,FG,Rhein Fire,Frankfurt Galaxy,6/5/2022,Frankfurt,PSD Bank Arena,15:00,17:55,2:55,7525,22 C,E 13km/h,cloudy,M. Scholz,B. Hansen,M. Szczepanski,S. Richardson,J. Seppelin,E. Jenssen,H. Romanczyk,RF,1,10,FG15,"V,1,10,H15","9,9,73","PAT:K,2,G",D. Schuhmacher kick attempt good.,"V,1,0,V30",pat,NA,0,NA,NA,1,13,3,9,V,RF,"KO,2,09:40,50","TD,2,06:32,100",6,50,3:08,KO,2,09:40,RF50,TD,2,06:32,FG00,1
2022_01_RF_FG,RF,FG,Rhein Fire,Frankfurt Galaxy,6/5/2022,Frankfurt,PSD Bank Arena,15:00,17:55,2:55,7525,22 C,E 13km/h,cloudy,M. Scholz,B. Hansen,M. Szczepanski,S. Richardson,J. Seppelin,E. Jenssen,H. Romanczyk,RF,1,0,RF30,"V,1,0,V30","9,10,74","KO:23,H05 RET:33,H30 TACK:41,34","D. Rennich kickoff 65 yards to the FG5, J. Rodney return 25 yards to the FG30 (A. Sobotta;F. Umetelli).","H,1,10,H30",kick_off,NA,0,NA,NA,0,13,3,9,V,RF,"KO,2,09:40,50","TD,2,06:32,100",6,50,3:08,KO,2,09:40,RF50,TD,2,06:32,FG00,1
2022_01_RF_FG,RF,FG,Rhein Fire,Frankfurt Galaxy,6/5/2022,Frankfurt,PSD Bank Arena,15:00,17:55,2:55,7525,22 C,E 13km/h,cloudy,M. Scholz,B. Hansen,M. Szczepanski,S. Richardson,J. Seppelin,E. Jenssen,H. Romanczyk,FG,1,10,FG30,"H,1,10,H30","10,1,75",{DRIVE}:06:24,FRANKFURT GALAXY drive start at 06:24.,"H,1,10,H30",NA,NA,0,NA,06:24,0,13,3,10,H,FG,"KO,2,06:24,30","INT,2,06:16,30",1,0,0:08,KO,2,06:24,FG30,INT,2,06:16,FG30,NA
2022_01_RF_FG,RF,FG,Rhein Fire,Frankfurt Galaxy,6/5/2022,Frankfurt,PSD Bank Arena,15:00,17:55,2:55,7525,22 C,E 13km/h,cloudy,M. Scholz,B. Hansen,M. Szczepanski,S. Richardson,J. Seppelin,E. Jenssen,H. Romanczyk,FG,1,10,FG30,"H,1,10,H30","10,2,76","PASS:7,X,3,H35 RET:3,H00 T:06:16","J. Sullivan pass intercepted by L. Ruoss at the FG35, L. Ruoss return 35 yards to the FG0, TOUCHDOWN, clock 06:16.","V,1,10,H15",pass,NA,0,I,06:16,1,19,3,10,H,FG,"KO,2,06:24,30","INT,2,06:16,30",1,0,0:08,KO,2,06:24,FG30,INT,2,06:16,FG30,NA
2022_01_RF_FG,RF,FG,Rhein Fire,Frankfurt Galaxy,6/5/2022,Frankfurt,PSD Bank Arena,15:00,17:55,2:55,7525,22 C,E 13km/h,cloudy,M. Scholz,B. Hansen,M. Szczepanski,S. Richardson,J. Seppelin,E. Jenssen,H. Romanczyk,RF,1,10,FG15,"V,1,10,H15","11,1,77",TOUT:V T:06:16,"Timeout Rhein Fire, clock 06:16.","V,1,10,H15",NA,NA,0,NA,06:16,0,19,3,11,V,RF,"INT,2,06:16,98","TD,2,06:16,98",0,0,0:00,INT,2,06:16,FG02,TD,2,06:16,FG02,NA
2022_01_RF_FG,RF,FG,Rhein Fire,Frankfurt Galaxy,6/5/2022,Frankfurt,PSD Bank Arena,15:00,17:55,2:55,7525,22 C,E 13km/h,cloudy,M. Scholz,B. Hansen,M. Szczepanski,S. Richardson,J. Seppelin,E. Jenssen,H. Romanczyk,RF,1,10,FG15,"V,1,10,H15","11,2,78","SPOT:V,H02,Y PAT:P,11,M","RF ball on FG2, M. Adam pass attempt failed.","V,1,0,V30",pat,NA,0,NA,NA,0,19,3,11,V,RF,"INT,2,06:16,98","TD,2,06:16,98",0,0,0:00,INT,2,06:16,FG02,TD,2,06:16,FG02,NA
2022_01_RF_FG,RF,FG,Rhein Fire,Frankfurt Galaxy,6/5/2022,Frankfurt,PSD Bank Arena,15:00,17:55,2:55,7525,22 C,E 13km/h,cloudy,M. Scholz,B. Hansen,M. Szczepanski,S. Richardson,J. Seppelin,E. Jenssen,H. Romanczyk,RF,1,0,RF30,"V,1,0,V30","11,3,79","KO:23,H00 TB: SPOT:H,H30,Y","D. Rennich kickoff 70 yards to the FG0, touchback, FG ball on FG30.","H,1,10,H30",kick_off,NA,0,NA,NA,0,19,3,11,V,RF,"INT,2,06:16,98","TD,2,06:16,98",0,0,0:00,INT,2,06:16,FG02,TD,2,06:16,FG02,NA
2022_01_RF_FG,RF,FG,Rhein Fire,Frankfurt Galaxy,6/5/2022,Frankfurt,PSD Bank Arena,15:00,17:55,2:55,7525,22 C,E 13km/h,cloudy,M. Scholz,B. Hansen,M. Szczepanski,S. Richardson,J. Seppelin,E. Jenssen,H. Romanczyk,FG,1,10,FG30,"H,1,10,H30","12,1,80",{DRIVE}:06:16,FRANKFURT GALAXY drive start at 06:16.,"H,1,10,H30",NA,NA,0,NA,06:16,0,19,3,12,H,FG,"KO,2,06:16,98","TD,2,01:50,98",11,0,4:26,KO,2,06:16,RF02,TD,2,01:50,RF02,1
2022_01_RF_FG,RF,FG,Rhein Fire,Frankfurt Galaxy,6/5/2022,Frankfurt,PSD Bank Arena,15:00,17:55,2:55,7525,22 C,E 13km/h,cloudy,M. Scholz,B. Hansen,M. Szczepanski,S. Richardson,J. Seppelin,E. Jenssen,H. Romanczyk,FG,1,10,FG30,"H,1,10,H30","12,2,81","PASS:7,C,19,H41 TACK:55","J. Sullivan pass complete to N. Strahmann for 11 yards to the FG41, 1ST DOWN FG (T. van den Oort).","H,1,10,H41",pass,pass,0,NA,NA,0,19,3,12,H,FG,"KO,2,06:16,98","TD,2,01:50,98",11,0,4:26,KO,2,06:16,RF02,TD,2,01:50,RF02,1
2022_01_RF_FG,RF,FG,Rhein Fire,Frankfurt Galaxy,6/5/2022,Frankfurt,PSD Bank Arena,15:00,17:55,2:55,7525,22 C,E 13km/h,cloudy,M. Scholz,B. Hansen,M. Szczepanski,S. Richardson,J. Seppelin,E. Jenssen,H. Romanczyk,FG,1,10,FG41,"H,1,10,H41","12,3,82","PASS:7,C,87,V48 TACK:22,9 PEN:H,PF,A,87,H37,1","J. Sullivan pass complete to K. Mwamba for 11 yards to the RF48 (O. Williams;R. Grooten), PENALTY FG Personal Foul (K. Mwamba) 15 yards to the FG37, 1ST DOWN FG.","H,1,10,H37",pass,penalty,0,NA,NA,0,19,3,12,H,FG,"KO,2,06:16,98","TD,2,01:50,98",11,0,4:26,KO,2,06:16,RF02,TD,2,01:50,RF02,1
2022_01_RF_FG,RF,FG,Rhein Fire,Frankfurt Galaxy,6/5/2022,Frankfurt,PSD Bank Arena,15:00,17:55,2:55,7525,22 C,E 13km/h,cloudy,M. Scholz,B. Hansen,M. Szczepanski,S. Richardson,J. Seppelin,E. Jenssen,H. Romanczyk,FG,1,10,FG37,"H,1,10,H37","12,4,83","D:1,10",1st and 10.,"H,1,10,H37",NA,NA,0,NA,NA,0,19,3,12,H,FG,"KO,2,06:16,98","TD,2,01:50,98",11,0,4:26,KO,2,06:16,RF02,TD,2,01:50,RF02,1
2022_01_RF_FG,RF,FG,Rhein Fire,Frankfurt Galaxy,6/5/2022,Frankfurt,PSD Bank Arena,15:00,17:55,2:55,7525,22 C,E 13km/h,cloudy,M. Scholz,B. Hansen,M. Szczepanski,S. Richardson,J. Seppelin,E. Jenssen,H. Romanczyk,FG,1,10,FG37,"H,1,10,H37","12,5,84","PASS:7,I,44,*",J. Sullivan pass incomplete to L. Helm.,"H,2,10,H37",pass,NA,0,NA,NA,0,19,3,12,H,FG,"KO,2,06:16,98","TD,2,01:50,98",11,0,4:26,KO,2,06:16,RF02,TD,2,01:50,RF02,1
2022_01_RF_FG,RF,FG,Rhein Fire,Frankfurt Galaxy,6/5/2022,Frankfurt,PSD Bank Arena,15:00,17:55,2:55,7525,22 C,E 13km/h,cloudy,M. Scholz,B. Hansen,M. Szczepanski,S. Richardson,J. Seppelin,E. Jenssen,H. Romanczyk,FG,2,10,FG37,"H,2,10,H37","12,6,85","RUSH:21,H44, TACK:59",G. Adams rush for 7 yards to the FG44 (E. Zengin).,"H,3,3,H44",rush,NA,0,NA,NA,0,19,3,12,H,FG,"KO,2,06:16,98","TD,2,01:50,98",11,0,4:26,KO,2,06:16,RF02,TD,2,01:50,RF02,1
2022_01_RF_FG,RF,FG,Rhein Fire,Frankfurt Galaxy,6/5/2022,Frankfurt,PSD Bank Arena,15:00,17:55,2:55,7525,22 C,E 13km/h,cloudy,M. Scholz,B. Hansen,M. Szczepanski,S. Richardson,J. Seppelin,E. Jenssen,H. Romanczyk,FG,3,3,FG44,"H,3,3,H44","12,7,86","PASS:7,I,86,* BRUP:7 PEN:V,DPI,A,7,V30,1 NOPLAY:","J. Sullivan pass incomplete to L. Regler (T. Janssen), PENALTY RF Defensive Pass Interference (T. Janssen) 26 yards to the RF30, 1ST DOWN FG, NO PLAY.","H,1,10,V30",penalty,penalty,0,NA,NA,0,19,3,12,H,FG,"KO,2,06:16,98","TD,2,01:50,98",11,0,4:26,KO,2,06:16,RF02,TD,2,01:50,RF02,1
2022_01_RF_FG,RF,FG,Rhein Fire,Frankfurt Galaxy,6/5/2022,Frankfurt,PSD Bank Arena,15:00,17:55,2:55,7525,22 C,E 13km/h,cloudy,M. Scholz,B. Hansen,M. Szczepanski,S. Richardson,J. Seppelin,E. Jenssen,H. Romanczyk,FG,1,10,RF30,"H,1,10,V30","12,8,87",TOUT:V T:04:13,"Timeout Rhein Fire, clock 04:13.","H,1,10,V30",NA,NA,0,NA,04:13,0,19,3,12,H,FG,"KO,2,06:16,98","TD,2,01:50,98",11,0,4:26,KO,2,06:16,RF02,TD,2,01:50,RF02,1
2022_01_RF_FG,RF,FG,Rhein Fire,Frankfurt Galaxy,6/5/2022,Frankfurt,PSD Bank Arena,15:00,17:55,2:55,7525,22 C,E 13km/h,cloudy,M. Scholz,B. Hansen,M. Szczepanski,S. Richardson,J. Seppelin,E. Jenssen,H. Romanczyk,FG,1,10,RF30,"H,1,10,V30","12,9,88","RUSH:21,V26, TACK:3,55",G. Adams rush for 4 yards to the RF26 (L. Ruoss;T. van den Oort).,"H,2,6,V26",rush,NA,0,NA,NA,0,19,3,12,H,FG,"KO,2,06:16,98","TD,2,01:50,98",11,0,4:26,KO,2,06:16,RF02,TD,2,01:50,RF02,1
2022_01_RF_FG,RF,FG,Rhein Fire,Frankfurt Galaxy,6/5/2022,Frankfurt,PSD Bank Arena,15:00,17:55,2:55,7525,22 C,E 13km/h,cloudy,M. Scholz,B. Hansen,M. Szczepanski,S. Richardson,J. Seppelin,E. Jenssen,H. Romanczyk,FG,2,6,RF26,"H,2,6,V26","12,10,89","PASS:7,I,13,*",J. Sullivan pass incomplete to M. Rutsch.,"H,3,6,V26",pass,NA,0,NA,NA,0,19,3,12,H,FG,"KO,2,06:16,98","TD,2,01:50,98",11,0,4:26,KO,2,06:16,RF02,TD,2,01:50,RF02,1
2022_01_RF_FG,RF,FG,Rhein Fire,Frankfurt Galaxy,6/5/2022,Frankfurt,PSD Bank Arena,15:00,17:55,2:55,7525,22 C,E 13km/h,cloudy,M. Scholz,B. Hansen,M. Szczepanski,S. Richardson,J. Seppelin,E. Jenssen,H. Romanczyk,FG,3,6,RF26,"H,3,6,V26","12,11,90","PASS:7,C,84,V15 TACK:51,4","J. Sullivan pass complete to C. Sow for 11 yards to the RF15, 1ST DOWN FG (M. Pinter;J. Seibel).","H,1,10,V15",pass,pass,0,NA,NA,0,19,3,12,H,FG,"KO,2,06:16,98","TD,2,01:50,98",11,0,4:26,KO,2,06:16,RF02,TD,2,01:50,RF02,1
2022_01_RF_FG,RF,FG,Rhein Fire,Frankfurt Galaxy,6/5/2022,Frankfurt,PSD Bank Arena,15:00,17:55,2:55,7525,22 C,E 13km/h,cloudy,M. Scholz,B. Hansen,M. Szczepanski,S. Richardson,J. Seppelin,E. Jenssen,H. Romanczyk,FG,1,10,RF15,"H,1,10,V15","12,12,91","PEN:H,DG,A,7,V20,N",PENALTY FG Delay of Game (J. Sullivan) 5 yards to the RF20.,"H,1,15,V20",penalty,NA,0,NA,NA,0,19,3,12,H,FG,"KO,2,06:16,98","TD,2,01:50,98",11,0,4:26,KO,2,06:16,RF02,TD,2,01:50,RF02,1
2022_01_RF_FG,RF,FG,Rhein Fire,Frankfurt Galaxy,6/5/2022,Frankfurt,PSD Bank Arena,15:00,17:55,2:55,7525,22 C,E 13km/h,cloudy,M. Scholz,B. Hansen,M. Szczepanski,S. Richardson,J. Seppelin,E. Jenssen,H. Romanczyk,FG,1,15,RF20,"H,1,15,V20","12,13,92","PASS:7,C,87,V14 TACK:9,22",J. Sullivan pass complete to K. Mwamba for 6 yards to the RF14 (R. Grooten;O. Williams).,"H,2,9,V14",pass,NA,0,NA,NA,0,19,3,12,H,FG,"KO,2,06:16,98","TD,2,01:50,98",11,0,4:26,KO,2,06:16,RF02,TD,2,01:50,RF02,1
2022_01_RF_FG,RF,FG,Rhein Fire,Frankfurt Galaxy,6/5/2022,Frankfurt,PSD Bank Arena,15:00,17:55,2:55,7525,22 C,E 13km/h,cloudy,M. Scholz,B. Hansen,M. Szczepanski,S. Richardson,J. Seppelin,E. Jenssen,H. Romanczyk,FG,2,9,RF14,"H,2,9,V14","12,14,93","PASS:7,C,10,V07 TACK:4",J. Sullivan pass complete to T. Benschuh for 7 yards to the RF7 (J. Seibel).,"H,3,2,V07",pass,NA,0,NA,NA,0,19,3,12,H,FG,"KO,2,06:16,98","TD,2,01:50,98",11,0,4:26,KO,2,06:16,RF02,TD,2,01:50,RF02,1
2022_01_RF_FG,RF,FG,Rhein Fire,Frankfurt Galaxy,6/5/2022,Frankfurt,PSD Bank Arena,15:00,17:55,2:55,7525,22 C,E 13km/h,cloudy,M. Scholz,B. Hansen,M. Szczepanski,S. Richardson,J. Seppelin,E. Jenssen,H. Romanczyk,FG,3,2,RF07,"H,3,2,V07","12,15,95","PASS:7,C,19,V03 TACK:7","J. Sullivan pass complete to N. Strahmann for 4 yards to the RF3, 1ST DOWN FG (T. Janssen).","H,1,0,V03",pass,pass,0,NA,NA,0,19,3,12,H,FG,"KO,2,06:16,98","TD,2,01:50,98",11,0,4:26,KO,2,06:16,RF02,TD,2,01:50,RF02,1
2022_01_RF_FG,RF,FG,Rhein Fire,Frankfurt Galaxy,6/5/2022,Frankfurt,PSD Bank Arena,15:00,17:55,2:55,7525,22 C,E 13km/h,cloudy,M. Scholz,B. Hansen,M. Szczepanski,S. Richardson,J. Seppelin,E. Jenssen,H. Romanczyk,FG,1,0,RF03,"H,1,0,V03","12,16,96","PASS:7,C,21,V00 T:01:50","J. Sullivan pass complete to G. Adams for 3 yards to the RF0, 1ST DOWN FG, TOUCHDOWN, clock 01:50.","H,1,10,V15",pass,pass,0,NA,01:50,1,19,9,12,H,FG,"KO,2,06:16,98","TD,2,01:50,98",11,0,4:26,KO,2,06:16,RF02,TD,2,01:50,RF02,1
2022_01_RF_FG,RF,FG,Rhein Fire,Frankfurt Galaxy,6/5/2022,Frankfurt,PSD Bank Arena,15:00,17:55,2:55,7525,22 C,E 13km/h,cloudy,M. Scholz,B. Hansen,M. Szczepanski,S. Richardson,J. Seppelin,E. Jenssen,H. Romanczyk,FG,1,10,RF15,"H,1,10,V15","12,17,97","SPOT:H,V02,Y PAT:P,7,M","FG ball on RF2, J. Sullivan pass attempt failed.","H,1,0,H30",pat,NA,0,NA,NA,0,19,9,12,H,FG,"KO,2,06:16,98","TD,2,01:50,98",11,0,4:26,KO,2,06:16,RF02,TD,2,01:50,RF02,1
2022_01_RF_FG,RF,FG,Rhein Fire,Frankfurt Galaxy,6/5/2022,Frankfurt,PSD Bank Arena,15:00,17:55,2:55,7525,22 C,E 13km/h,cloudy,M. Scholz,B. Hansen,M. Szczepanski,S. Richardson,J. Seppelin,E. Jenssen,H. Romanczyk,FG,1,0,FG30,"H,1,0,H30","12,18,98","KO:1,V09 RET:22,V37 TACK:35,51","R. Rimmler kickoff 61 yards to the RF9, O. Williams return 28 yards to the RF37 (M. Schlabitz;M. Adjei).","V,1,10,V37",kick_off,NA,0,NA,NA,0,19,9,12,H,FG,"KO,2,06:16,98","TD,2,01:50,98",11,0,4:26,KO,2,06:16,RF02,TD,2,01:50,RF02,1
2022_01_RF_FG,RF,FG,Rhein Fire,Frankfurt Galaxy,6/5/2022,Frankfurt,PSD Bank Arena,15:00,17:55,2:55,7525,22 C,E 13km/h,cloudy,M. Scholz,B. Hansen,M. Szczepanski,S. Richardson,J. Seppelin,E. Jenssen,H. Romanczyk,RF,1,10,RF37,"V,1,10,V37","13,1,99",{DRIVE}:01:44,RHEIN FIRE drive start at 01:44.,"V,1,10,V37",NA,NA,0,NA,01:44,0,19,9,13,V,RF,"KO,2,01:44,37","PUNT,2,00:53,28",3,-9,0:51,KO,2,01:44,RF37,PUNT,2,00:53,RF28,NA
2022_01_RF_FG,RF,FG,Rhein Fire,Frankfurt Galaxy,6/5/2022,Frankfurt,PSD Bank Arena,15:00,17:55,2:55,7525,22 C,E 13km/h,cloudy,M. Scholz,B. Hansen,M. Szczepanski,S. Richardson,J. Seppelin,E. Jenssen,H. Romanczyk,RF,1,10,RF37,"V,1,10,V37","13,2,100","PASS:11,S,TM,V28 SACK:91",M. Adam sacked for loss of 9 yards to the RF28 (V. Buffet).,"V,2,19,V28",pass,NA,0,NA,NA,0,19,9,13,V,RF,"KO,2,01:44,37","PUNT,2,00:53,28",3,-9,0:51,KO,2,01:44,RF37,PUNT,2,00:53,RF28,NA
2022_01_RF_FG,RF,FG,Rhein Fire,Frankfurt Galaxy,6/5/2022,Frankfurt,PSD Bank Arena,15:00,17:55,2:55,7525,22 C,E 13km/h,cloudy,M. Scholz,B. Hansen,M. Szczepanski,S. Richardson,J. Seppelin,E. Jenssen,H. Romanczyk,RF,2,19,RF28,"V,2,19,V28","13,3,101","PASS:11,D,82,*","M. Adam pass incomplete to D. Rofalski, dropped pass.","V,3,19,V28",pass,NA,0,NA,NA,0,19,9,13,V,RF,"KO,2,01:44,37","PUNT,2,00:53,28",3,-9,0:51,KO,2,01:44,RF37,PUNT,2,00:53,RF28,NA
2022_01_RF_FG,RF,FG,Rhein Fire,Frankfurt Galaxy,6/5/2022,Frankfurt,PSD Bank Arena,15:00,17:55,2:55,7525,22 C,E 13km/h,cloudy,M. Scholz,B. Hansen,M. Szczepanski,S. Richardson,J. Seppelin,E. Jenssen,H. Romanczyk,RF,3,19,RF28,"V,3,19,V28","13,4,102","PASS:11,I,TM,* BRUP:31",M. Adam pass incomplete (K. Katz).,"V,4,19,V28",pass,NA,0,NA,NA,0,19,9,13,V,RF,"KO,2,01:44,37","PUNT,2,00:53,28",3,-9,0:51,KO,2,01:44,RF37,PUNT,2,00:53,RF28,NA
2022_01_RF_FG,RF,FG,Rhein Fire,Frankfurt Galaxy,6/5/2022,Frankfurt,PSD Bank Arena,15:00,17:55,2:55,7525,22 C,E 13km/h,cloudy,M. Scholz,B. Hansen,M. Szczepanski,S. Richardson,J. Seppelin,E. Jenssen,H. Romanczyk,RF,4,19,RF28,"V,4,19,V28","13,5,103","PUNT:14,H48",M. Eisenhut punt 24 yards to the FG48.,"H,1,10,H48",punt,NA,0,NA,NA,0,19,9,13,V,RF,"KO,2,01:44,37","PUNT,2,00:53,28",3,-9,0:51,KO,2,01:44,RF37,PUNT,2,00:53,RF28,NA
2022_01_RF_FG,RF,FG,Rhein Fire,Frankfurt Galaxy,6/5/2022,Frankfurt,PSD Bank Arena,15:00,17:55,2:55,7525,22 C,E 13km/h,cloudy,M. Scholz,B. Hansen,M. Szczepanski,S. Richardson,J. Seppelin,E. Jenssen,H. Romanczyk,FG,1,10,FG48,"H,1,10,H48","14,1,104",{DRIVE}:00:53,FRANKFURT GALAXY drive start at 00:53.,"H,1,10,H48",NA,NA,0,NA,00:53,0,19,9,14,H,FG,"PUNT,2,00:53,48","FG,2,00:21,62",5,14,0:32,PUNT,2,00:53,FG48,FG,2,00:21,RF38,NA
2022_01_RF_FG,RF,FG,Rhein Fire,Frankfurt Galaxy,6/5/2022,Frankfurt,PSD Bank Arena,15:00,17:55,2:55,7525,22 C,E 13km/h,cloudy,M. Scholz,B. Hansen,M. Szczepanski,S. Richardson,J. Seppelin,E. Jenssen,H. Romanczyk,FG,1,10,FG48,"H,1,10,H48","14,2,105","PASS:7,C,10,V38 TACK:9","J. Sullivan pass complete to T. Benschuh for 14 yards to the RF38, 1ST DOWN FG (R. Grooten).","H,1,10,V38",pass,pass,0,NA,NA,0,19,9,14,H,FG,"PUNT,2,00:53,48","FG,2,00:21,62",5,14,0:32,PUNT,2,00:53,FG48,FG,2,00:21,RF38,NA
2022_01_RF_FG,RF,FG,Rhein Fire,Frankfurt Galaxy,6/5/2022,Frankfurt,PSD Bank Arena,15:00,17:55,2:55,7525,22 C,E 13km/h,cloudy,M. Scholz,B. Hansen,M. Szczepanski,S. Richardson,J. Seppelin,E. Jenssen,H. Romanczyk,FG,1,10,RF38,"H,1,10,V38","14,3,106","PASS:7,I,TM,*",J. Sullivan pass incomplete.,"H,2,10,V38",pass,NA,0,NA,NA,0,19,9,14,H,FG,"PUNT,2,00:53,48","FG,2,00:21,62",5,14,0:32,PUNT,2,00:53,FG48,FG,2,00:21,RF38,NA
2022_01_RF_FG,RF,FG,Rhein Fire,Frankfurt Galaxy,6/5/2022,Frankfurt,PSD Bank Arena,15:00,17:55,2:55,7525,22 C,E 13km/h,cloudy,M. Scholz,B. Hansen,M. Szczepanski,S. Richardson,J. Seppelin,E. Jenssen,H. Romanczyk,FG,2,10,RF38,"H,2,10,V38","14,4,108","PASS:7,D,86,*","J. Sullivan pass incomplete to L. Regler, dropped pass.","H,3,10,V38",pass,NA,0,NA,NA,0,19,9,14,H,FG,"PUNT,2,00:53,48","FG,2,00:21,62",5,14,0:32,PUNT,2,00:53,FG48,FG,2,00:21,RF38,NA
2022_01_RF_FG,RF,FG,Rhein Fire,Frankfurt Galaxy,6/5/2022,Frankfurt,PSD Bank Arena,15:00,17:55,2:55,7525,22 C,E 13km/h,cloudy,M. Scholz,B. Hansen,M. Szczepanski,S. Richardson,J. Seppelin,E. Jenssen,H. Romanczyk,FG,3,10,RF38,"H,3,10,V38","14,5,109","PASS:7,I,10,*",J. Sullivan pass incomplete to T. Benschuh.,"H,4,10,V38",pass,NA,0,NA,NA,0,19,9,14,H,FG,"PUNT,2,00:53,48","FG,2,00:21,62",5,14,0:32,PUNT,2,00:53,FG48,FG,2,00:21,RF38,NA
2022_01_RF_FG,RF,FG,Rhein Fire,Frankfurt Galaxy,6/5/2022,Frankfurt,PSD Bank Arena,15:00,17:55,2:55,7525,22 C,E 13km/h,cloudy,M. Scholz,B. Hansen,M. Szczepanski,S. Richardson,J. Seppelin,E. Jenssen,H. Romanczyk,FG,4,10,RF38,"H,4,10,V38","14,6,110","FGA:1,55,G T:00:21","R. Rimmler field goal attempt from 55 GOOD, clock 00:21.","H,1,0,H30",field_goal,NA,0,NA,00:21,1,19,12,14,H,FG,"PUNT,2,00:53,48","FG,2,00:21,62",5,14,0:32,PUNT,2,00:53,FG48,FG,2,00:21,RF38,NA
2022_01_RF_FG,RF,FG,Rhein Fire,Frankfurt Galaxy,6/5/2022,Frankfurt,PSD Bank Arena,15:00,17:55,2:55,7525,22 C,E 13km/h,cloudy,M. Scholz,B. Hansen,M. Szczepanski,S. Richardson,J. Seppelin,E. Jenssen,H. Romanczyk,FG,1,0,FG30,"H,1,0,H30","14,7,111","KO:1,V00 TB: SPOT:V,V30,Y","R. Rimmler kickoff 70 yards to the RF0, touchback, RF ball on RF30.","V,1,10,V30",kick_off,NA,0,NA,NA,0,19,12,14,H,FG,"PUNT,2,00:53,48","FG,2,00:21,62",5,14,0:32,PUNT,2,00:53,FG48,FG,2,00:21,RF38,NA
2022_01_RF_FG,RF,FG,Rhein Fire,Frankfurt Galaxy,6/5/2022,Frankfurt,PSD Bank Arena,15:00,17:55,2:55,7525,22 C,E 13km/h,cloudy,M. Scholz,B. Hansen,M. Szczepanski,S. Richardson,J. Seppelin,E. Jenssen,H. Romanczyk,RF,1,10,RF30,"V,1,10,V30","15,1,112",{DRIVE}:00:21,RHEIN FIRE drive start at 00:21.,"V,1,10,V30",NA,NA,0,NA,00:21,0,19,12,15,V,RF,"KO,2,00:21,30","HALF,2,00:00,29",1,-1,0:21,KO,2,00:21,RF30,HALF,2,00:00,RF29,NA
2022_01_RF_FG,RF,FG,Rhein Fire,Frankfurt Galaxy,6/5/2022,Frankfurt,PSD Bank Arena,15:00,17:55,2:55,7525,22 C,E 13km/h,cloudy,M. Scholz,B. Hansen,M. Szczepanski,S. Richardson,J. Seppelin,E. Jenssen,H. Romanczyk,RF,1,10,RF30,"V,1,10,V30","15,2,113","RUSH:11,V29,",M. Adam rush for loss of 1 yard to the RF29.,"V,2,11,V29",rush,NA,0,NA,NA,0,19,12,15,V,RF,"KO,2,00:21,30","HALF,2,00:00,29",1,-1,0:21,KO,2,00:21,RF30,HALF,2,00:00,RF29,NA
2022_01_RF_FG,RF,FG,Rhein Fire,Frankfurt Galaxy,6/5/2022,Frankfurt,PSD Bank Arena,15:00,17:55,2:55,7525,22 C,E 13km/h,cloudy,M. Scholz,B. Hansen,M. Szczepanski,S. Richardson,J. Seppelin,E. Jenssen,H. Romanczyk,RF,2,11,RF29,"V,2,11,V29","15,3,115",HALF: T:00:00,"End of half, clock 00:00.","V,2,11,V29",NA,NA,0,NA,00:00,0,19,12,15,V,RF,"KO,2,00:21,30","HALF,2,00:00,29",1,-1,0:21,KO,2,00:21,RF30,HALF,2,00:00,RF29,NA
2022_01_RF_FG,RF,FG,Rhein Fire,Frankfurt Galaxy,6/5/2022,Frankfurt,PSD Bank Arena,15:00,17:55,2:55,7525,22 C,E 13km/h,cloudy,M. Scholz,B. Hansen,M. Szczepanski,S. Richardson,J. Seppelin,E. Jenssen,H. Romanczyk,RF,2,11,RF29,"V,2,11,V29","15,4,116","Q:3 T:15:00 SPOT:V,V30,N","Start of 3rd quarter, clock 15:00, RF ball on RF30.","V,2,11,V30",NA,NA,0,NA,15:00,0,19,12,15,V,RF,"KO,2,00:21,30","HALF,2,00:00,29",1,-1,0:21,KO,2,00:21,RF30,HALF,2,00:00,RF29,NA
2022_01_RF_FG,RF,FG,Rhein Fire,Frankfurt Galaxy,6/5/2022,Frankfurt,PSD Bank Arena,15:00,17:55,2:55,7525,22 C,E 13km/h,cloudy,M. Scholz,B. Hansen,M. Szczepanski,S. Richardson,J. Seppelin,E. Jenssen,H. Romanczyk,RF,2,11,RF30,"V,2,11,V30","15,5,117","KO:23,H00 TB: SPOT:H,H30,Y","D. Rennich kickoff 70 yards to the FG0, touchback, FG ball on FG30.","H,1,10,H30",kick_off,NA,0,NA,NA,0,19,12,15,V,RF,"KO,2,00:21,30","HALF,2,00:00,29",1,-1,0:21,KO,2,00:21,RF30,HALF,2,00:00,RF29,NA
2022_01_RF_FG,RF,FG,Rhein Fire,Frankfurt Galaxy,6/5/2022,Frankfurt,PSD Bank Arena,15:00,17:55,2:55,7525,22 C,E 13km/h,cloudy,M. Scholz,B. Hansen,M. Szczepanski,S. Richardson,J. Seppelin,E. Jenssen,H. Romanczyk,FG,1,10,FG30,"H,1,10,H30","16,1,118",{DRIVE}:15:00,FRANKFURT GALAXY drive start at 15:00.,"H,1,10,H30",NA,NA,0,NA,15:00,0,19,12,16,H,FG,"KO,3,15:00,30","TD,3,08:43,100",11,70,6:17,KO,3,15:00,FG30,TD,3,08:43,RF00,1
2022_01_RF_FG,RF,FG,Rhein Fire,Frankfurt Galaxy,6/5/2022,Frankfurt,PSD Bank Arena,15:00,17:55,2:55,7525,22 C,E 13km/h,cloudy,M. Scholz,B. Hansen,M. Szczepanski,S. Richardson,J. Seppelin,E. Jenssen,H. Romanczyk,FG,1,10,FG30,"H,1,10,H30","16,2,119","RUSH:21,H30, TACK:90,59",G. Adams rush for no gain to the FG30 (R. Feltes;E. Zengin).,"H,2,10,H30",rush,NA,0,NA,NA,0,19,12,16,H,FG,"KO,3,15:00,30","TD,3,08:43,100",11,70,6:17,KO,3,15:00,FG30,TD,3,08:43,RF00,1
2022_01_RF_FG,RF,FG,Rhein Fire,Frankfurt Galaxy,6/5/2022,Frankfurt,PSD Bank Arena,15:00,17:55,2:55,7525,22 C,E 13km/h,cloudy,M. Scholz,B. Hansen,M. Szczepanski,S. Richardson,J. Seppelin,E. Jenssen,H. Romanczyk,FG,2,10,FG30,"H,2,10,H30","16,3,120","PASS:7,C,19,H46 TACK:3,9","J. Sullivan pass complete to N. Strahmann for 16 yards to the FG46, 1ST DOWN FG (L. Ruoss;R. Grooten).","H,1,10,H46",pass,pass,0,NA,NA,0,19,12,16,H,FG,"KO,3,15:00,30","TD,3,08:43,100",11,70,6:17,KO,3,15:00,FG30,TD,3,08:43,RF00,1
2022_01_RF_FG,RF,FG,Rhein Fire,Frankfurt Galaxy,6/5/2022,Frankfurt,PSD Bank Arena,15:00,17:55,2:55,7525,22 C,E 13km/h,cloudy,M. Scholz,B. Hansen,M. Szczepanski,S. Richardson,J. Seppelin,E. Jenssen,H. Romanczyk,FG,1,10,FG46,"H,1,10,H46","16,4,121","RUSH:21,V49, TACK:55,9",G. Adams rush for 5 yards to the RF49 (T. van den Oort;R. Grooten).,"H,2,5,V49",rush,NA,0,NA,NA,0,19,12,16,H,FG,"KO,3,15:00,30","TD,3,08:43,100",11,70,6:17,KO,3,15:00,FG30,TD,3,08:43,RF00,1
2022_01_RF_FG,RF,FG,Rhein Fire,Frankfurt Galaxy,6/5/2022,Frankfurt,PSD Bank Arena,15:00,17:55,2:55,7525,22 C,E 13km/h,cloudy,M. Scholz,B. Hansen,M. Szczepanski,S. Richardson,J. Seppelin,E. Jenssen,H. Romanczyk,FG,2,5,RF49,"H,2,5,V49","16,5,122","PASS:7,C,87,V43 TACK:7","J. Sullivan pass complete to K. Mwamba for 6 yards to the RF43, 1ST DOWN FG (T. Janssen).","H,1,10,V43",pass,pass,0,NA,NA,0,19,12,16,H,FG,"KO,3,15:00,30","TD,3,08:43,100",11,70,6:17,KO,3,15:00,FG30,TD,3,08:43,RF00,1
2022_01_RF_FG,RF,FG,Rhein Fire,Frankfurt Galaxy,6/5/2022,Frankfurt,PSD Bank Arena,15:00,17:55,2:55,7525,22 C,E 13km/h,cloudy,M. Scholz,B. Hansen,M. Szczepanski,S. Richardson,J. Seppelin,E. Jenssen,H. Romanczyk,FG,1,10,RF43,"H,1,10,V43","16,6,123","RUSH:21,V45, TACK:95",G. Adams rush for loss of 2 yards to the RF45 (C. van Horn).,"H,2,12,V45",rush,NA,0,NA,NA,0,19,12,16,H,FG,"KO,3,15:00,30","TD,3,08:43,100",11,70,6:17,KO,3,15:00,FG30,TD,3,08:43,RF00,1
2022_01_RF_FG,RF,FG,Rhein Fire,Frankfurt Galaxy,6/5/2022,Frankfurt,PSD Bank Arena,15:00,17:55,2:55,7525,22 C,E 13km/h,cloudy,M. Scholz,B. Hansen,M. Szczepanski,S. Richardson,J. Seppelin,E. Jenssen,H. Romanczyk,FG,2,12,RF45,"H,2,12,V45","16,7,124","PASS:7,C,10,V33 TACK:7","J. Sullivan pass complete to T. Benschuh for 12 yards to the RF33, 1ST DOWN FG (T. Janssen).","H,1,10,V33",pass,pass,0,NA,NA,0,19,12,16,H,FG,"KO,3,15:00,30","TD,3,08:43,100",11,70,6:17,KO,3,15:00,FG30,TD,3,08:43,RF00,1
2022_01_RF_FG,RF,FG,Rhein Fire,Frankfurt Galaxy,6/5/2022,Frankfurt,PSD Bank Arena,15:00,17:55,2:55,7525,22 C,E 13km/h,cloudy,M. Scholz,B. Hansen,M. Szczepanski,S. Richardson,J. Seppelin,E. Jenssen,H. Romanczyk,FG,1,10,RF33,"H,1,10,V33","16,8,125","RUSH:7,V28, TACK:90",J. Sullivan rush for 5 yards to the RF28 (R. Feltes).,"H,2,5,V28",rush,NA,0,NA,NA,0,19,12,16,H,FG,"KO,3,15:00,30","TD,3,08:43,100",11,70,6:17,KO,3,15:00,FG30,TD,3,08:43,RF00,1
2022_01_RF_FG,RF,FG,Rhein Fire,Frankfurt Galaxy,6/5/2022,Frankfurt,PSD Bank Arena,15:00,17:55,2:55,7525,22 C,E 13km/h,cloudy,M. Scholz,B. Hansen,M. Szczepanski,S. Richardson,J. Seppelin,E. Jenssen,H. Romanczyk,FG,2,5,RF28,"H,2,5,V28","16,9,126","RUSH:21,V25, TACK:92",G. Adams rush for 3 yards to the RF25 (E. Adam).,"H,3,2,V25",rush,NA,0,NA,NA,0,19,12,16,H,FG,"KO,3,15:00,30","TD,3,08:43,100",11,70,6:17,KO,3,15:00,FG30,TD,3,08:43,RF00,1
2022_01_RF_FG,RF,FG,Rhein Fire,Frankfurt Galaxy,6/5/2022,Frankfurt,PSD Bank Arena,15:00,17:55,2:55,7525,22 C,E 13km/h,cloudy,M. Scholz,B. Hansen,M. Szczepanski,S. Richardson,J. Seppelin,E. Jenssen,H. Romanczyk,FG,3,2,RF25,"H,3,2,V25","16,10,127","PASS:7,C,19,V15 TACK:22","J. Sullivan pass complete to N. Strahmann for 10 yards to the RF15, 1ST DOWN FG (O. Williams).","H,1,10,V15",pass,pass,0,NA,NA,0,19,12,16,H,FG,"KO,3,15:00,30","TD,3,08:43,100",11,70,6:17,KO,3,15:00,FG30,TD,3,08:43,RF00,1
2022_01_RF_FG,RF,FG,Rhein Fire,Frankfurt Galaxy,6/5/2022,Frankfurt,PSD Bank Arena,15:00,17:55,2:55,7525,22 C,E 13km/h,cloudy,M. Scholz,B. Hansen,M. Szczepanski,S. Richardson,J. Seppelin,E. Jenssen,H. Romanczyk,FG,1,10,RF15,"H,1,10,V15","16,11,128","PASS:7,C,87,V01 TACK:22","J. Sullivan pass complete to K. Mwamba for 14 yards to the RF1, 1ST DOWN FG (O. Williams).","H,1,0,V01",pass,pass,0,NA,NA,0,19,12,16,H,FG,"KO,3,15:00,30","TD,3,08:43,100",11,70,6:17,KO,3,15:00,FG30,TD,3,08:43,RF00,1
2022_01_RF_FG,RF,FG,Rhein Fire,Frankfurt Galaxy,6/5/2022,Frankfurt,PSD Bank Arena,15:00,17:55,2:55,7525,22 C,E 13km/h,cloudy,M. Scholz,B. Hansen,M. Szczepanski,S. Richardson,J. Seppelin,E. Jenssen,H. Romanczyk,FG,1,0,RF01,"H,1,0,V01","16,12,129","RUSH:7,V00, T:08:43","J. Sullivan rush for 1 yard to the RF0, 1ST DOWN FG, TOUCHDOWN, clock 08:43.","H,1,10,V15",rush,rush,0,NA,08:43,1,19,18,16,H,FG,"KO,3,15:00,30","TD,3,08:43,100",11,70,6:17,KO,3,15:00,FG30,TD,3,08:43,RF00,1
2022_01_RF_FG,RF,FG,Rhein Fire,Frankfurt Galaxy,6/5/2022,Frankfurt,PSD Bank Arena,15:00,17:55,2:55,7525,22 C,E 13km/h,cloudy,M. Scholz,B. Hansen,M. Szczepanski,S. Richardson,J. Seppelin,E. Jenssen,H. Romanczyk,FG,1,10,RF15,"H,1,10,V15","16,13,130","PAT:K,1,G",R. Rimmler kick attempt good.,"H,1,0,H30",pat,NA,0,NA,NA,1,19,19,16,H,FG,"KO,3,15:00,30","TD,3,08:43,100",11,70,6:17,KO,3,15:00,FG30,TD,3,08:43,RF00,1
2022_01_RF_FG,RF,FG,Rhein Fire,Frankfurt Galaxy,6/5/2022,Frankfurt,PSD Bank Arena,15:00,17:55,2:55,7525,22 C,E 13km/h,cloudy,M. Scholz,B. Hansen,M. Szczepanski,S. Richardson,J. Seppelin,E. Jenssen,H. Romanczyk,FG,1,0,FG30,"H,1,0,H30","16,14,131","KO:1,V09 RET:22,H48 OB: PEN:V,IBW,A,23,V42,N D:1,10 SPOT:V,V42,Y","R. Rimmler kickoff 61 yards to the RF9, O. Williams return 43 yards to the FG48, out-of-bounds, PENALTY RF Illegal Block Above Waist (D. Rennich) 10 yards to the RF42, 1st and 10, RF ball on RF42.","V,1,10,V42",kick_off,NA,1,NA,NA,0,19,19,16,H,FG,"KO,3,15:00,30","TD,3,08:43,100",11,70,6:17,KO,3,15:00,FG30,TD,3,08:43,RF00,1
2022_01_RF_FG,RF,FG,Rhein Fire,Frankfurt Galaxy,6/5/2022,Frankfurt,PSD Bank Arena,15:00,17:55,2:55,7525,22 C,E 13km/h,cloudy,M. Scholz,B. Hansen,M. Szczepanski,S. Richardson,J. Seppelin,E. Jenssen,H. Romanczyk,RF,1,10,RF42,"V,1,10,V42","17,1,132",{DRIVE}:08:32,RHEIN FIRE drive start at 08:32.,"V,1,10,V42",NA,NA,0,NA,08:32,0,19,19,17,V,RF,"KO,3,08:32,42","TD,3,05:48,100",6,58,2:44,KO,3,08:32,RF42,TD,3,05:48,FG00,1
2022_01_RF_FG,RF,FG,Rhein Fire,Frankfurt Galaxy,6/5/2022,Frankfurt,PSD Bank Arena,15:00,17:55,2:55,7525,22 C,E 13km/h,cloudy,M. Scholz,B. Hansen,M. Szczepanski,S. Richardson,J. Seppelin,E. Jenssen,H. Romanczyk,RF,1,10,RF42,"V,1,10,V42","17,2,133","PASS:11,I,TM,* PEN:H,DO,A,24,V47,N NOPLAY:","M. Adam pass incomplete, PENALTY FG Defensive Offside (K. Ben El Ghali) 5 yards to the RF47, NO PLAY.","V,1,5,V47",penalty,NA,0,NA,NA,0,19,19,17,V,RF,"KO,3,08:32,42","TD,3,05:48,100",6,58,2:44,KO,3,08:32,RF42,TD,3,05:48,FG00,1
2022_01_RF_FG,RF,FG,Rhein Fire,Frankfurt Galaxy,6/5/2022,Frankfurt,PSD Bank Arena,15:00,17:55,2:55,7525,22 C,E 13km/h,cloudy,M. Scholz,B. Hansen,M. Szczepanski,S. Richardson,J. Seppelin,E. Jenssen,H. Romanczyk,RF,1,5,RF47,"V,1,5,V47","17,3,134","RUSH:21,H29, TACK:18","J. Aguemon rush for 24 yards to the FG29, 1ST DOWN RF (F. Lowery).","V,1,10,H29",rush,rush,0,NA,NA,0,19,19,17,V,RF,"KO,3,08:32,42","TD,3,05:48,100",6,58,2:44,KO,3,08:32,RF42,TD,3,05:48,FG00,1
2022_01_RF_FG,RF,FG,Rhein Fire,Frankfurt Galaxy,6/5/2022,Frankfurt,PSD Bank Arena,15:00,17:55,2:55,7525,22 C,E 13km/h,cloudy,M. Scholz,B. Hansen,M. Szczepanski,S. Richardson,J. Seppelin,E. Jenssen,H. Romanczyk,RF,1,10,FG29,"V,1,10,H29","17,4,135","RUSH:23,H14, TACK:31","D. Rennich rush for 15 yards to the FG14, 1ST DOWN RF (K. Katz).","V,1,10,H14",rush,rush,0,NA,NA,0,19,19,17,V,RF,"KO,3,08:32,42","TD,3,05:48,100",6,58,2:44,KO,3,08:32,RF42,TD,3,05:48,FG00,1
2022_01_RF_FG,RF,FG,Rhein Fire,Frankfurt Galaxy,6/5/2022,Frankfurt,PSD Bank Arena,15:00,17:55,2:55,7525,22 C,E 13km/h,cloudy,M. Scholz,B. Hansen,M. Szczepanski,S. Richardson,J. Seppelin,E. Jenssen,H. Romanczyk,RF,1,10,FG14,"V,1,10,H14","17,5,136","RUSH:23,H10, TACK:40,90",D. Rennich rush for 4 yards to the FG10 (L. Achaintre;M. A. Hor).,"V,2,6,H10",rush,NA,0,NA,NA,0,19,19,17,V,RF,"KO,3,08:32,42","TD,3,05:48,100",6,58,2:44,KO,3,08:32,RF42,TD,3,05:48,FG00,1
2022_01_RF_FG,RF,FG,Rhein Fire,Frankfurt Galaxy,6/5/2022,Frankfurt,PSD Bank Arena,15:00,17:55,2:55,7525,22 C,E 13km/h,cloudy,M. Scholz,B. Hansen,M. Szczepanski,S. Richardson,J. Seppelin,E. Jenssen,H. Romanczyk,RF,2,6,FG10,"V,2,6,H10","17,6,137","PASS:11,I,6,* BRUP:18",M. Adam pass incomplete to T. Knuettel (F. Lowery).,"V,3,6,H10",pass,NA,0,NA,NA,0,19,19,17,V,RF,"KO,3,08:32,42","TD,3,05:48,100",6,58,2:44,KO,3,08:32,RF42,TD,3,05:48,FG00,1
2022_01_RF_FG,RF,FG,Rhein Fire,Frankfurt Galaxy,6/5/2022,Frankfurt,PSD Bank Arena,15:00,17:55,2:55,7525,22 C,E 13km/h,cloudy,M. Scholz,B. Hansen,M. Szczepanski,S. Richardson,J. Seppelin,E. Jenssen,H. Romanczyk,RF,3,6,FG10,"V,3,6,H10","17,7,138","RUSH:23,H01, TACK:14","D. Rennich rush for 9 yards to the FG1, 1ST DOWN RF (J. Poznanski).","V,1,0,H01",rush,rush,0,NA,NA,0,19,19,17,V,RF,"KO,3,08:32,42","TD,3,05:48,100",6,58,2:44,KO,3,08:32,RF42,TD,3,05:48,FG00,1
2022_01_RF_FG,RF,FG,Rhein Fire,Frankfurt Galaxy,6/5/2022,Frankfurt,PSD Bank Arena,15:00,17:55,2:55,7525,22 C,E 13km/h,cloudy,M. Scholz,B. Hansen,M. Szczepanski,S. Richardson,J. Seppelin,E. Jenssen,H. Romanczyk,RF,1,0,FG01,"V,1,0,H01","17,8,139","RUSH:21,H00, T:05:48","J. Aguemon rush for 1 yard to the FG0, 1ST DOWN RF, TOUCHDOWN, clock 05:48.","V,1,10,H15",rush,rush,0,NA,05:48,1,25,19,17,V,RF,"KO,3,08:32,42","TD,3,05:48,100",6,58,2:44,KO,3,08:32,RF42,TD,3,05:48,FG00,1
2022_01_RF_FG,RF,FG,Rhein Fire,Frankfurt Galaxy,6/5/2022,Frankfurt,PSD Bank Arena,15:00,17:55,2:55,7525,22 C,E 13km/h,cloudy,M. Scholz,B. Hansen,M. Szczepanski,S. Richardson,J. Seppelin,E. Jenssen,H. Romanczyk,RF,1,10,FG15,"V,1,10,H15","17,9,140","PAT:K,2,G",D. Schuhmacher kick attempt good.,"V,1,0,V30",pat,NA,0,NA,NA,1,26,19,17,V,RF,"KO,3,08:32,42","TD,3,05:48,100",6,58,2:44,KO,3,08:32,RF42,TD,3,05:48,FG00,1
2022_01_RF_FG,RF,FG,Rhein Fire,Frankfurt Galaxy,6/5/2022,Frankfurt,PSD Bank Arena,15:00,17:55,2:55,7525,22 C,E 13km/h,cloudy,M. Scholz,B. Hansen,M. Szczepanski,S. Richardson,J. Seppelin,E. Jenssen,H. Romanczyk,RF,1,0,RF30,"V,1,0,V30","17,10,141","KO:23,H03 RET:18,H12 +:13,H32 TACK:57","D. Rennich kickoff 67 yards to the FG3, F. Lowery return 9 yards to the FG12, M. Rutsch for 20 yards to the FG32 (L. Fiedler).","H,1,10,H32",kick_off,NA,0,NA,NA,0,26,19,17,V,RF,"KO,3,08:32,42","TD,3,05:48,100",6,58,2:44,KO,3,08:32,RF42,TD,3,05:48,FG00,1
2022_01_RF_FG,RF,FG,Rhein Fire,Frankfurt Galaxy,6/5/2022,Frankfurt,PSD Bank Arena,15:00,17:55,2:55,7525,22 C,E 13km/h,cloudy,M. Scholz,B. Hansen,M. Szczepanski,S. Richardson,J. Seppelin,E. Jenssen,H. Romanczyk,FG,1,10,FG32,"H,1,10,H32","18,1,142","{DRIVE}:05:39 SPOT:H,H32,Y","FRANKFURT GALAXY drive start at 05:39, FG ball on FG32.","H,1,10,H32",NA,NA,0,NA,05:39,0,26,19,18,H,FG,"KO,3,05:39,32","INT,3,04:49,36",2,4,0:50,KO,3,05:39,FG32,INT,3,04:49,FG36,NA
2022_01_RF_FG,RF,FG,Rhein Fire,Frankfurt Galaxy,6/5/2022,Frankfurt,PSD Bank Arena,15:00,17:55,2:55,7525,22 C,E 13km/h,cloudy,M. Scholz,B. Hansen,M. Szczepanski,S. Richardson,J. Seppelin,E. Jenssen,H. Romanczyk,FG,1,10,FG32,"H,1,10,H32","18,2,143","RUSH:21,H36, TACK:59",G. Adams rush for 4 yards to the FG36 (E. Zengin).,"H,2,6,H36",rush,NA,0,NA,NA,0,26,19,18,H,FG,"KO,3,05:39,32","INT,3,04:49,36",2,4,0:50,KO,3,05:39,FG32,INT,3,04:49,FG36,NA
2022_01_RF_FG,RF,FG,Rhein Fire,Frankfurt Galaxy,6/5/2022,Frankfurt,PSD Bank Arena,15:00,17:55,2:55,7525,22 C,E 13km/h,cloudy,M. Scholz,B. Hansen,M. Szczepanski,S. Richardson,J. Seppelin,E. Jenssen,H. Romanczyk,FG,2,6,FG36,"H,2,6,H36","18,3,144","PASS:7,X,7,V45 RET:7,V45 TACK:19","J. Sullivan pass intercepted by T. Janssen at the RF45, T. Janssen return 0 yards to the RF45 (N. Strahmann).","V,1,10,V45",pass,NA,0,I,NA,0,26,19,18,H,FG,"KO,3,05:39,32","INT,3,04:49,36",2,4,0:50,KO,3,05:39,FG32,INT,3,04:49,FG36,NA
2022_01_RF_FG,RF,FG,Rhein Fire,Frankfurt Galaxy,6/5/2022,Frankfurt,PSD Bank Arena,15:00,17:55,2:55,7525,22 C,E 13km/h,cloudy,M. Scholz,B. Hansen,M. Szczepanski,S. Richardson,J. Seppelin,E. Jenssen,H. Romanczyk,RF,1,10,RF45,"V,1,10,V45","19,1,145",{DRIVE}:04:49,RHEIN FIRE drive start at 04:49.,"V,1,10,V45",NA,NA,0,NA,04:49,0,26,19,19,V,RF,"INT,3,04:49,45","PUNT,3,02:13,51",3,6,2:36,INT,3,04:49,RF45,PUNT,3,02:13,FG49,NA
2022_01_RF_FG,RF,FG,Rhein Fire,Frankfurt Galaxy,6/5/2022,Frankfurt,PSD Bank Arena,15:00,17:55,2:55,7525,22 C,E 13km/h,cloudy,M. Scholz,B. Hansen,M. Szczepanski,S. Richardson,J. Seppelin,E. Jenssen,H. Romanczyk,RF,1,10,RF45,"V,1,10,V45","19,2,146","RUSH:21,V49, TACK:90",J. Aguemon rush for 4 yards to the RF49 (M. A. Hor).,"V,2,6,V49",rush,NA,0,NA,NA,0,26,19,19,V,RF,"INT,3,04:49,45","PUNT,3,02:13,51",3,6,2:36,INT,3,04:49,RF45,PUNT,3,02:13,FG49,NA
2022_01_RF_FG,RF,FG,Rhein Fire,Frankfurt Galaxy,6/5/2022,Frankfurt,PSD Bank Arena,15:00,17:55,2:55,7525,22 C,E 13km/h,cloudy,M. Scholz,B. Hansen,M. Szczepanski,S. Richardson,J. Seppelin,E. Jenssen,H. Romanczyk,RF,2,6,RF49,"V,2,6,V49","19,3,147","QB:V,12",R. Dagdelen at QB for Rhein Fire.,"V,2,6,V49",NA,NA,0,NA,NA,0,26,19,19,V,RF,"INT,3,04:49,45","PUNT,3,02:13,51",3,6,2:36,INT,3,04:49,RF45,PUNT,3,02:13,FG49,NA
2022_01_RF_FG,RF,FG,Rhein Fire,Frankfurt Galaxy,6/5/2022,Frankfurt,PSD Bank Arena,15:00,17:55,2:55,7525,22 C,E 13km/h,cloudy,M. Scholz,B. Hansen,M. Szczepanski,S. Richardson,J. Seppelin,E. Jenssen,H. Romanczyk,RF,2,6,RF49,"V,2,6,V49","19,4,148","PEN:V,DG,A,12,V44,N",PENALTY RF Delay of Game (R. Dagdelen) 5 yards to the RF44.,"V,2,11,V44",penalty,NA,0,NA,NA,0,26,19,19,V,RF,"INT,3,04:49,45","PUNT,3,02:13,51",3,6,2:36,INT,3,04:49,RF45,PUNT,3,02:13,FG49,NA
2022_01_RF_FG,RF,FG,Rhein Fire,Frankfurt Galaxy,6/5/2022,Frankfurt,PSD Bank Arena,15:00,17:55,2:55,7525,22 C,E 13km/h,cloudy,M. Scholz,B. Hansen,M. Szczepanski,S. Richardson,J. Seppelin,E. Jenssen,H. Romanczyk,RF,2,11,RF44,"V,2,11,V44","19,5,149","PASS:12,C,21,V48 TACK:52",R. Dagdelen pass complete to J. Aguemon for 4 yards to the RF48 (W. Nasri).,"V,3,7,V48",pass,NA,0,NA,NA,0,26,19,19,V,RF,"INT,3,04:49,45","PUNT,3,02:13,51",3,6,2:36,INT,3,04:49,RF45,PUNT,3,02:13,FG49,NA
2022_01_RF_FG,RF,FG,Rhein Fire,Frankfurt Galaxy,6/5/2022,Frankfurt,PSD Bank Arena,15:00,17:55,2:55,7525,22 C,E 13km/h,cloudy,M. Scholz,B. Hansen,M. Szczepanski,S. Richardson,J. Seppelin,E. Jenssen,H. Romanczyk,RF,3,7,RF48,"V,3,7,V48","19,6,150","RUSH:23,H49, TACK:14,90",D. Rennich rush for 3 yards to the FG49 (J. Poznanski;M. A. Hor).,"V,4,4,H49",rush,NA,0,NA,NA,0,26,19,19,V,RF,"INT,3,04:49,45","PUNT,3,02:13,51",3,6,2:36,INT,3,04:49,RF45,PUNT,3,02:13,FG49,NA
2022_01_RF_FG,RF,FG,Rhein Fire,Frankfurt Galaxy,6/5/2022,Frankfurt,PSD Bank Arena,15:00,17:55,2:55,7525,22 C,E 13km/h,cloudy,M. Scholz,B. Hansen,M. Szczepanski,S. Richardson,J. Seppelin,E. Jenssen,H. Romanczyk,RF,4,4,FG49,"V,4,4,H49","19,7,151","PUNT:14,H00 TB:","M. Eisenhut punt 49 yards to the FG0, touchback.","H,1,10,H20",punt,NA,0,NA,NA,0,26,19,19,V,RF,"INT,3,04:49,45","PUNT,3,02:13,51",3,6,2:36,INT,3,04:49,RF45,PUNT,3,02:13,FG49,NA
2022_01_RF_FG,RF,FG,Rhein Fire,Frankfurt Galaxy,6/5/2022,Frankfurt,PSD Bank Arena,15:00,17:55,2:55,7525,22 C,E 13km/h,cloudy,M. Scholz,B. Hansen,M. Szczepanski,S. Richardson,J. Seppelin,E. Jenssen,H. Romanczyk,FG,1,10,FG20,"H,1,10,H20","20,1,152",{DRIVE}:02:13,FRANKFURT GALAXY drive start at 02:13.,"H,1,10,H20",NA,NA,0,NA,02:13,0,26,19,20,H,FG,"PUNT,3,02:13,20","FUMB,3,00:49,9",3,-11,1:24,PUNT,3,02:13,FG20,FUMB,3,00:49,FG09,NA
2022_01_RF_FG,RF,FG,Rhein Fire,Frankfurt Galaxy,6/5/2022,Frankfurt,PSD Bank Arena,15:00,17:55,2:55,7525,22 C,E 13km/h,cloudy,M. Scholz,B. Hansen,M. Szczepanski,S. Richardson,J. Seppelin,E. Jenssen,H. Romanczyk,FG,1,10,FG20,"H,1,10,H20","20,2,153","RUSH:21,H23, TACK:59,3",G. Adams rush for 3 yards to the FG23 (E. Zengin;L. Ruoss).,"H,2,7,H23",rush,NA,0,NA,NA,0,26,19,20,H,FG,"PUNT,3,02:13,20","FUMB,3,00:49,9",3,-11,1:24,PUNT,3,02:13,FG20,FUMB,3,00:49,FG09,NA
2022_01_RF_FG,RF,FG,Rhein Fire,Frankfurt Galaxy,6/5/2022,Frankfurt,PSD Bank Arena,15:00,17:55,2:55,7525,22 C,E 13km/h,cloudy,M. Scholz,B. Hansen,M. Szczepanski,S. Richardson,J. Seppelin,E. Jenssen,H. Romanczyk,FG,2,7,FG23,"H,2,7,H23","20,3,154","PASS:7,C,21,H27 TACK:51",J. Sullivan pass complete to G. Adams for 4 yards to the FG27 (M. Pinter).,"H,3,3,H27",pass,NA,0,NA,NA,0,26,19,20,H,FG,"PUNT,3,02:13,20","FUMB,3,00:49,9",3,-11,1:24,PUNT,3,02:13,FG20,FUMB,3,00:49,FG09,NA
2022_01_RF_FG,RF,FG,Rhein Fire,Frankfurt Galaxy,6/5/2022,Frankfurt,PSD Bank Arena,15:00,17:55,2:55,7525,22 C,E 13km/h,cloudy,M. Scholz,B. Hansen,M. Szczepanski,S. Richardson,J. Seppelin,E. Jenssen,H. Romanczyk,FG,3,3,FG27,"H,3,3,H27","20,4,155","PASS:7,F,TM,H16 SACK:51 FUMB:V,H09,58 TACK:77","J. Sullivan sacked for loss of 11 yards to the FG16 (M. Pinter), fumble by TM recovered by RF J. Sleiman at FG9 (Y. Kiehl).","V,1,0,H09",pass,NA,0,F,NA,0,26,19,20,H,FG,"PUNT,3,02:13,20","FUMB,3,00:49,9",3,-11,1:24,PUNT,3,02:13,FG20,FUMB,3,00:49,FG09,NA
2022_01_RF_FG,RF,FG,Rhein Fire,Frankfurt Galaxy,6/5/2022,Frankfurt,PSD Bank Arena,15:00,17:55,2:55,7525,22 C,E 13km/h,cloudy,M. Scholz,B. Hansen,M. Szczepanski,S. Richardson,J. Seppelin,E. Jenssen,H. Romanczyk,RF,1,0,FG09,"V,1,0,H09","21,1,156",{DRIVE}:00:49,RHEIN FIRE drive start at 00:49.,"V,1,0,H09",NA,NA,0,NA,00:49,0,26,19,21,V,RF,"FUMB,3,00:49,91","DOWNS,4,14:08,99",4,8,1:41,FUMB,3,00:49,FG09,DOWNS,4,14:08,FG01,1
2022_01_RF_FG,RF,FG,Rhein Fire,Frankfurt Galaxy,6/5/2022,Frankfurt,PSD Bank Arena,15:00,17:55,2:55,7525,22 C,E 13km/h,cloudy,M. Scholz,B. Hansen,M. Szczepanski,S. Richardson,J. Seppelin,E. Jenssen,H. Romanczyk,RF,1,0,FG09,"V,1,0,H09","21,2,157","RUSH:21,H09, TACK:41,99",J. Aguemon rush for no gain to the FG9 (S. Gauthier;K. Maier).,"V,2,0,H09",rush,NA,0,NA,NA,0,26,19,21,V,RF,"FUMB,3,00:49,91","DOWNS,4,14:08,99",4,8,1:41,FUMB,3,00:49,FG09,DOWNS,4,14:08,FG01,1
2022_01_RF_FG,RF,FG,Rhein Fire,Frankfurt Galaxy,6/5/2022,Frankfurt,PSD Bank Arena,15:00,17:55,2:55,7525,22 C,E 13km/h,cloudy,M. Scholz,B. Hansen,M. Szczepanski,S. Richardson,J. Seppelin,E. Jenssen,H. Romanczyk,RF,2,0,FG09,"V,2,0,H09","21,3,158","RUSH:23,H02, TACK:52",D. Rennich rush for 7 yards to the FG2 (W. Nasri).,"V,3,0,H02",rush,NA,0,NA,NA,0,26,19,21,V,RF,"FUMB,3,00:49,91","DOWNS,4,14:08,99",4,8,1:41,FUMB,3,00:49,FG09,DOWNS,4,14:08,FG01,1
2022_01_RF_FG,RF,FG,Rhein Fire,Frankfurt Galaxy,6/5/2022,Frankfurt,PSD Bank Arena,15:00,17:55,2:55,7525,22 C,E 13km/h,cloudy,M. Scholz,B. Hansen,M. Szczepanski,S. Richardson,J. Seppelin,E. Jenssen,H. Romanczyk,RF,3,0,FG02,"V,3,0,H02","21,4,159",Q:4 T:15:00,"Start of 4th quarter, clock 15:00.","V,3,0,H02",NA,NA,0,NA,15:00,0,26,19,21,V,RF,"FUMB,3,00:49,91","DOWNS,4,14:08,99",4,8,1:41,FUMB,3,00:49,FG09,DOWNS,4,14:08,FG01,1
2022_01_RF_FG,RF,FG,Rhein Fire,Frankfurt Galaxy,6/5/2022,Frankfurt,PSD Bank Arena,15:00,17:55,2:55,7525,22 C,E 13km/h,cloudy,M. Scholz,B. Hansen,M. Szczepanski,S. Richardson,J. Seppelin,E. Jenssen,H. Romanczyk,RF,3,0,FG02,"V,3,0,H02","21,5,160","QB:V,11",M. Adam at QB for Rhein Fire.,"V,3,0,H02",NA,NA,0,NA,NA,0,26,19,21,V,RF,"FUMB,3,00:49,91","DOWNS,4,14:08,99",4,8,1:41,FUMB,3,00:49,FG09,DOWNS,4,14:08,FG01,1
2022_01_RF_FG,RF,FG,Rhein Fire,Frankfurt Galaxy,6/5/2022,Frankfurt,PSD Bank Arena,15:00,17:55,2:55,7525,22 C,E 13km/h,cloudy,M. Scholz,B. Hansen,M. Szczepanski,S. Richardson,J. Seppelin,E. Jenssen,H. Romanczyk,RF,3,0,FG02,"V,3,0,H02","21,6,161","RUSH:23,H01, TACK:91,90",D. Rennich rush for 1 yard to the FG1 (V. Buffet;M. A. Hor).,"V,4,0,H01",rush,NA,0,NA,NA,0,26,19,21,V,RF,"FUMB,3,00:49,91","DOWNS,4,14:08,99",4,8,1:41,FUMB,3,00:49,FG09,DOWNS,4,14:08,FG01,1
2022_01_RF_FG,RF,FG,Rhein Fire,Frankfurt Galaxy,6/5/2022,Frankfurt,PSD Bank Arena,15:00,17:55,2:55,7525,22 C,E 13km/h,cloudy,M. Scholz,B. Hansen,M. Szczepanski,S. Richardson,J. Seppelin,E. Jenssen,H. Romanczyk,RF,4,0,FG01,"V,4,0,H01","21,7,162","PASS:11,I,85,* BRUP:24",M. Adam pass incomplete to S. Barelds (K. Ben El Ghali).,"H,1,10,H01",pass,NA,0,NA,NA,0,26,19,21,V,RF,"FUMB,3,00:49,91","DOWNS,4,14:08,99",4,8,1:41,FUMB,3,00:49,FG09,DOWNS,4,14:08,FG01,1
2022_01_RF_FG,RF,FG,Rhein Fire,Frankfurt Galaxy,6/5/2022,Frankfurt,PSD Bank Arena,15:00,17:55,2:55,7525,22 C,E 13km/h,cloudy,M. Scholz,B. Hansen,M. Szczepanski,S. Richardson,J. Seppelin,E. Jenssen,H. Romanczyk,FG,1,10,FG01,"H,1,10,H01","22,1,163",{DRIVE}:14:08,FRANKFURT GALAXY drive start at 14:08.,"H,1,10,H01",NA,NA,0,NA,14:08,0,26,19,22,H,FG,"DOWNS,4,14:08,1","TD,4,05:07,100",16,99,9:01,DOWNS,4,14:08,FG01,TD,4,05:07,RF00,1
2022_01_RF_FG,RF,FG,Rhein Fire,Frankfurt Galaxy,6/5/2022,Frankfurt,PSD Bank Arena,15:00,17:55,2:55,7525,22 C,E 13km/h,cloudy,M. Scholz,B. Hansen,M. Szczepanski,S. Richardson,J. Seppelin,E. Jenssen,H. Romanczyk,FG,1,10,FG01,"H,1,10,H01","22,2,164","RUSH:21,H08, TACK:57",G. Adams rush for 7 yards to the FG8 (L. Fiedler).,"H,2,3,H08",rush,NA,0,NA,NA,0,26,19,22,H,FG,"DOWNS,4,14:08,1","TD,4,05:07,100",16,99,9:01,DOWNS,4,14:08,FG01,TD,4,05:07,RF00,1
2022_01_RF_FG,RF,FG,Rhein Fire,Frankfurt Galaxy,6/5/2022,Frankfurt,PSD Bank Arena,15:00,17:55,2:55,7525,22 C,E 13km/h,cloudy,M. Scholz,B. Hansen,M. Szczepanski,S. Richardson,J. Seppelin,E. Jenssen,H. Romanczyk,FG,2,3,FG08,"H,2,3,H08","22,3,165","RUSH:21,H14, TACK:9,57","G. Adams rush for 6 yards to the FG14, 1ST DOWN FG (R. Grooten;L. Fiedler).","H,1,10,H14",rush,rush,0,NA,NA,0,26,19,22,H,FG,"DOWNS,4,14:08,1","TD,4,05:07,100",16,99,9:01,DOWNS,4,14:08,FG01,TD,4,05:07,RF00,1
2022_01_RF_FG,RF,FG,Rhein Fire,Frankfurt Galaxy,6/5/2022,Frankfurt,PSD Bank Arena,15:00,17:55,2:55,7525,22 C,E 13km/h,cloudy,M. Scholz,B. Hansen,M. Szczepanski,S. Richardson,J. Seppelin,E. Jenssen,H. Romanczyk,FG,1,10,FG14,"H,1,10,H14","22,4,166","RUSH:21,H20, TACK:59",G. Adams rush for 6 yards to the FG20 (E. Zengin).,"H,2,4,H20",rush,NA,0,NA,NA,0,26,19,22,H,FG,"DOWNS,4,14:08,1","TD,4,05:07,100",16,99,9:01,DOWNS,4,14:08,FG01,TD,4,05:07,RF00,1
2022_01_RF_FG,RF,FG,Rhein Fire,Frankfurt Galaxy,6/5/2022,Frankfurt,PSD Bank Arena,15:00,17:55,2:55,7525,22 C,E 13km/h,cloudy,M. Scholz,B. Hansen,M. Szczepanski,S. Richardson,J. Seppelin,E. Jenssen,H. Romanczyk,FG,2,4,FG20,"H,2,4,H20","22,5,167","RUSH:21,H23, TACK:97",G. Adams rush for 3 yards to the FG23 (J. Chikere).,"H,3,1,H23",rush,NA,0,NA,NA,0,26,19,22,H,FG,"DOWNS,4,14:08,1","TD,4,05:07,100",16,99,9:01,DOWNS,4,14:08,FG01,TD,4,05:07,RF00,1
2022_01_RF_FG,RF,FG,Rhein Fire,Frankfurt Galaxy,6/5/2022,Frankfurt,PSD Bank Arena,15:00,17:55,2:55,7525,22 C,E 13km/h,cloudy,M. Scholz,B. Hansen,M. Szczepanski,S. Richardson,J. Seppelin,E. Jenssen,H. Romanczyk,FG,3,1,FG23,"H,3,1,H23","22,6,168","RUSH:21,H25, TACK:9","G. Adams rush for 2 yards to the FG25, 1ST DOWN FG (R. Grooten).","H,1,10,H25",rush,rush,0,NA,NA,0,26,19,22,H,FG,"DOWNS,4,14:08,1","TD,4,05:07,100",16,99,9:01,DOWNS,4,14:08,FG01,TD,4,05:07,RF00,1
2022_01_RF_FG,RF,FG,Rhein Fire,Frankfurt Galaxy,6/5/2022,Frankfurt,PSD Bank Arena,15:00,17:55,2:55,7525,22 C,E 13km/h,cloudy,M. Scholz,B. Hansen,M. Szczepanski,S. Richardson,J. Seppelin,E. Jenssen,H. Romanczyk,FG,1,10,FG25,"H,1,10,H25","22,7,169","PASS:7,C,10,H34 TACK:25",J. Sullivan pass complete to T. Benschuh for 9 yards to the FG34 (L. Meyer).,"H,2,1,H34",pass,NA,0,NA,NA,0,26,19,22,H,FG,"DOWNS,4,14:08,1","TD,4,05:07,100",16,99,9:01,DOWNS,4,14:08,FG01,TD,4,05:07,RF00,1
2022_01_RF_FG,RF,FG,Rhein Fire,Frankfurt Galaxy,6/5/2022,Frankfurt,PSD Bank Arena,15:00,17:55,2:55,7525,22 C,E 13km/h,cloudy,M. Scholz,B. Hansen,M. Szczepanski,S. Richardson,J. Seppelin,E. Jenssen,H. Romanczyk,FG,2,1,FG34,"H,2,1,H34","22,8,170","PASS:7,C,86,H38 TACK:29","J. Sullivan pass complete to L. Regler for 4 yards to the FG38, 1ST DOWN FG (R. Hanssen).","H,1,10,H38",pass,pass,0,NA,NA,0,26,19,22,H,FG,"DOWNS,4,14:08,1","TD,4,05:07,100",16,99,9:01,DOWNS,4,14:08,FG01,TD,4,05:07,RF00,1
2022_01_RF_FG,RF,FG,Rhein Fire,Frankfurt Galaxy,6/5/2022,Frankfurt,PSD Bank Arena,15:00,17:55,2:55,7525,22 C,E 13km/h,cloudy,M. Scholz,B. Hansen,M. Szczepanski,S. Richardson,J. Seppelin,E. Jenssen,H. Romanczyk,FG,1,10,FG38,"H,1,10,H38","22,9,171","PASS:7,C,22,H42 TACK:7",J. Sullivan pass complete to K. Hunter for 4 yards to the FG42 (T. Janssen).,"H,2,6,H42",pass,NA,0,NA,NA,0,26,19,22,H,FG,"DOWNS,4,14:08,1","TD,4,05:07,100",16,99,9:01,DOWNS,4,14:08,FG01,TD,4,05:07,RF00,1
2022_01_RF_FG,RF,FG,Rhein Fire,Frankfurt Galaxy,6/5/2022,Frankfurt,PSD Bank Arena,15:00,17:55,2:55,7525,22 C,E 13km/h,cloudy,M. Scholz,B. Hansen,M. Szczepanski,S. Richardson,J. Seppelin,E. Jenssen,H. Romanczyk,FG,2,6,FG42,"H,2,6,H42","22,10,172","PASS:7,C,13,V48 OB:","J. Sullivan pass complete to M. Rutsch for 10 yards to the RF48, 1ST DOWN FG, out-of-bounds.","H,1,10,V48",pass,pass,1,NA,NA,0,26,19,22,H,FG,"DOWNS,4,14:08,1","TD,4,05:07,100",16,99,9:01,DOWNS,4,14:08,FG01,TD,4,05:07,RF00,1
2022_01_RF_FG,RF,FG,Rhein Fire,Frankfurt Galaxy,6/5/2022,Frankfurt,PSD Bank Arena,15:00,17:55,2:55,7525,22 C,E 13km/h,cloudy,M. Scholz,B. Hansen,M. Szczepanski,S. Richardson,J. Seppelin,E. Jenssen,H. Romanczyk,FG,1,10,RF48,"H,1,10,V48","22,11,173","PASS:7,C,10,V45 TACK:25",J. Sullivan pass complete to T. Benschuh for 3 yards to the RF45 (L. Meyer).,"H,2,7,V45",pass,NA,0,NA,NA,0,26,19,22,H,FG,"DOWNS,4,14:08,1","TD,4,05:07,100",16,99,9:01,DOWNS,4,14:08,FG01,TD,4,05:07,RF00,1
2022_01_RF_FG,RF,FG,Rhein Fire,Frankfurt Galaxy,6/5/2022,Frankfurt,PSD Bank Arena,15:00,17:55,2:55,7525,22 C,E 13km/h,cloudy,M. Scholz,B. Hansen,M. Szczepanski,S. Richardson,J. Seppelin,E. Jenssen,H. Romanczyk,FG,2,7,RF45,"H,2,7,V45","22,12,174","PASS:7,C,22,V44 TACK:25,3",J. Sullivan pass complete to K. Hunter for 1 yard to the RF44 (L. Meyer;L. Ruoss).,"H,3,6,V44",pass,NA,0,NA,NA,0,26,19,22,H,FG,"DOWNS,4,14:08,1","TD,4,05:07,100",16,99,9:01,DOWNS,4,14:08,FG01,TD,4,05:07,RF00,1
2022_01_RF_FG,RF,FG,Rhein Fire,Frankfurt Galaxy,6/5/2022,Frankfurt,PSD Bank Arena,15:00,17:55,2:55,7525,22 C,E 13km/h,cloudy,M. Scholz,B. Hansen,M. Szczepanski,S. Richardson,J. Seppelin,E. Jenssen,H. Romanczyk,FG,3,6,RF44,"H,3,6,V44","22,13,175","PASS:7,I,16,*",J. Sullivan pass incomplete to N. Schumm.,"H,4,6,V44",pass,NA,0,NA,NA,0,26,19,22,H,FG,"DOWNS,4,14:08,1","TD,4,05:07,100",16,99,9:01,DOWNS,4,14:08,FG01,TD,4,05:07,RF00,1
2022_01_RF_FG,RF,FG,Rhein Fire,Frankfurt Galaxy,6/5/2022,Frankfurt,PSD Bank Arena,15:00,17:55,2:55,7525,22 C,E 13km/h,cloudy,M. Scholz,B. Hansen,M. Szczepanski,S. Richardson,J. Seppelin,E. Jenssen,H. Romanczyk,FG,4,6,RF44,"H,4,6,V44","22,14,176","PASS:7,C,21,V21 TACK:22","J. Sullivan pass complete to G. Adams for 23 yards to the RF21, 1ST DOWN FG (O. Williams).","H,1,10,V21",pass,pass,0,NA,NA,0,26,19,22,H,FG,"DOWNS,4,14:08,1","TD,4,05:07,100",16,99,9:01,DOWNS,4,14:08,FG01,TD,4,05:07,RF00,1
2022_01_RF_FG,RF,FG,Rhein Fire,Frankfurt Galaxy,6/5/2022,Frankfurt,PSD Bank Arena,15:00,17:55,2:55,7525,22 C,E 13km/h,cloudy,M. Scholz,B. Hansen,M. Szczepanski,S. Richardson,J. Seppelin,E. Jenssen,H. Romanczyk,FG,1,10,RF21,"H,1,10,V21","22,15,177","RUSH:7,V21, TACK:51,25 PEN:V,FM,A,25,V11,1","J. Sullivan rush for no gain to the RF21 (M. Pinter;L. Meyer), PENALTY RF Facemask (L. Meyer) 10 yards to the RF11, 1ST DOWN FG.","H,1,10,V11",rush,penalty,0,NA,NA,0,26,19,22,H,FG,"DOWNS,4,14:08,1","TD,4,05:07,100",16,99,9:01,DOWNS,4,14:08,FG01,TD,4,05:07,RF00,1
2022_01_RF_FG,RF,FG,Rhein Fire,Frankfurt Galaxy,6/5/2022,Frankfurt,PSD Bank Arena,15:00,17:55,2:55,7525,22 C,E 13km/h,cloudy,M. Scholz,B. Hansen,M. Szczepanski,S. Richardson,J. Seppelin,E. Jenssen,H. Romanczyk,FG,1,10,RF11,"H,1,10,V11","22,16,178","D:1,10",1st and 10.,"H,1,10,V11",NA,NA,0,NA,NA,0,26,19,22,H,FG,"DOWNS,4,14:08,1","TD,4,05:07,100",16,99,9:01,DOWNS,4,14:08,FG01,TD,4,05:07,RF00,1
2022_01_RF_FG,RF,FG,Rhein Fire,Frankfurt Galaxy,6/5/2022,Frankfurt,PSD Bank Arena,15:00,17:55,2:55,7525,22 C,E 13km/h,cloudy,M. Scholz,B. Hansen,M. Szczepanski,S. Richardson,J. Seppelin,E. Jenssen,H. Romanczyk,FG,1,10,RF11,"H,1,10,V11","22,17,179","PASS:7,I,13,* PEN:V,RP,A,25,V05,1 NOPLAY:","J. Sullivan pass incomplete to M. Rutsch, PENALTY RF Roughing the Passer (L. Meyer) 6 yards to the RF5, 1ST DOWN FG, NO PLAY.","H,1,0,V05",penalty,penalty,0,NA,NA,0,26,19,22,H,FG,"DOWNS,4,14:08,1","TD,4,05:07,100",16,99,9:01,DOWNS,4,14:08,FG01,TD,4,05:07,RF00,1
2022_01_RF_FG,RF,FG,Rhein Fire,Frankfurt Galaxy,6/5/2022,Frankfurt,PSD Bank Arena,15:00,17:55,2:55,7525,22 C,E 13km/h,cloudy,M. Scholz,B. Hansen,M. Szczepanski,S. Richardson,J. Seppelin,E. Jenssen,H. Romanczyk,FG,1,0,RF05,"H,1,0,V05","22,18,180","RUSH:7,V01, TACK:58,9",J. Sullivan rush for 4 yards to the RF1 (J. Sleiman;R. Grooten).,"H,2,0,V01",rush,NA,0,NA,NA,0,26,19,22,H,FG,"DOWNS,4,14:08,1","TD,4,05:07,100",16,99,9:01,DOWNS,4,14:08,FG01,TD,4,05:07,RF00,1
2022_01_RF_FG,RF,FG,Rhein Fire,Frankfurt Galaxy,6/5/2022,Frankfurt,PSD Bank Arena,15:00,17:55,2:55,7525,22 C,E 13km/h,cloudy,M. Scholz,B. Hansen,M. Szczepanski,S. Richardson,J. Seppelin,E. Jenssen,H. Romanczyk,FG,2,0,RF01,"H,2,0,V01","22,19,181","RUSH:7,V00, T:05:07","J. Sullivan rush for 1 yard to the RF0, 1ST DOWN FG, TOUCHDOWN, clock 05:07.","H,1,10,V15",rush,rush,0,NA,05:07,1,26,25,22,H,FG,"DOWNS,4,14:08,1","TD,4,05:07,100",16,99,9:01,DOWNS,4,14:08,FG01,TD,4,05:07,RF00,1
2022_01_RF_FG,RF,FG,Rhein Fire,Frankfurt Galaxy,6/5/2022,Frankfurt,PSD Bank Arena,15:00,17:55,2:55,7525,22 C,E 13km/h,cloudy,M. Scholz,B. Hansen,M. Szczepanski,S. Richardson,J. Seppelin,E. Jenssen,H. Romanczyk,FG,1,10,RF15,"H,1,10,V15","22,20,182","PAT:K,1,G",R. Rimmler kick attempt good.,"H,1,0,H30",pat,NA,0,NA,NA,1,26,26,22,H,FG,"DOWNS,4,14:08,1","TD,4,05:07,100",16,99,9:01,DOWNS,4,14:08,FG01,TD,4,05:07,RF00,1
2022_01_RF_FG,RF,FG,Rhein Fire,Frankfurt Galaxy,6/5/2022,Frankfurt,PSD Bank Arena,15:00,17:55,2:55,7525,22 C,E 13km/h,cloudy,M. Scholz,B. Hansen,M. Szczepanski,S. Richardson,J. Seppelin,E. Jenssen,H. Romanczyk,FG,1,0,FG30,"H,1,0,H30","22,21,183","KO:1,V03 RET:22,V33 OB:","R. Rimmler kickoff 67 yards to the RF3, O. Williams return 30 yards to the RF33, out-of-bounds.","V,1,10,V33",kick_off,NA,1,NA,NA,0,26,26,22,H,FG,"DOWNS,4,14:08,1","TD,4,05:07,100",16,99,9:01,DOWNS,4,14:08,FG01,TD,4,05:07,RF00,1
2022_01_RF_FG,RF,FG,Rhein Fire,Frankfurt Galaxy,6/5/2022,Frankfurt,PSD Bank Arena,15:00,17:55,2:55,7525,22 C,E 13km/h,cloudy,M. Scholz,B. Hansen,M. Szczepanski,S. Richardson,J. Seppelin,E. Jenssen,H. Romanczyk,RF,1,10,RF33,"V,1,10,V33","23,1,184",{DRIVE}:05:01,RHEIN FIRE drive start at 05:01.,"V,1,10,V33",NA,NA,0,NA,05:01,0,26,26,23,V,RF,"KO,4,05:01,33","PUNT,4,03:21,40",3,7,1:40,KO,4,05:01,RF33,PUNT,4,03:21,RF40,NA
2022_01_RF_FG,RF,FG,Rhein Fire,Frankfurt Galaxy,6/5/2022,Frankfurt,PSD Bank Arena,15:00,17:55,2:55,7525,22 C,E 13km/h,cloudy,M. Scholz,B. Hansen,M. Szczepanski,S. Richardson,J. Seppelin,E. Jenssen,H. Romanczyk,RF,1,10,RF33,"V,1,10,V33","23,2,185","PASS:11,S,TM,V27 SACK:41",M. Adam sacked for loss of 6 yards to the RF27 (S. Gauthier).,"V,2,16,V27",pass,NA,0,NA,NA,0,26,26,23,V,RF,"KO,4,05:01,33","PUNT,4,03:21,40",3,7,1:40,KO,4,05:01,RF33,PUNT,4,03:21,RF40,NA
2022_01_RF_FG,RF,FG,Rhein Fire,Frankfurt Galaxy,6/5/2022,Frankfurt,PSD Bank Arena,15:00,17:55,2:55,7525,22 C,E 13km/h,cloudy,M. Scholz,B. Hansen,M. Szczepanski,S. Richardson,J. Seppelin,E. Jenssen,H. Romanczyk,RF,2,16,RF27,"V,2,16,V27","23,3,186","QB:V,12",R. Dagdelen at QB for Rhein Fire.,"V,2,16,V27",NA,NA,0,NA,NA,0,26,26,23,V,RF,"KO,4,05:01,33","PUNT,4,03:21,40",3,7,1:40,KO,4,05:01,RF33,PUNT,4,03:21,RF40,NA
2022_01_RF_FG,RF,FG,Rhein Fire,Frankfurt Galaxy,6/5/2022,Frankfurt,PSD Bank Arena,15:00,17:55,2:55,7525,22 C,E 13km/h,cloudy,M. Scholz,B. Hansen,M. Szczepanski,S. Richardson,J. Seppelin,E. Jenssen,H. Romanczyk,RF,2,16,RF27,"V,2,16,V27","23,4,187","RUSH:21,V23, TACK:95,90",J. Aguemon rush for loss of 4 yards to the RF23 (M. Konya;M. A. Hor).,"V,3,20,V23",rush,NA,0,NA,NA,0,26,26,23,V,RF,"KO,4,05:01,33","PUNT,4,03:21,40",3,7,1:40,KO,4,05:01,RF33,PUNT,4,03:21,RF40,NA
2022_01_RF_FG,RF,FG,Rhein Fire,Frankfurt Galaxy,6/5/2022,Frankfurt,PSD Bank Arena,15:00,17:55,2:55,7525,22 C,E 13km/h,cloudy,M. Scholz,B. Hansen,M. Szczepanski,S. Richardson,J. Seppelin,E. Jenssen,H. Romanczyk,RF,3,20,RF23,"V,3,20,V23","23,5,188","PASS:12,C,6,V40 TACK:14",R. Dagdelen pass complete to T. Knuettel for 17 yards to the RF40 (J. Poznanski).,"V,4,3,V40",pass,NA,0,NA,NA,0,26,26,23,V,RF,"KO,4,05:01,33","PUNT,4,03:21,40",3,7,1:40,KO,4,05:01,RF33,PUNT,4,03:21,RF40,NA
2022_01_RF_FG,RF,FG,Rhein Fire,Frankfurt Galaxy,6/5/2022,Frankfurt,PSD Bank Arena,15:00,17:55,2:55,7525,22 C,E 13km/h,cloudy,M. Scholz,B. Hansen,M. Szczepanski,S. Richardson,J. Seppelin,E. Jenssen,H. Romanczyk,RF,4,3,RF40,"V,4,3,V40","23,6,189",TOUT:H T:03:28,"Timeout Frankfurt Galaxy, clock 03:28.","V,4,3,V40",NA,NA,0,NA,03:28,0,26,26,23,V,RF,"KO,4,05:01,33","PUNT,4,03:21,40",3,7,1:40,KO,4,05:01,RF33,PUNT,4,03:21,RF40,NA
2022_01_RF_FG,RF,FG,Rhein Fire,Frankfurt Galaxy,6/5/2022,Frankfurt,PSD Bank Arena,15:00,17:55,2:55,7525,22 C,E 13km/h,cloudy,M. Scholz,B. Hansen,M. Szczepanski,S. Richardson,J. Seppelin,E. Jenssen,H. Romanczyk,RF,4,3,RF40,"V,4,3,V40","23,7,190","PUNT:14,H14 RET:18,H14 TACK:43,34","M. Eisenhut punt 46 yards to the FG14, F. Lowery return 0 yards to the FG14 (P. Poetsch;F. Umetelli).","H,1,10,H14",punt,NA,0,NA,NA,0,26,26,23,V,RF,"KO,4,05:01,33","PUNT,4,03:21,40",3,7,1:40,KO,4,05:01,RF33,PUNT,4,03:21,RF40,NA
2022_01_RF_FG,RF,FG,Rhein Fire,Frankfurt Galaxy,6/5/2022,Frankfurt,PSD Bank Arena,15:00,17:55,2:55,7525,22 C,E 13km/h,cloudy,M. Scholz,B. Hansen,M. Szczepanski,S. Richardson,J. Seppelin,E. Jenssen,H. Romanczyk,FG,1,10,FG14,"H,1,10,H14","24,1,191",{DRIVE}:03:21,FRANKFURT GALAXY drive start at 03:21.,"H,1,10,H14",NA,NA,0,NA,03:21,0,26,26,24,H,FG,"PUNT,4,03:21,14","PUNT,4,02:00,9",3,-5,1:21,PUNT,4,03:21,FG14,PUNT,4,02:00,FG09,NA
2022_01_RF_FG,RF,FG,Rhein Fire,Frankfurt Galaxy,6/5/2022,Frankfurt,PSD Bank Arena,15:00,17:55,2:55,7525,22 C,E 13km/h,cloudy,M. Scholz,B. Hansen,M. Szczepanski,S. Richardson,J. Seppelin,E. Jenssen,H. Romanczyk,FG,1,10,FG14,"H,1,10,H14","24,2,192","PASS:7,C,10,H16 TACK:4 PEN:H,IBW,A,21,H07,N NOPLAY:","J. Sullivan pass complete to T. Benschuh for 2 yards to the FG16 (J. Seibel), PENALTY FG Illegal Block Above Waist (G. Adams) 7 yards to the FG7, NO PLAY.","H,1,17,H07",penalty,NA,0,NA,NA,0,26,26,24,H,FG,"PUNT,4,03:21,14","PUNT,4,02:00,9",3,-5,1:21,PUNT,4,03:21,FG14,PUNT,4,02:00,FG09,NA
2022_01_RF_FG,RF,FG,Rhein Fire,Frankfurt Galaxy,6/5/2022,Frankfurt,PSD Bank Arena,15:00,17:55,2:55,7525,22 C,E 13km/h,cloudy,M. Scholz,B. Hansen,M. Szczepanski,S. Richardson,J. Seppelin,E. Jenssen,H. Romanczyk,FG,1,17,FG07,"H,1,17,H07","24,3,193","RUSH:21,H09, TACK:41,90",G. Adams rush for 2 yards to the FG9 (A. Sobotta;R. Feltes).,"H,2,15,H09",rush,NA,0,NA,NA,0,26,26,24,H,FG,"PUNT,4,03:21,14","PUNT,4,02:00,9",3,-5,1:21,PUNT,4,03:21,FG14,PUNT,4,02:00,FG09,NA
2022_01_RF_FG,RF,FG,Rhein Fire,Frankfurt Galaxy,6/5/2022,Frankfurt,PSD Bank Arena,15:00,17:55,2:55,7525,22 C,E 13km/h,cloudy,M. Scholz,B. Hansen,M. Szczepanski,S. Richardson,J. Seppelin,E. Jenssen,H. Romanczyk,FG,2,15,FG09,"H,2,15,H09","24,4,194","PASS:7,I,21,*",J. Sullivan pass incomplete to G. Adams.,"H,3,15,H09",pass,NA,0,NA,NA,0,26,26,24,H,FG,"PUNT,4,03:21,14","PUNT,4,02:00,9",3,-5,1:21,PUNT,4,03:21,FG14,PUNT,4,02:00,FG09,NA
2022_01_RF_FG,RF,FG,Rhein Fire,Frankfurt Galaxy,6/5/2022,Frankfurt,PSD Bank Arena,15:00,17:55,2:55,7525,22 C,E 13km/h,cloudy,M. Scholz,B. Hansen,M. Szczepanski,S. Richardson,J. Seppelin,E. Jenssen,H. Romanczyk,FG,3,15,FG09,"H,3,15,H09","24,5,195","RUSH:7,H09, TACK:3",J. Sullivan rush for no gain to the FG9 (L. Ruoss).,"H,4,15,H09",rush,NA,0,NA,NA,0,26,26,24,H,FG,"PUNT,4,03:21,14","PUNT,4,02:00,9",3,-5,1:21,PUNT,4,03:21,FG14,PUNT,4,02:00,FG09,NA
2022_01_RF_FG,RF,FG,Rhein Fire,Frankfurt Galaxy,6/5/2022,Frankfurt,PSD Bank Arena,15:00,17:55,2:55,7525,22 C,E 13km/h,cloudy,M. Scholz,B. Hansen,M. Szczepanski,S. Richardson,J. Seppelin,E. Jenssen,H. Romanczyk,FG,4,15,FG09,"H,4,15,H09","24,6,196",TOUT:V T:02:14,"Timeout Rhein Fire, clock 02:14.","H,4,15,H09",NA,NA,0,NA,02:14,0,26,26,24,H,FG,"PUNT,4,03:21,14","PUNT,4,02:00,9",3,-5,1:21,PUNT,4,03:21,FG14,PUNT,4,02:00,FG09,NA
2022_01_RF_FG,RF,FG,Rhein Fire,Frankfurt Galaxy,6/5/2022,Frankfurt,PSD Bank Arena,15:00,17:55,2:55,7525,22 C,E 13km/h,cloudy,M. Scholz,B. Hansen,M. Szczepanski,S. Richardson,J. Seppelin,E. Jenssen,H. Romanczyk,FG,4,15,FG09,"H,4,15,H09","24,7,197","PUNT:82,V45 RET:86,H45 TACK:99,58","H. Schwarz punt 46 yards to the RF45, N. Robitaille return 10 yards to the FG45 (K. Maier;A. Williams).","V,1,10,H45",punt,NA,0,NA,NA,0,26,26,24,H,FG,"PUNT,4,03:21,14","PUNT,4,02:00,9",3,-5,1:21,PUNT,4,03:21,FG14,PUNT,4,02:00,FG09,NA
2022_01_RF_FG,RF,FG,Rhein Fire,Frankfurt Galaxy,6/5/2022,Frankfurt,PSD Bank Arena,15:00,17:55,2:55,7525,22 C,E 13km/h,cloudy,M. Scholz,B. Hansen,M. Szczepanski,S. Richardson,J. Seppelin,E. Jenssen,H. Romanczyk,RF,1,10,FG45,"V,1,10,H45","25,1,198",{DRIVE}:02:00,RHEIN FIRE drive start at 02:00.,"V,1,10,H45",NA,NA,0,NA,02:00,0,26,26,25,V,RF,"PUNT,4,02:00,55","FG,4,00:08,88",5,33,1:52,PUNT,4,02:00,FG45,FG,4,00:08,FG12,1
2022_01_RF_FG,RF,FG,Rhein Fire,Frankfurt Galaxy,6/5/2022,Frankfurt,PSD Bank Arena,15:00,17:55,2:55,7525,22 C,E 13km/h,cloudy,M. Scholz,B. Hansen,M. Szczepanski,S. Richardson,J. Seppelin,E. Jenssen,H. Romanczyk,RF,1,10,FG45,"V,1,10,H45","25,2,200","RUSH:21,H46, TACK:55,94",J. Aguemon rush for loss of 1 yard to the FG46 (M. Sy;C. Udegbe).,"V,2,11,H46",rush,NA,0,NA,NA,0,26,26,25,V,RF,"PUNT,4,02:00,55","FG,4,00:08,88",5,33,1:52,PUNT,4,02:00,FG45,FG,4,00:08,FG12,1
2022_01_RF_FG,RF,FG,Rhein Fire,Frankfurt Galaxy,6/5/2022,Frankfurt,PSD Bank Arena,15:00,17:55,2:55,7525,22 C,E 13km/h,cloudy,M. Scholz,B. Hansen,M. Szczepanski,S. Richardson,J. Seppelin,E. Jenssen,H. Romanczyk,RF,2,11,FG46,"V,2,11,H46","25,3,201",TOUT:H T:01:52,"Timeout Frankfurt Galaxy, clock 01:52.","V,2,11,H46",NA,NA,0,NA,01:52,0,26,26,25,V,RF,"PUNT,4,02:00,55","FG,4,00:08,88",5,33,1:52,PUNT,4,02:00,FG45,FG,4,00:08,FG12,1
2022_01_RF_FG,RF,FG,Rhein Fire,Frankfurt Galaxy,6/5/2022,Frankfurt,PSD Bank Arena,15:00,17:55,2:55,7525,22 C,E 13km/h,cloudy,M. Scholz,B. Hansen,M. Szczepanski,S. Richardson,J. Seppelin,E. Jenssen,H. Romanczyk,RF,2,11,FG46,"V,2,11,H46","25,4,202","PASS:12,C,86,H17 TACK:18","R. Dagdelen pass complete to N. Robitaille for 29 yards to the FG17, 1ST DOWN RF (F. Lowery).","V,1,10,H17",pass,pass,0,NA,NA,0,26,26,25,V,RF,"PUNT,4,02:00,55","FG,4,00:08,88",5,33,1:52,PUNT,4,02:00,FG45,FG,4,00:08,FG12,1
2022_01_RF_FG,RF,FG,Rhein Fire,Frankfurt Galaxy,6/5/2022,Frankfurt,PSD Bank Arena,15:00,17:55,2:55,7525,22 C,E 13km/h,cloudy,M. Scholz,B. Hansen,M. Szczepanski,S. Richardson,J. Seppelin,E. Jenssen,H. Romanczyk,RF,1,10,FG17,"V,1,10,H17","25,5,203","PASS:12,I,6,* BRUP:24",R. Dagdelen pass incomplete to T. Knuettel (K. Ben El Ghali).,"V,2,10,H17",pass,NA,0,NA,NA,0,26,26,25,V,RF,"PUNT,4,02:00,55","FG,4,00:08,88",5,33,1:52,PUNT,4,02:00,FG45,FG,4,00:08,FG12,1
2022_01_RF_FG,RF,FG,Rhein Fire,Frankfurt Galaxy,6/5/2022,Frankfurt,PSD Bank Arena,15:00,17:55,2:55,7525,22 C,E 13km/h,cloudy,M. Scholz,B. Hansen,M. Szczepanski,S. Richardson,J. Seppelin,E. Jenssen,H. Romanczyk,RF,2,10,FG17,"V,2,10,H17","25,6,204","RUSH:23,H07, TACK:24","D. Rennich rush for 10 yards to the FG7, 1ST DOWN RF (K. Ben El Ghali).","V,1,0,H07",rush,rush,0,NA,NA,0,26,26,25,V,RF,"PUNT,4,02:00,55","FG,4,00:08,88",5,33,1:52,PUNT,4,02:00,FG45,FG,4,00:08,FG12,1
2022_01_RF_FG,RF,FG,Rhein Fire,Frankfurt Galaxy,6/5/2022,Frankfurt,PSD Bank Arena,15:00,17:55,2:55,7525,22 C,E 13km/h,cloudy,M. Scholz,B. Hansen,M. Szczepanski,S. Richardson,J. Seppelin,E. Jenssen,H. Romanczyk,RF,1,0,FG07,"V,1,0,H07","25,7,205","PEN:V,DG,A,12,H12,N",PENALTY RF Delay of Game (R. Dagdelen) 5 yards to the FG12.,"V,1,0,H12",penalty,NA,0,NA,NA,0,26,26,25,V,RF,"PUNT,4,02:00,55","FG,4,00:08,88",5,33,1:52,PUNT,4,02:00,FG45,FG,4,00:08,FG12,1
2022_01_RF_FG,RF,FG,Rhein Fire,Frankfurt Galaxy,6/5/2022,Frankfurt,PSD Bank Arena,15:00,17:55,2:55,7525,22 C,E 13km/h,cloudy,M. Scholz,B. Hansen,M. Szczepanski,S. Richardson,J. Seppelin,E. Jenssen,H. Romanczyk,RF,1,0,FG12,"V,1,0,H12","25,8,206",TOUT:V T:00:13,"Timeout Rhein Fire, clock 00:13.","V,1,0,H12",NA,NA,0,NA,00:13,0,26,26,25,V,RF,"PUNT,4,02:00,55","FG,4,00:08,88",5,33,1:52,PUNT,4,02:00,FG45,FG,4,00:08,FG12,1
2022_01_RF_FG,RF,FG,Rhein Fire,Frankfurt Galaxy,6/5/2022,Frankfurt,PSD Bank Arena,15:00,17:55,2:55,7525,22 C,E 13km/h,cloudy,M. Scholz,B. Hansen,M. Szczepanski,S. Richardson,J. Seppelin,E. Jenssen,H. Romanczyk,RF,1,0,FG12,"V,1,0,H12","25,9,207","FGA:2,29,G T:00:08","D. Schuhmacher field goal attempt from 29 GOOD, clock 00:08.","V,1,0,V30",field_goal,NA,0,NA,00:08,1,29,26,25,V,RF,"PUNT,4,02:00,55","FG,4,00:08,88",5,33,1:52,PUNT,4,02:00,FG45,FG,4,00:08,FG12,1
2022_01_RF_FG,RF,FG,Rhein Fire,Frankfurt Galaxy,6/5/2022,Frankfurt,PSD Bank Arena,15:00,17:55,2:55,7525,22 C,E 13km/h,cloudy,M. Scholz,B. Hansen,M. Szczepanski,S. Richardson,J. Seppelin,E. Jenssen,H. Romanczyk,RF,1,0,RF30,"V,1,0,V30","25,10,208","KO:2,H10 RET:33,H32 TACK:22,41","D. Schuhmacher kickoff 60 yards to the FG10, J. Rodney return 22 yards to the FG32 (O. Williams;A. Sobotta).","H,1,10,H32",kick_off,NA,0,NA,NA,0,29,26,25,V,RF,"PUNT,4,02:00,55","FG,4,00:08,88",5,33,1:52,PUNT,4,02:00,FG45,FG,4,00:08,FG12,1
2022_01_RF_FG,RF,FG,Rhein Fire,Frankfurt Galaxy,6/5/2022,Frankfurt,PSD Bank Arena,15:00,17:55,2:55,7525,22 C,E 13km/h,cloudy,M. Scholz,B. Hansen,M. Szczepanski,S. Richardson,J. Seppelin,E. Jenssen,H. Romanczyk,FG,1,10,FG32,"H,1,10,H32","26,1,209",{DRIVE}:00:01,FRANKFURT GALAXY drive start at 00:01.,"H,1,10,H32",NA,NA,0,NA,00:01,0,29,26,26,H,FG,"KO,4,00:01,32","INT,4,00:00,32",1,0,0:01,KO,4,00:01,FG32,INT,4,00:00,FG32,NA
2022_01_RF_FG,RF,FG,Rhein Fire,Frankfurt Galaxy,6/5/2022,Frankfurt,PSD Bank Arena,15:00,17:55,2:55,7525,22 C,E 13km/h,cloudy,M. Scholz,B. Hansen,M. Szczepanski,S. Richardson,J. Seppelin,E. Jenssen,H. Romanczyk,FG,1,10,FG32,"H,1,10,H32","26,2,210",TOUT:H T:00:01,"Timeout Frankfurt Galaxy, clock 00:01.","H,1,10,H32",NA,NA,0,NA,00:01,0,29,26,26,H,FG,"KO,4,00:01,32","INT,4,00:00,32",1,0,0:01,KO,4,00:01,FG32,INT,4,00:00,FG32,NA
2022_01_RF_FG,RF,FG,Rhein Fire,Frankfurt Galaxy,6/5/2022,Frankfurt,PSD Bank Arena,15:00,17:55,2:55,7525,22 C,E 13km/h,cloudy,M. Scholz,B. Hansen,M. Szczepanski,S. Richardson,J. Seppelin,E. Jenssen,H. Romanczyk,FG,1,10,FG32,"H,1,10,H32","26,3,211",TOUT:V T:00:01,"Timeout Rhein Fire, clock 00:01.","H,1,10,H32",NA,NA,0,NA,00:01,0,29,26,26,H,FG,"KO,4,00:01,32","INT,4,00:00,32",1,0,0:01,KO,4,00:01,FG32,INT,4,00:00,FG32,NA
2022_01_RF_FG,RF,FG,Rhein Fire,Frankfurt Galaxy,6/5/2022,Frankfurt,PSD Bank Arena,15:00,17:55,2:55,7525,22 C,E 13km/h,cloudy,M. Scholz,B. Hansen,M. Szczepanski,S. Richardson,J. Seppelin,E. Jenssen,H. Romanczyk,FG,1,10,FG32,"H,1,10,H32","26,4,212","QB:H,16",N. Schumm at QB for Frankfurt Galaxy.,"H,1,10,H32",NA,NA,0,NA,NA,0,29,26,26,H,FG,"KO,4,00:01,32","INT,4,00:00,32",1,0,0:01,KO,4,00:01,FG32,INT,4,00:00,FG32,NA
2022_01_RF_FG,RF,FG,Rhein Fire,Frankfurt Galaxy,6/5/2022,Frankfurt,PSD Bank Arena,15:00,17:55,2:55,7525,22 C,E 13km/h,cloudy,M. Scholz,B. Hansen,M. Szczepanski,S. Richardson,J. Seppelin,E. Jenssen,H. Romanczyk,FG,1,10,FG32,"H,1,10,H32","26,5,213","PASS:16,X,25,V25 RET:25,V25 TACK:13","N. Schumm pass intercepted by L. Meyer at the RF25, L. Meyer return 0 yards to the RF25 (M. Rutsch).","V,1,10,V25",pass,NA,0,I,NA,0,29,26,26,H,FG,"KO,4,00:01,32","INT,4,00:00,32",1,0,0:01,KO,4,00:01,FG32,INT,4,00:00,FG32,NA
2022_01_RF_FG,RF,FG,Rhein Fire,Frankfurt Galaxy,6/5/2022,Frankfurt,PSD Bank Arena,15:00,17:55,2:55,7525,22 C,E 13km/h,cloudy,M. Scholz,B. Hansen,M. Szczepanski,S. Richardson,J. Seppelin,E. Jenssen,H. Romanczyk,RF,1,10,RF25,"V,1,10,V25","27,1,214",{DRIVE}:00:00,RHEIN FIRE drive start at 00:00.,"V,1,10,V25",NA,NA,0,NA,00:00,0,29,26,27,V,RF,"INT,4,00:00,25",",0,00:00,25",0,0,0:00,INT,4,00:00,RF25,NA,0,00:00,RF25,NA
