game_id,away_team_id,home_team_id,away_team,home_team,date,location,stadium,start,end,leaguegame,duration,attend,temp,wind,weather,ref,ump,line,lj,bj,fj,sj,posteam,down,togo,spot,context,play_id,tokens,desc,newcontext,play_type,clock,first_down_with,turnover,oob,score,away_score_post,home_score_post,drive_number,drive_vh,drive_team,drive_start,drive_end,drive_plays,drive_yards,drive_top,drive_start_how,drive_start_qtr,drive_start_time,drive_start_spot,drive_end_how,drive_end_qtr,drive_end_time,drive_end_spot,drive_rz
2022_03_IR_RF,IR,RF,Istanbul Rams,Rhein Fire,6/19/2022,Duisburg,Schauinsl.-R.-Arena,15:00,18:03,Y,03:03,7895,21C,13NW,party cloudy,J. Haentjens,A. Buijs,R. Lewis,M. Burzec,C. Ehmer,G. Tesli,R. Krahl,IR,1,10,IR35,"V,1,10,V35","0,1,0","CMT:RF wins  toss, defers, IR elects to receive, RF to defend N Goal","RF wins  toss, defers, IR elects to receive, RF to defend N Goal","V,1,10,V35",NA,NA,NA,NA,0,0,0,0,0,NA,NA,NA,NA,NA,NA,NA,NA,NA,NA,NA,NA,NA,NA,NA,NA
2022_03_IR_RF,IR,RF,Istanbul Rams,Rhein Fire,6/19/2022,Duisburg,Schauinsl.-R.-Arena,15:00,18:03,Y,03:03,7895,21C,13NW,party cloudy,J. Haentjens,A. Buijs,R. Lewis,M. Burzec,C. Ehmer,G. Tesli,R. Krahl,IR,1,10,IR35,"V,1,10,V35","0,2,1","SPOT:H,H30,N KO:2,V10 RET:28,V26","RF ball on RF30, D. Schuhmacher kickoff 60 yards to the IR10, D. Lewis return 16 yards to the IR26.","V,1,10,V26",kick_off,NA,NA,NA,0,0,0,0,0,NA,NA,NA,NA,NA,NA,NA,NA,NA,NA,NA,NA,NA,NA,NA,NA
2022_03_IR_RF,IR,RF,Istanbul Rams,Rhein Fire,6/19/2022,Duisburg,Schauinsl.-R.-Arena,15:00,18:03,Y,03:03,7895,21C,13NW,party cloudy,J. Haentjens,A. Buijs,R. Lewis,M. Burzec,C. Ehmer,G. Tesli,R. Krahl,IR,1,10,IR26,"V,1,10,V26","1,1,2","PASS:10,I,16,*",J. Stegman pass incomplete to D. Heckstall.,"V,2,10,V26",pass,NA,NA,NA,0,0,0,0,1,V,IR,"KO,1,15:00,26","PUNT,1,12:50,22",3,-4,2:10,KO,1,15:00,IR26,PUNT,1,12:50,IR22,NA
2022_03_IR_RF,IR,RF,Istanbul Rams,Rhein Fire,6/19/2022,Duisburg,Schauinsl.-R.-Arena,15:00,18:03,Y,03:03,7895,21C,13NW,party cloudy,J. Haentjens,A. Buijs,R. Lewis,M. Burzec,C. Ehmer,G. Tesli,R. Krahl,IR,2,10,IR26,"V,2,10,V26","1,2,3","PASS:10,C,9,V27 TACK:3",J. Stegman pass complete to T. Johnson-Fish for 1 yard to the IR27 (L. Ruoss).,"V,3,9,V27",pass,NA,NA,NA,0,0,0,0,1,V,IR,"KO,1,15:00,26","PUNT,1,12:50,22",3,-4,2:10,KO,1,15:00,IR26,PUNT,1,12:50,IR22,NA
2022_03_IR_RF,IR,RF,Istanbul Rams,Rhein Fire,6/19/2022,Duisburg,Schauinsl.-R.-Arena,15:00,18:03,Y,03:03,7895,21C,13NW,party cloudy,J. Haentjens,A. Buijs,R. Lewis,M. Burzec,C. Ehmer,G. Tesli,R. Krahl,IR,3,9,IR27,"V,3,9,V27","1,3,4","PEN:V,FS,A,TM,V22,N",PENALTY IR False Start 5 yards to the IR22.,"V,3,14,V22",penalty,NA,NA,NA,0,0,0,0,1,V,IR,"KO,1,15:00,26","PUNT,1,12:50,22",3,-4,2:10,KO,1,15:00,IR26,PUNT,1,12:50,IR22,NA
2022_03_IR_RF,IR,RF,Istanbul Rams,Rhein Fire,6/19/2022,Duisburg,Schauinsl.-R.-Arena,15:00,18:03,Y,03:03,7895,21C,13NW,party cloudy,J. Haentjens,A. Buijs,R. Lewis,M. Burzec,C. Ehmer,G. Tesli,R. Krahl,IR,3,14,IR22,"V,3,14,V22","1,4,5","PASS:10,I,16,*",J. Stegman pass incomplete to D. Heckstall.,"V,4,14,V22",pass,NA,NA,NA,0,0,0,0,1,V,IR,"KO,1,15:00,26","PUNT,1,12:50,22",3,-4,2:10,KO,1,15:00,IR26,PUNT,1,12:50,IR22,NA
2022_03_IR_RF,IR,RF,Istanbul Rams,Rhein Fire,6/19/2022,Duisburg,Schauinsl.-R.-Arena,15:00,18:03,Y,03:03,7895,21C,13NW,party cloudy,J. Haentjens,A. Buijs,R. Lewis,M. Burzec,C. Ehmer,G. Tesli,R. Krahl,IR,4,14,IR22,"V,4,14,V22","1,5,6","PUNT:19,H33 DN:","Y. Gueven punt 45 yards to the RF33, downed.","H,1,10,H33",punt,NA,NA,NA,0,0,0,0,1,V,IR,"KO,1,15:00,26","PUNT,1,12:50,22",3,-4,2:10,KO,1,15:00,IR26,PUNT,1,12:50,IR22,NA
2022_03_IR_RF,IR,RF,Istanbul Rams,Rhein Fire,6/19/2022,Duisburg,Schauinsl.-R.-Arena,15:00,18:03,Y,03:03,7895,21C,13NW,party cloudy,J. Haentjens,A. Buijs,R. Lewis,M. Burzec,C. Ehmer,G. Tesli,R. Krahl,RF,1,10,RF33,"H,1,10,H33","2,1,7",{DRIVE}:12:50,RHEIN FIRE drive start at 12:50.,"H,1,10,H33",NA,12:50,NA,NA,0,0,0,0,2,H,RF,"PUNT,1,12:50,33","PUNT,1,10:17,22",3,-11,2:33,PUNT,1,12:50,RF33,PUNT,1,10:17,RF22,NA
2022_03_IR_RF,IR,RF,Istanbul Rams,Rhein Fire,6/19/2022,Duisburg,Schauinsl.-R.-Arena,15:00,18:03,Y,03:03,7895,21C,13NW,party cloudy,J. Haentjens,A. Buijs,R. Lewis,M. Burzec,C. Ehmer,G. Tesli,R. Krahl,RF,1,10,RF33,"H,1,10,H33","2,2,8","RUSH:21,H29, TACK:42",J. Aguemon rush for loss of 4 yards to the RF29 (Z. Blair).,"H,2,14,H29",rush,NA,NA,NA,0,0,0,0,2,H,RF,"PUNT,1,12:50,33","PUNT,1,10:17,22",3,-11,2:33,PUNT,1,12:50,RF33,PUNT,1,10:17,RF22,NA
2022_03_IR_RF,IR,RF,Istanbul Rams,Rhein Fire,6/19/2022,Duisburg,Schauinsl.-R.-Arena,15:00,18:03,Y,03:03,7895,21C,13NW,party cloudy,J. Haentjens,A. Buijs,R. Lewis,M. Burzec,C. Ehmer,G. Tesli,R. Krahl,RF,2,14,RF29,"H,2,14,H29","2,3,9","PASS:11,I,TM,*",M. Adam pass incomplete.,"H,3,14,H29",pass,NA,NA,NA,0,0,0,0,2,H,RF,"PUNT,1,12:50,33","PUNT,1,10:17,22",3,-11,2:33,PUNT,1,12:50,RF33,PUNT,1,10:17,RF22,NA
2022_03_IR_RF,IR,RF,Istanbul Rams,Rhein Fire,6/19/2022,Duisburg,Schauinsl.-R.-Arena,15:00,18:03,Y,03:03,7895,21C,13NW,party cloudy,J. Haentjens,A. Buijs,R. Lewis,M. Burzec,C. Ehmer,G. Tesli,R. Krahl,RF,3,14,RF29,"H,3,14,H29","2,4,10","PEN:H,FS,A,TM,H24,N",PENALTY RF False Start 5 yards to the RF24.,"H,3,19,H24",penalty,NA,NA,NA,0,0,0,0,2,H,RF,"PUNT,1,12:50,33","PUNT,1,10:17,22",3,-11,2:33,PUNT,1,12:50,RF33,PUNT,1,10:17,RF22,NA
2022_03_IR_RF,IR,RF,Istanbul Rams,Rhein Fire,6/19/2022,Duisburg,Schauinsl.-R.-Arena,15:00,18:03,Y,03:03,7895,21C,13NW,party cloudy,J. Haentjens,A. Buijs,R. Lewis,M. Burzec,C. Ehmer,G. Tesli,R. Krahl,RF,3,19,RF24,"H,3,19,H24","2,5,11","PASS:11,C,21,H22 TACK:42",M. Adam pass complete to J. Aguemon for loss of 2 yards to the RF22 (Z. Blair).,"H,4,21,H22",pass,NA,NA,NA,0,0,0,0,2,H,RF,"PUNT,1,12:50,33","PUNT,1,10:17,22",3,-11,2:33,PUNT,1,12:50,RF33,PUNT,1,10:17,RF22,NA
2022_03_IR_RF,IR,RF,Istanbul Rams,Rhein Fire,6/19/2022,Duisburg,Schauinsl.-R.-Arena,15:00,18:03,Y,03:03,7895,21C,13NW,party cloudy,J. Haentjens,A. Buijs,R. Lewis,M. Burzec,C. Ehmer,G. Tesli,R. Krahl,RF,4,21,RF22,"H,4,21,H22","2,6,12","PUNT:14,V40 FC:28","M. Eisenhut punt 38 yards to the IR40, fair catch by D. Lewis.","V,1,10,V40",punt,NA,NA,NA,0,0,0,0,2,H,RF,"PUNT,1,12:50,33","PUNT,1,10:17,22",3,-11,2:33,PUNT,1,12:50,RF33,PUNT,1,10:17,RF22,NA
2022_03_IR_RF,IR,RF,Istanbul Rams,Rhein Fire,6/19/2022,Duisburg,Schauinsl.-R.-Arena,15:00,18:03,Y,03:03,7895,21C,13NW,party cloudy,J. Haentjens,A. Buijs,R. Lewis,M. Burzec,C. Ehmer,G. Tesli,R. Krahl,IR,1,10,IR40,"V,1,10,V40","3,1,13",{DRIVE}:10:17,ISTANBUL RAMS drive start at 10:17.,"V,1,10,V40",NA,10:17,NA,NA,0,0,0,0,3,V,IR,"PUNT,1,10:17,40","FUMB,1,08:48,76",6,36,1:29,PUNT,1,10:17,IR40,FUMB,1,08:48,RF24,1
2022_03_IR_RF,IR,RF,Istanbul Rams,Rhein Fire,6/19/2022,Duisburg,Schauinsl.-R.-Arena,15:00,18:03,Y,03:03,7895,21C,13NW,party cloudy,J. Haentjens,A. Buijs,R. Lewis,M. Burzec,C. Ehmer,G. Tesli,R. Krahl,IR,1,10,IR40,"V,1,10,V40","3,2,14",TOUT:V T:10:17,"Timeout Istanbul Rams, clock 10:17.","V,1,10,V40",NA,10:17,NA,NA,0,0,0,0,3,V,IR,"PUNT,1,10:17,40","FUMB,1,08:48,76",6,36,1:29,PUNT,1,10:17,IR40,FUMB,1,08:48,RF24,1
2022_03_IR_RF,IR,RF,Istanbul Rams,Rhein Fire,6/19/2022,Duisburg,Schauinsl.-R.-Arena,15:00,18:03,Y,03:03,7895,21C,13NW,party cloudy,J. Haentjens,A. Buijs,R. Lewis,M. Burzec,C. Ehmer,G. Tesli,R. Krahl,IR,1,10,IR40,"V,1,10,V40","3,3,15","RUSH:9,H49, TACK:22","T. Johnson-Fish rush for 11 yards to the RF49, 1ST DOWN IR (O. Williams).","V,1,10,H49",rush,NA,rush,NA,0,0,0,0,3,V,IR,"PUNT,1,10:17,40","FUMB,1,08:48,76",6,36,1:29,PUNT,1,10:17,IR40,FUMB,1,08:48,RF24,1
2022_03_IR_RF,IR,RF,Istanbul Rams,Rhein Fire,6/19/2022,Duisburg,Schauinsl.-R.-Arena,15:00,18:03,Y,03:03,7895,21C,13NW,party cloudy,J. Haentjens,A. Buijs,R. Lewis,M. Burzec,C. Ehmer,G. Tesli,R. Krahl,IR,1,10,RF49,"V,1,10,H49","3,4,16","RUSH:9,H44,",T. Johnson-Fish rush for 5 yards to the RF44.,"V,2,5,H44",rush,NA,NA,NA,0,0,0,0,3,V,IR,"PUNT,1,10:17,40","FUMB,1,08:48,76",6,36,1:29,PUNT,1,10:17,IR40,FUMB,1,08:48,RF24,1
2022_03_IR_RF,IR,RF,Istanbul Rams,Rhein Fire,6/19/2022,Duisburg,Schauinsl.-R.-Arena,15:00,18:03,Y,03:03,7895,21C,13NW,party cloudy,J. Haentjens,A. Buijs,R. Lewis,M. Burzec,C. Ehmer,G. Tesli,R. Krahl,IR,2,5,RF44,"V,2,5,H44","3,5,17","SPOT:V,H31,N",IR ball on RF31.,"V,2,5,H31",NA,NA,NA,NA,0,0,0,0,3,V,IR,"PUNT,1,10:17,40","FUMB,1,08:48,76",6,36,1:29,PUNT,1,10:17,IR40,FUMB,1,08:48,RF24,1
2022_03_IR_RF,IR,RF,Istanbul Rams,Rhein Fire,6/19/2022,Duisburg,Schauinsl.-R.-Arena,15:00,18:03,Y,03:03,7895,21C,13NW,party cloudy,J. Haentjens,A. Buijs,R. Lewis,M. Burzec,C. Ehmer,G. Tesli,R. Krahl,IR,2,5,RF31,"V,2,5,H31","3,6,18","D:1,10",1st and 10.,"V,1,10,H31",NA,NA,NA,NA,0,0,0,0,3,V,IR,"PUNT,1,10:17,40","FUMB,1,08:48,76",6,36,1:29,PUNT,1,10:17,IR40,FUMB,1,08:48,RF24,1
2022_03_IR_RF,IR,RF,Istanbul Rams,Rhein Fire,6/19/2022,Duisburg,Schauinsl.-R.-Arena,15:00,18:03,Y,03:03,7895,21C,13NW,party cloudy,J. Haentjens,A. Buijs,R. Lewis,M. Burzec,C. Ehmer,G. Tesli,R. Krahl,IR,1,10,RF31,"V,1,10,H31","3,7,19","RUSH:9,H30,",T. Johnson-Fish rush for 1 yard to the RF30.,"V,2,9,H30",rush,NA,NA,NA,0,0,0,0,3,V,IR,"PUNT,1,10:17,40","FUMB,1,08:48,76",6,36,1:29,PUNT,1,10:17,IR40,FUMB,1,08:48,RF24,1
2022_03_IR_RF,IR,RF,Istanbul Rams,Rhein Fire,6/19/2022,Duisburg,Schauinsl.-R.-Arena,15:00,18:03,Y,03:03,7895,21C,13NW,party cloudy,J. Haentjens,A. Buijs,R. Lewis,M. Burzec,C. Ehmer,G. Tesli,R. Krahl,IR,2,9,RF30,"V,2,9,H30","3,8,20","PASS:10,C,6,H28 TACK:34",J. Stegman pass complete to J. Conwell for 2 yards to the RF28 (F. Umetelli).,"V,3,7,H28",pass,NA,NA,NA,0,0,0,0,3,V,IR,"PUNT,1,10:17,40","FUMB,1,08:48,76",6,36,1:29,PUNT,1,10:17,IR40,FUMB,1,08:48,RF24,1
2022_03_IR_RF,IR,RF,Istanbul Rams,Rhein Fire,6/19/2022,Duisburg,Schauinsl.-R.-Arena,15:00,18:03,Y,03:03,7895,21C,13NW,party cloudy,J. Haentjens,A. Buijs,R. Lewis,M. Burzec,C. Ehmer,G. Tesli,R. Krahl,IR,3,7,RF28,"V,3,7,H28","3,9,21","PASS:10,C,6,H12 TACK:34","J. Stegman pass complete to J. Conwell for 16 yards to the RF12, 1ST DOWN IR (F. Umetelli).","V,1,10,H12",pass,NA,pass,NA,0,0,0,0,3,V,IR,"PUNT,1,10:17,40","FUMB,1,08:48,76",6,36,1:29,PUNT,1,10:17,IR40,FUMB,1,08:48,RF24,1
2022_03_IR_RF,IR,RF,Istanbul Rams,Rhein Fire,6/19/2022,Duisburg,Schauinsl.-R.-Arena,15:00,18:03,Y,03:03,7895,21C,13NW,party cloudy,J. Haentjens,A. Buijs,R. Lewis,M. Burzec,C. Ehmer,G. Tesli,R. Krahl,IR,1,10,RF12,"V,1,10,H12","3,10,22","PASS:10,C,6,H10 FORCE:79 FUMB:H,H24,97","J. Stegman pass complete to J. Conwell for 2 yards to the RF10, fumble forced by J.-N. Dalbeck, fumble by J. Conwell recovered by RF J. Chikere at RF24.","H,1,10,H24",pass,NA,NA,F,0,0,0,0,3,V,IR,"PUNT,1,10:17,40","FUMB,1,08:48,76",6,36,1:29,PUNT,1,10:17,IR40,FUMB,1,08:48,RF24,1
2022_03_IR_RF,IR,RF,Istanbul Rams,Rhein Fire,6/19/2022,Duisburg,Schauinsl.-R.-Arena,15:00,18:03,Y,03:03,7895,21C,13NW,party cloudy,J. Haentjens,A. Buijs,R. Lewis,M. Burzec,C. Ehmer,G. Tesli,R. Krahl,RF,1,10,RF24,"H,1,10,H24","4,1,23",{DRIVE}:08:48,RHEIN FIRE drive start at 08:48.,"H,1,10,H24",NA,08:48,NA,NA,0,0,0,0,4,H,RF,"FUMB,1,08:48,24","FGA,1,04:40,93",9,69,4:08,FUMB,1,08:48,RF24,FGA,1,04:40,IR07,1
2022_03_IR_RF,IR,RF,Istanbul Rams,Rhein Fire,6/19/2022,Duisburg,Schauinsl.-R.-Arena,15:00,18:03,Y,03:03,7895,21C,13NW,party cloudy,J. Haentjens,A. Buijs,R. Lewis,M. Burzec,C. Ehmer,G. Tesli,R. Krahl,RF,1,10,RF24,"H,1,10,H24","4,2,24","RUSH:23,H30, OB:","D. Rennich rush for 6 yards to the RF30, out-of-bounds.","H,2,4,H30",rush,NA,NA,NA,1,0,0,0,4,H,RF,"FUMB,1,08:48,24","FGA,1,04:40,93",9,69,4:08,FUMB,1,08:48,RF24,FGA,1,04:40,IR07,1
2022_03_IR_RF,IR,RF,Istanbul Rams,Rhein Fire,6/19/2022,Duisburg,Schauinsl.-R.-Arena,15:00,18:03,Y,03:03,7895,21C,13NW,party cloudy,J. Haentjens,A. Buijs,R. Lewis,M. Burzec,C. Ehmer,G. Tesli,R. Krahl,RF,2,4,RF30,"H,2,4,H30","4,3,25","PASS:11,C,6,H39 OB: TACK:42","M. Adam pass complete to T. Knuettel for 9 yards to the RF39, 1ST DOWN RF, out-of-bounds (Z. Blair).","H,1,10,H39",pass,NA,pass,NA,1,0,0,0,4,H,RF,"FUMB,1,08:48,24","FGA,1,04:40,93",9,69,4:08,FUMB,1,08:48,RF24,FGA,1,04:40,IR07,1
2022_03_IR_RF,IR,RF,Istanbul Rams,Rhein Fire,6/19/2022,Duisburg,Schauinsl.-R.-Arena,15:00,18:03,Y,03:03,7895,21C,13NW,party cloudy,J. Haentjens,A. Buijs,R. Lewis,M. Burzec,C. Ehmer,G. Tesli,R. Krahl,RF,1,10,RF39,"H,1,10,H39","4,4,26","RUSH:23,H46, TACK:20",D. Rennich rush for 7 yards to the RF46 (K. Pekuen).,"H,2,3,H46",rush,NA,NA,NA,0,0,0,0,4,H,RF,"FUMB,1,08:48,24","FGA,1,04:40,93",9,69,4:08,FUMB,1,08:48,RF24,FGA,1,04:40,IR07,1
2022_03_IR_RF,IR,RF,Istanbul Rams,Rhein Fire,6/19/2022,Duisburg,Schauinsl.-R.-Arena,15:00,18:03,Y,03:03,7895,21C,13NW,party cloudy,J. Haentjens,A. Buijs,R. Lewis,M. Burzec,C. Ehmer,G. Tesli,R. Krahl,RF,2,3,RF46,"H,2,3,H46","4,5,27","RUSH:23,V41, TACK:3","D. Rennich rush for 13 yards to the IR41, 1ST DOWN RF (A. Isik).","H,1,10,V41",rush,NA,rush,NA,0,0,0,0,4,H,RF,"FUMB,1,08:48,24","FGA,1,04:40,93",9,69,4:08,FUMB,1,08:48,RF24,FGA,1,04:40,IR07,1
2022_03_IR_RF,IR,RF,Istanbul Rams,Rhein Fire,6/19/2022,Duisburg,Schauinsl.-R.-Arena,15:00,18:03,Y,03:03,7895,21C,13NW,party cloudy,J. Haentjens,A. Buijs,R. Lewis,M. Burzec,C. Ehmer,G. Tesli,R. Krahl,RF,1,10,IR41,"H,1,10,V41","4,6,28","PASS:11,C,87,V15 TACK:3","M. Adam pass complete to F. Eichhorn for 26 yards to the IR15, 1ST DOWN RF (A. Isik).","H,1,10,V15",pass,NA,pass,NA,0,0,0,0,4,H,RF,"FUMB,1,08:48,24","FGA,1,04:40,93",9,69,4:08,FUMB,1,08:48,RF24,FGA,1,04:40,IR07,1
2022_03_IR_RF,IR,RF,Istanbul Rams,Rhein Fire,6/19/2022,Duisburg,Schauinsl.-R.-Arena,15:00,18:03,Y,03:03,7895,21C,13NW,party cloudy,J. Haentjens,A. Buijs,R. Lewis,M. Burzec,C. Ehmer,G. Tesli,R. Krahl,RF,1,10,IR15,"H,1,10,V15","4,7,29","PASS:11,B,86,* BRUP:23",M. Adam pass incomplete to N. Robitaille (S. Oezdemir).,"H,2,10,V15",pass,NA,NA,NA,0,0,0,0,4,H,RF,"FUMB,1,08:48,24","FGA,1,04:40,93",9,69,4:08,FUMB,1,08:48,RF24,FGA,1,04:40,IR07,1
2022_03_IR_RF,IR,RF,Istanbul Rams,Rhein Fire,6/19/2022,Duisburg,Schauinsl.-R.-Arena,15:00,18:03,Y,03:03,7895,21C,13NW,party cloudy,J. Haentjens,A. Buijs,R. Lewis,M. Burzec,C. Ehmer,G. Tesli,R. Krahl,RF,2,10,IR15,"H,2,10,V15","4,8,30",TOUT:V T:05:40,"Timeout Istanbul Rams, clock 05:40.","H,2,10,V15",NA,05:40,NA,NA,0,0,0,0,4,H,RF,"FUMB,1,08:48,24","FGA,1,04:40,93",9,69,4:08,FUMB,1,08:48,RF24,FGA,1,04:40,IR07,1
2022_03_IR_RF,IR,RF,Istanbul Rams,Rhein Fire,6/19/2022,Duisburg,Schauinsl.-R.-Arena,15:00,18:03,Y,03:03,7895,21C,13NW,party cloudy,J. Haentjens,A. Buijs,R. Lewis,M. Burzec,C. Ehmer,G. Tesli,R. Krahl,RF,2,10,IR15,"H,2,10,V15","4,9,31","RUSH:23,V14, OB: TACK:5","D. Rennich rush for 1 yard to the IR14, out-of-bounds (U. Oezelce).","H,3,9,V14",rush,NA,NA,NA,1,0,0,0,4,H,RF,"FUMB,1,08:48,24","FGA,1,04:40,93",9,69,4:08,FUMB,1,08:48,RF24,FGA,1,04:40,IR07,1
2022_03_IR_RF,IR,RF,Istanbul Rams,Rhein Fire,6/19/2022,Duisburg,Schauinsl.-R.-Arena,15:00,18:03,Y,03:03,7895,21C,13NW,party cloudy,J. Haentjens,A. Buijs,R. Lewis,M. Burzec,C. Ehmer,G. Tesli,R. Krahl,RF,3,9,IR14,"H,3,9,V14","4,10,32","RUSH:23,V07, OB: TACK:24","D. Rennich rush for 7 yards to the IR7, out-of-bounds (A. Cisse).","H,4,2,V07",rush,NA,NA,NA,1,0,0,0,4,H,RF,"FUMB,1,08:48,24","FGA,1,04:40,93",9,69,4:08,FUMB,1,08:48,RF24,FGA,1,04:40,IR07,1
2022_03_IR_RF,IR,RF,Istanbul Rams,Rhein Fire,6/19/2022,Duisburg,Schauinsl.-R.-Arena,15:00,18:03,Y,03:03,7895,21C,13NW,party cloudy,J. Haentjens,A. Buijs,R. Lewis,M. Burzec,C. Ehmer,G. Tesli,R. Krahl,RF,4,2,IR07,"H,4,2,V07","4,11,33","FGA:2,24,B,V00,V,TM T:04:40 BLOCK:TM","D. Schuhmacher field goal attempt from 24 BLOCKED, recovered by IR TEAM at IR0 spot at IR0, clock 04:40 (blocked by TEAM).","V,1,10,V00",field_goal,04:40,NA,NA,0,0,0,0,4,H,RF,"FUMB,1,08:48,24","FGA,1,04:40,93",9,69,4:08,FUMB,1,08:48,RF24,FGA,1,04:40,IR07,1
2022_03_IR_RF,IR,RF,Istanbul Rams,Rhein Fire,6/19/2022,Duisburg,Schauinsl.-R.-Arena,15:00,18:03,Y,03:03,7895,21C,13NW,party cloudy,J. Haentjens,A. Buijs,R. Lewis,M. Burzec,C. Ehmer,G. Tesli,R. Krahl,IR,1,10,IR00,"V,1,10,V00","5,1,34","SPOT:V,V20,Y",IR ball on IR20.,"V,1,10,V20",NA,NA,NA,NA,0,0,0,0,5,V,IR,"FGA,1,04:40,20","INT,1,01:32,30",6,10,3:08,FGA,1,04:40,IR20,INT,1,01:32,IR30,NA
2022_03_IR_RF,IR,RF,Istanbul Rams,Rhein Fire,6/19/2022,Duisburg,Schauinsl.-R.-Arena,15:00,18:03,Y,03:03,7895,21C,13NW,party cloudy,J. Haentjens,A. Buijs,R. Lewis,M. Burzec,C. Ehmer,G. Tesli,R. Krahl,IR,1,10,IR20,"V,1,10,V20","5,2,35",{DRIVE}:04:40,ISTANBUL RAMS drive start at 04:40.,"V,1,10,V20",NA,04:40,NA,NA,0,0,0,0,5,V,IR,"FGA,1,04:40,20","INT,1,01:32,30",6,10,3:08,FGA,1,04:40,IR20,INT,1,01:32,IR30,NA
2022_03_IR_RF,IR,RF,Istanbul Rams,Rhein Fire,6/19/2022,Duisburg,Schauinsl.-R.-Arena,15:00,18:03,Y,03:03,7895,21C,13NW,party cloudy,J. Haentjens,A. Buijs,R. Lewis,M. Burzec,C. Ehmer,G. Tesli,R. Krahl,IR,1,10,IR20,"V,1,10,V20","5,3,36","PASS:10,C,6,V28 TACK:28",J. Stegman pass complete to J. Conwell for 8 yards to the IR28 (T. Alexander).,"V,2,2,V28",pass,NA,NA,NA,0,0,0,0,5,V,IR,"FGA,1,04:40,20","INT,1,01:32,30",6,10,3:08,FGA,1,04:40,IR20,INT,1,01:32,IR30,NA
2022_03_IR_RF,IR,RF,Istanbul Rams,Rhein Fire,6/19/2022,Duisburg,Schauinsl.-R.-Arena,15:00,18:03,Y,03:03,7895,21C,13NW,party cloudy,J. Haentjens,A. Buijs,R. Lewis,M. Burzec,C. Ehmer,G. Tesli,R. Krahl,IR,2,2,IR28,"V,2,2,V28","5,4,37","PASS:10,C,9,V30 OB:","J. Stegman pass complete to T. Johnson-Fish for 2 yards to the IR30, 1ST DOWN IR, out-of-bounds.","V,1,10,V30",pass,NA,pass,NA,1,0,0,0,5,V,IR,"FGA,1,04:40,20","INT,1,01:32,30",6,10,3:08,FGA,1,04:40,IR20,INT,1,01:32,IR30,NA
2022_03_IR_RF,IR,RF,Istanbul Rams,Rhein Fire,6/19/2022,Duisburg,Schauinsl.-R.-Arena,15:00,18:03,Y,03:03,7895,21C,13NW,party cloudy,J. Haentjens,A. Buijs,R. Lewis,M. Burzec,C. Ehmer,G. Tesli,R. Krahl,IR,1,10,IR30,"V,1,10,V30","5,5,38","RUSH:9,V35, TACK:43",T. Johnson-Fish rush for 5 yards to the IR35 (P. Poetsch).,"V,2,5,V35",rush,NA,NA,NA,0,0,0,0,5,V,IR,"FGA,1,04:40,20","INT,1,01:32,30",6,10,3:08,FGA,1,04:40,IR20,INT,1,01:32,IR30,NA
2022_03_IR_RF,IR,RF,Istanbul Rams,Rhein Fire,6/19/2022,Duisburg,Schauinsl.-R.-Arena,15:00,18:03,Y,03:03,7895,21C,13NW,party cloudy,J. Haentjens,A. Buijs,R. Lewis,M. Burzec,C. Ehmer,G. Tesli,R. Krahl,IR,2,5,IR35,"V,2,5,V35","5,6,39","PASS:10,I,6,*",J. Stegman pass incomplete to J. Conwell.,"V,3,5,V35",pass,NA,NA,NA,0,0,0,0,5,V,IR,"FGA,1,04:40,20","INT,1,01:32,30",6,10,3:08,FGA,1,04:40,IR20,INT,1,01:32,IR30,NA
2022_03_IR_RF,IR,RF,Istanbul Rams,Rhein Fire,6/19/2022,Duisburg,Schauinsl.-R.-Arena,15:00,18:03,Y,03:03,7895,21C,13NW,party cloudy,J. Haentjens,A. Buijs,R. Lewis,M. Burzec,C. Ehmer,G. Tesli,R. Krahl,IR,3,5,IR35,"V,3,5,V35","5,7,40","PASS:10,C,16,H29 OB: TACK:22,25","J. Stegman pass complete to D. Heckstall for 36 yards to the RF29, 1ST DOWN IR, out-of-bounds (O. Williams;L. Meyer).","V,1,10,H29",pass,NA,pass,NA,1,0,0,0,5,V,IR,"FGA,1,04:40,20","INT,1,01:32,30",6,10,3:08,FGA,1,04:40,IR20,INT,1,01:32,IR30,NA
2022_03_IR_RF,IR,RF,Istanbul Rams,Rhein Fire,6/19/2022,Duisburg,Schauinsl.-R.-Arena,15:00,18:03,Y,03:03,7895,21C,13NW,party cloudy,J. Haentjens,A. Buijs,R. Lewis,M. Burzec,C. Ehmer,G. Tesli,R. Krahl,IR,1,10,RF29,"V,1,10,H29","5,8,41","PEN:V,HO,A,TM,V30,N",PENALTY IR HO 41 yards to the IR30.,"V,1,51,V30",penalty,NA,NA,NA,0,0,0,0,5,V,IR,"FGA,1,04:40,20","INT,1,01:32,30",6,10,3:08,FGA,1,04:40,IR20,INT,1,01:32,IR30,NA
2022_03_IR_RF,IR,RF,Istanbul Rams,Rhein Fire,6/19/2022,Duisburg,Schauinsl.-R.-Arena,15:00,18:03,Y,03:03,7895,21C,13NW,party cloudy,J. Haentjens,A. Buijs,R. Lewis,M. Burzec,C. Ehmer,G. Tesli,R. Krahl,IR,1,51,IR30,"V,1,51,V30","5,9,42","D:3,10",3rd and 10.,"V,3,10,V30",NA,NA,NA,NA,0,0,0,0,5,V,IR,"FGA,1,04:40,20","INT,1,01:32,30",6,10,3:08,FGA,1,04:40,IR20,INT,1,01:32,IR30,NA
2022_03_IR_RF,IR,RF,Istanbul Rams,Rhein Fire,6/19/2022,Duisburg,Schauinsl.-R.-Arena,15:00,18:03,Y,03:03,7895,21C,13NW,party cloudy,J. Haentjens,A. Buijs,R. Lewis,M. Burzec,C. Ehmer,G. Tesli,R. Krahl,IR,3,10,IR30,"V,3,10,V30","5,10,43","PASS:10,X,23,H25 RET:23,H25","J. Stegman pass intercepted by D. Rennich at the RF25, D. Rennich return 0 yards to the RF25.","H,1,10,H25",pass,NA,NA,I,0,0,0,0,5,V,IR,"FGA,1,04:40,20","INT,1,01:32,30",6,10,3:08,FGA,1,04:40,IR20,INT,1,01:32,IR30,NA
2022_03_IR_RF,IR,RF,Istanbul Rams,Rhein Fire,6/19/2022,Duisburg,Schauinsl.-R.-Arena,15:00,18:03,Y,03:03,7895,21C,13NW,party cloudy,J. Haentjens,A. Buijs,R. Lewis,M. Burzec,C. Ehmer,G. Tesli,R. Krahl,RF,1,10,RF25,"H,1,10,H25","6,1,44",{DRIVE}:01:32,RHEIN FIRE drive start at 01:32.,"H,1,10,H25",NA,01:32,NA,NA,0,0,0,0,6,H,RF,"INT,1,01:32,25","INT,1,00:48,19",3,-6,0:44,INT,1,01:32,RF25,INT,1,00:48,RF19,NA
2022_03_IR_RF,IR,RF,Istanbul Rams,Rhein Fire,6/19/2022,Duisburg,Schauinsl.-R.-Arena,15:00,18:03,Y,03:03,7895,21C,13NW,party cloudy,J. Haentjens,A. Buijs,R. Lewis,M. Burzec,C. Ehmer,G. Tesli,R. Krahl,RF,1,10,RF25,"H,1,10,H25","6,2,45","PASS:10,S,TM,H19 SACK:99",H. Kwofie sacked for loss of 6 yards to the RF19 (B. Zaimoglu).,"H,2,16,H19",pass,NA,NA,NA,0,0,0,0,6,H,RF,"INT,1,01:32,25","INT,1,00:48,19",3,-6,0:44,INT,1,01:32,RF25,INT,1,00:48,RF19,NA
2022_03_IR_RF,IR,RF,Istanbul Rams,Rhein Fire,6/19/2022,Duisburg,Schauinsl.-R.-Arena,15:00,18:03,Y,03:03,7895,21C,13NW,party cloudy,J. Haentjens,A. Buijs,R. Lewis,M. Burzec,C. Ehmer,G. Tesli,R. Krahl,RF,2,16,RF19,"H,2,16,H19","6,3,46","PASS:11,I,TM,*",M. Adam pass incomplete.,"H,3,16,H19",pass,NA,NA,NA,0,0,0,0,6,H,RF,"INT,1,01:32,25","INT,1,00:48,19",3,-6,0:44,INT,1,01:32,RF25,INT,1,00:48,RF19,NA
2022_03_IR_RF,IR,RF,Istanbul Rams,Rhein Fire,6/19/2022,Duisburg,Schauinsl.-R.-Arena,15:00,18:03,Y,03:03,7895,21C,13NW,party cloudy,J. Haentjens,A. Buijs,R. Lewis,M. Burzec,C. Ehmer,G. Tesli,R. Krahl,RF,3,16,RF19,"H,3,16,H19","6,4,47","PASS:11,X,42,H22 RET:43,H03 TACK:11","M. Adam pass intercepted by Z. Blair at the RF22, A. Tatar return 19 yards to the RF3 (M. Adam).","V,1,0,H03",pass,NA,NA,I,0,0,0,0,6,H,RF,"INT,1,01:32,25","INT,1,00:48,19",3,-6,0:44,INT,1,01:32,RF25,INT,1,00:48,RF19,NA
2022_03_IR_RF,IR,RF,Istanbul Rams,Rhein Fire,6/19/2022,Duisburg,Schauinsl.-R.-Arena,15:00,18:03,Y,03:03,7895,21C,13NW,party cloudy,J. Haentjens,A. Buijs,R. Lewis,M. Burzec,C. Ehmer,G. Tesli,R. Krahl,IR,1,0,RF03,"V,1,0,H03","7,1,48",{DRIVE}:00:48,ISTANBUL RAMS drive start at 00:48.,"V,1,0,H03",NA,00:48,NA,NA,0,0,0,0,7,V,IR,"INT,1,00:48,97","TD,1,00:30,100",2,3,0:18,INT,1,00:48,RF03,TD,1,00:30,RF00,1
2022_03_IR_RF,IR,RF,Istanbul Rams,Rhein Fire,6/19/2022,Duisburg,Schauinsl.-R.-Arena,15:00,18:03,Y,03:03,7895,21C,13NW,party cloudy,J. Haentjens,A. Buijs,R. Lewis,M. Burzec,C. Ehmer,G. Tesli,R. Krahl,IR,1,0,RF03,"V,1,0,H03","7,2,49","PASS:10,I,16,*",J. Stegman pass incomplete to D. Heckstall.,"V,2,0,H03",pass,NA,NA,NA,0,0,0,0,7,V,IR,"INT,1,00:48,97","TD,1,00:30,100",2,3,0:18,INT,1,00:48,RF03,TD,1,00:30,RF00,1
2022_03_IR_RF,IR,RF,Istanbul Rams,Rhein Fire,6/19/2022,Duisburg,Schauinsl.-R.-Arena,15:00,18:03,Y,03:03,7895,21C,13NW,party cloudy,J. Haentjens,A. Buijs,R. Lewis,M. Burzec,C. Ehmer,G. Tesli,R. Krahl,IR,2,0,RF03,"V,2,0,H03","7,3,50","PASS:10,C,1,H00 T:00:30","J. Stegman pass complete to A. Agackesen for 3 yards to the RF0, 1ST DOWN IR, TOUCHDOWN, clock 00:30.","V,1,10,H15",pass,00:30,pass,NA,0,1,6,0,7,V,IR,"INT,1,00:48,97","TD,1,00:30,100",2,3,0:18,INT,1,00:48,RF03,TD,1,00:30,RF00,1
2022_03_IR_RF,IR,RF,Istanbul Rams,Rhein Fire,6/19/2022,Duisburg,Schauinsl.-R.-Arena,15:00,18:03,Y,03:03,7895,21C,13NW,party cloudy,J. Haentjens,A. Buijs,R. Lewis,M. Burzec,C. Ehmer,G. Tesli,R. Krahl,IR,1,10,RF15,"V,1,10,H15","7,4,51","PAT:K,80,M",M. Sarikatipogl kick attempt failed.,"V,1,0,V35",pat,NA,NA,NA,0,0,6,0,7,V,IR,"INT,1,00:48,97","TD,1,00:30,100",2,3,0:18,INT,1,00:48,RF03,TD,1,00:30,RF00,1
2022_03_IR_RF,IR,RF,Istanbul Rams,Rhein Fire,6/19/2022,Duisburg,Schauinsl.-R.-Arena,15:00,18:03,Y,03:03,7895,21C,13NW,party cloudy,J. Haentjens,A. Buijs,R. Lewis,M. Burzec,C. Ehmer,G. Tesli,R. Krahl,IR,1,0,IR35,"V,1,0,V35","7,5,52","KO:80,H11 RET:22,H30 TACK:2","M. Sarikatipogl kickoff 54 yards to the RF11, O. Williams return 19 yards to the RF30 (A. Uenlue).","H,1,10,H30",kick_off,NA,NA,NA,0,0,6,0,7,V,IR,"INT,1,00:48,97","TD,1,00:30,100",2,3,0:18,INT,1,00:48,RF03,TD,1,00:30,RF00,1
2022_03_IR_RF,IR,RF,Istanbul Rams,Rhein Fire,6/19/2022,Duisburg,Schauinsl.-R.-Arena,15:00,18:03,Y,03:03,7895,21C,13NW,party cloudy,J. Haentjens,A. Buijs,R. Lewis,M. Burzec,C. Ehmer,G. Tesli,R. Krahl,RF,1,10,RF30,"H,1,10,H30","8,1,53",{DRIVE}:00:20,RHEIN FIRE drive start at 00:20.,"H,1,10,H30",NA,00:20,NA,NA,0,0,6,0,8,H,RF,"KO,1,00:20,30","TD,2,12:37,100",10,70,2:43,KO,1,00:20,RF30,TD,2,12:37,IR00,1
2022_03_IR_RF,IR,RF,Istanbul Rams,Rhein Fire,6/19/2022,Duisburg,Schauinsl.-R.-Arena,15:00,18:03,Y,03:03,7895,21C,13NW,party cloudy,J. Haentjens,A. Buijs,R. Lewis,M. Burzec,C. Ehmer,G. Tesli,R. Krahl,RF,1,10,RF30,"H,1,10,H30","8,2,54","PASS:11,I,6,*",M. Adam pass incomplete to T. Knuettel.,"H,2,10,H30",pass,NA,NA,NA,0,0,6,0,8,H,RF,"KO,1,00:20,30","TD,2,12:37,100",10,70,2:43,KO,1,00:20,RF30,TD,2,12:37,IR00,1
2022_03_IR_RF,IR,RF,Istanbul Rams,Rhein Fire,6/19/2022,Duisburg,Schauinsl.-R.-Arena,15:00,18:03,Y,03:03,7895,21C,13NW,party cloudy,J. Haentjens,A. Buijs,R. Lewis,M. Burzec,C. Ehmer,G. Tesli,R. Krahl,RF,2,10,RF30,"H,2,10,H30","8,3,55","RUSH:23,H28, TACK:99",D. Rennich rush for loss of 2 yards to the RF28 (B. Zaimoglu).,"H,3,12,H28",rush,NA,NA,NA,0,0,6,0,8,H,RF,"KO,1,00:20,30","TD,2,12:37,100",10,70,2:43,KO,1,00:20,RF30,TD,2,12:37,IR00,1
2022_03_IR_RF,IR,RF,Istanbul Rams,Rhein Fire,6/19/2022,Duisburg,Schauinsl.-R.-Arena,15:00,18:03,Y,03:03,7895,21C,13NW,party cloudy,J. Haentjens,A. Buijs,R. Lewis,M. Burzec,C. Ehmer,G. Tesli,R. Krahl,RF,3,12,RF28,"H,3,12,H28","8,4,56","PASS:11,I,86,* PEN:H,FM,O PEN:V,PF,O NOPLAY:","M. Adam pass incomplete to N. Robitaille, PENALTY RF Facemask off-setting, PENALTY IR Personal Foul off-setting, NO PLAY.","H,3,12,H28",penalty,NA,NA,NA,0,0,6,0,8,H,RF,"KO,1,00:20,30","TD,2,12:37,100",10,70,2:43,KO,1,00:20,RF30,TD,2,12:37,IR00,1
2022_03_IR_RF,IR,RF,Istanbul Rams,Rhein Fire,6/19/2022,Duisburg,Schauinsl.-R.-Arena,15:00,18:03,Y,03:03,7895,21C,13NW,party cloudy,J. Haentjens,A. Buijs,R. Lewis,M. Burzec,C. Ehmer,G. Tesli,R. Krahl,RF,3,12,RF28,"H,3,12,H28","8,5,57","PASS:11,C,87,V43 OB: TACK:23","M. Adam pass complete to F. Eichhorn for 29 yards to the IR43, 1ST DOWN RF, out-of-bounds (S. Oezdemir).","H,1,10,V43",pass,NA,pass,NA,1,0,6,0,8,H,RF,"KO,1,00:20,30","TD,2,12:37,100",10,70,2:43,KO,1,00:20,RF30,TD,2,12:37,IR00,1
2022_03_IR_RF,IR,RF,Istanbul Rams,Rhein Fire,6/19/2022,Duisburg,Schauinsl.-R.-Arena,15:00,18:03,Y,03:03,7895,21C,13NW,party cloudy,J. Haentjens,A. Buijs,R. Lewis,M. Burzec,C. Ehmer,G. Tesli,R. Krahl,RF,1,10,IR43,"H,1,10,V43","8,6,58","RUSH:21,V39, TACK:42",J. Aguemon rush for 4 yards to the IR39 (Z. Blair).,"H,2,6,V39",rush,NA,NA,NA,0,0,6,0,8,H,RF,"KO,1,00:20,30","TD,2,12:37,100",10,70,2:43,KO,1,00:20,RF30,TD,2,12:37,IR00,1
2022_03_IR_RF,IR,RF,Istanbul Rams,Rhein Fire,6/19/2022,Duisburg,Schauinsl.-R.-Arena,15:00,18:03,Y,03:03,7895,21C,13NW,party cloudy,J. Haentjens,A. Buijs,R. Lewis,M. Burzec,C. Ehmer,G. Tesli,R. Krahl,RF,2,6,IR39,"H,2,6,V39","8,7,59",Q:2 T:15:00,"Start of 2nd quarter, clock 15:00.","H,2,6,V39",NA,15:00,NA,NA,0,0,6,0,8,H,RF,"KO,1,00:20,30","TD,2,12:37,100",10,70,2:43,KO,1,00:20,RF30,TD,2,12:37,IR00,1
2022_03_IR_RF,IR,RF,Istanbul Rams,Rhein Fire,6/19/2022,Duisburg,Schauinsl.-R.-Arena,15:00,18:03,Y,03:03,7895,21C,13NW,party cloudy,J. Haentjens,A. Buijs,R. Lewis,M. Burzec,C. Ehmer,G. Tesli,R. Krahl,RF,2,6,IR39,"H,2,6,V39","8,8,60","PASS:11,I,86,* PEN:V,DH,A,TM,V34,1","M. Adam pass incomplete to N. Robitaille, PENALTY IR Defensive Holding 5 yards to the IR34, 1ST DOWN RF.","H,1,10,V34",pass,NA,penalty,NA,0,0,6,0,8,H,RF,"KO,1,00:20,30","TD,2,12:37,100",10,70,2:43,KO,1,00:20,RF30,TD,2,12:37,IR00,1
2022_03_IR_RF,IR,RF,Istanbul Rams,Rhein Fire,6/19/2022,Duisburg,Schauinsl.-R.-Arena,15:00,18:03,Y,03:03,7895,21C,13NW,party cloudy,J. Haentjens,A. Buijs,R. Lewis,M. Burzec,C. Ehmer,G. Tesli,R. Krahl,RF,1,10,IR34,"H,1,10,V34","8,9,61","RUSH:21,V31, TACK:21",J. Aguemon rush for 3 yards to the IR31 (Y. Ertuer).,"H,2,7,V31",rush,NA,NA,NA,0,0,6,0,8,H,RF,"KO,1,00:20,30","TD,2,12:37,100",10,70,2:43,KO,1,00:20,RF30,TD,2,12:37,IR00,1
2022_03_IR_RF,IR,RF,Istanbul Rams,Rhein Fire,6/19/2022,Duisburg,Schauinsl.-R.-Arena,15:00,18:03,Y,03:03,7895,21C,13NW,party cloudy,J. Haentjens,A. Buijs,R. Lewis,M. Burzec,C. Ehmer,G. Tesli,R. Krahl,RF,2,7,IR31,"H,2,7,V31","8,10,62","PASS:11,C,6,V12 OB:","M. Adam pass complete to T. Knuettel for 19 yards to the IR12, 1ST DOWN RF, out-of-bounds.","H,1,10,V12",pass,NA,pass,NA,1,0,6,0,8,H,RF,"KO,1,00:20,30","TD,2,12:37,100",10,70,2:43,KO,1,00:20,RF30,TD,2,12:37,IR00,1
2022_03_IR_RF,IR,RF,Istanbul Rams,Rhein Fire,6/19/2022,Duisburg,Schauinsl.-R.-Arena,15:00,18:03,Y,03:03,7895,21C,13NW,party cloudy,J. Haentjens,A. Buijs,R. Lewis,M. Burzec,C. Ehmer,G. Tesli,R. Krahl,RF,1,10,IR12,"H,1,10,V12","8,11,63","RUSH:21,V00, T:13:45 PEN:H,OH,A,TM,V22,N NOPLAY:","J. Aguemon rush for 12 yards to the IR0, clock 13:45, PENALTY RF Offensive Holding 10 yards to the IR22, NO PLAY.","H,1,20,V22",penalty,13:45,NA,NA,0,0,6,0,8,H,RF,"KO,1,00:20,30","TD,2,12:37,100",10,70,2:43,KO,1,00:20,RF30,TD,2,12:37,IR00,1
2022_03_IR_RF,IR,RF,Istanbul Rams,Rhein Fire,6/19/2022,Duisburg,Schauinsl.-R.-Arena,15:00,18:03,Y,03:03,7895,21C,13NW,party cloudy,J. Haentjens,A. Buijs,R. Lewis,M. Burzec,C. Ehmer,G. Tesli,R. Krahl,RF,1,20,IR22,"H,1,20,V22","8,12,64","PASS:11,D,87,*","M. Adam pass incomplete to F. Eichhorn, dropped pass.","H,2,20,V22",pass,NA,NA,NA,0,0,6,0,8,H,RF,"KO,1,00:20,30","TD,2,12:37,100",10,70,2:43,KO,1,00:20,RF30,TD,2,12:37,IR00,1
2022_03_IR_RF,IR,RF,Istanbul Rams,Rhein Fire,6/19/2022,Duisburg,Schauinsl.-R.-Arena,15:00,18:03,Y,03:03,7895,21C,13NW,party cloudy,J. Haentjens,A. Buijs,R. Lewis,M. Burzec,C. Ehmer,G. Tesli,R. Krahl,RF,2,20,IR22,"H,2,20,V22","8,13,65","RUSH:11,V24, TACK:77",M. Adam rush for loss of 2 yards to the IR24 (Z. Ceylan).,"H,3,22,V24",rush,NA,NA,NA,0,0,6,0,8,H,RF,"KO,1,00:20,30","TD,2,12:37,100",10,70,2:43,KO,1,00:20,RF30,TD,2,12:37,IR00,1
2022_03_IR_RF,IR,RF,Istanbul Rams,Rhein Fire,6/19/2022,Duisburg,Schauinsl.-R.-Arena,15:00,18:03,Y,03:03,7895,21C,13NW,party cloudy,J. Haentjens,A. Buijs,R. Lewis,M. Burzec,C. Ehmer,G. Tesli,R. Krahl,RF,3,22,IR24,"H,3,22,V24","8,14,66",TOUT:H T:12:45,"Timeout Rhein Fire, clock 12:45.","H,3,22,V24",NA,12:45,NA,NA,0,0,6,0,8,H,RF,"KO,1,00:20,30","TD,2,12:37,100",10,70,2:43,KO,1,00:20,RF30,TD,2,12:37,IR00,1
2022_03_IR_RF,IR,RF,Istanbul Rams,Rhein Fire,6/19/2022,Duisburg,Schauinsl.-R.-Arena,15:00,18:03,Y,03:03,7895,21C,13NW,party cloudy,J. Haentjens,A. Buijs,R. Lewis,M. Burzec,C. Ehmer,G. Tesli,R. Krahl,RF,3,22,IR24,"H,3,22,V24","8,15,67","PASS:11,C,87,V00 T:12:37","M. Adam pass complete to F. Eichhorn for 24 yards to the IR0, 1ST DOWN RF, TOUCHDOWN, clock 12:37.","H,1,10,V15",pass,12:37,pass,NA,0,1,6,6,8,H,RF,"KO,1,00:20,30","TD,2,12:37,100",10,70,2:43,KO,1,00:20,RF30,TD,2,12:37,IR00,1
2022_03_IR_RF,IR,RF,Istanbul Rams,Rhein Fire,6/19/2022,Duisburg,Schauinsl.-R.-Arena,15:00,18:03,Y,03:03,7895,21C,13NW,party cloudy,J. Haentjens,A. Buijs,R. Lewis,M. Burzec,C. Ehmer,G. Tesli,R. Krahl,RF,1,10,IR15,"H,1,10,V15","8,16,68","PAT:K,2,M",D. Schuhmacher kick attempt failed.,"H,1,0,H35",pat,NA,NA,NA,0,0,6,6,8,H,RF,"KO,1,00:20,30","TD,2,12:37,100",10,70,2:43,KO,1,00:20,RF30,TD,2,12:37,IR00,1
2022_03_IR_RF,IR,RF,Istanbul Rams,Rhein Fire,6/19/2022,Duisburg,Schauinsl.-R.-Arena,15:00,18:03,Y,03:03,7895,21C,13NW,party cloudy,J. Haentjens,A. Buijs,R. Lewis,M. Burzec,C. Ehmer,G. Tesli,R. Krahl,RF,1,0,RF35,"H,1,0,H35","8,17,69","KO:2,V10 RET:28,V31 TACK:29","D. Schuhmacher kickoff 55 yards to the IR10, D. Lewis return 21 yards to the IR31 (R. Hanssen).","V,1,10,V31",kick_off,NA,NA,NA,0,0,6,6,8,H,RF,"KO,1,00:20,30","TD,2,12:37,100",10,70,2:43,KO,1,00:20,RF30,TD,2,12:37,IR00,1
2022_03_IR_RF,IR,RF,Istanbul Rams,Rhein Fire,6/19/2022,Duisburg,Schauinsl.-R.-Arena,15:00,18:03,Y,03:03,7895,21C,13NW,party cloudy,J. Haentjens,A. Buijs,R. Lewis,M. Burzec,C. Ehmer,G. Tesli,R. Krahl,IR,1,10,IR31,"V,1,10,V31","9,1,70",{DRIVE}:12:31,ISTANBUL RAMS drive start at 12:31.,"V,1,10,V31",NA,12:31,NA,NA,0,0,6,6,9,V,IR,"KO,2,12:31,31","PUNT,2,08:38,39",5,8,3:53,KO,2,12:31,IR31,PUNT,2,08:38,IR39,NA
2022_03_IR_RF,IR,RF,Istanbul Rams,Rhein Fire,6/19/2022,Duisburg,Schauinsl.-R.-Arena,15:00,18:03,Y,03:03,7895,21C,13NW,party cloudy,J. Haentjens,A. Buijs,R. Lewis,M. Burzec,C. Ehmer,G. Tesli,R. Krahl,IR,1,10,IR31,"V,1,10,V31","9,2,71","PASS:10,C,16,V40 TACK:18",J. Stegman pass complete to D. Heckstall for 9 yards to the IR40 (J. Seibel).,"V,2,1,V40",pass,NA,NA,NA,0,0,6,6,9,V,IR,"KO,2,12:31,31","PUNT,2,08:38,39",5,8,3:53,KO,2,12:31,IR31,PUNT,2,08:38,IR39,NA
2022_03_IR_RF,IR,RF,Istanbul Rams,Rhein Fire,6/19/2022,Duisburg,Schauinsl.-R.-Arena,15:00,18:03,Y,03:03,7895,21C,13NW,party cloudy,J. Haentjens,A. Buijs,R. Lewis,M. Burzec,C. Ehmer,G. Tesli,R. Krahl,IR,2,1,IR40,"V,2,1,V40","9,3,72","PASS:10,C,6,V46 TACK:41","J. Stegman pass complete to J. Conwell for 6 yards to the IR46, 1ST DOWN IR (A. Sobotta).","V,1,10,V46",pass,NA,pass,NA,0,0,6,6,9,V,IR,"KO,2,12:31,31","PUNT,2,08:38,39",5,8,3:53,KO,2,12:31,IR31,PUNT,2,08:38,IR39,NA
2022_03_IR_RF,IR,RF,Istanbul Rams,Rhein Fire,6/19/2022,Duisburg,Schauinsl.-R.-Arena,15:00,18:03,Y,03:03,7895,21C,13NW,party cloudy,J. Haentjens,A. Buijs,R. Lewis,M. Burzec,C. Ehmer,G. Tesli,R. Krahl,IR,1,10,IR46,"V,1,10,V46","9,4,73","RUSH:1,V49, TACK:52",A. Agackesen rush for 3 yards to the IR49 (L. Fiedler).,"V,2,7,V49",rush,NA,NA,NA,0,0,6,6,9,V,IR,"KO,2,12:31,31","PUNT,2,08:38,39",5,8,3:53,KO,2,12:31,IR31,PUNT,2,08:38,IR39,NA
2022_03_IR_RF,IR,RF,Istanbul Rams,Rhein Fire,6/19/2022,Duisburg,Schauinsl.-R.-Arena,15:00,18:03,Y,03:03,7895,21C,13NW,party cloudy,J. Haentjens,A. Buijs,R. Lewis,M. Burzec,C. Ehmer,G. Tesli,R. Krahl,IR,2,7,IR49,"V,2,7,V49","9,5,74","RUSH:9,H49, TACK:58",T. Johnson-Fish rush for 2 yards to the RF49 (J. Sleiman).,"V,3,5,H49",rush,NA,NA,NA,0,0,6,6,9,V,IR,"KO,2,12:31,31","PUNT,2,08:38,39",5,8,3:53,KO,2,12:31,IR31,PUNT,2,08:38,IR39,NA
2022_03_IR_RF,IR,RF,Istanbul Rams,Rhein Fire,6/19/2022,Duisburg,Schauinsl.-R.-Arena,15:00,18:03,Y,03:03,7895,21C,13NW,party cloudy,J. Haentjens,A. Buijs,R. Lewis,M. Burzec,C. Ehmer,G. Tesli,R. Krahl,IR,3,5,RF49,"V,3,5,H49","9,6,75","PASS:10,C,16,H17 PEN:V,PI,A,16,V41,N NOPLAY:","J. Stegman pass complete to D. Heckstall for 32 yards to the RF17, PENALTY IR PI (D. Heckstall) 10 yards to the IR41, NO PLAY.","V,3,15,V41",penalty,NA,NA,NA,0,0,6,6,9,V,IR,"KO,2,12:31,31","PUNT,2,08:38,39",5,8,3:53,KO,2,12:31,IR31,PUNT,2,08:38,IR39,NA
2022_03_IR_RF,IR,RF,Istanbul Rams,Rhein Fire,6/19/2022,Duisburg,Schauinsl.-R.-Arena,15:00,18:03,Y,03:03,7895,21C,13NW,party cloudy,J. Haentjens,A. Buijs,R. Lewis,M. Burzec,C. Ehmer,G. Tesli,R. Krahl,IR,3,15,IR41,"V,3,15,V41","9,7,76","RUSH:9,V39, TACK:34",T. Johnson-Fish rush for loss of 2 yards to the IR39 (F. Umetelli).,"V,4,17,V39",rush,NA,NA,NA,0,0,6,6,9,V,IR,"KO,2,12:31,31","PUNT,2,08:38,39",5,8,3:53,KO,2,12:31,IR31,PUNT,2,08:38,IR39,NA
2022_03_IR_RF,IR,RF,Istanbul Rams,Rhein Fire,6/19/2022,Duisburg,Schauinsl.-R.-Arena,15:00,18:03,Y,03:03,7895,21C,13NW,party cloudy,J. Haentjens,A. Buijs,R. Lewis,M. Burzec,C. Ehmer,G. Tesli,R. Krahl,IR,4,17,IR39,"V,4,17,V39","9,8,77","PUNT:19,H29 RET:19,H29 OB:","Y. Gueven punt 32 yards to the RF29, A. Bah return 0 yards to the RF29, out-of-bounds.","H,1,10,H29",punt,NA,NA,NA,1,0,6,6,9,V,IR,"KO,2,12:31,31","PUNT,2,08:38,39",5,8,3:53,KO,2,12:31,IR31,PUNT,2,08:38,IR39,NA
2022_03_IR_RF,IR,RF,Istanbul Rams,Rhein Fire,6/19/2022,Duisburg,Schauinsl.-R.-Arena,15:00,18:03,Y,03:03,7895,21C,13NW,party cloudy,J. Haentjens,A. Buijs,R. Lewis,M. Burzec,C. Ehmer,G. Tesli,R. Krahl,RF,1,10,RF29,"H,1,10,H29","10,1,78",{DRIVE}:08:38,RHEIN FIRE drive start at 08:38.,"H,1,10,H29",NA,08:38,NA,NA,0,0,6,6,10,H,RF,"PUNT,2,08:38,29","PUNT,2,05:51,32",4,3,2:47,PUNT,2,08:38,RF29,PUNT,2,05:51,RF32,NA
2022_03_IR_RF,IR,RF,Istanbul Rams,Rhein Fire,6/19/2022,Duisburg,Schauinsl.-R.-Arena,15:00,18:03,Y,03:03,7895,21C,13NW,party cloudy,J. Haentjens,A. Buijs,R. Lewis,M. Burzec,C. Ehmer,G. Tesli,R. Krahl,RF,1,10,RF29,"H,1,10,H29","10,2,79","RUSH:23,H35, TACK:56",D. Rennich rush for 6 yards to the RF35 (O. Duzcu).,"H,2,4,H35",rush,NA,NA,NA,0,0,6,6,10,H,RF,"PUNT,2,08:38,29","PUNT,2,05:51,32",4,3,2:47,PUNT,2,08:38,RF29,PUNT,2,05:51,RF32,NA
2022_03_IR_RF,IR,RF,Istanbul Rams,Rhein Fire,6/19/2022,Duisburg,Schauinsl.-R.-Arena,15:00,18:03,Y,03:03,7895,21C,13NW,party cloudy,J. Haentjens,A. Buijs,R. Lewis,M. Burzec,C. Ehmer,G. Tesli,R. Krahl,RF,2,4,RF35,"H,2,4,H35","10,3,80","PEN:V,OS,A,TM,H41,N","PENALTY IR Offensive Offside 6 yards to the RF41, 1ST DOWN RF.","H,1,10,H41",penalty,NA,penalty,NA,0,0,6,6,10,H,RF,"PUNT,2,08:38,29","PUNT,2,05:51,32",4,3,2:47,PUNT,2,08:38,RF29,PUNT,2,05:51,RF32,NA
2022_03_IR_RF,IR,RF,Istanbul Rams,Rhein Fire,6/19/2022,Duisburg,Schauinsl.-R.-Arena,15:00,18:03,Y,03:03,7895,21C,13NW,party cloudy,J. Haentjens,A. Buijs,R. Lewis,M. Burzec,C. Ehmer,G. Tesli,R. Krahl,RF,1,10,RF41,"H,1,10,H41","10,4,81","PASS:11,S,TM,H31 SACK:42",M. Adam sacked for loss of 10 yards to the RF31 (Z. Blair).,"H,2,20,H31",pass,NA,NA,NA,0,0,6,6,10,H,RF,"PUNT,2,08:38,29","PUNT,2,05:51,32",4,3,2:47,PUNT,2,08:38,RF29,PUNT,2,05:51,RF32,NA
2022_03_IR_RF,IR,RF,Istanbul Rams,Rhein Fire,6/19/2022,Duisburg,Schauinsl.-R.-Arena,15:00,18:03,Y,03:03,7895,21C,13NW,party cloudy,J. Haentjens,A. Buijs,R. Lewis,M. Burzec,C. Ehmer,G. Tesli,R. Krahl,RF,2,20,RF31,"H,2,20,H31","10,5,82","PASS:11,C,6,H32 TACK:21",M. Adam pass complete to T. Knuettel for 1 yard to the RF32 (Y. Ertuer).,"H,3,19,H32",pass,NA,NA,NA,0,0,6,6,10,H,RF,"PUNT,2,08:38,29","PUNT,2,05:51,32",4,3,2:47,PUNT,2,08:38,RF29,PUNT,2,05:51,RF32,NA
2022_03_IR_RF,IR,RF,Istanbul Rams,Rhein Fire,6/19/2022,Duisburg,Schauinsl.-R.-Arena,15:00,18:03,Y,03:03,7895,21C,13NW,party cloudy,J. Haentjens,A. Buijs,R. Lewis,M. Burzec,C. Ehmer,G. Tesli,R. Krahl,RF,3,19,RF32,"H,3,19,H32","10,6,83","PASS:11,B,10,* BRUP:28",M. Adam pass incomplete to H. Kwofie (D. Lewis).,"H,4,19,H32",pass,NA,NA,NA,0,0,6,6,10,H,RF,"PUNT,2,08:38,29","PUNT,2,05:51,32",4,3,2:47,PUNT,2,08:38,RF29,PUNT,2,05:51,RF32,NA
2022_03_IR_RF,IR,RF,Istanbul Rams,Rhein Fire,6/19/2022,Duisburg,Schauinsl.-R.-Arena,15:00,18:03,Y,03:03,7895,21C,13NW,party cloudy,J. Haentjens,A. Buijs,R. Lewis,M. Burzec,C. Ehmer,G. Tesli,R. Krahl,RF,4,19,RF32,"H,4,19,H32","10,7,84","PUNT:14,V40 RET:28,H48 TACK:87","M. Eisenhut punt 28 yards to the IR40, D. Lewis return 12 yards to the RF48 (F. Eichhorn).","V,1,10,H48",punt,NA,NA,NA,0,0,6,6,10,H,RF,"PUNT,2,08:38,29","PUNT,2,05:51,32",4,3,2:47,PUNT,2,08:38,RF29,PUNT,2,05:51,RF32,NA
2022_03_IR_RF,IR,RF,Istanbul Rams,Rhein Fire,6/19/2022,Duisburg,Schauinsl.-R.-Arena,15:00,18:03,Y,03:03,7895,21C,13NW,party cloudy,J. Haentjens,A. Buijs,R. Lewis,M. Burzec,C. Ehmer,G. Tesli,R. Krahl,IR,1,10,RF48,"V,1,10,H48","11,1,85",{DRIVE}:05:51,ISTANBUL RAMS drive start at 05:51.,"V,1,10,H48",NA,05:51,NA,NA,0,0,6,6,11,V,IR,"PUNT,2,05:51,52","PUNT,2,04:33,51",3,-1,1:18,PUNT,2,05:51,RF48,PUNT,2,04:33,RF49,NA
2022_03_IR_RF,IR,RF,Istanbul Rams,Rhein Fire,6/19/2022,Duisburg,Schauinsl.-R.-Arena,15:00,18:03,Y,03:03,7895,21C,13NW,party cloudy,J. Haentjens,A. Buijs,R. Lewis,M. Burzec,C. Ehmer,G. Tesli,R. Krahl,IR,1,10,RF48,"V,1,10,H48","11,2,86","PASS:4,I,TM,* PEN:V,ID,A,TM,V47,N NOPLAY:","T. Toeruen pass incomplete, PENALTY IR ID 5 yards to the IR47, NO PLAY.","V,1,15,V47",penalty,NA,NA,NA,0,0,6,6,11,V,IR,"PUNT,2,05:51,52","PUNT,2,04:33,51",3,-1,1:18,PUNT,2,05:51,RF48,PUNT,2,04:33,RF49,NA
2022_03_IR_RF,IR,RF,Istanbul Rams,Rhein Fire,6/19/2022,Duisburg,Schauinsl.-R.-Arena,15:00,18:03,Y,03:03,7895,21C,13NW,party cloudy,J. Haentjens,A. Buijs,R. Lewis,M. Burzec,C. Ehmer,G. Tesli,R. Krahl,IR,1,15,IR47,"V,1,15,V47","11,3,87","PASS:10,D,6,*","J. Stegman pass incomplete to J. Conwell, dropped pass.","V,2,15,V47",pass,NA,NA,NA,0,0,6,6,11,V,IR,"PUNT,2,05:51,52","PUNT,2,04:33,51",3,-1,1:18,PUNT,2,05:51,RF48,PUNT,2,04:33,RF49,NA
2022_03_IR_RF,IR,RF,Istanbul Rams,Rhein Fire,6/19/2022,Duisburg,Schauinsl.-R.-Arena,15:00,18:03,Y,03:03,7895,21C,13NW,party cloudy,J. Haentjens,A. Buijs,R. Lewis,M. Burzec,C. Ehmer,G. Tesli,R. Krahl,IR,2,15,IR47,"V,2,15,V47","11,4,88","RUSH:10,H49, TACK:41",J. Stegman rush for 4 yards to the RF49 (A. Sobotta).,"V,3,11,H49",rush,NA,NA,NA,0,0,6,6,11,V,IR,"PUNT,2,05:51,52","PUNT,2,04:33,51",3,-1,1:18,PUNT,2,05:51,RF48,PUNT,2,04:33,RF49,NA
2022_03_IR_RF,IR,RF,Istanbul Rams,Rhein Fire,6/19/2022,Duisburg,Schauinsl.-R.-Arena,15:00,18:03,Y,03:03,7895,21C,13NW,party cloudy,J. Haentjens,A. Buijs,R. Lewis,M. Burzec,C. Ehmer,G. Tesli,R. Krahl,IR,3,11,RF49,"V,3,11,H49","11,5,89","PASS:10,I,4,*",J. Stegman pass incomplete to T. Toeruen.,"V,4,11,H49",pass,NA,NA,NA,0,0,6,6,11,V,IR,"PUNT,2,05:51,52","PUNT,2,04:33,51",3,-1,1:18,PUNT,2,05:51,RF48,PUNT,2,04:33,RF49,NA
2022_03_IR_RF,IR,RF,Istanbul Rams,Rhein Fire,6/19/2022,Duisburg,Schauinsl.-R.-Arena,15:00,18:03,Y,03:03,7895,21C,13NW,party cloudy,J. Haentjens,A. Buijs,R. Lewis,M. Burzec,C. Ehmer,G. Tesli,R. Krahl,IR,4,11,RF49,"V,4,11,H49","11,6,90","PUNT:19,H20 RET:86,H23 TACK:56","Y. Gueven punt 29 yards to the RF20, N. Robitaille return 3 yards to the RF23 (O. Duzcu).","H,1,10,H23",punt,NA,NA,NA,0,0,6,6,11,V,IR,"PUNT,2,05:51,52","PUNT,2,04:33,51",3,-1,1:18,PUNT,2,05:51,RF48,PUNT,2,04:33,RF49,NA
2022_03_IR_RF,IR,RF,Istanbul Rams,Rhein Fire,6/19/2022,Duisburg,Schauinsl.-R.-Arena,15:00,18:03,Y,03:03,7895,21C,13NW,party cloudy,J. Haentjens,A. Buijs,R. Lewis,M. Burzec,C. Ehmer,G. Tesli,R. Krahl,RF,1,10,RF23,"H,1,10,H23","12,1,91",{DRIVE}:04:33,RHEIN FIRE drive start at 04:33.,"H,1,10,H23",NA,04:33,NA,NA,0,0,6,6,12,H,RF,"PUNT,2,04:33,23","TD,2,01:56,100",5,77,2:37,PUNT,2,04:33,RF23,TD,2,01:56,IR00,NA
2022_03_IR_RF,IR,RF,Istanbul Rams,Rhein Fire,6/19/2022,Duisburg,Schauinsl.-R.-Arena,15:00,18:03,Y,03:03,7895,21C,13NW,party cloudy,J. Haentjens,A. Buijs,R. Lewis,M. Burzec,C. Ehmer,G. Tesli,R. Krahl,RF,1,10,RF23,"H,1,10,H23","12,2,92","RUSH:5,H23,",J. Zorz rush for no gain to the RF23.,"H,2,10,H23",rush,NA,NA,NA,0,0,6,6,12,H,RF,"PUNT,2,04:33,23","TD,2,01:56,100",5,77,2:37,PUNT,2,04:33,RF23,TD,2,01:56,IR00,NA
2022_03_IR_RF,IR,RF,Istanbul Rams,Rhein Fire,6/19/2022,Duisburg,Schauinsl.-R.-Arena,15:00,18:03,Y,03:03,7895,21C,13NW,party cloudy,J. Haentjens,A. Buijs,R. Lewis,M. Burzec,C. Ehmer,G. Tesli,R. Krahl,RF,2,10,RF23,"H,2,10,H23","12,3,93","RUSH:5,H26, TACK:66",J. Zorz rush for 3 yards to the RF26 (M. Kurutluca).,"H,3,7,H26",rush,NA,NA,NA,0,0,6,6,12,H,RF,"PUNT,2,04:33,23","TD,2,01:56,100",5,77,2:37,PUNT,2,04:33,RF23,TD,2,01:56,IR00,NA
2022_03_IR_RF,IR,RF,Istanbul Rams,Rhein Fire,6/19/2022,Duisburg,Schauinsl.-R.-Arena,15:00,18:03,Y,03:03,7895,21C,13NW,party cloudy,J. Haentjens,A. Buijs,R. Lewis,M. Burzec,C. Ehmer,G. Tesli,R. Krahl,RF,3,7,RF26,"H,3,7,H26","12,4,94","PASS:11,C,86,H36 OB:","M. Adam pass complete to N. Robitaille for 10 yards to the RF36, 1ST DOWN RF, out-of-bounds.","H,1,10,H36",pass,NA,pass,NA,1,0,6,6,12,H,RF,"PUNT,2,04:33,23","TD,2,01:56,100",5,77,2:37,PUNT,2,04:33,RF23,TD,2,01:56,IR00,NA
2022_03_IR_RF,IR,RF,Istanbul Rams,Rhein Fire,6/19/2022,Duisburg,Schauinsl.-R.-Arena,15:00,18:03,Y,03:03,7895,21C,13NW,party cloudy,J. Haentjens,A. Buijs,R. Lewis,M. Burzec,C. Ehmer,G. Tesli,R. Krahl,RF,1,10,RF36,"H,1,10,H36","12,5,95","RUSH:5,H38, TACK:42,66",J. Zorz rush for 2 yards to the RF38 (Z. Blair;M. Kurutluca).,"H,2,8,H38",rush,NA,NA,NA,0,0,6,6,12,H,RF,"PUNT,2,04:33,23","TD,2,01:56,100",5,77,2:37,PUNT,2,04:33,RF23,TD,2,01:56,IR00,NA
2022_03_IR_RF,IR,RF,Istanbul Rams,Rhein Fire,6/19/2022,Duisburg,Schauinsl.-R.-Arena,15:00,18:03,Y,03:03,7895,21C,13NW,party cloudy,J. Haentjens,A. Buijs,R. Lewis,M. Burzec,C. Ehmer,G. Tesli,R. Krahl,RF,2,8,RF38,"H,2,8,H38","12,6,96","PASS:11,C,86,V00 T:01:56","M. Adam pass complete to N. Robitaille for 62 yards to the IR0, 1ST DOWN RF, TOUCHDOWN, clock 01:56.","H,1,10,V15",pass,01:56,pass,NA,0,1,6,12,12,H,RF,"PUNT,2,04:33,23","TD,2,01:56,100",5,77,2:37,PUNT,2,04:33,RF23,TD,2,01:56,IR00,NA
2022_03_IR_RF,IR,RF,Istanbul Rams,Rhein Fire,6/19/2022,Duisburg,Schauinsl.-R.-Arena,15:00,18:03,Y,03:03,7895,21C,13NW,party cloudy,J. Haentjens,A. Buijs,R. Lewis,M. Burzec,C. Ehmer,G. Tesli,R. Krahl,RF,1,10,IR15,"H,1,10,V15","12,7,97","PAT:K,2,G",D. Schuhmacher kick attempt good.,"H,1,0,H35",pat,NA,NA,NA,0,1,6,13,12,H,RF,"PUNT,2,04:33,23","TD,2,01:56,100",5,77,2:37,PUNT,2,04:33,RF23,TD,2,01:56,IR00,NA
2022_03_IR_RF,IR,RF,Istanbul Rams,Rhein Fire,6/19/2022,Duisburg,Schauinsl.-R.-Arena,15:00,18:03,Y,03:03,7895,21C,13NW,party cloudy,J. Haentjens,A. Buijs,R. Lewis,M. Burzec,C. Ehmer,G. Tesli,R. Krahl,RF,1,0,RF35,"H,1,0,H35","12,8,99","KO:2,V10 RET:28,V39 PEN:H,PF,A,5,H46,N D:1,10 SPOT:V,H46,Y","D. Schuhmacher kickoff 55 yards to the IR10, D. Lewis return 29 yards to the IR39, PENALTY RF Personal Foul (J. Zorz) 15 yards to the RF46, 1st and 10, IR ball on RF46.","V,1,10,H46",kick_off,NA,NA,NA,0,0,6,13,12,H,RF,"PUNT,2,04:33,23","TD,2,01:56,100",5,77,2:37,PUNT,2,04:33,RF23,TD,2,01:56,IR00,NA
2022_03_IR_RF,IR,RF,Istanbul Rams,Rhein Fire,6/19/2022,Duisburg,Schauinsl.-R.-Arena,15:00,18:03,Y,03:03,7895,21C,13NW,party cloudy,J. Haentjens,A. Buijs,R. Lewis,M. Burzec,C. Ehmer,G. Tesli,R. Krahl,IR,1,10,RF46,"V,1,10,H46","13,1,100",{DRIVE}:01:56,ISTANBUL RAMS drive start at 01:56.,"V,1,10,H46",NA,01:56,NA,NA,0,0,6,13,13,V,IR,"KO,2,01:56,54","DOWNS,2,01:22,56",4,2,0:34,KO,2,01:56,RF46,DOWNS,2,01:22,RF44,NA
2022_03_IR_RF,IR,RF,Istanbul Rams,Rhein Fire,6/19/2022,Duisburg,Schauinsl.-R.-Arena,15:00,18:03,Y,03:03,7895,21C,13NW,party cloudy,J. Haentjens,A. Buijs,R. Lewis,M. Burzec,C. Ehmer,G. Tesli,R. Krahl,IR,1,10,RF46,"V,1,10,H46","13,2,101","PASS:10,I,19,*",J. Stegman pass incomplete to Y. Gueven.,"V,2,10,H46",pass,NA,NA,NA,0,0,6,13,13,V,IR,"KO,2,01:56,54","DOWNS,2,01:22,56",4,2,0:34,KO,2,01:56,RF46,DOWNS,2,01:22,RF44,NA
2022_03_IR_RF,IR,RF,Istanbul Rams,Rhein Fire,6/19/2022,Duisburg,Schauinsl.-R.-Arena,15:00,18:03,Y,03:03,7895,21C,13NW,party cloudy,J. Haentjens,A. Buijs,R. Lewis,M. Burzec,C. Ehmer,G. Tesli,R. Krahl,IR,2,10,RF46,"V,2,10,H46","13,3,102","PASS:10,C,16,H39 OB: TACK:18","J. Stegman pass complete to D. Heckstall for 7 yards to the RF39, out-of-bounds (J. Seibel).","V,3,3,H39",pass,NA,NA,NA,1,0,6,13,13,V,IR,"KO,2,01:56,54","DOWNS,2,01:22,56",4,2,0:34,KO,2,01:56,RF46,DOWNS,2,01:22,RF44,NA
2022_03_IR_RF,IR,RF,Istanbul Rams,Rhein Fire,6/19/2022,Duisburg,Schauinsl.-R.-Arena,15:00,18:03,Y,03:03,7895,21C,13NW,party cloudy,J. Haentjens,A. Buijs,R. Lewis,M. Burzec,C. Ehmer,G. Tesli,R. Krahl,IR,3,3,RF39,"V,3,3,H39","13,4,103","PASS:10,I,6,*",J. Stegman pass incomplete to J. Conwell.,"V,4,3,H39",pass,NA,NA,NA,0,0,6,13,13,V,IR,"KO,2,01:56,54","DOWNS,2,01:22,56",4,2,0:34,KO,2,01:56,RF46,DOWNS,2,01:22,RF44,NA
2022_03_IR_RF,IR,RF,Istanbul Rams,Rhein Fire,6/19/2022,Duisburg,Schauinsl.-R.-Arena,15:00,18:03,Y,03:03,7895,21C,13NW,party cloudy,J. Haentjens,A. Buijs,R. Lewis,M. Burzec,C. Ehmer,G. Tesli,R. Krahl,IR,4,3,RF39,"V,4,3,H39","13,5,104","PEN:V,FS,A,65,H44,N",PENALTY IR False Start (B. Aslan) 5 yards to the RF44.,"V,4,8,H44",penalty,NA,NA,NA,0,0,6,13,13,V,IR,"KO,2,01:56,54","DOWNS,2,01:22,56",4,2,0:34,KO,2,01:56,RF46,DOWNS,2,01:22,RF44,NA
2022_03_IR_RF,IR,RF,Istanbul Rams,Rhein Fire,6/19/2022,Duisburg,Schauinsl.-R.-Arena,15:00,18:03,Y,03:03,7895,21C,13NW,party cloudy,J. Haentjens,A. Buijs,R. Lewis,M. Burzec,C. Ehmer,G. Tesli,R. Krahl,IR,4,8,RF44,"V,4,8,H44","13,6,105","RUSH:9,H44, OB: TACK:34","T. Johnson-Fish rush for no gain to the RF44, out-of-bounds (F. Umetelli).","H,1,10,H44",rush,NA,NA,NA,1,0,6,13,13,V,IR,"KO,2,01:56,54","DOWNS,2,01:22,56",4,2,0:34,KO,2,01:56,RF46,DOWNS,2,01:22,RF44,NA
2022_03_IR_RF,IR,RF,Istanbul Rams,Rhein Fire,6/19/2022,Duisburg,Schauinsl.-R.-Arena,15:00,18:03,Y,03:03,7895,21C,13NW,party cloudy,J. Haentjens,A. Buijs,R. Lewis,M. Burzec,C. Ehmer,G. Tesli,R. Krahl,RF,1,10,RF44,"H,1,10,H44","14,1,106",{DRIVE}:01:22,RHEIN FIRE drive start at 01:22.,"H,1,10,H44",NA,01:22,NA,NA,0,0,6,13,14,H,RF,"DOWNS,2,01:22,44","TD,2,00:34,100",2,56,0:48,DOWNS,2,01:22,RF44,TD,2,00:34,IR00,NA
2022_03_IR_RF,IR,RF,Istanbul Rams,Rhein Fire,6/19/2022,Duisburg,Schauinsl.-R.-Arena,15:00,18:03,Y,03:03,7895,21C,13NW,party cloudy,J. Haentjens,A. Buijs,R. Lewis,M. Burzec,C. Ehmer,G. Tesli,R. Krahl,RF,1,10,RF44,"H,1,10,H44","14,2,107","PASS:11,C,86,V47 TACK:28",M. Adam pass complete to N. Robitaille for 9 yards to the IR47 (D. Lewis).,"H,2,1,V47",pass,NA,NA,NA,0,0,6,13,14,H,RF,"DOWNS,2,01:22,44","TD,2,00:34,100",2,56,0:48,DOWNS,2,01:22,RF44,TD,2,00:34,IR00,NA
2022_03_IR_RF,IR,RF,Istanbul Rams,Rhein Fire,6/19/2022,Duisburg,Schauinsl.-R.-Arena,15:00,18:03,Y,03:03,7895,21C,13NW,party cloudy,J. Haentjens,A. Buijs,R. Lewis,M. Burzec,C. Ehmer,G. Tesli,R. Krahl,RF,2,1,IR47,"H,2,1,V47","14,3,108","PASS:11,C,10,V00 T:00:42","M. Adam pass complete to H. Kwofie for 47 yards to the IR0, 1ST DOWN RF, TOUCHDOWN, clock 00:42.","H,1,10,V15",pass,00:42,pass,NA,0,1,6,19,14,H,RF,"DOWNS,2,01:22,44","TD,2,00:34,100",2,56,0:48,DOWNS,2,01:22,RF44,TD,2,00:34,IR00,NA
2022_03_IR_RF,IR,RF,Istanbul Rams,Rhein Fire,6/19/2022,Duisburg,Schauinsl.-R.-Arena,15:00,18:03,Y,03:03,7895,21C,13NW,party cloudy,J. Haentjens,A. Buijs,R. Lewis,M. Burzec,C. Ehmer,G. Tesli,R. Krahl,RF,1,10,IR15,"H,1,10,V15","14,4,109","PAT:K,2,G",D. Schuhmacher kick attempt good.,"H,1,0,H35",pat,NA,NA,NA,0,1,6,20,14,H,RF,"DOWNS,2,01:22,44","TD,2,00:34,100",2,56,0:48,DOWNS,2,01:22,RF44,TD,2,00:34,IR00,NA
2022_03_IR_RF,IR,RF,Istanbul Rams,Rhein Fire,6/19/2022,Duisburg,Schauinsl.-R.-Arena,15:00,18:03,Y,03:03,7895,21C,13NW,party cloudy,J. Haentjens,A. Buijs,R. Lewis,M. Burzec,C. Ehmer,G. Tesli,R. Krahl,RF,1,0,RF35,"H,1,0,H35","14,5,110","KO:2,V15 RET:28,V39 FORCE:32 FUMB:H,V39,TM +:TM,V33","D. Schuhmacher kickoff 50 yards to the IR15, D. Lewis return 24 yards to the IR39, fumble forced by N. Siegert, fumble by D. Lewis recovered by RF TEAM at IR39, TEAM for 6 yards to the IR33.","H,1,10,V33",kick_off,NA,NA,F,0,0,6,20,14,H,RF,"DOWNS,2,01:22,44","TD,2,00:34,100",2,56,0:48,DOWNS,2,01:22,RF44,TD,2,00:34,IR00,NA
2022_03_IR_RF,IR,RF,Istanbul Rams,Rhein Fire,6/19/2022,Duisburg,Schauinsl.-R.-Arena,15:00,18:03,Y,03:03,7895,21C,13NW,party cloudy,J. Haentjens,A. Buijs,R. Lewis,M. Burzec,C. Ehmer,G. Tesli,R. Krahl,RF,1,10,IR33,"H,1,10,V33","16,1,111","{DRIVE}:00:34 SPOT:H,V33,Y","RHEIN FIRE drive start at 00:34, RF ball on IR33.","H,1,10,V33",NA,00:34,NA,NA,0,0,6,20,16,H,RF,"FUMB,2,00:34,67","FG,2,00:14,67",4,0,0:20,FUMB,2,00:34,IR33,FG,2,00:14,IR33,NA
2022_03_IR_RF,IR,RF,Istanbul Rams,Rhein Fire,6/19/2022,Duisburg,Schauinsl.-R.-Arena,15:00,18:03,Y,03:03,7895,21C,13NW,party cloudy,J. Haentjens,A. Buijs,R. Lewis,M. Burzec,C. Ehmer,G. Tesli,R. Krahl,RF,1,10,IR33,"H,1,10,V33","16,2,112",TOUT:V T:00:34,"Timeout Istanbul Rams, clock 00:34.","H,1,10,V33",NA,00:34,NA,NA,0,0,6,20,16,H,RF,"FUMB,2,00:34,67","FG,2,00:14,67",4,0,0:20,FUMB,2,00:34,IR33,FG,2,00:14,IR33,NA
2022_03_IR_RF,IR,RF,Istanbul Rams,Rhein Fire,6/19/2022,Duisburg,Schauinsl.-R.-Arena,15:00,18:03,Y,03:03,7895,21C,13NW,party cloudy,J. Haentjens,A. Buijs,R. Lewis,M. Burzec,C. Ehmer,G. Tesli,R. Krahl,RF,1,10,IR33,"H,1,10,V33","16,3,113","PASS:11,I,87,*",M. Adam pass incomplete to F. Eichhorn.,"H,2,10,V33",pass,NA,NA,NA,0,0,6,20,16,H,RF,"FUMB,2,00:34,67","FG,2,00:14,67",4,0,0:20,FUMB,2,00:34,IR33,FG,2,00:14,IR33,NA
2022_03_IR_RF,IR,RF,Istanbul Rams,Rhein Fire,6/19/2022,Duisburg,Schauinsl.-R.-Arena,15:00,18:03,Y,03:03,7895,21C,13NW,party cloudy,J. Haentjens,A. Buijs,R. Lewis,M. Burzec,C. Ehmer,G. Tesli,R. Krahl,RF,2,10,IR33,"H,2,10,V33","16,4,114","PASS:11,I,86,*",M. Adam pass incomplete to N. Robitaille.,"H,3,10,V33",pass,NA,NA,NA,0,0,6,20,16,H,RF,"FUMB,2,00:34,67","FG,2,00:14,67",4,0,0:20,FUMB,2,00:34,IR33,FG,2,00:14,IR33,NA
2022_03_IR_RF,IR,RF,Istanbul Rams,Rhein Fire,6/19/2022,Duisburg,Schauinsl.-R.-Arena,15:00,18:03,Y,03:03,7895,21C,13NW,party cloudy,J. Haentjens,A. Buijs,R. Lewis,M. Burzec,C. Ehmer,G. Tesli,R. Krahl,RF,3,10,IR33,"H,3,10,V33","16,5,115","PASS:11,I,10,*",M. Adam pass incomplete to H. Kwofie.,"H,4,10,V33",pass,NA,NA,NA,0,0,6,20,16,H,RF,"FUMB,2,00:34,67","FG,2,00:14,67",4,0,0:20,FUMB,2,00:34,IR33,FG,2,00:14,IR33,NA
2022_03_IR_RF,IR,RF,Istanbul Rams,Rhein Fire,6/19/2022,Duisburg,Schauinsl.-R.-Arena,15:00,18:03,Y,03:03,7895,21C,13NW,party cloudy,J. Haentjens,A. Buijs,R. Lewis,M. Burzec,C. Ehmer,G. Tesli,R. Krahl,RF,4,10,IR33,"H,4,10,V33","16,6,116","FGA:2,50,G T:00:14","D. Schuhmacher field goal attempt from 50 GOOD, clock 00:14.","H,1,0,H35",field_goal,00:14,NA,NA,0,1,6,23,16,H,RF,"FUMB,2,00:34,67","FG,2,00:14,67",4,0,0:20,FUMB,2,00:34,IR33,FG,2,00:14,IR33,NA
2022_03_IR_RF,IR,RF,Istanbul Rams,Rhein Fire,6/19/2022,Duisburg,Schauinsl.-R.-Arena,15:00,18:03,Y,03:03,7895,21C,13NW,party cloudy,J. Haentjens,A. Buijs,R. Lewis,M. Burzec,C. Ehmer,G. Tesli,R. Krahl,RF,1,0,RF35,"H,1,0,H35","16,7,117","KO:2,V15 RET:28,V30 OB:","D. Schuhmacher kickoff 50 yards to the IR15, D. Lewis return 15 yards to the IR30, out-of-bounds.","V,1,10,V30",kick_off,NA,NA,NA,1,0,6,23,16,H,RF,"FUMB,2,00:34,67","FG,2,00:14,67",4,0,0:20,FUMB,2,00:34,IR33,FG,2,00:14,IR33,NA
2022_03_IR_RF,IR,RF,Istanbul Rams,Rhein Fire,6/19/2022,Duisburg,Schauinsl.-R.-Arena,15:00,18:03,Y,03:03,7895,21C,13NW,party cloudy,J. Haentjens,A. Buijs,R. Lewis,M. Burzec,C. Ehmer,G. Tesli,R. Krahl,IR,1,10,IR30,"V,1,10,V30","17,1,118",{DRIVE}:00:03,ISTANBUL RAMS drive start at 00:03.,"V,1,10,V30",NA,00:03,NA,NA,0,0,6,23,17,V,IR,"KO,2,00:03,30","HALF,2,00:00,24",1,-6,0:03,KO,2,00:03,IR30,HALF,2,00:00,IR24,NA
2022_03_IR_RF,IR,RF,Istanbul Rams,Rhein Fire,6/19/2022,Duisburg,Schauinsl.-R.-Arena,15:00,18:03,Y,03:03,7895,21C,13NW,party cloudy,J. Haentjens,A. Buijs,R. Lewis,M. Burzec,C. Ehmer,G. Tesli,R. Krahl,IR,1,10,IR30,"V,1,10,V30","17,2,119","RUSH:9,V24, TACK:92",T. Johnson-Fish rush for loss of 6 yards to the IR24 (E. Adam).,"V,2,16,V24",rush,NA,NA,NA,0,0,6,23,17,V,IR,"KO,2,00:03,30","HALF,2,00:00,24",1,-6,0:03,KO,2,00:03,IR30,HALF,2,00:00,IR24,NA
2022_03_IR_RF,IR,RF,Istanbul Rams,Rhein Fire,6/19/2022,Duisburg,Schauinsl.-R.-Arena,15:00,18:03,Y,03:03,7895,21C,13NW,party cloudy,J. Haentjens,A. Buijs,R. Lewis,M. Burzec,C. Ehmer,G. Tesli,R. Krahl,IR,2,16,IR24,"V,2,16,V24","17,3,120",HALF: T:00:00,"End of half, clock 00:00.","V,2,16,V24",NA,00:00,NA,NA,0,0,6,23,17,V,IR,"KO,2,00:03,30","HALF,2,00:00,24",1,-6,0:03,KO,2,00:03,IR30,HALF,2,00:00,IR24,NA
2022_03_IR_RF,IR,RF,Istanbul Rams,Rhein Fire,6/19/2022,Duisburg,Schauinsl.-R.-Arena,15:00,18:03,Y,03:03,7895,21C,13NW,party cloudy,J. Haentjens,A. Buijs,R. Lewis,M. Burzec,C. Ehmer,G. Tesli,R. Krahl,IR,2,16,IR24,"V,2,16,V24","17,4,121",Q:3 T:15:00,"Start of 3rd quarter, clock 15:00.","V,2,16,V24",NA,15:00,NA,NA,0,0,6,23,17,V,IR,"KO,2,00:03,30","HALF,2,00:00,24",1,-6,0:03,KO,2,00:03,IR30,HALF,2,00:00,IR24,NA
2022_03_IR_RF,IR,RF,Istanbul Rams,Rhein Fire,6/19/2022,Duisburg,Schauinsl.-R.-Arena,15:00,18:03,Y,03:03,7895,21C,13NW,party cloudy,J. Haentjens,A. Buijs,R. Lewis,M. Burzec,C. Ehmer,G. Tesli,R. Krahl,IR,2,16,IR24,"V,2,16,V24","17,5,122","SPOT:V,V30,N KO:80,H14 RET:22,H34 TACK:40","IR ball on IR30, M. Sarikatipogl kickoff 56 yards to the RF14, O. Williams return 20 yards to the RF34 (A. Ugur).","H,1,10,H34",kick_off,NA,NA,NA,0,0,6,23,17,V,IR,"KO,2,00:03,30","HALF,2,00:00,24",1,-6,0:03,KO,2,00:03,IR30,HALF,2,00:00,IR24,NA
2022_03_IR_RF,IR,RF,Istanbul Rams,Rhein Fire,6/19/2022,Duisburg,Schauinsl.-R.-Arena,15:00,18:03,Y,03:03,7895,21C,13NW,party cloudy,J. Haentjens,A. Buijs,R. Lewis,M. Burzec,C. Ehmer,G. Tesli,R. Krahl,RF,1,10,RF34,"H,1,10,H34","18,1,123",{DRIVE}:14:52,RHEIN FIRE drive start at 14:52.,"H,1,10,H34",NA,14:52,NA,NA,0,0,6,23,18,H,RF,"KO,3,14:52,34","TD,3,09:55,100",9,66,4:57,KO,3,14:52,RF34,TD,3,09:55,IR00,NA
2022_03_IR_RF,IR,RF,Istanbul Rams,Rhein Fire,6/19/2022,Duisburg,Schauinsl.-R.-Arena,15:00,18:03,Y,03:03,7895,21C,13NW,party cloudy,J. Haentjens,A. Buijs,R. Lewis,M. Burzec,C. Ehmer,G. Tesli,R. Krahl,RF,1,10,RF34,"H,1,10,H34","18,2,124","RUSH:21,H39, TACK:99",J. Aguemon rush for 5 yards to the RF39 (B. Zaimoglu).,"H,2,5,H39",rush,NA,NA,NA,0,0,6,23,18,H,RF,"KO,3,14:52,34","TD,3,09:55,100",9,66,4:57,KO,3,14:52,RF34,TD,3,09:55,IR00,NA
2022_03_IR_RF,IR,RF,Istanbul Rams,Rhein Fire,6/19/2022,Duisburg,Schauinsl.-R.-Arena,15:00,18:03,Y,03:03,7895,21C,13NW,party cloudy,J. Haentjens,A. Buijs,R. Lewis,M. Burzec,C. Ehmer,G. Tesli,R. Krahl,RF,2,5,RF39,"H,2,5,H39","18,3,125","RUSH:21,H40, TACK:46",J. Aguemon rush for 1 yard to the RF40 (M. Tullio Lucas).,"H,3,4,H40",rush,NA,NA,NA,0,0,6,23,18,H,RF,"KO,3,14:52,34","TD,3,09:55,100",9,66,4:57,KO,3,14:52,RF34,TD,3,09:55,IR00,NA
2022_03_IR_RF,IR,RF,Istanbul Rams,Rhein Fire,6/19/2022,Duisburg,Schauinsl.-R.-Arena,15:00,18:03,Y,03:03,7895,21C,13NW,party cloudy,J. Haentjens,A. Buijs,R. Lewis,M. Burzec,C. Ehmer,G. Tesli,R. Krahl,RF,3,4,RF40,"H,3,4,H40","18,4,126","PASS:11,C,86,H44 TACK:28","M. Adam pass complete to N. Robitaille for 4 yards to the RF44, 1ST DOWN RF (D. Lewis).","H,1,10,H44",pass,NA,pass,NA,0,0,6,23,18,H,RF,"KO,3,14:52,34","TD,3,09:55,100",9,66,4:57,KO,3,14:52,RF34,TD,3,09:55,IR00,NA
2022_03_IR_RF,IR,RF,Istanbul Rams,Rhein Fire,6/19/2022,Duisburg,Schauinsl.-R.-Arena,15:00,18:03,Y,03:03,7895,21C,13NW,party cloudy,J. Haentjens,A. Buijs,R. Lewis,M. Burzec,C. Ehmer,G. Tesli,R. Krahl,RF,1,10,RF44,"H,1,10,H44","18,5,127","RUSH:21,V45, TACK:56","J. Aguemon rush for 11 yards to the IR45, 1ST DOWN RF (O. Duzcu).","H,1,10,V45",rush,NA,rush,NA,0,0,6,23,18,H,RF,"KO,3,14:52,34","TD,3,09:55,100",9,66,4:57,KO,3,14:52,RF34,TD,3,09:55,IR00,NA
2022_03_IR_RF,IR,RF,Istanbul Rams,Rhein Fire,6/19/2022,Duisburg,Schauinsl.-R.-Arena,15:00,18:03,Y,03:03,7895,21C,13NW,party cloudy,J. Haentjens,A. Buijs,R. Lewis,M. Burzec,C. Ehmer,G. Tesli,R. Krahl,RF,1,10,IR45,"H,1,10,V45","18,6,128","PASS:11,C,86,V42 OB:","M. Adam pass complete to N. Robitaille for 3 yards to the IR42, out-of-bounds.","H,2,7,V42",pass,NA,NA,NA,1,0,6,23,18,H,RF,"KO,3,14:52,34","TD,3,09:55,100",9,66,4:57,KO,3,14:52,RF34,TD,3,09:55,IR00,NA
2022_03_IR_RF,IR,RF,Istanbul Rams,Rhein Fire,6/19/2022,Duisburg,Schauinsl.-R.-Arena,15:00,18:03,Y,03:03,7895,21C,13NW,party cloudy,J. Haentjens,A. Buijs,R. Lewis,M. Burzec,C. Ehmer,G. Tesli,R. Krahl,RF,2,7,IR42,"H,2,7,V42","18,7,129","RUSH:21,V35, TACK:77","J. Aguemon rush for 7 yards to the IR35, 1ST DOWN RF (Z. Ceylan).","H,1,10,V35",rush,NA,rush,NA,0,0,6,23,18,H,RF,"KO,3,14:52,34","TD,3,09:55,100",9,66,4:57,KO,3,14:52,RF34,TD,3,09:55,IR00,NA
2022_03_IR_RF,IR,RF,Istanbul Rams,Rhein Fire,6/19/2022,Duisburg,Schauinsl.-R.-Arena,15:00,18:03,Y,03:03,7895,21C,13NW,party cloudy,J. Haentjens,A. Buijs,R. Lewis,M. Burzec,C. Ehmer,G. Tesli,R. Krahl,RF,1,10,IR35,"H,1,10,V35","18,8,130","PASS:11,C,87,V26 OB:","M. Adam pass complete to F. Eichhorn for 9 yards to the IR26, out-of-bounds.","H,2,1,V26",pass,NA,NA,NA,1,0,6,23,18,H,RF,"KO,3,14:52,34","TD,3,09:55,100",9,66,4:57,KO,3,14:52,RF34,TD,3,09:55,IR00,NA
2022_03_IR_RF,IR,RF,Istanbul Rams,Rhein Fire,6/19/2022,Duisburg,Schauinsl.-R.-Arena,15:00,18:03,Y,03:03,7895,21C,13NW,party cloudy,J. Haentjens,A. Buijs,R. Lewis,M. Burzec,C. Ehmer,G. Tesli,R. Krahl,RF,2,1,IR26,"H,2,1,V26","18,9,131","RUSH:21,V29, TACK:2,46",J. Aguemon rush for loss of 3 yards to the IR29 (A. Uenlue;M. Tullio Lucas).,"H,3,4,V29",rush,NA,NA,NA,0,0,6,23,18,H,RF,"KO,3,14:52,34","TD,3,09:55,100",9,66,4:57,KO,3,14:52,RF34,TD,3,09:55,IR00,NA
2022_03_IR_RF,IR,RF,Istanbul Rams,Rhein Fire,6/19/2022,Duisburg,Schauinsl.-R.-Arena,15:00,18:03,Y,03:03,7895,21C,13NW,party cloudy,J. Haentjens,A. Buijs,R. Lewis,M. Burzec,C. Ehmer,G. Tesli,R. Krahl,RF,3,4,IR29,"H,3,4,V29","18,10,132","PASS:11,C,86,V00 T:09:55","M. Adam pass complete to N. Robitaille for 29 yards to the IR0, 1ST DOWN RF, TOUCHDOWN, clock 09:55.","H,1,10,V15",pass,09:55,pass,NA,0,1,6,29,18,H,RF,"KO,3,14:52,34","TD,3,09:55,100",9,66,4:57,KO,3,14:52,RF34,TD,3,09:55,IR00,NA
2022_03_IR_RF,IR,RF,Istanbul Rams,Rhein Fire,6/19/2022,Duisburg,Schauinsl.-R.-Arena,15:00,18:03,Y,03:03,7895,21C,13NW,party cloudy,J. Haentjens,A. Buijs,R. Lewis,M. Burzec,C. Ehmer,G. Tesli,R. Krahl,RF,1,10,IR15,"H,1,10,V15","18,11,133","PAT:K,2,M PEN:H,FS,A,77,V20,N NOPLAY:","D. Schuhmacher kick attempt failed, PENALTY RF False Start (S. Breidenbach) 5 yards to the IR20, NO PLAY.","H,1,15,V20",penalty,NA,NA,NA,0,0,6,29,18,H,RF,"KO,3,14:52,34","TD,3,09:55,100",9,66,4:57,KO,3,14:52,RF34,TD,3,09:55,IR00,NA
2022_03_IR_RF,IR,RF,Istanbul Rams,Rhein Fire,6/19/2022,Duisburg,Schauinsl.-R.-Arena,15:00,18:03,Y,03:03,7895,21C,13NW,party cloudy,J. Haentjens,A. Buijs,R. Lewis,M. Burzec,C. Ehmer,G. Tesli,R. Krahl,RF,1,15,IR20,"H,1,15,V20","18,12,134","PAT:K,2,B BLOCK:28",D. Schuhmacher kick attempt failed (blocked) (blocked by D. Lewis).,"H,1,0,H35",pat,NA,NA,NA,0,0,6,29,18,H,RF,"KO,3,14:52,34","TD,3,09:55,100",9,66,4:57,KO,3,14:52,RF34,TD,3,09:55,IR00,NA
2022_03_IR_RF,IR,RF,Istanbul Rams,Rhein Fire,6/19/2022,Duisburg,Schauinsl.-R.-Arena,15:00,18:03,Y,03:03,7895,21C,13NW,party cloudy,J. Haentjens,A. Buijs,R. Lewis,M. Burzec,C. Ehmer,G. Tesli,R. Krahl,RF,1,0,RF35,"H,1,0,H35","18,13,135","KO:2,V12 RET:28,V35 TACK:54","D. Schuhmacher kickoff 53 yards to the IR12, D. Lewis return 23 yards to the IR35 (M. Schmidt).","V,1,10,V35",kick_off,NA,NA,NA,0,0,6,29,18,H,RF,"KO,3,14:52,34","TD,3,09:55,100",9,66,4:57,KO,3,14:52,RF34,TD,3,09:55,IR00,NA
2022_03_IR_RF,IR,RF,Istanbul Rams,Rhein Fire,6/19/2022,Duisburg,Schauinsl.-R.-Arena,15:00,18:03,Y,03:03,7895,21C,13NW,party cloudy,J. Haentjens,A. Buijs,R. Lewis,M. Burzec,C. Ehmer,G. Tesli,R. Krahl,IR,1,10,IR35,"V,1,10,V35","19,1,136",{DRIVE}:09:49,ISTANBUL RAMS drive start at 09:49.,"V,1,10,V35",NA,09:49,NA,NA,0,0,6,29,19,V,IR,"KO,3,09:49,35","DOWNS,3,06:15,93",10,58,3:34,KO,3,09:49,IR35,DOWNS,3,06:15,RF07,1
2022_03_IR_RF,IR,RF,Istanbul Rams,Rhein Fire,6/19/2022,Duisburg,Schauinsl.-R.-Arena,15:00,18:03,Y,03:03,7895,21C,13NW,party cloudy,J. Haentjens,A. Buijs,R. Lewis,M. Burzec,C. Ehmer,G. Tesli,R. Krahl,IR,1,10,IR35,"V,1,10,V35","19,2,137","PASS:10,C,4,V42 OB:","J. Stegman pass complete to T. Toeruen for 7 yards to the IR42, out-of-bounds.","V,2,3,V42",pass,NA,NA,NA,1,0,6,29,19,V,IR,"KO,3,09:49,35","DOWNS,3,06:15,93",10,58,3:34,KO,3,09:49,IR35,DOWNS,3,06:15,RF07,1
2022_03_IR_RF,IR,RF,Istanbul Rams,Rhein Fire,6/19/2022,Duisburg,Schauinsl.-R.-Arena,15:00,18:03,Y,03:03,7895,21C,13NW,party cloudy,J. Haentjens,A. Buijs,R. Lewis,M. Burzec,C. Ehmer,G. Tesli,R. Krahl,IR,2,3,IR42,"V,2,3,V42","19,3,138","PASS:10,I,1,*",J. Stegman pass incomplete to A. Agackesen.,"V,3,3,V42",pass,NA,NA,NA,0,0,6,29,19,V,IR,"KO,3,09:49,35","DOWNS,3,06:15,93",10,58,3:34,KO,3,09:49,IR35,DOWNS,3,06:15,RF07,1
2022_03_IR_RF,IR,RF,Istanbul Rams,Rhein Fire,6/19/2022,Duisburg,Schauinsl.-R.-Arena,15:00,18:03,Y,03:03,7895,21C,13NW,party cloudy,J. Haentjens,A. Buijs,R. Lewis,M. Burzec,C. Ehmer,G. Tesli,R. Krahl,IR,3,3,IR42,"V,3,3,V42","19,4,139","PASS:10,C,16,V50","J. Stegman pass complete to D. Heckstall for 8 yards to the 50 yardline, 1ST DOWN IR.","V,1,10,V50",pass,NA,pass,NA,0,0,6,29,19,V,IR,"KO,3,09:49,35","DOWNS,3,06:15,93",10,58,3:34,KO,3,09:49,IR35,DOWNS,3,06:15,RF07,1
2022_03_IR_RF,IR,RF,Istanbul Rams,Rhein Fire,6/19/2022,Duisburg,Schauinsl.-R.-Arena,15:00,18:03,Y,03:03,7895,21C,13NW,party cloudy,J. Haentjens,A. Buijs,R. Lewis,M. Burzec,C. Ehmer,G. Tesli,R. Krahl,IR,1,10,IR50,"V,1,10,V50","19,5,140","PASS:10,C,16,H47 TACK:18",J. Stegman pass complete to D. Heckstall for 3 yards to the RF47 (J. Seibel).,"V,2,7,H47",pass,NA,NA,NA,0,0,6,29,19,V,IR,"KO,3,09:49,35","DOWNS,3,06:15,93",10,58,3:34,KO,3,09:49,IR35,DOWNS,3,06:15,RF07,1
2022_03_IR_RF,IR,RF,Istanbul Rams,Rhein Fire,6/19/2022,Duisburg,Schauinsl.-R.-Arena,15:00,18:03,Y,03:03,7895,21C,13NW,party cloudy,J. Haentjens,A. Buijs,R. Lewis,M. Burzec,C. Ehmer,G. Tesli,R. Krahl,IR,2,7,RF47,"V,2,7,H47","19,6,141","RUSH:9,H41, TACK:41",T. Johnson-Fish rush for 6 yards to the RF41 (A. Sobotta).,"V,3,1,H41",rush,NA,NA,NA,0,0,6,29,19,V,IR,"KO,3,09:49,35","DOWNS,3,06:15,93",10,58,3:34,KO,3,09:49,IR35,DOWNS,3,06:15,RF07,1
2022_03_IR_RF,IR,RF,Istanbul Rams,Rhein Fire,6/19/2022,Duisburg,Schauinsl.-R.-Arena,15:00,18:03,Y,03:03,7895,21C,13NW,party cloudy,J. Haentjens,A. Buijs,R. Lewis,M. Burzec,C. Ehmer,G. Tesli,R. Krahl,IR,3,1,RF41,"V,3,1,H41","19,7,142","PEN:V,UC,A,55,V44,N",PENALTY IR Unsportsmanlike Conduct (O. Akbudak) 15 yards to the IR44.,"V,3,16,V44",penalty,NA,NA,NA,0,0,6,29,19,V,IR,"KO,3,09:49,35","DOWNS,3,06:15,93",10,58,3:34,KO,3,09:49,IR35,DOWNS,3,06:15,RF07,1
2022_03_IR_RF,IR,RF,Istanbul Rams,Rhein Fire,6/19/2022,Duisburg,Schauinsl.-R.-Arena,15:00,18:03,Y,03:03,7895,21C,13NW,party cloudy,J. Haentjens,A. Buijs,R. Lewis,M. Burzec,C. Ehmer,G. Tesli,R. Krahl,IR,3,16,IR44,"V,3,16,V44","19,8,143","PASS:10,C,1,H08 TACK:18","J. Stegman pass complete to A. Agackesen for 48 yards to the RF8, 1ST DOWN IR (J. Seibel).","V,1,0,H08",pass,NA,pass,NA,0,0,6,29,19,V,IR,"KO,3,09:49,35","DOWNS,3,06:15,93",10,58,3:34,KO,3,09:49,IR35,DOWNS,3,06:15,RF07,1
2022_03_IR_RF,IR,RF,Istanbul Rams,Rhein Fire,6/19/2022,Duisburg,Schauinsl.-R.-Arena,15:00,18:03,Y,03:03,7895,21C,13NW,party cloudy,J. Haentjens,A. Buijs,R. Lewis,M. Burzec,C. Ehmer,G. Tesli,R. Krahl,IR,1,0,RF08,"V,1,0,H08","19,9,144","RUSH:9,H07, TACK:41",T. Johnson-Fish rush for 1 yard to the RF7 (A. Sobotta).,"V,2,0,H07",rush,NA,NA,NA,0,0,6,29,19,V,IR,"KO,3,09:49,35","DOWNS,3,06:15,93",10,58,3:34,KO,3,09:49,IR35,DOWNS,3,06:15,RF07,1
2022_03_IR_RF,IR,RF,Istanbul Rams,Rhein Fire,6/19/2022,Duisburg,Schauinsl.-R.-Arena,15:00,18:03,Y,03:03,7895,21C,13NW,party cloudy,J. Haentjens,A. Buijs,R. Lewis,M. Burzec,C. Ehmer,G. Tesli,R. Krahl,IR,2,0,RF07,"V,2,0,H07","19,10,145",TOUT:V T:06:28,"Timeout Istanbul Rams, clock 06:28.","V,2,0,H07",NA,06:28,NA,NA,0,0,6,29,19,V,IR,"KO,3,09:49,35","DOWNS,3,06:15,93",10,58,3:34,KO,3,09:49,IR35,DOWNS,3,06:15,RF07,1
2022_03_IR_RF,IR,RF,Istanbul Rams,Rhein Fire,6/19/2022,Duisburg,Schauinsl.-R.-Arena,15:00,18:03,Y,03:03,7895,21C,13NW,party cloudy,J. Haentjens,A. Buijs,R. Lewis,M. Burzec,C. Ehmer,G. Tesli,R. Krahl,IR,2,0,RF07,"V,2,0,H07","19,11,146","PASS:10,D,4,*","J. Stegman pass incomplete to T. Toeruen, dropped pass.","V,3,0,H07",pass,NA,NA,NA,0,0,6,29,19,V,IR,"KO,3,09:49,35","DOWNS,3,06:15,93",10,58,3:34,KO,3,09:49,IR35,DOWNS,3,06:15,RF07,1
2022_03_IR_RF,IR,RF,Istanbul Rams,Rhein Fire,6/19/2022,Duisburg,Schauinsl.-R.-Arena,15:00,18:03,Y,03:03,7895,21C,13NW,party cloudy,J. Haentjens,A. Buijs,R. Lewis,M. Burzec,C. Ehmer,G. Tesli,R. Krahl,IR,3,0,RF07,"V,3,0,H07","19,12,147","PASS:10,I,TM,*",J. Stegman pass incomplete.,"V,4,0,H07",pass,NA,NA,NA,0,0,6,29,19,V,IR,"KO,3,09:49,35","DOWNS,3,06:15,93",10,58,3:34,KO,3,09:49,IR35,DOWNS,3,06:15,RF07,1
2022_03_IR_RF,IR,RF,Istanbul Rams,Rhein Fire,6/19/2022,Duisburg,Schauinsl.-R.-Arena,15:00,18:03,Y,03:03,7895,21C,13NW,party cloudy,J. Haentjens,A. Buijs,R. Lewis,M. Burzec,C. Ehmer,G. Tesli,R. Krahl,IR,4,0,RF07,"V,4,0,H07","19,13,148","PASS:10,I,16,*",J. Stegman pass incomplete to D. Heckstall.,"H,1,10,H07",pass,NA,NA,NA,0,0,6,29,19,V,IR,"KO,3,09:49,35","DOWNS,3,06:15,93",10,58,3:34,KO,3,09:49,IR35,DOWNS,3,06:15,RF07,1
2022_03_IR_RF,IR,RF,Istanbul Rams,Rhein Fire,6/19/2022,Duisburg,Schauinsl.-R.-Arena,15:00,18:03,Y,03:03,7895,21C,13NW,party cloudy,J. Haentjens,A. Buijs,R. Lewis,M. Burzec,C. Ehmer,G. Tesli,R. Krahl,RF,1,10,RF07,"H,1,10,H07","20,1,149",{DRIVE}:06:15,RHEIN FIRE drive start at 06:15.,"H,1,10,H07",NA,06:15,NA,NA,0,0,6,29,20,H,RF,"DOWNS,3,06:15,7","TD,3,00:47,100",10,93,5:28,DOWNS,3,06:15,RF07,TD,3,00:47,IR00,1
2022_03_IR_RF,IR,RF,Istanbul Rams,Rhein Fire,6/19/2022,Duisburg,Schauinsl.-R.-Arena,15:00,18:03,Y,03:03,7895,21C,13NW,party cloudy,J. Haentjens,A. Buijs,R. Lewis,M. Burzec,C. Ehmer,G. Tesli,R. Krahl,RF,1,10,RF07,"H,1,10,H07","20,2,150","RUSH:5,H10, TACK:42",J. Zorz rush for 3 yards to the RF10 (Z. Blair).,"H,2,7,H10",rush,NA,NA,NA,0,0,6,29,20,H,RF,"DOWNS,3,06:15,7","TD,3,00:47,100",10,93,5:28,DOWNS,3,06:15,RF07,TD,3,00:47,IR00,1
2022_03_IR_RF,IR,RF,Istanbul Rams,Rhein Fire,6/19/2022,Duisburg,Schauinsl.-R.-Arena,15:00,18:03,Y,03:03,7895,21C,13NW,party cloudy,J. Haentjens,A. Buijs,R. Lewis,M. Burzec,C. Ehmer,G. Tesli,R. Krahl,RF,2,7,RF10,"H,2,7,H10","20,3,151","PASS:11,C,87,H33 OB: TACK:28","M. Adam pass complete to F. Eichhorn for 23 yards to the RF33, 1ST DOWN RF, out-of-bounds (D. Lewis).","H,1,10,H33",pass,NA,pass,NA,1,0,6,29,20,H,RF,"DOWNS,3,06:15,7","TD,3,00:47,100",10,93,5:28,DOWNS,3,06:15,RF07,TD,3,00:47,IR00,1
2022_03_IR_RF,IR,RF,Istanbul Rams,Rhein Fire,6/19/2022,Duisburg,Schauinsl.-R.-Arena,15:00,18:03,Y,03:03,7895,21C,13NW,party cloudy,J. Haentjens,A. Buijs,R. Lewis,M. Burzec,C. Ehmer,G. Tesli,R. Krahl,RF,1,10,RF33,"H,1,10,H33","20,4,152","PASS:11,C,6,H39 OB: TACK:28","M. Adam pass complete to T. Knuettel for 6 yards to the RF39, out-of-bounds (D. Lewis).","H,2,4,H39",pass,NA,NA,NA,1,0,6,29,20,H,RF,"DOWNS,3,06:15,7","TD,3,00:47,100",10,93,5:28,DOWNS,3,06:15,RF07,TD,3,00:47,IR00,1
2022_03_IR_RF,IR,RF,Istanbul Rams,Rhein Fire,6/19/2022,Duisburg,Schauinsl.-R.-Arena,15:00,18:03,Y,03:03,7895,21C,13NW,party cloudy,J. Haentjens,A. Buijs,R. Lewis,M. Burzec,C. Ehmer,G. Tesli,R. Krahl,RF,2,4,RF39,"H,2,4,H39","20,5,153","RUSH:23,H42, TACK:5",D. Rennich rush for 3 yards to the RF42 (U. Oezelce).,"H,3,1,H42",rush,NA,NA,NA,0,0,6,29,20,H,RF,"DOWNS,3,06:15,7","TD,3,00:47,100",10,93,5:28,DOWNS,3,06:15,RF07,TD,3,00:47,IR00,1
2022_03_IR_RF,IR,RF,Istanbul Rams,Rhein Fire,6/19/2022,Duisburg,Schauinsl.-R.-Arena,15:00,18:03,Y,03:03,7895,21C,13NW,party cloudy,J. Haentjens,A. Buijs,R. Lewis,M. Burzec,C. Ehmer,G. Tesli,R. Krahl,RF,3,1,RF42,"H,3,1,H42","20,6,154","RUSH:11,H42, FORCE:5 FUMB:H,H44,87","M. Adam rush for no gain to the RF42, fumble forced by U. Oezelce, fumble by M. Adam recovered by RF F. Eichhorn at RF44, 1ST DOWN RF.","H,1,10,H44",rush,NA,rush,NA,0,0,6,29,20,H,RF,"DOWNS,3,06:15,7","TD,3,00:47,100",10,93,5:28,DOWNS,3,06:15,RF07,TD,3,00:47,IR00,1
2022_03_IR_RF,IR,RF,Istanbul Rams,Rhein Fire,6/19/2022,Duisburg,Schauinsl.-R.-Arena,15:00,18:03,Y,03:03,7895,21C,13NW,party cloudy,J. Haentjens,A. Buijs,R. Lewis,M. Burzec,C. Ehmer,G. Tesli,R. Krahl,RF,1,10,RF44,"H,1,10,H44","20,7,155","PASS:11,C,87,V47 TACK:5,42",M. Adam pass complete to F. Eichhorn for 9 yards to the IR47 (U. Oezelce;Z. Blair).,"H,2,1,V47",pass,NA,NA,NA,0,0,6,29,20,H,RF,"DOWNS,3,06:15,7","TD,3,00:47,100",10,93,5:28,DOWNS,3,06:15,RF07,TD,3,00:47,IR00,1
2022_03_IR_RF,IR,RF,Istanbul Rams,Rhein Fire,6/19/2022,Duisburg,Schauinsl.-R.-Arena,15:00,18:03,Y,03:03,7895,21C,13NW,party cloudy,J. Haentjens,A. Buijs,R. Lewis,M. Burzec,C. Ehmer,G. Tesli,R. Krahl,RF,2,1,IR47,"H,2,1,V47","20,8,156","PASS:11,C,10,V20 TACK:24","M. Adam pass complete to H. Kwofie for 27 yards to the IR20, 1ST DOWN RF (A. Cisse).","H,1,10,V20",pass,NA,pass,NA,0,0,6,29,20,H,RF,"DOWNS,3,06:15,7","TD,3,00:47,100",10,93,5:28,DOWNS,3,06:15,RF07,TD,3,00:47,IR00,1
2022_03_IR_RF,IR,RF,Istanbul Rams,Rhein Fire,6/19/2022,Duisburg,Schauinsl.-R.-Arena,15:00,18:03,Y,03:03,7895,21C,13NW,party cloudy,J. Haentjens,A. Buijs,R. Lewis,M. Burzec,C. Ehmer,G. Tesli,R. Krahl,RF,1,10,IR20,"H,1,10,V20","20,9,157","RUSH:23,V16, TACK:2",D. Rennich rush for 4 yards to the IR16 (A. Uenlue).,"H,2,6,V16",rush,NA,NA,NA,0,0,6,29,20,H,RF,"DOWNS,3,06:15,7","TD,3,00:47,100",10,93,5:28,DOWNS,3,06:15,RF07,TD,3,00:47,IR00,1
2022_03_IR_RF,IR,RF,Istanbul Rams,Rhein Fire,6/19/2022,Duisburg,Schauinsl.-R.-Arena,15:00,18:03,Y,03:03,7895,21C,13NW,party cloudy,J. Haentjens,A. Buijs,R. Lewis,M. Burzec,C. Ehmer,G. Tesli,R. Krahl,RF,2,6,IR16,"H,2,6,V16","20,10,158","PEN:H,FS,A,88,V21,N",PENALTY RF False Start (M. Pludra) 5 yards to the IR21.,"H,2,11,V21",penalty,NA,NA,NA,0,0,6,29,20,H,RF,"DOWNS,3,06:15,7","TD,3,00:47,100",10,93,5:28,DOWNS,3,06:15,RF07,TD,3,00:47,IR00,1
2022_03_IR_RF,IR,RF,Istanbul Rams,Rhein Fire,6/19/2022,Duisburg,Schauinsl.-R.-Arena,15:00,18:03,Y,03:03,7895,21C,13NW,party cloudy,J. Haentjens,A. Buijs,R. Lewis,M. Burzec,C. Ehmer,G. Tesli,R. Krahl,RF,2,11,IR21,"H,2,11,V21","20,11,159","PASS:11,C,88,V10 TACK:24,5","M. Adam pass complete to M. Pludra for 11 yards to the IR10, 1ST DOWN RF (A. Cisse;U. Oezelce).","H,1,0,V10",pass,NA,pass,NA,0,0,6,29,20,H,RF,"DOWNS,3,06:15,7","TD,3,00:47,100",10,93,5:28,DOWNS,3,06:15,RF07,TD,3,00:47,IR00,1
2022_03_IR_RF,IR,RF,Istanbul Rams,Rhein Fire,6/19/2022,Duisburg,Schauinsl.-R.-Arena,15:00,18:03,Y,03:03,7895,21C,13NW,party cloudy,J. Haentjens,A. Buijs,R. Lewis,M. Burzec,C. Ehmer,G. Tesli,R. Krahl,RF,1,0,IR10,"H,1,0,V10","20,12,160","PASS:11,C,10,V00 T:00:47","M. Adam pass complete to H. Kwofie for 10 yards to the IR0, 1ST DOWN RF, TOUCHDOWN, clock 00:47.","H,1,10,V15",pass,00:47,pass,NA,0,1,6,35,20,H,RF,"DOWNS,3,06:15,7","TD,3,00:47,100",10,93,5:28,DOWNS,3,06:15,RF07,TD,3,00:47,IR00,1
2022_03_IR_RF,IR,RF,Istanbul Rams,Rhein Fire,6/19/2022,Duisburg,Schauinsl.-R.-Arena,15:00,18:03,Y,03:03,7895,21C,13NW,party cloudy,J. Haentjens,A. Buijs,R. Lewis,M. Burzec,C. Ehmer,G. Tesli,R. Krahl,RF,1,10,IR15,"H,1,10,V15","20,13,161","PAT:K,2,G",D. Schuhmacher kick attempt good.,"H,1,0,H35",pat,NA,NA,NA,0,1,6,36,20,H,RF,"DOWNS,3,06:15,7","TD,3,00:47,100",10,93,5:28,DOWNS,3,06:15,RF07,TD,3,00:47,IR00,1
2022_03_IR_RF,IR,RF,Istanbul Rams,Rhein Fire,6/19/2022,Duisburg,Schauinsl.-R.-Arena,15:00,18:03,Y,03:03,7895,21C,13NW,party cloudy,J. Haentjens,A. Buijs,R. Lewis,M. Burzec,C. Ehmer,G. Tesli,R. Krahl,RF,1,0,RF35,"H,1,0,H35","20,14,162","KO:2,V14 RET:1,V39 TACK:54 PEN:V,HO,A,52,V32,N D:1,10 SPOT:V,V23,Y","D. Schuhmacher kickoff 51 yards to the IR14, A. Agackesen return 25 yards to the IR39 (M. Schmidt), PENALTY IR HO (S. Saka) 7 yards to the IR32, 1st and 10, IR ball on IR23.","V,1,10,V23",kick_off,NA,NA,NA,0,0,6,36,20,H,RF,"DOWNS,3,06:15,7","TD,3,00:47,100",10,93,5:28,DOWNS,3,06:15,RF07,TD,3,00:47,IR00,1
2022_03_IR_RF,IR,RF,Istanbul Rams,Rhein Fire,6/19/2022,Duisburg,Schauinsl.-R.-Arena,15:00,18:03,Y,03:03,7895,21C,13NW,party cloudy,J. Haentjens,A. Buijs,R. Lewis,M. Burzec,C. Ehmer,G. Tesli,R. Krahl,IR,1,10,IR23,"V,1,10,V23","21,1,163",{DRIVE}:00:37,ISTANBUL RAMS drive start at 00:37.,"V,1,10,V23",NA,00:37,NA,NA,0,0,6,36,21,V,IR,"KO,3,00:37,23","FUMB,3,00:24,43",1,20,0:13,KO,3,00:37,IR23,FUMB,3,00:24,IR43,NA
2022_03_IR_RF,IR,RF,Istanbul Rams,Rhein Fire,6/19/2022,Duisburg,Schauinsl.-R.-Arena,15:00,18:03,Y,03:03,7895,21C,13NW,party cloudy,J. Haentjens,A. Buijs,R. Lewis,M. Burzec,C. Ehmer,G. Tesli,R. Krahl,IR,1,10,IR23,"V,1,10,V23","21,2,164","RUSH:9,V43, FUMB:H,V43,22 +:22,V19 TACK:9","T. Johnson-Fish rush for 20 yards to the IR43, fumble by T. Johnson-Fish recovered by RF O. Williams at IR43, O. Williams for 24 yards to the IR19 (T. Johnson-Fish).","H,1,10,V19",rush,NA,NA,F,0,0,6,36,21,V,IR,"KO,3,00:37,23","FUMB,3,00:24,43",1,20,0:13,KO,3,00:37,IR23,FUMB,3,00:24,IR43,NA
2022_03_IR_RF,IR,RF,Istanbul Rams,Rhein Fire,6/19/2022,Duisburg,Schauinsl.-R.-Arena,15:00,18:03,Y,03:03,7895,21C,13NW,party cloudy,J. Haentjens,A. Buijs,R. Lewis,M. Burzec,C. Ehmer,G. Tesli,R. Krahl,RF,1,10,IR19,"H,1,10,V19","22,1,165","{DRIVE}:00:24 SPOT:H,V19,Y","RHEIN FIRE drive start at 00:24, RF ball on IR19.","H,1,10,V19",NA,00:24,NA,NA,0,0,6,36,22,H,RF,"FUMB,3,00:24,81","TD,4,13:47,100",3,19,1:37,FUMB,3,00:24,IR19,TD,4,13:47,IR00,1
2022_03_IR_RF,IR,RF,Istanbul Rams,Rhein Fire,6/19/2022,Duisburg,Schauinsl.-R.-Arena,15:00,18:03,Y,03:03,7895,21C,13NW,party cloudy,J. Haentjens,A. Buijs,R. Lewis,M. Burzec,C. Ehmer,G. Tesli,R. Krahl,RF,1,10,IR19,"H,1,10,V19","22,2,166",Q:4 T:15:00,"Start of 4th quarter, clock 15:00.","H,1,10,V19",NA,15:00,NA,NA,0,0,6,36,22,H,RF,"FUMB,3,00:24,81","TD,4,13:47,100",3,19,1:37,FUMB,3,00:24,IR19,TD,4,13:47,IR00,1
2022_03_IR_RF,IR,RF,Istanbul Rams,Rhein Fire,6/19/2022,Duisburg,Schauinsl.-R.-Arena,15:00,18:03,Y,03:03,7895,21C,13NW,party cloudy,J. Haentjens,A. Buijs,R. Lewis,M. Burzec,C. Ehmer,G. Tesli,R. Krahl,RF,1,10,IR19,"H,1,10,V19","22,3,167","PASS:12,C,43,V15 OB: TACK:55","R. Dagdelen pass complete to P. Poetsch for 4 yards to the IR15, out-of-bounds (O. Akbudak).","H,2,6,V15",pass,NA,NA,NA,1,0,6,36,22,H,RF,"FUMB,3,00:24,81","TD,4,13:47,100",3,19,1:37,FUMB,3,00:24,IR19,TD,4,13:47,IR00,1
2022_03_IR_RF,IR,RF,Istanbul Rams,Rhein Fire,6/19/2022,Duisburg,Schauinsl.-R.-Arena,15:00,18:03,Y,03:03,7895,21C,13NW,party cloudy,J. Haentjens,A. Buijs,R. Lewis,M. Burzec,C. Ehmer,G. Tesli,R. Krahl,RF,2,6,IR15,"H,2,6,V15","22,4,168","PASS:12,C,82,V03 TACK:21,42","R. Dagdelen pass complete to D. Rofalski for 12 yards to the IR3, 1ST DOWN RF (Y. Ertuer;Z. Blair).","H,1,0,V03",pass,NA,pass,NA,0,0,6,36,22,H,RF,"FUMB,3,00:24,81","TD,4,13:47,100",3,19,1:37,FUMB,3,00:24,IR19,TD,4,13:47,IR00,1
2022_03_IR_RF,IR,RF,Istanbul Rams,Rhein Fire,6/19/2022,Duisburg,Schauinsl.-R.-Arena,15:00,18:03,Y,03:03,7895,21C,13NW,party cloudy,J. Haentjens,A. Buijs,R. Lewis,M. Burzec,C. Ehmer,G. Tesli,R. Krahl,RF,1,0,IR03,"H,1,0,V03","22,5,169","RUSH:21,V00, T:13:47","J. Aguemon rush for 3 yards to the IR0, 1ST DOWN RF, TOUCHDOWN, clock 13:47.","H,1,10,V15",rush,13:47,rush,NA,0,1,6,42,22,H,RF,"FUMB,3,00:24,81","TD,4,13:47,100",3,19,1:37,FUMB,3,00:24,IR19,TD,4,13:47,IR00,1
2022_03_IR_RF,IR,RF,Istanbul Rams,Rhein Fire,6/19/2022,Duisburg,Schauinsl.-R.-Arena,15:00,18:03,Y,03:03,7895,21C,13NW,party cloudy,J. Haentjens,A. Buijs,R. Lewis,M. Burzec,C. Ehmer,G. Tesli,R. Krahl,RF,1,10,IR15,"H,1,10,V15","22,6,170","PAT:K,2,M",D. Schuhmacher kick attempt failed.,"H,1,0,H35",pat,NA,NA,NA,0,0,6,42,22,H,RF,"FUMB,3,00:24,81","TD,4,13:47,100",3,19,1:37,FUMB,3,00:24,IR19,TD,4,13:47,IR00,1
2022_03_IR_RF,IR,RF,Istanbul Rams,Rhein Fire,6/19/2022,Duisburg,Schauinsl.-R.-Arena,15:00,18:03,Y,03:03,7895,21C,13NW,party cloudy,J. Haentjens,A. Buijs,R. Lewis,M. Burzec,C. Ehmer,G. Tesli,R. Krahl,RF,1,0,RF35,"H,1,0,H35","22,7,171","KO:2,V30 TB: PEN:H,KK,A,2,V40,N D:1,10 SPOT:V,V40,Y","D. Schuhmacher kickoff 35 yards to the IR30, touchback, PENALTY RF Illegal Kick (D. Schuhmacher) 15 yards to the IR40, 1st and 10, IR ball on IR40.","V,1,10,V40",kick_off,NA,NA,NA,0,0,6,42,22,H,RF,"FUMB,3,00:24,81","TD,4,13:47,100",3,19,1:37,FUMB,3,00:24,IR19,TD,4,13:47,IR00,1
2022_03_IR_RF,IR,RF,Istanbul Rams,Rhein Fire,6/19/2022,Duisburg,Schauinsl.-R.-Arena,15:00,18:03,Y,03:03,7895,21C,13NW,party cloudy,J. Haentjens,A. Buijs,R. Lewis,M. Burzec,C. Ehmer,G. Tesli,R. Krahl,IR,1,10,IR40,"V,1,10,V40","23,1,172",{DRIVE}:13:47,ISTANBUL RAMS drive start at 13:47.,"V,1,10,V40",NA,13:47,NA,NA,0,0,6,42,23,V,IR,"KO,4,13:47,40","TD,4,09:21,100",9,60,4:26,KO,4,13:47,IR40,TD,4,09:21,RF00,1
2022_03_IR_RF,IR,RF,Istanbul Rams,Rhein Fire,6/19/2022,Duisburg,Schauinsl.-R.-Arena,15:00,18:03,Y,03:03,7895,21C,13NW,party cloudy,J. Haentjens,A. Buijs,R. Lewis,M. Burzec,C. Ehmer,G. Tesli,R. Krahl,IR,1,10,IR40,"V,1,10,V40","23,2,173",TOUT:V T:13:47,"Timeout Istanbul Rams, clock 13:47.","V,1,10,V40",NA,13:47,NA,NA,0,0,6,42,23,V,IR,"KO,4,13:47,40","TD,4,09:21,100",9,60,4:26,KO,4,13:47,IR40,TD,4,09:21,RF00,1
2022_03_IR_RF,IR,RF,Istanbul Rams,Rhein Fire,6/19/2022,Duisburg,Schauinsl.-R.-Arena,15:00,18:03,Y,03:03,7895,21C,13NW,party cloudy,J. Haentjens,A. Buijs,R. Lewis,M. Burzec,C. Ehmer,G. Tesli,R. Krahl,IR,1,10,IR40,"V,1,10,V40","23,3,174","PASS:10,C,26,V45 TACK:41",J. Stegman pass complete to E. Baran for 5 yards to the IR45 (A. Sobotta).,"V,2,5,V45",pass,NA,NA,NA,0,0,6,42,23,V,IR,"KO,4,13:47,40","TD,4,09:21,100",9,60,4:26,KO,4,13:47,IR40,TD,4,09:21,RF00,1
2022_03_IR_RF,IR,RF,Istanbul Rams,Rhein Fire,6/19/2022,Duisburg,Schauinsl.-R.-Arena,15:00,18:03,Y,03:03,7895,21C,13NW,party cloudy,J. Haentjens,A. Buijs,R. Lewis,M. Burzec,C. Ehmer,G. Tesli,R. Krahl,IR,2,5,IR45,"V,2,5,V45","23,4,175","PASS:10,C,1,H35 TACK:22","J. Stegman pass complete to A. Agackesen for 20 yards to the RF35, 1ST DOWN IR (O. Williams).","V,1,10,H35",pass,NA,pass,NA,0,0,6,42,23,V,IR,"KO,4,13:47,40","TD,4,09:21,100",9,60,4:26,KO,4,13:47,IR40,TD,4,09:21,RF00,1
2022_03_IR_RF,IR,RF,Istanbul Rams,Rhein Fire,6/19/2022,Duisburg,Schauinsl.-R.-Arena,15:00,18:03,Y,03:03,7895,21C,13NW,party cloudy,J. Haentjens,A. Buijs,R. Lewis,M. Burzec,C. Ehmer,G. Tesli,R. Krahl,IR,1,10,RF35,"V,1,10,H35","23,5,176","PASS:10,I,26,*",J. Stegman pass incomplete to E. Baran.,"V,2,10,H35",pass,NA,NA,NA,0,0,6,42,23,V,IR,"KO,4,13:47,40","TD,4,09:21,100",9,60,4:26,KO,4,13:47,IR40,TD,4,09:21,RF00,1
2022_03_IR_RF,IR,RF,Istanbul Rams,Rhein Fire,6/19/2022,Duisburg,Schauinsl.-R.-Arena,15:00,18:03,Y,03:03,7895,21C,13NW,party cloudy,J. Haentjens,A. Buijs,R. Lewis,M. Burzec,C. Ehmer,G. Tesli,R. Krahl,IR,2,10,RF35,"V,2,10,H35","23,6,177","PASS:10,C,13,H27 OB:","J. Stegman pass complete to K. Oezer for 8 yards to the RF27, out-of-bounds.","V,3,2,H27",pass,NA,NA,NA,1,0,6,42,23,V,IR,"KO,4,13:47,40","TD,4,09:21,100",9,60,4:26,KO,4,13:47,IR40,TD,4,09:21,RF00,1
2022_03_IR_RF,IR,RF,Istanbul Rams,Rhein Fire,6/19/2022,Duisburg,Schauinsl.-R.-Arena,15:00,18:03,Y,03:03,7895,21C,13NW,party cloudy,J. Haentjens,A. Buijs,R. Lewis,M. Burzec,C. Ehmer,G. Tesli,R. Krahl,IR,3,2,RF27,"V,3,2,H27","23,7,178","PEN:V,FS,A,6,H33,N",PENALTY IR False Start (J. Conwell) 6 yards to the RF33.,"V,3,8,H33",penalty,NA,NA,NA,0,0,6,42,23,V,IR,"KO,4,13:47,40","TD,4,09:21,100",9,60,4:26,KO,4,13:47,IR40,TD,4,09:21,RF00,1
2022_03_IR_RF,IR,RF,Istanbul Rams,Rhein Fire,6/19/2022,Duisburg,Schauinsl.-R.-Arena,15:00,18:03,Y,03:03,7895,21C,13NW,party cloudy,J. Haentjens,A. Buijs,R. Lewis,M. Burzec,C. Ehmer,G. Tesli,R. Krahl,IR,3,8,RF33,"V,3,8,H33","23,8,179","PASS:10,C,4,H17 TACK:25","J. Stegman pass complete to T. Toeruen for 16 yards to the RF17, 1ST DOWN IR (L. Meyer).","V,1,10,H17",pass,NA,pass,NA,0,0,6,42,23,V,IR,"KO,4,13:47,40","TD,4,09:21,100",9,60,4:26,KO,4,13:47,IR40,TD,4,09:21,RF00,1
2022_03_IR_RF,IR,RF,Istanbul Rams,Rhein Fire,6/19/2022,Duisburg,Schauinsl.-R.-Arena,15:00,18:03,Y,03:03,7895,21C,13NW,party cloudy,J. Haentjens,A. Buijs,R. Lewis,M. Burzec,C. Ehmer,G. Tesli,R. Krahl,IR,1,10,RF17,"V,1,10,H17","23,9,180","RUSH:10,H13, TACK:58",J. Stegman rush for 4 yards to the RF13 (J. Sleiman).,"V,2,6,H13",rush,NA,NA,NA,0,0,6,42,23,V,IR,"KO,4,13:47,40","TD,4,09:21,100",9,60,4:26,KO,4,13:47,IR40,TD,4,09:21,RF00,1
2022_03_IR_RF,IR,RF,Istanbul Rams,Rhein Fire,6/19/2022,Duisburg,Schauinsl.-R.-Arena,15:00,18:03,Y,03:03,7895,21C,13NW,party cloudy,J. Haentjens,A. Buijs,R. Lewis,M. Burzec,C. Ehmer,G. Tesli,R. Krahl,IR,2,6,RF13,"V,2,6,H13","23,10,181","PASS:10,C,4,H04 TACK:41","J. Stegman pass complete to T. Toeruen for 9 yards to the RF4, 1ST DOWN IR (A. Sobotta).","V,1,0,H04",pass,NA,pass,NA,0,0,6,42,23,V,IR,"KO,4,13:47,40","TD,4,09:21,100",9,60,4:26,KO,4,13:47,IR40,TD,4,09:21,RF00,1
2022_03_IR_RF,IR,RF,Istanbul Rams,Rhein Fire,6/19/2022,Duisburg,Schauinsl.-R.-Arena,15:00,18:03,Y,03:03,7895,21C,13NW,party cloudy,J. Haentjens,A. Buijs,R. Lewis,M. Burzec,C. Ehmer,G. Tesli,R. Krahl,IR,1,0,RF04,"V,1,0,H04","23,11,182","RUSH:10,H00, T:09:59 PEN:V,HO,A,65,V14,N NOPLAY:","J. Stegman rush for 4 yards to the RF0, clock 09:59, PENALTY IR HO (B. Aslan) 82 yards to the IR14, NO PLAY.","V,1,0,V14",penalty,09:59,NA,NA,0,0,6,42,23,V,IR,"KO,4,13:47,40","TD,4,09:21,100",9,60,4:26,KO,4,13:47,IR40,TD,4,09:21,RF00,1
2022_03_IR_RF,IR,RF,Istanbul Rams,Rhein Fire,6/19/2022,Duisburg,Schauinsl.-R.-Arena,15:00,18:03,Y,03:03,7895,21C,13NW,party cloudy,J. Haentjens,A. Buijs,R. Lewis,M. Burzec,C. Ehmer,G. Tesli,R. Krahl,IR,1,0,IR14,"V,1,0,V14","23,12,183","D:1,14",1st and 14.,"V,1,14,V14",NA,NA,NA,NA,0,0,6,42,23,V,IR,"KO,4,13:47,40","TD,4,09:21,100",9,60,4:26,KO,4,13:47,IR40,TD,4,09:21,RF00,1
2022_03_IR_RF,IR,RF,Istanbul Rams,Rhein Fire,6/19/2022,Duisburg,Schauinsl.-R.-Arena,15:00,18:03,Y,03:03,7895,21C,13NW,party cloudy,J. Haentjens,A. Buijs,R. Lewis,M. Burzec,C. Ehmer,G. Tesli,R. Krahl,IR,1,14,IR14,"V,1,14,V14","23,13,184","PASS:10,I,26,*",J. Stegman pass incomplete to E. Baran.,"V,2,14,V14",pass,NA,NA,NA,0,0,6,42,23,V,IR,"KO,4,13:47,40","TD,4,09:21,100",9,60,4:26,KO,4,13:47,IR40,TD,4,09:21,RF00,1
2022_03_IR_RF,IR,RF,Istanbul Rams,Rhein Fire,6/19/2022,Duisburg,Schauinsl.-R.-Arena,15:00,18:03,Y,03:03,7895,21C,13NW,party cloudy,J. Haentjens,A. Buijs,R. Lewis,M. Burzec,C. Ehmer,G. Tesli,R. Krahl,IR,2,14,IR14,"V,2,14,V14","23,14,185","PASS:10,C,26,H00 T:09:21","J. Stegman pass complete to E. Baran for 86 yards to the RF0, 1ST DOWN IR, TOUCHDOWN, clock 09:21.","V,1,10,H15",pass,09:21,pass,NA,0,1,12,42,23,V,IR,"KO,4,13:47,40","TD,4,09:21,100",9,60,4:26,KO,4,13:47,IR40,TD,4,09:21,RF00,1
2022_03_IR_RF,IR,RF,Istanbul Rams,Rhein Fire,6/19/2022,Duisburg,Schauinsl.-R.-Arena,15:00,18:03,Y,03:03,7895,21C,13NW,party cloudy,J. Haentjens,A. Buijs,R. Lewis,M. Burzec,C. Ehmer,G. Tesli,R. Krahl,IR,1,10,RF15,"V,1,10,H15","23,15,186","PAT:P,10,M",J. Stegman pass attempt failed.,"V,1,0,V35",pat,NA,NA,NA,0,0,12,42,23,V,IR,"KO,4,13:47,40","TD,4,09:21,100",9,60,4:26,KO,4,13:47,IR40,TD,4,09:21,RF00,1
2022_03_IR_RF,IR,RF,Istanbul Rams,Rhein Fire,6/19/2022,Duisburg,Schauinsl.-R.-Arena,15:00,18:03,Y,03:03,7895,21C,13NW,party cloudy,J. Haentjens,A. Buijs,R. Lewis,M. Burzec,C. Ehmer,G. Tesli,R. Krahl,IR,1,0,IR35,"V,1,0,V35","23,16,187","KO:80,H16 RET:22,H36 TACK:54","M. Sarikatipogl kickoff 49 yards to the RF16, O. Williams return 20 yards to the RF36 (A. Atilgan).","H,1,10,H36",kick_off,NA,NA,NA,0,0,12,42,23,V,IR,"KO,4,13:47,40","TD,4,09:21,100",9,60,4:26,KO,4,13:47,IR40,TD,4,09:21,RF00,1
2022_03_IR_RF,IR,RF,Istanbul Rams,Rhein Fire,6/19/2022,Duisburg,Schauinsl.-R.-Arena,15:00,18:03,Y,03:03,7895,21C,13NW,party cloudy,J. Haentjens,A. Buijs,R. Lewis,M. Burzec,C. Ehmer,G. Tesli,R. Krahl,RF,1,10,RF36,"H,1,10,H36","24,1,188",{DRIVE}:09:13,RHEIN FIRE drive start at 09:13.,"H,1,10,H36",NA,09:13,NA,NA,0,0,12,42,24,H,RF,"KO,4,09:13,36","PUNT,4,07:59,45",3,9,1:14,KO,4,09:13,RF36,PUNT,4,07:59,RF45,NA
2022_03_IR_RF,IR,RF,Istanbul Rams,Rhein Fire,6/19/2022,Duisburg,Schauinsl.-R.-Arena,15:00,18:03,Y,03:03,7895,21C,13NW,party cloudy,J. Haentjens,A. Buijs,R. Lewis,M. Burzec,C. Ehmer,G. Tesli,R. Krahl,RF,1,10,RF36,"H,1,10,H36","24,2,189","PASS:12,D,43,*","R. Dagdelen pass incomplete to P. Poetsch, dropped pass.","H,2,10,H36",pass,NA,NA,NA,0,0,12,42,24,H,RF,"KO,4,09:13,36","PUNT,4,07:59,45",3,9,1:14,KO,4,09:13,RF36,PUNT,4,07:59,RF45,NA
2022_03_IR_RF,IR,RF,Istanbul Rams,Rhein Fire,6/19/2022,Duisburg,Schauinsl.-R.-Arena,15:00,18:03,Y,03:03,7895,21C,13NW,party cloudy,J. Haentjens,A. Buijs,R. Lewis,M. Burzec,C. Ehmer,G. Tesli,R. Krahl,RF,2,10,RF36,"H,2,10,H36","24,3,190","PASS:12,C,82,H41 OB: TACK:17","R. Dagdelen pass complete to D. Rofalski for 5 yards to the RF41, out-of-bounds (O. Ceyhan).","H,3,5,H41",pass,NA,NA,NA,1,0,12,42,24,H,RF,"KO,4,09:13,36","PUNT,4,07:59,45",3,9,1:14,KO,4,09:13,RF36,PUNT,4,07:59,RF45,NA
2022_03_IR_RF,IR,RF,Istanbul Rams,Rhein Fire,6/19/2022,Duisburg,Schauinsl.-R.-Arena,15:00,18:03,Y,03:03,7895,21C,13NW,party cloudy,J. Haentjens,A. Buijs,R. Lewis,M. Burzec,C. Ehmer,G. Tesli,R. Krahl,RF,3,5,RF41,"H,3,5,H41","24,4,191","RUSH:28,H45, TACK:99",T. Alexander rush for 4 yards to the RF45 (B. Zaimoglu).,"H,4,1,H45",rush,NA,NA,NA,0,0,12,42,24,H,RF,"KO,4,09:13,36","PUNT,4,07:59,45",3,9,1:14,KO,4,09:13,RF36,PUNT,4,07:59,RF45,NA
2022_03_IR_RF,IR,RF,Istanbul Rams,Rhein Fire,6/19/2022,Duisburg,Schauinsl.-R.-Arena,15:00,18:03,Y,03:03,7895,21C,13NW,party cloudy,J. Haentjens,A. Buijs,R. Lewis,M. Burzec,C. Ehmer,G. Tesli,R. Krahl,RF,4,1,RF45,"H,4,1,H45","24,5,192",TOUT:V T:08:05,"Timeout Istanbul Rams, clock 08:05.","H,4,1,H45",NA,08:05,NA,NA,0,0,12,42,24,H,RF,"KO,4,09:13,36","PUNT,4,07:59,45",3,9,1:14,KO,4,09:13,RF36,PUNT,4,07:59,RF45,NA
2022_03_IR_RF,IR,RF,Istanbul Rams,Rhein Fire,6/19/2022,Duisburg,Schauinsl.-R.-Arena,15:00,18:03,Y,03:03,7895,21C,13NW,party cloudy,J. Haentjens,A. Buijs,R. Lewis,M. Burzec,C. Ehmer,G. Tesli,R. Krahl,RF,4,1,RF45,"H,4,1,H45","24,6,193","PUNT:14,V33 OB:","M. Eisenhut punt 22 yards to the IR33, out-of-bounds.","V,1,10,V33",punt,NA,NA,NA,1,0,12,42,24,H,RF,"KO,4,09:13,36","PUNT,4,07:59,45",3,9,1:14,KO,4,09:13,RF36,PUNT,4,07:59,RF45,NA
2022_03_IR_RF,IR,RF,Istanbul Rams,Rhein Fire,6/19/2022,Duisburg,Schauinsl.-R.-Arena,15:00,18:03,Y,03:03,7895,21C,13NW,party cloudy,J. Haentjens,A. Buijs,R. Lewis,M. Burzec,C. Ehmer,G. Tesli,R. Krahl,IR,1,10,IR33,"V,1,10,V33","25,1,194",{DRIVE}:07:59,ISTANBUL RAMS drive start at 07:59.,"V,1,10,V33",NA,07:59,NA,NA,0,0,12,42,25,V,IR,"PUNT,4,07:59,33","PUNT,4,05:35,37",3,4,2:24,PUNT,4,07:59,IR33,PUNT,4,05:35,IR37,NA
2022_03_IR_RF,IR,RF,Istanbul Rams,Rhein Fire,6/19/2022,Duisburg,Schauinsl.-R.-Arena,15:00,18:03,Y,03:03,7895,21C,13NW,party cloudy,J. Haentjens,A. Buijs,R. Lewis,M. Burzec,C. Ehmer,G. Tesli,R. Krahl,IR,1,10,IR33,"V,1,10,V33","25,2,195","RUSH:6,V38, TACK:93",J. Conwell rush for 5 yards to the IR38 (S. Fey).,"V,2,5,V38",rush,NA,NA,NA,0,0,12,42,25,V,IR,"PUNT,4,07:59,33","PUNT,4,05:35,37",3,4,2:24,PUNT,4,07:59,IR33,PUNT,4,05:35,IR37,NA
2022_03_IR_RF,IR,RF,Istanbul Rams,Rhein Fire,6/19/2022,Duisburg,Schauinsl.-R.-Arena,15:00,18:03,Y,03:03,7895,21C,13NW,party cloudy,J. Haentjens,A. Buijs,R. Lewis,M. Burzec,C. Ehmer,G. Tesli,R. Krahl,IR,2,5,IR38,"V,2,5,V38","25,3,196","RUSH:10,V46, OB: PEN:V,HO,A,75,V28,N NOPLAY:","J. Stegman rush for 8 yards to the IR46, out-of-bounds, PENALTY IR HO (S. Arenas) 10 yards to the IR28, NO PLAY.","V,2,15,V28",penalty,NA,NA,NA,1,0,12,42,25,V,IR,"PUNT,4,07:59,33","PUNT,4,05:35,37",3,4,2:24,PUNT,4,07:59,IR33,PUNT,4,05:35,IR37,NA
2022_03_IR_RF,IR,RF,Istanbul Rams,Rhein Fire,6/19/2022,Duisburg,Schauinsl.-R.-Arena,15:00,18:03,Y,03:03,7895,21C,13NW,party cloudy,J. Haentjens,A. Buijs,R. Lewis,M. Burzec,C. Ehmer,G. Tesli,R. Krahl,IR,2,15,IR28,"V,2,15,V28","25,4,197","PASS:10,C,6,V39 OB:","J. Stegman pass complete to J. Conwell for 11 yards to the IR39, out-of-bounds.","V,3,4,V39",pass,NA,NA,NA,1,0,12,42,25,V,IR,"PUNT,4,07:59,33","PUNT,4,05:35,37",3,4,2:24,PUNT,4,07:59,IR33,PUNT,4,05:35,IR37,NA
2022_03_IR_RF,IR,RF,Istanbul Rams,Rhein Fire,6/19/2022,Duisburg,Schauinsl.-R.-Arena,15:00,18:03,Y,03:03,7895,21C,13NW,party cloudy,J. Haentjens,A. Buijs,R. Lewis,M. Burzec,C. Ehmer,G. Tesli,R. Krahl,IR,3,4,IR39,"V,3,4,V39","25,5,198","RUSH:6,V37, TACK:96",J. Conwell rush for loss of 2 yards to the IR37 (T. Owusu-Bediak).,"V,4,6,V37",rush,NA,NA,NA,0,0,12,42,25,V,IR,"PUNT,4,07:59,33","PUNT,4,05:35,37",3,4,2:24,PUNT,4,07:59,IR33,PUNT,4,05:35,IR37,NA
2022_03_IR_RF,IR,RF,Istanbul Rams,Rhein Fire,6/19/2022,Duisburg,Schauinsl.-R.-Arena,15:00,18:03,Y,03:03,7895,21C,13NW,party cloudy,J. Haentjens,A. Buijs,R. Lewis,M. Burzec,C. Ehmer,G. Tesli,R. Krahl,IR,4,6,IR37,"V,4,6,V37","25,6,199","PUNT:19,H21 RET:22,H48 TACK:56 PEN:V,ID,A,TM,V46,N D:1,10 SPOT:H,V47,Y","Y. Gueven punt 42 yards to the RF21, O. Williams return 27 yards to the RF48 (O. Duzcu), PENALTY IR ID 6 yards to the IR46, 1st and 10, RF ball on IR47.","H,1,10,V47",punt,NA,NA,NA,0,0,12,42,25,V,IR,"PUNT,4,07:59,33","PUNT,4,05:35,37",3,4,2:24,PUNT,4,07:59,IR33,PUNT,4,05:35,IR37,NA
2022_03_IR_RF,IR,RF,Istanbul Rams,Rhein Fire,6/19/2022,Duisburg,Schauinsl.-R.-Arena,15:00,18:03,Y,03:03,7895,21C,13NW,party cloudy,J. Haentjens,A. Buijs,R. Lewis,M. Burzec,C. Ehmer,G. Tesli,R. Krahl,RF,1,10,IR47,"H,1,10,V47","26,1,200","{DRIVE}:05:35 RUSH:28,V45, TACK:24","RHEIN FIRE drive start at 05:35, T. Alexander rush for 2 yards to the IR45 (A. Cisse).","H,2,8,V45",rush,05:35,NA,NA,0,0,12,42,26,H,RF,"PUNT,4,05:35,53","DOWNS,4,00:21,81",8,28,5:14,PUNT,4,05:35,IR47,DOWNS,4,00:21,IR19,1
2022_03_IR_RF,IR,RF,Istanbul Rams,Rhein Fire,6/19/2022,Duisburg,Schauinsl.-R.-Arena,15:00,18:03,Y,03:03,7895,21C,13NW,party cloudy,J. Haentjens,A. Buijs,R. Lewis,M. Burzec,C. Ehmer,G. Tesli,R. Krahl,RF,2,8,IR45,"H,2,8,V45","26,2,201","RUSH:28,V44, TACK:77",T. Alexander rush for 1 yard to the IR44 (Z. Ceylan).,"H,3,7,V44",rush,NA,NA,NA,0,0,12,42,26,H,RF,"PUNT,4,05:35,53","DOWNS,4,00:21,81",8,28,5:14,PUNT,4,05:35,IR47,DOWNS,4,00:21,IR19,1
2022_03_IR_RF,IR,RF,Istanbul Rams,Rhein Fire,6/19/2022,Duisburg,Schauinsl.-R.-Arena,15:00,18:03,Y,03:03,7895,21C,13NW,party cloudy,J. Haentjens,A. Buijs,R. Lewis,M. Burzec,C. Ehmer,G. Tesli,R. Krahl,RF,3,7,IR44,"H,3,7,V44","26,3,202","PASS:12,C,19,V33 TACK:21","R. Dagdelen pass complete to A. Bah for 11 yards to the IR33, 1ST DOWN RF (Y. Ertuer).","H,1,10,V33",pass,NA,pass,NA,0,0,12,42,26,H,RF,"PUNT,4,05:35,53","DOWNS,4,00:21,81",8,28,5:14,PUNT,4,05:35,IR47,DOWNS,4,00:21,IR19,1
2022_03_IR_RF,IR,RF,Istanbul Rams,Rhein Fire,6/19/2022,Duisburg,Schauinsl.-R.-Arena,15:00,18:03,Y,03:03,7895,21C,13NW,party cloudy,J. Haentjens,A. Buijs,R. Lewis,M. Burzec,C. Ehmer,G. Tesli,R. Krahl,RF,1,10,IR33,"H,1,10,V33","26,4,203","RUSH:28,V25, TACK:24",T. Alexander rush for 8 yards to the IR25 (A. Cisse).,"H,2,2,V25",rush,NA,NA,NA,0,0,12,42,26,H,RF,"PUNT,4,05:35,53","DOWNS,4,00:21,81",8,28,5:14,PUNT,4,05:35,IR47,DOWNS,4,00:21,IR19,1
2022_03_IR_RF,IR,RF,Istanbul Rams,Rhein Fire,6/19/2022,Duisburg,Schauinsl.-R.-Arena,15:00,18:03,Y,03:03,7895,21C,13NW,party cloudy,J. Haentjens,A. Buijs,R. Lewis,M. Burzec,C. Ehmer,G. Tesli,R. Krahl,RF,2,2,IR25,"H,2,2,V25","26,5,204","PASS:12,C,6,V18 TACK:21","R. Dagdelen pass complete to T. Knuettel for 7 yards to the IR18, 1ST DOWN RF (Y. Ertuer).","H,1,10,V18",pass,NA,pass,NA,0,0,12,42,26,H,RF,"PUNT,4,05:35,53","DOWNS,4,00:21,81",8,28,5:14,PUNT,4,05:35,IR47,DOWNS,4,00:21,IR19,1
2022_03_IR_RF,IR,RF,Istanbul Rams,Rhein Fire,6/19/2022,Duisburg,Schauinsl.-R.-Arena,15:00,18:03,Y,03:03,7895,21C,13NW,party cloudy,J. Haentjens,A. Buijs,R. Lewis,M. Burzec,C. Ehmer,G. Tesli,R. Krahl,RF,1,10,IR18,"H,1,10,V18","26,6,205","RUSH:28,V14, TACK:23",T. Alexander rush for 4 yards to the IR14 (S. Oezdemir).,"H,2,6,V14",rush,NA,NA,NA,0,0,12,42,26,H,RF,"PUNT,4,05:35,53","DOWNS,4,00:21,81",8,28,5:14,PUNT,4,05:35,IR47,DOWNS,4,00:21,IR19,1
2022_03_IR_RF,IR,RF,Istanbul Rams,Rhein Fire,6/19/2022,Duisburg,Schauinsl.-R.-Arena,15:00,18:03,Y,03:03,7895,21C,13NW,party cloudy,J. Haentjens,A. Buijs,R. Lewis,M. Burzec,C. Ehmer,G. Tesli,R. Krahl,RF,2,6,IR14,"H,2,6,V14","26,7,207",T:02:00,Clock 02:00.,"H,2,6,V14",NA,02:00,NA,NA,0,0,12,42,26,H,RF,"PUNT,4,05:35,53","DOWNS,4,00:21,81",8,28,5:14,PUNT,4,05:35,IR47,DOWNS,4,00:21,IR19,1
2022_03_IR_RF,IR,RF,Istanbul Rams,Rhein Fire,6/19/2022,Duisburg,Schauinsl.-R.-Arena,15:00,18:03,Y,03:03,7895,21C,13NW,party cloudy,J. Haentjens,A. Buijs,R. Lewis,M. Burzec,C. Ehmer,G. Tesli,R. Krahl,RF,2,6,IR14,"H,2,6,V14","26,8,208","RUSH:28,V15, TACK:66",T. Alexander rush for loss of 1 yard to the IR15 (M. Kurutluca).,"H,3,7,V15",rush,NA,NA,NA,0,0,12,42,26,H,RF,"PUNT,4,05:35,53","DOWNS,4,00:21,81",8,28,5:14,PUNT,4,05:35,IR47,DOWNS,4,00:21,IR19,1
2022_03_IR_RF,IR,RF,Istanbul Rams,Rhein Fire,6/19/2022,Duisburg,Schauinsl.-R.-Arena,15:00,18:03,Y,03:03,7895,21C,13NW,party cloudy,J. Haentjens,A. Buijs,R. Lewis,M. Burzec,C. Ehmer,G. Tesli,R. Krahl,RF,3,7,IR15,"H,3,7,V15","26,9,210","D:4,7",4th and 7.,"H,4,7,V15",NA,NA,NA,NA,0,0,12,42,26,H,RF,"PUNT,4,05:35,53","DOWNS,4,00:21,81",8,28,5:14,PUNT,4,05:35,IR47,DOWNS,4,00:21,IR19,1
2022_03_IR_RF,IR,RF,Istanbul Rams,Rhein Fire,6/19/2022,Duisburg,Schauinsl.-R.-Arena,15:00,18:03,Y,03:03,7895,21C,13NW,party cloudy,J. Haentjens,A. Buijs,R. Lewis,M. Burzec,C. Ehmer,G. Tesli,R. Krahl,RF,4,7,IR15,"H,4,7,V15","26,10,211",TOUT:H T:00:30,"Timeout Rhein Fire, clock 00:30.","H,4,7,V15",NA,00:30,NA,NA,0,0,12,42,26,H,RF,"PUNT,4,05:35,53","DOWNS,4,00:21,81",8,28,5:14,PUNT,4,05:35,IR47,DOWNS,4,00:21,IR19,1
2022_03_IR_RF,IR,RF,Istanbul Rams,Rhein Fire,6/19/2022,Duisburg,Schauinsl.-R.-Arena,15:00,18:03,Y,03:03,7895,21C,13NW,party cloudy,J. Haentjens,A. Buijs,R. Lewis,M. Burzec,C. Ehmer,G. Tesli,R. Krahl,RF,4,7,IR15,"H,4,7,V15","26,11,212","RUSH:12,V19,",R. Dagdelen rush for loss of 4 yards to the IR19.,"V,1,10,V19",rush,NA,NA,NA,0,0,12,42,26,H,RF,"PUNT,4,05:35,53","DOWNS,4,00:21,81",8,28,5:14,PUNT,4,05:35,IR47,DOWNS,4,00:21,IR19,1
2022_03_IR_RF,IR,RF,Istanbul Rams,Rhein Fire,6/19/2022,Duisburg,Schauinsl.-R.-Arena,15:00,18:03,Y,03:03,7895,21C,13NW,party cloudy,J. Haentjens,A. Buijs,R. Lewis,M. Burzec,C. Ehmer,G. Tesli,R. Krahl,IR,1,10,IR19,"V,1,10,V19","27,1,213",{DRIVE}:00:21,ISTANBUL RAMS drive start at 00:21.,"V,1,10,V19",NA,00:21,NA,NA,0,0,12,42,27,V,IR,"DOWNS,4,00:21,19","HALF,4,00:00,19",0,0,0:21,DOWNS,4,00:21,IR19,HALF,4,00:00,IR19,NA
2022_03_IR_RF,IR,RF,Istanbul Rams,Rhein Fire,6/19/2022,Duisburg,Schauinsl.-R.-Arena,15:00,18:03,Y,03:03,7895,21C,13NW,party cloudy,J. Haentjens,A. Buijs,R. Lewis,M. Burzec,C. Ehmer,G. Tesli,R. Krahl,IR,1,10,IR19,"V,1,10,V19","27,2,216",HALF: T:00:00,"End of game, clock 00:00.","V,1,10,V19",NA,00:00,NA,NA,0,0,12,42,27,V,IR,"DOWNS,4,00:21,19","HALF,4,00:00,19",0,0,0:21,DOWNS,4,00:21,IR19,HALF,4,00:00,IR19,NA
