game_id,away_team_id,home_team_id,away_team,home_team,date,location,stadium,start,end,duration,attend,temp,wind,weather,ref,ump,line,lj,bj,fj,sj,posteam,down,togo,spot,context,play_id,tokens,desc,newcontext,play_type,clock,first_down_with,score,away_score_post,home_score_post,turnover,oob,drive_number,drive_vh,drive_team,drive_start,drive_end,drive_plays,drive_yards,drive_top,drive_start_how,drive_start_qtr,drive_start_time,drive_start_spot,drive_end_how,drive_end_qtr,drive_end_time,drive_end_spot,drive_rz
2022_03_BT_RT,BT,RT,Berlin Thunder,Raiders Tirol,6/19/2022,Innsbruck,Tivoli stadion,15:00,17:50,2:50,3032,32,no,sunny,J. Wild,H. Horak,R. Hoelbling,M. Wild,J. Scott,N. Lakowitz,A. Flaisch-J.,BT,1,10,BT30,"V,1,10,V30","0,1,0","CMT:RT wins toss, elects to recive, bt to defend w goal","RT wins toss, elects to recive, bt to defend w goal","V,1,10,V30",NA,NA,NA,0,0,0,NA,0,0,NA,NA,NA,NA,NA,NA,NA,NA,NA,NA,NA,NA,NA,NA,NA,NA
2022_03_BT_RT,BT,RT,Berlin Thunder,Raiders Tirol,6/19/2022,Innsbruck,Tivoli stadion,15:00,17:50,2:50,3032,32,no,sunny,J. Wild,H. Horak,R. Hoelbling,M. Wild,J. Scott,N. Lakowitz,A. Flaisch-J.,BT,1,10,BT30,"V,1,10,V30","0,2,1",T:15:00,Clock 15:00.,"V,1,10,V30",NA,15:00,NA,0,0,0,NA,0,0,NA,NA,NA,NA,NA,NA,NA,NA,NA,NA,NA,NA,NA,NA,NA,NA
2022_03_BT_RT,BT,RT,Berlin Thunder,Raiders Tirol,6/19/2022,Innsbruck,Tivoli stadion,15:00,17:50,2:50,3032,32,no,sunny,J. Wild,H. Horak,R. Hoelbling,M. Wild,J. Scott,N. Lakowitz,A. Flaisch-J.,BT,1,10,BT30,"V,1,10,V30","0,3,2","KO:26,H10 RET:23,V39 TACK:20","J. Schenderlein kickoff 60 yards to the RT10, V. Mueller return 51 yards to the BT39 (R. Kendall).","H,1,10,V39",kick_off,NA,NA,0,0,0,NA,0,0,NA,NA,NA,NA,NA,NA,NA,NA,NA,NA,NA,NA,NA,NA,NA,NA
2022_03_BT_RT,BT,RT,Berlin Thunder,Raiders Tirol,6/19/2022,Innsbruck,Tivoli stadion,15:00,17:50,2:50,3032,32,no,sunny,J. Wild,H. Horak,R. Hoelbling,M. Wild,J. Scott,N. Lakowitz,A. Flaisch-J.,RT,1,10,BT39,"H,1,10,V39","1,1,3","PASS:12,C,22,V32 TACK:8",S. Shelton pass complete to L. Moragne for 7 yards to the BT32 (P. Seifert).,"H,2,3,V32",pass,NA,NA,0,0,0,NA,0,1,H,RT,"KO,1,15:00,61","TD,1,12:39,100",4,39,2:21,KO,1,15:00,BT39,TD,1,12:39,BT00,NA
2022_03_BT_RT,BT,RT,Berlin Thunder,Raiders Tirol,6/19/2022,Innsbruck,Tivoli stadion,15:00,17:50,2:50,3032,32,no,sunny,J. Wild,H. Horak,R. Hoelbling,M. Wild,J. Scott,N. Lakowitz,A. Flaisch-J.,RT,2,3,BT32,"H,2,3,V32","1,2,4","RUSH:22,V30, TACK:20",L. Moragne rush for 2 yards to the BT30 (R. Kendall).,"H,3,1,V30",rush,NA,NA,0,0,0,NA,0,1,H,RT,"KO,1,15:00,61","TD,1,12:39,100",4,39,2:21,KO,1,15:00,BT39,TD,1,12:39,BT00,NA
2022_03_BT_RT,BT,RT,Berlin Thunder,Raiders Tirol,6/19/2022,Innsbruck,Tivoli stadion,15:00,17:50,2:50,3032,32,no,sunny,J. Wild,H. Horak,R. Hoelbling,M. Wild,J. Scott,N. Lakowitz,A. Flaisch-J.,RT,3,1,BT30,"H,3,1,V30","1,3,5","PEN:H,ILF,A,TM,V35,N",PENALTY RT ILF 5 yards to the BT35.,"H,3,6,V35",penalty,NA,NA,0,0,0,NA,0,1,H,RT,"KO,1,15:00,61","TD,1,12:39,100",4,39,2:21,KO,1,15:00,BT39,TD,1,12:39,BT00,NA
2022_03_BT_RT,BT,RT,Berlin Thunder,Raiders Tirol,6/19/2022,Innsbruck,Tivoli stadion,15:00,17:50,2:50,3032,32,no,sunny,J. Wild,H. Horak,R. Hoelbling,M. Wild,J. Scott,N. Lakowitz,A. Flaisch-J.,RT,3,6,BT35,"H,3,6,V35","1,4,6","PEN:V,DOF,A,TM,V30,N",PENALTY BT DOF 5 yards to the BT30.,"H,3,1,V30",penalty,NA,NA,0,0,0,NA,0,1,H,RT,"KO,1,15:00,61","TD,1,12:39,100",4,39,2:21,KO,1,15:00,BT39,TD,1,12:39,BT00,NA
2022_03_BT_RT,BT,RT,Berlin Thunder,Raiders Tirol,6/19/2022,Innsbruck,Tivoli stadion,15:00,17:50,2:50,3032,32,no,sunny,J. Wild,H. Horak,R. Hoelbling,M. Wild,J. Scott,N. Lakowitz,A. Flaisch-J.,RT,3,1,BT30,"H,3,1,V30","1,5,7","RUSH:25,V29, TACK:2","T. Bonatti rush for 1 yard to the BT29, 1ST DOWN RT (S. Zeregbe).","H,1,10,V29",rush,NA,rush,0,0,0,NA,0,1,H,RT,"KO,1,15:00,61","TD,1,12:39,100",4,39,2:21,KO,1,15:00,BT39,TD,1,12:39,BT00,NA
2022_03_BT_RT,BT,RT,Berlin Thunder,Raiders Tirol,6/19/2022,Innsbruck,Tivoli stadion,15:00,17:50,2:50,3032,32,no,sunny,J. Wild,H. Horak,R. Hoelbling,M. Wild,J. Scott,N. Lakowitz,A. Flaisch-J.,RT,1,10,BT29,"H,1,10,V29","1,6,8","PASS:12,C,85,V00 TACK:2 T:12:39","S. Shelton pass complete to M. Schaberl for 29 yards to the BT0, 1ST DOWN RT, TOUCHDOWN (S. Zeregbe), clock 12:39.","H,1,10,V15",pass,12:39,pass,1,0,6,NA,0,1,H,RT,"KO,1,15:00,61","TD,1,12:39,100",4,39,2:21,KO,1,15:00,BT39,TD,1,12:39,BT00,NA
2022_03_BT_RT,BT,RT,Berlin Thunder,Raiders Tirol,6/19/2022,Innsbruck,Tivoli stadion,15:00,17:50,2:50,3032,32,no,sunny,J. Wild,H. Horak,R. Hoelbling,M. Wild,J. Scott,N. Lakowitz,A. Flaisch-J.,RT,1,10,BT15,"H,1,10,V15","1,7,9","PAT:K,33,G",T. Unger kick attempt good.,"H,1,0,H30",pat,NA,NA,1,0,7,NA,0,1,H,RT,"KO,1,15:00,61","TD,1,12:39,100",4,39,2:21,KO,1,15:00,BT39,TD,1,12:39,BT00,NA
2022_03_BT_RT,BT,RT,Berlin Thunder,Raiders Tirol,6/19/2022,Innsbruck,Tivoli stadion,15:00,17:50,2:50,3032,32,no,sunny,J. Wild,H. Horak,R. Hoelbling,M. Wild,J. Scott,N. Lakowitz,A. Flaisch-J.,RT,1,0,RT30,"H,1,0,H30","1,8,10","KO:33,V10 RET:21,V20 TACK:88","T. Unger kickoff 60 yards to the BT10, A. Kilani return 10 yards to the BT20 (88).","V,1,10,V20",kick_off,NA,NA,0,0,7,NA,0,1,H,RT,"KO,1,15:00,61","TD,1,12:39,100",4,39,2:21,KO,1,15:00,BT39,TD,1,12:39,BT00,NA
2022_03_BT_RT,BT,RT,Berlin Thunder,Raiders Tirol,6/19/2022,Innsbruck,Tivoli stadion,15:00,17:50,2:50,3032,32,no,sunny,J. Wild,H. Horak,R. Hoelbling,M. Wild,J. Scott,N. Lakowitz,A. Flaisch-J.,BT,1,10,BT20,"V,1,10,V20","2,1,11","{DRIVE}:12:39 PASS:9,I,88,* BRUP:1","BERLIN THUNDER drive start at 12:39, J. Germinerio pass incomplete to G. Behling-Lang (R. Seeber).","V,2,10,V20",pass,12:39,NA,0,0,7,NA,0,2,V,BT,"KO,1,12:39,20","PUNT,1,11:20,24",3,4,1:19,KO,1,12:39,BT20,PUNT,1,11:20,BT24,NA
2022_03_BT_RT,BT,RT,Berlin Thunder,Raiders Tirol,6/19/2022,Innsbruck,Tivoli stadion,15:00,17:50,2:50,3032,32,no,sunny,J. Wild,H. Horak,R. Hoelbling,M. Wild,J. Scott,N. Lakowitz,A. Flaisch-J.,BT,2,10,BT20,"V,2,10,V20","2,2,12","PEN:V,DOG,A,TM,V20,N",PENALTY BT DOG 0 yards to the BT20.,"V,2,10,V20",penalty,NA,NA,0,0,7,NA,0,2,V,BT,"KO,1,12:39,20","PUNT,1,11:20,24",3,4,1:19,KO,1,12:39,BT20,PUNT,1,11:20,BT24,NA
2022_03_BT_RT,BT,RT,Berlin Thunder,Raiders Tirol,6/19/2022,Innsbruck,Tivoli stadion,15:00,17:50,2:50,3032,32,no,sunny,J. Wild,H. Horak,R. Hoelbling,M. Wild,J. Scott,N. Lakowitz,A. Flaisch-J.,BT,2,10,BT20,"V,2,10,V20","2,3,13","PASS:9,S,TM,V19 SACK:95",J. Germinerio sacked for loss of 1 yard to the BT19 (S. Schaar).,"V,3,11,V19",pass,NA,NA,0,0,7,NA,0,2,V,BT,"KO,1,12:39,20","PUNT,1,11:20,24",3,4,1:19,KO,1,12:39,BT20,PUNT,1,11:20,BT24,NA
2022_03_BT_RT,BT,RT,Berlin Thunder,Raiders Tirol,6/19/2022,Innsbruck,Tivoli stadion,15:00,17:50,2:50,3032,32,no,sunny,J. Wild,H. Horak,R. Hoelbling,M. Wild,J. Scott,N. Lakowitz,A. Flaisch-J.,BT,3,11,BT19,"V,3,11,V19","2,4,14","PASS:9,I,85,* BRUP:5",J. Germinerio pass incomplete to N. Schumann (D. Shelton).,"V,4,11,V19",pass,NA,NA,0,0,7,NA,0,2,V,BT,"KO,1,12:39,20","PUNT,1,11:20,24",3,4,1:19,KO,1,12:39,BT20,PUNT,1,11:20,BT24,NA
2022_03_BT_RT,BT,RT,Berlin Thunder,Raiders Tirol,6/19/2022,Innsbruck,Tivoli stadion,15:00,17:50,2:50,3032,32,no,sunny,J. Wild,H. Horak,R. Hoelbling,M. Wild,J. Scott,N. Lakowitz,A. Flaisch-J.,BT,4,11,BT19,"V,4,11,V19","2,5,15","PEN:V,ILF,A,TM,V24,N",PENALTY BT ILF 5 yards to the BT24.,"V,4,16,V24",penalty,NA,NA,0,0,7,NA,0,2,V,BT,"KO,1,12:39,20","PUNT,1,11:20,24",3,4,1:19,KO,1,12:39,BT20,PUNT,1,11:20,BT24,NA
2022_03_BT_RT,BT,RT,Berlin Thunder,Raiders Tirol,6/19/2022,Innsbruck,Tivoli stadion,15:00,17:50,2:50,3032,32,no,sunny,J. Wild,H. Horak,R. Hoelbling,M. Wild,J. Scott,N. Lakowitz,A. Flaisch-J.,BT,4,16,BT24,"V,4,16,V24","2,6,16","PUNT:14,H30 RET:23,V30 FORCE:23 FUMB:V,V30,23 OB: TACK:23","K. Hummel punt 46 yards to the RT30, V. Mueller return 40 yards to the BT30, fumble forced by P. Fischer, fumble by V. Mueller recovered by BT P. Fischer at BT30, out-of-bounds (V. Mueller).","V,1,10,V30",punt,NA,NA,0,0,7,F,1,2,V,BT,"KO,1,12:39,20","PUNT,1,11:20,24",3,4,1:19,KO,1,12:39,BT20,PUNT,1,11:20,BT24,NA
2022_03_BT_RT,BT,RT,Berlin Thunder,Raiders Tirol,6/19/2022,Innsbruck,Tivoli stadion,15:00,17:50,2:50,3032,32,no,sunny,J. Wild,H. Horak,R. Hoelbling,M. Wild,J. Scott,N. Lakowitz,A. Flaisch-J.,BT,1,10,BT30,"V,1,10,V30","4,1,17","{DRIVE}:11:20 RUSH:1,H21, TACK:3","BERLIN THUNDER drive start at 11:20, J. Crawford rush for 49 yards to the RT21, 1ST DOWN BT (J. Mayerhofer).","V,1,10,H21",rush,11:20,rush,0,0,7,NA,0,4,V,BT,"FUMB,1,11:20,30","TD,1,08:20,100",5,70,3:00,FUMB,1,11:20,BT30,TD,1,08:20,RT00,1
2022_03_BT_RT,BT,RT,Berlin Thunder,Raiders Tirol,6/19/2022,Innsbruck,Tivoli stadion,15:00,17:50,2:50,3032,32,no,sunny,J. Wild,H. Horak,R. Hoelbling,M. Wild,J. Scott,N. Lakowitz,A. Flaisch-J.,BT,1,10,RT21,"V,1,10,H21","4,2,18","RUSH:9,H03, TACK:23","J. Germinerio rush for 18 yards to the RT3, 1ST DOWN BT (V. Mueller).","V,1,0,H03",rush,NA,rush,0,0,7,NA,0,4,V,BT,"FUMB,1,11:20,30","TD,1,08:20,100",5,70,3:00,FUMB,1,11:20,BT30,TD,1,08:20,RT00,1
2022_03_BT_RT,BT,RT,Berlin Thunder,Raiders Tirol,6/19/2022,Innsbruck,Tivoli stadion,15:00,17:50,2:50,3032,32,no,sunny,J. Wild,H. Horak,R. Hoelbling,M. Wild,J. Scott,N. Lakowitz,A. Flaisch-J.,BT,1,0,RT03,"V,1,0,H03","4,3,19","RUSH:9,H04, TACK:92",J. Germinerio rush for loss of 1 yard to the RT4 (L. Orlovicius).,"V,2,0,H04",rush,NA,NA,0,0,7,NA,0,4,V,BT,"FUMB,1,11:20,30","TD,1,08:20,100",5,70,3:00,FUMB,1,11:20,BT30,TD,1,08:20,RT00,1
2022_03_BT_RT,BT,RT,Berlin Thunder,Raiders Tirol,6/19/2022,Innsbruck,Tivoli stadion,15:00,17:50,2:50,3032,32,no,sunny,J. Wild,H. Horak,R. Hoelbling,M. Wild,J. Scott,N. Lakowitz,A. Flaisch-J.,BT,2,0,RT04,"V,2,0,H04","4,4,20","PEN:V,FMM,A,TM,H20,N",PENALTY BT FMM 16 yards to the RT20.,"V,2,0,H20",penalty,NA,NA,0,0,7,NA,0,4,V,BT,"FUMB,1,11:20,30","TD,1,08:20,100",5,70,3:00,FUMB,1,11:20,BT30,TD,1,08:20,RT00,1
2022_03_BT_RT,BT,RT,Berlin Thunder,Raiders Tirol,6/19/2022,Innsbruck,Tivoli stadion,15:00,17:50,2:50,3032,32,no,sunny,J. Wild,H. Horak,R. Hoelbling,M. Wild,J. Scott,N. Lakowitz,A. Flaisch-J.,BT,2,0,RT20,"V,2,0,H20","4,5,21","PASS:9,C,11,H03 TACK:5",J. Germinerio pass complete to B. Zerbe for 17 yards to the RT3 (D. Shelton).,"V,3,0,H03",pass,NA,NA,0,0,7,NA,0,4,V,BT,"FUMB,1,11:20,30","TD,1,08:20,100",5,70,3:00,FUMB,1,11:20,BT30,TD,1,08:20,RT00,1
2022_03_BT_RT,BT,RT,Berlin Thunder,Raiders Tirol,6/19/2022,Innsbruck,Tivoli stadion,15:00,17:50,2:50,3032,32,no,sunny,J. Wild,H. Horak,R. Hoelbling,M. Wild,J. Scott,N. Lakowitz,A. Flaisch-J.,BT,3,0,RT03,"V,3,0,H03","4,6,22","RUSH:9,H00, TACK:1 T:08:20","J. Germinerio rush for 3 yards to the RT0, 1ST DOWN BT, TOUCHDOWN (R. Seeber), clock 08:20.","V,1,10,H15",rush,08:20,rush,1,6,7,NA,0,4,V,BT,"FUMB,1,11:20,30","TD,1,08:20,100",5,70,3:00,FUMB,1,11:20,BT30,TD,1,08:20,RT00,1
2022_03_BT_RT,BT,RT,Berlin Thunder,Raiders Tirol,6/19/2022,Innsbruck,Tivoli stadion,15:00,17:50,2:50,3032,32,no,sunny,J. Wild,H. Horak,R. Hoelbling,M. Wild,J. Scott,N. Lakowitz,A. Flaisch-J.,BT,1,10,RT15,"V,1,10,H15","4,7,23","PAT:K,26,B BLOCK:5",J. Schenderlein kick attempt failed (blocked) (blocked by D. Shelton).,"V,1,0,V30",pat,NA,NA,0,6,7,NA,0,4,V,BT,"FUMB,1,11:20,30","TD,1,08:20,100",5,70,3:00,FUMB,1,11:20,BT30,TD,1,08:20,RT00,1
2022_03_BT_RT,BT,RT,Berlin Thunder,Raiders Tirol,6/19/2022,Innsbruck,Tivoli stadion,15:00,17:50,2:50,3032,32,no,sunny,J. Wild,H. Horak,R. Hoelbling,M. Wild,J. Scott,N. Lakowitz,A. Flaisch-J.,BT,1,0,BT30,"V,1,0,V30","4,8,24","KO:26,H01 RET:23,H18 TACK:18","J. Schenderlein kickoff 69 yards to the RT1, V. Mueller return 17 yards to the RT18 (I. Gehrke).","H,1,10,H18",kick_off,NA,NA,0,6,7,NA,0,4,V,BT,"FUMB,1,11:20,30","TD,1,08:20,100",5,70,3:00,FUMB,1,11:20,BT30,TD,1,08:20,RT00,1
2022_03_BT_RT,BT,RT,Berlin Thunder,Raiders Tirol,6/19/2022,Innsbruck,Tivoli stadion,15:00,17:50,2:50,3032,32,no,sunny,J. Wild,H. Horak,R. Hoelbling,M. Wild,J. Scott,N. Lakowitz,A. Flaisch-J.,RT,1,10,RT18,"H,1,10,H18","5,1,25","{DRIVE}:08:20 RUSH:22,H23, TACK:30","RAIDERS TIROL drive start at 08:20, L. Moragne rush for 5 yards to the RT23 (L. Myrén).","H,2,5,H23",rush,08:20,NA,0,6,7,NA,0,5,H,RT,"KO,1,08:20,18","FUMB,1,04:15,70",5,52,4:05,KO,1,08:20,RT18,FUMB,1,04:15,BT30,NA
2022_03_BT_RT,BT,RT,Berlin Thunder,Raiders Tirol,6/19/2022,Innsbruck,Tivoli stadion,15:00,17:50,2:50,3032,32,no,sunny,J. Wild,H. Horak,R. Hoelbling,M. Wild,J. Scott,N. Lakowitz,A. Flaisch-J.,RT,2,5,RT23,"H,2,5,H23","5,2,26","PASS:12,C,85,H31 TACK:15","S. Shelton pass complete to M. Schaberl for 8 yards to the RT31, 1ST DOWN RT (M. Thiele).","H,1,10,H31",pass,NA,pass,0,6,7,NA,0,5,H,RT,"KO,1,08:20,18","FUMB,1,04:15,70",5,52,4:05,KO,1,08:20,RT18,FUMB,1,04:15,BT30,NA
2022_03_BT_RT,BT,RT,Berlin Thunder,Raiders Tirol,6/19/2022,Innsbruck,Tivoli stadion,15:00,17:50,2:50,3032,32,no,sunny,J. Wild,H. Horak,R. Hoelbling,M. Wild,J. Scott,N. Lakowitz,A. Flaisch-J.,RT,1,10,RT31,"H,1,10,H31","5,3,27","PASS:12,C,85,V48 TACK:8","S. Shelton pass complete to M. Schaberl for 21 yards to the BT48, 1ST DOWN RT (P. Seifert).","H,1,10,V48",pass,NA,pass,0,6,7,NA,0,5,H,RT,"KO,1,08:20,18","FUMB,1,04:15,70",5,52,4:05,KO,1,08:20,RT18,FUMB,1,04:15,BT30,NA
2022_03_BT_RT,BT,RT,Berlin Thunder,Raiders Tirol,6/19/2022,Innsbruck,Tivoli stadion,15:00,17:50,2:50,3032,32,no,sunny,J. Wild,H. Horak,R. Hoelbling,M. Wild,J. Scott,N. Lakowitz,A. Flaisch-J.,RT,1,10,BT48,"H,1,10,V48","5,4,28","PEN:H,OH,A,72,H42,N",PENALTY RT Offensive Holding (T. Koskinen) 10 yards to the RT42.,"H,1,20,H42",penalty,NA,NA,0,6,7,NA,0,5,H,RT,"KO,1,08:20,18","FUMB,1,04:15,70",5,52,4:05,KO,1,08:20,RT18,FUMB,1,04:15,BT30,NA
2022_03_BT_RT,BT,RT,Berlin Thunder,Raiders Tirol,6/19/2022,Innsbruck,Tivoli stadion,15:00,17:50,2:50,3032,32,no,sunny,J. Wild,H. Horak,R. Hoelbling,M. Wild,J. Scott,N. Lakowitz,A. Flaisch-J.,RT,1,20,RT42,"H,1,20,H42","5,5,29","PASS:12,C,85,V33 TACK:20","S. Shelton pass complete to M. Schaberl for 25 yards to the BT33, 1ST DOWN RT (R. Kendall).","H,1,10,V33",pass,NA,pass,0,6,7,NA,0,5,H,RT,"KO,1,08:20,18","FUMB,1,04:15,70",5,52,4:05,KO,1,08:20,RT18,FUMB,1,04:15,BT30,NA
2022_03_BT_RT,BT,RT,Berlin Thunder,Raiders Tirol,6/19/2022,Innsbruck,Tivoli stadion,15:00,17:50,2:50,3032,32,no,sunny,J. Wild,H. Horak,R. Hoelbling,M. Wild,J. Scott,N. Lakowitz,A. Flaisch-J.,RT,1,10,BT33,"H,1,10,V33","5,6,30","PASS:12,C,22,V29 FUMB:V,V30,30 +:30,V22 TACK:,22","S. Shelton pass complete to L. Moragne for 4 yards to the BT29, fumble by L. Moragne recovered by BT L. Myrén at BT30, L. Myrén for loss of 8 yards to the BT22 (;L. Moragne).","V,1,10,V22",pass,NA,NA,0,6,7,F,0,5,H,RT,"KO,1,08:20,18","FUMB,1,04:15,70",5,52,4:05,KO,1,08:20,RT18,FUMB,1,04:15,BT30,NA
2022_03_BT_RT,BT,RT,Berlin Thunder,Raiders Tirol,6/19/2022,Innsbruck,Tivoli stadion,15:00,17:50,2:50,3032,32,no,sunny,J. Wild,H. Horak,R. Hoelbling,M. Wild,J. Scott,N. Lakowitz,A. Flaisch-J.,BT,1,10,BT22,"V,1,10,V22","6,1,31","{DRIVE}:04:15 SPOT:V,V30,Y","BERLIN THUNDER drive start at 04:15, BT ball on BT30.","V,1,10,V30",NA,04:15,NA,0,6,7,NA,0,6,V,BT,"FUMB,1,04:15,56","INT,1,03:30,51",3,-5,0:45,FUMB,1,04:15,RT44,INT,1,03:30,RT49,NA
2022_03_BT_RT,BT,RT,Berlin Thunder,Raiders Tirol,6/19/2022,Innsbruck,Tivoli stadion,15:00,17:50,2:50,3032,32,no,sunny,J. Wild,H. Horak,R. Hoelbling,M. Wild,J. Scott,N. Lakowitz,A. Flaisch-J.,BT,1,10,BT30,"V,1,10,V30","6,2,32","RUSH:1,V30, TACK:97",J. Crawford rush for no gain to the BT30 (N. Melcher).,"V,2,10,V30",rush,NA,NA,0,6,7,NA,0,6,V,BT,"FUMB,1,04:15,56","INT,1,03:30,51",3,-5,0:45,FUMB,1,04:15,RT44,INT,1,03:30,RT49,NA
2022_03_BT_RT,BT,RT,Berlin Thunder,Raiders Tirol,6/19/2022,Innsbruck,Tivoli stadion,15:00,17:50,2:50,3032,32,no,sunny,J. Wild,H. Horak,R. Hoelbling,M. Wild,J. Scott,N. Lakowitz,A. Flaisch-J.,BT,2,10,BT30,"V,2,10,V30","6,3,33","RUSH:1,V30, TACK:1",J. Crawford rush for no gain to the BT30 (R. Seeber).,"V,3,10,V30",rush,NA,NA,0,6,7,NA,0,6,V,BT,"FUMB,1,04:15,56","INT,1,03:30,51",3,-5,0:45,FUMB,1,04:15,RT44,INT,1,03:30,RT49,NA
2022_03_BT_RT,BT,RT,Berlin Thunder,Raiders Tirol,6/19/2022,Innsbruck,Tivoli stadion,15:00,17:50,2:50,3032,32,no,sunny,J. Wild,H. Horak,R. Hoelbling,M. Wild,J. Scott,N. Lakowitz,A. Flaisch-J.,BT,3,10,BT30,"V,3,10,V30","6,4,34","SPOT:V,H44,Y",BT ball on RT44.,"V,3,10,H44",NA,NA,NA,0,6,7,NA,0,6,V,BT,"FUMB,1,04:15,56","INT,1,03:30,51",3,-5,0:45,FUMB,1,04:15,RT44,INT,1,03:30,RT49,NA
2022_03_BT_RT,BT,RT,Berlin Thunder,Raiders Tirol,6/19/2022,Innsbruck,Tivoli stadion,15:00,17:50,2:50,3032,32,no,sunny,J. Wild,H. Horak,R. Hoelbling,M. Wild,J. Scott,N. Lakowitz,A. Flaisch-J.,BT,3,10,RT44,"V,3,10,H44","6,5,35","D:1,10",1st and 10.,"V,1,10,H44",NA,NA,NA,0,6,7,NA,0,6,V,BT,"FUMB,1,04:15,56","INT,1,03:30,51",3,-5,0:45,FUMB,1,04:15,RT44,INT,1,03:30,RT49,NA
2022_03_BT_RT,BT,RT,Berlin Thunder,Raiders Tirol,6/19/2022,Innsbruck,Tivoli stadion,15:00,17:50,2:50,3032,32,no,sunny,J. Wild,H. Horak,R. Hoelbling,M. Wild,J. Scott,N. Lakowitz,A. Flaisch-J.,BT,1,10,RT44,"V,1,10,H44","6,6,36","PEN:V,DTM,A,TM,H49,N",PENALTY BT Defensive Too Many Men on Field 5 yards to the RT49.,"V,1,15,H49",penalty,NA,NA,0,6,7,NA,0,6,V,BT,"FUMB,1,04:15,56","INT,1,03:30,51",3,-5,0:45,FUMB,1,04:15,RT44,INT,1,03:30,RT49,NA
2022_03_BT_RT,BT,RT,Berlin Thunder,Raiders Tirol,6/19/2022,Innsbruck,Tivoli stadion,15:00,17:50,2:50,3032,32,no,sunny,J. Wild,H. Horak,R. Hoelbling,M. Wild,J. Scott,N. Lakowitz,A. Flaisch-J.,BT,1,15,RT49,"V,1,15,H49","6,7,37","PASS:9,X,31,V41 RET:31,V41 TACK:15","J. Germinerio pass intercepted by T. Anderson at the BT41, T. Anderson return 0 yards to the BT41 (M. Thiele).","H,1,10,V41",pass,NA,NA,0,6,7,I,0,6,V,BT,"FUMB,1,04:15,56","INT,1,03:30,51",3,-5,0:45,FUMB,1,04:15,RT44,INT,1,03:30,RT49,NA
2022_03_BT_RT,BT,RT,Berlin Thunder,Raiders Tirol,6/19/2022,Innsbruck,Tivoli stadion,15:00,17:50,2:50,3032,32,no,sunny,J. Wild,H. Horak,R. Hoelbling,M. Wild,J. Scott,N. Lakowitz,A. Flaisch-J.,RT,1,10,BT41,"H,1,10,V41","7,1,38","{DRIVE}:03:30 PASS:12,C,6,V33 TACK:15","RAIDERS TIROL drive start at 03:30, S. Shelton pass complete to A. Platzgummer for 8 yards to the BT33 (M. Thiele).","H,2,2,V33",pass,03:30,NA,0,6,7,NA,0,7,H,RT,"INT,1,03:30,59","TD,1,02:00,100",3,41,1:30,INT,1,03:30,BT41,TD,1,02:00,BT00,NA
2022_03_BT_RT,BT,RT,Berlin Thunder,Raiders Tirol,6/19/2022,Innsbruck,Tivoli stadion,15:00,17:50,2:50,3032,32,no,sunny,J. Wild,H. Horak,R. Hoelbling,M. Wild,J. Scott,N. Lakowitz,A. Flaisch-J.,RT,2,2,BT33,"H,2,2,V33","7,2,39","RUSH:12,V30, TACK:45","S. Shelton rush for 3 yards to the BT30, 1ST DOWN RT (K. Kitchens).","H,1,10,V30",rush,NA,rush,0,6,7,NA,0,7,H,RT,"INT,1,03:30,59","TD,1,02:00,100",3,41,1:30,INT,1,03:30,BT41,TD,1,02:00,BT00,NA
2022_03_BT_RT,BT,RT,Berlin Thunder,Raiders Tirol,6/19/2022,Innsbruck,Tivoli stadion,15:00,17:50,2:50,3032,32,no,sunny,J. Wild,H. Horak,R. Hoelbling,M. Wild,J. Scott,N. Lakowitz,A. Flaisch-J.,RT,1,10,BT30,"H,1,10,V30","7,3,40","PASS:12,C,6,V00 TACK:20","S. Shelton pass complete to A. Platzgummer for 30 yards to the BT0, 1ST DOWN RT, TOUCHDOWN (R. Kendall).","H,1,10,V15",pass,NA,pass,1,6,13,NA,0,7,H,RT,"INT,1,03:30,59","TD,1,02:00,100",3,41,1:30,INT,1,03:30,BT41,TD,1,02:00,BT00,NA
2022_03_BT_RT,BT,RT,Berlin Thunder,Raiders Tirol,6/19/2022,Innsbruck,Tivoli stadion,15:00,17:50,2:50,3032,32,no,sunny,J. Wild,H. Horak,R. Hoelbling,M. Wild,J. Scott,N. Lakowitz,A. Flaisch-J.,RT,1,10,BT15,"H,1,10,V15","7,4,41","PAT:K,33,G",T. Unger kick attempt good.,"H,1,0,H30",pat,NA,NA,1,6,14,NA,0,7,H,RT,"INT,1,03:30,59","TD,1,02:00,100",3,41,1:30,INT,1,03:30,BT41,TD,1,02:00,BT00,NA
2022_03_BT_RT,BT,RT,Berlin Thunder,Raiders Tirol,6/19/2022,Innsbruck,Tivoli stadion,15:00,17:50,2:50,3032,32,no,sunny,J. Wild,H. Horak,R. Hoelbling,M. Wild,J. Scott,N. Lakowitz,A. Flaisch-J.,RT,1,0,RT30,"H,1,0,H30","7,5,42","KO:33,V20 TB:","T. Unger kickoff 50 yards to the BT20, touchback.","V,1,10,V30",kick_off,NA,NA,0,6,14,NA,0,7,H,RT,"INT,1,03:30,59","TD,1,02:00,100",3,41,1:30,INT,1,03:30,BT41,TD,1,02:00,BT00,NA
2022_03_BT_RT,BT,RT,Berlin Thunder,Raiders Tirol,6/19/2022,Innsbruck,Tivoli stadion,15:00,17:50,2:50,3032,32,no,sunny,J. Wild,H. Horak,R. Hoelbling,M. Wild,J. Scott,N. Lakowitz,A. Flaisch-J.,BT,1,10,BT30,"V,1,10,V30","8,1,43","{DRIVE}:02:00 RUSH:1,V26, TACK:92","BERLIN THUNDER drive start at 02:00, J. Crawford rush for loss of 4 yards to the BT26 (L. Orlovicius).","V,2,14,V26",rush,02:00,NA,0,6,14,NA,0,8,V,BT,"KO,1,02:00,30","PUNT,1,02:00,24",5,-6,0:00,KO,1,02:00,BT30,PUNT,1,02:00,BT24,NA
2022_03_BT_RT,BT,RT,Berlin Thunder,Raiders Tirol,6/19/2022,Innsbruck,Tivoli stadion,15:00,17:50,2:50,3032,32,no,sunny,J. Wild,H. Horak,R. Hoelbling,M. Wild,J. Scott,N. Lakowitz,A. Flaisch-J.,BT,2,14,BT26,"V,2,14,V26","8,2,44","PASS:9,S,TM,V20 SACK:92",J. Germinerio sacked for loss of 6 yards to the BT20 (L. Orlovicius).,"V,3,20,V20",pass,NA,NA,0,6,14,NA,0,8,V,BT,"KO,1,02:00,30","PUNT,1,02:00,24",5,-6,0:00,KO,1,02:00,BT30,PUNT,1,02:00,BT24,NA
2022_03_BT_RT,BT,RT,Berlin Thunder,Raiders Tirol,6/19/2022,Innsbruck,Tivoli stadion,15:00,17:50,2:50,3032,32,no,sunny,J. Wild,H. Horak,R. Hoelbling,M. Wild,J. Scott,N. Lakowitz,A. Flaisch-J.,BT,3,20,BT20,"V,3,20,V20","8,3,45","SPOT:V,V20,N",BT ball on BT20.,"V,3,20,V20",NA,NA,NA,0,6,14,NA,0,8,V,BT,"KO,1,02:00,30","PUNT,1,02:00,24",5,-6,0:00,KO,1,02:00,BT30,PUNT,1,02:00,BT24,NA
2022_03_BT_RT,BT,RT,Berlin Thunder,Raiders Tirol,6/19/2022,Innsbruck,Tivoli stadion,15:00,17:50,2:50,3032,32,no,sunny,J. Wild,H. Horak,R. Hoelbling,M. Wild,J. Scott,N. Lakowitz,A. Flaisch-J.,BT,3,20,BT20,"V,3,20,V20","8,4,46","D:3,10",3rd and 10.,"V,3,10,V20",NA,NA,NA,0,6,14,NA,0,8,V,BT,"KO,1,02:00,30","PUNT,1,02:00,24",5,-6,0:00,KO,1,02:00,BT30,PUNT,1,02:00,BT24,NA
2022_03_BT_RT,BT,RT,Berlin Thunder,Raiders Tirol,6/19/2022,Innsbruck,Tivoli stadion,15:00,17:50,2:50,3032,32,no,sunny,J. Wild,H. Horak,R. Hoelbling,M. Wild,J. Scott,N. Lakowitz,A. Flaisch-J.,BT,3,10,BT20,"V,3,10,V20","8,5,47","PEN:H,ICT,A,1,V25,1","PENALTY RT ICT (R. Seeber) 5 yards to the BT25, 1ST DOWN BT.","V,1,10,V25",penalty,NA,penalty,0,6,14,NA,0,8,V,BT,"KO,1,02:00,30","PUNT,1,02:00,24",5,-6,0:00,KO,1,02:00,BT30,PUNT,1,02:00,BT24,NA
2022_03_BT_RT,BT,RT,Berlin Thunder,Raiders Tirol,6/19/2022,Innsbruck,Tivoli stadion,15:00,17:50,2:50,3032,32,no,sunny,J. Wild,H. Horak,R. Hoelbling,M. Wild,J. Scott,N. Lakowitz,A. Flaisch-J.,BT,1,10,BT25,"V,1,10,V25","8,6,48","RUSH:1,V25, TACK:98,30",J. Crawford rush for no gain to the BT25 (N. Gustav;30).,"V,2,10,V25",rush,NA,NA,0,6,14,NA,0,8,V,BT,"KO,1,02:00,30","PUNT,1,02:00,24",5,-6,0:00,KO,1,02:00,BT30,PUNT,1,02:00,BT24,NA
2022_03_BT_RT,BT,RT,Berlin Thunder,Raiders Tirol,6/19/2022,Innsbruck,Tivoli stadion,15:00,17:50,2:50,3032,32,no,sunny,J. Wild,H. Horak,R. Hoelbling,M. Wild,J. Scott,N. Lakowitz,A. Flaisch-J.,BT,2,10,BT25,"V,2,10,V25","8,7,49","RUSH:1,V24, TACK:98,30",J. Crawford rush for loss of 1 yard to the BT24 (N. Gustav;30).,"V,3,11,V24",rush,NA,NA,0,6,14,NA,0,8,V,BT,"KO,1,02:00,30","PUNT,1,02:00,24",5,-6,0:00,KO,1,02:00,BT30,PUNT,1,02:00,BT24,NA
2022_03_BT_RT,BT,RT,Berlin Thunder,Raiders Tirol,6/19/2022,Innsbruck,Tivoli stadion,15:00,17:50,2:50,3032,32,no,sunny,J. Wild,H. Horak,R. Hoelbling,M. Wild,J. Scott,N. Lakowitz,A. Flaisch-J.,BT,3,11,BT24,"V,3,11,V24","8,8,50","PASS:9,S,TM,V24 SACK:98",J. Germinerio sacked for no gain to the BT24 (N. Gustav).,"V,4,11,V24",pass,NA,NA,0,6,14,NA,0,8,V,BT,"KO,1,02:00,30","PUNT,1,02:00,24",5,-6,0:00,KO,1,02:00,BT30,PUNT,1,02:00,BT24,NA
2022_03_BT_RT,BT,RT,Berlin Thunder,Raiders Tirol,6/19/2022,Innsbruck,Tivoli stadion,15:00,17:50,2:50,3032,32,no,sunny,J. Wild,H. Horak,R. Hoelbling,M. Wild,J. Scott,N. Lakowitz,A. Flaisch-J.,BT,4,11,BT24,"V,4,11,V24","8,9,51","PUNT:14,V24 OB:","K. Hummel punt 0 yards to the BT24, out-of-bounds.","H,1,10,V24",punt,NA,NA,0,6,14,NA,1,8,V,BT,"KO,1,02:00,30","PUNT,1,02:00,24",5,-6,0:00,KO,1,02:00,BT30,PUNT,1,02:00,BT24,NA
2022_03_BT_RT,BT,RT,Berlin Thunder,Raiders Tirol,6/19/2022,Innsbruck,Tivoli stadion,15:00,17:50,2:50,3032,32,no,sunny,J. Wild,H. Horak,R. Hoelbling,M. Wild,J. Scott,N. Lakowitz,A. Flaisch-J.,RT,1,10,BT24,"H,1,10,V24","9,1,52",{DRIVE}:15:00,RAIDERS TIROL drive start at 15:00.,"H,1,10,V24",NA,15:00,NA,0,6,14,NA,0,9,H,RT,"PUNT,1,15:00,76","TD,2,12:00,100",7,24,18:00,PUNT,1,15:00,BT24,TD,2,12:00,BT00,1
2022_03_BT_RT,BT,RT,Berlin Thunder,Raiders Tirol,6/19/2022,Innsbruck,Tivoli stadion,15:00,17:50,2:50,3032,32,no,sunny,J. Wild,H. Horak,R. Hoelbling,M. Wild,J. Scott,N. Lakowitz,A. Flaisch-J.,RT,1,10,BT24,"H,1,10,V24","9,2,53",Q:2 T:15:00,"Start of 2nd quarter, clock 15:00.","H,1,10,V24",NA,15:00,NA,0,6,14,NA,0,9,H,RT,"PUNT,1,15:00,76","TD,2,12:00,100",7,24,18:00,PUNT,1,15:00,BT24,TD,2,12:00,BT00,1
2022_03_BT_RT,BT,RT,Berlin Thunder,Raiders Tirol,6/19/2022,Innsbruck,Tivoli stadion,15:00,17:50,2:50,3032,32,no,sunny,J. Wild,H. Horak,R. Hoelbling,M. Wild,J. Scott,N. Lakowitz,A. Flaisch-J.,RT,1,10,BT24,"H,1,10,V24","9,3,54","RUSH:22,V37, TACK:20",L. Moragne rush for loss of 13 yards to the BT37 (R. Kendall).,"H,2,23,V37",rush,NA,NA,0,6,14,NA,0,9,H,RT,"PUNT,1,15:00,76","TD,2,12:00,100",7,24,18:00,PUNT,1,15:00,BT24,TD,2,12:00,BT00,1
2022_03_BT_RT,BT,RT,Berlin Thunder,Raiders Tirol,6/19/2022,Innsbruck,Tivoli stadion,15:00,17:50,2:50,3032,32,no,sunny,J. Wild,H. Horak,R. Hoelbling,M. Wild,J. Scott,N. Lakowitz,A. Flaisch-J.,RT,2,23,BT37,"H,2,23,V37","9,4,55","D:2,5",2nd and 5.,"H,2,5,V37",NA,NA,NA,0,6,14,NA,0,9,H,RT,"PUNT,1,15:00,76","TD,2,12:00,100",7,24,18:00,PUNT,1,15:00,BT24,TD,2,12:00,BT00,1
2022_03_BT_RT,BT,RT,Berlin Thunder,Raiders Tirol,6/19/2022,Innsbruck,Tivoli stadion,15:00,17:50,2:50,3032,32,no,sunny,J. Wild,H. Horak,R. Hoelbling,M. Wild,J. Scott,N. Lakowitz,A. Flaisch-J.,RT,2,5,BT37,"H,2,5,V37","9,5,56","PASS:12,C,22,V31 TACK:4","S. Shelton pass complete to L. Moragne for 6 yards to the BT31, 1ST DOWN RT (G. Chongo).","H,1,10,V31",pass,NA,pass,0,6,14,NA,0,9,H,RT,"PUNT,1,15:00,76","TD,2,12:00,100",7,24,18:00,PUNT,1,15:00,BT24,TD,2,12:00,BT00,1
2022_03_BT_RT,BT,RT,Berlin Thunder,Raiders Tirol,6/19/2022,Innsbruck,Tivoli stadion,15:00,17:50,2:50,3032,32,no,sunny,J. Wild,H. Horak,R. Hoelbling,M. Wild,J. Scott,N. Lakowitz,A. Flaisch-J.,RT,1,10,BT31,"H,1,10,V31","9,6,57","PASS:12,C,82,V19 TACK:20","S. Shelton pass complete to J. Grischenig for 12 yards to the BT19, 1ST DOWN RT (R. Kendall).","H,1,10,V19",pass,NA,pass,0,6,14,NA,0,9,H,RT,"PUNT,1,15:00,76","TD,2,12:00,100",7,24,18:00,PUNT,1,15:00,BT24,TD,2,12:00,BT00,1
2022_03_BT_RT,BT,RT,Berlin Thunder,Raiders Tirol,6/19/2022,Innsbruck,Tivoli stadion,15:00,17:50,2:50,3032,32,no,sunny,J. Wild,H. Horak,R. Hoelbling,M. Wild,J. Scott,N. Lakowitz,A. Flaisch-J.,RT,1,10,BT19,"H,1,10,V19","9,7,58","PASS:12,C,10,V09 TACK:4","S. Shelton pass complete to P. Haun for 10 yards to the BT9, 1ST DOWN RT (G. Chongo).","H,1,0,V09",pass,NA,pass,0,6,14,NA,0,9,H,RT,"PUNT,1,15:00,76","TD,2,12:00,100",7,24,18:00,PUNT,1,15:00,BT24,TD,2,12:00,BT00,1
2022_03_BT_RT,BT,RT,Berlin Thunder,Raiders Tirol,6/19/2022,Innsbruck,Tivoli stadion,15:00,17:50,2:50,3032,32,no,sunny,J. Wild,H. Horak,R. Hoelbling,M. Wild,J. Scott,N. Lakowitz,A. Flaisch-J.,RT,1,0,BT09,"H,1,0,V09","9,8,59","RUSH:22,V09, TACK:4",L. Moragne rush for no gain to the BT9 (G. Chongo).,"H,2,0,V09",rush,NA,NA,0,6,14,NA,0,9,H,RT,"PUNT,1,15:00,76","TD,2,12:00,100",7,24,18:00,PUNT,1,15:00,BT24,TD,2,12:00,BT00,1
2022_03_BT_RT,BT,RT,Berlin Thunder,Raiders Tirol,6/19/2022,Innsbruck,Tivoli stadion,15:00,17:50,2:50,3032,32,no,sunny,J. Wild,H. Horak,R. Hoelbling,M. Wild,J. Scott,N. Lakowitz,A. Flaisch-J.,RT,2,0,BT09,"H,2,0,V09","9,9,60","PASS:12,C,86,V01 TACK:30,33",S. Shelton pass complete to L. Fink for 8 yards to the BT1 (L. Myrén;F. Mohlberg).,"H,3,0,V01",pass,NA,NA,0,6,14,NA,0,9,H,RT,"PUNT,1,15:00,76","TD,2,12:00,100",7,24,18:00,PUNT,1,15:00,BT24,TD,2,12:00,BT00,1
2022_03_BT_RT,BT,RT,Berlin Thunder,Raiders Tirol,6/19/2022,Innsbruck,Tivoli stadion,15:00,17:50,2:50,3032,32,no,sunny,J. Wild,H. Horak,R. Hoelbling,M. Wild,J. Scott,N. Lakowitz,A. Flaisch-J.,RT,3,0,BT01,"H,3,0,V01","9,10,61","RUSH:25,V00, TACK:4","T. Bonatti rush for 1 yard to the BT0, 1ST DOWN RT, TOUCHDOWN (G. Chongo).","H,1,10,V15",rush,NA,rush,1,6,20,NA,0,9,H,RT,"PUNT,1,15:00,76","TD,2,12:00,100",7,24,18:00,PUNT,1,15:00,BT24,TD,2,12:00,BT00,1
2022_03_BT_RT,BT,RT,Berlin Thunder,Raiders Tirol,6/19/2022,Innsbruck,Tivoli stadion,15:00,17:50,2:50,3032,32,no,sunny,J. Wild,H. Horak,R. Hoelbling,M. Wild,J. Scott,N. Lakowitz,A. Flaisch-J.,RT,1,10,BT15,"H,1,10,V15","9,11,62","PAT:K,33,G",T. Unger kick attempt good.,"H,1,0,H30",pat,NA,NA,1,6,21,NA,0,9,H,RT,"PUNT,1,15:00,76","TD,2,12:00,100",7,24,18:00,PUNT,1,15:00,BT24,TD,2,12:00,BT00,1
2022_03_BT_RT,BT,RT,Berlin Thunder,Raiders Tirol,6/19/2022,Innsbruck,Tivoli stadion,15:00,17:50,2:50,3032,32,no,sunny,J. Wild,H. Horak,R. Hoelbling,M. Wild,J. Scott,N. Lakowitz,A. Flaisch-J.,RT,1,0,RT30,"H,1,0,H30","9,12,63","KO:33,V12 RET:21,V33 TACK:21","T. Unger kickoff 58 yards to the BT12, A. Kilani return 21 yards to the BT33 (M. Roger).","V,1,10,V33",kick_off,NA,NA,0,6,21,NA,0,9,H,RT,"PUNT,1,15:00,76","TD,2,12:00,100",7,24,18:00,PUNT,1,15:00,BT24,TD,2,12:00,BT00,1
2022_03_BT_RT,BT,RT,Berlin Thunder,Raiders Tirol,6/19/2022,Innsbruck,Tivoli stadion,15:00,17:50,2:50,3032,32,no,sunny,J. Wild,H. Horak,R. Hoelbling,M. Wild,J. Scott,N. Lakowitz,A. Flaisch-J.,BT,1,10,BT33,"V,1,10,V33","10,1,64","{DRIVE}:12:00 RUSH:1,V36, TACK:92,1","BERLIN THUNDER drive start at 12:00, J. Crawford rush for 3 yards to the BT36 (L. Orlovicius;R. Seeber).","V,2,7,V36",rush,12:00,NA,0,6,21,NA,0,10,V,BT,"KO,2,12:00,89","DOWNS,2,05:00,98",14,9,7:00,KO,2,12:00,RT11,DOWNS,2,05:00,RT02,1
2022_03_BT_RT,BT,RT,Berlin Thunder,Raiders Tirol,6/19/2022,Innsbruck,Tivoli stadion,15:00,17:50,2:50,3032,32,no,sunny,J. Wild,H. Horak,R. Hoelbling,M. Wild,J. Scott,N. Lakowitz,A. Flaisch-J.,BT,2,7,BT36,"V,2,7,V36","10,2,65","PASS:9,C,13,H49 TACK:23,31","J. Germinerio pass complete to Y. Binner for 15 yards to the RT49, 1ST DOWN BT (V. Mueller;T. Anderson).","V,1,10,H49",pass,NA,pass,0,6,21,NA,0,10,V,BT,"KO,2,12:00,89","DOWNS,2,05:00,98",14,9,7:00,KO,2,12:00,RT11,DOWNS,2,05:00,RT02,1
2022_03_BT_RT,BT,RT,Berlin Thunder,Raiders Tirol,6/19/2022,Innsbruck,Tivoli stadion,15:00,17:50,2:50,3032,32,no,sunny,J. Wild,H. Horak,R. Hoelbling,M. Wild,J. Scott,N. Lakowitz,A. Flaisch-J.,BT,1,10,RT49,"V,1,10,H49","10,3,66","RUSH:1,H46, TACK:98",J. Crawford rush for 3 yards to the RT46 (N. Gustav).,"V,2,7,H46",rush,NA,NA,0,6,21,NA,0,10,V,BT,"KO,2,12:00,89","DOWNS,2,05:00,98",14,9,7:00,KO,2,12:00,RT11,DOWNS,2,05:00,RT02,1
2022_03_BT_RT,BT,RT,Berlin Thunder,Raiders Tirol,6/19/2022,Innsbruck,Tivoli stadion,15:00,17:50,2:50,3032,32,no,sunny,J. Wild,H. Horak,R. Hoelbling,M. Wild,J. Scott,N. Lakowitz,A. Flaisch-J.,BT,2,7,RT46,"V,2,7,H46","10,4,67","RUSH:1,H40, TACK:20",J. Crawford rush for 6 yards to the RT40 (P. Pilger).,"V,3,1,H40",rush,NA,NA,0,6,21,NA,0,10,V,BT,"KO,2,12:00,89","DOWNS,2,05:00,98",14,9,7:00,KO,2,12:00,RT11,DOWNS,2,05:00,RT02,1
2022_03_BT_RT,BT,RT,Berlin Thunder,Raiders Tirol,6/19/2022,Innsbruck,Tivoli stadion,15:00,17:50,2:50,3032,32,no,sunny,J. Wild,H. Horak,R. Hoelbling,M. Wild,J. Scott,N. Lakowitz,A. Flaisch-J.,BT,3,1,RT40,"V,3,1,H40","10,5,68","PEN:H,ENC,A,TM,H35,1","PENALTY RT ENC 5 yards to the RT35, 1ST DOWN BT.","V,1,10,H35",penalty,NA,penalty,0,6,21,NA,0,10,V,BT,"KO,2,12:00,89","DOWNS,2,05:00,98",14,9,7:00,KO,2,12:00,RT11,DOWNS,2,05:00,RT02,1
2022_03_BT_RT,BT,RT,Berlin Thunder,Raiders Tirol,6/19/2022,Innsbruck,Tivoli stadion,15:00,17:50,2:50,3032,32,no,sunny,J. Wild,H. Horak,R. Hoelbling,M. Wild,J. Scott,N. Lakowitz,A. Flaisch-J.,BT,1,10,RT35,"V,1,10,H35","10,6,69","PASS:9,C,17,H33 TACK:29",J. Germinerio pass complete to E. Drossard for 2 yards to the RT33 (L. Ogbevoen).,"V,2,8,H33",pass,NA,NA,0,6,21,NA,0,10,V,BT,"KO,2,12:00,89","DOWNS,2,05:00,98",14,9,7:00,KO,2,12:00,RT11,DOWNS,2,05:00,RT02,1
2022_03_BT_RT,BT,RT,Berlin Thunder,Raiders Tirol,6/19/2022,Innsbruck,Tivoli stadion,15:00,17:50,2:50,3032,32,no,sunny,J. Wild,H. Horak,R. Hoelbling,M. Wild,J. Scott,N. Lakowitz,A. Flaisch-J.,BT,2,8,RT33,"V,2,8,H33","10,7,70","RUSH:1,H30, TACK:20",J. Crawford rush for 3 yards to the RT30 (P. Pilger).,"V,3,5,H30",rush,NA,NA,0,6,21,NA,0,10,V,BT,"KO,2,12:00,89","DOWNS,2,05:00,98",14,9,7:00,KO,2,12:00,RT11,DOWNS,2,05:00,RT02,1
2022_03_BT_RT,BT,RT,Berlin Thunder,Raiders Tirol,6/19/2022,Innsbruck,Tivoli stadion,15:00,17:50,2:50,3032,32,no,sunny,J. Wild,H. Horak,R. Hoelbling,M. Wild,J. Scott,N. Lakowitz,A. Flaisch-J.,BT,3,5,RT30,"V,3,5,H30","10,8,71","RUSH:1,H24, TACK:31","J. Crawford rush for 6 yards to the RT24, 1ST DOWN BT (T. Anderson).","V,1,10,H24",rush,NA,rush,0,6,21,NA,0,10,V,BT,"KO,2,12:00,89","DOWNS,2,05:00,98",14,9,7:00,KO,2,12:00,RT11,DOWNS,2,05:00,RT02,1
2022_03_BT_RT,BT,RT,Berlin Thunder,Raiders Tirol,6/19/2022,Innsbruck,Tivoli stadion,15:00,17:50,2:50,3032,32,no,sunny,J. Wild,H. Horak,R. Hoelbling,M. Wild,J. Scott,N. Lakowitz,A. Flaisch-J.,BT,1,10,RT24,"V,1,10,H24","10,9,72","RUSH:1,H24, TACK:32",J. Crawford rush for no gain to the RT24 (S. Summerer).,"V,2,10,H24",rush,NA,NA,0,6,21,NA,0,10,V,BT,"KO,2,12:00,89","DOWNS,2,05:00,98",14,9,7:00,KO,2,12:00,RT11,DOWNS,2,05:00,RT02,1
2022_03_BT_RT,BT,RT,Berlin Thunder,Raiders Tirol,6/19/2022,Innsbruck,Tivoli stadion,15:00,17:50,2:50,3032,32,no,sunny,J. Wild,H. Horak,R. Hoelbling,M. Wild,J. Scott,N. Lakowitz,A. Flaisch-J.,BT,2,10,RT24,"V,2,10,H24","10,10,73","RUSH:1,H25, TACK:31",J. Crawford rush for loss of 1 yard to the RT25 (T. Anderson).,"V,3,11,H25",rush,NA,NA,0,6,21,NA,0,10,V,BT,"KO,2,12:00,89","DOWNS,2,05:00,98",14,9,7:00,KO,2,12:00,RT11,DOWNS,2,05:00,RT02,1
2022_03_BT_RT,BT,RT,Berlin Thunder,Raiders Tirol,6/19/2022,Innsbruck,Tivoli stadion,15:00,17:50,2:50,3032,32,no,sunny,J. Wild,H. Horak,R. Hoelbling,M. Wild,J. Scott,N. Lakowitz,A. Flaisch-J.,BT,3,11,RT25,"V,3,11,H25","10,11,74","D:2,11",2nd and 11.,"V,2,11,H25",NA,NA,NA,0,6,21,NA,0,10,V,BT,"KO,2,12:00,89","DOWNS,2,05:00,98",14,9,7:00,KO,2,12:00,RT11,DOWNS,2,05:00,RT02,1
2022_03_BT_RT,BT,RT,Berlin Thunder,Raiders Tirol,6/19/2022,Innsbruck,Tivoli stadion,15:00,17:50,2:50,3032,32,no,sunny,J. Wild,H. Horak,R. Hoelbling,M. Wild,J. Scott,N. Lakowitz,A. Flaisch-J.,BT,2,11,RT25,"V,2,11,H25","10,12,75","RUSH:9,H10, TACK:29","J. Germinerio rush for 15 yards to the RT10, 1ST DOWN BT (L. Ogbevoen).","V,1,0,H10",rush,NA,rush,0,6,21,NA,0,10,V,BT,"KO,2,12:00,89","DOWNS,2,05:00,98",14,9,7:00,KO,2,12:00,RT11,DOWNS,2,05:00,RT02,1
2022_03_BT_RT,BT,RT,Berlin Thunder,Raiders Tirol,6/19/2022,Innsbruck,Tivoli stadion,15:00,17:50,2:50,3032,32,no,sunny,J. Wild,H. Horak,R. Hoelbling,M. Wild,J. Scott,N. Lakowitz,A. Flaisch-J.,BT,1,0,RT10,"V,1,0,H10","10,13,76","SPOT:V,H11,Y",BT ball on RT11.,"V,1,10,H11",NA,NA,NA,0,6,21,NA,0,10,V,BT,"KO,2,12:00,89","DOWNS,2,05:00,98",14,9,7:00,KO,2,12:00,RT11,DOWNS,2,05:00,RT02,1
2022_03_BT_RT,BT,RT,Berlin Thunder,Raiders Tirol,6/19/2022,Innsbruck,Tivoli stadion,15:00,17:50,2:50,3032,32,no,sunny,J. Wild,H. Horak,R. Hoelbling,M. Wild,J. Scott,N. Lakowitz,A. Flaisch-J.,BT,1,10,RT11,"V,1,10,H11","10,14,77","RUSH:12,H12, TACK:29",A. Stadahl rush for loss of 1 yard to the RT12 (L. Ogbevoen).,"V,2,11,H12",rush,NA,NA,0,6,21,NA,0,10,V,BT,"KO,2,12:00,89","DOWNS,2,05:00,98",14,9,7:00,KO,2,12:00,RT11,DOWNS,2,05:00,RT02,1
2022_03_BT_RT,BT,RT,Berlin Thunder,Raiders Tirol,6/19/2022,Innsbruck,Tivoli stadion,15:00,17:50,2:50,3032,32,no,sunny,J. Wild,H. Horak,R. Hoelbling,M. Wild,J. Scott,N. Lakowitz,A. Flaisch-J.,BT,2,11,RT12,"V,2,11,H12","10,15,78","PASS:9,S,TM,H14 SACK:11",J. Germinerio sacked for loss of 2 yards to the RT14 (A. Ferrari).,"V,3,13,H14",pass,NA,NA,0,6,21,NA,0,10,V,BT,"KO,2,12:00,89","DOWNS,2,05:00,98",14,9,7:00,KO,2,12:00,RT11,DOWNS,2,05:00,RT02,1
2022_03_BT_RT,BT,RT,Berlin Thunder,Raiders Tirol,6/19/2022,Innsbruck,Tivoli stadion,15:00,17:50,2:50,3032,32,no,sunny,J. Wild,H. Horak,R. Hoelbling,M. Wild,J. Scott,N. Lakowitz,A. Flaisch-J.,BT,3,13,RT14,"V,3,13,H14","10,16,79","RUSH:9,H04, TACK:20",J. Germinerio rush for 10 yards to the RT4 (P. Pilger).,"V,4,3,H04",rush,NA,NA,0,6,21,NA,0,10,V,BT,"KO,2,12:00,89","DOWNS,2,05:00,98",14,9,7:00,KO,2,12:00,RT11,DOWNS,2,05:00,RT02,1
2022_03_BT_RT,BT,RT,Berlin Thunder,Raiders Tirol,6/19/2022,Innsbruck,Tivoli stadion,15:00,17:50,2:50,3032,32,no,sunny,J. Wild,H. Horak,R. Hoelbling,M. Wild,J. Scott,N. Lakowitz,A. Flaisch-J.,BT,4,3,RT04,"V,4,3,H04","10,17,80","RUSH:9,H02, TACK:96,92",J. Germinerio rush for 2 yards to the RT2 (D. Butz;L. Orlovicius).,"H,1,10,H02",rush,NA,NA,0,6,21,NA,0,10,V,BT,"KO,2,12:00,89","DOWNS,2,05:00,98",14,9,7:00,KO,2,12:00,RT11,DOWNS,2,05:00,RT02,1
2022_03_BT_RT,BT,RT,Berlin Thunder,Raiders Tirol,6/19/2022,Innsbruck,Tivoli stadion,15:00,17:50,2:50,3032,32,no,sunny,J. Wild,H. Horak,R. Hoelbling,M. Wild,J. Scott,N. Lakowitz,A. Flaisch-J.,RT,1,10,RT02,"H,1,10,H02","11,1,81","RUSH:1,H00, TACK:1 POSS: SPOT:V,H02,Y D:1,2","R. Seeber rush for loss of 2 yards to the RT0 (J. Crawford), Change of possession, BT ball on RT2, 1st and 2.","V,1,0,H02",rush,NA,NA,0,6,21,NA,0,11,H,RT,"DOWNS,2,12:00,2","POSS,2,05:00,0",1,-2,7:00,DOWNS,2,12:00,RT02,POSS,2,05:00,RT00,NA
2022_03_BT_RT,BT,RT,Berlin Thunder,Raiders Tirol,6/19/2022,Innsbruck,Tivoli stadion,15:00,17:50,2:50,3032,32,no,sunny,J. Wild,H. Horak,R. Hoelbling,M. Wild,J. Scott,N. Lakowitz,A. Flaisch-J.,BT,1,0,RT02,"V,1,0,H02","12,1,82","{DRIVE}:05:00 RUSH:1,H00, TACK:1","BERLIN THUNDER drive start at 05:00, J. Crawford rush for 2 yards to the RT0, 1ST DOWN BT, TOUCHDOWN (R. Seeber).","V,1,10,H15",rush,05:00,rush,1,12,21,NA,0,12,V,BT,"POSS,2,05:00,98","TD,2,00:25,100",1,2,4:35,POSS,2,05:00,RT02,TD,2,00:25,RT00,1
2022_03_BT_RT,BT,RT,Berlin Thunder,Raiders Tirol,6/19/2022,Innsbruck,Tivoli stadion,15:00,17:50,2:50,3032,32,no,sunny,J. Wild,H. Horak,R. Hoelbling,M. Wild,J. Scott,N. Lakowitz,A. Flaisch-J.,BT,1,10,RT15,"V,1,10,H15","12,2,83","PAT:K,26,G",J. Schenderlein kick attempt good.,"V,1,0,V30",pat,NA,NA,1,13,21,NA,0,12,V,BT,"POSS,2,05:00,98","TD,2,00:25,100",1,2,4:35,POSS,2,05:00,RT02,TD,2,00:25,RT00,1
2022_03_BT_RT,BT,RT,Berlin Thunder,Raiders Tirol,6/19/2022,Innsbruck,Tivoli stadion,15:00,17:50,2:50,3032,32,no,sunny,J. Wild,H. Horak,R. Hoelbling,M. Wild,J. Scott,N. Lakowitz,A. Flaisch-J.,BT,1,0,BT30,"V,1,0,V30","12,3,84","KO:26,H30 TB:","J. Schenderlein kickoff 40 yards to the RT30, touchback.","H,1,10,H30",kick_off,NA,NA,0,13,21,NA,0,12,V,BT,"POSS,2,05:00,98","TD,2,00:25,100",1,2,4:35,POSS,2,05:00,RT02,TD,2,00:25,RT00,1
2022_03_BT_RT,BT,RT,Berlin Thunder,Raiders Tirol,6/19/2022,Innsbruck,Tivoli stadion,15:00,17:50,2:50,3032,32,no,sunny,J. Wild,H. Horak,R. Hoelbling,M. Wild,J. Scott,N. Lakowitz,A. Flaisch-J.,RT,1,10,RT30,"H,1,10,H30","13,1,85",{DRIVE}:00:25,RAIDERS TIROL drive start at 00:25.,"H,1,10,H30",NA,00:25,NA,0,13,21,NA,0,13,H,RT,"KO,2,00:25,30","POSS,2,00:00,60",1,30,0:25,KO,2,00:25,RT30,POSS,2,00:00,BT40,NA
2022_03_BT_RT,BT,RT,Berlin Thunder,Raiders Tirol,6/19/2022,Innsbruck,Tivoli stadion,15:00,17:50,2:50,3032,32,no,sunny,J. Wild,H. Horak,R. Hoelbling,M. Wild,J. Scott,N. Lakowitz,A. Flaisch-J.,RT,1,10,RT30,"H,1,10,H30","13,2,86","RUSH:22,H33, TACK:53",L. Moragne rush for 3 yards to the RT33 (D. Izinyon).,"H,2,7,H33",rush,NA,NA,0,13,21,NA,0,13,H,RT,"KO,2,00:25,30","POSS,2,00:00,60",1,30,0:25,KO,2,00:25,RT30,POSS,2,00:00,BT40,NA
2022_03_BT_RT,BT,RT,Berlin Thunder,Raiders Tirol,6/19/2022,Innsbruck,Tivoli stadion,15:00,17:50,2:50,3032,32,no,sunny,J. Wild,H. Horak,R. Hoelbling,M. Wild,J. Scott,N. Lakowitz,A. Flaisch-J.,RT,2,7,RT33,"H,2,7,H33","13,3,87",Q:3 T:15:00,"Start of 3rd quarter, clock 15:00.","H,2,7,H33",NA,15:00,NA,0,13,21,NA,0,13,H,RT,"KO,2,00:25,30","POSS,2,00:00,60",1,30,0:25,KO,2,00:25,RT30,POSS,2,00:00,BT40,NA
2022_03_BT_RT,BT,RT,Berlin Thunder,Raiders Tirol,6/19/2022,Innsbruck,Tivoli stadion,15:00,17:50,2:50,3032,32,no,sunny,J. Wild,H. Horak,R. Hoelbling,M. Wild,J. Scott,N. Lakowitz,A. Flaisch-J.,RT,2,7,RT33,"H,2,7,H33","13,4,88","PEN:H,KOB,A,33,V40,1","PENALTY RT Kickoff Out of Bounds (T. Unger) 27 yards to the BT40, 1ST DOWN RT.","H,1,10,V40",penalty,NA,penalty,0,13,21,NA,0,13,H,RT,"KO,2,00:25,30","POSS,2,00:00,60",1,30,0:25,KO,2,00:25,RT30,POSS,2,00:00,BT40,NA
2022_03_BT_RT,BT,RT,Berlin Thunder,Raiders Tirol,6/19/2022,Innsbruck,Tivoli stadion,15:00,17:50,2:50,3032,32,no,sunny,J. Wild,H. Horak,R. Hoelbling,M. Wild,J. Scott,N. Lakowitz,A. Flaisch-J.,RT,1,10,BT40,"H,1,10,V40","13,5,89","POSS: SPOT:V,V40,Y D:1,10","Change of possession, BT ball on BT40, 1st and 10.","V,1,10,V40",NA,NA,NA,0,13,21,NA,0,13,H,RT,"KO,2,00:25,30","POSS,2,00:00,60",1,30,0:25,KO,2,00:25,RT30,POSS,2,00:00,BT40,NA
2022_03_BT_RT,BT,RT,Berlin Thunder,Raiders Tirol,6/19/2022,Innsbruck,Tivoli stadion,15:00,17:50,2:50,3032,32,no,sunny,J. Wild,H. Horak,R. Hoelbling,M. Wild,J. Scott,N. Lakowitz,A. Flaisch-J.,BT,1,10,BT40,"V,1,10,V40","14,1,90","{DRIVE}:15:00 RUSH:1,V42, TACK:29","BERLIN THUNDER drive start at 15:00, J. Crawford rush for 2 yards to the BT42 (L. Ogbevoen).","V,2,8,V42",rush,15:00,NA,0,13,21,NA,0,14,V,BT,"POSS,3,15:00,40","PUNT,3,12:47,47",3,7,2:13,POSS,3,15:00,BT40,PUNT,3,12:47,BT47,NA
2022_03_BT_RT,BT,RT,Berlin Thunder,Raiders Tirol,6/19/2022,Innsbruck,Tivoli stadion,15:00,17:50,2:50,3032,32,no,sunny,J. Wild,H. Horak,R. Hoelbling,M. Wild,J. Scott,N. Lakowitz,A. Flaisch-J.,BT,2,8,BT42,"V,2,8,V42","14,2,91","PASS:9,C,1,V41 TACK:1",J. Germinerio pass complete to J. Crawford for loss of 1 yard to the BT41 (R. Seeber).,"V,3,9,V41",pass,NA,NA,0,13,21,NA,0,14,V,BT,"POSS,3,15:00,40","PUNT,3,12:47,47",3,7,2:13,POSS,3,15:00,BT40,PUNT,3,12:47,BT47,NA
2022_03_BT_RT,BT,RT,Berlin Thunder,Raiders Tirol,6/19/2022,Innsbruck,Tivoli stadion,15:00,17:50,2:50,3032,32,no,sunny,J. Wild,H. Horak,R. Hoelbling,M. Wild,J. Scott,N. Lakowitz,A. Flaisch-J.,BT,3,9,BT41,"V,3,9,V41","14,3,92","PASS:9,C,1,V47 TACK:1",J. Germinerio pass complete to J. Crawford for 6 yards to the BT47 (R. Seeber).,"V,4,3,V47",pass,NA,NA,0,13,21,NA,0,14,V,BT,"POSS,3,15:00,40","PUNT,3,12:47,47",3,7,2:13,POSS,3,15:00,BT40,PUNT,3,12:47,BT47,NA
2022_03_BT_RT,BT,RT,Berlin Thunder,Raiders Tirol,6/19/2022,Innsbruck,Tivoli stadion,15:00,17:50,2:50,3032,32,no,sunny,J. Wild,H. Horak,R. Hoelbling,M. Wild,J. Scott,N. Lakowitz,A. Flaisch-J.,BT,4,3,BT47,"V,4,3,V47","14,4,93","PUNT:14,H06 DN:","K. Hummel punt 47 yards to the RT6, downed.","H,1,10,H06",punt,NA,NA,0,13,21,NA,0,14,V,BT,"POSS,3,15:00,40","PUNT,3,12:47,47",3,7,2:13,POSS,3,15:00,BT40,PUNT,3,12:47,BT47,NA
2022_03_BT_RT,BT,RT,Berlin Thunder,Raiders Tirol,6/19/2022,Innsbruck,Tivoli stadion,15:00,17:50,2:50,3032,32,no,sunny,J. Wild,H. Horak,R. Hoelbling,M. Wild,J. Scott,N. Lakowitz,A. Flaisch-J.,RT,1,10,RT06,"H,1,10,H06","15,1,94",{DRIVE}:12:47,RAIDERS TIROL drive start at 12:47.,"H,1,10,H06",NA,12:47,NA,0,13,21,NA,0,15,H,RT,"PUNT,3,12:47,6","PUNT,3,10:27,7",3,1,2:20,PUNT,3,12:47,RT06,PUNT,3,10:27,RT07,NA
2022_03_BT_RT,BT,RT,Berlin Thunder,Raiders Tirol,6/19/2022,Innsbruck,Tivoli stadion,15:00,17:50,2:50,3032,32,no,sunny,J. Wild,H. Horak,R. Hoelbling,M. Wild,J. Scott,N. Lakowitz,A. Flaisch-J.,RT,1,10,RT06,"H,1,10,H06","15,2,95","RUSH:22,H09, TACK:8",L. Moragne rush for 3 yards to the RT9 (P. Seifert).,"H,2,7,H09",rush,NA,NA,0,13,21,NA,0,15,H,RT,"PUNT,3,12:47,6","PUNT,3,10:27,7",3,1,2:20,PUNT,3,12:47,RT06,PUNT,3,10:27,RT07,NA
2022_03_BT_RT,BT,RT,Berlin Thunder,Raiders Tirol,6/19/2022,Innsbruck,Tivoli stadion,15:00,17:50,2:50,3032,32,no,sunny,J. Wild,H. Horak,R. Hoelbling,M. Wild,J. Scott,N. Lakowitz,A. Flaisch-J.,RT,2,7,RT09,"H,2,7,H09","15,3,96","RUSH:22,H01, TACK:45",L. Moragne rush for loss of 8 yards to the RT1 (K. Kitchens).,"H,3,15,H01",rush,NA,NA,0,13,21,NA,0,15,H,RT,"PUNT,3,12:47,6","PUNT,3,10:27,7",3,1,2:20,PUNT,3,12:47,RT06,PUNT,3,10:27,RT07,NA
2022_03_BT_RT,BT,RT,Berlin Thunder,Raiders Tirol,6/19/2022,Innsbruck,Tivoli stadion,15:00,17:50,2:50,3032,32,no,sunny,J. Wild,H. Horak,R. Hoelbling,M. Wild,J. Scott,N. Lakowitz,A. Flaisch-J.,RT,3,15,RT01,"H,3,15,H01","15,4,97","RUSH:25,H07, TACK:53",T. Bonatti rush for 6 yards to the RT7 (D. Izinyon).,"H,4,9,H07",rush,NA,NA,0,13,21,NA,0,15,H,RT,"PUNT,3,12:47,6","PUNT,3,10:27,7",3,1,2:20,PUNT,3,12:47,RT06,PUNT,3,10:27,RT07,NA
2022_03_BT_RT,BT,RT,Berlin Thunder,Raiders Tirol,6/19/2022,Innsbruck,Tivoli stadion,15:00,17:50,2:50,3032,32,no,sunny,J. Wild,H. Horak,R. Hoelbling,M. Wild,J. Scott,N. Lakowitz,A. Flaisch-J.,RT,4,9,RT07,"H,4,9,H07","15,5,98","PUNT:1,H42 OB:","R. Seeber punt 35 yards to the RT42, out-of-bounds.","V,1,10,H42",punt,NA,NA,0,13,21,NA,1,15,H,RT,"PUNT,3,12:47,6","PUNT,3,10:27,7",3,1,2:20,PUNT,3,12:47,RT06,PUNT,3,10:27,RT07,NA
2022_03_BT_RT,BT,RT,Berlin Thunder,Raiders Tirol,6/19/2022,Innsbruck,Tivoli stadion,15:00,17:50,2:50,3032,32,no,sunny,J. Wild,H. Horak,R. Hoelbling,M. Wild,J. Scott,N. Lakowitz,A. Flaisch-J.,BT,1,10,RT42,"V,1,10,H42","16,1,99",{DRIVE}:10:27,BERLIN THUNDER drive start at 10:27.,"V,1,10,H42",NA,10:27,NA,0,13,21,NA,0,16,V,BT,"PUNT,3,10:27,58","FG,3,06:42,79",7,21,3:45,PUNT,3,10:27,RT42,FG,3,06:42,RT21,NA
2022_03_BT_RT,BT,RT,Berlin Thunder,Raiders Tirol,6/19/2022,Innsbruck,Tivoli stadion,15:00,17:50,2:50,3032,32,no,sunny,J. Wild,H. Horak,R. Hoelbling,M. Wild,J. Scott,N. Lakowitz,A. Flaisch-J.,BT,1,10,RT42,"V,1,10,H42","16,2,100","RUSH:1,H37, TACK:20,1",J. Crawford rush for 5 yards to the RT37 (P. Pilger;R. Seeber).,"V,2,5,H37",rush,NA,NA,0,13,21,NA,0,16,V,BT,"PUNT,3,10:27,58","FG,3,06:42,79",7,21,3:45,PUNT,3,10:27,RT42,FG,3,06:42,RT21,NA
2022_03_BT_RT,BT,RT,Berlin Thunder,Raiders Tirol,6/19/2022,Innsbruck,Tivoli stadion,15:00,17:50,2:50,3032,32,no,sunny,J. Wild,H. Horak,R. Hoelbling,M. Wild,J. Scott,N. Lakowitz,A. Flaisch-J.,BT,2,5,RT37,"V,2,5,H37","16,3,101","PASS:9,C,17,H31 TACK:20,1","J. Germinerio pass complete to E. Drossard for 6 yards to the RT31, 1ST DOWN BT (P. Pilger;R. Seeber).","V,1,10,H31",pass,NA,pass,0,13,21,NA,0,16,V,BT,"PUNT,3,10:27,58","FG,3,06:42,79",7,21,3:45,PUNT,3,10:27,RT42,FG,3,06:42,RT21,NA
2022_03_BT_RT,BT,RT,Berlin Thunder,Raiders Tirol,6/19/2022,Innsbruck,Tivoli stadion,15:00,17:50,2:50,3032,32,no,sunny,J. Wild,H. Horak,R. Hoelbling,M. Wild,J. Scott,N. Lakowitz,A. Flaisch-J.,BT,1,10,RT31,"V,1,10,H31","16,4,102","RUSH:9,H20, OB: TACK:29","J. Germinerio rush for 11 yards to the RT20, 1ST DOWN BT, out-of-bounds (L. Ogbevoen).","V,1,10,H20",rush,NA,rush,0,13,21,NA,1,16,V,BT,"PUNT,3,10:27,58","FG,3,06:42,79",7,21,3:45,PUNT,3,10:27,RT42,FG,3,06:42,RT21,NA
2022_03_BT_RT,BT,RT,Berlin Thunder,Raiders Tirol,6/19/2022,Innsbruck,Tivoli stadion,15:00,17:50,2:50,3032,32,no,sunny,J. Wild,H. Horak,R. Hoelbling,M. Wild,J. Scott,N. Lakowitz,A. Flaisch-J.,BT,1,10,RT20,"V,1,10,H20","16,5,103","PEN:V,OH,A,TM,H30,N",PENALTY BT Offensive Holding 10 yards to the RT30.,"V,1,20,H30",penalty,NA,NA,0,13,21,NA,0,16,V,BT,"PUNT,3,10:27,58","FG,3,06:42,79",7,21,3:45,PUNT,3,10:27,RT42,FG,3,06:42,RT21,NA
2022_03_BT_RT,BT,RT,Berlin Thunder,Raiders Tirol,6/19/2022,Innsbruck,Tivoli stadion,15:00,17:50,2:50,3032,32,no,sunny,J. Wild,H. Horak,R. Hoelbling,M. Wild,J. Scott,N. Lakowitz,A. Flaisch-J.,BT,1,20,RT30,"V,1,20,H30","16,6,104","RUSH:9,H27, TACK:1",J. Germinerio rush for 3 yards to the RT27 (R. Seeber).,"V,2,17,H27",rush,NA,NA,0,13,21,NA,0,16,V,BT,"PUNT,3,10:27,58","FG,3,06:42,79",7,21,3:45,PUNT,3,10:27,RT42,FG,3,06:42,RT21,NA
2022_03_BT_RT,BT,RT,Berlin Thunder,Raiders Tirol,6/19/2022,Innsbruck,Tivoli stadion,15:00,17:50,2:50,3032,32,no,sunny,J. Wild,H. Horak,R. Hoelbling,M. Wild,J. Scott,N. Lakowitz,A. Flaisch-J.,BT,2,17,RT27,"V,2,17,H27","16,7,105","PASS:9,I,85,* BRUP:23",J. Germinerio pass incomplete to N. Schumann (V. Mueller).,"V,3,17,H27",pass,NA,NA,0,13,21,NA,0,16,V,BT,"PUNT,3,10:27,58","FG,3,06:42,79",7,21,3:45,PUNT,3,10:27,RT42,FG,3,06:42,RT21,NA
2022_03_BT_RT,BT,RT,Berlin Thunder,Raiders Tirol,6/19/2022,Innsbruck,Tivoli stadion,15:00,17:50,2:50,3032,32,no,sunny,J. Wild,H. Horak,R. Hoelbling,M. Wild,J. Scott,N. Lakowitz,A. Flaisch-J.,BT,3,17,RT27,"V,3,17,H27","16,8,106","PASS:9,C,1,H21 TACK:31",J. Germinerio pass complete to J. Crawford for 6 yards to the RT21 (T. Anderson).,"V,4,11,H21",pass,NA,NA,0,13,21,NA,0,16,V,BT,"PUNT,3,10:27,58","FG,3,06:42,79",7,21,3:45,PUNT,3,10:27,RT42,FG,3,06:42,RT21,NA
2022_03_BT_RT,BT,RT,Berlin Thunder,Raiders Tirol,6/19/2022,Innsbruck,Tivoli stadion,15:00,17:50,2:50,3032,32,no,sunny,J. Wild,H. Horak,R. Hoelbling,M. Wild,J. Scott,N. Lakowitz,A. Flaisch-J.,BT,4,11,RT21,"V,4,11,H21","16,9,107","FGA:26,31,G T:06:42","J. Schenderlein field goal attempt from 31 GOOD, clock 06:42.","V,1,0,V30",field_goal,06:42,NA,1,16,21,NA,0,16,V,BT,"PUNT,3,10:27,58","FG,3,06:42,79",7,21,3:45,PUNT,3,10:27,RT42,FG,3,06:42,RT21,NA
2022_03_BT_RT,BT,RT,Berlin Thunder,Raiders Tirol,6/19/2022,Innsbruck,Tivoli stadion,15:00,17:50,2:50,3032,32,no,sunny,J. Wild,H. Horak,R. Hoelbling,M. Wild,J. Scott,N. Lakowitz,A. Flaisch-J.,BT,1,0,BT30,"V,1,0,V30","16,10,108","KO:26,H45 RET:23,H45 TACK:30","J. Schenderlein kickoff 25 yards to the RT45, V. Mueller return 0 yards to the RT45 (L. Myrén).","H,1,10,H45",kick_off,NA,NA,0,16,21,NA,0,16,V,BT,"PUNT,3,10:27,58","FG,3,06:42,79",7,21,3:45,PUNT,3,10:27,RT42,FG,3,06:42,RT21,NA
2022_03_BT_RT,BT,RT,Berlin Thunder,Raiders Tirol,6/19/2022,Innsbruck,Tivoli stadion,15:00,17:50,2:50,3032,32,no,sunny,J. Wild,H. Horak,R. Hoelbling,M. Wild,J. Scott,N. Lakowitz,A. Flaisch-J.,RT,1,10,RT45,"H,1,10,H45","17,1,109","{DRIVE}:06:20 PASS:12,C,25,H46 TACK:2,20","RAIDERS TIROL drive start at 06:20, S. Shelton pass complete to T. Bonatti for 1 yard to the RT46 (S. Zeregbe;R. Kendall).","H,2,9,H46",pass,06:20,NA,0,16,21,NA,0,17,H,RT,"KO,3,06:20,45","PUNT,3,05:36,51",2,6,0:44,KO,3,06:20,RT45,PUNT,3,05:36,BT49,NA
2022_03_BT_RT,BT,RT,Berlin Thunder,Raiders Tirol,6/19/2022,Innsbruck,Tivoli stadion,15:00,17:50,2:50,3032,32,no,sunny,J. Wild,H. Horak,R. Hoelbling,M. Wild,J. Scott,N. Lakowitz,A. Flaisch-J.,RT,2,9,RT46,"H,2,9,H46","17,2,110","PASS:12,I,4,* BRUP:8",S. Shelton pass incomplete to M. Schneider (P. Seifert).,"H,3,9,H46",pass,NA,NA,0,16,21,NA,0,17,H,RT,"KO,3,06:20,45","PUNT,3,05:36,51",2,6,0:44,KO,3,06:20,RT45,PUNT,3,05:36,BT49,NA
2022_03_BT_RT,BT,RT,Berlin Thunder,Raiders Tirol,6/19/2022,Innsbruck,Tivoli stadion,15:00,17:50,2:50,3032,32,no,sunny,J. Wild,H. Horak,R. Hoelbling,M. Wild,J. Scott,N. Lakowitz,A. Flaisch-J.,RT,3,9,RT46,"H,3,9,H46","17,3,111","PEN:V,ILH,A,45,V49,1","PENALTY BT ILH (K. Kitchens) 5 yards to the BT49, 1ST DOWN RT.","H,1,10,V49",penalty,NA,penalty,0,16,21,NA,0,17,H,RT,"KO,3,06:20,45","PUNT,3,05:36,51",2,6,0:44,KO,3,06:20,RT45,PUNT,3,05:36,BT49,NA
2022_03_BT_RT,BT,RT,Berlin Thunder,Raiders Tirol,6/19/2022,Innsbruck,Tivoli stadion,15:00,17:50,2:50,3032,32,no,sunny,J. Wild,H. Horak,R. Hoelbling,M. Wild,J. Scott,N. Lakowitz,A. Flaisch-J.,RT,1,10,BT49,"H,1,10,V49","17,4,112","D:4,4",4th and 4.,"H,4,4,V49",NA,NA,NA,0,16,21,NA,0,17,H,RT,"KO,3,06:20,45","PUNT,3,05:36,51",2,6,0:44,KO,3,06:20,RT45,PUNT,3,05:36,BT49,NA
2022_03_BT_RT,BT,RT,Berlin Thunder,Raiders Tirol,6/19/2022,Innsbruck,Tivoli stadion,15:00,17:50,2:50,3032,32,no,sunny,J. Wild,H. Horak,R. Hoelbling,M. Wild,J. Scott,N. Lakowitz,A. Flaisch-J.,RT,4,4,BT49,"H,4,4,V49","17,5,113","PUNT:1,V15 RET:21,V15 FORCE:8 FUMB:V,V10,TM OB:","R. Seeber punt 34 yards to the BT15, A. Kilani return 0 yards to the BT15, fumble forced by C. Nitzlnader, fumble by A. Kilani recovered by BT Team at BT10, out-of-bounds.","V,1,10,V10",punt,NA,NA,0,16,21,NA,1,17,H,RT,"KO,3,06:20,45","PUNT,3,05:36,51",2,6,0:44,KO,3,06:20,RT45,PUNT,3,05:36,BT49,NA
2022_03_BT_RT,BT,RT,Berlin Thunder,Raiders Tirol,6/19/2022,Innsbruck,Tivoli stadion,15:00,17:50,2:50,3032,32,no,sunny,J. Wild,H. Horak,R. Hoelbling,M. Wild,J. Scott,N. Lakowitz,A. Flaisch-J.,BT,1,10,BT10,"V,1,10,V10","18,1,114","{DRIVE}:05:36 SPOT:V,V10,Y","BERLIN THUNDER drive start at 05:36, BT ball on BT10.","V,1,10,V10",NA,05:36,NA,0,16,21,NA,0,18,V,BT,"PUNT,3,05:36,31","PUNT,3,03:44,43",2,12,1:52,PUNT,3,05:36,BT31,PUNT,3,03:44,BT43,NA
2022_03_BT_RT,BT,RT,Berlin Thunder,Raiders Tirol,6/19/2022,Innsbruck,Tivoli stadion,15:00,17:50,2:50,3032,32,no,sunny,J. Wild,H. Horak,R. Hoelbling,M. Wild,J. Scott,N. Lakowitz,A. Flaisch-J.,BT,1,10,BT10,"V,1,10,V10","18,2,115","PEN:H,DSQ,A,8,V31,1","PENALTY RT Disqualification (C. Nitzlnader) 21 yards to the BT31, 1ST DOWN BT.","V,1,10,V31",penalty,NA,penalty,0,16,21,NA,0,18,V,BT,"PUNT,3,05:36,31","PUNT,3,03:44,43",2,12,1:52,PUNT,3,05:36,BT31,PUNT,3,03:44,BT43,NA
2022_03_BT_RT,BT,RT,Berlin Thunder,Raiders Tirol,6/19/2022,Innsbruck,Tivoli stadion,15:00,17:50,2:50,3032,32,no,sunny,J. Wild,H. Horak,R. Hoelbling,M. Wild,J. Scott,N. Lakowitz,A. Flaisch-J.,BT,1,10,BT31,"V,1,10,V31","18,3,116","PEN:V,OH,A,70,V21,N",PENALTY BT Offensive Holding (T. Rodlauer) 10 yards to the BT21.,"V,1,20,V21",penalty,NA,NA,0,16,21,NA,0,18,V,BT,"PUNT,3,05:36,31","PUNT,3,03:44,43",2,12,1:52,PUNT,3,05:36,BT31,PUNT,3,03:44,BT43,NA
2022_03_BT_RT,BT,RT,Berlin Thunder,Raiders Tirol,6/19/2022,Innsbruck,Tivoli stadion,15:00,17:50,2:50,3032,32,no,sunny,J. Wild,H. Horak,R. Hoelbling,M. Wild,J. Scott,N. Lakowitz,A. Flaisch-J.,BT,1,20,BT21,"V,1,20,V21","18,4,117","SPOT:V,V31,Y",BT ball on BT31.,"V,1,20,V31",NA,NA,NA,0,16,21,NA,0,18,V,BT,"PUNT,3,05:36,31","PUNT,3,03:44,43",2,12,1:52,PUNT,3,05:36,BT31,PUNT,3,03:44,BT43,NA
2022_03_BT_RT,BT,RT,Berlin Thunder,Raiders Tirol,6/19/2022,Innsbruck,Tivoli stadion,15:00,17:50,2:50,3032,32,no,sunny,J. Wild,H. Horak,R. Hoelbling,M. Wild,J. Scott,N. Lakowitz,A. Flaisch-J.,BT,1,20,BT31,"V,1,20,V31","18,5,118","D:2,10",2nd and 10.,"V,2,10,V31",NA,NA,NA,0,16,21,NA,0,18,V,BT,"PUNT,3,05:36,31","PUNT,3,03:44,43",2,12,1:52,PUNT,3,05:36,BT31,PUNT,3,03:44,BT43,NA
2022_03_BT_RT,BT,RT,Berlin Thunder,Raiders Tirol,6/19/2022,Innsbruck,Tivoli stadion,15:00,17:50,2:50,3032,32,no,sunny,J. Wild,H. Horak,R. Hoelbling,M. Wild,J. Scott,N. Lakowitz,A. Flaisch-J.,BT,2,10,BT31,"V,2,10,V31","18,6,119","PASS:9,C,13,V30 TACK:29",J. Germinerio pass complete to Y. Binner for loss of 1 yard to the BT30 (L. Ogbevoen).,"V,3,11,V30",pass,NA,NA,0,16,21,NA,0,18,V,BT,"PUNT,3,05:36,31","PUNT,3,03:44,43",2,12,1:52,PUNT,3,05:36,BT31,PUNT,3,03:44,BT43,NA
2022_03_BT_RT,BT,RT,Berlin Thunder,Raiders Tirol,6/19/2022,Innsbruck,Tivoli stadion,15:00,17:50,2:50,3032,32,no,sunny,J. Wild,H. Horak,R. Hoelbling,M. Wild,J. Scott,N. Lakowitz,A. Flaisch-J.,BT,3,11,BT30,"V,3,11,V30","18,7,120","RUSH:9,V43, TACK:95,5","J. Germinerio rush for 13 yards to the BT43, 1ST DOWN BT (S. Schaar;D. Shelton).","V,1,10,V43",rush,NA,rush,0,16,21,NA,0,18,V,BT,"PUNT,3,05:36,31","PUNT,3,03:44,43",2,12,1:52,PUNT,3,05:36,BT31,PUNT,3,03:44,BT43,NA
2022_03_BT_RT,BT,RT,Berlin Thunder,Raiders Tirol,6/19/2022,Innsbruck,Tivoli stadion,15:00,17:50,2:50,3032,32,no,sunny,J. Wild,H. Horak,R. Hoelbling,M. Wild,J. Scott,N. Lakowitz,A. Flaisch-J.,BT,1,10,BT43,"V,1,10,V43","18,8,121","PUNT:14,H20 FC:10","K. Hummel punt 37 yards to the RT20, fair catch by P. Haun.","H,1,10,H20",punt,NA,NA,0,16,21,NA,0,18,V,BT,"PUNT,3,05:36,31","PUNT,3,03:44,43",2,12,1:52,PUNT,3,05:36,BT31,PUNT,3,03:44,BT43,NA
2022_03_BT_RT,BT,RT,Berlin Thunder,Raiders Tirol,6/19/2022,Innsbruck,Tivoli stadion,15:00,17:50,2:50,3032,32,no,sunny,J. Wild,H. Horak,R. Hoelbling,M. Wild,J. Scott,N. Lakowitz,A. Flaisch-J.,RT,1,10,RT20,"H,1,10,H20","19,1,122",{DRIVE}:03:44,RAIDERS TIROL drive start at 03:44.,"H,1,10,H20",NA,03:44,NA,0,16,21,NA,0,19,H,RT,"PUNT,3,03:44,20","TD,4,12:30,100",10,80,6:14,PUNT,3,03:44,RT20,TD,4,12:30,BT00,1
2022_03_BT_RT,BT,RT,Berlin Thunder,Raiders Tirol,6/19/2022,Innsbruck,Tivoli stadion,15:00,17:50,2:50,3032,32,no,sunny,J. Wild,H. Horak,R. Hoelbling,M. Wild,J. Scott,N. Lakowitz,A. Flaisch-J.,RT,1,10,RT20,"H,1,10,H20","19,2,123","PASS:12,S,TM,H17 SACK:90,2",S. Shelton sacked for loss of 3 yards to the RT17 (B. Baierl;S. Zeregbe).,"H,2,13,H17",pass,NA,NA,0,16,21,NA,0,19,H,RT,"PUNT,3,03:44,20","TD,4,12:30,100",10,80,6:14,PUNT,3,03:44,RT20,TD,4,12:30,BT00,1
2022_03_BT_RT,BT,RT,Berlin Thunder,Raiders Tirol,6/19/2022,Innsbruck,Tivoli stadion,15:00,17:50,2:50,3032,32,no,sunny,J. Wild,H. Horak,R. Hoelbling,M. Wild,J. Scott,N. Lakowitz,A. Flaisch-J.,RT,2,13,RT17,"H,2,13,H17","19,3,124","PEN:H,OH,D",PENALTY RT Offensive Holding declined.,"H,2,13,H17",penalty,NA,NA,0,16,21,NA,0,19,H,RT,"PUNT,3,03:44,20","TD,4,12:30,100",10,80,6:14,PUNT,3,03:44,RT20,TD,4,12:30,BT00,1
2022_03_BT_RT,BT,RT,Berlin Thunder,Raiders Tirol,6/19/2022,Innsbruck,Tivoli stadion,15:00,17:50,2:50,3032,32,no,sunny,J. Wild,H. Horak,R. Hoelbling,M. Wild,J. Scott,N. Lakowitz,A. Flaisch-J.,RT,2,13,RT17,"H,2,13,H17","19,4,125","D:3,13",3rd and 13.,"H,3,13,H17",NA,NA,NA,0,16,21,NA,0,19,H,RT,"PUNT,3,03:44,20","TD,4,12:30,100",10,80,6:14,PUNT,3,03:44,RT20,TD,4,12:30,BT00,1
2022_03_BT_RT,BT,RT,Berlin Thunder,Raiders Tirol,6/19/2022,Innsbruck,Tivoli stadion,15:00,17:50,2:50,3032,32,no,sunny,J. Wild,H. Horak,R. Hoelbling,M. Wild,J. Scott,N. Lakowitz,A. Flaisch-J.,RT,3,13,RT17,"H,3,13,H17","19,5,126","PEN:V,DH,A,TM,H36,1","PENALTY BT Defensive Holding 19 yards to the RT36, 1ST DOWN RT.","H,1,10,H36",penalty,NA,penalty,0,16,21,NA,0,19,H,RT,"PUNT,3,03:44,20","TD,4,12:30,100",10,80,6:14,PUNT,3,03:44,RT20,TD,4,12:30,BT00,1
2022_03_BT_RT,BT,RT,Berlin Thunder,Raiders Tirol,6/19/2022,Innsbruck,Tivoli stadion,15:00,17:50,2:50,3032,32,no,sunny,J. Wild,H. Horak,R. Hoelbling,M. Wild,J. Scott,N. Lakowitz,A. Flaisch-J.,RT,1,10,RT36,"H,1,10,H36","19,6,127","RUSH:25,H39, TACK:53",T. Bonatti rush for 3 yards to the RT39 (D. Izinyon).,"H,2,7,H39",rush,NA,NA,0,16,21,NA,0,19,H,RT,"PUNT,3,03:44,20","TD,4,12:30,100",10,80,6:14,PUNT,3,03:44,RT20,TD,4,12:30,BT00,1
2022_03_BT_RT,BT,RT,Berlin Thunder,Raiders Tirol,6/19/2022,Innsbruck,Tivoli stadion,15:00,17:50,2:50,3032,32,no,sunny,J. Wild,H. Horak,R. Hoelbling,M. Wild,J. Scott,N. Lakowitz,A. Flaisch-J.,RT,2,7,RT39,"H,2,7,H39","19,7,128","PASS:12,I,82,* BRUP:30",S. Shelton pass incomplete to J. Grischenig (L. Myrén).,"H,3,7,H39",pass,NA,NA,0,16,21,NA,0,19,H,RT,"PUNT,3,03:44,20","TD,4,12:30,100",10,80,6:14,PUNT,3,03:44,RT20,TD,4,12:30,BT00,1
2022_03_BT_RT,BT,RT,Berlin Thunder,Raiders Tirol,6/19/2022,Innsbruck,Tivoli stadion,15:00,17:50,2:50,3032,32,no,sunny,J. Wild,H. Horak,R. Hoelbling,M. Wild,J. Scott,N. Lakowitz,A. Flaisch-J.,RT,3,7,RT39,"H,3,7,H39","19,8,129","RUSH:12,V41, TACK:30,41","S. Shelton rush for 20 yards to the BT41, 1ST DOWN RT (L. Myrén;41).","H,1,10,V41",rush,NA,rush,0,16,21,NA,0,19,H,RT,"PUNT,3,03:44,20","TD,4,12:30,100",10,80,6:14,PUNT,3,03:44,RT20,TD,4,12:30,BT00,1
2022_03_BT_RT,BT,RT,Berlin Thunder,Raiders Tirol,6/19/2022,Innsbruck,Tivoli stadion,15:00,17:50,2:50,3032,32,no,sunny,J. Wild,H. Horak,R. Hoelbling,M. Wild,J. Scott,N. Lakowitz,A. Flaisch-J.,RT,1,10,BT41,"H,1,10,V41","19,9,130","PASS:12,S,TM,V45 SACK:2",S. Shelton sacked for loss of 4 yards to the BT45 (S. Zeregbe).,"H,2,14,V45",pass,NA,NA,0,16,21,NA,0,19,H,RT,"PUNT,3,03:44,20","TD,4,12:30,100",10,80,6:14,PUNT,3,03:44,RT20,TD,4,12:30,BT00,1
2022_03_BT_RT,BT,RT,Berlin Thunder,Raiders Tirol,6/19/2022,Innsbruck,Tivoli stadion,15:00,17:50,2:50,3032,32,no,sunny,J. Wild,H. Horak,R. Hoelbling,M. Wild,J. Scott,N. Lakowitz,A. Flaisch-J.,RT,2,14,BT45,"H,2,14,V45","19,10,131","PASS:12,C,10,V41 TACK:4",S. Shelton pass complete to P. Haun for 4 yards to the BT41 (G. Chongo).,"H,3,10,V41",pass,NA,NA,0,16,21,NA,0,19,H,RT,"PUNT,3,03:44,20","TD,4,12:30,100",10,80,6:14,PUNT,3,03:44,RT20,TD,4,12:30,BT00,1
2022_03_BT_RT,BT,RT,Berlin Thunder,Raiders Tirol,6/19/2022,Innsbruck,Tivoli stadion,15:00,17:50,2:50,3032,32,no,sunny,J. Wild,H. Horak,R. Hoelbling,M. Wild,J. Scott,N. Lakowitz,A. Flaisch-J.,RT,3,10,BT41,"H,3,10,V41","19,11,132",Q:4 T:15:00,"Start of 4th quarter, clock 15:00.","H,3,10,V41",NA,15:00,NA,0,16,21,NA,0,19,H,RT,"PUNT,3,03:44,20","TD,4,12:30,100",10,80,6:14,PUNT,3,03:44,RT20,TD,4,12:30,BT00,1
2022_03_BT_RT,BT,RT,Berlin Thunder,Raiders Tirol,6/19/2022,Innsbruck,Tivoli stadion,15:00,17:50,2:50,3032,32,no,sunny,J. Wild,H. Horak,R. Hoelbling,M. Wild,J. Scott,N. Lakowitz,A. Flaisch-J.,RT,3,10,BT41,"H,3,10,V41","19,12,133",T:15:00,Clock 15:00.,"H,3,10,V41",NA,15:00,NA,0,16,21,NA,0,19,H,RT,"PUNT,3,03:44,20","TD,4,12:30,100",10,80,6:14,PUNT,3,03:44,RT20,TD,4,12:30,BT00,1
2022_03_BT_RT,BT,RT,Berlin Thunder,Raiders Tirol,6/19/2022,Innsbruck,Tivoli stadion,15:00,17:50,2:50,3032,32,no,sunny,J. Wild,H. Horak,R. Hoelbling,M. Wild,J. Scott,N. Lakowitz,A. Flaisch-J.,RT,3,10,BT41,"H,3,10,V41","19,13,134","PASS:12,C,25,V35 TACK:53,20",S. Shelton pass complete to T. Bonatti for 6 yards to the BT35 (D. Izinyon;R. Kendall).,"H,4,4,V35",pass,NA,NA,0,16,21,NA,0,19,H,RT,"PUNT,3,03:44,20","TD,4,12:30,100",10,80,6:14,PUNT,3,03:44,RT20,TD,4,12:30,BT00,1
2022_03_BT_RT,BT,RT,Berlin Thunder,Raiders Tirol,6/19/2022,Innsbruck,Tivoli stadion,15:00,17:50,2:50,3032,32,no,sunny,J. Wild,H. Horak,R. Hoelbling,M. Wild,J. Scott,N. Lakowitz,A. Flaisch-J.,RT,4,4,BT35,"H,4,4,V35","19,14,135","PEN:V,ENC,A,TM,V30,1","PENALTY BT ENC 5 yards to the BT30, 1ST DOWN RT.","H,1,10,V30",penalty,NA,penalty,0,16,21,NA,0,19,H,RT,"PUNT,3,03:44,20","TD,4,12:30,100",10,80,6:14,PUNT,3,03:44,RT20,TD,4,12:30,BT00,1
2022_03_BT_RT,BT,RT,Berlin Thunder,Raiders Tirol,6/19/2022,Innsbruck,Tivoli stadion,15:00,17:50,2:50,3032,32,no,sunny,J. Wild,H. Horak,R. Hoelbling,M. Wild,J. Scott,N. Lakowitz,A. Flaisch-J.,RT,1,10,BT30,"H,1,10,V30","19,15,136","RUSH:12,V21, TACK:20",S. Shelton rush for 9 yards to the BT21 (R. Kendall).,"H,2,1,V21",rush,NA,NA,0,16,21,NA,0,19,H,RT,"PUNT,3,03:44,20","TD,4,12:30,100",10,80,6:14,PUNT,3,03:44,RT20,TD,4,12:30,BT00,1
2022_03_BT_RT,BT,RT,Berlin Thunder,Raiders Tirol,6/19/2022,Innsbruck,Tivoli stadion,15:00,17:50,2:50,3032,32,no,sunny,J. Wild,H. Horak,R. Hoelbling,M. Wild,J. Scott,N. Lakowitz,A. Flaisch-J.,RT,2,1,BT21,"H,2,1,V21","19,16,137","RUSH:25,V15, TACK:20","T. Bonatti rush for 6 yards to the BT15, 1ST DOWN RT (R. Kendall).","H,1,10,V15",rush,NA,rush,0,16,21,NA,0,19,H,RT,"PUNT,3,03:44,20","TD,4,12:30,100",10,80,6:14,PUNT,3,03:44,RT20,TD,4,12:30,BT00,1
2022_03_BT_RT,BT,RT,Berlin Thunder,Raiders Tirol,6/19/2022,Innsbruck,Tivoli stadion,15:00,17:50,2:50,3032,32,no,sunny,J. Wild,H. Horak,R. Hoelbling,M. Wild,J. Scott,N. Lakowitz,A. Flaisch-J.,RT,1,10,BT15,"H,1,10,V15","19,17,138","PASS:12,C,25,V00 TACK:4","S. Shelton pass complete to T. Bonatti for 15 yards to the BT0, 1ST DOWN RT, TOUCHDOWN (G. Chongo).","H,1,10,V15",pass,NA,pass,1,16,27,NA,0,19,H,RT,"PUNT,3,03:44,20","TD,4,12:30,100",10,80,6:14,PUNT,3,03:44,RT20,TD,4,12:30,BT00,1
2022_03_BT_RT,BT,RT,Berlin Thunder,Raiders Tirol,6/19/2022,Innsbruck,Tivoli stadion,15:00,17:50,2:50,3032,32,no,sunny,J. Wild,H. Horak,R. Hoelbling,M. Wild,J. Scott,N. Lakowitz,A. Flaisch-J.,RT,1,10,BT15,"H,1,10,V15","19,18,139","PAT:K,33,G",T. Unger kick attempt good.,"H,1,0,H30",pat,NA,NA,1,16,28,NA,0,19,H,RT,"PUNT,3,03:44,20","TD,4,12:30,100",10,80,6:14,PUNT,3,03:44,RT20,TD,4,12:30,BT00,1
2022_03_BT_RT,BT,RT,Berlin Thunder,Raiders Tirol,6/19/2022,Innsbruck,Tivoli stadion,15:00,17:50,2:50,3032,32,no,sunny,J. Wild,H. Horak,R. Hoelbling,M. Wild,J. Scott,N. Lakowitz,A. Flaisch-J.,RT,1,0,RT30,"H,1,0,H30","19,19,140","KO:33,V11 RET:22,V31 TACK:21","T. Unger kickoff 59 yards to the BT11, A. Wiesigstrauc return 20 yards to the BT31 (M. Roger).","V,1,10,V31",kick_off,NA,NA,0,16,28,NA,0,19,H,RT,"PUNT,3,03:44,20","TD,4,12:30,100",10,80,6:14,PUNT,3,03:44,RT20,TD,4,12:30,BT00,1
2022_03_BT_RT,BT,RT,Berlin Thunder,Raiders Tirol,6/19/2022,Innsbruck,Tivoli stadion,15:00,17:50,2:50,3032,32,no,sunny,J. Wild,H. Horak,R. Hoelbling,M. Wild,J. Scott,N. Lakowitz,A. Flaisch-J.,BT,1,10,BT31,"V,1,10,V31","20,1,141","{DRIVE}:12:30 PASS:9,I,11,* BRUP:5","BERLIN THUNDER drive start at 12:30, J. Germinerio pass incomplete to B. Zerbe (D. Shelton).","V,2,10,V31",pass,12:30,NA,0,16,28,NA,0,20,V,BT,"KO,4,12:30,31","DOWNS,4,12:30,75",10,44,0:00,KO,4,12:30,BT31,DOWNS,4,12:30,RT25,1
2022_03_BT_RT,BT,RT,Berlin Thunder,Raiders Tirol,6/19/2022,Innsbruck,Tivoli stadion,15:00,17:50,2:50,3032,32,no,sunny,J. Wild,H. Horak,R. Hoelbling,M. Wild,J. Scott,N. Lakowitz,A. Flaisch-J.,BT,2,10,BT31,"V,2,10,V31","20,2,142","PEN:H,DH,A,23,V36,1","PENALTY RT Defensive Holding (V. Mueller) 5 yards to the BT36, 1ST DOWN BT.","V,1,10,V36",penalty,NA,penalty,0,16,28,NA,0,20,V,BT,"KO,4,12:30,31","DOWNS,4,12:30,75",10,44,0:00,KO,4,12:30,BT31,DOWNS,4,12:30,RT25,1
2022_03_BT_RT,BT,RT,Berlin Thunder,Raiders Tirol,6/19/2022,Innsbruck,Tivoli stadion,15:00,17:50,2:50,3032,32,no,sunny,J. Wild,H. Horak,R. Hoelbling,M. Wild,J. Scott,N. Lakowitz,A. Flaisch-J.,BT,1,10,BT36,"V,1,10,V36","20,3,143","RUSH:1,V36, TACK:95",J. Crawford rush for no gain to the BT36 (S. Schaar).,"V,2,10,V36",rush,NA,NA,0,16,28,NA,0,20,V,BT,"KO,4,12:30,31","DOWNS,4,12:30,75",10,44,0:00,KO,4,12:30,BT31,DOWNS,4,12:30,RT25,1
2022_03_BT_RT,BT,RT,Berlin Thunder,Raiders Tirol,6/19/2022,Innsbruck,Tivoli stadion,15:00,17:50,2:50,3032,32,no,sunny,J. Wild,H. Horak,R. Hoelbling,M. Wild,J. Scott,N. Lakowitz,A. Flaisch-J.,BT,2,10,BT36,"V,2,10,V36","20,4,144","RUSH:1,V39, TACK:11,95",J. Crawford rush for 3 yards to the BT39 (A. Ferrari;S. Schaar).,"V,3,7,V39",rush,NA,NA,0,16,28,NA,0,20,V,BT,"KO,4,12:30,31","DOWNS,4,12:30,75",10,44,0:00,KO,4,12:30,BT31,DOWNS,4,12:30,RT25,1
2022_03_BT_RT,BT,RT,Berlin Thunder,Raiders Tirol,6/19/2022,Innsbruck,Tivoli stadion,15:00,17:50,2:50,3032,32,no,sunny,J. Wild,H. Horak,R. Hoelbling,M. Wild,J. Scott,N. Lakowitz,A. Flaisch-J.,BT,3,7,BT39,"V,3,7,V39","20,5,145","PASS:9,C,17,H39 TACK:23","J. Germinerio pass complete to E. Drossard for 22 yards to the RT39, 1ST DOWN BT (V. Mueller).","V,1,10,H39",pass,NA,pass,0,16,28,NA,0,20,V,BT,"KO,4,12:30,31","DOWNS,4,12:30,75",10,44,0:00,KO,4,12:30,BT31,DOWNS,4,12:30,RT25,1
2022_03_BT_RT,BT,RT,Berlin Thunder,Raiders Tirol,6/19/2022,Innsbruck,Tivoli stadion,15:00,17:50,2:50,3032,32,no,sunny,J. Wild,H. Horak,R. Hoelbling,M. Wild,J. Scott,N. Lakowitz,A. Flaisch-J.,BT,1,10,RT39,"V,1,10,H39","20,6,146","RUSH:1,H34, TACK:20",J. Crawford rush for 5 yards to the RT34 (P. Pilger).,"V,2,5,H34",rush,NA,NA,0,16,28,NA,0,20,V,BT,"KO,4,12:30,31","DOWNS,4,12:30,75",10,44,0:00,KO,4,12:30,BT31,DOWNS,4,12:30,RT25,1
2022_03_BT_RT,BT,RT,Berlin Thunder,Raiders Tirol,6/19/2022,Innsbruck,Tivoli stadion,15:00,17:50,2:50,3032,32,no,sunny,J. Wild,H. Horak,R. Hoelbling,M. Wild,J. Scott,N. Lakowitz,A. Flaisch-J.,BT,2,5,RT34,"V,2,5,H34","20,7,147","PEN:V,FS,A,TM,H39,N",PENALTY BT False Start 5 yards to the RT39.,"V,2,10,H39",penalty,NA,NA,0,16,28,NA,0,20,V,BT,"KO,4,12:30,31","DOWNS,4,12:30,75",10,44,0:00,KO,4,12:30,BT31,DOWNS,4,12:30,RT25,1
2022_03_BT_RT,BT,RT,Berlin Thunder,Raiders Tirol,6/19/2022,Innsbruck,Tivoli stadion,15:00,17:50,2:50,3032,32,no,sunny,J. Wild,H. Horak,R. Hoelbling,M. Wild,J. Scott,N. Lakowitz,A. Flaisch-J.,BT,2,10,RT39,"V,2,10,H39","20,8,148","PASS:9,C,22,H32 TACK:31",J. Germinerio pass complete to A. Wiesigstrauc for 7 yards to the RT32 (T. Anderson).,"V,3,3,H32",pass,NA,NA,0,16,28,NA,0,20,V,BT,"KO,4,12:30,31","DOWNS,4,12:30,75",10,44,0:00,KO,4,12:30,BT31,DOWNS,4,12:30,RT25,1
2022_03_BT_RT,BT,RT,Berlin Thunder,Raiders Tirol,6/19/2022,Innsbruck,Tivoli stadion,15:00,17:50,2:50,3032,32,no,sunny,J. Wild,H. Horak,R. Hoelbling,M. Wild,J. Scott,N. Lakowitz,A. Flaisch-J.,BT,3,3,RT32,"V,3,3,H32","20,9,149","PASS:9,C,22,H17 OB: TACK:1","J. Germinerio pass complete to A. Wiesigstrauc for 15 yards to the RT17, 1ST DOWN BT, out-of-bounds (R. Seeber).","V,1,10,H17",pass,NA,pass,0,16,28,NA,1,20,V,BT,"KO,4,12:30,31","DOWNS,4,12:30,75",10,44,0:00,KO,4,12:30,BT31,DOWNS,4,12:30,RT25,1
2022_03_BT_RT,BT,RT,Berlin Thunder,Raiders Tirol,6/19/2022,Innsbruck,Tivoli stadion,15:00,17:50,2:50,3032,32,no,sunny,J. Wild,H. Horak,R. Hoelbling,M. Wild,J. Scott,N. Lakowitz,A. Flaisch-J.,BT,1,10,RT17,"V,1,10,H17","20,10,150","RUSH:22,H15, TACK:92",A. Wiesigstrauc rush for 2 yards to the RT15 (L. Orlovicius).,"V,2,8,H15",rush,NA,NA,0,16,28,NA,0,20,V,BT,"KO,4,12:30,31","DOWNS,4,12:30,75",10,44,0:00,KO,4,12:30,BT31,DOWNS,4,12:30,RT25,1
2022_03_BT_RT,BT,RT,Berlin Thunder,Raiders Tirol,6/19/2022,Innsbruck,Tivoli stadion,15:00,17:50,2:50,3032,32,no,sunny,J. Wild,H. Horak,R. Hoelbling,M. Wild,J. Scott,N. Lakowitz,A. Flaisch-J.,BT,2,8,RT15,"V,2,8,H15","20,11,151","PASS:9,I,11,* BRUP:3",J. Germinerio pass incomplete to B. Zerbe (J. Mayerhofer).,"V,3,8,H15",pass,NA,NA,0,16,28,NA,0,20,V,BT,"KO,4,12:30,31","DOWNS,4,12:30,75",10,44,0:00,KO,4,12:30,BT31,DOWNS,4,12:30,RT25,1
2022_03_BT_RT,BT,RT,Berlin Thunder,Raiders Tirol,6/19/2022,Innsbruck,Tivoli stadion,15:00,17:50,2:50,3032,32,no,sunny,J. Wild,H. Horak,R. Hoelbling,M. Wild,J. Scott,N. Lakowitz,A. Flaisch-J.,BT,3,8,RT15,"V,3,8,H15","20,12,152","PEN:V,OH,D",PENALTY BT Offensive Holding declined.,"V,3,8,H15",penalty,NA,NA,0,16,28,NA,0,20,V,BT,"KO,4,12:30,31","DOWNS,4,12:30,75",10,44,0:00,KO,4,12:30,BT31,DOWNS,4,12:30,RT25,1
2022_03_BT_RT,BT,RT,Berlin Thunder,Raiders Tirol,6/19/2022,Innsbruck,Tivoli stadion,15:00,17:50,2:50,3032,32,no,sunny,J. Wild,H. Horak,R. Hoelbling,M. Wild,J. Scott,N. Lakowitz,A. Flaisch-J.,BT,3,8,RT15,"V,3,8,H15","20,13,153","D:4,8",4th and 8.,"V,4,8,H15",NA,NA,NA,0,16,28,NA,0,20,V,BT,"KO,4,12:30,31","DOWNS,4,12:30,75",10,44,0:00,KO,4,12:30,BT31,DOWNS,4,12:30,RT25,1
2022_03_BT_RT,BT,RT,Berlin Thunder,Raiders Tirol,6/19/2022,Innsbruck,Tivoli stadion,15:00,17:50,2:50,3032,32,no,sunny,J. Wild,H. Horak,R. Hoelbling,M. Wild,J. Scott,N. Lakowitz,A. Flaisch-J.,BT,4,8,RT15,"V,4,8,H15","20,14,154","PASS:9,S,TM,H25 SACK:91",J. Germinerio sacked for loss of 10 yards to the RT25 (D. Brumfield).,"H,1,10,H25",pass,NA,NA,0,16,28,NA,0,20,V,BT,"KO,4,12:30,31","DOWNS,4,12:30,75",10,44,0:00,KO,4,12:30,BT31,DOWNS,4,12:30,RT25,1
2022_03_BT_RT,BT,RT,Berlin Thunder,Raiders Tirol,6/19/2022,Innsbruck,Tivoli stadion,15:00,17:50,2:50,3032,32,no,sunny,J. Wild,H. Horak,R. Hoelbling,M. Wild,J. Scott,N. Lakowitz,A. Flaisch-J.,RT,1,10,RT25,"H,1,10,H25","21,1,155",{DRIVE}:07:25,RAIDERS TIROL drive start at 07:25.,"H,1,10,H25",NA,07:25,NA,0,16,28,NA,0,21,H,RT,"DOWNS,4,07:25,25","PUNT,4,07:25,22",3,-3,0:00,DOWNS,4,07:25,RT25,PUNT,4,07:25,RT22,NA
2022_03_BT_RT,BT,RT,Berlin Thunder,Raiders Tirol,6/19/2022,Innsbruck,Tivoli stadion,15:00,17:50,2:50,3032,32,no,sunny,J. Wild,H. Horak,R. Hoelbling,M. Wild,J. Scott,N. Lakowitz,A. Flaisch-J.,RT,1,10,RT25,"H,1,10,H25","21,2,156","PASS:12,I,80,* BRUP:8",S. Shelton pass incomplete to F. Abfalter (P. Seifert).,"H,2,10,H25",pass,NA,NA,0,16,28,NA,0,21,H,RT,"DOWNS,4,07:25,25","PUNT,4,07:25,22",3,-3,0:00,DOWNS,4,07:25,RT25,PUNT,4,07:25,RT22,NA
2022_03_BT_RT,BT,RT,Berlin Thunder,Raiders Tirol,6/19/2022,Innsbruck,Tivoli stadion,15:00,17:50,2:50,3032,32,no,sunny,J. Wild,H. Horak,R. Hoelbling,M. Wild,J. Scott,N. Lakowitz,A. Flaisch-J.,RT,2,10,RT25,"H,2,10,H25","21,3,157","RUSH:25,H26, TACK:20",T. Bonatti rush for 1 yard to the RT26 (R. Kendall).,"H,3,9,H26",rush,NA,NA,0,16,28,NA,0,21,H,RT,"DOWNS,4,07:25,25","PUNT,4,07:25,22",3,-3,0:00,DOWNS,4,07:25,RT25,PUNT,4,07:25,RT22,NA
2022_03_BT_RT,BT,RT,Berlin Thunder,Raiders Tirol,6/19/2022,Innsbruck,Tivoli stadion,15:00,17:50,2:50,3032,32,no,sunny,J. Wild,H. Horak,R. Hoelbling,M. Wild,J. Scott,N. Lakowitz,A. Flaisch-J.,RT,3,9,RT26,"H,3,9,H26","21,4,158","PASS:12,S,TM,H22 SACK:2",S. Shelton sacked for loss of 4 yards to the RT22 (S. Zeregbe).,"H,4,13,H22",pass,NA,NA,0,16,28,NA,0,21,H,RT,"DOWNS,4,07:25,25","PUNT,4,07:25,22",3,-3,0:00,DOWNS,4,07:25,RT25,PUNT,4,07:25,RT22,NA
2022_03_BT_RT,BT,RT,Berlin Thunder,Raiders Tirol,6/19/2022,Innsbruck,Tivoli stadion,15:00,17:50,2:50,3032,32,no,sunny,J. Wild,H. Horak,R. Hoelbling,M. Wild,J. Scott,N. Lakowitz,A. Flaisch-J.,RT,4,13,RT22,"H,4,13,H22","21,5,159","PUNT:1,V44 DN:","R. Seeber punt 34 yards to the BT44, downed.","V,1,10,V44",punt,NA,NA,0,16,28,NA,0,21,H,RT,"DOWNS,4,07:25,25","PUNT,4,07:25,22",3,-3,0:00,DOWNS,4,07:25,RT25,PUNT,4,07:25,RT22,NA
2022_03_BT_RT,BT,RT,Berlin Thunder,Raiders Tirol,6/19/2022,Innsbruck,Tivoli stadion,15:00,17:50,2:50,3032,32,no,sunny,J. Wild,H. Horak,R. Hoelbling,M. Wild,J. Scott,N. Lakowitz,A. Flaisch-J.,BT,1,10,BT44,"V,1,10,V44","22,1,160","{DRIVE}:07:25 POSS: SPOT:H,H27,Y D:1,7","BERLIN THUNDER drive start at 07:25, Change of possession, RT ball on RT27, 1st and 7.","H,1,7,H27",NA,07:25,NA,0,16,28,NA,0,22,V,BT,"PUNT,4,07:25,44","POSS,4,05:41,44",0,0,1:44,PUNT,4,07:25,BT44,POSS,4,05:41,BT44,NA
2022_03_BT_RT,BT,RT,Berlin Thunder,Raiders Tirol,6/19/2022,Innsbruck,Tivoli stadion,15:00,17:50,2:50,3032,32,no,sunny,J. Wild,H. Horak,R. Hoelbling,M. Wild,J. Scott,N. Lakowitz,A. Flaisch-J.,RT,1,7,RT27,"H,1,7,H27","23,1,161","{DRIVE}:05:41 POSS: SPOT:V,V49,Y D:1,10","RAIDERS TIROL drive start at 05:41, Change of possession, BT ball on BT49, 1st and 10.","V,1,10,V49",NA,05:41,NA,0,16,28,NA,0,23,H,RT,"POSS,4,05:41,27","POSS,4,05:41,27",0,0,0:00,POSS,4,05:41,RT27,POSS,4,05:41,RT27,NA
2022_03_BT_RT,BT,RT,Berlin Thunder,Raiders Tirol,6/19/2022,Innsbruck,Tivoli stadion,15:00,17:50,2:50,3032,32,no,sunny,J. Wild,H. Horak,R. Hoelbling,M. Wild,J. Scott,N. Lakowitz,A. Flaisch-J.,BT,1,10,BT49,"V,1,10,V49","24,1,162","{DRIVE}:05:41 PASS:9,I,17,* BRUP:3","BERLIN THUNDER drive start at 05:41, J. Germinerio pass incomplete to E. Drossard (J. Mayerhofer).","V,2,10,V49",pass,05:41,NA,0,16,28,NA,0,24,V,BT,"POSS,4,05:41,49","INT,4,04:10,51",3,2,1:31,POSS,4,05:41,BT49,INT,4,04:10,RT49,NA
2022_03_BT_RT,BT,RT,Berlin Thunder,Raiders Tirol,6/19/2022,Innsbruck,Tivoli stadion,15:00,17:50,2:50,3032,32,no,sunny,J. Wild,H. Horak,R. Hoelbling,M. Wild,J. Scott,N. Lakowitz,A. Flaisch-J.,BT,2,10,BT49,"V,2,10,V49","24,2,163","PEN:V,ICT,A,TM,V44,N",PENALTY BT ICT 5 yards to the BT44.,"V,2,15,V44",penalty,NA,NA,0,16,28,NA,0,24,V,BT,"POSS,4,05:41,49","INT,4,04:10,51",3,2,1:31,POSS,4,05:41,BT49,INT,4,04:10,RT49,NA
2022_03_BT_RT,BT,RT,Berlin Thunder,Raiders Tirol,6/19/2022,Innsbruck,Tivoli stadion,15:00,17:50,2:50,3032,32,no,sunny,J. Wild,H. Horak,R. Hoelbling,M. Wild,J. Scott,N. Lakowitz,A. Flaisch-J.,BT,2,15,BT44,"V,2,15,V44","24,3,164","PASS:9,C,11,H44 TACK:3",J. Germinerio pass complete to B. Zerbe for 12 yards to the RT44 (J. Mayerhofer).,"V,3,3,H44",pass,NA,NA,0,16,28,NA,0,24,V,BT,"POSS,4,05:41,49","INT,4,04:10,51",3,2,1:31,POSS,4,05:41,BT49,INT,4,04:10,RT49,NA
2022_03_BT_RT,BT,RT,Berlin Thunder,Raiders Tirol,6/19/2022,Innsbruck,Tivoli stadion,15:00,17:50,2:50,3032,32,no,sunny,J. Wild,H. Horak,R. Hoelbling,M. Wild,J. Scott,N. Lakowitz,A. Flaisch-J.,BT,3,3,RT44,"V,3,3,H44","24,4,165","PEN:V,FS,A,TM,H49,N",PENALTY BT False Start 5 yards to the RT49.,"V,3,8,H49",penalty,NA,NA,0,16,28,NA,0,24,V,BT,"POSS,4,05:41,49","INT,4,04:10,51",3,2,1:31,POSS,4,05:41,BT49,INT,4,04:10,RT49,NA
2022_03_BT_RT,BT,RT,Berlin Thunder,Raiders Tirol,6/19/2022,Innsbruck,Tivoli stadion,15:00,17:50,2:50,3032,32,no,sunny,J. Wild,H. Horak,R. Hoelbling,M. Wild,J. Scott,N. Lakowitz,A. Flaisch-J.,BT,3,8,RT49,"V,3,8,H49","24,5,166","PASS:9,X,20,H38 RET:23,H30 TACK:1","J. Germinerio pass intercepted by P. Pilger at the RT38, V. Mueller return -8 yards to the RT30 (J. Crawford).","H,1,10,H30",pass,NA,NA,0,16,28,I,0,24,V,BT,"POSS,4,05:41,49","INT,4,04:10,51",3,2,1:31,POSS,4,05:41,BT49,INT,4,04:10,RT49,NA
2022_03_BT_RT,BT,RT,Berlin Thunder,Raiders Tirol,6/19/2022,Innsbruck,Tivoli stadion,15:00,17:50,2:50,3032,32,no,sunny,J. Wild,H. Horak,R. Hoelbling,M. Wild,J. Scott,N. Lakowitz,A. Flaisch-J.,RT,1,10,RT30,"H,1,10,H30","25,1,167","{DRIVE}:04:10 SPOT:H,H40,N","RAIDERS TIROL drive start at 04:10, RT ball on RT40.","H,1,10,H40",NA,04:10,NA,0,16,28,NA,0,25,H,RT,"INT,4,04:10,30","HALF,4,00:00,97",4,67,4:10,INT,4,04:10,RT30,HALF,4,00:00,BT03,NA
2022_03_BT_RT,BT,RT,Berlin Thunder,Raiders Tirol,6/19/2022,Innsbruck,Tivoli stadion,15:00,17:50,2:50,3032,32,no,sunny,J. Wild,H. Horak,R. Hoelbling,M. Wild,J. Scott,N. Lakowitz,A. Flaisch-J.,RT,1,10,RT40,"H,1,10,H40","25,2,168","RUSH:24,H44, TACK:8",L. Haslwanter rush for 4 yards to the RT44 (P. Seifert).,"H,2,6,H44",rush,NA,NA,0,16,28,NA,0,25,H,RT,"INT,4,04:10,30","HALF,4,00:00,97",4,67,4:10,INT,4,04:10,RT30,HALF,4,00:00,BT03,NA
2022_03_BT_RT,BT,RT,Berlin Thunder,Raiders Tirol,6/19/2022,Innsbruck,Tivoli stadion,15:00,17:50,2:50,3032,32,no,sunny,J. Wild,H. Horak,R. Hoelbling,M. Wild,J. Scott,N. Lakowitz,A. Flaisch-J.,RT,2,6,RT44,"H,2,6,H44","25,3,169","RUSH:24,V49, TACK:21,53","L. Haslwanter rush for 7 yards to the BT49, 1ST DOWN RT (A. Kilani;D. Izinyon).","H,1,10,V49",rush,NA,rush,0,16,28,NA,0,25,H,RT,"INT,4,04:10,30","HALF,4,00:00,97",4,67,4:10,INT,4,04:10,RT30,HALF,4,00:00,BT03,NA
2022_03_BT_RT,BT,RT,Berlin Thunder,Raiders Tirol,6/19/2022,Innsbruck,Tivoli stadion,15:00,17:50,2:50,3032,32,no,sunny,J. Wild,H. Horak,R. Hoelbling,M. Wild,J. Scott,N. Lakowitz,A. Flaisch-J.,RT,1,10,BT49,"H,1,10,V49","25,4,170","RUSH:24,V48, TACK:88",L. Haslwanter rush for 1 yard to the BT48 (G. Behling-Lang).,"H,2,9,V48",rush,NA,NA,0,16,28,NA,0,25,H,RT,"INT,4,04:10,30","HALF,4,00:00,97",4,67,4:10,INT,4,04:10,RT30,HALF,4,00:00,BT03,NA
2022_03_BT_RT,BT,RT,Berlin Thunder,Raiders Tirol,6/19/2022,Innsbruck,Tivoli stadion,15:00,17:50,2:50,3032,32,no,sunny,J. Wild,H. Horak,R. Hoelbling,M. Wild,J. Scott,N. Lakowitz,A. Flaisch-J.,RT,2,9,BT48,"H,2,9,V48","25,5,171","PEN:V,FMM,A,TM,V29,1","PENALTY BT FMM 19 yards to the BT29, 1ST DOWN RT.","H,1,10,V29",penalty,NA,penalty,0,16,28,NA,0,25,H,RT,"INT,4,04:10,30","HALF,4,00:00,97",4,67,4:10,INT,4,04:10,RT30,HALF,4,00:00,BT03,NA
2022_03_BT_RT,BT,RT,Berlin Thunder,Raiders Tirol,6/19/2022,Innsbruck,Tivoli stadion,15:00,17:50,2:50,3032,32,no,sunny,J. Wild,H. Horak,R. Hoelbling,M. Wild,J. Scott,N. Lakowitz,A. Flaisch-J.,RT,1,10,BT29,"H,1,10,V29","25,6,172","RUSH:25,V03, TACK:8","T. Bonatti rush for 26 yards to the BT3, 1ST DOWN RT (P. Seifert).","H,1,0,V03",rush,NA,rush,0,16,28,NA,0,25,H,RT,"INT,4,04:10,30","HALF,4,00:00,97",4,67,4:10,INT,4,04:10,RT30,HALF,4,00:00,BT03,NA
2022_03_BT_RT,BT,RT,Berlin Thunder,Raiders Tirol,6/19/2022,Innsbruck,Tivoli stadion,15:00,17:50,2:50,3032,32,no,sunny,J. Wild,H. Horak,R. Hoelbling,M. Wild,J. Scott,N. Lakowitz,A. Flaisch-J.,RT,1,0,BT03,"H,1,0,V03","25,7,173",HALF: T:00:00,"End of game, clock 00:00.","H,1,0,V03",NA,00:00,NA,0,16,28,NA,0,25,H,RT,"INT,4,04:10,30","HALF,4,00:00,97",4,67,4:10,INT,4,04:10,RT30,HALF,4,00:00,BT03,NA
2022_03_BT_RT,BT,RT,Berlin Thunder,Raiders Tirol,6/19/2022,Innsbruck,Tivoli stadion,15:00,17:50,2:50,3032,32,no,sunny,J. Wild,H. Horak,R. Hoelbling,M. Wild,J. Scott,N. Lakowitz,A. Flaisch-J.,RT,1,0,BT03,"H,1,0,V03","25,8,174",T:00:00,Clock 00:00.,"H,1,0,V03",NA,00:00,NA,0,16,28,NA,0,25,H,RT,"INT,4,04:10,30","HALF,4,00:00,97",4,67,4:10,INT,4,04:10,RT30,HALF,4,00:00,BT03,NA
