game_id,away_team_id,home_team_id,away_team,home_team,date,location,stadium,start,end,leaguegame,duration,attend,temp,wind,weather,ref,ump,line,lj,bj,fj,sj,posteam,down,togo,spot,context,play_id,tokens,desc,newcontext,play_type,first_down_with,clock,oob,score,away_score_post,home_score_post,turnover,drive_number,drive_vh,drive_team,drive_start,drive_end,drive_plays,drive_yards,drive_top,drive_start_how,drive_start_qtr,drive_start_time,drive_start_spot,drive_end_how,drive_end_qtr,drive_end_time,drive_end_spot,drive_rz
2022_02_FG_VV,FG,VV,Frankfurt Galaxy,Vienna Vikings,6/12/2022,Vienna,Generali-Arena,15:00,17.58,Y,2h58,3913,27 C,SO 11kmh,cloudy,A. Zarganis,H. Horak,G. Udvardi,R. Hoelbling,B. Marciniak,A. Eriksen,G. Tesli,FG,1,10,FG30,"V,1,10,V30","0,1,0","CMT:VV won toss, defer to second half, FG elect to receive.","VV won toss, defer to second half, FG elect to receive.","V,1,10,V30",NA,NA,NA,0,0,0,0,NA,0,NA,NA,NA,NA,NA,NA,NA,NA,NA,NA,NA,NA,NA,NA,NA,NA
2022_02_FG_VV,FG,VV,Frankfurt Galaxy,Vienna Vikings,6/12/2022,Vienna,Generali-Arena,15:00,17.58,Y,2h58,3913,27 C,SO 11kmh,cloudy,A. Zarganis,H. Horak,G. Udvardi,R. Hoelbling,B. Marciniak,A. Eriksen,G. Tesli,FG,1,10,FG30,"V,1,10,V30","0,2,1","UNI:H,13,3",VV       13 now wearing 3.,"V,1,10,V30",NA,NA,NA,0,0,0,0,NA,0,NA,NA,NA,NA,NA,NA,NA,NA,NA,NA,NA,NA,NA,NA,NA,NA
2022_02_FG_VV,FG,VV,Frankfurt Galaxy,Vienna Vikings,6/12/2022,Vienna,Generali-Arena,15:00,17.58,Y,2h58,3913,27 C,SO 11kmh,cloudy,A. Zarganis,H. Horak,G. Udvardi,R. Hoelbling,B. Marciniak,A. Eriksen,G. Tesli,FG,1,10,FG30,"V,1,10,V30","0,3,2","SPOT:H,H30,N",VV ball on VV30.,"H,1,10,H30",NA,NA,NA,0,0,0,0,NA,0,NA,NA,NA,NA,NA,NA,NA,NA,NA,NA,NA,NA,NA,NA,NA,NA
2022_02_FG_VV,FG,VV,Frankfurt Galaxy,Vienna Vikings,6/12/2022,Vienna,Generali-Arena,15:00,17.58,Y,2h58,3913,27 C,SO 11kmh,cloudy,A. Zarganis,H. Horak,G. Udvardi,R. Hoelbling,B. Marciniak,A. Eriksen,G. Tesli,VV,1,10,VV30,"H,1,10,H30","0,4,3","KO:23,V00 TB:","B. Straight kickoff 70 yards to the FG0, touchback.","V,1,10,V30",kick_off,NA,NA,0,0,0,0,NA,0,NA,NA,NA,NA,NA,NA,NA,NA,NA,NA,NA,NA,NA,NA,NA,NA
2022_02_FG_VV,FG,VV,Frankfurt Galaxy,Vienna Vikings,6/12/2022,Vienna,Generali-Arena,15:00,17.58,Y,2h58,3913,27 C,SO 11kmh,cloudy,A. Zarganis,H. Horak,G. Udvardi,R. Hoelbling,B. Marciniak,A. Eriksen,G. Tesli,FG,1,10,FG30,"V,1,10,V30","1,1,4","PASS:5,C,86,V34 TACK:10",M. Johannknecht pass complete to L. Regler for 4 yards to the FG34 (C. Smith).,"V,2,6,V34",pass,NA,NA,0,0,0,0,NA,1,V,FG,"KO,1,15:00,30","FGA,1,11:14,62",9,32,3:46,KO,1,15:00,FG30,FGA,1,11:14,VV38,NA
2022_02_FG_VV,FG,VV,Frankfurt Galaxy,Vienna Vikings,6/12/2022,Vienna,Generali-Arena,15:00,17.58,Y,2h58,3913,27 C,SO 11kmh,cloudy,A. Zarganis,H. Horak,G. Udvardi,R. Hoelbling,B. Marciniak,A. Eriksen,G. Tesli,FG,2,6,FG34,"V,2,6,V34","1,2,5","RUSH:21,V39, TACK:52",G. Adams rush for 5 yards to the FG39 (O. Kranich).,"V,3,1,V39",rush,NA,NA,0,0,0,0,NA,1,V,FG,"KO,1,15:00,30","FGA,1,11:14,62",9,32,3:46,KO,1,15:00,FG30,FGA,1,11:14,VV38,NA
2022_02_FG_VV,FG,VV,Frankfurt Galaxy,Vienna Vikings,6/12/2022,Vienna,Generali-Arena,15:00,17.58,Y,2h58,3913,27 C,SO 11kmh,cloudy,A. Zarganis,H. Horak,G. Udvardi,R. Hoelbling,B. Marciniak,A. Eriksen,G. Tesli,FG,3,1,FG39,"V,3,1,V39","1,3,6","PASS:5,C,87,V48","M. Johannknecht pass complete to K. Mwamba for 9 yards to the FG48, 1ST DOWN FG.","V,1,10,V48",pass,pass,NA,0,0,0,0,NA,1,V,FG,"KO,1,15:00,30","FGA,1,11:14,62",9,32,3:46,KO,1,15:00,FG30,FGA,1,11:14,VV38,NA
2022_02_FG_VV,FG,VV,Frankfurt Galaxy,Vienna Vikings,6/12/2022,Vienna,Generali-Arena,15:00,17.58,Y,2h58,3913,27 C,SO 11kmh,cloudy,A. Zarganis,H. Horak,G. Udvardi,R. Hoelbling,B. Marciniak,A. Eriksen,G. Tesli,FG,1,10,FG48,"V,1,10,V48","1,4,7","D:1,10",1st and 10.,"V,1,10,V48",NA,NA,NA,0,0,0,0,NA,1,V,FG,"KO,1,15:00,30","FGA,1,11:14,62",9,32,3:46,KO,1,15:00,FG30,FGA,1,11:14,VV38,NA
2022_02_FG_VV,FG,VV,Frankfurt Galaxy,Vienna Vikings,6/12/2022,Vienna,Generali-Arena,15:00,17.58,Y,2h58,3913,27 C,SO 11kmh,cloudy,A. Zarganis,H. Horak,G. Udvardi,R. Hoelbling,B. Marciniak,A. Eriksen,G. Tesli,FG,1,10,FG48,"V,1,10,V48","1,5,8","PASS:5,I,21,*",M. Johannknecht pass incomplete to G. Adams.,"V,2,10,V48",pass,NA,NA,0,0,0,0,NA,1,V,FG,"KO,1,15:00,30","FGA,1,11:14,62",9,32,3:46,KO,1,15:00,FG30,FGA,1,11:14,VV38,NA
2022_02_FG_VV,FG,VV,Frankfurt Galaxy,Vienna Vikings,6/12/2022,Vienna,Generali-Arena,15:00,17.58,Y,2h58,3913,27 C,SO 11kmh,cloudy,A. Zarganis,H. Horak,G. Udvardi,R. Hoelbling,B. Marciniak,A. Eriksen,G. Tesli,FG,2,10,FG48,"V,2,10,V48","1,6,9","PASS:5,C,21,H49 TACK:32 PEN:H,RP,A,99,H34,1","M. Johannknecht pass complete to G. Adams for 3 yards to the VV49 (L. Horvath), PENALTY VV Roughing the Passer (M.Mueller) 15 yards to the VV34, 1ST DOWN FG.","V,1,10,H34",pass,penalty,NA,0,0,0,0,NA,1,V,FG,"KO,1,15:00,30","FGA,1,11:14,62",9,32,3:46,KO,1,15:00,FG30,FGA,1,11:14,VV38,NA
2022_02_FG_VV,FG,VV,Frankfurt Galaxy,Vienna Vikings,6/12/2022,Vienna,Generali-Arena,15:00,17.58,Y,2h58,3913,27 C,SO 11kmh,cloudy,A. Zarganis,H. Horak,G. Udvardi,R. Hoelbling,B. Marciniak,A. Eriksen,G. Tesli,FG,1,10,VV34,"V,1,10,H34","1,7,10","D:1,10",1st and 10.,"V,1,10,H34",NA,NA,NA,0,0,0,0,NA,1,V,FG,"KO,1,15:00,30","FGA,1,11:14,62",9,32,3:46,KO,1,15:00,FG30,FGA,1,11:14,VV38,NA
2022_02_FG_VV,FG,VV,Frankfurt Galaxy,Vienna Vikings,6/12/2022,Vienna,Generali-Arena,15:00,17.58,Y,2h58,3913,27 C,SO 11kmh,cloudy,A. Zarganis,H. Horak,G. Udvardi,R. Hoelbling,B. Marciniak,A. Eriksen,G. Tesli,FG,1,10,VV34,"V,1,10,H34","1,8,11","PASS:5,I,87,*",M. Johannknecht pass incomplete to K. Mwamba.,"V,2,10,H34",pass,NA,NA,0,0,0,0,NA,1,V,FG,"KO,1,15:00,30","FGA,1,11:14,62",9,32,3:46,KO,1,15:00,FG30,FGA,1,11:14,VV38,NA
2022_02_FG_VV,FG,VV,Frankfurt Galaxy,Vienna Vikings,6/12/2022,Vienna,Generali-Arena,15:00,17.58,Y,2h58,3913,27 C,SO 11kmh,cloudy,A. Zarganis,H. Horak,G. Udvardi,R. Hoelbling,B. Marciniak,A. Eriksen,G. Tesli,FG,2,10,VV34,"V,2,10,H34","1,9,12","RUSH:21,H31, TACK:1,40",G. Adams rush for 3 yards to the VV31 (L. Balogh;T. Schnurrer).,"V,3,7,H31",rush,NA,NA,0,0,0,0,NA,1,V,FG,"KO,1,15:00,30","FGA,1,11:14,62",9,32,3:46,KO,1,15:00,FG30,FGA,1,11:14,VV38,NA
2022_02_FG_VV,FG,VV,Frankfurt Galaxy,Vienna Vikings,6/12/2022,Vienna,Generali-Arena,15:00,17.58,Y,2h58,3913,27 C,SO 11kmh,cloudy,A. Zarganis,H. Horak,G. Udvardi,R. Hoelbling,B. Marciniak,A. Eriksen,G. Tesli,FG,3,7,VV31,"V,3,7,H31","1,10,13","PASS:5,S,TM,H38 SACK:1",M. Johannknecht sacked for loss of 7 yards to the VV38 (L. Balogh).,"V,4,14,H38",pass,NA,NA,0,0,0,0,NA,1,V,FG,"KO,1,15:00,30","FGA,1,11:14,62",9,32,3:46,KO,1,15:00,FG30,FGA,1,11:14,VV38,NA
2022_02_FG_VV,FG,VV,Frankfurt Galaxy,Vienna Vikings,6/12/2022,Vienna,Generali-Arena,15:00,17.58,Y,2h58,3913,27 C,SO 11kmh,cloudy,A. Zarganis,H. Horak,G. Udvardi,R. Hoelbling,B. Marciniak,A. Eriksen,G. Tesli,FG,4,14,VV38,"V,4,14,H38","1,11,14","FGA:1,55,M,H45,R T:11:14","R. Rimmler field goal attempt from 55 MISSED - wide right, spot at VV45, clock 11:14.","H,1,10,H45",field_goal,NA,11:14,0,0,0,0,NA,1,V,FG,"KO,1,15:00,30","FGA,1,11:14,62",9,32,3:46,KO,1,15:00,FG30,FGA,1,11:14,VV38,NA
2022_02_FG_VV,FG,VV,Frankfurt Galaxy,Vienna Vikings,6/12/2022,Vienna,Generali-Arena,15:00,17.58,Y,2h58,3913,27 C,SO 11kmh,cloudy,A. Zarganis,H. Horak,G. Udvardi,R. Hoelbling,B. Marciniak,A. Eriksen,G. Tesli,VV,1,10,VV45,"H,1,10,H45","2,1,15",{DRIVE}:11:14,VIENNA VIKINGS drive start at 11:14.,"H,1,10,H45",NA,NA,11:14,0,0,0,0,NA,2,H,VV,"FGA,1,11:14,45","DOWNS,1,07:34,81",7,36,3:40,FGA,1,11:14,VV45,DOWNS,1,07:34,FG19,1
2022_02_FG_VV,FG,VV,Frankfurt Galaxy,Vienna Vikings,6/12/2022,Vienna,Generali-Arena,15:00,17.58,Y,2h58,3913,27 C,SO 11kmh,cloudy,A. Zarganis,H. Horak,G. Udvardi,R. Hoelbling,B. Marciniak,A. Eriksen,G. Tesli,VV,1,10,VV45,"H,1,10,H45","2,2,16","PASS:9,C,4,V47 TACK:14",J. Erdmann pass complete to J. Bouah for 8 yards to the FG47 (J. Poznanski).,"H,2,2,V47",pass,NA,NA,0,0,0,0,NA,2,H,VV,"FGA,1,11:14,45","DOWNS,1,07:34,81",7,36,3:40,FGA,1,11:14,VV45,DOWNS,1,07:34,FG19,1
2022_02_FG_VV,FG,VV,Frankfurt Galaxy,Vienna Vikings,6/12/2022,Vienna,Generali-Arena,15:00,17.58,Y,2h58,3913,27 C,SO 11kmh,cloudy,A. Zarganis,H. Horak,G. Udvardi,R. Hoelbling,B. Marciniak,A. Eriksen,G. Tesli,VV,2,2,FG47,"H,2,2,V47","2,3,17","RUSH:3,V35, TACK:40,19","F. Wegan rush for 12 yards to the FG35, 1ST DOWN VV (L. Achaintre;N. Strahmann).","H,1,10,V35",rush,rush,NA,0,0,0,0,NA,2,H,VV,"FGA,1,11:14,45","DOWNS,1,07:34,81",7,36,3:40,FGA,1,11:14,VV45,DOWNS,1,07:34,FG19,1
2022_02_FG_VV,FG,VV,Frankfurt Galaxy,Vienna Vikings,6/12/2022,Vienna,Generali-Arena,15:00,17.58,Y,2h58,3913,27 C,SO 11kmh,cloudy,A. Zarganis,H. Horak,G. Udvardi,R. Hoelbling,B. Marciniak,A. Eriksen,G. Tesli,VV,1,10,FG35,"H,1,10,V35","2,4,18","PASS:9,C,8,V23 TACK:18","J. Erdmann pass complete to A. Botella M for 12 yards to the FG23, 1ST DOWN VV (F. Lowery).","H,1,10,V23",pass,pass,NA,0,0,0,0,NA,2,H,VV,"FGA,1,11:14,45","DOWNS,1,07:34,81",7,36,3:40,FGA,1,11:14,VV45,DOWNS,1,07:34,FG19,1
2022_02_FG_VV,FG,VV,Frankfurt Galaxy,Vienna Vikings,6/12/2022,Vienna,Generali-Arena,15:00,17.58,Y,2h58,3913,27 C,SO 11kmh,cloudy,A. Zarganis,H. Horak,G. Udvardi,R. Hoelbling,B. Marciniak,A. Eriksen,G. Tesli,VV,1,10,FG23,"H,1,10,V23","2,5,19","RUSH:3,V19, TACK:99",F. Wegan rush for 4 yards to the FG19 (K. Maier).,"H,2,6,V19",rush,NA,NA,0,0,0,0,NA,2,H,VV,"FGA,1,11:14,45","DOWNS,1,07:34,81",7,36,3:40,FGA,1,11:14,VV45,DOWNS,1,07:34,FG19,1
2022_02_FG_VV,FG,VV,Frankfurt Galaxy,Vienna Vikings,6/12/2022,Vienna,Generali-Arena,15:00,17.58,Y,2h58,3913,27 C,SO 11kmh,cloudy,A. Zarganis,H. Horak,G. Udvardi,R. Hoelbling,B. Marciniak,A. Eriksen,G. Tesli,VV,2,6,FG19,"H,2,6,V19","2,6,20","RUSH:4,V24, TACK:14",J. Bouah rush for loss of 5 yards to the FG24 (J. Poznanski).,"H,3,11,V24",rush,NA,NA,0,0,0,0,NA,2,H,VV,"FGA,1,11:14,45","DOWNS,1,07:34,81",7,36,3:40,FGA,1,11:14,VV45,DOWNS,1,07:34,FG19,1
2022_02_FG_VV,FG,VV,Frankfurt Galaxy,Vienna Vikings,6/12/2022,Vienna,Generali-Arena,15:00,17.58,Y,2h58,3913,27 C,SO 11kmh,cloudy,A. Zarganis,H. Horak,G. Udvardi,R. Hoelbling,B. Marciniak,A. Eriksen,G. Tesli,VV,3,11,FG24,"H,3,11,V24","2,7,21","PASS:9,C,89,V19 OB: TACK:41","J. Erdmann pass complete to F. Bierbaumer for 5 yards to the FG19, out-of-bounds (S. Gauthier).","H,4,6,V19",pass,NA,NA,1,0,0,0,NA,2,H,VV,"FGA,1,11:14,45","DOWNS,1,07:34,81",7,36,3:40,FGA,1,11:14,VV45,DOWNS,1,07:34,FG19,1
2022_02_FG_VV,FG,VV,Frankfurt Galaxy,Vienna Vikings,6/12/2022,Vienna,Generali-Arena,15:00,17.58,Y,2h58,3913,27 C,SO 11kmh,cloudy,A. Zarganis,H. Horak,G. Udvardi,R. Hoelbling,B. Marciniak,A. Eriksen,G. Tesli,VV,4,6,FG19,"H,4,6,V19","2,8,22","PASS:9,I,8,* QBH:V,52","J. Erdmann pass incomplete to A. Botella M, QB hurry by W. Nasri.","V,1,10,V19",pass,NA,NA,0,0,0,0,NA,2,H,VV,"FGA,1,11:14,45","DOWNS,1,07:34,81",7,36,3:40,FGA,1,11:14,VV45,DOWNS,1,07:34,FG19,1
2022_02_FG_VV,FG,VV,Frankfurt Galaxy,Vienna Vikings,6/12/2022,Vienna,Generali-Arena,15:00,17.58,Y,2h58,3913,27 C,SO 11kmh,cloudy,A. Zarganis,H. Horak,G. Udvardi,R. Hoelbling,B. Marciniak,A. Eriksen,G. Tesli,FG,1,10,FG19,"V,1,10,V19","3,1,23",{DRIVE}:07:34,FRANKFURT GALAXY drive start at 07:34.,"V,1,10,V19",NA,NA,07:34,0,0,0,0,NA,3,V,FG,"DOWNS,1,07:34,19","PUNT,1,06:27,20",3,1,1:07,DOWNS,1,07:34,FG19,PUNT,1,06:27,FG20,NA
2022_02_FG_VV,FG,VV,Frankfurt Galaxy,Vienna Vikings,6/12/2022,Vienna,Generali-Arena,15:00,17.58,Y,2h58,3913,27 C,SO 11kmh,cloudy,A. Zarganis,H. Horak,G. Udvardi,R. Hoelbling,B. Marciniak,A. Eriksen,G. Tesli,FG,1,10,FG19,"V,1,10,V19","3,2,24","RUSH:21,V20, TACK:75,1",G. Adams rush for 1 yard to the FG20 (F. Sudi;L. Balogh).,"V,2,9,V20",rush,NA,NA,0,0,0,0,NA,3,V,FG,"DOWNS,1,07:34,19","PUNT,1,06:27,20",3,1,1:07,DOWNS,1,07:34,FG19,PUNT,1,06:27,FG20,NA
2022_02_FG_VV,FG,VV,Frankfurt Galaxy,Vienna Vikings,6/12/2022,Vienna,Generali-Arena,15:00,17.58,Y,2h58,3913,27 C,SO 11kmh,cloudy,A. Zarganis,H. Horak,G. Udvardi,R. Hoelbling,B. Marciniak,A. Eriksen,G. Tesli,FG,2,9,FG20,"V,2,9,V20","3,3,25","PASS:5,I,86,*",M. Johannknecht pass incomplete to L. Regler.,"V,3,9,V20",pass,NA,NA,0,0,0,0,NA,3,V,FG,"DOWNS,1,07:34,19","PUNT,1,06:27,20",3,1,1:07,DOWNS,1,07:34,FG19,PUNT,1,06:27,FG20,NA
2022_02_FG_VV,FG,VV,Frankfurt Galaxy,Vienna Vikings,6/12/2022,Vienna,Generali-Arena,15:00,17.58,Y,2h58,3913,27 C,SO 11kmh,cloudy,A. Zarganis,H. Horak,G. Udvardi,R. Hoelbling,B. Marciniak,A. Eriksen,G. Tesli,FG,3,9,FG20,"V,3,9,V20","3,4,26","PASS:5,I,86,* BRUP:40",M. Johannknecht pass incomplete to L. Regler (T. Schnurrer).,"V,4,9,V20",pass,NA,NA,0,0,0,0,NA,3,V,FG,"DOWNS,1,07:34,19","PUNT,1,06:27,20",3,1,1:07,DOWNS,1,07:34,FG19,PUNT,1,06:27,FG20,NA
2022_02_FG_VV,FG,VV,Frankfurt Galaxy,Vienna Vikings,6/12/2022,Vienna,Generali-Arena,15:00,17.58,Y,2h58,3913,27 C,SO 11kmh,cloudy,A. Zarganis,H. Horak,G. Udvardi,R. Hoelbling,B. Marciniak,A. Eriksen,G. Tesli,FG,4,9,FG20,"V,4,9,V20","3,5,27","PUNT:1,V28 RET:91,V00 T:06:27 BLOCK:10","R. Rimmler punt 8 yards to the FG28, D. Siegel return 28 yards to the FG0, TOUCHDOWN, clock 06:27 (blocked by C. Smith).","H,1,10,V15",punt,NA,06:27,0,1,0,6,NA,3,V,FG,"DOWNS,1,07:34,19","PUNT,1,06:27,20",3,1,1:07,DOWNS,1,07:34,FG19,PUNT,1,06:27,FG20,NA
2022_02_FG_VV,FG,VV,Frankfurt Galaxy,Vienna Vikings,6/12/2022,Vienna,Generali-Arena,15:00,17.58,Y,2h58,3913,27 C,SO 11kmh,cloudy,A. Zarganis,H. Horak,G. Udvardi,R. Hoelbling,B. Marciniak,A. Eriksen,G. Tesli,VV,1,10,FG15,"H,1,10,V15","4,1,29","PAT:P,9,M",J. Erdmann pass attempt failed.,"H,1,0,H30",pat,NA,NA,0,0,0,6,NA,4,H,VV,"PUNT,1,06:27,100","TD,1,06:27,100",0,0,0:00,PUNT,1,06:27,FG00,TD,1,06:27,FG00,NA
2022_02_FG_VV,FG,VV,Frankfurt Galaxy,Vienna Vikings,6/12/2022,Vienna,Generali-Arena,15:00,17.58,Y,2h58,3913,27 C,SO 11kmh,cloudy,A. Zarganis,H. Horak,G. Udvardi,R. Hoelbling,B. Marciniak,A. Eriksen,G. Tesli,VV,1,0,VV30,"H,1,0,H30","4,2,30","PEN:V,UC,A,36,H45,N KO:23,V06 RET:33,V33 TACK:40","PENALTY FG Unsportsmanlike Conduct (36) 15 yards to the VV45, B. Straight kickoff 49 yards to the FG6, J. Rodney return 27 yards to the FG33 (T. Schnurrer).","V,1,10,V33",kick_off,NA,NA,0,0,0,6,NA,4,H,VV,"PUNT,1,06:27,100","TD,1,06:27,100",0,0,0:00,PUNT,1,06:27,FG00,TD,1,06:27,FG00,NA
2022_02_FG_VV,FG,VV,Frankfurt Galaxy,Vienna Vikings,6/12/2022,Vienna,Generali-Arena,15:00,17.58,Y,2h58,3913,27 C,SO 11kmh,cloudy,A. Zarganis,H. Horak,G. Udvardi,R. Hoelbling,B. Marciniak,A. Eriksen,G. Tesli,FG,1,10,FG33,"V,1,10,V33","5,1,31",{DRIVE}:06:17,FRANKFURT GALAXY drive start at 06:17.,"V,1,10,V33",NA,NA,06:17,0,0,0,6,NA,5,H,VV,"KO,1,06:17,10","PUNT,1,02:20,26",8,16,3:57,KO,1,06:17,VV10,PUNT,1,02:20,VV26,NA
2022_02_FG_VV,FG,VV,Frankfurt Galaxy,Vienna Vikings,6/12/2022,Vienna,Generali-Arena,15:00,17.58,Y,2h58,3913,27 C,SO 11kmh,cloudy,A. Zarganis,H. Horak,G. Udvardi,R. Hoelbling,B. Marciniak,A. Eriksen,G. Tesli,FG,1,10,FG33,"V,1,10,V33","5,2,32","RUSH:21,V34, TACK:49",G. Adams rush for 1 yard to the FG34 (A. Watholowitsc).,"V,2,9,V34",rush,NA,NA,0,0,0,6,NA,5,H,VV,"KO,1,06:17,10","PUNT,1,02:20,26",8,16,3:57,KO,1,06:17,VV10,PUNT,1,02:20,VV26,NA
2022_02_FG_VV,FG,VV,Frankfurt Galaxy,Vienna Vikings,6/12/2022,Vienna,Generali-Arena,15:00,17.58,Y,2h58,3913,27 C,SO 11kmh,cloudy,A. Zarganis,H. Horak,G. Udvardi,R. Hoelbling,B. Marciniak,A. Eriksen,G. Tesli,FG,2,9,FG34,"V,2,9,V34","5,3,33","PASS:5,C,86,V38 OB: TACK:10","M. Johannknecht pass complete to L. Regler for 4 yards to the FG38, out-of-bounds (C. Smith).","V,3,5,V38",pass,NA,NA,1,0,0,6,NA,5,H,VV,"KO,1,06:17,10","PUNT,1,02:20,26",8,16,3:57,KO,1,06:17,VV10,PUNT,1,02:20,VV26,NA
2022_02_FG_VV,FG,VV,Frankfurt Galaxy,Vienna Vikings,6/12/2022,Vienna,Generali-Arena,15:00,17.58,Y,2h58,3913,27 C,SO 11kmh,cloudy,A. Zarganis,H. Horak,G. Udvardi,R. Hoelbling,B. Marciniak,A. Eriksen,G. Tesli,FG,3,5,FG38,"V,3,5,V38","5,4,34","PASS:5,I,86,* BRUP:91",M. Johannknecht pass incomplete to L. Regler (D. Siegel).,"V,4,5,V38",pass,NA,NA,0,0,0,6,NA,5,H,VV,"KO,1,06:17,10","PUNT,1,02:20,26",8,16,3:57,KO,1,06:17,VV10,PUNT,1,02:20,VV26,NA
2022_02_FG_VV,FG,VV,Frankfurt Galaxy,Vienna Vikings,6/12/2022,Vienna,Generali-Arena,15:00,17.58,Y,2h58,3913,27 C,SO 11kmh,cloudy,A. Zarganis,H. Horak,G. Udvardi,R. Hoelbling,B. Marciniak,A. Eriksen,G. Tesli,FG,4,5,FG38,"V,4,5,V38","5,5,35","PUNT:1,H19 RET:4,H21 PEN:H,PF,A,TM,H10,N NOPLAY:","R. Rimmler punt 43 yards to the VV19, J. Bouah return to the VV21, PENALTY VV Personal Foul 52 yards to the VV10, 1ST DOWN FG, NO PLAY.","V,1,0,H10",penalty,penalty,NA,0,0,0,6,NA,5,H,VV,"KO,1,06:17,10","PUNT,1,02:20,26",8,16,3:57,KO,1,06:17,VV10,PUNT,1,02:20,VV26,NA
2022_02_FG_VV,FG,VV,Frankfurt Galaxy,Vienna Vikings,6/12/2022,Vienna,Generali-Arena,15:00,17.58,Y,2h58,3913,27 C,SO 11kmh,cloudy,A. Zarganis,H. Horak,G. Udvardi,R. Hoelbling,B. Marciniak,A. Eriksen,G. Tesli,FG,1,0,VV10,"V,1,0,H10","5,6,36","SPOT:H,H10,Y",VV ball on VV10.,"H,1,10,H10",NA,NA,NA,0,0,0,6,NA,5,H,VV,"KO,1,06:17,10","PUNT,1,02:20,26",8,16,3:57,KO,1,06:17,VV10,PUNT,1,02:20,VV26,NA
2022_02_FG_VV,FG,VV,Frankfurt Galaxy,Vienna Vikings,6/12/2022,Vienna,Generali-Arena,15:00,17.58,Y,2h58,3913,27 C,SO 11kmh,cloudy,A. Zarganis,H. Horak,G. Udvardi,R. Hoelbling,B. Marciniak,A. Eriksen,G. Tesli,VV,1,10,VV10,"H,1,10,H10","5,7,37","RUSH:5,H12, TACK:94",A. Wegan rush for 2 yards to the VV12 (C. Udegbe).,"H,2,8,H12",rush,NA,NA,0,0,0,6,NA,5,H,VV,"KO,1,06:17,10","PUNT,1,02:20,26",8,16,3:57,KO,1,06:17,VV10,PUNT,1,02:20,VV26,NA
2022_02_FG_VV,FG,VV,Frankfurt Galaxy,Vienna Vikings,6/12/2022,Vienna,Generali-Arena,15:00,17.58,Y,2h58,3913,27 C,SO 11kmh,cloudy,A. Zarganis,H. Horak,G. Udvardi,R. Hoelbling,B. Marciniak,A. Eriksen,G. Tesli,VV,2,8,VV12,"H,2,8,H12","5,8,38","PASS:9,C,8,H31 OB: TACK:14","J. Erdmann pass complete to A. Botella M for 19 yards to the VV31, 1ST DOWN VV, out-of-bounds (J. Poznanski).","H,1,10,H31",pass,pass,NA,1,0,0,6,NA,5,H,VV,"KO,1,06:17,10","PUNT,1,02:20,26",8,16,3:57,KO,1,06:17,VV10,PUNT,1,02:20,VV26,NA
2022_02_FG_VV,FG,VV,Frankfurt Galaxy,Vienna Vikings,6/12/2022,Vienna,Generali-Arena,15:00,17.58,Y,2h58,3913,27 C,SO 11kmh,cloudy,A. Zarganis,H. Horak,G. Udvardi,R. Hoelbling,B. Marciniak,A. Eriksen,G. Tesli,VV,1,10,VV31,"H,1,10,H31","5,9,39","PASS:9,I,4,*",J. Erdmann pass incomplete to J. Bouah.,"H,2,10,H31",pass,NA,NA,0,0,0,6,NA,5,H,VV,"KO,1,06:17,10","PUNT,1,02:20,26",8,16,3:57,KO,1,06:17,VV10,PUNT,1,02:20,VV26,NA
2022_02_FG_VV,FG,VV,Frankfurt Galaxy,Vienna Vikings,6/12/2022,Vienna,Generali-Arena,15:00,17.58,Y,2h58,3913,27 C,SO 11kmh,cloudy,A. Zarganis,H. Horak,G. Udvardi,R. Hoelbling,B. Marciniak,A. Eriksen,G. Tesli,VV,2,10,VV31,"H,2,10,H31","5,10,40","RUSH:3,H34, TACK:40",F. Wegan rush for 3 yards to the VV34 (L. Achaintre).,"H,3,7,H34",rush,NA,NA,0,0,0,6,NA,5,H,VV,"KO,1,06:17,10","PUNT,1,02:20,26",8,16,3:57,KO,1,06:17,VV10,PUNT,1,02:20,VV26,NA
2022_02_FG_VV,FG,VV,Frankfurt Galaxy,Vienna Vikings,6/12/2022,Vienna,Generali-Arena,15:00,17.58,Y,2h58,3913,27 C,SO 11kmh,cloudy,A. Zarganis,H. Horak,G. Udvardi,R. Hoelbling,B. Marciniak,A. Eriksen,G. Tesli,VV,3,7,VV34,"H,3,7,H34","5,11,41","PASS:9,S,TM,H26 SACK:94",J. Erdmann sacked for loss of 8 yards to the VV26 (C. Udegbe).,"H,4,15,H26",pass,NA,NA,0,0,0,6,NA,5,H,VV,"KO,1,06:17,10","PUNT,1,02:20,26",8,16,3:57,KO,1,06:17,VV10,PUNT,1,02:20,VV26,NA
2022_02_FG_VV,FG,VV,Frankfurt Galaxy,Vienna Vikings,6/12/2022,Vienna,Generali-Arena,15:00,17.58,Y,2h58,3913,27 C,SO 11kmh,cloudy,A. Zarganis,H. Horak,G. Udvardi,R. Hoelbling,B. Marciniak,A. Eriksen,G. Tesli,VV,4,15,VV26,"H,4,15,H26","5,12,42","PUNT:23,V40 FC:18","B. Straight punt 34 yards to the FG40, fair catch by F. Lowery.","V,1,10,V40",punt,NA,NA,0,0,0,6,NA,5,H,VV,"KO,1,06:17,10","PUNT,1,02:20,26",8,16,3:57,KO,1,06:17,VV10,PUNT,1,02:20,VV26,NA
2022_02_FG_VV,FG,VV,Frankfurt Galaxy,Vienna Vikings,6/12/2022,Vienna,Generali-Arena,15:00,17.58,Y,2h58,3913,27 C,SO 11kmh,cloudy,A. Zarganis,H. Horak,G. Udvardi,R. Hoelbling,B. Marciniak,A. Eriksen,G. Tesli,FG,1,10,FG40,"V,1,10,V40","6,1,43",{DRIVE}:02:20,FRANKFURT GALAXY drive start at 02:20.,"V,1,10,V40",NA,NA,02:20,0,0,0,6,NA,6,V,FG,"PUNT,1,02:20,40","FGA,1,00:33,92",5,52,1:47,PUNT,1,02:20,FG40,FGA,1,00:33,VV08,1
2022_02_FG_VV,FG,VV,Frankfurt Galaxy,Vienna Vikings,6/12/2022,Vienna,Generali-Arena,15:00,17.58,Y,2h58,3913,27 C,SO 11kmh,cloudy,A. Zarganis,H. Horak,G. Udvardi,R. Hoelbling,B. Marciniak,A. Eriksen,G. Tesli,FG,1,10,FG40,"V,1,10,V40","6,2,44","PASS:5,C,87,H07 TACK:7","M. Johannknecht pass complete to K. Mwamba for 53 yards to the VV7, 1ST DOWN FG (E. Edwards).","V,1,0,H07",pass,pass,NA,0,0,0,6,NA,6,V,FG,"PUNT,1,02:20,40","FGA,1,00:33,92",5,52,1:47,PUNT,1,02:20,FG40,FGA,1,00:33,VV08,1
2022_02_FG_VV,FG,VV,Frankfurt Galaxy,Vienna Vikings,6/12/2022,Vienna,Generali-Arena,15:00,17.58,Y,2h58,3913,27 C,SO 11kmh,cloudy,A. Zarganis,H. Horak,G. Udvardi,R. Hoelbling,B. Marciniak,A. Eriksen,G. Tesli,FG,1,0,VV07,"V,1,0,H07","6,3,45","PASS:9,I,TM,* BRUP:10",J. Small pass incomplete (C. Smith).,"V,2,0,H07",pass,NA,NA,0,0,0,6,NA,6,V,FG,"PUNT,1,02:20,40","FGA,1,00:33,92",5,52,1:47,PUNT,1,02:20,FG40,FGA,1,00:33,VV08,1
2022_02_FG_VV,FG,VV,Frankfurt Galaxy,Vienna Vikings,6/12/2022,Vienna,Generali-Arena,15:00,17.58,Y,2h58,3913,27 C,SO 11kmh,cloudy,A. Zarganis,H. Horak,G. Udvardi,R. Hoelbling,B. Marciniak,A. Eriksen,G. Tesli,FG,2,0,VV07,"V,2,0,H07","6,4,47",TOUT:H T:01:27,"Timeout Vienna Vikings, clock 01:27.","V,2,0,H07",NA,NA,01:27,0,0,0,6,NA,6,V,FG,"PUNT,1,02:20,40","FGA,1,00:33,92",5,52,1:47,PUNT,1,02:20,FG40,FGA,1,00:33,VV08,1
2022_02_FG_VV,FG,VV,Frankfurt Galaxy,Vienna Vikings,6/12/2022,Vienna,Generali-Arena,15:00,17.58,Y,2h58,3913,27 C,SO 11kmh,cloudy,A. Zarganis,H. Horak,G. Udvardi,R. Hoelbling,B. Marciniak,A. Eriksen,G. Tesli,FG,2,0,VV07,"V,2,0,H07","6,5,48","RUSH:21,H08, TACK:23",G. Adams rush for loss of 1 yard to the VV8 (B. Straight).,"V,3,0,H08",rush,NA,NA,0,0,0,6,NA,6,V,FG,"PUNT,1,02:20,40","FGA,1,00:33,92",5,52,1:47,PUNT,1,02:20,FG40,FGA,1,00:33,VV08,1
2022_02_FG_VV,FG,VV,Frankfurt Galaxy,Vienna Vikings,6/12/2022,Vienna,Generali-Arena,15:00,17.58,Y,2h58,3913,27 C,SO 11kmh,cloudy,A. Zarganis,H. Horak,G. Udvardi,R. Hoelbling,B. Marciniak,A. Eriksen,G. Tesli,FG,3,0,VV08,"V,3,0,H08","6,6,49","PASS:5,I,87,* BRUP:23",M. Johannknecht pass incomplete to K. Mwamba (B. Straight).,"V,4,0,H08",pass,NA,NA,0,0,0,6,NA,6,V,FG,"PUNT,1,02:20,40","FGA,1,00:33,92",5,52,1:47,PUNT,1,02:20,FG40,FGA,1,00:33,VV08,1
2022_02_FG_VV,FG,VV,Frankfurt Galaxy,Vienna Vikings,6/12/2022,Vienna,Generali-Arena,15:00,17.58,Y,2h58,3913,27 C,SO 11kmh,cloudy,A. Zarganis,H. Horak,G. Udvardi,R. Hoelbling,B. Marciniak,A. Eriksen,G. Tesli,FG,4,0,VV08,"V,4,0,H08","6,7,50","FGA:1,25,M,H20,R T:00:33","R. Rimmler field goal attempt from 25 MISSED - wide right, spot at VV20, clock 00:33.","H,1,10,H20",field_goal,NA,00:33,0,0,0,6,NA,6,V,FG,"PUNT,1,02:20,40","FGA,1,00:33,92",5,52,1:47,PUNT,1,02:20,FG40,FGA,1,00:33,VV08,1
2022_02_FG_VV,FG,VV,Frankfurt Galaxy,Vienna Vikings,6/12/2022,Vienna,Generali-Arena,15:00,17.58,Y,2h58,3913,27 C,SO 11kmh,cloudy,A. Zarganis,H. Horak,G. Udvardi,R. Hoelbling,B. Marciniak,A. Eriksen,G. Tesli,VV,1,10,VV20,"H,1,10,H20","7,1,51",{DRIVE}:00:33,VIENNA VIKINGS drive start at 00:33.,"H,1,10,H20",NA,NA,00:33,0,0,0,6,NA,7,H,VV,"FGA,1,00:33,20","FG,2,09:32,77",11,57,6:01,FGA,1,00:33,VV20,FG,2,09:32,FG23,1
2022_02_FG_VV,FG,VV,Frankfurt Galaxy,Vienna Vikings,6/12/2022,Vienna,Generali-Arena,15:00,17.58,Y,2h58,3913,27 C,SO 11kmh,cloudy,A. Zarganis,H. Horak,G. Udvardi,R. Hoelbling,B. Marciniak,A. Eriksen,G. Tesli,VV,1,10,VV20,"H,1,10,H20","7,2,52","RUSH:3,H23, TACK:90,94",F. Wegan rush for 3 yards to the VV23 (M. A. Hor;C. Udegbe).,"H,2,7,H23",rush,NA,NA,0,0,0,6,NA,7,H,VV,"FGA,1,00:33,20","FG,2,09:32,77",11,57,6:01,FGA,1,00:33,VV20,FG,2,09:32,FG23,1
2022_02_FG_VV,FG,VV,Frankfurt Galaxy,Vienna Vikings,6/12/2022,Vienna,Generali-Arena,15:00,17.58,Y,2h58,3913,27 C,SO 11kmh,cloudy,A. Zarganis,H. Horak,G. Udvardi,R. Hoelbling,B. Marciniak,A. Eriksen,G. Tesli,VV,2,7,VV23,"H,2,7,H23","7,3,53",Q:2 T:15:00,"Start of 2nd quarter, clock 15:00.","H,2,7,H23",NA,NA,15:00,0,0,0,6,NA,7,H,VV,"FGA,1,00:33,20","FG,2,09:32,77",11,57,6:01,FGA,1,00:33,VV20,FG,2,09:32,FG23,1
2022_02_FG_VV,FG,VV,Frankfurt Galaxy,Vienna Vikings,6/12/2022,Vienna,Generali-Arena,15:00,17.58,Y,2h58,3913,27 C,SO 11kmh,cloudy,A. Zarganis,H. Horak,G. Udvardi,R. Hoelbling,B. Marciniak,A. Eriksen,G. Tesli,VV,2,7,VV23,"H,2,7,H23","7,4,54","PASS:9,C,89,H38 OB: TACK:40","J. Erdmann pass complete to F. Bierbaumer for 15 yards to the VV38, 1ST DOWN VV, out-of-bounds (L. Achaintre).","H,1,10,H38",pass,pass,NA,1,0,0,6,NA,7,H,VV,"FGA,1,00:33,20","FG,2,09:32,77",11,57,6:01,FGA,1,00:33,VV20,FG,2,09:32,FG23,1
2022_02_FG_VV,FG,VV,Frankfurt Galaxy,Vienna Vikings,6/12/2022,Vienna,Generali-Arena,15:00,17.58,Y,2h58,3913,27 C,SO 11kmh,cloudy,A. Zarganis,H. Horak,G. Udvardi,R. Hoelbling,B. Marciniak,A. Eriksen,G. Tesli,VV,1,10,VV38,"H,1,10,H38","7,5,55","PASS:9,C,8,H46 TACK:14 PEN:V,UC,A,56,V39,N","J. Erdmann pass complete to A. Botella M for 8 yards to the VV46 (J. Poznanski), PENALTY FG Unsportsmanlike Conduct (S. Silva Gomez) 15 yards to the FG39, 1ST DOWN VV.","H,1,10,V39",pass,penalty,NA,0,0,0,6,NA,7,H,VV,"FGA,1,00:33,20","FG,2,09:32,77",11,57,6:01,FGA,1,00:33,VV20,FG,2,09:32,FG23,1
2022_02_FG_VV,FG,VV,Frankfurt Galaxy,Vienna Vikings,6/12/2022,Vienna,Generali-Arena,15:00,17.58,Y,2h58,3913,27 C,SO 11kmh,cloudy,A. Zarganis,H. Horak,G. Udvardi,R. Hoelbling,B. Marciniak,A. Eriksen,G. Tesli,VV,1,10,FG39,"H,1,10,V39","7,6,56","D:1,10",1st and 10.,"H,1,10,V39",NA,NA,NA,0,0,0,6,NA,7,H,VV,"FGA,1,00:33,20","FG,2,09:32,77",11,57,6:01,FGA,1,00:33,VV20,FG,2,09:32,FG23,1
2022_02_FG_VV,FG,VV,Frankfurt Galaxy,Vienna Vikings,6/12/2022,Vienna,Generali-Arena,15:00,17.58,Y,2h58,3913,27 C,SO 11kmh,cloudy,A. Zarganis,H. Horak,G. Udvardi,R. Hoelbling,B. Marciniak,A. Eriksen,G. Tesli,VV,1,10,FG39,"H,1,10,V39","7,7,57","PASS:9,I,3,* QBH:V,40 PEN:H,ID,A,77,V44,N NOPLAY:","J. Erdmann pass incomplete to F. Wegan, QB hurry by L. Achaintre, PENALTY VV ID (T. Lettman) 5 yards to the FG44, NO PLAY.","H,1,15,V44",penalty,NA,NA,0,0,0,6,NA,7,H,VV,"FGA,1,00:33,20","FG,2,09:32,77",11,57,6:01,FGA,1,00:33,VV20,FG,2,09:32,FG23,1
2022_02_FG_VV,FG,VV,Frankfurt Galaxy,Vienna Vikings,6/12/2022,Vienna,Generali-Arena,15:00,17.58,Y,2h58,3913,27 C,SO 11kmh,cloudy,A. Zarganis,H. Horak,G. Udvardi,R. Hoelbling,B. Marciniak,A. Eriksen,G. Tesli,VV,1,15,FG44,"H,1,15,V44","7,8,58","PASS:9,C,89,V35 TACK:41",J. Erdmann pass complete to F. Bierbaumer for 9 yards to the FG35 (S. Gauthier).,"H,2,6,V35",pass,NA,NA,0,0,0,6,NA,7,H,VV,"FGA,1,00:33,20","FG,2,09:32,77",11,57,6:01,FGA,1,00:33,VV20,FG,2,09:32,FG23,1
2022_02_FG_VV,FG,VV,Frankfurt Galaxy,Vienna Vikings,6/12/2022,Vienna,Generali-Arena,15:00,17.58,Y,2h58,3913,27 C,SO 11kmh,cloudy,A. Zarganis,H. Horak,G. Udvardi,R. Hoelbling,B. Marciniak,A. Eriksen,G. Tesli,VV,2,6,FG35,"H,2,6,V35","7,9,59",TOUT:V T:13:28,"Timeout Frankfurt Galaxy, clock 13:28.","H,2,6,V35",NA,NA,13:28,0,0,0,6,NA,7,H,VV,"FGA,1,00:33,20","FG,2,09:32,77",11,57,6:01,FGA,1,00:33,VV20,FG,2,09:32,FG23,1
2022_02_FG_VV,FG,VV,Frankfurt Galaxy,Vienna Vikings,6/12/2022,Vienna,Generali-Arena,15:00,17.58,Y,2h58,3913,27 C,SO 11kmh,cloudy,A. Zarganis,H. Horak,G. Udvardi,R. Hoelbling,B. Marciniak,A. Eriksen,G. Tesli,VV,2,6,FG35,"H,2,6,V35","7,10,60","PEN:V,PD,A,56,V35,N",PENALTY FG PD (S. Silva Gomez) 0 yards to the FG35.,"H,2,6,V35",penalty,NA,NA,0,0,0,6,NA,7,H,VV,"FGA,1,00:33,20","FG,2,09:32,77",11,57,6:01,FGA,1,00:33,VV20,FG,2,09:32,FG23,1
2022_02_FG_VV,FG,VV,Frankfurt Galaxy,Vienna Vikings,6/12/2022,Vienna,Generali-Arena,15:00,17.58,Y,2h58,3913,27 C,SO 11kmh,cloudy,A. Zarganis,H. Horak,G. Udvardi,R. Hoelbling,B. Marciniak,A. Eriksen,G. Tesli,VV,2,6,FG35,"H,2,6,V35","7,11,61","RUSH:3,V30, TACK:52",F. Wegan rush for 5 yards to the FG30 (W. Nasri).,"H,3,1,V30",rush,NA,NA,0,0,0,6,NA,7,H,VV,"FGA,1,00:33,20","FG,2,09:32,77",11,57,6:01,FGA,1,00:33,VV20,FG,2,09:32,FG23,1
2022_02_FG_VV,FG,VV,Frankfurt Galaxy,Vienna Vikings,6/12/2022,Vienna,Generali-Arena,15:00,17.58,Y,2h58,3913,27 C,SO 11kmh,cloudy,A. Zarganis,H. Horak,G. Udvardi,R. Hoelbling,B. Marciniak,A. Eriksen,G. Tesli,VV,3,1,FG30,"H,3,1,V30","7,12,62","RUSH:3,V28, TACK:11","F. Wegan rush for 2 yards to the FG28, 1ST DOWN VV (J. Embry).","H,1,10,V28",rush,rush,NA,0,0,0,6,NA,7,H,VV,"FGA,1,00:33,20","FG,2,09:32,77",11,57,6:01,FGA,1,00:33,VV20,FG,2,09:32,FG23,1
2022_02_FG_VV,FG,VV,Frankfurt Galaxy,Vienna Vikings,6/12/2022,Vienna,Generali-Arena,15:00,17.58,Y,2h58,3913,27 C,SO 11kmh,cloudy,A. Zarganis,H. Horak,G. Udvardi,R. Hoelbling,B. Marciniak,A. Eriksen,G. Tesli,VV,1,10,FG28,"H,1,10,V28","7,13,63","PASS:9,C,89,V17 OB: TACK:52 QBH:V,53","J. Erdmann pass complete to F. Bierbaumer for 11 yards to the FG17, 1ST DOWN VV, out-of-bounds (W. Nasri), QB hurry by D. Josiah.","H,1,10,V17",pass,pass,NA,1,0,0,6,NA,7,H,VV,"FGA,1,00:33,20","FG,2,09:32,77",11,57,6:01,FGA,1,00:33,VV20,FG,2,09:32,FG23,1
2022_02_FG_VV,FG,VV,Frankfurt Galaxy,Vienna Vikings,6/12/2022,Vienna,Generali-Arena,15:00,17.58,Y,2h58,3913,27 C,SO 11kmh,cloudy,A. Zarganis,H. Horak,G. Udvardi,R. Hoelbling,B. Marciniak,A. Eriksen,G. Tesli,VV,1,10,FG17,"H,1,10,V17","7,14,64","RUSH:3,V13, TACK:94",F. Wegan rush for 4 yards to the FG13 (C. Udegbe).,"H,2,6,V13",rush,NA,NA,0,0,0,6,NA,7,H,VV,"FGA,1,00:33,20","FG,2,09:32,77",11,57,6:01,FGA,1,00:33,VV20,FG,2,09:32,FG23,1
2022_02_FG_VV,FG,VV,Frankfurt Galaxy,Vienna Vikings,6/12/2022,Vienna,Generali-Arena,15:00,17.58,Y,2h58,3913,27 C,SO 11kmh,cloudy,A. Zarganis,H. Horak,G. Udvardi,R. Hoelbling,B. Marciniak,A. Eriksen,G. Tesli,VV,2,6,FG13,"H,2,6,V13","7,15,65","PASS:9,S,TM,V16 SACK:99",J. Erdmann sacked for loss of 3 yards to the FG16 (K. Maier).,"H,3,9,V16",pass,NA,NA,0,0,0,6,NA,7,H,VV,"FGA,1,00:33,20","FG,2,09:32,77",11,57,6:01,FGA,1,00:33,VV20,FG,2,09:32,FG23,1
2022_02_FG_VV,FG,VV,Frankfurt Galaxy,Vienna Vikings,6/12/2022,Vienna,Generali-Arena,15:00,17.58,Y,2h58,3913,27 C,SO 11kmh,cloudy,A. Zarganis,H. Horak,G. Udvardi,R. Hoelbling,B. Marciniak,A. Eriksen,G. Tesli,VV,3,9,FG16,"H,3,9,V16","7,16,66","PASS:9,S,TM,V23 SACK:41",J. Erdmann sacked for loss of 7 yards to the FG23 (S. Gauthier).,"H,4,16,V23",pass,NA,NA,0,0,0,6,NA,7,H,VV,"FGA,1,00:33,20","FG,2,09:32,77",11,57,6:01,FGA,1,00:33,VV20,FG,2,09:32,FG23,1
2022_02_FG_VV,FG,VV,Frankfurt Galaxy,Vienna Vikings,6/12/2022,Vienna,Generali-Arena,15:00,17.58,Y,2h58,3913,27 C,SO 11kmh,cloudy,A. Zarganis,H. Horak,G. Udvardi,R. Hoelbling,B. Marciniak,A. Eriksen,G. Tesli,VV,4,16,FG23,"H,4,16,V23","7,17,67",TOUT:H T:09:37,"Timeout Vienna Vikings, clock 09:37.","H,4,16,V23",NA,NA,09:37,0,0,0,6,NA,7,H,VV,"FGA,1,00:33,20","FG,2,09:32,77",11,57,6:01,FGA,1,00:33,VV20,FG,2,09:32,FG23,1
2022_02_FG_VV,FG,VV,Frankfurt Galaxy,Vienna Vikings,6/12/2022,Vienna,Generali-Arena,15:00,17.58,Y,2h58,3913,27 C,SO 11kmh,cloudy,A. Zarganis,H. Horak,G. Udvardi,R. Hoelbling,B. Marciniak,A. Eriksen,G. Tesli,VV,4,16,FG23,"H,4,16,V23","7,18,68","FGA:20,40,G T:09:32","O. Herz field goal attempt from 40 GOOD, clock 09:32.","H,1,0,H30",field_goal,NA,09:32,0,1,0,9,NA,7,H,VV,"FGA,1,00:33,20","FG,2,09:32,77",11,57,6:01,FGA,1,00:33,VV20,FG,2,09:32,FG23,1
2022_02_FG_VV,FG,VV,Frankfurt Galaxy,Vienna Vikings,6/12/2022,Vienna,Generali-Arena,15:00,17.58,Y,2h58,3913,27 C,SO 11kmh,cloudy,A. Zarganis,H. Horak,G. Udvardi,R. Hoelbling,B. Marciniak,A. Eriksen,G. Tesli,VV,1,0,VV30,"H,1,0,H30","7,19,69","KO:23,V01 RET:33,V01 FUMB:V,V00,33 +:33,V10 TACK:40","B. Straight kickoff 69 yards to the FG1, J. Rodney return 0 yards to the FG1, fumble by J. Rodney recovered by FG J. Rodney at FG0, J. Rodney for 10 yards to the FG10 (T. Schnurrer).","V,1,10,V10",kick_off,NA,NA,0,0,0,9,NA,7,H,VV,"FGA,1,00:33,20","FG,2,09:32,77",11,57,6:01,FGA,1,00:33,VV20,FG,2,09:32,FG23,1
2022_02_FG_VV,FG,VV,Frankfurt Galaxy,Vienna Vikings,6/12/2022,Vienna,Generali-Arena,15:00,17.58,Y,2h58,3913,27 C,SO 11kmh,cloudy,A. Zarganis,H. Horak,G. Udvardi,R. Hoelbling,B. Marciniak,A. Eriksen,G. Tesli,FG,1,10,FG10,"V,1,10,V10","8,1,70","{DRIVE}:09:22 SPOT:V,V10,Y","FRANKFURT GALAXY drive start at 09:22, FG ball on FG10.","V,1,10,V10",NA,NA,09:22,0,0,0,9,NA,8,V,FG,"KO,2,09:22,30","FG,2,02:12,30",14,0,7:10,KO,2,09:22,FG30,FG,2,02:12,FG30,1
2022_02_FG_VV,FG,VV,Frankfurt Galaxy,Vienna Vikings,6/12/2022,Vienna,Generali-Arena,15:00,17.58,Y,2h58,3913,27 C,SO 11kmh,cloudy,A. Zarganis,H. Horak,G. Udvardi,R. Hoelbling,B. Marciniak,A. Eriksen,G. Tesli,FG,1,10,FG10,"V,1,10,V10","8,2,71","RUSH:21,V15, TACK:99",G. Adams rush for 5 yards to the FG15 (M.Mueller).,"V,2,5,V15",rush,NA,NA,0,0,0,9,NA,8,V,FG,"KO,2,09:22,30","FG,2,02:12,30",14,0,7:10,KO,2,09:22,FG30,FG,2,02:12,FG30,1
2022_02_FG_VV,FG,VV,Frankfurt Galaxy,Vienna Vikings,6/12/2022,Vienna,Generali-Arena,15:00,17.58,Y,2h58,3913,27 C,SO 11kmh,cloudy,A. Zarganis,H. Horak,G. Udvardi,R. Hoelbling,B. Marciniak,A. Eriksen,G. Tesli,FG,2,5,FG15,"V,2,5,V15","8,3,72","RUSH:21,V19, TACK:40",G. Adams rush for 4 yards to the FG19 (T. Schnurrer).,"V,3,1,V19",rush,NA,NA,0,0,0,9,NA,8,V,FG,"KO,2,09:22,30","FG,2,02:12,30",14,0,7:10,KO,2,09:22,FG30,FG,2,02:12,FG30,1
2022_02_FG_VV,FG,VV,Frankfurt Galaxy,Vienna Vikings,6/12/2022,Vienna,Generali-Arena,15:00,17.58,Y,2h58,3913,27 C,SO 11kmh,cloudy,A. Zarganis,H. Horak,G. Udvardi,R. Hoelbling,B. Marciniak,A. Eriksen,G. Tesli,FG,3,1,FG19,"V,3,1,V19","8,4,73","RUSH:27,V24, TACK:75","T. Fischbach rush for 5 yards to the FG24, 1ST DOWN FG (F. Sudi).","V,1,10,V24",rush,rush,NA,0,0,0,9,NA,8,V,FG,"KO,2,09:22,30","FG,2,02:12,30",14,0,7:10,KO,2,09:22,FG30,FG,2,02:12,FG30,1
2022_02_FG_VV,FG,VV,Frankfurt Galaxy,Vienna Vikings,6/12/2022,Vienna,Generali-Arena,15:00,17.58,Y,2h58,3913,27 C,SO 11kmh,cloudy,A. Zarganis,H. Horak,G. Udvardi,R. Hoelbling,B. Marciniak,A. Eriksen,G. Tesli,FG,1,10,FG24,"V,1,10,V24","8,5,74","PASS:5,C,13,V27 TACK:32",M. Johannknecht pass complete to M. Rutsch for 3 yards to the FG27 (L. Horvath).,"V,2,7,V27",pass,NA,NA,0,0,0,9,NA,8,V,FG,"KO,2,09:22,30","FG,2,02:12,30",14,0,7:10,KO,2,09:22,FG30,FG,2,02:12,FG30,1
2022_02_FG_VV,FG,VV,Frankfurt Galaxy,Vienna Vikings,6/12/2022,Vienna,Generali-Arena,15:00,17.58,Y,2h58,3913,27 C,SO 11kmh,cloudy,A. Zarganis,H. Horak,G. Udvardi,R. Hoelbling,B. Marciniak,A. Eriksen,G. Tesli,FG,2,7,FG27,"V,2,7,V27","8,6,75","PASS:5,I,19,*",M. Johannknecht pass incomplete to N. Strahmann.,"V,3,7,V27",pass,NA,NA,0,0,0,9,NA,8,V,FG,"KO,2,09:22,30","FG,2,02:12,30",14,0,7:10,KO,2,09:22,FG30,FG,2,02:12,FG30,1
2022_02_FG_VV,FG,VV,Frankfurt Galaxy,Vienna Vikings,6/12/2022,Vienna,Generali-Arena,15:00,17.58,Y,2h58,3913,27 C,SO 11kmh,cloudy,A. Zarganis,H. Horak,G. Udvardi,R. Hoelbling,B. Marciniak,A. Eriksen,G. Tesli,FG,3,7,FG27,"V,3,7,V27","8,7,76","PASS:5,C,10,V35 TACK:10","M. Johannknecht pass complete to T. Benschuh for 8 yards to the FG35, 1ST DOWN FG (C. Smith).","V,1,10,V35",pass,pass,NA,0,0,0,9,NA,8,V,FG,"KO,2,09:22,30","FG,2,02:12,30",14,0,7:10,KO,2,09:22,FG30,FG,2,02:12,FG30,1
2022_02_FG_VV,FG,VV,Frankfurt Galaxy,Vienna Vikings,6/12/2022,Vienna,Generali-Arena,15:00,17.58,Y,2h58,3913,27 C,SO 11kmh,cloudy,A. Zarganis,H. Horak,G. Udvardi,R. Hoelbling,B. Marciniak,A. Eriksen,G. Tesli,FG,1,10,FG35,"V,1,10,V35","8,8,77","RUSH:27,V39, TACK:40",T. Fischbach rush for 4 yards to the FG39 (T. Schnurrer).,"V,2,6,V39",rush,NA,NA,0,0,0,9,NA,8,V,FG,"KO,2,09:22,30","FG,2,02:12,30",14,0,7:10,KO,2,09:22,FG30,FG,2,02:12,FG30,1
2022_02_FG_VV,FG,VV,Frankfurt Galaxy,Vienna Vikings,6/12/2022,Vienna,Generali-Arena,15:00,17.58,Y,2h58,3913,27 C,SO 11kmh,cloudy,A. Zarganis,H. Horak,G. Udvardi,R. Hoelbling,B. Marciniak,A. Eriksen,G. Tesli,FG,2,6,FG39,"V,2,6,V39","8,9,78","PASS:5,C,19,H29 TACK:37","M. Johannknecht pass complete to N. Strahmann for 32 yards to the VV29, 1ST DOWN FG (S. Wimmer).","V,1,10,H29",pass,pass,NA,0,0,0,9,NA,8,V,FG,"KO,2,09:22,30","FG,2,02:12,30",14,0,7:10,KO,2,09:22,FG30,FG,2,02:12,FG30,1
2022_02_FG_VV,FG,VV,Frankfurt Galaxy,Vienna Vikings,6/12/2022,Vienna,Generali-Arena,15:00,17.58,Y,2h58,3913,27 C,SO 11kmh,cloudy,A. Zarganis,H. Horak,G. Udvardi,R. Hoelbling,B. Marciniak,A. Eriksen,G. Tesli,FG,1,10,VV29,"V,1,10,H29","8,10,79","RUSH:22,H30, TACK:40",K. Hunter rush for loss of 1 yard to the VV30 (T. Schnurrer).,"V,2,11,H30",rush,NA,NA,0,0,0,9,NA,8,V,FG,"KO,2,09:22,30","FG,2,02:12,30",14,0,7:10,KO,2,09:22,FG30,FG,2,02:12,FG30,1
2022_02_FG_VV,FG,VV,Frankfurt Galaxy,Vienna Vikings,6/12/2022,Vienna,Generali-Arena,15:00,17.58,Y,2h58,3913,27 C,SO 11kmh,cloudy,A. Zarganis,H. Horak,G. Udvardi,R. Hoelbling,B. Marciniak,A. Eriksen,G. Tesli,FG,2,11,VV30,"V,2,11,H30","8,11,80","PASS:5,C,87,H07 TACK:7","M. Johannknecht pass complete to K. Mwamba for 23 yards to the VV7, 1ST DOWN FG (E. Edwards).","V,1,0,H07",pass,pass,NA,0,0,0,9,NA,8,V,FG,"KO,2,09:22,30","FG,2,02:12,30",14,0,7:10,KO,2,09:22,FG30,FG,2,02:12,FG30,1
2022_02_FG_VV,FG,VV,Frankfurt Galaxy,Vienna Vikings,6/12/2022,Vienna,Generali-Arena,15:00,17.58,Y,2h58,3913,27 C,SO 11kmh,cloudy,A. Zarganis,H. Horak,G. Udvardi,R. Hoelbling,B. Marciniak,A. Eriksen,G. Tesli,FG,1,0,VV07,"V,1,0,H07","8,12,81","RUSH:22,H05, TACK:23,7",K. Hunter rush for 2 yards to the VV5 (B. Straight;E. Edwards).,"V,2,0,H05",rush,NA,NA,0,0,0,9,NA,8,V,FG,"KO,2,09:22,30","FG,2,02:12,30",14,0,7:10,KO,2,09:22,FG30,FG,2,02:12,FG30,1
2022_02_FG_VV,FG,VV,Frankfurt Galaxy,Vienna Vikings,6/12/2022,Vienna,Generali-Arena,15:00,17.58,Y,2h58,3913,27 C,SO 11kmh,cloudy,A. Zarganis,H. Horak,G. Udvardi,R. Hoelbling,B. Marciniak,A. Eriksen,G. Tesli,FG,2,0,VV05,"V,2,0,H05","8,13,82","PASS:5,I,86,*",M. Johannknecht pass incomplete to L. Regler.,"V,3,0,H05",pass,NA,NA,0,0,0,9,NA,8,V,FG,"KO,2,09:22,30","FG,2,02:12,30",14,0,7:10,KO,2,09:22,FG30,FG,2,02:12,FG30,1
2022_02_FG_VV,FG,VV,Frankfurt Galaxy,Vienna Vikings,6/12/2022,Vienna,Generali-Arena,15:00,17.58,Y,2h58,3913,27 C,SO 11kmh,cloudy,A. Zarganis,H. Horak,G. Udvardi,R. Hoelbling,B. Marciniak,A. Eriksen,G. Tesli,FG,3,0,VV05,"V,3,0,H05","8,14,83","PASS:5,C,13,H04 TACK:23",M. Johannknecht pass complete to M. Rutsch for 1 yard to the VV4 (B. Straight).,"V,4,0,H04",pass,NA,NA,0,0,0,9,NA,8,V,FG,"KO,2,09:22,30","FG,2,02:12,30",14,0,7:10,KO,2,09:22,FG30,FG,2,02:12,FG30,1
2022_02_FG_VV,FG,VV,Frankfurt Galaxy,Vienna Vikings,6/12/2022,Vienna,Generali-Arena,15:00,17.58,Y,2h58,3913,27 C,SO 11kmh,cloudy,A. Zarganis,H. Horak,G. Udvardi,R. Hoelbling,B. Marciniak,A. Eriksen,G. Tesli,FG,4,0,VV04,"V,4,0,H04","8,15,84","FGA:1,21,G T:02:12","R. Rimmler field goal attempt from 21 GOOD, clock 02:12.","V,1,0,V30",field_goal,NA,02:12,0,1,3,9,NA,8,V,FG,"KO,2,09:22,30","FG,2,02:12,30",14,0,7:10,KO,2,09:22,FG30,FG,2,02:12,FG30,1
2022_02_FG_VV,FG,VV,Frankfurt Galaxy,Vienna Vikings,6/12/2022,Vienna,Generali-Arena,15:00,17.58,Y,2h58,3913,27 C,SO 11kmh,cloudy,A. Zarganis,H. Horak,G. Udvardi,R. Hoelbling,B. Marciniak,A. Eriksen,G. Tesli,FG,1,0,FG30,"V,1,0,V30","8,16,85","SPOT:V,V30,Y KO:1,H08 RET:4,H21 TACK:35","FG ball on FG30, R. Rimmler kickoff 62 yards to the VV8, J. Bouah return 13 yards to the VV21 (M. Schlabitz).","H,1,10,H21",kick_off,NA,NA,0,0,3,9,NA,8,V,FG,"KO,2,09:22,30","FG,2,02:12,30",14,0,7:10,KO,2,09:22,FG30,FG,2,02:12,FG30,1
2022_02_FG_VV,FG,VV,Frankfurt Galaxy,Vienna Vikings,6/12/2022,Vienna,Generali-Arena,15:00,17.58,Y,2h58,3913,27 C,SO 11kmh,cloudy,A. Zarganis,H. Horak,G. Udvardi,R. Hoelbling,B. Marciniak,A. Eriksen,G. Tesli,VV,1,10,VV21,"H,1,10,H21","9,1,86",{DRIVE}:02:07,VIENNA VIKINGS drive start at 02:07.,"H,1,10,H21",NA,NA,02:07,0,0,3,9,NA,9,H,VV,"KO,2,02:07,21","TD,2,00:17,100",8,79,1:50,KO,2,02:07,VV21,TD,2,00:17,FG00,1
2022_02_FG_VV,FG,VV,Frankfurt Galaxy,Vienna Vikings,6/12/2022,Vienna,Generali-Arena,15:00,17.58,Y,2h58,3913,27 C,SO 11kmh,cloudy,A. Zarganis,H. Horak,G. Udvardi,R. Hoelbling,B. Marciniak,A. Eriksen,G. Tesli,VV,1,10,VV21,"H,1,10,H21","9,2,87","PASS:9,C,8,H32 TACK:52","J. Erdmann pass complete to A. Botella M for 11 yards to the VV32, 1ST DOWN VV (W. Nasri).","H,1,10,H32",pass,pass,NA,0,0,3,9,NA,9,H,VV,"KO,2,02:07,21","TD,2,00:17,100",8,79,1:50,KO,2,02:07,VV21,TD,2,00:17,FG00,1
2022_02_FG_VV,FG,VV,Frankfurt Galaxy,Vienna Vikings,6/12/2022,Vienna,Generali-Arena,15:00,17.58,Y,2h58,3913,27 C,SO 11kmh,cloudy,A. Zarganis,H. Horak,G. Udvardi,R. Hoelbling,B. Marciniak,A. Eriksen,G. Tesli,VV,1,10,VV32,"H,1,10,H32","9,3,89","PASS:9,C,89,V30 OB:","J. Erdmann pass complete to F. Bierbaumer for 38 yards to the FG30, 1ST DOWN VV, out-of-bounds.","H,1,10,V30",pass,pass,NA,1,0,3,9,NA,9,H,VV,"KO,2,02:07,21","TD,2,00:17,100",8,79,1:50,KO,2,02:07,VV21,TD,2,00:17,FG00,1
2022_02_FG_VV,FG,VV,Frankfurt Galaxy,Vienna Vikings,6/12/2022,Vienna,Generali-Arena,15:00,17.58,Y,2h58,3913,27 C,SO 11kmh,cloudy,A. Zarganis,H. Horak,G. Udvardi,R. Hoelbling,B. Marciniak,A. Eriksen,G. Tesli,VV,1,10,FG30,"H,1,10,V30","9,4,90","PEN:H,FS,A,8,V35,N",PENALTY VV False Start (A. Botella M) 5 yards to the FG35.,"H,1,15,V35",penalty,NA,NA,0,0,3,9,NA,9,H,VV,"KO,2,02:07,21","TD,2,00:17,100",8,79,1:50,KO,2,02:07,VV21,TD,2,00:17,FG00,1
2022_02_FG_VV,FG,VV,Frankfurt Galaxy,Vienna Vikings,6/12/2022,Vienna,Generali-Arena,15:00,17.58,Y,2h58,3913,27 C,SO 11kmh,cloudy,A. Zarganis,H. Horak,G. Udvardi,R. Hoelbling,B. Marciniak,A. Eriksen,G. Tesli,VV,1,15,FG35,"H,1,15,V35","9,5,91","PASS:9,I,89,*",J. Erdmann pass incomplete to F. Bierbaumer.,"H,2,15,V35",pass,NA,NA,0,0,3,9,NA,9,H,VV,"KO,2,02:07,21","TD,2,00:17,100",8,79,1:50,KO,2,02:07,VV21,TD,2,00:17,FG00,1
2022_02_FG_VV,FG,VV,Frankfurt Galaxy,Vienna Vikings,6/12/2022,Vienna,Generali-Arena,15:00,17.58,Y,2h58,3913,27 C,SO 11kmh,cloudy,A. Zarganis,H. Horak,G. Udvardi,R. Hoelbling,B. Marciniak,A. Eriksen,G. Tesli,VV,2,15,FG35,"H,2,15,V35","9,6,92","PASS:9,C,8,V23 TACK:53",J. Erdmann pass complete to A. Botella M for 12 yards to the FG23 (D. Josiah).,"H,3,3,V23",pass,NA,NA,0,0,3,9,NA,9,H,VV,"KO,2,02:07,21","TD,2,00:17,100",8,79,1:50,KO,2,02:07,VV21,TD,2,00:17,FG00,1
2022_02_FG_VV,FG,VV,Frankfurt Galaxy,Vienna Vikings,6/12/2022,Vienna,Generali-Arena,15:00,17.58,Y,2h58,3913,27 C,SO 11kmh,cloudy,A. Zarganis,H. Horak,G. Udvardi,R. Hoelbling,B. Marciniak,A. Eriksen,G. Tesli,VV,3,3,FG23,"H,3,3,V23","9,7,93","PASS:9,C,4,V18 TACK:18","J. Erdmann pass complete to J. Bouah for 5 yards to the FG18, 1ST DOWN VV (F. Lowery).","H,1,10,V18",pass,pass,NA,0,0,3,9,NA,9,H,VV,"KO,2,02:07,21","TD,2,00:17,100",8,79,1:50,KO,2,02:07,VV21,TD,2,00:17,FG00,1
2022_02_FG_VV,FG,VV,Frankfurt Galaxy,Vienna Vikings,6/12/2022,Vienna,Generali-Arena,15:00,17.58,Y,2h58,3913,27 C,SO 11kmh,cloudy,A. Zarganis,H. Horak,G. Udvardi,R. Hoelbling,B. Marciniak,A. Eriksen,G. Tesli,VV,1,10,FG18,"H,1,10,V18","9,8,94","RUSH:9,V10, TACK:53",J. Erdmann rush for 8 yards to the FG10 (D. Josiah).,"H,2,2,V10",rush,NA,NA,0,0,3,9,NA,9,H,VV,"KO,2,02:07,21","TD,2,00:17,100",8,79,1:50,KO,2,02:07,VV21,TD,2,00:17,FG00,1
2022_02_FG_VV,FG,VV,Frankfurt Galaxy,Vienna Vikings,6/12/2022,Vienna,Generali-Arena,15:00,17.58,Y,2h58,3913,27 C,SO 11kmh,cloudy,A. Zarganis,H. Horak,G. Udvardi,R. Hoelbling,B. Marciniak,A. Eriksen,G. Tesli,VV,2,2,FG10,"H,2,2,V10","9,9,95",TOUT:H T:00:27,"Timeout Vienna Vikings, clock 00:27.","H,2,2,V10",NA,NA,00:27,0,0,3,9,NA,9,H,VV,"KO,2,02:07,21","TD,2,00:17,100",8,79,1:50,KO,2,02:07,VV21,TD,2,00:17,FG00,1
2022_02_FG_VV,FG,VV,Frankfurt Galaxy,Vienna Vikings,6/12/2022,Vienna,Generali-Arena,15:00,17.58,Y,2h58,3913,27 C,SO 11kmh,cloudy,A. Zarganis,H. Horak,G. Udvardi,R. Hoelbling,B. Marciniak,A. Eriksen,G. Tesli,VV,2,2,FG10,"H,2,2,V10","9,10,96","PASS:9,D,17,*","J. Erdmann pass incomplete to K. Linnainmaa, dropped pass.","H,3,2,V10",pass,NA,NA,0,0,3,9,NA,9,H,VV,"KO,2,02:07,21","TD,2,00:17,100",8,79,1:50,KO,2,02:07,VV21,TD,2,00:17,FG00,1
2022_02_FG_VV,FG,VV,Frankfurt Galaxy,Vienna Vikings,6/12/2022,Vienna,Generali-Arena,15:00,17.58,Y,2h58,3913,27 C,SO 11kmh,cloudy,A. Zarganis,H. Horak,G. Udvardi,R. Hoelbling,B. Marciniak,A. Eriksen,G. Tesli,VV,3,2,FG10,"H,3,2,V10","9,11,97","PASS:9,C,17,V00 T:00:17","J. Erdmann pass complete to K. Linnainmaa for 10 yards to the FG0, 1ST DOWN VV, TOUCHDOWN, clock 00:17.","H,1,10,V15",pass,pass,00:17,0,1,3,15,NA,9,H,VV,"KO,2,02:07,21","TD,2,00:17,100",8,79,1:50,KO,2,02:07,VV21,TD,2,00:17,FG00,1
2022_02_FG_VV,FG,VV,Frankfurt Galaxy,Vienna Vikings,6/12/2022,Vienna,Generali-Arena,15:00,17.58,Y,2h58,3913,27 C,SO 11kmh,cloudy,A. Zarganis,H. Horak,G. Udvardi,R. Hoelbling,B. Marciniak,A. Eriksen,G. Tesli,VV,1,10,FG15,"H,1,10,V15","9,12,98","PAT:K,20,G",O. Herz kick attempt good.,"H,1,0,H30",pat,NA,NA,0,1,3,16,NA,9,H,VV,"KO,2,02:07,21","TD,2,00:17,100",8,79,1:50,KO,2,02:07,VV21,TD,2,00:17,FG00,1
2022_02_FG_VV,FG,VV,Frankfurt Galaxy,Vienna Vikings,6/12/2022,Vienna,Generali-Arena,15:00,17.58,Y,2h58,3913,27 C,SO 11kmh,cloudy,A. Zarganis,H. Horak,G. Udvardi,R. Hoelbling,B. Marciniak,A. Eriksen,G. Tesli,VV,1,0,VV30,"H,1,0,H30","9,13,99","SPOT:H,H30,N KO:23,V01 RET:33,V26 TACK:19,40","VV ball on VV30, B. Straight kickoff 69 yards to the FG1, J. Rodney return 25 yards to the FG26 (N. Rabitsch;T. Schnurrer).","V,1,10,V26",kick_off,NA,NA,0,0,3,16,NA,9,H,VV,"KO,2,02:07,21","TD,2,00:17,100",8,79,1:50,KO,2,02:07,VV21,TD,2,00:17,FG00,1
2022_02_FG_VV,FG,VV,Frankfurt Galaxy,Vienna Vikings,6/12/2022,Vienna,Generali-Arena,15:00,17.58,Y,2h58,3913,27 C,SO 11kmh,cloudy,A. Zarganis,H. Horak,G. Udvardi,R. Hoelbling,B. Marciniak,A. Eriksen,G. Tesli,FG,1,10,FG26,"V,1,10,V26","10,1,100",{DRIVE}:00:09,FRANKFURT GALAXY drive start at 00:09.,"V,1,10,V26",NA,NA,00:09,0,0,3,16,NA,10,V,FG,"KO,2,00:09,26","INT,2,00:00,46",2,20,0:09,KO,2,00:09,FG26,INT,2,00:00,FG46,NA
2022_02_FG_VV,FG,VV,Frankfurt Galaxy,Vienna Vikings,6/12/2022,Vienna,Generali-Arena,15:00,17.58,Y,2h58,3913,27 C,SO 11kmh,cloudy,A. Zarganis,H. Horak,G. Udvardi,R. Hoelbling,B. Marciniak,A. Eriksen,G. Tesli,FG,1,10,FG26,"V,1,10,V26","10,2,101","RUSH:27,V46, TACK:23","T. Fischbach rush for 20 yards to the FG46, 1ST DOWN FG (B. Straight).","V,1,10,V46",rush,rush,NA,0,0,3,16,NA,10,V,FG,"KO,2,00:09,26","INT,2,00:00,46",2,20,0:09,KO,2,00:09,FG26,INT,2,00:00,FG46,NA
2022_02_FG_VV,FG,VV,Frankfurt Galaxy,Vienna Vikings,6/12/2022,Vienna,Generali-Arena,15:00,17.58,Y,2h58,3913,27 C,SO 11kmh,cloudy,A. Zarganis,H. Horak,G. Udvardi,R. Hoelbling,B. Marciniak,A. Eriksen,G. Tesli,FG,1,10,FG46,"V,1,10,V46","10,3,102",TOUT:V T:00:01,"Timeout Frankfurt Galaxy, clock 00:01.","V,1,10,V46",NA,NA,00:01,0,0,3,16,NA,10,V,FG,"KO,2,00:09,26","INT,2,00:00,46",2,20,0:09,KO,2,00:09,FG26,INT,2,00:00,FG46,NA
2022_02_FG_VV,FG,VV,Frankfurt Galaxy,Vienna Vikings,6/12/2022,Vienna,Generali-Arena,15:00,17.58,Y,2h58,3913,27 C,SO 11kmh,cloudy,A. Zarganis,H. Horak,G. Udvardi,R. Hoelbling,B. Marciniak,A. Eriksen,G. Tesli,FG,1,10,FG46,"V,1,10,V46","10,4,103","PASS:5,X,40,H40 RET:40,H46 OB:","M. Johannknecht pass intercepted by T. Schnurrer at the VV40, T. Schnurrer return 6 yards to the VV46, out-of-bounds.","H,1,10,H46",pass,NA,NA,1,0,3,16,I,10,V,FG,"KO,2,00:09,26","INT,2,00:00,46",2,20,0:09,KO,2,00:09,FG26,INT,2,00:00,FG46,NA
2022_02_FG_VV,FG,VV,Frankfurt Galaxy,Vienna Vikings,6/12/2022,Vienna,Generali-Arena,15:00,17.58,Y,2h58,3913,27 C,SO 11kmh,cloudy,A. Zarganis,H. Horak,G. Udvardi,R. Hoelbling,B. Marciniak,A. Eriksen,G. Tesli,VV,1,10,VV46,"H,1,10,H46","11,1,104",{DRIVE}:00:00,VIENNA VIKINGS drive start at 00:00.,"H,1,10,H46",NA,NA,00:00,0,0,3,16,NA,11,H,VV,"INT,2,00:00,46","HALF,2,00:00,46",0,0,0:00,INT,2,00:00,VV46,HALF,2,00:00,VV46,NA
2022_02_FG_VV,FG,VV,Frankfurt Galaxy,Vienna Vikings,6/12/2022,Vienna,Generali-Arena,15:00,17.58,Y,2h58,3913,27 C,SO 11kmh,cloudy,A. Zarganis,H. Horak,G. Udvardi,R. Hoelbling,B. Marciniak,A. Eriksen,G. Tesli,VV,1,10,VV46,"H,1,10,H46","11,2,105",HALF: T:00:00,"End of half, clock 00:00.","H,1,10,H46",NA,NA,00:00,0,0,3,16,NA,11,H,VV,"INT,2,00:00,46","HALF,2,00:00,46",0,0,0:00,INT,2,00:00,VV46,HALF,2,00:00,VV46,NA
2022_02_FG_VV,FG,VV,Frankfurt Galaxy,Vienna Vikings,6/12/2022,Vienna,Generali-Arena,15:00,17.58,Y,2h58,3913,27 C,SO 11kmh,cloudy,A. Zarganis,H. Horak,G. Udvardi,R. Hoelbling,B. Marciniak,A. Eriksen,G. Tesli,VV,1,10,VV46,"H,1,10,H46","11,3,106","Q:3 T:15:00 SPOT:V,V45,N KO:1,H00 TB:","Start of 3rd quarter, clock 15:00, FG ball on FG45, R. Rimmler kickoff 55 yards to the VV0, touchback.","H,1,10,H30",kick_off,NA,15:00,0,0,3,16,NA,11,H,VV,"INT,2,00:00,46","HALF,2,00:00,46",0,0,0:00,INT,2,00:00,VV46,HALF,2,00:00,VV46,NA
2022_02_FG_VV,FG,VV,Frankfurt Galaxy,Vienna Vikings,6/12/2022,Vienna,Generali-Arena,15:00,17.58,Y,2h58,3913,27 C,SO 11kmh,cloudy,A. Zarganis,H. Horak,G. Udvardi,R. Hoelbling,B. Marciniak,A. Eriksen,G. Tesli,VV,1,10,VV30,"H,1,10,H30","12,1,107","SPOT:H,H30,Y",VV ball on VV30.,"H,1,10,H30",NA,NA,NA,0,0,3,16,NA,12,H,VV,"KO,3,15:00,30","PUNT,3,13:38,29",3,-1,1:22,KO,3,15:00,VV30,PUNT,3,13:38,VV29,NA
2022_02_FG_VV,FG,VV,Frankfurt Galaxy,Vienna Vikings,6/12/2022,Vienna,Generali-Arena,15:00,17.58,Y,2h58,3913,27 C,SO 11kmh,cloudy,A. Zarganis,H. Horak,G. Udvardi,R. Hoelbling,B. Marciniak,A. Eriksen,G. Tesli,VV,1,10,VV30,"H,1,10,H30","12,2,108",{DRIVE}:15:00,VIENNA VIKINGS drive start at 15:00.,"H,1,10,H30",NA,NA,15:00,0,0,3,16,NA,12,H,VV,"KO,3,15:00,30","PUNT,3,13:38,29",3,-1,1:22,KO,3,15:00,VV30,PUNT,3,13:38,VV29,NA
2022_02_FG_VV,FG,VV,Frankfurt Galaxy,Vienna Vikings,6/12/2022,Vienna,Generali-Arena,15:00,17.58,Y,2h58,3913,27 C,SO 11kmh,cloudy,A. Zarganis,H. Horak,G. Udvardi,R. Hoelbling,B. Marciniak,A. Eriksen,G. Tesli,VV,1,10,VV30,"H,1,10,H30","12,3,109","RUSH:3,H32, TACK:90",F. Wegan rush for 2 yards to the VV32 (M. A. Hor).,"H,2,8,H32",rush,NA,NA,0,0,3,16,NA,12,H,VV,"KO,3,15:00,30","PUNT,3,13:38,29",3,-1,1:22,KO,3,15:00,VV30,PUNT,3,13:38,VV29,NA
2022_02_FG_VV,FG,VV,Frankfurt Galaxy,Vienna Vikings,6/12/2022,Vienna,Generali-Arena,15:00,17.58,Y,2h58,3913,27 C,SO 11kmh,cloudy,A. Zarganis,H. Horak,G. Udvardi,R. Hoelbling,B. Marciniak,A. Eriksen,G. Tesli,VV,2,8,VV32,"H,2,8,H32","12,4,110","PASS:9,C,4,H34 TACK:11",J. Erdmann pass complete to J. Bouah for 2 yards to the VV34 (J. Embry).,"H,3,6,H34",pass,NA,NA,0,0,3,16,NA,12,H,VV,"KO,3,15:00,30","PUNT,3,13:38,29",3,-1,1:22,KO,3,15:00,VV30,PUNT,3,13:38,VV29,NA
2022_02_FG_VV,FG,VV,Frankfurt Galaxy,Vienna Vikings,6/12/2022,Vienna,Generali-Arena,15:00,17.58,Y,2h58,3913,27 C,SO 11kmh,cloudy,A. Zarganis,H. Horak,G. Udvardi,R. Hoelbling,B. Marciniak,A. Eriksen,G. Tesli,VV,3,6,VV34,"H,3,6,H34","12,5,111","PASS:9,I,6,*",J. Erdmann pass incomplete to M. Breuler.,"H,4,6,H34",pass,NA,NA,0,0,3,16,NA,12,H,VV,"KO,3,15:00,30","PUNT,3,13:38,29",3,-1,1:22,KO,3,15:00,VV30,PUNT,3,13:38,VV29,NA
2022_02_FG_VV,FG,VV,Frankfurt Galaxy,Vienna Vikings,6/12/2022,Vienna,Generali-Arena,15:00,17.58,Y,2h58,3913,27 C,SO 11kmh,cloudy,A. Zarganis,H. Horak,G. Udvardi,R. Hoelbling,B. Marciniak,A. Eriksen,G. Tesli,VV,4,6,VV34,"H,4,6,H34","12,6,112","PEN:H,DG,A,23,H29,N",PENALTY VV Delay of Game (B. Straight) 5 yards to the VV29.,"H,4,11,H29",penalty,NA,NA,0,0,3,16,NA,12,H,VV,"KO,3,15:00,30","PUNT,3,13:38,29",3,-1,1:22,KO,3,15:00,VV30,PUNT,3,13:38,VV29,NA
2022_02_FG_VV,FG,VV,Frankfurt Galaxy,Vienna Vikings,6/12/2022,Vienna,Generali-Arena,15:00,17.58,Y,2h58,3913,27 C,SO 11kmh,cloudy,A. Zarganis,H. Horak,G. Udvardi,R. Hoelbling,B. Marciniak,A. Eriksen,G. Tesli,VV,4,11,VV29,"H,4,11,H29","12,7,113","PUNT:23,V40 FC:18","B. Straight punt 31 yards to the FG40, fair catch by F. Lowery.","V,1,10,V40",punt,NA,NA,0,0,3,16,NA,12,H,VV,"KO,3,15:00,30","PUNT,3,13:38,29",3,-1,1:22,KO,3,15:00,VV30,PUNT,3,13:38,VV29,NA
2022_02_FG_VV,FG,VV,Frankfurt Galaxy,Vienna Vikings,6/12/2022,Vienna,Generali-Arena,15:00,17.58,Y,2h58,3913,27 C,SO 11kmh,cloudy,A. Zarganis,H. Horak,G. Udvardi,R. Hoelbling,B. Marciniak,A. Eriksen,G. Tesli,FG,1,10,FG40,"V,1,10,V40","13,1,114",{DRIVE}:13:38,FRANKFURT GALAXY drive start at 13:38.,"V,1,10,V40",NA,NA,13:38,0,0,3,16,NA,13,V,FG,"PUNT,3,13:38,40","PUNT,3,11:48,46",5,6,1:50,PUNT,3,13:38,FG40,PUNT,3,11:48,FG46,NA
2022_02_FG_VV,FG,VV,Frankfurt Galaxy,Vienna Vikings,6/12/2022,Vienna,Generali-Arena,15:00,17.58,Y,2h58,3913,27 C,SO 11kmh,cloudy,A. Zarganis,H. Horak,G. Udvardi,R. Hoelbling,B. Marciniak,A. Eriksen,G. Tesli,FG,1,10,FG40,"V,1,10,V40","13,2,115","RUSH:27,V46, TACK:32",T. Fischbach rush for 6 yards to the FG46 (L. Horvath).,"V,2,4,V46",rush,NA,NA,0,0,3,16,NA,13,V,FG,"PUNT,3,13:38,40","PUNT,3,11:48,46",5,6,1:50,PUNT,3,13:38,FG40,PUNT,3,11:48,FG46,NA
2022_02_FG_VV,FG,VV,Frankfurt Galaxy,Vienna Vikings,6/12/2022,Vienna,Generali-Arena,15:00,17.58,Y,2h58,3913,27 C,SO 11kmh,cloudy,A. Zarganis,H. Horak,G. Udvardi,R. Hoelbling,B. Marciniak,A. Eriksen,G. Tesli,FG,2,4,FG46,"V,2,4,V46","13,3,116","RUSH:27,H49, TACK:49","T. Fischbach rush for 5 yards to the VV49, 1ST DOWN FG (A. Watholowitsc).","V,1,10,H49",rush,rush,NA,0,0,3,16,NA,13,V,FG,"PUNT,3,13:38,40","PUNT,3,11:48,46",5,6,1:50,PUNT,3,13:38,FG40,PUNT,3,11:48,FG46,NA
2022_02_FG_VV,FG,VV,Frankfurt Galaxy,Vienna Vikings,6/12/2022,Vienna,Generali-Arena,15:00,17.58,Y,2h58,3913,27 C,SO 11kmh,cloudy,A. Zarganis,H. Horak,G. Udvardi,R. Hoelbling,B. Marciniak,A. Eriksen,G. Tesli,FG,1,10,VV49,"V,1,10,H49","13,4,117","PASS:5,I,88,* BRUP:32",M. Johannknecht pass incomplete to 88 (L. Horvath).,"V,2,10,H49",pass,NA,NA,0,0,3,16,NA,13,V,FG,"PUNT,3,13:38,40","PUNT,3,11:48,46",5,6,1:50,PUNT,3,13:38,FG40,PUNT,3,11:48,FG46,NA
2022_02_FG_VV,FG,VV,Frankfurt Galaxy,Vienna Vikings,6/12/2022,Vienna,Generali-Arena,15:00,17.58,Y,2h58,3913,27 C,SO 11kmh,cloudy,A. Zarganis,H. Horak,G. Udvardi,R. Hoelbling,B. Marciniak,A. Eriksen,G. Tesli,FG,2,10,VV49,"V,2,10,H49","13,5,118","PASS:5,I,87,*",M. Johannknecht pass incomplete to K. Mwamba.,"V,3,10,H49",pass,NA,NA,0,0,3,16,NA,13,V,FG,"PUNT,3,13:38,40","PUNT,3,11:48,46",5,6,1:50,PUNT,3,13:38,FG40,PUNT,3,11:48,FG46,NA
2022_02_FG_VV,FG,VV,Frankfurt Galaxy,Vienna Vikings,6/12/2022,Vienna,Generali-Arena,15:00,17.58,Y,2h58,3913,27 C,SO 11kmh,cloudy,A. Zarganis,H. Horak,G. Udvardi,R. Hoelbling,B. Marciniak,A. Eriksen,G. Tesli,FG,3,10,VV49,"V,3,10,H49","13,6,119","PEN:V,FS,A,77,V46,N",PENALTY FG False Start (Y. Kiehl) 5 yards to the FG46.,"V,3,15,V46",penalty,NA,NA,0,0,3,16,NA,13,V,FG,"PUNT,3,13:38,40","PUNT,3,11:48,46",5,6,1:50,PUNT,3,13:38,FG40,PUNT,3,11:48,FG46,NA
2022_02_FG_VV,FG,VV,Frankfurt Galaxy,Vienna Vikings,6/12/2022,Vienna,Generali-Arena,15:00,17.58,Y,2h58,3913,27 C,SO 11kmh,cloudy,A. Zarganis,H. Horak,G. Udvardi,R. Hoelbling,B. Marciniak,A. Eriksen,G. Tesli,FG,3,15,FG46,"V,3,15,V46","13,7,120","PASS:5,I,13,* BRUP:7 QBH:H,52 PEN:V,PI,D","M. Johannknecht pass incomplete to M. Rutsch (E. Edwards), QB hurry by O. Kranich, PENALTY FG PI declined.","V,4,15,V46",pass,NA,NA,0,0,3,16,NA,13,V,FG,"PUNT,3,13:38,40","PUNT,3,11:48,46",5,6,1:50,PUNT,3,13:38,FG40,PUNT,3,11:48,FG46,NA
2022_02_FG_VV,FG,VV,Frankfurt Galaxy,Vienna Vikings,6/12/2022,Vienna,Generali-Arena,15:00,17.58,Y,2h58,3913,27 C,SO 11kmh,cloudy,A. Zarganis,H. Horak,G. Udvardi,R. Hoelbling,B. Marciniak,A. Eriksen,G. Tesli,FG,4,15,FG46,"V,4,15,V46","13,8,121","PUNT:1,H09 DN:","R. Rimmler punt 45 yards to the VV9, downed.","H,1,10,H09",punt,NA,NA,0,0,3,16,NA,13,V,FG,"PUNT,3,13:38,40","PUNT,3,11:48,46",5,6,1:50,PUNT,3,13:38,FG40,PUNT,3,11:48,FG46,NA
2022_02_FG_VV,FG,VV,Frankfurt Galaxy,Vienna Vikings,6/12/2022,Vienna,Generali-Arena,15:00,17.58,Y,2h58,3913,27 C,SO 11kmh,cloudy,A. Zarganis,H. Horak,G. Udvardi,R. Hoelbling,B. Marciniak,A. Eriksen,G. Tesli,VV,1,10,VV09,"H,1,10,H09","14,1,122",{DRIVE}:11:48,VIENNA VIKINGS drive start at 11:48.,"H,1,10,H09",NA,NA,11:48,0,0,3,16,NA,14,H,VV,"PUNT,3,11:48,9","PUNT,3,09:44,36",4,27,2:04,PUNT,3,11:48,VV09,PUNT,3,09:44,VV36,NA
2022_02_FG_VV,FG,VV,Frankfurt Galaxy,Vienna Vikings,6/12/2022,Vienna,Generali-Arena,15:00,17.58,Y,2h58,3913,27 C,SO 11kmh,cloudy,A. Zarganis,H. Horak,G. Udvardi,R. Hoelbling,B. Marciniak,A. Eriksen,G. Tesli,VV,1,10,VV09,"H,1,10,H09","14,2,123","PASS:9,C,8,H30 OB: TACK:52","J. Erdmann pass complete to A. Botella M for 21 yards to the VV30, 1ST DOWN VV, out-of-bounds (W. Nasri).","H,1,10,H30",pass,pass,NA,1,0,3,16,NA,14,H,VV,"PUNT,3,11:48,9","PUNT,3,09:44,36",4,27,2:04,PUNT,3,11:48,VV09,PUNT,3,09:44,VV36,NA
2022_02_FG_VV,FG,VV,Frankfurt Galaxy,Vienna Vikings,6/12/2022,Vienna,Generali-Arena,15:00,17.58,Y,2h58,3913,27 C,SO 11kmh,cloudy,A. Zarganis,H. Horak,G. Udvardi,R. Hoelbling,B. Marciniak,A. Eriksen,G. Tesli,VV,1,10,VV30,"H,1,10,H30","14,3,124","PASS:9,I,4,* BRUP:18",J. Erdmann pass incomplete to J. Bouah (F. Lowery).,"H,2,10,H30",pass,NA,NA,0,0,3,16,NA,14,H,VV,"PUNT,3,11:48,9","PUNT,3,09:44,36",4,27,2:04,PUNT,3,11:48,VV09,PUNT,3,09:44,VV36,NA
2022_02_FG_VV,FG,VV,Frankfurt Galaxy,Vienna Vikings,6/12/2022,Vienna,Generali-Arena,15:00,17.58,Y,2h58,3913,27 C,SO 11kmh,cloudy,A. Zarganis,H. Horak,G. Udvardi,R. Hoelbling,B. Marciniak,A. Eriksen,G. Tesli,VV,2,10,VV30,"H,2,10,H30","14,4,125","RUSH:3,H30, TACK:40",F. Wegan rush for no gain to the VV30 (L. Achaintre).,"H,3,10,H30",rush,NA,NA,0,0,3,16,NA,14,H,VV,"PUNT,3,11:48,9","PUNT,3,09:44,36",4,27,2:04,PUNT,3,11:48,VV09,PUNT,3,09:44,VV36,NA
2022_02_FG_VV,FG,VV,Frankfurt Galaxy,Vienna Vikings,6/12/2022,Vienna,Generali-Arena,15:00,17.58,Y,2h58,3913,27 C,SO 11kmh,cloudy,A. Zarganis,H. Horak,G. Udvardi,R. Hoelbling,B. Marciniak,A. Eriksen,G. Tesli,VV,3,10,VV30,"H,3,10,H30","14,5,126","PASS:9,C,4,H36 TACK:18",J. Erdmann pass complete to J. Bouah for 6 yards to the VV36 (F. Lowery).,"H,4,4,H36",pass,NA,NA,0,0,3,16,NA,14,H,VV,"PUNT,3,11:48,9","PUNT,3,09:44,36",4,27,2:04,PUNT,3,11:48,VV09,PUNT,3,09:44,VV36,NA
2022_02_FG_VV,FG,VV,Frankfurt Galaxy,Vienna Vikings,6/12/2022,Vienna,Generali-Arena,15:00,17.58,Y,2h58,3913,27 C,SO 11kmh,cloudy,A. Zarganis,H. Horak,G. Udvardi,R. Hoelbling,B. Marciniak,A. Eriksen,G. Tesli,VV,4,4,VV36,"H,4,4,H36","14,6,127","PUNT:23,V29 RET:18,H41 TACK:32","B. Straight punt 35 yards to the FG29, F. Lowery return 30 yards to the VV41 (L. Horvath).","V,1,10,H41",punt,NA,NA,0,0,3,16,NA,14,H,VV,"PUNT,3,11:48,9","PUNT,3,09:44,36",4,27,2:04,PUNT,3,11:48,VV09,PUNT,3,09:44,VV36,NA
2022_02_FG_VV,FG,VV,Frankfurt Galaxy,Vienna Vikings,6/12/2022,Vienna,Generali-Arena,15:00,17.58,Y,2h58,3913,27 C,SO 11kmh,cloudy,A. Zarganis,H. Horak,G. Udvardi,R. Hoelbling,B. Marciniak,A. Eriksen,G. Tesli,FG,1,10,VV41,"V,1,10,H41","15,1,128",{DRIVE}:09:44,FRANKFURT GALAXY drive start at 09:44.,"V,1,10,H41",NA,NA,09:44,0,0,3,16,NA,15,V,FG,"PUNT,3,09:44,59","TD,3,04:12,100",11,41,5:32,PUNT,3,09:44,VV41,TD,3,04:12,VV00,1
2022_02_FG_VV,FG,VV,Frankfurt Galaxy,Vienna Vikings,6/12/2022,Vienna,Generali-Arena,15:00,17.58,Y,2h58,3913,27 C,SO 11kmh,cloudy,A. Zarganis,H. Horak,G. Udvardi,R. Hoelbling,B. Marciniak,A. Eriksen,G. Tesli,FG,1,10,VV41,"V,1,10,H41","15,2,129","RUSH:27,H33, TACK:52",T. Fischbach rush for 8 yards to the VV33 (O. Kranich).,"V,2,2,H33",rush,NA,NA,0,0,3,16,NA,15,V,FG,"PUNT,3,09:44,59","TD,3,04:12,100",11,41,5:32,PUNT,3,09:44,VV41,TD,3,04:12,VV00,1
2022_02_FG_VV,FG,VV,Frankfurt Galaxy,Vienna Vikings,6/12/2022,Vienna,Generali-Arena,15:00,17.58,Y,2h58,3913,27 C,SO 11kmh,cloudy,A. Zarganis,H. Horak,G. Udvardi,R. Hoelbling,B. Marciniak,A. Eriksen,G. Tesli,FG,2,2,VV33,"V,2,2,H33","15,3,130","RUSH:27,H32, TACK:52",T. Fischbach rush for 1 yard to the VV32 (O. Kranich).,"V,3,1,H32",rush,NA,NA,0,0,3,16,NA,15,V,FG,"PUNT,3,09:44,59","TD,3,04:12,100",11,41,5:32,PUNT,3,09:44,VV41,TD,3,04:12,VV00,1
2022_02_FG_VV,FG,VV,Frankfurt Galaxy,Vienna Vikings,6/12/2022,Vienna,Generali-Arena,15:00,17.58,Y,2h58,3913,27 C,SO 11kmh,cloudy,A. Zarganis,H. Horak,G. Udvardi,R. Hoelbling,B. Marciniak,A. Eriksen,G. Tesli,FG,3,1,VV32,"V,3,1,H32","15,4,131","RUSH:27,H32, TACK:40,75",T. Fischbach rush for no gain to the VV32 (T. Schnurrer;F. Sudi).,"V,4,1,H32",rush,NA,NA,0,0,3,16,NA,15,V,FG,"PUNT,3,09:44,59","TD,3,04:12,100",11,41,5:32,PUNT,3,09:44,VV41,TD,3,04:12,VV00,1
2022_02_FG_VV,FG,VV,Frankfurt Galaxy,Vienna Vikings,6/12/2022,Vienna,Generali-Arena,15:00,17.58,Y,2h58,3913,27 C,SO 11kmh,cloudy,A. Zarganis,H. Horak,G. Udvardi,R. Hoelbling,B. Marciniak,A. Eriksen,G. Tesli,FG,4,1,VV32,"V,4,1,H32","15,5,132","RUSH:5,H30, TACK:52","M. Johannknecht rush for 2 yards to the VV30, 1ST DOWN FG (O. Kranich).","V,1,10,H30",rush,rush,NA,0,0,3,16,NA,15,V,FG,"PUNT,3,09:44,59","TD,3,04:12,100",11,41,5:32,PUNT,3,09:44,VV41,TD,3,04:12,VV00,1
2022_02_FG_VV,FG,VV,Frankfurt Galaxy,Vienna Vikings,6/12/2022,Vienna,Generali-Arena,15:00,17.58,Y,2h58,3913,27 C,SO 11kmh,cloudy,A. Zarganis,H. Horak,G. Udvardi,R. Hoelbling,B. Marciniak,A. Eriksen,G. Tesli,FG,1,10,VV30,"V,1,10,H30","15,6,133","RUSH:27,H31, TACK:49",T. Fischbach rush for loss of 1 yard to the VV31 (A. Watholowitsc).,"V,2,11,H31",rush,NA,NA,0,0,3,16,NA,15,V,FG,"PUNT,3,09:44,59","TD,3,04:12,100",11,41,5:32,PUNT,3,09:44,VV41,TD,3,04:12,VV00,1
2022_02_FG_VV,FG,VV,Frankfurt Galaxy,Vienna Vikings,6/12/2022,Vienna,Generali-Arena,15:00,17.58,Y,2h58,3913,27 C,SO 11kmh,cloudy,A. Zarganis,H. Horak,G. Udvardi,R. Hoelbling,B. Marciniak,A. Eriksen,G. Tesli,FG,2,11,VV31,"V,2,11,H31","15,7,134","PASS:5,C,19,H23 TACK:7",M. Johannknecht pass complete to N. Strahmann for 8 yards to the VV23 (E. Edwards).,"V,3,3,H23",pass,NA,NA,0,0,3,16,NA,15,V,FG,"PUNT,3,09:44,59","TD,3,04:12,100",11,41,5:32,PUNT,3,09:44,VV41,TD,3,04:12,VV00,1
2022_02_FG_VV,FG,VV,Frankfurt Galaxy,Vienna Vikings,6/12/2022,Vienna,Generali-Arena,15:00,17.58,Y,2h58,3913,27 C,SO 11kmh,cloudy,A. Zarganis,H. Horak,G. Udvardi,R. Hoelbling,B. Marciniak,A. Eriksen,G. Tesli,FG,3,3,VV23,"V,3,3,H23","15,8,135","RUSH:22,H20, TACK:91","K. Hunter rush for 3 yards to the VV20, 1ST DOWN FG (D. Siegel).","V,1,10,H20",rush,rush,NA,0,0,3,16,NA,15,V,FG,"PUNT,3,09:44,59","TD,3,04:12,100",11,41,5:32,PUNT,3,09:44,VV41,TD,3,04:12,VV00,1
2022_02_FG_VV,FG,VV,Frankfurt Galaxy,Vienna Vikings,6/12/2022,Vienna,Generali-Arena,15:00,17.58,Y,2h58,3913,27 C,SO 11kmh,cloudy,A. Zarganis,H. Horak,G. Udvardi,R. Hoelbling,B. Marciniak,A. Eriksen,G. Tesli,FG,1,10,VV20,"V,1,10,H20","15,9,136","PASS:5,I,86,*",M. Johannknecht pass incomplete to L. Regler.,"V,2,10,H20",pass,NA,NA,0,0,3,16,NA,15,V,FG,"PUNT,3,09:44,59","TD,3,04:12,100",11,41,5:32,PUNT,3,09:44,VV41,TD,3,04:12,VV00,1
2022_02_FG_VV,FG,VV,Frankfurt Galaxy,Vienna Vikings,6/12/2022,Vienna,Generali-Arena,15:00,17.58,Y,2h58,3913,27 C,SO 11kmh,cloudy,A. Zarganis,H. Horak,G. Udvardi,R. Hoelbling,B. Marciniak,A. Eriksen,G. Tesli,FG,2,10,VV20,"V,2,10,H20","15,10,137","RUSH:22,H21, TACK:40,23",K. Hunter rush for loss of 1 yard to the VV21 (T. Schnurrer;B. Straight).,"V,3,11,H21",rush,NA,NA,0,0,3,16,NA,15,V,FG,"PUNT,3,09:44,59","TD,3,04:12,100",11,41,5:32,PUNT,3,09:44,VV41,TD,3,04:12,VV00,1
2022_02_FG_VV,FG,VV,Frankfurt Galaxy,Vienna Vikings,6/12/2022,Vienna,Generali-Arena,15:00,17.58,Y,2h58,3913,27 C,SO 11kmh,cloudy,A. Zarganis,H. Horak,G. Udvardi,R. Hoelbling,B. Marciniak,A. Eriksen,G. Tesli,FG,3,11,VV21,"V,3,11,H21","15,11,138","PASS:5,C,10,H16 TACK:7",M. Johannknecht pass complete to T. Benschuh for 5 yards to the VV16 (E. Edwards).,"V,4,6,H16",pass,NA,NA,0,0,3,16,NA,15,V,FG,"PUNT,3,09:44,59","TD,3,04:12,100",11,41,5:32,PUNT,3,09:44,VV41,TD,3,04:12,VV00,1
2022_02_FG_VV,FG,VV,Frankfurt Galaxy,Vienna Vikings,6/12/2022,Vienna,Generali-Arena,15:00,17.58,Y,2h58,3913,27 C,SO 11kmh,cloudy,A. Zarganis,H. Horak,G. Udvardi,R. Hoelbling,B. Marciniak,A. Eriksen,G. Tesli,FG,4,6,VV16,"V,4,6,H16","15,12,139",TOUT:V T:04:21,"Timeout Frankfurt Galaxy, clock 04:21.","V,4,6,H16",NA,NA,04:21,0,0,3,16,NA,15,V,FG,"PUNT,3,09:44,59","TD,3,04:12,100",11,41,5:32,PUNT,3,09:44,VV41,TD,3,04:12,VV00,1
2022_02_FG_VV,FG,VV,Frankfurt Galaxy,Vienna Vikings,6/12/2022,Vienna,Generali-Arena,15:00,17.58,Y,2h58,3913,27 C,SO 11kmh,cloudy,A. Zarganis,H. Horak,G. Udvardi,R. Hoelbling,B. Marciniak,A. Eriksen,G. Tesli,FG,4,6,VV16,"V,4,6,H16","15,13,140","PASS:5,C,13,H00 T:04:12","M. Johannknecht pass complete to M. Rutsch for 16 yards to the VV0, 1ST DOWN FG, TOUCHDOWN, clock 04:12.","V,1,10,H15",pass,pass,04:12,0,1,9,16,NA,15,V,FG,"PUNT,3,09:44,59","TD,3,04:12,100",11,41,5:32,PUNT,3,09:44,VV41,TD,3,04:12,VV00,1
2022_02_FG_VV,FG,VV,Frankfurt Galaxy,Vienna Vikings,6/12/2022,Vienna,Generali-Arena,15:00,17.58,Y,2h58,3913,27 C,SO 11kmh,cloudy,A. Zarganis,H. Horak,G. Udvardi,R. Hoelbling,B. Marciniak,A. Eriksen,G. Tesli,FG,1,10,VV15,"V,1,10,H15","15,14,141","PAT:K,1,G",R. Rimmler kick attempt good.,"V,1,0,V30",pat,NA,NA,0,1,10,16,NA,15,V,FG,"PUNT,3,09:44,59","TD,3,04:12,100",11,41,5:32,PUNT,3,09:44,VV41,TD,3,04:12,VV00,1
2022_02_FG_VV,FG,VV,Frankfurt Galaxy,Vienna Vikings,6/12/2022,Vienna,Generali-Arena,15:00,17.58,Y,2h58,3913,27 C,SO 11kmh,cloudy,A. Zarganis,H. Horak,G. Udvardi,R. Hoelbling,B. Marciniak,A. Eriksen,G. Tesli,FG,1,0,FG30,"V,1,0,V30","15,15,142","KO:1,H00 TB:","R. Rimmler kickoff 70 yards to the VV0, touchback.","H,1,10,H30",kick_off,NA,NA,0,0,10,16,NA,15,V,FG,"PUNT,3,09:44,59","TD,3,04:12,100",11,41,5:32,PUNT,3,09:44,VV41,TD,3,04:12,VV00,1
2022_02_FG_VV,FG,VV,Frankfurt Galaxy,Vienna Vikings,6/12/2022,Vienna,Generali-Arena,15:00,17.58,Y,2h58,3913,27 C,SO 11kmh,cloudy,A. Zarganis,H. Horak,G. Udvardi,R. Hoelbling,B. Marciniak,A. Eriksen,G. Tesli,VV,1,10,VV30,"H,1,10,H30","16,1,143",{DRIVE}:04:10,VIENNA VIKINGS drive start at 04:10.,"H,1,10,H30",NA,NA,04:10,0,0,10,16,NA,16,H,VV,"KO,3,04:10,30","TD,3,00:18,100",8,70,3:52,KO,3,04:10,VV30,TD,3,00:18,FG00,1
2022_02_FG_VV,FG,VV,Frankfurt Galaxy,Vienna Vikings,6/12/2022,Vienna,Generali-Arena,15:00,17.58,Y,2h58,3913,27 C,SO 11kmh,cloudy,A. Zarganis,H. Horak,G. Udvardi,R. Hoelbling,B. Marciniak,A. Eriksen,G. Tesli,VV,1,10,VV30,"H,1,10,H30","16,2,144","SPOT:H,H30,Y",VV ball on VV30.,"H,1,10,H30",NA,NA,NA,0,0,10,16,NA,16,H,VV,"KO,3,04:10,30","TD,3,00:18,100",8,70,3:52,KO,3,04:10,VV30,TD,3,00:18,FG00,1
2022_02_FG_VV,FG,VV,Frankfurt Galaxy,Vienna Vikings,6/12/2022,Vienna,Generali-Arena,15:00,17.58,Y,2h58,3913,27 C,SO 11kmh,cloudy,A. Zarganis,H. Horak,G. Udvardi,R. Hoelbling,B. Marciniak,A. Eriksen,G. Tesli,VV,1,10,VV30,"H,1,10,H30","16,3,145","PASS:9,C,8,H35 OB: TACK:41","J. Erdmann pass complete to A. Botella M for 5 yards to the VV35, out-of-bounds (S. Gauthier).","H,2,5,H35",pass,NA,NA,1,0,10,16,NA,16,H,VV,"KO,3,04:10,30","TD,3,00:18,100",8,70,3:52,KO,3,04:10,VV30,TD,3,00:18,FG00,1
2022_02_FG_VV,FG,VV,Frankfurt Galaxy,Vienna Vikings,6/12/2022,Vienna,Generali-Arena,15:00,17.58,Y,2h58,3913,27 C,SO 11kmh,cloudy,A. Zarganis,H. Horak,G. Udvardi,R. Hoelbling,B. Marciniak,A. Eriksen,G. Tesli,VV,2,5,VV35,"H,2,5,H35","16,4,146","PASS:9,S,TM,H26 SACK:40",J. Erdmann sacked for loss of 9 yards to the VV26 (L. Achaintre).,"H,3,14,H26",pass,NA,NA,0,0,10,16,NA,16,H,VV,"KO,3,04:10,30","TD,3,00:18,100",8,70,3:52,KO,3,04:10,VV30,TD,3,00:18,FG00,1
2022_02_FG_VV,FG,VV,Frankfurt Galaxy,Vienna Vikings,6/12/2022,Vienna,Generali-Arena,15:00,17.58,Y,2h58,3913,27 C,SO 11kmh,cloudy,A. Zarganis,H. Horak,G. Udvardi,R. Hoelbling,B. Marciniak,A. Eriksen,G. Tesli,VV,3,14,VV26,"H,3,14,H26","16,5,147","PASS:9,C,89,H47 OB: TACK:14,24","J. Erdmann pass complete to F. Bierbaumer for 21 yards to the VV47, 1ST DOWN VV, out-of-bounds (J. Poznanski;K. Ben El Ghali).","H,1,10,H47",pass,pass,NA,1,0,10,16,NA,16,H,VV,"KO,3,04:10,30","TD,3,00:18,100",8,70,3:52,KO,3,04:10,VV30,TD,3,00:18,FG00,1
2022_02_FG_VV,FG,VV,Frankfurt Galaxy,Vienna Vikings,6/12/2022,Vienna,Generali-Arena,15:00,17.58,Y,2h58,3913,27 C,SO 11kmh,cloudy,A. Zarganis,H. Horak,G. Udvardi,R. Hoelbling,B. Marciniak,A. Eriksen,G. Tesli,VV,1,10,VV47,"H,1,10,H47","16,6,148","RUSH:3,V42, TACK:53","F. Wegan rush for 11 yards to the FG42, 1ST DOWN VV (D. Josiah).","H,1,10,V42",rush,rush,NA,0,0,10,16,NA,16,H,VV,"KO,3,04:10,30","TD,3,00:18,100",8,70,3:52,KO,3,04:10,VV30,TD,3,00:18,FG00,1
2022_02_FG_VV,FG,VV,Frankfurt Galaxy,Vienna Vikings,6/12/2022,Vienna,Generali-Arena,15:00,17.58,Y,2h58,3913,27 C,SO 11kmh,cloudy,A. Zarganis,H. Horak,G. Udvardi,R. Hoelbling,B. Marciniak,A. Eriksen,G. Tesli,VV,1,10,FG42,"H,1,10,V42","16,7,149",TOUT:V T:01:58,"Timeout Frankfurt Galaxy, clock 01:58.","H,1,10,V42",NA,NA,01:58,0,0,10,16,NA,16,H,VV,"KO,3,04:10,30","TD,3,00:18,100",8,70,3:52,KO,3,04:10,VV30,TD,3,00:18,FG00,1
2022_02_FG_VV,FG,VV,Frankfurt Galaxy,Vienna Vikings,6/12/2022,Vienna,Generali-Arena,15:00,17.58,Y,2h58,3913,27 C,SO 11kmh,cloudy,A. Zarganis,H. Horak,G. Udvardi,R. Hoelbling,B. Marciniak,A. Eriksen,G. Tesli,VV,1,10,FG42,"H,1,10,V42","16,8,150","PASS:9,C,6,V37 OB: TACK:18","J. Erdmann pass complete to M. Breuler for 5 yards to the FG37, out-of-bounds (F. Lowery).","H,2,5,V37",pass,NA,NA,1,0,10,16,NA,16,H,VV,"KO,3,04:10,30","TD,3,00:18,100",8,70,3:52,KO,3,04:10,VV30,TD,3,00:18,FG00,1
2022_02_FG_VV,FG,VV,Frankfurt Galaxy,Vienna Vikings,6/12/2022,Vienna,Generali-Arena,15:00,17.58,Y,2h58,3913,27 C,SO 11kmh,cloudy,A. Zarganis,H. Horak,G. Udvardi,R. Hoelbling,B. Marciniak,A. Eriksen,G. Tesli,VV,2,5,FG37,"H,2,5,V37","16,9,151","PASS:9,C,4,V14 TACK:14","J. Erdmann pass complete to J. Bouah for 23 yards to the FG14, 1ST DOWN VV (J. Poznanski).","H,1,10,V14",pass,pass,NA,0,0,10,16,NA,16,H,VV,"KO,3,04:10,30","TD,3,00:18,100",8,70,3:52,KO,3,04:10,VV30,TD,3,00:18,FG00,1
2022_02_FG_VV,FG,VV,Frankfurt Galaxy,Vienna Vikings,6/12/2022,Vienna,Generali-Arena,15:00,17.58,Y,2h58,3913,27 C,SO 11kmh,cloudy,A. Zarganis,H. Horak,G. Udvardi,R. Hoelbling,B. Marciniak,A. Eriksen,G. Tesli,VV,1,10,FG14,"H,1,10,V14","16,10,152","RUSH:3,V04, TACK:11","F. Wegan rush for 10 yards to the FG4, 1ST DOWN VV (J. Embry).","H,1,0,V04",rush,rush,NA,0,0,10,16,NA,16,H,VV,"KO,3,04:10,30","TD,3,00:18,100",8,70,3:52,KO,3,04:10,VV30,TD,3,00:18,FG00,1
2022_02_FG_VV,FG,VV,Frankfurt Galaxy,Vienna Vikings,6/12/2022,Vienna,Generali-Arena,15:00,17.58,Y,2h58,3913,27 C,SO 11kmh,cloudy,A. Zarganis,H. Horak,G. Udvardi,R. Hoelbling,B. Marciniak,A. Eriksen,G. Tesli,VV,1,0,FG04,"H,1,0,V04","16,11,153","RUSH:3,V00, T:00:18","F. Wegan rush for 4 yards to the FG0, 1ST DOWN VV, TOUCHDOWN, clock 00:18.","H,1,10,V15",rush,rush,00:18,0,1,10,22,NA,16,H,VV,"KO,3,04:10,30","TD,3,00:18,100",8,70,3:52,KO,3,04:10,VV30,TD,3,00:18,FG00,1
2022_02_FG_VV,FG,VV,Frankfurt Galaxy,Vienna Vikings,6/12/2022,Vienna,Generali-Arena,15:00,17.58,Y,2h58,3913,27 C,SO 11kmh,cloudy,A. Zarganis,H. Horak,G. Udvardi,R. Hoelbling,B. Marciniak,A. Eriksen,G. Tesli,VV,1,10,FG15,"H,1,10,V15","16,12,154","PAT:P,9/89,G",J. Erdmann pass attempt to F. Bierbaumer good.,"H,1,0,H30",pat,NA,NA,0,1,10,24,NA,16,H,VV,"KO,3,04:10,30","TD,3,00:18,100",8,70,3:52,KO,3,04:10,VV30,TD,3,00:18,FG00,1
2022_02_FG_VV,FG,VV,Frankfurt Galaxy,Vienna Vikings,6/12/2022,Vienna,Generali-Arena,15:00,17.58,Y,2h58,3913,27 C,SO 11kmh,cloudy,A. Zarganis,H. Horak,G. Udvardi,R. Hoelbling,B. Marciniak,A. Eriksen,G. Tesli,VV,1,0,VV30,"H,1,0,H30","16,13,155","KO:23,V00 TB:","B. Straight kickoff 70 yards to the FG0, touchback.","V,1,10,V30",kick_off,NA,NA,0,0,10,24,NA,16,H,VV,"KO,3,04:10,30","TD,3,00:18,100",8,70,3:52,KO,3,04:10,VV30,TD,3,00:18,FG00,1
2022_02_FG_VV,FG,VV,Frankfurt Galaxy,Vienna Vikings,6/12/2022,Vienna,Generali-Arena,15:00,17.58,Y,2h58,3913,27 C,SO 11kmh,cloudy,A. Zarganis,H. Horak,G. Udvardi,R. Hoelbling,B. Marciniak,A. Eriksen,G. Tesli,FG,1,10,FG30,"V,1,10,V30","17,1,156",{DRIVE}:00:18,FRANKFURT GALAXY drive start at 00:18.,"V,1,10,V30",NA,NA,00:18,0,0,10,24,NA,17,V,FG,"KO,3,00:18,20","PUNT,4,14:41,20",3,0,0:37,KO,3,00:18,FG20,PUNT,4,14:41,FG20,NA
2022_02_FG_VV,FG,VV,Frankfurt Galaxy,Vienna Vikings,6/12/2022,Vienna,Generali-Arena,15:00,17.58,Y,2h58,3913,27 C,SO 11kmh,cloudy,A. Zarganis,H. Horak,G. Udvardi,R. Hoelbling,B. Marciniak,A. Eriksen,G. Tesli,FG,1,10,FG30,"V,1,10,V30","17,2,157","SPOT:V,V20,Y",FG ball on FG20.,"V,1,10,V20",NA,NA,NA,0,0,10,24,NA,17,V,FG,"KO,3,00:18,20","PUNT,4,14:41,20",3,0,0:37,KO,3,00:18,FG20,PUNT,4,14:41,FG20,NA
2022_02_FG_VV,FG,VV,Frankfurt Galaxy,Vienna Vikings,6/12/2022,Vienna,Generali-Arena,15:00,17.58,Y,2h58,3913,27 C,SO 11kmh,cloudy,A. Zarganis,H. Horak,G. Udvardi,R. Hoelbling,B. Marciniak,A. Eriksen,G. Tesli,FG,1,10,FG20,"V,1,10,V20","17,3,158","RUSH:27,V20, TACK:1",T. Fischbach rush for no gain to the FG20 (L. Balogh).,"V,2,10,V20",rush,NA,NA,0,0,10,24,NA,17,V,FG,"KO,3,00:18,20","PUNT,4,14:41,20",3,0,0:37,KO,3,00:18,FG20,PUNT,4,14:41,FG20,NA
2022_02_FG_VV,FG,VV,Frankfurt Galaxy,Vienna Vikings,6/12/2022,Vienna,Generali-Arena,15:00,17.58,Y,2h58,3913,27 C,SO 11kmh,cloudy,A. Zarganis,H. Horak,G. Udvardi,R. Hoelbling,B. Marciniak,A. Eriksen,G. Tesli,FG,2,10,FG20,"V,2,10,V20","17,4,159",Q:4 T:15:00,"Start of 4th quarter, clock 15:00.","V,2,10,V20",NA,NA,15:00,0,0,10,24,NA,17,V,FG,"KO,3,00:18,20","PUNT,4,14:41,20",3,0,0:37,KO,3,00:18,FG20,PUNT,4,14:41,FG20,NA
2022_02_FG_VV,FG,VV,Frankfurt Galaxy,Vienna Vikings,6/12/2022,Vienna,Generali-Arena,15:00,17.58,Y,2h58,3913,27 C,SO 11kmh,cloudy,A. Zarganis,H. Horak,G. Udvardi,R. Hoelbling,B. Marciniak,A. Eriksen,G. Tesli,FG,2,10,FG20,"V,2,10,V20","17,5,160","PASS:5,I,13,* PEN:V,HO,D","M. Johannknecht pass incomplete to M. Rutsch, PENALTY FG HO declined.","V,3,10,V20",pass,NA,NA,0,0,10,24,NA,17,V,FG,"KO,3,00:18,20","PUNT,4,14:41,20",3,0,0:37,KO,3,00:18,FG20,PUNT,4,14:41,FG20,NA
2022_02_FG_VV,FG,VV,Frankfurt Galaxy,Vienna Vikings,6/12/2022,Vienna,Generali-Arena,15:00,17.58,Y,2h58,3913,27 C,SO 11kmh,cloudy,A. Zarganis,H. Horak,G. Udvardi,R. Hoelbling,B. Marciniak,A. Eriksen,G. Tesli,FG,3,10,FG20,"V,3,10,V20","17,6,161","PASS:5,I,19,*",M. Johannknecht pass incomplete to N. Strahmann.,"V,4,10,V20",pass,NA,NA,0,0,10,24,NA,17,V,FG,"KO,3,00:18,20","PUNT,4,14:41,20",3,0,0:37,KO,3,00:18,FG20,PUNT,4,14:41,FG20,NA
2022_02_FG_VV,FG,VV,Frankfurt Galaxy,Vienna Vikings,6/12/2022,Vienna,Generali-Arena,15:00,17.58,Y,2h58,3913,27 C,SO 11kmh,cloudy,A. Zarganis,H. Horak,G. Udvardi,R. Hoelbling,B. Marciniak,A. Eriksen,G. Tesli,FG,4,10,FG20,"V,4,10,V20","17,7,162","PUNT:1,V49 DN:","R. Rimmler punt 29 yards to the FG49, downed.","H,1,10,V49",punt,NA,NA,0,0,10,24,NA,17,V,FG,"KO,3,00:18,20","PUNT,4,14:41,20",3,0,0:37,KO,3,00:18,FG20,PUNT,4,14:41,FG20,NA
2022_02_FG_VV,FG,VV,Frankfurt Galaxy,Vienna Vikings,6/12/2022,Vienna,Generali-Arena,15:00,17.58,Y,2h58,3913,27 C,SO 11kmh,cloudy,A. Zarganis,H. Horak,G. Udvardi,R. Hoelbling,B. Marciniak,A. Eriksen,G. Tesli,VV,1,10,FG49,"H,1,10,V49","18,1,163",{DRIVE}:14:41,VIENNA VIKINGS drive start at 14:41.,"H,1,10,V49",NA,NA,14:41,0,0,10,24,NA,18,H,VV,"PUNT,4,14:41,51","FGA,4,07:24,85",12,34,7:17,PUNT,4,14:41,FG49,FGA,4,07:24,FG15,1
2022_02_FG_VV,FG,VV,Frankfurt Galaxy,Vienna Vikings,6/12/2022,Vienna,Generali-Arena,15:00,17.58,Y,2h58,3913,27 C,SO 11kmh,cloudy,A. Zarganis,H. Horak,G. Udvardi,R. Hoelbling,B. Marciniak,A. Eriksen,G. Tesli,VV,1,10,FG49,"H,1,10,V49","18,2,164","RUSH:5,V45, TACK:31",A. Wegan rush for 4 yards to the FG45 (K. Katz).,"H,2,6,V45",rush,NA,NA,0,0,10,24,NA,18,H,VV,"PUNT,4,14:41,51","FGA,4,07:24,85",12,34,7:17,PUNT,4,14:41,FG49,FGA,4,07:24,FG15,1
2022_02_FG_VV,FG,VV,Frankfurt Galaxy,Vienna Vikings,6/12/2022,Vienna,Generali-Arena,15:00,17.58,Y,2h58,3913,27 C,SO 11kmh,cloudy,A. Zarganis,H. Horak,G. Udvardi,R. Hoelbling,B. Marciniak,A. Eriksen,G. Tesli,VV,2,6,FG45,"H,2,6,V45","18,3,165","RUSH:5,V41, TACK:52",A. Wegan rush for 4 yards to the FG41 (W. Nasri).,"H,3,2,V41",rush,NA,NA,0,0,10,24,NA,18,H,VV,"PUNT,4,14:41,51","FGA,4,07:24,85",12,34,7:17,PUNT,4,14:41,FG49,FGA,4,07:24,FG15,1
2022_02_FG_VV,FG,VV,Frankfurt Galaxy,Vienna Vikings,6/12/2022,Vienna,Generali-Arena,15:00,17.58,Y,2h58,3913,27 C,SO 11kmh,cloudy,A. Zarganis,H. Horak,G. Udvardi,R. Hoelbling,B. Marciniak,A. Eriksen,G. Tesli,VV,3,2,FG41,"H,3,2,V41","18,4,166","PASS:9,C,75,V36 TACK:52","J. Erdmann pass complete to F. Sudi for 5 yards to the FG36, 1ST DOWN VV (W. Nasri).","H,1,10,V36",pass,pass,NA,0,0,10,24,NA,18,H,VV,"PUNT,4,14:41,51","FGA,4,07:24,85",12,34,7:17,PUNT,4,14:41,FG49,FGA,4,07:24,FG15,1
2022_02_FG_VV,FG,VV,Frankfurt Galaxy,Vienna Vikings,6/12/2022,Vienna,Generali-Arena,15:00,17.58,Y,2h58,3913,27 C,SO 11kmh,cloudy,A. Zarganis,H. Horak,G. Udvardi,R. Hoelbling,B. Marciniak,A. Eriksen,G. Tesli,VV,1,10,FG36,"H,1,10,V36","18,5,167","RUSH:5,V38, TACK:52,14",A. Wegan rush for loss of 2 yards to the FG38 (W. Nasri;J. Poznanski).,"H,2,12,V38",rush,NA,NA,0,0,10,24,NA,18,H,VV,"PUNT,4,14:41,51","FGA,4,07:24,85",12,34,7:17,PUNT,4,14:41,FG49,FGA,4,07:24,FG15,1
2022_02_FG_VV,FG,VV,Frankfurt Galaxy,Vienna Vikings,6/12/2022,Vienna,Generali-Arena,15:00,17.58,Y,2h58,3913,27 C,SO 11kmh,cloudy,A. Zarganis,H. Horak,G. Udvardi,R. Hoelbling,B. Marciniak,A. Eriksen,G. Tesli,VV,2,12,FG38,"H,2,12,V38","18,6,168","PASS:9,S,TM,V44 SACK:53",J. Erdmann sacked for loss of 6 yards to the FG44 (D. Josiah).,"H,3,18,V44",pass,NA,NA,0,0,10,24,NA,18,H,VV,"PUNT,4,14:41,51","FGA,4,07:24,85",12,34,7:17,PUNT,4,14:41,FG49,FGA,4,07:24,FG15,1
2022_02_FG_VV,FG,VV,Frankfurt Galaxy,Vienna Vikings,6/12/2022,Vienna,Generali-Arena,15:00,17.58,Y,2h58,3913,27 C,SO 11kmh,cloudy,A. Zarganis,H. Horak,G. Udvardi,R. Hoelbling,B. Marciniak,A. Eriksen,G. Tesli,VV,3,18,FG44,"H,3,18,V44","18,7,169","PASS:9,C,5,V29 TACK:14",J. Erdmann pass complete to A. Wegan for 15 yards to the FG29 (J. Poznanski).,"H,4,3,V29",pass,NA,NA,0,0,10,24,NA,18,H,VV,"PUNT,4,14:41,51","FGA,4,07:24,85",12,34,7:17,PUNT,4,14:41,FG49,FGA,4,07:24,FG15,1
2022_02_FG_VV,FG,VV,Frankfurt Galaxy,Vienna Vikings,6/12/2022,Vienna,Generali-Arena,15:00,17.58,Y,2h58,3913,27 C,SO 11kmh,cloudy,A. Zarganis,H. Horak,G. Udvardi,R. Hoelbling,B. Marciniak,A. Eriksen,G. Tesli,VV,4,3,FG29,"H,4,3,V29","18,8,170","PEN:V,EN,A,TM,V24,N","PENALTY FG Encroachment 5 yards to the FG24, 1ST DOWN VV.","H,1,10,V24",penalty,penalty,NA,0,0,10,24,NA,18,H,VV,"PUNT,4,14:41,51","FGA,4,07:24,85",12,34,7:17,PUNT,4,14:41,FG49,FGA,4,07:24,FG15,1
2022_02_FG_VV,FG,VV,Frankfurt Galaxy,Vienna Vikings,6/12/2022,Vienna,Generali-Arena,15:00,17.58,Y,2h58,3913,27 C,SO 11kmh,cloudy,A. Zarganis,H. Horak,G. Udvardi,R. Hoelbling,B. Marciniak,A. Eriksen,G. Tesli,VV,1,10,FG24,"H,1,10,V24","18,9,171","RUSH:3,V16, TACK:41",F. Wegan rush for 8 yards to the FG16 (S. Gauthier).,"H,2,2,V16",rush,NA,NA,0,0,10,24,NA,18,H,VV,"PUNT,4,14:41,51","FGA,4,07:24,85",12,34,7:17,PUNT,4,14:41,FG49,FGA,4,07:24,FG15,1
2022_02_FG_VV,FG,VV,Frankfurt Galaxy,Vienna Vikings,6/12/2022,Vienna,Generali-Arena,15:00,17.58,Y,2h58,3913,27 C,SO 11kmh,cloudy,A. Zarganis,H. Horak,G. Udvardi,R. Hoelbling,B. Marciniak,A. Eriksen,G. Tesli,VV,2,2,FG16,"H,2,2,V16","18,10,172","RUSH:3,V09, TACK:41,11","F. Wegan rush for 7 yards to the FG9, 1ST DOWN VV (S. Gauthier;J. Embry).","H,1,0,V09",rush,rush,NA,0,0,10,24,NA,18,H,VV,"PUNT,4,14:41,51","FGA,4,07:24,85",12,34,7:17,PUNT,4,14:41,FG49,FGA,4,07:24,FG15,1
2022_02_FG_VV,FG,VV,Frankfurt Galaxy,Vienna Vikings,6/12/2022,Vienna,Generali-Arena,15:00,17.58,Y,2h58,3913,27 C,SO 11kmh,cloudy,A. Zarganis,H. Horak,G. Udvardi,R. Hoelbling,B. Marciniak,A. Eriksen,G. Tesli,VV,1,0,FG09,"H,1,0,V09","18,11,173","RUSH:9,V15, FUMB:H,V25,9","J. Erdmann rush for loss of 6 yards to the FG15, fumble by J. Erdmann recovered by VV J. Erdmann at FG25.","H,2,0,V25",rush,NA,NA,0,0,10,24,NA,18,H,VV,"PUNT,4,14:41,51","FGA,4,07:24,85",12,34,7:17,PUNT,4,14:41,FG49,FGA,4,07:24,FG15,1
2022_02_FG_VV,FG,VV,Frankfurt Galaxy,Vienna Vikings,6/12/2022,Vienna,Generali-Arena,15:00,17.58,Y,2h58,3913,27 C,SO 11kmh,cloudy,A. Zarganis,H. Horak,G. Udvardi,R. Hoelbling,B. Marciniak,A. Eriksen,G. Tesli,VV,2,0,FG25,"H,2,0,V25","18,12,174",TOUT:H T:08:12,"Timeout Vienna Vikings, clock 08:12.","H,2,0,V25",NA,NA,08:12,0,0,10,24,NA,18,H,VV,"PUNT,4,14:41,51","FGA,4,07:24,85",12,34,7:17,PUNT,4,14:41,FG49,FGA,4,07:24,FG15,1
2022_02_FG_VV,FG,VV,Frankfurt Galaxy,Vienna Vikings,6/12/2022,Vienna,Generali-Arena,15:00,17.58,Y,2h58,3913,27 C,SO 11kmh,cloudy,A. Zarganis,H. Horak,G. Udvardi,R. Hoelbling,B. Marciniak,A. Eriksen,G. Tesli,VV,2,0,FG25,"H,2,0,V25","18,13,175","RUSH:5,V25, OB:","A. Wegan rush for no gain to the FG25, out-of-bounds.","H,3,0,V25",rush,NA,NA,1,0,10,24,NA,18,H,VV,"PUNT,4,14:41,51","FGA,4,07:24,85",12,34,7:17,PUNT,4,14:41,FG49,FGA,4,07:24,FG15,1
2022_02_FG_VV,FG,VV,Frankfurt Galaxy,Vienna Vikings,6/12/2022,Vienna,Generali-Arena,15:00,17.58,Y,2h58,3913,27 C,SO 11kmh,cloudy,A. Zarganis,H. Horak,G. Udvardi,R. Hoelbling,B. Marciniak,A. Eriksen,G. Tesli,VV,3,0,FG25,"H,3,0,V25","18,14,176","PASS:9,C,8,V15 OB: TACK:41","J. Erdmann pass complete to A. Botella M for 10 yards to the FG15, out-of-bounds (S. Gauthier).","H,4,0,V15",pass,NA,NA,1,0,10,24,NA,18,H,VV,"PUNT,4,14:41,51","FGA,4,07:24,85",12,34,7:17,PUNT,4,14:41,FG49,FGA,4,07:24,FG15,1
2022_02_FG_VV,FG,VV,Frankfurt Galaxy,Vienna Vikings,6/12/2022,Vienna,Generali-Arena,15:00,17.58,Y,2h58,3913,27 C,SO 11kmh,cloudy,A. Zarganis,H. Horak,G. Udvardi,R. Hoelbling,B. Marciniak,A. Eriksen,G. Tesli,VV,4,0,FG15,"H,4,0,V15","18,15,177","FGA:20,32,M,V22,R T:07:24","O. Herz field goal attempt from 32 MISSED - wide right, spot at FG22, clock 07:24.","V,1,10,V22",field_goal,NA,07:24,0,0,10,24,NA,18,H,VV,"PUNT,4,14:41,51","FGA,4,07:24,85",12,34,7:17,PUNT,4,14:41,FG49,FGA,4,07:24,FG15,1
2022_02_FG_VV,FG,VV,Frankfurt Galaxy,Vienna Vikings,6/12/2022,Vienna,Generali-Arena,15:00,17.58,Y,2h58,3913,27 C,SO 11kmh,cloudy,A. Zarganis,H. Horak,G. Udvardi,R. Hoelbling,B. Marciniak,A. Eriksen,G. Tesli,FG,1,10,FG22,"V,1,10,V22","19,1,178",{DRIVE}:07:24,FRANKFURT GALAXY drive start at 07:24.,"V,1,10,V22",NA,NA,07:24,0,0,10,24,NA,19,V,FG,"FGA,4,07:24,22","INT,4,07:16,22",1,0,0:08,FGA,4,07:24,FG22,INT,4,07:16,FG22,NA
2022_02_FG_VV,FG,VV,Frankfurt Galaxy,Vienna Vikings,6/12/2022,Vienna,Generali-Arena,15:00,17.58,Y,2h58,3913,27 C,SO 11kmh,cloudy,A. Zarganis,H. Horak,G. Udvardi,R. Hoelbling,B. Marciniak,A. Eriksen,G. Tesli,FG,1,10,FG22,"V,1,10,V22","19,2,179","PASS:5,X,23,V19 RET:23,V00 T:07:16","M. Johannknecht pass intercepted by B. Straight at the FG19, B. Straight return 19 yards to the FG0, TOUCHDOWN, clock 07:16.","H,1,10,V15",pass,NA,07:16,0,1,10,30,I,19,V,FG,"FGA,4,07:24,22","INT,4,07:16,22",1,0,0:08,FGA,4,07:24,FG22,INT,4,07:16,FG22,NA
2022_02_FG_VV,FG,VV,Frankfurt Galaxy,Vienna Vikings,6/12/2022,Vienna,Generali-Arena,15:00,17.58,Y,2h58,3913,27 C,SO 11kmh,cloudy,A. Zarganis,H. Horak,G. Udvardi,R. Hoelbling,B. Marciniak,A. Eriksen,G. Tesli,VV,1,10,FG15,"H,1,10,V15","20,1,180","PAT:K,20,M",O. Herz kick attempt failed.,"H,1,0,H30",pat,NA,NA,0,0,10,30,NA,20,H,VV,"INT,4,07:16,100","TD,4,07:16,100",0,0,0:00,INT,4,07:16,FG00,TD,4,07:16,FG00,NA
2022_02_FG_VV,FG,VV,Frankfurt Galaxy,Vienna Vikings,6/12/2022,Vienna,Generali-Arena,15:00,17.58,Y,2h58,3913,27 C,SO 11kmh,cloudy,A. Zarganis,H. Horak,G. Udvardi,R. Hoelbling,B. Marciniak,A. Eriksen,G. Tesli,VV,1,0,VV30,"H,1,0,H30","20,2,181","KO:23,V20 OB: SPOT:V,V40,Y","B. Straight kickoff 50 yards to the FG20, out-of-bounds, FG ball on FG40.","V,1,10,V40",kick_off,NA,NA,1,0,10,30,NA,20,H,VV,"INT,4,07:16,100","TD,4,07:16,100",0,0,0:00,INT,4,07:16,FG00,TD,4,07:16,FG00,NA
2022_02_FG_VV,FG,VV,Frankfurt Galaxy,Vienna Vikings,6/12/2022,Vienna,Generali-Arena,15:00,17.58,Y,2h58,3913,27 C,SO 11kmh,cloudy,A. Zarganis,H. Horak,G. Udvardi,R. Hoelbling,B. Marciniak,A. Eriksen,G. Tesli,FG,1,10,FG40,"V,1,10,V40","21,1,182",{DRIVE}:07:16,FRANKFURT GALAXY drive start at 07:16.,"V,1,10,V40",NA,NA,07:16,0,0,10,30,NA,21,V,FG,"KO,4,07:16,40","DOWNS,4,05:12,86",8,46,2:04,KO,4,07:16,FG40,DOWNS,4,05:12,VV14,1
2022_02_FG_VV,FG,VV,Frankfurt Galaxy,Vienna Vikings,6/12/2022,Vienna,Generali-Arena,15:00,17.58,Y,2h58,3913,27 C,SO 11kmh,cloudy,A. Zarganis,H. Horak,G. Udvardi,R. Hoelbling,B. Marciniak,A. Eriksen,G. Tesli,FG,1,10,FG40,"V,1,10,V40","21,2,183","PASS:5,C,27,V39 TACK:40",M. Johannknecht pass complete to T. Fischbach for loss of 1 yard to the FG39 (T. Schnurrer).,"V,2,11,V39",pass,NA,NA,0,0,10,30,NA,21,V,FG,"KO,4,07:16,40","DOWNS,4,05:12,86",8,46,2:04,KO,4,07:16,FG40,DOWNS,4,05:12,VV14,1
2022_02_FG_VV,FG,VV,Frankfurt Galaxy,Vienna Vikings,6/12/2022,Vienna,Generali-Arena,15:00,17.58,Y,2h58,3913,27 C,SO 11kmh,cloudy,A. Zarganis,H. Horak,G. Udvardi,R. Hoelbling,B. Marciniak,A. Eriksen,G. Tesli,FG,2,11,FG39,"V,2,11,V39","21,3,184","PASS:5,C,10,H34 TACK:27 PEN:H,PI,D","M. Johannknecht pass complete to T. Benschuh for 27 yards to the VV34, 1ST DOWN FG (N. Huszar), PENALTY VV PI declined.","V,1,10,H34",pass,pass,NA,0,0,10,30,NA,21,V,FG,"KO,4,07:16,40","DOWNS,4,05:12,86",8,46,2:04,KO,4,07:16,FG40,DOWNS,4,05:12,VV14,1
2022_02_FG_VV,FG,VV,Frankfurt Galaxy,Vienna Vikings,6/12/2022,Vienna,Generali-Arena,15:00,17.58,Y,2h58,3913,27 C,SO 11kmh,cloudy,A. Zarganis,H. Horak,G. Udvardi,R. Hoelbling,B. Marciniak,A. Eriksen,G. Tesli,FG,1,10,VV34,"V,1,10,H34","21,4,185","PASS:5,I,16,*",M. Johannknecht pass incomplete to N. Schumm.,"V,2,10,H34",pass,NA,NA,0,0,10,30,NA,21,V,FG,"KO,4,07:16,40","DOWNS,4,05:12,86",8,46,2:04,KO,4,07:16,FG40,DOWNS,4,05:12,VV14,1
2022_02_FG_VV,FG,VV,Frankfurt Galaxy,Vienna Vikings,6/12/2022,Vienna,Generali-Arena,15:00,17.58,Y,2h58,3913,27 C,SO 11kmh,cloudy,A. Zarganis,H. Horak,G. Udvardi,R. Hoelbling,B. Marciniak,A. Eriksen,G. Tesli,FG,2,10,VV34,"V,2,10,H34","21,5,186","PASS:5,C,19,H09 OB:","M. Johannknecht pass complete to N. Strahmann for 25 yards to the VV9, 1ST DOWN FG, out-of-bounds.","V,1,0,H09",pass,pass,NA,1,0,10,30,NA,21,V,FG,"KO,4,07:16,40","DOWNS,4,05:12,86",8,46,2:04,KO,4,07:16,FG40,DOWNS,4,05:12,VV14,1
2022_02_FG_VV,FG,VV,Frankfurt Galaxy,Vienna Vikings,6/12/2022,Vienna,Generali-Arena,15:00,17.58,Y,2h58,3913,27 C,SO 11kmh,cloudy,A. Zarganis,H. Horak,G. Udvardi,R. Hoelbling,B. Marciniak,A. Eriksen,G. Tesli,FG,1,0,VV09,"V,1,0,H09","21,6,187","PASS:5,I,16,* BRUP:21",M. Johannknecht pass incomplete to N. Schumm (L. Gerner).,"V,2,0,H09",pass,NA,NA,0,0,10,30,NA,21,V,FG,"KO,4,07:16,40","DOWNS,4,05:12,86",8,46,2:04,KO,4,07:16,FG40,DOWNS,4,05:12,VV14,1
2022_02_FG_VV,FG,VV,Frankfurt Galaxy,Vienna Vikings,6/12/2022,Vienna,Generali-Arena,15:00,17.58,Y,2h58,3913,27 C,SO 11kmh,cloudy,A. Zarganis,H. Horak,G. Udvardi,R. Hoelbling,B. Marciniak,A. Eriksen,G. Tesli,FG,2,0,VV09,"V,2,0,H09","21,7,188","PASS:5,I,86,*",M. Johannknecht pass incomplete to L. Regler.,"V,3,0,H09",pass,NA,NA,0,0,10,30,NA,21,V,FG,"KO,4,07:16,40","DOWNS,4,05:12,86",8,46,2:04,KO,4,07:16,FG40,DOWNS,4,05:12,VV14,1
2022_02_FG_VV,FG,VV,Frankfurt Galaxy,Vienna Vikings,6/12/2022,Vienna,Generali-Arena,15:00,17.58,Y,2h58,3913,27 C,SO 11kmh,cloudy,A. Zarganis,H. Horak,G. Udvardi,R. Hoelbling,B. Marciniak,A. Eriksen,G. Tesli,FG,3,0,VV09,"V,3,0,H09","21,8,189","PASS:5,I,16,*",M. Johannknecht pass incomplete to N. Schumm.,"V,4,0,H09",pass,NA,NA,0,0,10,30,NA,21,V,FG,"KO,4,07:16,40","DOWNS,4,05:12,86",8,46,2:04,KO,4,07:16,FG40,DOWNS,4,05:12,VV14,1
2022_02_FG_VV,FG,VV,Frankfurt Galaxy,Vienna Vikings,6/12/2022,Vienna,Generali-Arena,15:00,17.58,Y,2h58,3913,27 C,SO 11kmh,cloudy,A. Zarganis,H. Horak,G. Udvardi,R. Hoelbling,B. Marciniak,A. Eriksen,G. Tesli,FG,4,0,VV09,"V,4,0,H09","21,9,190","PEN:V,DG,A,5,H14,N",PENALTY FG Delay of Game (M. Johannknecht) 5 yards to the VV14.,"V,4,0,H14",penalty,NA,NA,0,0,10,30,NA,21,V,FG,"KO,4,07:16,40","DOWNS,4,05:12,86",8,46,2:04,KO,4,07:16,FG40,DOWNS,4,05:12,VV14,1
2022_02_FG_VV,FG,VV,Frankfurt Galaxy,Vienna Vikings,6/12/2022,Vienna,Generali-Arena,15:00,17.58,Y,2h58,3913,27 C,SO 11kmh,cloudy,A. Zarganis,H. Horak,G. Udvardi,R. Hoelbling,B. Marciniak,A. Eriksen,G. Tesli,FG,4,0,VV14,"V,4,0,H14","21,10,191","PASS:5,I,10,* BRUP:21 PEN:V,FP,D","M. Johannknecht pass incomplete to T. Benschuh (L. Gerner), PENALTY FG Illegal Forward Pass declined.","H,1,10,H14",pass,NA,NA,0,0,10,30,NA,21,V,FG,"KO,4,07:16,40","DOWNS,4,05:12,86",8,46,2:04,KO,4,07:16,FG40,DOWNS,4,05:12,VV14,1
2022_02_FG_VV,FG,VV,Frankfurt Galaxy,Vienna Vikings,6/12/2022,Vienna,Generali-Arena,15:00,17.58,Y,2h58,3913,27 C,SO 11kmh,cloudy,A. Zarganis,H. Horak,G. Udvardi,R. Hoelbling,B. Marciniak,A. Eriksen,G. Tesli,VV,1,10,VV14,"H,1,10,H14","22,1,192",{DRIVE}:05:12,VIENNA VIKINGS drive start at 05:12.,"H,1,10,H14",NA,NA,05:12,0,0,10,30,NA,22,H,VV,"DOWNS,4,05:12,14","PUNT,4,01:00,41",8,27,4:12,DOWNS,4,05:12,VV14,PUNT,4,01:00,VV41,NA
2022_02_FG_VV,FG,VV,Frankfurt Galaxy,Vienna Vikings,6/12/2022,Vienna,Generali-Arena,15:00,17.58,Y,2h58,3913,27 C,SO 11kmh,cloudy,A. Zarganis,H. Horak,G. Udvardi,R. Hoelbling,B. Marciniak,A. Eriksen,G. Tesli,VV,1,10,VV14,"H,1,10,H14","22,2,193","RUSH:5,H23, TACK:31",A. Wegan rush for 9 yards to the VV23 (K. Katz).,"H,2,1,H23",rush,NA,NA,0,0,10,30,NA,22,H,VV,"DOWNS,4,05:12,14","PUNT,4,01:00,41",8,27,4:12,DOWNS,4,05:12,VV14,PUNT,4,01:00,VV41,NA
2022_02_FG_VV,FG,VV,Frankfurt Galaxy,Vienna Vikings,6/12/2022,Vienna,Generali-Arena,15:00,17.58,Y,2h58,3913,27 C,SO 11kmh,cloudy,A. Zarganis,H. Horak,G. Udvardi,R. Hoelbling,B. Marciniak,A. Eriksen,G. Tesli,VV,2,1,VV23,"H,2,1,H23","22,3,194","RUSH:5,H26, TACK:99","A. Wegan rush for 3 yards to the VV26, 1ST DOWN VV (K. Maier).","H,1,10,H26",rush,rush,NA,0,0,10,30,NA,22,H,VV,"DOWNS,4,05:12,14","PUNT,4,01:00,41",8,27,4:12,DOWNS,4,05:12,VV14,PUNT,4,01:00,VV41,NA
2022_02_FG_VV,FG,VV,Frankfurt Galaxy,Vienna Vikings,6/12/2022,Vienna,Generali-Arena,15:00,17.58,Y,2h58,3913,27 C,SO 11kmh,cloudy,A. Zarganis,H. Horak,G. Udvardi,R. Hoelbling,B. Marciniak,A. Eriksen,G. Tesli,VV,1,10,VV26,"H,1,10,H26","22,4,195","RUSH:33,H26, TACK:92,51 PEN:H,HO,A,TM,H16,N NOPLAY:","K. Rathonyi rush for no gain to the VV26 (T. Goeckus;M. Adjei), PENALTY VV HO 10 yards to the VV16, NO PLAY.","H,1,20,H16",penalty,NA,NA,0,0,10,30,NA,22,H,VV,"DOWNS,4,05:12,14","PUNT,4,01:00,41",8,27,4:12,DOWNS,4,05:12,VV14,PUNT,4,01:00,VV41,NA
2022_02_FG_VV,FG,VV,Frankfurt Galaxy,Vienna Vikings,6/12/2022,Vienna,Generali-Arena,15:00,17.58,Y,2h58,3913,27 C,SO 11kmh,cloudy,A. Zarganis,H. Horak,G. Udvardi,R. Hoelbling,B. Marciniak,A. Eriksen,G. Tesli,VV,1,20,VV16,"H,1,20,H16","22,5,196","RUSH:33,H23, TACK:53,51",K. Rathonyi rush for 7 yards to the VV23 (D. Josiah;M. Adjei).,"H,2,13,H23",rush,NA,NA,0,0,10,30,NA,22,H,VV,"DOWNS,4,05:12,14","PUNT,4,01:00,41",8,27,4:12,DOWNS,4,05:12,VV14,PUNT,4,01:00,VV41,NA
2022_02_FG_VV,FG,VV,Frankfurt Galaxy,Vienna Vikings,6/12/2022,Vienna,Generali-Arena,15:00,17.58,Y,2h58,3913,27 C,SO 11kmh,cloudy,A. Zarganis,H. Horak,G. Udvardi,R. Hoelbling,B. Marciniak,A. Eriksen,G. Tesli,VV,2,13,VV23,"H,2,13,H23","22,6,197","RUSH:33,H29, TACK:94,53",K. Rathonyi rush for 6 yards to the VV29 (C. Udegbe;D. Josiah).,"H,3,7,H29",rush,NA,NA,0,0,10,30,NA,22,H,VV,"DOWNS,4,05:12,14","PUNT,4,01:00,41",8,27,4:12,DOWNS,4,05:12,VV14,PUNT,4,01:00,VV41,NA
2022_02_FG_VV,FG,VV,Frankfurt Galaxy,Vienna Vikings,6/12/2022,Vienna,Generali-Arena,15:00,17.58,Y,2h58,3913,27 C,SO 11kmh,cloudy,A. Zarganis,H. Horak,G. Udvardi,R. Hoelbling,B. Marciniak,A. Eriksen,G. Tesli,VV,3,7,VV29,"H,3,7,H29","22,7,198","RUSH:33,H39, OB: TACK:35","K. Rathonyi rush for 10 yards to the VV39, 1ST DOWN VV, out-of-bounds (M. Schlabitz).","H,1,10,H39",rush,rush,NA,1,0,10,30,NA,22,H,VV,"DOWNS,4,05:12,14","PUNT,4,01:00,41",8,27,4:12,DOWNS,4,05:12,VV14,PUNT,4,01:00,VV41,NA
2022_02_FG_VV,FG,VV,Frankfurt Galaxy,Vienna Vikings,6/12/2022,Vienna,Generali-Arena,15:00,17.58,Y,2h58,3913,27 C,SO 11kmh,cloudy,A. Zarganis,H. Horak,G. Udvardi,R. Hoelbling,B. Marciniak,A. Eriksen,G. Tesli,VV,1,10,VV39,"H,1,10,H39","22,8,199","RUSH:9,H28, FUMB:H,H28,9","J. Erdmann rush for loss of 11 yards to the VV28, fumble by J. Erdmann recovered by VV J. Erdmann at VV28.","H,2,21,H28",rush,NA,NA,0,0,10,30,NA,22,H,VV,"DOWNS,4,05:12,14","PUNT,4,01:00,41",8,27,4:12,DOWNS,4,05:12,VV14,PUNT,4,01:00,VV41,NA
2022_02_FG_VV,FG,VV,Frankfurt Galaxy,Vienna Vikings,6/12/2022,Vienna,Generali-Arena,15:00,17.58,Y,2h58,3913,27 C,SO 11kmh,cloudy,A. Zarganis,H. Horak,G. Udvardi,R. Hoelbling,B. Marciniak,A. Eriksen,G. Tesli,VV,2,21,VV28,"H,2,21,H28","22,9,201","PASS:9,C,19,H37 OB: TACK:51","J. Erdmann pass complete to N. Rabitsch for 9 yards to the VV37, out-of-bounds (M. Adjei).","H,3,12,H37",pass,NA,NA,1,0,10,30,NA,22,H,VV,"DOWNS,4,05:12,14","PUNT,4,01:00,41",8,27,4:12,DOWNS,4,05:12,VV14,PUNT,4,01:00,VV41,NA
2022_02_FG_VV,FG,VV,Frankfurt Galaxy,Vienna Vikings,6/12/2022,Vienna,Generali-Arena,15:00,17.58,Y,2h58,3913,27 C,SO 11kmh,cloudy,A. Zarganis,H. Horak,G. Udvardi,R. Hoelbling,B. Marciniak,A. Eriksen,G. Tesli,VV,3,12,VV37,"H,3,12,H37","22,10,202","RUSH:5,H41, TACK:51",A. Wegan rush for 4 yards to the VV41 (M. Adjei).,"H,4,8,H41",rush,NA,NA,0,0,10,30,NA,22,H,VV,"DOWNS,4,05:12,14","PUNT,4,01:00,41",8,27,4:12,DOWNS,4,05:12,VV14,PUNT,4,01:00,VV41,NA
2022_02_FG_VV,FG,VV,Frankfurt Galaxy,Vienna Vikings,6/12/2022,Vienna,Generali-Arena,15:00,17.58,Y,2h58,3913,27 C,SO 11kmh,cloudy,A. Zarganis,H. Horak,G. Udvardi,R. Hoelbling,B. Marciniak,A. Eriksen,G. Tesli,VV,4,8,VV41,"H,4,8,H41","22,11,203",TOUT:H T:01:09,"Timeout Vienna Vikings, clock 01:09.","H,4,8,H41",NA,NA,01:09,0,0,10,30,NA,22,H,VV,"DOWNS,4,05:12,14","PUNT,4,01:00,41",8,27,4:12,DOWNS,4,05:12,VV14,PUNT,4,01:00,VV41,NA
2022_02_FG_VV,FG,VV,Frankfurt Galaxy,Vienna Vikings,6/12/2022,Vienna,Generali-Arena,15:00,17.58,Y,2h58,3913,27 C,SO 11kmh,cloudy,A. Zarganis,H. Horak,G. Udvardi,R. Hoelbling,B. Marciniak,A. Eriksen,G. Tesli,VV,4,8,VV41,"H,4,8,H41","22,12,204","PUNT:23,V16 RET:18,V16 FUMB:V,V14,18","B. Straight punt 43 yards to the FG16, F. Lowery return 0 yards to the FG16, fumble by F. Lowery recovered by FG F. Lowery at FG14.","V,1,10,V14",punt,NA,NA,0,0,10,30,NA,22,H,VV,"DOWNS,4,05:12,14","PUNT,4,01:00,41",8,27,4:12,DOWNS,4,05:12,VV14,PUNT,4,01:00,VV41,NA
2022_02_FG_VV,FG,VV,Frankfurt Galaxy,Vienna Vikings,6/12/2022,Vienna,Generali-Arena,15:00,17.58,Y,2h58,3913,27 C,SO 11kmh,cloudy,A. Zarganis,H. Horak,G. Udvardi,R. Hoelbling,B. Marciniak,A. Eriksen,G. Tesli,FG,1,10,FG14,"V,1,10,V14","23,1,205","{DRIVE}:01:00 SPOT:V,V14,Y","FRANKFURT GALAXY drive start at 01:00, FG ball on FG14.","V,1,10,V14",NA,NA,01:00,0,0,10,30,NA,23,V,FG,"PUNT,4,01:00,14",",0,00:00,19",2,5,0:00,PUNT,4,01:00,FG14,NA,0,00:00,FG19,NA
2022_02_FG_VV,FG,VV,Frankfurt Galaxy,Vienna Vikings,6/12/2022,Vienna,Generali-Arena,15:00,17.58,Y,2h58,3913,27 C,SO 11kmh,cloudy,A. Zarganis,H. Horak,G. Udvardi,R. Hoelbling,B. Marciniak,A. Eriksen,G. Tesli,FG,1,10,FG14,"V,1,10,V14","23,2,206","RUSH:33,V20, TACK:39,10",J. Rodney rush for 6 yards to the FG20 (S. Huber;C. Smith).,"V,2,4,V20",rush,NA,NA,0,0,10,30,NA,23,V,FG,"PUNT,4,01:00,14",",0,00:00,19",2,5,0:00,PUNT,4,01:00,FG14,NA,0,00:00,FG19,NA
2022_02_FG_VV,FG,VV,Frankfurt Galaxy,Vienna Vikings,6/12/2022,Vienna,Generali-Arena,15:00,17.58,Y,2h58,3913,27 C,SO 11kmh,cloudy,A. Zarganis,H. Horak,G. Udvardi,R. Hoelbling,B. Marciniak,A. Eriksen,G. Tesli,FG,2,4,FG20,"V,2,4,V20","23,3,207","RUSH:33,V19, TACK:44",J. Rodney rush for loss of 1 yard to the FG19 (L. Huber).,"V,3,5,V19",rush,NA,NA,0,0,10,30,NA,23,V,FG,"PUNT,4,01:00,14",",0,00:00,19",2,5,0:00,PUNT,4,01:00,FG14,NA,0,00:00,FG19,NA
