game_id,away_team_id,home_team_id,away_team,home_team,date,location,stadium,start,end,duration,attend,temp,wind,weather,ref,ump,line,lj,bj,fj,sj,posteam,down,togo,spot,context,play_id,tokens,desc,newcontext,play_type,clock,first_down_with,score,away_score_post,home_score_post,oob,turnover,drive_number,drive_vh,drive_team,drive_start,drive_end,drive_plays,drive_yards,drive_top,drive_start_how,drive_start_qtr,drive_start_time,drive_start_spot,drive_end_how,drive_end_qtr,drive_end_time,drive_end_spot,drive_rz
2022_02_RF_LK,RF,LK,Rhein Fire,Leipzig Kings,6/11/2022,Dessau,Paul-Greifzu-Stadion,15:00,17:48,2:48,2250,25 C,NA,sunny,M. Scholz,E. Summer,M. Burzec,K. Haltermann,M. Zoladek,E. Christensen,K. Przybala,RF,1,10,RF30,"V,1,10,V30","0,1,0","CMT:LK won toss, defers, RF elects to receive.","LK won toss, defers, RF elects to receive.","V,1,10,V30",NA,NA,NA,0,0,0,0,NA,0,NA,NA,NA,NA,NA,NA,NA,NA,NA,NA,NA,NA,NA,NA,NA,NA
2022_02_RF_LK,RF,LK,Rhein Fire,Leipzig Kings,6/11/2022,Dessau,Paul-Greifzu-Stadion,15:00,17:48,2:48,2250,25 C,NA,sunny,M. Scholz,E. Summer,M. Burzec,K. Haltermann,M. Zoladek,E. Christensen,K. Przybala,RF,1,10,RF30,"V,1,10,V30","0,2,1","SPOT:H,H30,N Q:1 T:15:00","LK ball on LK30, start of 1st quarter, clock 15:00.","H,1,10,H30",NA,15:00,NA,0,0,0,0,NA,0,NA,NA,NA,NA,NA,NA,NA,NA,NA,NA,NA,NA,NA,NA,NA,NA
2022_02_RF_LK,RF,LK,Rhein Fire,Leipzig Kings,6/11/2022,Dessau,Paul-Greifzu-Stadion,15:00,17:48,2:48,2250,25 C,NA,sunny,M. Scholz,E. Summer,M. Burzec,K. Haltermann,M. Zoladek,E. Christensen,K. Przybala,LK,1,10,LK30,"H,1,10,H30","0,3,2","KO:9,V01 RET:22,V32 TACK:10,33 PEN:V,BL,A,58,V17,N D:1,10 SPOT:V,V17,Y","F. Finke kickoff 69 yards to the RF1, O. Williams return 31 yards to the RF32 (C. Roemer;P. Meissner), PENALTY RF Illegal Blindside Block (J. Sleiman) 15 yards to the RF17, 1st and 10, RF ball on RF17.","V,1,10,V17",kick_off,NA,NA,0,0,0,0,NA,0,NA,NA,NA,NA,NA,NA,NA,NA,NA,NA,NA,NA,NA,NA,NA,NA
2022_02_RF_LK,RF,LK,Rhein Fire,Leipzig Kings,6/11/2022,Dessau,Paul-Greifzu-Stadion,15:00,17:48,2:48,2250,25 C,NA,sunny,M. Scholz,E. Summer,M. Burzec,K. Haltermann,M. Zoladek,E. Christensen,K. Przybala,RF,1,10,RF17,"V,1,10,V17","1,1,3","RUSH:21,V22, TACK:4",J. Aguemon rush for 5 yards to the RF22 (M. Tavarres).,"V,2,5,V22",rush,NA,NA,0,0,0,0,NA,1,V,RF,"KO,1,15:00,17","TD,1,11:08,100",7,83,3:52,KO,1,15:00,RF17,TD,1,11:08,LK00,NA
2022_02_RF_LK,RF,LK,Rhein Fire,Leipzig Kings,6/11/2022,Dessau,Paul-Greifzu-Stadion,15:00,17:48,2:48,2250,25 C,NA,sunny,M. Scholz,E. Summer,M. Burzec,K. Haltermann,M. Zoladek,E. Christensen,K. Przybala,RF,2,5,RF22,"V,2,5,V22","1,2,4","PASS:11,C,86,V28 TACK:6","M. Adam pass complete to N. Robitaille for 6 yards to the RF28, 1ST DOWN RF (R. Henrique).","V,1,10,V28",pass,NA,pass,0,0,0,0,NA,1,V,RF,"KO,1,15:00,17","TD,1,11:08,100",7,83,3:52,KO,1,15:00,RF17,TD,1,11:08,LK00,NA
2022_02_RF_LK,RF,LK,Rhein Fire,Leipzig Kings,6/11/2022,Dessau,Paul-Greifzu-Stadion,15:00,17:48,2:48,2250,25 C,NA,sunny,M. Scholz,E. Summer,M. Burzec,K. Haltermann,M. Zoladek,E. Christensen,K. Przybala,RF,1,10,RF28,"V,1,10,V28","1,3,5","RUSH:21,V33, TACK:4",J. Aguemon rush for 5 yards to the RF33 (M. Tavarres).,"V,2,5,V33",rush,NA,NA,0,0,0,0,NA,1,V,RF,"KO,1,15:00,17","TD,1,11:08,100",7,83,3:52,KO,1,15:00,RF17,TD,1,11:08,LK00,NA
2022_02_RF_LK,RF,LK,Rhein Fire,Leipzig Kings,6/11/2022,Dessau,Paul-Greifzu-Stadion,15:00,17:48,2:48,2250,25 C,NA,sunny,M. Scholz,E. Summer,M. Burzec,K. Haltermann,M. Zoladek,E. Christensen,K. Przybala,RF,2,5,RF33,"V,2,5,V33","1,4,6","PASS:11,I,87,*",M. Adam pass incomplete to F. Eichhorn.,"V,3,5,V33",pass,NA,NA,0,0,0,0,NA,1,V,RF,"KO,1,15:00,17","TD,1,11:08,100",7,83,3:52,KO,1,15:00,RF17,TD,1,11:08,LK00,NA
2022_02_RF_LK,RF,LK,Rhein Fire,Leipzig Kings,6/11/2022,Dessau,Paul-Greifzu-Stadion,15:00,17:48,2:48,2250,25 C,NA,sunny,M. Scholz,E. Summer,M. Burzec,K. Haltermann,M. Zoladek,E. Christensen,K. Przybala,RF,3,5,RF33,"V,3,5,V33","1,5,7","RUSH:11,V42,","M. Adam rush for 9 yards to the RF42, 1ST DOWN RF.","V,1,10,V42",rush,NA,rush,0,0,0,0,NA,1,V,RF,"KO,1,15:00,17","TD,1,11:08,100",7,83,3:52,KO,1,15:00,RF17,TD,1,11:08,LK00,NA
2022_02_RF_LK,RF,LK,Rhein Fire,Leipzig Kings,6/11/2022,Dessau,Paul-Greifzu-Stadion,15:00,17:48,2:48,2250,25 C,NA,sunny,M. Scholz,E. Summer,M. Burzec,K. Haltermann,M. Zoladek,E. Christensen,K. Przybala,RF,1,10,RF42,"V,1,10,V42","1,6,8","RUSH:21,V47, TACK:93,4",J. Aguemon rush for 5 yards to the RF47 (C. Hans;M. Tavarres).,"V,2,5,V47",rush,NA,NA,0,0,0,0,NA,1,V,RF,"KO,1,15:00,17","TD,1,11:08,100",7,83,3:52,KO,1,15:00,RF17,TD,1,11:08,LK00,NA
2022_02_RF_LK,RF,LK,Rhein Fire,Leipzig Kings,6/11/2022,Dessau,Paul-Greifzu-Stadion,15:00,17:48,2:48,2250,25 C,NA,sunny,M. Scholz,E. Summer,M. Burzec,K. Haltermann,M. Zoladek,E. Christensen,K. Przybala,RF,2,5,RF47,"V,2,5,V47","1,7,9","PEN:V,FS,A,79,V42,N",PENALTY RF False Start (J.-N. Dalbeck) 5 yards to the RF42.,"V,2,10,V42",penalty,NA,NA,0,0,0,0,NA,1,V,RF,"KO,1,15:00,17","TD,1,11:08,100",7,83,3:52,KO,1,15:00,RF17,TD,1,11:08,LK00,NA
2022_02_RF_LK,RF,LK,Rhein Fire,Leipzig Kings,6/11/2022,Dessau,Paul-Greifzu-Stadion,15:00,17:48,2:48,2250,25 C,NA,sunny,M. Scholz,E. Summer,M. Burzec,K. Haltermann,M. Zoladek,E. Christensen,K. Przybala,RF,2,10,RF42,"V,2,10,V42","1,8,10","PASS:11,C,86,H00 T:11:08 PAT:K,2,G","M. Adam pass complete to N. Robitaille for 58 yards to the LK0, 1ST DOWN RF, TOUCHDOWN, clock 11:08, D. Schuhmacher kick attempt good.","V,1,0,V30",pat,11:08,pass,1,7,0,0,NA,1,V,RF,"KO,1,15:00,17","TD,1,11:08,100",7,83,3:52,KO,1,15:00,RF17,TD,1,11:08,LK00,NA
2022_02_RF_LK,RF,LK,Rhein Fire,Leipzig Kings,6/11/2022,Dessau,Paul-Greifzu-Stadion,15:00,17:48,2:48,2250,25 C,NA,sunny,M. Scholz,E. Summer,M. Burzec,K. Haltermann,M. Zoladek,E. Christensen,K. Przybala,RF,1,0,RF30,"V,1,0,V30","1,9,11","KO:2,H03 OB: SPOT:H,H40,Y","D. Schuhmacher kickoff 67 yards to the LK3, out-of-bounds, LK ball on LK40.","H,1,10,H40",kick_off,NA,NA,0,7,0,1,NA,1,V,RF,"KO,1,15:00,17","TD,1,11:08,100",7,83,3:52,KO,1,15:00,RF17,TD,1,11:08,LK00,NA
2022_02_RF_LK,RF,LK,Rhein Fire,Leipzig Kings,6/11/2022,Dessau,Paul-Greifzu-Stadion,15:00,17:48,2:48,2250,25 C,NA,sunny,M. Scholz,E. Summer,M. Burzec,K. Haltermann,M. Zoladek,E. Christensen,K. Przybala,LK,1,10,LK40,"H,1,10,H40","2,1,12",{DRIVE}:11:07,LEIPZIG KINGS drive start at 11:07.,"H,1,10,H40",NA,11:07,NA,0,7,0,0,NA,2,H,LK,"KO,1,11:07,40","FG,1,07:48,93",7,53,3:19,KO,1,11:07,LK40,FG,1,07:48,RF07,1
2022_02_RF_LK,RF,LK,Rhein Fire,Leipzig Kings,6/11/2022,Dessau,Paul-Greifzu-Stadion,15:00,17:48,2:48,2250,25 C,NA,sunny,M. Scholz,E. Summer,M. Burzec,K. Haltermann,M. Zoladek,E. Christensen,K. Przybala,LK,1,10,LK40,"H,1,10,H40","2,2,13","PASS:8,C,7,H49 TACK:41 PEN:H,FO,A,TM,H35,N NOPLAY:","J. Barlow pass complete to S. Jones for 9 yards to the LK49 (A. Sobotta), PENALTY LK Illegal Formation 5 yards to the LK35, NO PLAY.","H,1,15,H35",penalty,NA,NA,0,7,0,0,NA,2,H,LK,"KO,1,11:07,40","FG,1,07:48,93",7,53,3:19,KO,1,11:07,LK40,FG,1,07:48,RF07,1
2022_02_RF_LK,RF,LK,Rhein Fire,Leipzig Kings,6/11/2022,Dessau,Paul-Greifzu-Stadion,15:00,17:48,2:48,2250,25 C,NA,sunny,M. Scholz,E. Summer,M. Burzec,K. Haltermann,M. Zoladek,E. Christensen,K. Przybala,LK,1,15,LK35,"H,1,15,H35","2,3,14","RUSH:2,H38, TACK:45,95",J. Carrasco rush for 3 yards to the LK38 (M. Pinter;C. van Horn).,"H,2,12,H38",rush,NA,NA,0,7,0,0,NA,2,H,LK,"KO,1,11:07,40","FG,1,07:48,93",7,53,3:19,KO,1,11:07,LK40,FG,1,07:48,RF07,1
2022_02_RF_LK,RF,LK,Rhein Fire,Leipzig Kings,6/11/2022,Dessau,Paul-Greifzu-Stadion,15:00,17:48,2:48,2250,25 C,NA,sunny,M. Scholz,E. Summer,M. Burzec,K. Haltermann,M. Zoladek,E. Christensen,K. Przybala,LK,2,12,LK38,"H,2,12,H38","2,4,15","PASS:8,C,2,V39 TACK:22","J. Barlow pass complete to J. Carrasco for 23 yards to the RF39, 1ST DOWN LK (O. Williams).","H,1,10,V39",pass,NA,pass,0,7,0,0,NA,2,H,LK,"KO,1,11:07,40","FG,1,07:48,93",7,53,3:19,KO,1,11:07,LK40,FG,1,07:48,RF07,1
2022_02_RF_LK,RF,LK,Rhein Fire,Leipzig Kings,6/11/2022,Dessau,Paul-Greifzu-Stadion,15:00,17:48,2:48,2250,25 C,NA,sunny,M. Scholz,E. Summer,M. Burzec,K. Haltermann,M. Zoladek,E. Christensen,K. Przybala,LK,1,10,RF39,"H,1,10,V39","2,5,16","PEN:V,NZI,A,45,V34,N",PENALTY RF Neutral Zone Infraction (M. Pinter) 5 yards to the RF34.,"H,1,5,V34",penalty,NA,NA,0,7,0,0,NA,2,H,LK,"KO,1,11:07,40","FG,1,07:48,93",7,53,3:19,KO,1,11:07,LK40,FG,1,07:48,RF07,1
2022_02_RF_LK,RF,LK,Rhein Fire,Leipzig Kings,6/11/2022,Dessau,Paul-Greifzu-Stadion,15:00,17:48,2:48,2250,25 C,NA,sunny,M. Scholz,E. Summer,M. Burzec,K. Haltermann,M. Zoladek,E. Christensen,K. Przybala,LK,1,5,RF34,"H,1,5,V34","2,6,17","PASS:8,C,13,V07 TACK:4","J. Barlow pass complete to A. Jallai for 27 yards to the RF7, 1ST DOWN LK (J. Seibel).","H,1,0,V07",pass,NA,pass,0,7,0,0,NA,2,H,LK,"KO,1,11:07,40","FG,1,07:48,93",7,53,3:19,KO,1,11:07,LK40,FG,1,07:48,RF07,1
2022_02_RF_LK,RF,LK,Rhein Fire,Leipzig Kings,6/11/2022,Dessau,Paul-Greifzu-Stadion,15:00,17:48,2:48,2250,25 C,NA,sunny,M. Scholz,E. Summer,M. Burzec,K. Haltermann,M. Zoladek,E. Christensen,K. Przybala,LK,1,0,RF07,"H,1,0,V07","2,7,18","PASS:8,I,7,*",J. Barlow pass incomplete to S. Jones.,"H,2,0,V07",pass,NA,NA,0,7,0,0,NA,2,H,LK,"KO,1,11:07,40","FG,1,07:48,93",7,53,3:19,KO,1,11:07,LK40,FG,1,07:48,RF07,1
2022_02_RF_LK,RF,LK,Rhein Fire,Leipzig Kings,6/11/2022,Dessau,Paul-Greifzu-Stadion,15:00,17:48,2:48,2250,25 C,NA,sunny,M. Scholz,E. Summer,M. Burzec,K. Haltermann,M. Zoladek,E. Christensen,K. Przybala,LK,2,0,RF07,"H,2,0,V07","2,8,19","PASS:8,I,7,* BRUP:7",J. Barlow pass incomplete to S. Jones (T. Janssen).,"H,3,0,V07",pass,NA,NA,0,7,0,0,NA,2,H,LK,"KO,1,11:07,40","FG,1,07:48,93",7,53,3:19,KO,1,11:07,LK40,FG,1,07:48,RF07,1
2022_02_RF_LK,RF,LK,Rhein Fire,Leipzig Kings,6/11/2022,Dessau,Paul-Greifzu-Stadion,15:00,17:48,2:48,2250,25 C,NA,sunny,M. Scholz,E. Summer,M. Burzec,K. Haltermann,M. Zoladek,E. Christensen,K. Przybala,LK,3,0,RF07,"H,3,0,V07","2,9,20",TOUT:H T:07:54,"Timeout Leipzig Kings, clock 07:54.","H,3,0,V07",NA,07:54,NA,0,7,0,0,NA,2,H,LK,"KO,1,11:07,40","FG,1,07:48,93",7,53,3:19,KO,1,11:07,LK40,FG,1,07:48,RF07,1
2022_02_RF_LK,RF,LK,Rhein Fire,Leipzig Kings,6/11/2022,Dessau,Paul-Greifzu-Stadion,15:00,17:48,2:48,2250,25 C,NA,sunny,M. Scholz,E. Summer,M. Burzec,K. Haltermann,M. Zoladek,E. Christensen,K. Przybala,LK,3,0,RF07,"H,3,0,V07","2,10,21","PASS:8,I,11,*",J. Barlow pass incomplete to A. Dablé-Wolf.,"H,4,0,V07",pass,NA,NA,0,7,0,0,NA,2,H,LK,"KO,1,11:07,40","FG,1,07:48,93",7,53,3:19,KO,1,11:07,LK40,FG,1,07:48,RF07,1
2022_02_RF_LK,RF,LK,Rhein Fire,Leipzig Kings,6/11/2022,Dessau,Paul-Greifzu-Stadion,15:00,17:48,2:48,2250,25 C,NA,sunny,M. Scholz,E. Summer,M. Burzec,K. Haltermann,M. Zoladek,E. Christensen,K. Przybala,LK,4,0,RF07,"H,4,0,V07","2,11,22","FGA:9,24,G T:07:48","F. Finke field goal attempt from 24 GOOD, clock 07:48.","H,1,0,H30",field_goal,07:48,NA,1,7,3,0,NA,2,H,LK,"KO,1,11:07,40","FG,1,07:48,93",7,53,3:19,KO,1,11:07,LK40,FG,1,07:48,RF07,1
2022_02_RF_LK,RF,LK,Rhein Fire,Leipzig Kings,6/11/2022,Dessau,Paul-Greifzu-Stadion,15:00,17:48,2:48,2250,25 C,NA,sunny,M. Scholz,E. Summer,M. Burzec,K. Haltermann,M. Zoladek,E. Christensen,K. Przybala,LK,1,0,LK30,"H,1,0,H30","2,12,23","KO:9,V00 TB:","F. Finke kickoff 70 yards to the RF0, touchback.","V,1,10,V30",kick_off,NA,NA,0,7,3,0,NA,2,H,LK,"KO,1,11:07,40","FG,1,07:48,93",7,53,3:19,KO,1,11:07,LK40,FG,1,07:48,RF07,1
2022_02_RF_LK,RF,LK,Rhein Fire,Leipzig Kings,6/11/2022,Dessau,Paul-Greifzu-Stadion,15:00,17:48,2:48,2250,25 C,NA,sunny,M. Scholz,E. Summer,M. Burzec,K. Haltermann,M. Zoladek,E. Christensen,K. Przybala,RF,1,10,RF30,"V,1,10,V30","3,1,24",{DRIVE}:07:48,RHEIN FIRE drive start at 07:48.,"V,1,10,V30",NA,07:48,NA,0,7,3,0,NA,3,V,RF,"KO,1,07:48,30","PUNT,1,06:13,28",3,-2,1:35,KO,1,07:48,RF30,PUNT,1,06:13,RF28,NA
2022_02_RF_LK,RF,LK,Rhein Fire,Leipzig Kings,6/11/2022,Dessau,Paul-Greifzu-Stadion,15:00,17:48,2:48,2250,25 C,NA,sunny,M. Scholz,E. Summer,M. Burzec,K. Haltermann,M. Zoladek,E. Christensen,K. Przybala,RF,1,10,RF30,"V,1,10,V30","3,2,25","RUSH:21,V25, TACK:49,50",J. Aguemon rush for loss of 5 yards to the RF25 (A.J. Wentland;J. Schultes).,"V,2,15,V25",rush,NA,NA,0,7,3,0,NA,3,V,RF,"KO,1,07:48,30","PUNT,1,06:13,28",3,-2,1:35,KO,1,07:48,RF30,PUNT,1,06:13,RF28,NA
2022_02_RF_LK,RF,LK,Rhein Fire,Leipzig Kings,6/11/2022,Dessau,Paul-Greifzu-Stadion,15:00,17:48,2:48,2250,25 C,NA,sunny,M. Scholz,E. Summer,M. Burzec,K. Haltermann,M. Zoladek,E. Christensen,K. Przybala,RF,2,15,RF25,"V,2,15,V25","3,3,26","RUSH:23,V28, TACK:4",D. Rennich rush for 3 yards to the RF28 (M. Tavarres).,"V,3,12,V28",rush,NA,NA,0,7,3,0,NA,3,V,RF,"KO,1,07:48,30","PUNT,1,06:13,28",3,-2,1:35,KO,1,07:48,RF30,PUNT,1,06:13,RF28,NA
2022_02_RF_LK,RF,LK,Rhein Fire,Leipzig Kings,6/11/2022,Dessau,Paul-Greifzu-Stadion,15:00,17:48,2:48,2250,25 C,NA,sunny,M. Scholz,E. Summer,M. Burzec,K. Haltermann,M. Zoladek,E. Christensen,K. Przybala,RF,3,12,RF28,"V,3,12,V28","3,4,27","PASS:11,I,TM,* QBH:H,5","M. Adam pass incomplete, QB hurry by J. Bombek.","V,4,12,V28",pass,NA,NA,0,7,3,0,NA,3,V,RF,"KO,1,07:48,30","PUNT,1,06:13,28",3,-2,1:35,KO,1,07:48,RF30,PUNT,1,06:13,RF28,NA
2022_02_RF_LK,RF,LK,Rhein Fire,Leipzig Kings,6/11/2022,Dessau,Paul-Greifzu-Stadion,15:00,17:48,2:48,2250,25 C,NA,sunny,M. Scholz,E. Summer,M. Burzec,K. Haltermann,M. Zoladek,E. Christensen,K. Przybala,RF,4,12,RF28,"V,4,12,V28","3,5,28","PUNT:14,H36 RET:24,H36 TACK:22","M. Eisenhut punt 36 yards to the LK36, W. James return 0 yards to the LK36 (O. Williams).","H,1,10,H36",punt,NA,NA,0,7,3,0,NA,3,V,RF,"KO,1,07:48,30","PUNT,1,06:13,28",3,-2,1:35,KO,1,07:48,RF30,PUNT,1,06:13,RF28,NA
2022_02_RF_LK,RF,LK,Rhein Fire,Leipzig Kings,6/11/2022,Dessau,Paul-Greifzu-Stadion,15:00,17:48,2:48,2250,25 C,NA,sunny,M. Scholz,E. Summer,M. Burzec,K. Haltermann,M. Zoladek,E. Christensen,K. Przybala,LK,1,10,LK36,"H,1,10,H36","4,1,29",{DRIVE}:06:13,LEIPZIG KINGS drive start at 06:13.,"H,1,10,H36",NA,06:13,NA,0,7,3,0,NA,4,H,LK,"PUNT,1,06:13,36","TD,1,01:36,100",9,64,4:37,PUNT,1,06:13,LK36,TD,1,01:36,RF00,1
2022_02_RF_LK,RF,LK,Rhein Fire,Leipzig Kings,6/11/2022,Dessau,Paul-Greifzu-Stadion,15:00,17:48,2:48,2250,25 C,NA,sunny,M. Scholz,E. Summer,M. Burzec,K. Haltermann,M. Zoladek,E. Christensen,K. Przybala,LK,1,10,LK36,"H,1,10,H36","4,2,30","PEN:V,FM,A,85,V49,N","PENALTY RF Facemask (S. Barelds) 15 yards to the RF49, 1ST DOWN LK.","H,1,10,V49",penalty,NA,penalty,0,7,3,0,NA,4,H,LK,"PUNT,1,06:13,36","TD,1,01:36,100",9,64,4:37,PUNT,1,06:13,LK36,TD,1,01:36,RF00,1
2022_02_RF_LK,RF,LK,Rhein Fire,Leipzig Kings,6/11/2022,Dessau,Paul-Greifzu-Stadion,15:00,17:48,2:48,2250,25 C,NA,sunny,M. Scholz,E. Summer,M. Burzec,K. Haltermann,M. Zoladek,E. Christensen,K. Przybala,LK,1,10,RF49,"H,1,10,V49","4,3,31","PASS:8,C,7,V45 TACK:7",J. Barlow pass complete to S. Jones for 4 yards to the RF45 (T. Janssen).,"H,2,6,V45",pass,NA,NA,0,7,3,0,NA,4,H,LK,"PUNT,1,06:13,36","TD,1,01:36,100",9,64,4:37,PUNT,1,06:13,LK36,TD,1,01:36,RF00,1
2022_02_RF_LK,RF,LK,Rhein Fire,Leipzig Kings,6/11/2022,Dessau,Paul-Greifzu-Stadion,15:00,17:48,2:48,2250,25 C,NA,sunny,M. Scholz,E. Summer,M. Burzec,K. Haltermann,M. Zoladek,E. Christensen,K. Przybala,LK,2,6,RF45,"H,2,6,V45","4,4,32","PASS:8,C,7,V32 TACK:3,29","J. Barlow pass complete to S. Jones for 13 yards to the RF32, 1ST DOWN LK (L. Ruoss;R. Hanssen).","H,1,10,V32",pass,NA,pass,0,7,3,0,NA,4,H,LK,"PUNT,1,06:13,36","TD,1,01:36,100",9,64,4:37,PUNT,1,06:13,LK36,TD,1,01:36,RF00,1
2022_02_RF_LK,RF,LK,Rhein Fire,Leipzig Kings,6/11/2022,Dessau,Paul-Greifzu-Stadion,15:00,17:48,2:48,2250,25 C,NA,sunny,M. Scholz,E. Summer,M. Burzec,K. Haltermann,M. Zoladek,E. Christensen,K. Przybala,LK,1,10,RF32,"H,1,10,V32","4,5,33","PASS:8,C,2,V28 TACK:97",J. Barlow pass complete to J. Carrasco for 4 yards to the RF28 (J. Chikere).,"H,2,6,V28",pass,NA,NA,0,7,3,0,NA,4,H,LK,"PUNT,1,06:13,36","TD,1,01:36,100",9,64,4:37,PUNT,1,06:13,LK36,TD,1,01:36,RF00,1
2022_02_RF_LK,RF,LK,Rhein Fire,Leipzig Kings,6/11/2022,Dessau,Paul-Greifzu-Stadion,15:00,17:48,2:48,2250,25 C,NA,sunny,M. Scholz,E. Summer,M. Burzec,K. Haltermann,M. Zoladek,E. Christensen,K. Przybala,LK,2,6,RF28,"H,2,6,V28","4,6,34","RUSH:2,V23, TACK:90,45",J. Carrasco rush for 5 yards to the RF23 (R. Feltes;M. Pinter).,"H,3,1,V23",rush,NA,NA,0,7,3,0,NA,4,H,LK,"PUNT,1,06:13,36","TD,1,01:36,100",9,64,4:37,PUNT,1,06:13,LK36,TD,1,01:36,RF00,1
2022_02_RF_LK,RF,LK,Rhein Fire,Leipzig Kings,6/11/2022,Dessau,Paul-Greifzu-Stadion,15:00,17:48,2:48,2250,25 C,NA,sunny,M. Scholz,E. Summer,M. Burzec,K. Haltermann,M. Zoladek,E. Christensen,K. Przybala,LK,3,1,RF23,"H,3,1,V23","4,7,35","PASS:8,C,2,V24 TACK:25",J. Barlow pass complete to J. Carrasco for loss of 1 yard to the RF24 (L. Meyer).,"H,4,2,V24",pass,NA,NA,0,7,3,0,NA,4,H,LK,"PUNT,1,06:13,36","TD,1,01:36,100",9,64,4:37,PUNT,1,06:13,LK36,TD,1,01:36,RF00,1
2022_02_RF_LK,RF,LK,Rhein Fire,Leipzig Kings,6/11/2022,Dessau,Paul-Greifzu-Stadion,15:00,17:48,2:48,2250,25 C,NA,sunny,M. Scholz,E. Summer,M. Burzec,K. Haltermann,M. Zoladek,E. Christensen,K. Przybala,LK,4,2,RF24,"H,4,2,V24","4,8,36","PASS:8,C,2,V07 TACK:4","J. Barlow pass complete to J. Carrasco for 17 yards to the RF7, 1ST DOWN LK (J. Seibel).","H,1,0,V07",pass,NA,pass,0,7,3,0,NA,4,H,LK,"PUNT,1,06:13,36","TD,1,01:36,100",9,64,4:37,PUNT,1,06:13,LK36,TD,1,01:36,RF00,1
2022_02_RF_LK,RF,LK,Rhein Fire,Leipzig Kings,6/11/2022,Dessau,Paul-Greifzu-Stadion,15:00,17:48,2:48,2250,25 C,NA,sunny,M. Scholz,E. Summer,M. Burzec,K. Haltermann,M. Zoladek,E. Christensen,K. Przybala,LK,1,0,RF07,"H,1,0,V07","4,9,37","RUSH:2,V07, TACK:3,45",J. Carrasco rush for no gain to the RF7 (L. Ruoss;M. Pinter).,"H,2,0,V07",rush,NA,NA,0,7,3,0,NA,4,H,LK,"PUNT,1,06:13,36","TD,1,01:36,100",9,64,4:37,PUNT,1,06:13,LK36,TD,1,01:36,RF00,1
2022_02_RF_LK,RF,LK,Rhein Fire,Leipzig Kings,6/11/2022,Dessau,Paul-Greifzu-Stadion,15:00,17:48,2:48,2250,25 C,NA,sunny,M. Scholz,E. Summer,M. Burzec,K. Haltermann,M. Zoladek,E. Christensen,K. Przybala,LK,2,0,RF07,"H,2,0,V07","4,10,38","PASS:8,I,7,* BRUP:7",J. Barlow pass incomplete to S. Jones (T. Janssen).,"H,3,0,V07",pass,NA,NA,0,7,3,0,NA,4,H,LK,"PUNT,1,06:13,36","TD,1,01:36,100",9,64,4:37,PUNT,1,06:13,LK36,TD,1,01:36,RF00,1
2022_02_RF_LK,RF,LK,Rhein Fire,Leipzig Kings,6/11/2022,Dessau,Paul-Greifzu-Stadion,15:00,17:48,2:48,2250,25 C,NA,sunny,M. Scholz,E. Summer,M. Burzec,K. Haltermann,M. Zoladek,E. Christensen,K. Przybala,LK,3,0,RF07,"H,3,0,V07","4,11,39","PASS:8,C,7,V00 T:01:36 PAT:K,9,G","J. Barlow pass complete to S. Jones for 7 yards to the RF0, 1ST DOWN LK, TOUCHDOWN, clock 01:36, F. Finke kick attempt good.","H,1,0,H30",pat,01:36,pass,1,7,10,0,NA,4,H,LK,"PUNT,1,06:13,36","TD,1,01:36,100",9,64,4:37,PUNT,1,06:13,LK36,TD,1,01:36,RF00,1
2022_02_RF_LK,RF,LK,Rhein Fire,Leipzig Kings,6/11/2022,Dessau,Paul-Greifzu-Stadion,15:00,17:48,2:48,2250,25 C,NA,sunny,M. Scholz,E. Summer,M. Burzec,K. Haltermann,M. Zoladek,E. Christensen,K. Przybala,LK,1,0,LK30,"H,1,0,H30","4,12,40","KO:9,V01 RET:22,V20 TACK:22,49","F. Finke kickoff 69 yards to the RF1, O. Williams return 19 yards to the RF20 (O. Bahr;A.J. Wentland).","V,1,10,V20",kick_off,NA,NA,0,7,10,0,NA,4,H,LK,"PUNT,1,06:13,36","TD,1,01:36,100",9,64,4:37,PUNT,1,06:13,LK36,TD,1,01:36,RF00,1
2022_02_RF_LK,RF,LK,Rhein Fire,Leipzig Kings,6/11/2022,Dessau,Paul-Greifzu-Stadion,15:00,17:48,2:48,2250,25 C,NA,sunny,M. Scholz,E. Summer,M. Burzec,K. Haltermann,M. Zoladek,E. Christensen,K. Przybala,RF,1,10,RF20,"V,1,10,V20","5,1,41",{DRIVE}:01:35,RHEIN FIRE drive start at 01:35.,"V,1,10,V20",NA,01:35,NA,0,7,10,0,NA,5,V,RF,"KO,1,01:35,20","PUNT,2,12:23,24",8,4,4:12,KO,1,01:35,RF20,PUNT,2,12:23,RF24,NA
2022_02_RF_LK,RF,LK,Rhein Fire,Leipzig Kings,6/11/2022,Dessau,Paul-Greifzu-Stadion,15:00,17:48,2:48,2250,25 C,NA,sunny,M. Scholz,E. Summer,M. Burzec,K. Haltermann,M. Zoladek,E. Christensen,K. Przybala,RF,1,10,RF20,"V,1,10,V20","5,2,42","RUSH:11,V24, TACK:24,4",M. Adam rush for 4 yards to the RF24 (W. James;M. Tavarres).,"V,2,6,V24",rush,NA,NA,0,7,10,0,NA,5,V,RF,"KO,1,01:35,20","PUNT,2,12:23,24",8,4,4:12,KO,1,01:35,RF20,PUNT,2,12:23,RF24,NA
2022_02_RF_LK,RF,LK,Rhein Fire,Leipzig Kings,6/11/2022,Dessau,Paul-Greifzu-Stadion,15:00,17:48,2:48,2250,25 C,NA,sunny,M. Scholz,E. Summer,M. Burzec,K. Haltermann,M. Zoladek,E. Christensen,K. Przybala,RF,2,6,RF24,"V,2,6,V24","5,3,43","PASS:11,C,10,V31 OB:","M. Adam pass complete to H. Kwofie for 7 yards to the RF31, 1ST DOWN RF, out-of-bounds.","V,1,10,V31",pass,NA,pass,0,7,10,1,NA,5,V,RF,"KO,1,01:35,20","PUNT,2,12:23,24",8,4,4:12,KO,1,01:35,RF20,PUNT,2,12:23,RF24,NA
2022_02_RF_LK,RF,LK,Rhein Fire,Leipzig Kings,6/11/2022,Dessau,Paul-Greifzu-Stadion,15:00,17:48,2:48,2250,25 C,NA,sunny,M. Scholz,E. Summer,M. Burzec,K. Haltermann,M. Zoladek,E. Christensen,K. Przybala,RF,1,10,RF31,"V,1,10,V31","5,4,44","RUSH:21,V35, TACK:24,50",J. Aguemon rush for 4 yards to the RF35 (W. James;J. Schultes).,"V,2,6,V35",rush,NA,NA,0,7,10,0,NA,5,V,RF,"KO,1,01:35,20","PUNT,2,12:23,24",8,4,4:12,KO,1,01:35,RF20,PUNT,2,12:23,RF24,NA
2022_02_RF_LK,RF,LK,Rhein Fire,Leipzig Kings,6/11/2022,Dessau,Paul-Greifzu-Stadion,15:00,17:48,2:48,2250,25 C,NA,sunny,M. Scholz,E. Summer,M. Burzec,K. Haltermann,M. Zoladek,E. Christensen,K. Przybala,RF,2,6,RF35,"V,2,6,V35","5,5,45",Q:2 T:15:00,"Start of 2nd quarter, clock 15:00.","V,2,6,V35",NA,15:00,NA,0,7,10,0,NA,5,V,RF,"KO,1,01:35,20","PUNT,2,12:23,24",8,4,4:12,KO,1,01:35,RF20,PUNT,2,12:23,RF24,NA
2022_02_RF_LK,RF,LK,Rhein Fire,Leipzig Kings,6/11/2022,Dessau,Paul-Greifzu-Stadion,15:00,17:48,2:48,2250,25 C,NA,sunny,M. Scholz,E. Summer,M. Burzec,K. Haltermann,M. Zoladek,E. Christensen,K. Przybala,RF,2,6,RF35,"V,2,6,V35","5,6,46","PASS:11,I,6,* BRUP:24 QBH:H,92","M. Adam pass incomplete to T. Knuettel (W. James), QB hurry by A. Zetterberg.","V,3,6,V35",pass,NA,NA,0,7,10,0,NA,5,V,RF,"KO,1,01:35,20","PUNT,2,12:23,24",8,4,4:12,KO,1,01:35,RF20,PUNT,2,12:23,RF24,NA
2022_02_RF_LK,RF,LK,Rhein Fire,Leipzig Kings,6/11/2022,Dessau,Paul-Greifzu-Stadion,15:00,17:48,2:48,2250,25 C,NA,sunny,M. Scholz,E. Summer,M. Burzec,K. Haltermann,M. Zoladek,E. Christensen,K. Przybala,RF,3,6,RF35,"V,3,6,V35","5,7,47","RUSH:21,V45, TACK:49","J. Aguemon rush for 10 yards to the RF45, 1ST DOWN RF (A.J. Wentland).","V,1,10,V45",rush,NA,rush,0,7,10,0,NA,5,V,RF,"KO,1,01:35,20","PUNT,2,12:23,24",8,4,4:12,KO,1,01:35,RF20,PUNT,2,12:23,RF24,NA
2022_02_RF_LK,RF,LK,Rhein Fire,Leipzig Kings,6/11/2022,Dessau,Paul-Greifzu-Stadion,15:00,17:48,2:48,2250,25 C,NA,sunny,M. Scholz,E. Summer,M. Burzec,K. Haltermann,M. Zoladek,E. Christensen,K. Przybala,RF,1,10,RF45,"V,1,10,V45","5,8,48","RUSH:23,V45, TACK:50",D. Rennich rush for no gain to the RF45 (J. Schultes).,"V,2,10,V45",rush,NA,NA,0,7,10,0,NA,5,V,RF,"KO,1,01:35,20","PUNT,2,12:23,24",8,4,4:12,KO,1,01:35,RF20,PUNT,2,12:23,RF24,NA
2022_02_RF_LK,RF,LK,Rhein Fire,Leipzig Kings,6/11/2022,Dessau,Paul-Greifzu-Stadion,15:00,17:48,2:48,2250,25 C,NA,sunny,M. Scholz,E. Summer,M. Burzec,K. Haltermann,M. Zoladek,E. Christensen,K. Przybala,RF,2,10,RF45,"V,2,10,V45","5,9,49","PASS:11,I,85,* BRUP:28 QBH:H,92","M. Adam pass incomplete to S. Barelds (J. Dietze), QB hurry by A. Zetterberg.","V,3,10,V45",pass,NA,NA,0,7,10,0,NA,5,V,RF,"KO,1,01:35,20","PUNT,2,12:23,24",8,4,4:12,KO,1,01:35,RF20,PUNT,2,12:23,RF24,NA
2022_02_RF_LK,RF,LK,Rhein Fire,Leipzig Kings,6/11/2022,Dessau,Paul-Greifzu-Stadion,15:00,17:48,2:48,2250,25 C,NA,sunny,M. Scholz,E. Summer,M. Burzec,K. Haltermann,M. Zoladek,E. Christensen,K. Przybala,RF,3,10,RF45,"V,3,10,V45","5,10,50","PASS:11,S,TM,V24 SACK:5,50",M. Adam sacked for loss of 21 yards to the RF24 (J. Bombek;J. Schultes).,"V,4,31,V24",pass,NA,NA,0,7,10,0,NA,5,V,RF,"KO,1,01:35,20","PUNT,2,12:23,24",8,4,4:12,KO,1,01:35,RF20,PUNT,2,12:23,RF24,NA
2022_02_RF_LK,RF,LK,Rhein Fire,Leipzig Kings,6/11/2022,Dessau,Paul-Greifzu-Stadion,15:00,17:48,2:48,2250,25 C,NA,sunny,M. Scholz,E. Summer,M. Burzec,K. Haltermann,M. Zoladek,E. Christensen,K. Przybala,RF,4,31,RF24,"V,4,31,V24","5,11,51","PUNT:14,H32 RET:24,V37 TACK:52","M. Eisenhut punt 44 yards to the LK32, W. James return 31 yards to the RF37 (L. Fiedler).","H,1,10,V37",punt,NA,NA,0,7,10,0,NA,5,V,RF,"KO,1,01:35,20","PUNT,2,12:23,24",8,4,4:12,KO,1,01:35,RF20,PUNT,2,12:23,RF24,NA
2022_02_RF_LK,RF,LK,Rhein Fire,Leipzig Kings,6/11/2022,Dessau,Paul-Greifzu-Stadion,15:00,17:48,2:48,2250,25 C,NA,sunny,M. Scholz,E. Summer,M. Burzec,K. Haltermann,M. Zoladek,E. Christensen,K. Przybala,LK,1,10,RF37,"H,1,10,V37","6,1,52",{DRIVE}:12:23,LEIPZIG KINGS drive start at 12:23.,"H,1,10,V37",NA,12:23,NA,0,7,10,0,NA,6,H,LK,"PUNT,2,12:23,63","FGA,2,09:52,80",7,17,2:31,PUNT,2,12:23,RF37,FGA,2,09:52,RF20,1
2022_02_RF_LK,RF,LK,Rhein Fire,Leipzig Kings,6/11/2022,Dessau,Paul-Greifzu-Stadion,15:00,17:48,2:48,2250,25 C,NA,sunny,M. Scholz,E. Summer,M. Burzec,K. Haltermann,M. Zoladek,E. Christensen,K. Przybala,LK,1,10,RF37,"H,1,10,V37","6,2,53",TOUT:H T:12:21,"Timeout Leipzig Kings, clock 12:21.","H,1,10,V37",NA,12:21,NA,0,7,10,0,NA,6,H,LK,"PUNT,2,12:23,63","FGA,2,09:52,80",7,17,2:31,PUNT,2,12:23,RF37,FGA,2,09:52,RF20,1
2022_02_RF_LK,RF,LK,Rhein Fire,Leipzig Kings,6/11/2022,Dessau,Paul-Greifzu-Stadion,15:00,17:48,2:48,2250,25 C,NA,sunny,M. Scholz,E. Summer,M. Burzec,K. Haltermann,M. Zoladek,E. Christensen,K. Przybala,LK,1,10,RF37,"H,1,10,V37","6,3,54","PASS:8,I,81,* BRUP:25",J. Barlow pass incomplete to N. Baeumer (L. Meyer).,"H,2,10,V37",pass,NA,NA,0,7,10,0,NA,6,H,LK,"PUNT,2,12:23,63","FGA,2,09:52,80",7,17,2:31,PUNT,2,12:23,RF37,FGA,2,09:52,RF20,1
2022_02_RF_LK,RF,LK,Rhein Fire,Leipzig Kings,6/11/2022,Dessau,Paul-Greifzu-Stadion,15:00,17:48,2:48,2250,25 C,NA,sunny,M. Scholz,E. Summer,M. Burzec,K. Haltermann,M. Zoladek,E. Christensen,K. Przybala,LK,2,10,RF37,"H,2,10,V37","6,4,55","RUSH:13,V37, OB:","A. Jallai rush for no gain to the RF37, out-of-bounds.","H,3,10,V37",rush,NA,NA,0,7,10,1,NA,6,H,LK,"PUNT,2,12:23,63","FGA,2,09:52,80",7,17,2:31,PUNT,2,12:23,RF37,FGA,2,09:52,RF20,1
2022_02_RF_LK,RF,LK,Rhein Fire,Leipzig Kings,6/11/2022,Dessau,Paul-Greifzu-Stadion,15:00,17:48,2:48,2250,25 C,NA,sunny,M. Scholz,E. Summer,M. Burzec,K. Haltermann,M. Zoladek,E. Christensen,K. Przybala,LK,3,10,RF37,"H,3,10,V37","6,5,56","PASS:8,C,81,V16 TACK:22","J. Barlow pass complete to N. Baeumer for 21 yards to the RF16, 1ST DOWN LK (O. Williams).","H,1,10,V16",pass,NA,pass,0,7,10,0,NA,6,H,LK,"PUNT,2,12:23,63","FGA,2,09:52,80",7,17,2:31,PUNT,2,12:23,RF37,FGA,2,09:52,RF20,1
2022_02_RF_LK,RF,LK,Rhein Fire,Leipzig Kings,6/11/2022,Dessau,Paul-Greifzu-Stadion,15:00,17:48,2:48,2250,25 C,NA,sunny,M. Scholz,E. Summer,M. Burzec,K. Haltermann,M. Zoladek,E. Christensen,K. Przybala,LK,1,10,RF16,"H,1,10,V16","6,6,57","PASS:8,I,7,* BRUP:25",J. Barlow pass incomplete to S. Jones (L. Meyer).,"H,2,10,V16",pass,NA,NA,0,7,10,0,NA,6,H,LK,"PUNT,2,12:23,63","FGA,2,09:52,80",7,17,2:31,PUNT,2,12:23,RF37,FGA,2,09:52,RF20,1
2022_02_RF_LK,RF,LK,Rhein Fire,Leipzig Kings,6/11/2022,Dessau,Paul-Greifzu-Stadion,15:00,17:48,2:48,2250,25 C,NA,sunny,M. Scholz,E. Summer,M. Burzec,K. Haltermann,M. Zoladek,E. Christensen,K. Przybala,LK,2,10,RF16,"H,2,10,V16","6,7,58","PASS:8,I,81,* QBH:V,45","J. Barlow pass incomplete to N. Baeumer, QB hurry by M. Pinter.","H,3,10,V16",pass,NA,NA,0,7,10,0,NA,6,H,LK,"PUNT,2,12:23,63","FGA,2,09:52,80",7,17,2:31,PUNT,2,12:23,RF37,FGA,2,09:52,RF20,1
2022_02_RF_LK,RF,LK,Rhein Fire,Leipzig Kings,6/11/2022,Dessau,Paul-Greifzu-Stadion,15:00,17:48,2:48,2250,25 C,NA,sunny,M. Scholz,E. Summer,M. Burzec,K. Haltermann,M. Zoladek,E. Christensen,K. Przybala,LK,3,10,RF16,"H,3,10,V16","6,8,59","PASS:8,C,7,V00 T:10:53 PEN:H,0H,A,TM,V26,N NOPLAY:","J. Barlow pass complete to S. Jones for 16 yards to the RF0, clock 10:53, PENALTY LK 0H 10 yards to the RF26, NO PLAY.","H,3,20,V26",penalty,10:53,NA,0,7,10,0,NA,6,H,LK,"PUNT,2,12:23,63","FGA,2,09:52,80",7,17,2:31,PUNT,2,12:23,RF37,FGA,2,09:52,RF20,1
2022_02_RF_LK,RF,LK,Rhein Fire,Leipzig Kings,6/11/2022,Dessau,Paul-Greifzu-Stadion,15:00,17:48,2:48,2250,25 C,NA,sunny,M. Scholz,E. Summer,M. Burzec,K. Haltermann,M. Zoladek,E. Christensen,K. Przybala,LK,3,20,RF26,"H,3,20,V26","6,9,60","PASS:8,C,16,V20 TACK:9",J. Barlow pass complete to L. Kusterer for 6 yards to the RF20 (R. Grooten).,"H,4,14,V20",pass,NA,NA,0,7,10,0,NA,6,H,LK,"PUNT,2,12:23,63","FGA,2,09:52,80",7,17,2:31,PUNT,2,12:23,RF37,FGA,2,09:52,RF20,1
2022_02_RF_LK,RF,LK,Rhein Fire,Leipzig Kings,6/11/2022,Dessau,Paul-Greifzu-Stadion,15:00,17:48,2:48,2250,25 C,NA,sunny,M. Scholz,E. Summer,M. Burzec,K. Haltermann,M. Zoladek,E. Christensen,K. Przybala,LK,4,14,RF20,"H,4,14,V20","6,10,61","FGA:9,37,M,V27,R T:09:52","F. Finke field goal attempt from 37 MISSED - wide right, spot at RF27, clock 09:52.","V,1,10,V27",field_goal,09:52,NA,0,7,10,0,NA,6,H,LK,"PUNT,2,12:23,63","FGA,2,09:52,80",7,17,2:31,PUNT,2,12:23,RF37,FGA,2,09:52,RF20,1
2022_02_RF_LK,RF,LK,Rhein Fire,Leipzig Kings,6/11/2022,Dessau,Paul-Greifzu-Stadion,15:00,17:48,2:48,2250,25 C,NA,sunny,M. Scholz,E. Summer,M. Burzec,K. Haltermann,M. Zoladek,E. Christensen,K. Przybala,RF,1,10,RF27,"V,1,10,V27","7,1,62",{DRIVE}:09:52,RHEIN FIRE drive start at 09:52.,"V,1,10,V27",NA,09:52,NA,0,7,10,0,NA,7,V,RF,"FGA,2,09:52,27","PUNT,2,07:39,36",3,9,2:13,FGA,2,09:52,RF27,PUNT,2,07:39,RF36,NA
2022_02_RF_LK,RF,LK,Rhein Fire,Leipzig Kings,6/11/2022,Dessau,Paul-Greifzu-Stadion,15:00,17:48,2:48,2250,25 C,NA,sunny,M. Scholz,E. Summer,M. Burzec,K. Haltermann,M. Zoladek,E. Christensen,K. Przybala,RF,1,10,RF27,"V,1,10,V27","7,2,63","PASS:11,C,6,V30 TACK:23",M. Adam pass complete to T. Knuettel for 3 yards to the RF30 (J. Sieveke).,"V,2,7,V30",pass,NA,NA,0,7,10,0,NA,7,V,RF,"FGA,2,09:52,27","PUNT,2,07:39,36",3,9,2:13,FGA,2,09:52,RF27,PUNT,2,07:39,RF36,NA
2022_02_RF_LK,RF,LK,Rhein Fire,Leipzig Kings,6/11/2022,Dessau,Paul-Greifzu-Stadion,15:00,17:48,2:48,2250,25 C,NA,sunny,M. Scholz,E. Summer,M. Burzec,K. Haltermann,M. Zoladek,E. Christensen,K. Przybala,RF,2,7,RF30,"V,2,7,V30","7,3,64","RUSH:21,V34, TACK:49,56",J. Aguemon rush for 4 yards to the RF34 (A.J. Wentland;L. Leota).,"V,3,3,V34",rush,NA,NA,0,7,10,0,NA,7,V,RF,"FGA,2,09:52,27","PUNT,2,07:39,36",3,9,2:13,FGA,2,09:52,RF27,PUNT,2,07:39,RF36,NA
2022_02_RF_LK,RF,LK,Rhein Fire,Leipzig Kings,6/11/2022,Dessau,Paul-Greifzu-Stadion,15:00,17:48,2:48,2250,25 C,NA,sunny,M. Scholz,E. Summer,M. Burzec,K. Haltermann,M. Zoladek,E. Christensen,K. Przybala,RF,3,3,RF34,"V,3,3,V34","7,4,65","RUSH:23,V36, TACK:56",D. Rennich rush for 2 yards to the RF36 (L. Leota).,"V,4,1,V36",rush,NA,NA,0,7,10,0,NA,7,V,RF,"FGA,2,09:52,27","PUNT,2,07:39,36",3,9,2:13,FGA,2,09:52,RF27,PUNT,2,07:39,RF36,NA
2022_02_RF_LK,RF,LK,Rhein Fire,Leipzig Kings,6/11/2022,Dessau,Paul-Greifzu-Stadion,15:00,17:48,2:48,2250,25 C,NA,sunny,M. Scholz,E. Summer,M. Burzec,K. Haltermann,M. Zoladek,E. Christensen,K. Przybala,RF,4,1,RF36,"V,4,1,V36","7,5,66",TOUT:V T:07:51,"Timeout Rhein Fire, clock 07:51.","V,4,1,V36",NA,07:51,NA,0,7,10,0,NA,7,V,RF,"FGA,2,09:52,27","PUNT,2,07:39,36",3,9,2:13,FGA,2,09:52,RF27,PUNT,2,07:39,RF36,NA
2022_02_RF_LK,RF,LK,Rhein Fire,Leipzig Kings,6/11/2022,Dessau,Paul-Greifzu-Stadion,15:00,17:48,2:48,2250,25 C,NA,sunny,M. Scholz,E. Summer,M. Burzec,K. Haltermann,M. Zoladek,E. Christensen,K. Przybala,RF,4,1,RF36,"V,4,1,V36","7,6,67","PUNT:14,H26 DN:","M. Eisenhut punt 38 yards to the LK26, downed.","H,1,10,H26",punt,NA,NA,0,7,10,0,NA,7,V,RF,"FGA,2,09:52,27","PUNT,2,07:39,36",3,9,2:13,FGA,2,09:52,RF27,PUNT,2,07:39,RF36,NA
2022_02_RF_LK,RF,LK,Rhein Fire,Leipzig Kings,6/11/2022,Dessau,Paul-Greifzu-Stadion,15:00,17:48,2:48,2250,25 C,NA,sunny,M. Scholz,E. Summer,M. Burzec,K. Haltermann,M. Zoladek,E. Christensen,K. Przybala,LK,1,10,LK26,"H,1,10,H26","8,1,68",{DRIVE}:07:39,LEIPZIG KINGS drive start at 07:39.,"H,1,10,H26",NA,07:39,NA,0,7,10,0,NA,8,H,LK,"PUNT,2,07:39,26","PUNT,2,03:18,57",8,31,4:21,PUNT,2,07:39,LK26,PUNT,2,03:18,RF43,NA
2022_02_RF_LK,RF,LK,Rhein Fire,Leipzig Kings,6/11/2022,Dessau,Paul-Greifzu-Stadion,15:00,17:48,2:48,2250,25 C,NA,sunny,M. Scholz,E. Summer,M. Burzec,K. Haltermann,M. Zoladek,E. Christensen,K. Przybala,LK,1,10,LK26,"H,1,10,H26","8,2,69","PASS:8,I,11,* BRUP:25",J. Barlow pass incomplete to A. Dablé-Wolf (L. Meyer).,"H,2,10,H26",pass,NA,NA,0,7,10,0,NA,8,H,LK,"PUNT,2,07:39,26","PUNT,2,03:18,57",8,31,4:21,PUNT,2,07:39,LK26,PUNT,2,03:18,RF43,NA
2022_02_RF_LK,RF,LK,Rhein Fire,Leipzig Kings,6/11/2022,Dessau,Paul-Greifzu-Stadion,15:00,17:48,2:48,2250,25 C,NA,sunny,M. Scholz,E. Summer,M. Burzec,K. Haltermann,M. Zoladek,E. Christensen,K. Przybala,LK,2,10,LK26,"H,2,10,H26","8,3,70","RUSH:2,H29, TACK:3",J. Carrasco rush for 3 yards to the LK29 (L. Ruoss).,"H,3,7,H29",rush,NA,NA,0,7,10,0,NA,8,H,LK,"PUNT,2,07:39,26","PUNT,2,03:18,57",8,31,4:21,PUNT,2,07:39,LK26,PUNT,2,03:18,RF43,NA
2022_02_RF_LK,RF,LK,Rhein Fire,Leipzig Kings,6/11/2022,Dessau,Paul-Greifzu-Stadion,15:00,17:48,2:48,2250,25 C,NA,sunny,M. Scholz,E. Summer,M. Burzec,K. Haltermann,M. Zoladek,E. Christensen,K. Przybala,LK,3,7,LK29,"H,3,7,H29","8,4,71","PASS:8,C,81,H38 TACK:25","J. Barlow pass complete to N. Baeumer for 9 yards to the LK38, 1ST DOWN LK (L. Meyer).","H,1,10,H38",pass,NA,pass,0,7,10,0,NA,8,H,LK,"PUNT,2,07:39,26","PUNT,2,03:18,57",8,31,4:21,PUNT,2,07:39,LK26,PUNT,2,03:18,RF43,NA
2022_02_RF_LK,RF,LK,Rhein Fire,Leipzig Kings,6/11/2022,Dessau,Paul-Greifzu-Stadion,15:00,17:48,2:48,2250,25 C,NA,sunny,M. Scholz,E. Summer,M. Burzec,K. Haltermann,M. Zoladek,E. Christensen,K. Przybala,LK,1,10,LK38,"H,1,10,H38","8,5,72","PASS:8,C,81,H42 TACK:25",J. Barlow pass complete to N. Baeumer for 4 yards to the LK42 (L. Meyer).,"H,2,6,H42",pass,NA,NA,0,7,10,0,NA,8,H,LK,"PUNT,2,07:39,26","PUNT,2,03:18,57",8,31,4:21,PUNT,2,07:39,LK26,PUNT,2,03:18,RF43,NA
2022_02_RF_LK,RF,LK,Rhein Fire,Leipzig Kings,6/11/2022,Dessau,Paul-Greifzu-Stadion,15:00,17:48,2:48,2250,25 C,NA,sunny,M. Scholz,E. Summer,M. Burzec,K. Haltermann,M. Zoladek,E. Christensen,K. Przybala,LK,2,6,LK42,"H,2,6,H42","8,6,73","RUSH:2,V49, TACK:22,25","J. Carrasco rush for 9 yards to the RF49, 1ST DOWN LK (O. Williams;L. Meyer).","H,1,10,V49",rush,NA,rush,0,7,10,0,NA,8,H,LK,"PUNT,2,07:39,26","PUNT,2,03:18,57",8,31,4:21,PUNT,2,07:39,LK26,PUNT,2,03:18,RF43,NA
2022_02_RF_LK,RF,LK,Rhein Fire,Leipzig Kings,6/11/2022,Dessau,Paul-Greifzu-Stadion,15:00,17:48,2:48,2250,25 C,NA,sunny,M. Scholz,E. Summer,M. Burzec,K. Haltermann,M. Zoladek,E. Christensen,K. Przybala,LK,1,10,RF49,"H,1,10,V49","8,7,74","RUSH:8,V48,",J. Barlow rush for 1 yard to the RF48.,"H,2,9,V48",rush,NA,NA,0,7,10,0,NA,8,H,LK,"PUNT,2,07:39,26","PUNT,2,03:18,57",8,31,4:21,PUNT,2,07:39,LK26,PUNT,2,03:18,RF43,NA
2022_02_RF_LK,RF,LK,Rhein Fire,Leipzig Kings,6/11/2022,Dessau,Paul-Greifzu-Stadion,15:00,17:48,2:48,2250,25 C,NA,sunny,M. Scholz,E. Summer,M. Burzec,K. Haltermann,M. Zoladek,E. Christensen,K. Przybala,LK,2,9,RF48,"H,2,9,V48","8,8,75","PASS:8,I,80,*",J. Barlow pass incomplete to P. Eichhorn.,"H,3,9,V48",pass,NA,NA,0,7,10,0,NA,8,H,LK,"PUNT,2,07:39,26","PUNT,2,03:18,57",8,31,4:21,PUNT,2,07:39,LK26,PUNT,2,03:18,RF43,NA
2022_02_RF_LK,RF,LK,Rhein Fire,Leipzig Kings,6/11/2022,Dessau,Paul-Greifzu-Stadion,15:00,17:48,2:48,2250,25 C,NA,sunny,M. Scholz,E. Summer,M. Burzec,K. Haltermann,M. Zoladek,E. Christensen,K. Przybala,LK,3,9,RF48,"H,3,9,V48","8,9,76","PASS:8,C,2,V43 TACK:7",J. Barlow pass complete to J. Carrasco for 5 yards to the RF43 (T. Janssen).,"H,4,4,V43",pass,NA,NA,0,7,10,0,NA,8,H,LK,"PUNT,2,07:39,26","PUNT,2,03:18,57",8,31,4:21,PUNT,2,07:39,LK26,PUNT,2,03:18,RF43,NA
2022_02_RF_LK,RF,LK,Rhein Fire,Leipzig Kings,6/11/2022,Dessau,Paul-Greifzu-Stadion,15:00,17:48,2:48,2250,25 C,NA,sunny,M. Scholz,E. Summer,M. Burzec,K. Haltermann,M. Zoladek,E. Christensen,K. Przybala,LK,4,4,RF43,"H,4,4,V43","8,10,77",TOUT:V T:03:23,"Timeout Rhein Fire, clock 03:23.","H,4,4,V43",NA,03:23,NA,0,7,10,0,NA,8,H,LK,"PUNT,2,07:39,26","PUNT,2,03:18,57",8,31,4:21,PUNT,2,07:39,LK26,PUNT,2,03:18,RF43,NA
2022_02_RF_LK,RF,LK,Rhein Fire,Leipzig Kings,6/11/2022,Dessau,Paul-Greifzu-Stadion,15:00,17:48,2:48,2250,25 C,NA,sunny,M. Scholz,E. Summer,M. Burzec,K. Haltermann,M. Zoladek,E. Christensen,K. Przybala,LK,4,4,RF43,"H,4,4,V43","8,11,78","PUNT:18,V22 OB:","M. Ulbrich punt 21 yards to the RF22, out-of-bounds.","V,1,10,V22",punt,NA,NA,0,7,10,1,NA,8,H,LK,"PUNT,2,07:39,26","PUNT,2,03:18,57",8,31,4:21,PUNT,2,07:39,LK26,PUNT,2,03:18,RF43,NA
2022_02_RF_LK,RF,LK,Rhein Fire,Leipzig Kings,6/11/2022,Dessau,Paul-Greifzu-Stadion,15:00,17:48,2:48,2250,25 C,NA,sunny,M. Scholz,E. Summer,M. Burzec,K. Haltermann,M. Zoladek,E. Christensen,K. Przybala,RF,1,10,RF22,"V,1,10,V22","9,1,79",{DRIVE}:03:18,RHEIN FIRE drive start at 03:18.,"V,1,10,V22",NA,03:18,NA,0,7,10,0,NA,9,V,RF,"PUNT,2,03:18,22","TD,2,02:07,100",3,78,1:11,PUNT,2,03:18,RF22,TD,2,02:07,LK00,NA
2022_02_RF_LK,RF,LK,Rhein Fire,Leipzig Kings,6/11/2022,Dessau,Paul-Greifzu-Stadion,15:00,17:48,2:48,2250,25 C,NA,sunny,M. Scholz,E. Summer,M. Burzec,K. Haltermann,M. Zoladek,E. Christensen,K. Przybala,RF,1,10,RF22,"V,1,10,V22","9,2,80","RUSH:21,V21, TACK:4,56",J. Aguemon rush for loss of 1 yard to the RF21 (M. Tavarres;L. Leota).,"V,2,11,V21",rush,NA,NA,0,7,10,0,NA,9,V,RF,"PUNT,2,03:18,22","TD,2,02:07,100",3,78,1:11,PUNT,2,03:18,RF22,TD,2,02:07,LK00,NA
2022_02_RF_LK,RF,LK,Rhein Fire,Leipzig Kings,6/11/2022,Dessau,Paul-Greifzu-Stadion,15:00,17:48,2:48,2250,25 C,NA,sunny,M. Scholz,E. Summer,M. Burzec,K. Haltermann,M. Zoladek,E. Christensen,K. Przybala,RF,2,11,RF21,"V,2,11,V21","9,3,81","PASS:11,C,86,V30 TACK:49",M. Adam pass complete to N. Robitaille for 9 yards to the RF30 (A.J. Wentland).,"V,3,2,V30",pass,NA,NA,0,7,10,0,NA,9,V,RF,"PUNT,2,03:18,22","TD,2,02:07,100",3,78,1:11,PUNT,2,03:18,RF22,TD,2,02:07,LK00,NA
2022_02_RF_LK,RF,LK,Rhein Fire,Leipzig Kings,6/11/2022,Dessau,Paul-Greifzu-Stadion,15:00,17:48,2:48,2250,25 C,NA,sunny,M. Scholz,E. Summer,M. Burzec,K. Haltermann,M. Zoladek,E. Christensen,K. Przybala,RF,3,2,RF30,"V,3,2,V30","9,4,82","RUSH:21,H00, T:02:07 PAT:K,2,G","J. Aguemon rush for 70 yards to the LK0, 1ST DOWN RF, TOUCHDOWN, clock 02:07, D. Schuhmacher kick attempt good.","V,1,0,V30",pat,02:07,rush,1,14,10,0,NA,9,V,RF,"PUNT,2,03:18,22","TD,2,02:07,100",3,78,1:11,PUNT,2,03:18,RF22,TD,2,02:07,LK00,NA
2022_02_RF_LK,RF,LK,Rhein Fire,Leipzig Kings,6/11/2022,Dessau,Paul-Greifzu-Stadion,15:00,17:48,2:48,2250,25 C,NA,sunny,M. Scholz,E. Summer,M. Burzec,K. Haltermann,M. Zoladek,E. Christensen,K. Przybala,RF,1,0,RF30,"V,1,0,V30","9,5,83","KO:2,H01 RET:22,H23 TACK:32,22","D. Schuhmacher kickoff 69 yards to the LK1, O. Bahr return 22 yards to the LK23 (N. Siegert;O. Williams).","H,1,10,H23",kick_off,NA,NA,0,14,10,0,NA,9,V,RF,"PUNT,2,03:18,22","TD,2,02:07,100",3,78,1:11,PUNT,2,03:18,RF22,TD,2,02:07,LK00,NA
2022_02_RF_LK,RF,LK,Rhein Fire,Leipzig Kings,6/11/2022,Dessau,Paul-Greifzu-Stadion,15:00,17:48,2:48,2250,25 C,NA,sunny,M. Scholz,E. Summer,M. Burzec,K. Haltermann,M. Zoladek,E. Christensen,K. Przybala,LK,1,10,LK23,"H,1,10,H23","10,1,84",{DRIVE}:02:02,LEIPZIG KINGS drive start at 02:02.,"H,1,10,H23",NA,02:02,NA,0,14,10,0,NA,10,H,LK,"KO,2,02:02,23","PUNT,2,01:30,31",3,8,0:32,KO,2,02:02,LK23,PUNT,2,01:30,LK31,NA
2022_02_RF_LK,RF,LK,Rhein Fire,Leipzig Kings,6/11/2022,Dessau,Paul-Greifzu-Stadion,15:00,17:48,2:48,2250,25 C,NA,sunny,M. Scholz,E. Summer,M. Burzec,K. Haltermann,M. Zoladek,E. Christensen,K. Przybala,LK,1,10,LK23,"H,1,10,H23","10,2,85","PASS:8,C,11,H31 TACK:25",J. Barlow pass complete to A. Dablé-Wolf for 8 yards to the LK31 (L. Meyer).,"H,2,2,H31",pass,NA,NA,0,14,10,0,NA,10,H,LK,"KO,2,02:02,23","PUNT,2,01:30,31",3,8,0:32,KO,2,02:02,LK23,PUNT,2,01:30,LK31,NA
2022_02_RF_LK,RF,LK,Rhein Fire,Leipzig Kings,6/11/2022,Dessau,Paul-Greifzu-Stadion,15:00,17:48,2:48,2250,25 C,NA,sunny,M. Scholz,E. Summer,M. Burzec,K. Haltermann,M. Zoladek,E. Christensen,K. Przybala,LK,2,2,LK31,"H,2,2,H31","10,3,87","PASS:8,I,2,* QBH:V,45","J. Barlow pass incomplete to J. Carrasco, QB hurry by M. Pinter.","H,3,2,H31",pass,NA,NA,0,14,10,0,NA,10,H,LK,"KO,2,02:02,23","PUNT,2,01:30,31",3,8,0:32,KO,2,02:02,LK23,PUNT,2,01:30,LK31,NA
2022_02_RF_LK,RF,LK,Rhein Fire,Leipzig Kings,6/11/2022,Dessau,Paul-Greifzu-Stadion,15:00,17:48,2:48,2250,25 C,NA,sunny,M. Scholz,E. Summer,M. Burzec,K. Haltermann,M. Zoladek,E. Christensen,K. Przybala,LK,3,2,LK31,"H,3,2,H31","10,4,88","PASS:8,I,2,*",J. Barlow pass incomplete to J. Carrasco.,"H,4,2,H31",pass,NA,NA,0,14,10,0,NA,10,H,LK,"KO,2,02:02,23","PUNT,2,01:30,31",3,8,0:32,KO,2,02:02,LK23,PUNT,2,01:30,LK31,NA
2022_02_RF_LK,RF,LK,Rhein Fire,Leipzig Kings,6/11/2022,Dessau,Paul-Greifzu-Stadion,15:00,17:48,2:48,2250,25 C,NA,sunny,M. Scholz,E. Summer,M. Burzec,K. Haltermann,M. Zoladek,E. Christensen,K. Przybala,LK,4,2,LK31,"H,4,2,H31","10,5,89","PUNT:18,V18 RET:86,H39 TACK:16 PEN:V,BL,A,58,V34,N D:1,10 SPOT:V,V34,Y","M. Ulbrich punt 51 yards to the RF18, N. Robitaille return 43 yards to the LK39 (L. Kusterer), PENALTY RF Illegal Blindside Block (J. Sleiman) 27 yards to the RF34, 1st and 10, RF ball on RF34.","V,1,10,V34",punt,NA,NA,0,14,10,0,NA,10,H,LK,"KO,2,02:02,23","PUNT,2,01:30,31",3,8,0:32,KO,2,02:02,LK23,PUNT,2,01:30,LK31,NA
2022_02_RF_LK,RF,LK,Rhein Fire,Leipzig Kings,6/11/2022,Dessau,Paul-Greifzu-Stadion,15:00,17:48,2:48,2250,25 C,NA,sunny,M. Scholz,E. Summer,M. Burzec,K. Haltermann,M. Zoladek,E. Christensen,K. Przybala,RF,1,10,RF34,"V,1,10,V34","11,1,90",{DRIVE}:01:30,RHEIN FIRE drive start at 01:30.,"V,1,10,V34",NA,01:30,NA,0,14,10,0,NA,11,V,RF,"PUNT,2,01:30,34","PUNT,2,00:23,40",3,6,1:07,PUNT,2,01:30,RF34,PUNT,2,00:23,RF40,NA
2022_02_RF_LK,RF,LK,Rhein Fire,Leipzig Kings,6/11/2022,Dessau,Paul-Greifzu-Stadion,15:00,17:48,2:48,2250,25 C,NA,sunny,M. Scholz,E. Summer,M. Burzec,K. Haltermann,M. Zoladek,E. Christensen,K. Przybala,RF,1,10,RF34,"V,1,10,V34","11,2,91","PASS:11,S,TM,V25 SACK:5",M. Adam sacked for loss of 9 yards to the RF25 (J. Bombek).,"V,2,19,V25",pass,NA,NA,0,14,10,0,NA,11,V,RF,"PUNT,2,01:30,34","PUNT,2,00:23,40",3,6,1:07,PUNT,2,01:30,RF34,PUNT,2,00:23,RF40,NA
2022_02_RF_LK,RF,LK,Rhein Fire,Leipzig Kings,6/11/2022,Dessau,Paul-Greifzu-Stadion,15:00,17:48,2:48,2250,25 C,NA,sunny,M. Scholz,E. Summer,M. Burzec,K. Haltermann,M. Zoladek,E. Christensen,K. Przybala,RF,2,19,RF25,"V,2,19,V25","11,3,92","RUSH:23,V28, TACK:5",D. Rennich rush for 3 yards to the RF28 (J. Bombek).,"V,3,16,V28",rush,NA,NA,0,14,10,0,NA,11,V,RF,"PUNT,2,01:30,34","PUNT,2,00:23,40",3,6,1:07,PUNT,2,01:30,RF34,PUNT,2,00:23,RF40,NA
2022_02_RF_LK,RF,LK,Rhein Fire,Leipzig Kings,6/11/2022,Dessau,Paul-Greifzu-Stadion,15:00,17:48,2:48,2250,25 C,NA,sunny,M. Scholz,E. Summer,M. Burzec,K. Haltermann,M. Zoladek,E. Christensen,K. Przybala,RF,3,16,RF28,"V,3,16,V28","11,4,93",TOUT:H T:00:38,"Timeout Leipzig Kings, clock 00:38.","V,3,16,V28",NA,00:38,NA,0,14,10,0,NA,11,V,RF,"PUNT,2,01:30,34","PUNT,2,00:23,40",3,6,1:07,PUNT,2,01:30,RF34,PUNT,2,00:23,RF40,NA
2022_02_RF_LK,RF,LK,Rhein Fire,Leipzig Kings,6/11/2022,Dessau,Paul-Greifzu-Stadion,15:00,17:48,2:48,2250,25 C,NA,sunny,M. Scholz,E. Summer,M. Burzec,K. Haltermann,M. Zoladek,E. Christensen,K. Przybala,RF,3,16,RF28,"V,3,16,V28","11,5,94","PASS:11,C,10,V40 OB: TACK:23","M. Adam pass complete to H. Kwofie for 12 yards to the RF40, out-of-bounds (J. Sieveke).","V,4,4,V40",pass,NA,NA,0,14,10,1,NA,11,V,RF,"PUNT,2,01:30,34","PUNT,2,00:23,40",3,6,1:07,PUNT,2,01:30,RF34,PUNT,2,00:23,RF40,NA
2022_02_RF_LK,RF,LK,Rhein Fire,Leipzig Kings,6/11/2022,Dessau,Paul-Greifzu-Stadion,15:00,17:48,2:48,2250,25 C,NA,sunny,M. Scholz,E. Summer,M. Burzec,K. Haltermann,M. Zoladek,E. Christensen,K. Przybala,RF,4,4,RF40,"V,4,4,V40","11,6,95","PUNT:14,H18 OB:","M. Eisenhut punt 42 yards to the LK18, out-of-bounds.","H,1,10,H18",punt,NA,NA,0,14,10,1,NA,11,V,RF,"PUNT,2,01:30,34","PUNT,2,00:23,40",3,6,1:07,PUNT,2,01:30,RF34,PUNT,2,00:23,RF40,NA
2022_02_RF_LK,RF,LK,Rhein Fire,Leipzig Kings,6/11/2022,Dessau,Paul-Greifzu-Stadion,15:00,17:48,2:48,2250,25 C,NA,sunny,M. Scholz,E. Summer,M. Burzec,K. Haltermann,M. Zoladek,E. Christensen,K. Przybala,LK,1,10,LK18,"H,1,10,H18","12,1,96",{DRIVE}:00:23,LEIPZIG KINGS drive start at 00:23.,"H,1,10,H18",NA,00:23,NA,0,14,10,0,NA,12,H,LK,"PUNT,2,00:23,18","HALF,2,00:00,14",1,-4,0:23,PUNT,2,00:23,LK18,HALF,2,00:00,LK14,NA
2022_02_RF_LK,RF,LK,Rhein Fire,Leipzig Kings,6/11/2022,Dessau,Paul-Greifzu-Stadion,15:00,17:48,2:48,2250,25 C,NA,sunny,M. Scholz,E. Summer,M. Burzec,K. Haltermann,M. Zoladek,E. Christensen,K. Przybala,LK,1,10,LK18,"H,1,10,H18","12,2,97","RUSH:8,H14,",J. Barlow rush for loss of 4 yards to the LK14.,"H,2,14,H14",rush,NA,NA,0,14,10,0,NA,12,H,LK,"PUNT,2,00:23,18","HALF,2,00:00,14",1,-4,0:23,PUNT,2,00:23,LK18,HALF,2,00:00,LK14,NA
2022_02_RF_LK,RF,LK,Rhein Fire,Leipzig Kings,6/11/2022,Dessau,Paul-Greifzu-Stadion,15:00,17:48,2:48,2250,25 C,NA,sunny,M. Scholz,E. Summer,M. Burzec,K. Haltermann,M. Zoladek,E. Christensen,K. Przybala,LK,2,14,LK14,"H,2,14,H14","12,3,99",HALF: T:00:00,"End of half, clock 00:00.","H,2,14,H14",NA,00:00,NA,0,14,10,0,NA,12,H,LK,"PUNT,2,00:23,18","HALF,2,00:00,14",1,-4,0:23,PUNT,2,00:23,LK18,HALF,2,00:00,LK14,NA
2022_02_RF_LK,RF,LK,Rhein Fire,Leipzig Kings,6/11/2022,Dessau,Paul-Greifzu-Stadion,15:00,17:48,2:48,2250,25 C,NA,sunny,M. Scholz,E. Summer,M. Burzec,K. Haltermann,M. Zoladek,E. Christensen,K. Przybala,LK,2,14,LK14,"H,2,14,H14","12,4,100",Q:3 T:15:00,"Start of 3rd quarter, clock 15:00.","H,2,14,H14",NA,15:00,NA,0,14,10,0,NA,12,H,LK,"PUNT,2,00:23,18","HALF,2,00:00,14",1,-4,0:23,PUNT,2,00:23,LK18,HALF,2,00:00,LK14,NA
2022_02_RF_LK,RF,LK,Rhein Fire,Leipzig Kings,6/11/2022,Dessau,Paul-Greifzu-Stadion,15:00,17:48,2:48,2250,25 C,NA,sunny,M. Scholz,E. Summer,M. Burzec,K. Haltermann,M. Zoladek,E. Christensen,K. Przybala,LK,2,14,LK14,"H,2,14,H14","12,5,101","SPOT:V,V30,N",RF ball on RF30.,"V,2,14,V30",NA,NA,NA,0,14,10,0,NA,12,H,LK,"PUNT,2,00:23,18","HALF,2,00:00,14",1,-4,0:23,PUNT,2,00:23,LK18,HALF,2,00:00,LK14,NA
2022_02_RF_LK,RF,LK,Rhein Fire,Leipzig Kings,6/11/2022,Dessau,Paul-Greifzu-Stadion,15:00,17:48,2:48,2250,25 C,NA,sunny,M. Scholz,E. Summer,M. Burzec,K. Haltermann,M. Zoladek,E. Christensen,K. Przybala,RF,2,14,RF30,"V,2,14,V30","12,6,102","KO:2,H03 RET:22,H25 TACK:22","D. Schuhmacher kickoff 67 yards to the LK3, O. Bahr return 22 yards to the LK25 (O. Williams).","H,1,10,H25",kick_off,NA,NA,0,14,10,0,NA,12,H,LK,"PUNT,2,00:23,18","HALF,2,00:00,14",1,-4,0:23,PUNT,2,00:23,LK18,HALF,2,00:00,LK14,NA
2022_02_RF_LK,RF,LK,Rhein Fire,Leipzig Kings,6/11/2022,Dessau,Paul-Greifzu-Stadion,15:00,17:48,2:48,2250,25 C,NA,sunny,M. Scholz,E. Summer,M. Burzec,K. Haltermann,M. Zoladek,E. Christensen,K. Przybala,LK,1,10,LK25,"H,1,10,H25","13,1,103",{DRIVE}:14:55,LEIPZIG KINGS drive start at 14:55.,"H,1,10,H25",NA,14:55,NA,0,14,10,0,NA,13,H,LK,"KO,3,14:55,25","PUNT,3,11:28,53",7,28,3:27,KO,3,14:55,LK25,PUNT,3,11:28,RF47,NA
2022_02_RF_LK,RF,LK,Rhein Fire,Leipzig Kings,6/11/2022,Dessau,Paul-Greifzu-Stadion,15:00,17:48,2:48,2250,25 C,NA,sunny,M. Scholz,E. Summer,M. Burzec,K. Haltermann,M. Zoladek,E. Christensen,K. Przybala,LK,1,10,LK25,"H,1,10,H25","13,2,104","RUSH:2,H27, TACK:3",J. Carrasco rush for 2 yards to the LK27 (L. Ruoss).,"H,2,8,H27",rush,NA,NA,0,14,10,0,NA,13,H,LK,"KO,3,14:55,25","PUNT,3,11:28,53",7,28,3:27,KO,3,14:55,LK25,PUNT,3,11:28,RF47,NA
2022_02_RF_LK,RF,LK,Rhein Fire,Leipzig Kings,6/11/2022,Dessau,Paul-Greifzu-Stadion,15:00,17:48,2:48,2250,25 C,NA,sunny,M. Scholz,E. Summer,M. Burzec,K. Haltermann,M. Zoladek,E. Christensen,K. Przybala,LK,2,8,LK27,"H,2,8,H27","13,3,105","RUSH:2,H23, TACK:95",J. Carrasco rush for loss of 4 yards to the LK23 (C. van Horn).,"H,3,12,H23",rush,NA,NA,0,14,10,0,NA,13,H,LK,"KO,3,14:55,25","PUNT,3,11:28,53",7,28,3:27,KO,3,14:55,LK25,PUNT,3,11:28,RF47,NA
2022_02_RF_LK,RF,LK,Rhein Fire,Leipzig Kings,6/11/2022,Dessau,Paul-Greifzu-Stadion,15:00,17:48,2:48,2250,25 C,NA,sunny,M. Scholz,E. Summer,M. Burzec,K. Haltermann,M. Zoladek,E. Christensen,K. Przybala,LK,3,12,LK23,"H,3,12,H23","13,4,106","PASS:8,C,11,H37 TACK:22","J. Barlow pass complete to A. Dablé-Wolf for 14 yards to the LK37, 1ST DOWN LK (O. Williams).","H,1,10,H37",pass,NA,pass,0,14,10,0,NA,13,H,LK,"KO,3,14:55,25","PUNT,3,11:28,53",7,28,3:27,KO,3,14:55,LK25,PUNT,3,11:28,RF47,NA
2022_02_RF_LK,RF,LK,Rhein Fire,Leipzig Kings,6/11/2022,Dessau,Paul-Greifzu-Stadion,15:00,17:48,2:48,2250,25 C,NA,sunny,M. Scholz,E. Summer,M. Burzec,K. Haltermann,M. Zoladek,E. Christensen,K. Przybala,LK,1,10,LK37,"H,1,10,H37","13,5,107","PASS:8,C,2,H49 TACK:22","J. Barlow pass complete to J. Carrasco for 12 yards to the LK49, 1ST DOWN LK (O. Williams).","H,1,10,H49",pass,NA,pass,0,14,10,0,NA,13,H,LK,"KO,3,14:55,25","PUNT,3,11:28,53",7,28,3:27,KO,3,14:55,LK25,PUNT,3,11:28,RF47,NA
2022_02_RF_LK,RF,LK,Rhein Fire,Leipzig Kings,6/11/2022,Dessau,Paul-Greifzu-Stadion,15:00,17:48,2:48,2250,25 C,NA,sunny,M. Scholz,E. Summer,M. Burzec,K. Haltermann,M. Zoladek,E. Christensen,K. Przybala,LK,1,10,LK49,"H,1,10,H49","13,6,108","RUSH:2,V47, TACK:92",J. Carrasco rush for 4 yards to the RF47 (E. Adam).,"H,2,6,V47",rush,NA,NA,0,14,10,0,NA,13,H,LK,"KO,3,14:55,25","PUNT,3,11:28,53",7,28,3:27,KO,3,14:55,LK25,PUNT,3,11:28,RF47,NA
2022_02_RF_LK,RF,LK,Rhein Fire,Leipzig Kings,6/11/2022,Dessau,Paul-Greifzu-Stadion,15:00,17:48,2:48,2250,25 C,NA,sunny,M. Scholz,E. Summer,M. Burzec,K. Haltermann,M. Zoladek,E. Christensen,K. Przybala,LK,2,6,RF47,"H,2,6,V47","13,7,109","PASS:8,I,7,*",J. Barlow pass incomplete to S. Jones.,"H,3,6,V47",pass,NA,NA,0,14,10,0,NA,13,H,LK,"KO,3,14:55,25","PUNT,3,11:28,53",7,28,3:27,KO,3,14:55,LK25,PUNT,3,11:28,RF47,NA
2022_02_RF_LK,RF,LK,Rhein Fire,Leipzig Kings,6/11/2022,Dessau,Paul-Greifzu-Stadion,15:00,17:48,2:48,2250,25 C,NA,sunny,M. Scholz,E. Summer,M. Burzec,K. Haltermann,M. Zoladek,E. Christensen,K. Przybala,LK,3,6,RF47,"H,3,6,V47","13,8,110","PASS:8,I,11,*",J. Barlow pass incomplete to A. Dablé-Wolf.,"H,4,6,V47",pass,NA,NA,0,14,10,0,NA,13,H,LK,"KO,3,14:55,25","PUNT,3,11:28,53",7,28,3:27,KO,3,14:55,LK25,PUNT,3,11:28,RF47,NA
2022_02_RF_LK,RF,LK,Rhein Fire,Leipzig Kings,6/11/2022,Dessau,Paul-Greifzu-Stadion,15:00,17:48,2:48,2250,25 C,NA,sunny,M. Scholz,E. Summer,M. Burzec,K. Haltermann,M. Zoladek,E. Christensen,K. Przybala,LK,4,6,RF47,"H,4,6,V47","13,9,111","PUNT:18,V18 OB:","M. Ulbrich punt 29 yards to the RF18, out-of-bounds.","V,1,10,V18",punt,NA,NA,0,14,10,1,NA,13,H,LK,"KO,3,14:55,25","PUNT,3,11:28,53",7,28,3:27,KO,3,14:55,LK25,PUNT,3,11:28,RF47,NA
2022_02_RF_LK,RF,LK,Rhein Fire,Leipzig Kings,6/11/2022,Dessau,Paul-Greifzu-Stadion,15:00,17:48,2:48,2250,25 C,NA,sunny,M. Scholz,E. Summer,M. Burzec,K. Haltermann,M. Zoladek,E. Christensen,K. Przybala,RF,1,10,RF18,"V,1,10,V18","14,1,112",{DRIVE}:11:28,RHEIN FIRE drive start at 11:28.,"V,1,10,V18",NA,11:28,NA,0,14,10,0,NA,14,V,RF,"PUNT,3,11:28,18","PUNT,3,10:22,21",3,3,1:06,PUNT,3,11:28,RF18,PUNT,3,10:22,RF21,NA
2022_02_RF_LK,RF,LK,Rhein Fire,Leipzig Kings,6/11/2022,Dessau,Paul-Greifzu-Stadion,15:00,17:48,2:48,2250,25 C,NA,sunny,M. Scholz,E. Summer,M. Burzec,K. Haltermann,M. Zoladek,E. Christensen,K. Przybala,RF,1,10,RF18,"V,1,10,V18","14,2,113","PASS:11,I,86,* BRUP:6",M. Adam pass incomplete to N. Robitaille (R. Henrique).,"V,2,10,V18",pass,NA,NA,0,14,10,0,NA,14,V,RF,"PUNT,3,11:28,18","PUNT,3,10:22,21",3,3,1:06,PUNT,3,11:28,RF18,PUNT,3,10:22,RF21,NA
2022_02_RF_LK,RF,LK,Rhein Fire,Leipzig Kings,6/11/2022,Dessau,Paul-Greifzu-Stadion,15:00,17:48,2:48,2250,25 C,NA,sunny,M. Scholz,E. Summer,M. Burzec,K. Haltermann,M. Zoladek,E. Christensen,K. Przybala,RF,2,10,RF18,"V,2,10,V18","14,3,114","RUSH:21,V21, TACK:56",J. Aguemon rush for 3 yards to the RF21 (L. Leota).,"V,3,7,V21",rush,NA,NA,0,14,10,0,NA,14,V,RF,"PUNT,3,11:28,18","PUNT,3,10:22,21",3,3,1:06,PUNT,3,11:28,RF18,PUNT,3,10:22,RF21,NA
2022_02_RF_LK,RF,LK,Rhein Fire,Leipzig Kings,6/11/2022,Dessau,Paul-Greifzu-Stadion,15:00,17:48,2:48,2250,25 C,NA,sunny,M. Scholz,E. Summer,M. Burzec,K. Haltermann,M. Zoladek,E. Christensen,K. Przybala,RF,3,7,RF21,"V,3,7,V21","14,4,115","PASS:11,I,6,*",M. Adam pass incomplete to T. Knuettel.,"V,4,7,V21",pass,NA,NA,0,14,10,0,NA,14,V,RF,"PUNT,3,11:28,18","PUNT,3,10:22,21",3,3,1:06,PUNT,3,11:28,RF18,PUNT,3,10:22,RF21,NA
2022_02_RF_LK,RF,LK,Rhein Fire,Leipzig Kings,6/11/2022,Dessau,Paul-Greifzu-Stadion,15:00,17:48,2:48,2250,25 C,NA,sunny,M. Scholz,E. Summer,M. Burzec,K. Haltermann,M. Zoladek,E. Christensen,K. Przybala,RF,4,7,RF21,"V,4,7,V21","14,5,116","PUNT:14,H24 DN:","M. Eisenhut punt 55 yards to the LK24, downed.","H,1,10,H24",punt,NA,NA,0,14,10,0,NA,14,V,RF,"PUNT,3,11:28,18","PUNT,3,10:22,21",3,3,1:06,PUNT,3,11:28,RF18,PUNT,3,10:22,RF21,NA
2022_02_RF_LK,RF,LK,Rhein Fire,Leipzig Kings,6/11/2022,Dessau,Paul-Greifzu-Stadion,15:00,17:48,2:48,2250,25 C,NA,sunny,M. Scholz,E. Summer,M. Burzec,K. Haltermann,M. Zoladek,E. Christensen,K. Przybala,LK,1,10,LK24,"H,1,10,H24","15,1,117",{DRIVE}:10:22,LEIPZIG KINGS drive start at 10:22.,"H,1,10,H24",NA,10:22,NA,0,14,10,0,NA,15,H,LK,"PUNT,3,10:22,24","TD,3,03:52,100",12,76,6:30,PUNT,3,10:22,LK24,TD,3,03:52,RF00,1
2022_02_RF_LK,RF,LK,Rhein Fire,Leipzig Kings,6/11/2022,Dessau,Paul-Greifzu-Stadion,15:00,17:48,2:48,2250,25 C,NA,sunny,M. Scholz,E. Summer,M. Burzec,K. Haltermann,M. Zoladek,E. Christensen,K. Przybala,LK,1,10,LK24,"H,1,10,H24","15,2,118","PASS:8,C,2,H30 TACK:25",J. Barlow pass complete to J. Carrasco for 6 yards to the LK30 (L. Meyer).,"H,2,4,H30",pass,NA,NA,0,14,10,0,NA,15,H,LK,"PUNT,3,10:22,24","TD,3,03:52,100",12,76,6:30,PUNT,3,10:22,LK24,TD,3,03:52,RF00,1
2022_02_RF_LK,RF,LK,Rhein Fire,Leipzig Kings,6/11/2022,Dessau,Paul-Greifzu-Stadion,15:00,17:48,2:48,2250,25 C,NA,sunny,M. Scholz,E. Summer,M. Burzec,K. Haltermann,M. Zoladek,E. Christensen,K. Przybala,LK,2,4,LK30,"H,2,4,H30","15,3,119","RUSH:2,V48, TACK:9","J. Carrasco rush for 22 yards to the RF48, 1ST DOWN LK (R. Grooten).","H,1,10,V48",rush,NA,rush,0,14,10,0,NA,15,H,LK,"PUNT,3,10:22,24","TD,3,03:52,100",12,76,6:30,PUNT,3,10:22,LK24,TD,3,03:52,RF00,1
2022_02_RF_LK,RF,LK,Rhein Fire,Leipzig Kings,6/11/2022,Dessau,Paul-Greifzu-Stadion,15:00,17:48,2:48,2250,25 C,NA,sunny,M. Scholz,E. Summer,M. Burzec,K. Haltermann,M. Zoladek,E. Christensen,K. Przybala,LK,1,10,RF48,"H,1,10,V48","15,4,120","RUSH:8,V40, TACK:93,29",J. Barlow rush for 8 yards to the RF40 (S. Fey;R. Hanssen).,"H,2,2,V40",rush,NA,NA,0,14,10,0,NA,15,H,LK,"PUNT,3,10:22,24","TD,3,03:52,100",12,76,6:30,PUNT,3,10:22,LK24,TD,3,03:52,RF00,1
2022_02_RF_LK,RF,LK,Rhein Fire,Leipzig Kings,6/11/2022,Dessau,Paul-Greifzu-Stadion,15:00,17:48,2:48,2250,25 C,NA,sunny,M. Scholz,E. Summer,M. Burzec,K. Haltermann,M. Zoladek,E. Christensen,K. Przybala,LK,2,2,RF40,"H,2,2,V40","15,5,121","PASS:8,I,TM,*",J. Barlow pass incomplete.,"H,3,2,V40",pass,NA,NA,0,14,10,0,NA,15,H,LK,"PUNT,3,10:22,24","TD,3,03:52,100",12,76,6:30,PUNT,3,10:22,LK24,TD,3,03:52,RF00,1
2022_02_RF_LK,RF,LK,Rhein Fire,Leipzig Kings,6/11/2022,Dessau,Paul-Greifzu-Stadion,15:00,17:48,2:48,2250,25 C,NA,sunny,M. Scholz,E. Summer,M. Burzec,K. Haltermann,M. Zoladek,E. Christensen,K. Przybala,LK,3,2,RF40,"H,3,2,V40","15,6,122","RUSH:2,V38, TACK:45","J. Carrasco rush for 2 yards to the RF38, 1ST DOWN LK (M. Pinter).","H,1,10,V38",rush,NA,rush,0,14,10,0,NA,15,H,LK,"PUNT,3,10:22,24","TD,3,03:52,100",12,76,6:30,PUNT,3,10:22,LK24,TD,3,03:52,RF00,1
2022_02_RF_LK,RF,LK,Rhein Fire,Leipzig Kings,6/11/2022,Dessau,Paul-Greifzu-Stadion,15:00,17:48,2:48,2250,25 C,NA,sunny,M. Scholz,E. Summer,M. Burzec,K. Haltermann,M. Zoladek,E. Christensen,K. Przybala,LK,1,10,RF38,"H,1,10,V38","15,7,123","PASS:8,I,13,* BRUP:4 PEN:H,IDP,A,78,V43,N NOPLAY:","J. Barlow pass incomplete to A. Jallai (J. Seibel), PENALTY LK Inelegible Downfield Pass (C. Schob) 5 yards to the RF43, NO PLAY.","H,1,15,V43",penalty,NA,NA,0,14,10,0,NA,15,H,LK,"PUNT,3,10:22,24","TD,3,03:52,100",12,76,6:30,PUNT,3,10:22,LK24,TD,3,03:52,RF00,1
2022_02_RF_LK,RF,LK,Rhein Fire,Leipzig Kings,6/11/2022,Dessau,Paul-Greifzu-Stadion,15:00,17:48,2:48,2250,25 C,NA,sunny,M. Scholz,E. Summer,M. Burzec,K. Haltermann,M. Zoladek,E. Christensen,K. Przybala,LK,1,15,RF43,"H,1,15,V43","15,8,124","PASS:8,C,2,V30 TACK:9",J. Barlow pass complete to J. Carrasco for 13 yards to the RF30 (R. Grooten).,"H,2,2,V30",pass,NA,NA,0,14,10,0,NA,15,H,LK,"PUNT,3,10:22,24","TD,3,03:52,100",12,76,6:30,PUNT,3,10:22,LK24,TD,3,03:52,RF00,1
2022_02_RF_LK,RF,LK,Rhein Fire,Leipzig Kings,6/11/2022,Dessau,Paul-Greifzu-Stadion,15:00,17:48,2:48,2250,25 C,NA,sunny,M. Scholz,E. Summer,M. Burzec,K. Haltermann,M. Zoladek,E. Christensen,K. Przybala,LK,2,2,RF30,"H,2,2,V30","15,9,125","RUSH:8,V28, TACK:95,92","J. Barlow rush for 2 yards to the RF28, 1ST DOWN LK (C. van Horn;E. Adam).","H,1,10,V28",rush,NA,rush,0,14,10,0,NA,15,H,LK,"PUNT,3,10:22,24","TD,3,03:52,100",12,76,6:30,PUNT,3,10:22,LK24,TD,3,03:52,RF00,1
2022_02_RF_LK,RF,LK,Rhein Fire,Leipzig Kings,6/11/2022,Dessau,Paul-Greifzu-Stadion,15:00,17:48,2:48,2250,25 C,NA,sunny,M. Scholz,E. Summer,M. Burzec,K. Haltermann,M. Zoladek,E. Christensen,K. Przybala,LK,1,10,RF28,"H,1,10,V28","15,10,126","RUSH:8,V18, OB:","J. Barlow rush for 10 yards to the RF18, 1ST DOWN LK, out-of-bounds.","H,1,10,V18",rush,NA,rush,0,14,10,1,NA,15,H,LK,"PUNT,3,10:22,24","TD,3,03:52,100",12,76,6:30,PUNT,3,10:22,LK24,TD,3,03:52,RF00,1
2022_02_RF_LK,RF,LK,Rhein Fire,Leipzig Kings,6/11/2022,Dessau,Paul-Greifzu-Stadion,15:00,17:48,2:48,2250,25 C,NA,sunny,M. Scholz,E. Summer,M. Burzec,K. Haltermann,M. Zoladek,E. Christensen,K. Przybala,LK,1,10,RF18,"H,1,10,V18","15,11,127","PEN:V,UR,A,25,V09,N",PENALTY RF Unnecessary Roughness (L. Meyer) 9 yards to the RF9.,"H,1,1,V09",penalty,NA,NA,0,14,10,0,NA,15,H,LK,"PUNT,3,10:22,24","TD,3,03:52,100",12,76,6:30,PUNT,3,10:22,LK24,TD,3,03:52,RF00,1
2022_02_RF_LK,RF,LK,Rhein Fire,Leipzig Kings,6/11/2022,Dessau,Paul-Greifzu-Stadion,15:00,17:48,2:48,2250,25 C,NA,sunny,M. Scholz,E. Summer,M. Burzec,K. Haltermann,M. Zoladek,E. Christensen,K. Przybala,LK,1,1,RF09,"H,1,1,V09","15,12,128","PASS:8,S,TM,V15 SACK:92",J. Barlow sacked for loss of 6 yards to the RF15 (E. Adam).,"H,2,7,V15",pass,NA,NA,0,14,10,0,NA,15,H,LK,"PUNT,3,10:22,24","TD,3,03:52,100",12,76,6:30,PUNT,3,10:22,LK24,TD,3,03:52,RF00,1
2022_02_RF_LK,RF,LK,Rhein Fire,Leipzig Kings,6/11/2022,Dessau,Paul-Greifzu-Stadion,15:00,17:48,2:48,2250,25 C,NA,sunny,M. Scholz,E. Summer,M. Burzec,K. Haltermann,M. Zoladek,E. Christensen,K. Przybala,LK,2,7,RF15,"H,2,7,V15","15,13,129","PASS:8,C,2,V09 TACK:22 PEN:H,IDP,A,78,V23,N NOPLAY:","J. Barlow pass complete to J. Carrasco for 6 yards to the RF9 (O. Williams), PENALTY LK Inelegible Downfield Pass (C. Schob) 8 yards to the RF23, NO PLAY.","H,2,15,V23",penalty,NA,NA,0,14,10,0,NA,15,H,LK,"PUNT,3,10:22,24","TD,3,03:52,100",12,76,6:30,PUNT,3,10:22,LK24,TD,3,03:52,RF00,1
2022_02_RF_LK,RF,LK,Rhein Fire,Leipzig Kings,6/11/2022,Dessau,Paul-Greifzu-Stadion,15:00,17:48,2:48,2250,25 C,NA,sunny,M. Scholz,E. Summer,M. Burzec,K. Haltermann,M. Zoladek,E. Christensen,K. Przybala,LK,2,15,RF23,"H,2,15,V23","15,14,130","PASS:8,I,7,*",J. Barlow pass incomplete to S. Jones.,"H,3,15,V23",pass,NA,NA,0,14,10,0,NA,15,H,LK,"PUNT,3,10:22,24","TD,3,03:52,100",12,76,6:30,PUNT,3,10:22,LK24,TD,3,03:52,RF00,1
2022_02_RF_LK,RF,LK,Rhein Fire,Leipzig Kings,6/11/2022,Dessau,Paul-Greifzu-Stadion,15:00,17:48,2:48,2250,25 C,NA,sunny,M. Scholz,E. Summer,M. Burzec,K. Haltermann,M. Zoladek,E. Christensen,K. Przybala,LK,3,15,RF23,"H,3,15,V23","15,15,131","PASS:8,C,11,V01 TACK:22","J. Barlow pass complete to A. Dablé-Wolf for 22 yards to the RF1, 1ST DOWN LK (O. Williams).","H,1,0,V01",pass,NA,pass,0,14,10,0,NA,15,H,LK,"PUNT,3,10:22,24","TD,3,03:52,100",12,76,6:30,PUNT,3,10:22,LK24,TD,3,03:52,RF00,1
2022_02_RF_LK,RF,LK,Rhein Fire,Leipzig Kings,6/11/2022,Dessau,Paul-Greifzu-Stadion,15:00,17:48,2:48,2250,25 C,NA,sunny,M. Scholz,E. Summer,M. Burzec,K. Haltermann,M. Zoladek,E. Christensen,K. Przybala,LK,1,0,RF01,"H,1,0,V01","15,16,133",TOUT:H T:04:03,"Timeout Leipzig Kings, clock 04:03.","H,1,0,V01",NA,04:03,NA,0,14,10,0,NA,15,H,LK,"PUNT,3,10:22,24","TD,3,03:52,100",12,76,6:30,PUNT,3,10:22,LK24,TD,3,03:52,RF00,1
2022_02_RF_LK,RF,LK,Rhein Fire,Leipzig Kings,6/11/2022,Dessau,Paul-Greifzu-Stadion,15:00,17:48,2:48,2250,25 C,NA,sunny,M. Scholz,E. Summer,M. Burzec,K. Haltermann,M. Zoladek,E. Christensen,K. Przybala,LK,1,0,RF01,"H,1,0,V01","15,17,134","RUSH:8,V01, FUMB:H,V00,8 T:03:52 PAT:K,9,G","J. Barlow rush for no gain to the RF1, fumble by J. Barlow recovered by LK J. Barlow at RF0, 1ST DOWN LK, TOUCHDOWN, clock 03:52, F. Finke kick attempt good.","H,1,0,H30",pat,03:52,rush,1,14,17,0,NA,15,H,LK,"PUNT,3,10:22,24","TD,3,03:52,100",12,76,6:30,PUNT,3,10:22,LK24,TD,3,03:52,RF00,1
2022_02_RF_LK,RF,LK,Rhein Fire,Leipzig Kings,6/11/2022,Dessau,Paul-Greifzu-Stadion,15:00,17:48,2:48,2250,25 C,NA,sunny,M. Scholz,E. Summer,M. Burzec,K. Haltermann,M. Zoladek,E. Christensen,K. Przybala,LK,1,0,LK30,"H,1,0,H30","15,18,135","KO:9,V00 TB:","F. Finke kickoff 70 yards to the RF0, touchback.","V,1,10,V30",kick_off,NA,NA,0,14,17,0,NA,15,H,LK,"PUNT,3,10:22,24","TD,3,03:52,100",12,76,6:30,PUNT,3,10:22,LK24,TD,3,03:52,RF00,1
2022_02_RF_LK,RF,LK,Rhein Fire,Leipzig Kings,6/11/2022,Dessau,Paul-Greifzu-Stadion,15:00,17:48,2:48,2250,25 C,NA,sunny,M. Scholz,E. Summer,M. Burzec,K. Haltermann,M. Zoladek,E. Christensen,K. Przybala,RF,1,10,RF30,"V,1,10,V30","16,1,136",{DRIVE}:03:52,RHEIN FIRE drive start at 03:52.,"V,1,10,V30",NA,03:52,NA,0,14,17,0,NA,16,V,RF,"KO,3,03:52,30","FG,4,12:36,95",12,65,6:16,KO,3,03:52,RF30,FG,4,12:36,LK05,1
2022_02_RF_LK,RF,LK,Rhein Fire,Leipzig Kings,6/11/2022,Dessau,Paul-Greifzu-Stadion,15:00,17:48,2:48,2250,25 C,NA,sunny,M. Scholz,E. Summer,M. Burzec,K. Haltermann,M. Zoladek,E. Christensen,K. Przybala,RF,1,10,RF30,"V,1,10,V30","16,2,137","PASS:11,C,6,V35 TACK:23",M. Adam pass complete to T. Knuettel for 5 yards to the RF35 (J. Sieveke).,"V,2,5,V35",pass,NA,NA,0,14,17,0,NA,16,V,RF,"KO,3,03:52,30","FG,4,12:36,95",12,65,6:16,KO,3,03:52,RF30,FG,4,12:36,LK05,1
2022_02_RF_LK,RF,LK,Rhein Fire,Leipzig Kings,6/11/2022,Dessau,Paul-Greifzu-Stadion,15:00,17:48,2:48,2250,25 C,NA,sunny,M. Scholz,E. Summer,M. Burzec,K. Haltermann,M. Zoladek,E. Christensen,K. Przybala,RF,2,5,RF35,"V,2,5,V35","16,3,138","PASS:11,C,86,V45 TACK:49","M. Adam pass complete to N. Robitaille for 10 yards to the RF45, 1ST DOWN RF (A.J. Wentland).","V,1,10,V45",pass,NA,pass,0,14,17,0,NA,16,V,RF,"KO,3,03:52,30","FG,4,12:36,95",12,65,6:16,KO,3,03:52,RF30,FG,4,12:36,LK05,1
2022_02_RF_LK,RF,LK,Rhein Fire,Leipzig Kings,6/11/2022,Dessau,Paul-Greifzu-Stadion,15:00,17:48,2:48,2250,25 C,NA,sunny,M. Scholz,E. Summer,M. Burzec,K. Haltermann,M. Zoladek,E. Christensen,K. Przybala,RF,1,10,RF45,"V,1,10,V45","16,4,139","RUSH:21,H48, TACK:93",J. Aguemon rush for 7 yards to the LK48 (C. Hans).,"V,2,3,H48",rush,NA,NA,0,14,17,0,NA,16,V,RF,"KO,3,03:52,30","FG,4,12:36,95",12,65,6:16,KO,3,03:52,RF30,FG,4,12:36,LK05,1
2022_02_RF_LK,RF,LK,Rhein Fire,Leipzig Kings,6/11/2022,Dessau,Paul-Greifzu-Stadion,15:00,17:48,2:48,2250,25 C,NA,sunny,M. Scholz,E. Summer,M. Burzec,K. Haltermann,M. Zoladek,E. Christensen,K. Przybala,RF,2,3,LK48,"V,2,3,H48","16,5,140","RUSH:23,H30, OB:","D. Rennich rush for 18 yards to the LK30, 1ST DOWN RF, out-of-bounds.","V,1,10,H30",rush,NA,rush,0,14,17,1,NA,16,V,RF,"KO,3,03:52,30","FG,4,12:36,95",12,65,6:16,KO,3,03:52,RF30,FG,4,12:36,LK05,1
2022_02_RF_LK,RF,LK,Rhein Fire,Leipzig Kings,6/11/2022,Dessau,Paul-Greifzu-Stadion,15:00,17:48,2:48,2250,25 C,NA,sunny,M. Scholz,E. Summer,M. Burzec,K. Haltermann,M. Zoladek,E. Christensen,K. Przybala,RF,1,10,LK30,"V,1,10,H30","16,6,141","PEN:V,FS,A,6,H35,N",PENALTY RF False Start (T. Knuettel) 5 yards to the LK35.,"V,1,15,H35",penalty,NA,NA,0,14,17,0,NA,16,V,RF,"KO,3,03:52,30","FG,4,12:36,95",12,65,6:16,KO,3,03:52,RF30,FG,4,12:36,LK05,1
2022_02_RF_LK,RF,LK,Rhein Fire,Leipzig Kings,6/11/2022,Dessau,Paul-Greifzu-Stadion,15:00,17:48,2:48,2250,25 C,NA,sunny,M. Scholz,E. Summer,M. Burzec,K. Haltermann,M. Zoladek,E. Christensen,K. Przybala,RF,1,15,LK35,"V,1,15,H35","16,7,142","PASS:11,C,86,H22 TACK:6",M. Adam pass complete to N. Robitaille for 13 yards to the LK22 (R. Henrique).,"V,2,2,H22",pass,NA,NA,0,14,17,0,NA,16,V,RF,"KO,3,03:52,30","FG,4,12:36,95",12,65,6:16,KO,3,03:52,RF30,FG,4,12:36,LK05,1
2022_02_RF_LK,RF,LK,Rhein Fire,Leipzig Kings,6/11/2022,Dessau,Paul-Greifzu-Stadion,15:00,17:48,2:48,2250,25 C,NA,sunny,M. Scholz,E. Summer,M. Burzec,K. Haltermann,M. Zoladek,E. Christensen,K. Przybala,RF,2,2,LK22,"V,2,2,H22","16,8,143","RUSH:23,H14, TACK:50","D. Rennich rush for 8 yards to the LK14, 1ST DOWN RF (J. Schultes).","V,1,10,H14",rush,NA,rush,0,14,17,0,NA,16,V,RF,"KO,3,03:52,30","FG,4,12:36,95",12,65,6:16,KO,3,03:52,RF30,FG,4,12:36,LK05,1
2022_02_RF_LK,RF,LK,Rhein Fire,Leipzig Kings,6/11/2022,Dessau,Paul-Greifzu-Stadion,15:00,17:48,2:48,2250,25 C,NA,sunny,M. Scholz,E. Summer,M. Burzec,K. Haltermann,M. Zoladek,E. Christensen,K. Przybala,RF,1,10,LK14,"V,1,10,H14","16,9,144",Q:4 T:15:00,"Start of 4th quarter, clock 15:00.","V,1,10,H14",NA,15:00,NA,0,14,17,0,NA,16,V,RF,"KO,3,03:52,30","FG,4,12:36,95",12,65,6:16,KO,3,03:52,RF30,FG,4,12:36,LK05,1
2022_02_RF_LK,RF,LK,Rhein Fire,Leipzig Kings,6/11/2022,Dessau,Paul-Greifzu-Stadion,15:00,17:48,2:48,2250,25 C,NA,sunny,M. Scholz,E. Summer,M. Burzec,K. Haltermann,M. Zoladek,E. Christensen,K. Przybala,RF,1,10,LK14,"V,1,10,H14","16,10,145","RUSH:23,H13, TACK:28",D. Rennich rush for 1 yard to the LK13 (J. Dietze).,"V,2,9,H13",rush,NA,NA,0,14,17,0,NA,16,V,RF,"KO,3,03:52,30","FG,4,12:36,95",12,65,6:16,KO,3,03:52,RF30,FG,4,12:36,LK05,1
2022_02_RF_LK,RF,LK,Rhein Fire,Leipzig Kings,6/11/2022,Dessau,Paul-Greifzu-Stadion,15:00,17:48,2:48,2250,25 C,NA,sunny,M. Scholz,E. Summer,M. Burzec,K. Haltermann,M. Zoladek,E. Christensen,K. Przybala,RF,2,9,LK13,"V,2,9,H13","16,11,146","RUSH:23,H10, TACK:4 PEN:H,FM,A,25,H05,1","D. Rennich rush for 3 yards to the LK10 (M. Tavarres), PENALTY LK Facemask (F. Giese) 5 yards to the LK5, 1ST DOWN RF.","V,1,0,H05",rush,NA,penalty,0,14,17,0,NA,16,V,RF,"KO,3,03:52,30","FG,4,12:36,95",12,65,6:16,KO,3,03:52,RF30,FG,4,12:36,LK05,1
2022_02_RF_LK,RF,LK,Rhein Fire,Leipzig Kings,6/11/2022,Dessau,Paul-Greifzu-Stadion,15:00,17:48,2:48,2250,25 C,NA,sunny,M. Scholz,E. Summer,M. Burzec,K. Haltermann,M. Zoladek,E. Christensen,K. Przybala,RF,1,0,LK05,"V,1,0,H05","16,12,147","D:1,5",1st and 5.,"V,1,0,H05",NA,NA,NA,0,14,17,0,NA,16,V,RF,"KO,3,03:52,30","FG,4,12:36,95",12,65,6:16,KO,3,03:52,RF30,FG,4,12:36,LK05,1
2022_02_RF_LK,RF,LK,Rhein Fire,Leipzig Kings,6/11/2022,Dessau,Paul-Greifzu-Stadion,15:00,17:48,2:48,2250,25 C,NA,sunny,M. Scholz,E. Summer,M. Burzec,K. Haltermann,M. Zoladek,E. Christensen,K. Przybala,RF,1,0,LK05,"V,1,0,H05","16,13,148","RUSH:43,H03, TACK:92,4",P. Poetsch rush for 2 yards to the LK3 (A. Zetterberg;M. Tavarres).,"V,2,0,H03",rush,NA,NA,0,14,17,0,NA,16,V,RF,"KO,3,03:52,30","FG,4,12:36,95",12,65,6:16,KO,3,03:52,RF30,FG,4,12:36,LK05,1
2022_02_RF_LK,RF,LK,Rhein Fire,Leipzig Kings,6/11/2022,Dessau,Paul-Greifzu-Stadion,15:00,17:48,2:48,2250,25 C,NA,sunny,M. Scholz,E. Summer,M. Burzec,K. Haltermann,M. Zoladek,E. Christensen,K. Przybala,RF,2,0,LK03,"V,2,0,H03","16,14,149","RUSH:23,H05, TACK:49",D. Rennich rush for loss of 2 yards to the LK5 (A.J. Wentland).,"V,3,0,H05",rush,NA,NA,0,14,17,0,NA,16,V,RF,"KO,3,03:52,30","FG,4,12:36,95",12,65,6:16,KO,3,03:52,RF30,FG,4,12:36,LK05,1
2022_02_RF_LK,RF,LK,Rhein Fire,Leipzig Kings,6/11/2022,Dessau,Paul-Greifzu-Stadion,15:00,17:48,2:48,2250,25 C,NA,sunny,M. Scholz,E. Summer,M. Burzec,K. Haltermann,M. Zoladek,E. Christensen,K. Przybala,RF,3,0,LK05,"V,3,0,H05","16,15,150","PASS:11,I,86,*",M. Adam pass incomplete to N. Robitaille.,"V,4,0,H05",pass,NA,NA,0,14,17,0,NA,16,V,RF,"KO,3,03:52,30","FG,4,12:36,95",12,65,6:16,KO,3,03:52,RF30,FG,4,12:36,LK05,1
2022_02_RF_LK,RF,LK,Rhein Fire,Leipzig Kings,6/11/2022,Dessau,Paul-Greifzu-Stadion,15:00,17:48,2:48,2250,25 C,NA,sunny,M. Scholz,E. Summer,M. Burzec,K. Haltermann,M. Zoladek,E. Christensen,K. Przybala,RF,4,0,LK05,"V,4,0,H05","16,16,151","FGA:2,22,G T:12:36","D. Schuhmacher field goal attempt from 22 GOOD, clock 12:36.","V,1,0,V30",field_goal,12:36,NA,1,17,17,0,NA,16,V,RF,"KO,3,03:52,30","FG,4,12:36,95",12,65,6:16,KO,3,03:52,RF30,FG,4,12:36,LK05,1
2022_02_RF_LK,RF,LK,Rhein Fire,Leipzig Kings,6/11/2022,Dessau,Paul-Greifzu-Stadion,15:00,17:48,2:48,2250,25 C,NA,sunny,M. Scholz,E. Summer,M. Burzec,K. Haltermann,M. Zoladek,E. Christensen,K. Przybala,RF,1,0,RF30,"V,1,0,V30","16,17,152","KO:2,H00 TB:","D. Schuhmacher kickoff 70 yards to the LK0, touchback.","H,1,10,H30",kick_off,NA,NA,0,17,17,0,NA,16,V,RF,"KO,3,03:52,30","FG,4,12:36,95",12,65,6:16,KO,3,03:52,RF30,FG,4,12:36,LK05,1
2022_02_RF_LK,RF,LK,Rhein Fire,Leipzig Kings,6/11/2022,Dessau,Paul-Greifzu-Stadion,15:00,17:48,2:48,2250,25 C,NA,sunny,M. Scholz,E. Summer,M. Burzec,K. Haltermann,M. Zoladek,E. Christensen,K. Przybala,LK,1,10,LK30,"H,1,10,H30","17,1,153","{DRIVE}:12:36 SPOT:H,H20,Y","LEIPZIG KINGS drive start at 12:36, LK ball on LK20.","H,1,10,H20",NA,12:36,NA,0,17,17,0,NA,17,H,LK,"KO,4,12:36,20","FUMB,4,08:27,93",8,73,4:09,KO,4,12:36,LK20,FUMB,4,08:27,RF07,1
2022_02_RF_LK,RF,LK,Rhein Fire,Leipzig Kings,6/11/2022,Dessau,Paul-Greifzu-Stadion,15:00,17:48,2:48,2250,25 C,NA,sunny,M. Scholz,E. Summer,M. Burzec,K. Haltermann,M. Zoladek,E. Christensen,K. Przybala,LK,1,10,LK20,"H,1,10,H20","17,2,154","PASS:8,C,11,H38 TACK:3","J. Barlow pass complete to A. Dablé-Wolf for 18 yards to the LK38, 1ST DOWN LK (L. Ruoss).","H,1,10,H38",pass,NA,pass,0,17,17,0,NA,17,H,LK,"KO,4,12:36,20","FUMB,4,08:27,93",8,73,4:09,KO,4,12:36,LK20,FUMB,4,08:27,RF07,1
2022_02_RF_LK,RF,LK,Rhein Fire,Leipzig Kings,6/11/2022,Dessau,Paul-Greifzu-Stadion,15:00,17:48,2:48,2250,25 C,NA,sunny,M. Scholz,E. Summer,M. Burzec,K. Haltermann,M. Zoladek,E. Christensen,K. Przybala,LK,1,10,LK38,"H,1,10,H38","17,3,155","RUSH:2,H44, TACK:45",J. Carrasco rush for 6 yards to the LK44 (M. Pinter).,"H,2,4,H44",rush,NA,NA,0,17,17,0,NA,17,H,LK,"KO,4,12:36,20","FUMB,4,08:27,93",8,73,4:09,KO,4,12:36,LK20,FUMB,4,08:27,RF07,1
2022_02_RF_LK,RF,LK,Rhein Fire,Leipzig Kings,6/11/2022,Dessau,Paul-Greifzu-Stadion,15:00,17:48,2:48,2250,25 C,NA,sunny,M. Scholz,E. Summer,M. Burzec,K. Haltermann,M. Zoladek,E. Christensen,K. Przybala,LK,2,4,LK44,"H,2,4,H44","17,4,156","RUSH:8,H49, TACK:45","J. Barlow rush for 5 yards to the LK49, 1ST DOWN LK (M. Pinter).","H,1,10,H49",rush,NA,rush,0,17,17,0,NA,17,H,LK,"KO,4,12:36,20","FUMB,4,08:27,93",8,73,4:09,KO,4,12:36,LK20,FUMB,4,08:27,RF07,1
2022_02_RF_LK,RF,LK,Rhein Fire,Leipzig Kings,6/11/2022,Dessau,Paul-Greifzu-Stadion,15:00,17:48,2:48,2250,25 C,NA,sunny,M. Scholz,E. Summer,M. Burzec,K. Haltermann,M. Zoladek,E. Christensen,K. Przybala,LK,1,10,LK49,"H,1,10,H49","17,5,157","PASS:8,C,7,V40 OB: TACK:4","J. Barlow pass complete to S. Jones for 11 yards to the RF40, 1ST DOWN LK, out-of-bounds (J. Seibel).","H,1,10,V40",pass,NA,pass,0,17,17,1,NA,17,H,LK,"KO,4,12:36,20","FUMB,4,08:27,93",8,73,4:09,KO,4,12:36,LK20,FUMB,4,08:27,RF07,1
2022_02_RF_LK,RF,LK,Rhein Fire,Leipzig Kings,6/11/2022,Dessau,Paul-Greifzu-Stadion,15:00,17:48,2:48,2250,25 C,NA,sunny,M. Scholz,E. Summer,M. Burzec,K. Haltermann,M. Zoladek,E. Christensen,K. Przybala,LK,1,10,RF40,"H,1,10,V40","17,6,158","RUSH:2,V33, TACK:41",J. Carrasco rush for 7 yards to the RF33 (A. Sobotta).,"H,2,3,V33",rush,NA,NA,0,17,17,0,NA,17,H,LK,"KO,4,12:36,20","FUMB,4,08:27,93",8,73,4:09,KO,4,12:36,LK20,FUMB,4,08:27,RF07,1
2022_02_RF_LK,RF,LK,Rhein Fire,Leipzig Kings,6/11/2022,Dessau,Paul-Greifzu-Stadion,15:00,17:48,2:48,2250,25 C,NA,sunny,M. Scholz,E. Summer,M. Burzec,K. Haltermann,M. Zoladek,E. Christensen,K. Przybala,LK,2,3,RF33,"H,2,3,V33","17,7,159","PASS:8,I,TM,*",J. Barlow pass incomplete.,"H,3,3,V33",pass,NA,NA,0,17,17,0,NA,17,H,LK,"KO,4,12:36,20","FUMB,4,08:27,93",8,73,4:09,KO,4,12:36,LK20,FUMB,4,08:27,RF07,1
2022_02_RF_LK,RF,LK,Rhein Fire,Leipzig Kings,6/11/2022,Dessau,Paul-Greifzu-Stadion,15:00,17:48,2:48,2250,25 C,NA,sunny,M. Scholz,E. Summer,M. Burzec,K. Haltermann,M. Zoladek,E. Christensen,K. Przybala,LK,3,3,RF33,"H,3,3,V33","17,8,160","QBH:V,3",QB hurry by L. Ruoss.,"H,3,3,V33",NA,NA,NA,0,17,17,0,NA,17,H,LK,"KO,4,12:36,20","FUMB,4,08:27,93",8,73,4:09,KO,4,12:36,LK20,FUMB,4,08:27,RF07,1
2022_02_RF_LK,RF,LK,Rhein Fire,Leipzig Kings,6/11/2022,Dessau,Paul-Greifzu-Stadion,15:00,17:48,2:48,2250,25 C,NA,sunny,M. Scholz,E. Summer,M. Burzec,K. Haltermann,M. Zoladek,E. Christensen,K. Przybala,LK,3,3,RF33,"H,3,3,V33","17,9,161","PASS:8,C,81,V09 TACK:45","J. Barlow pass complete to N. Baeumer for 24 yards to the RF9, 1ST DOWN LK (M. Pinter).","H,1,0,V09",pass,NA,pass,0,17,17,0,NA,17,H,LK,"KO,4,12:36,20","FUMB,4,08:27,93",8,73,4:09,KO,4,12:36,LK20,FUMB,4,08:27,RF07,1
2022_02_RF_LK,RF,LK,Rhein Fire,Leipzig Kings,6/11/2022,Dessau,Paul-Greifzu-Stadion,15:00,17:48,2:48,2250,25 C,NA,sunny,M. Scholz,E. Summer,M. Burzec,K. Haltermann,M. Zoladek,E. Christensen,K. Przybala,LK,1,0,RF09,"H,1,0,V09","17,10,162","RUSH:2,V07, FORCE:45 FUMB:V,V07,22 +:22,H00 T:08:27 PEN:H,UC,A,TM,H01,N D:1,10 SPOT:V,H01,N","J. Carrasco rush for 2 yards to the RF7, fumble forced by M. Pinter, fumble by J. Carrasco recovered by RF O. Williams at RF7, O. Williams for 93 yards to the LK0, TOUCHDOWN, clock 08:27, PENALTY LK Unsportsmanlike Conduct 14 yards to the LK1, 1st and 10, RF ball on LK1.","V,1,0,H01",rush,08:27,NA,1,23,17,0,F,17,H,LK,"KO,4,12:36,20","FUMB,4,08:27,93",8,73,4:09,KO,4,12:36,LK20,FUMB,4,08:27,RF07,1
2022_02_RF_LK,RF,LK,Rhein Fire,Leipzig Kings,6/11/2022,Dessau,Paul-Greifzu-Stadion,15:00,17:48,2:48,2250,25 C,NA,sunny,M. Scholz,E. Summer,M. Burzec,K. Haltermann,M. Zoladek,E. Christensen,K. Przybala,RF,1,0,LK01,"V,1,0,H01","18,1,163","PAT:R,43,G",P. Poetsch rush attempt good.,"V,1,0,V30",pat,NA,NA,1,25,17,0,NA,18,V,RF,"FUMB,4,08:27,7","TD,4,08:27,7",0,0,0:00,FUMB,4,08:27,RF07,TD,4,08:27,RF07,NA
2022_02_RF_LK,RF,LK,Rhein Fire,Leipzig Kings,6/11/2022,Dessau,Paul-Greifzu-Stadion,15:00,17:48,2:48,2250,25 C,NA,sunny,M. Scholz,E. Summer,M. Burzec,K. Haltermann,M. Zoladek,E. Christensen,K. Przybala,RF,1,0,RF30,"V,1,0,V30","18,2,164","KO:2,H08 RET:24,H34 TACK:52,54","D. Schuhmacher kickoff 62 yards to the LK8, W. James return 26 yards to the LK34 (L. Fiedler;M. Schmidt).","H,1,10,H34",kick_off,NA,NA,0,25,17,0,NA,18,V,RF,"FUMB,4,08:27,7","TD,4,08:27,7",0,0,0:00,FUMB,4,08:27,RF07,TD,4,08:27,RF07,NA
2022_02_RF_LK,RF,LK,Rhein Fire,Leipzig Kings,6/11/2022,Dessau,Paul-Greifzu-Stadion,15:00,17:48,2:48,2250,25 C,NA,sunny,M. Scholz,E. Summer,M. Burzec,K. Haltermann,M. Zoladek,E. Christensen,K. Przybala,LK,1,10,LK34,"H,1,10,H34","19,1,165","{DRIVE}:08:17 RUSH:2,H32, FORCE:3 FUMB:V,H29,58 +:57,H29 TACK:2","LEIPZIG KINGS drive start at 08:17, J. Carrasco rush for loss of 2 yards to the LK32, fumble forced by L. Ruoss, fumble by J. Carrasco recovered by RF J. Sleiman at LK29, 57 for no gain to the LK29 (J. Carrasco).","V,1,10,H29",rush,08:17,NA,0,25,17,0,F,19,H,LK,"KO,4,08:17,34","FUMB,4,08:10,29",1,-5,0:07,KO,4,08:17,LK34,FUMB,4,08:10,LK29,NA
2022_02_RF_LK,RF,LK,Rhein Fire,Leipzig Kings,6/11/2022,Dessau,Paul-Greifzu-Stadion,15:00,17:48,2:48,2250,25 C,NA,sunny,M. Scholz,E. Summer,M. Burzec,K. Haltermann,M. Zoladek,E. Christensen,K. Przybala,RF,1,10,LK29,"V,1,10,H29","20,1,166",{DRIVE}:08:10,RHEIN FIRE drive start at 08:10.,"V,1,10,H29",NA,08:10,NA,0,25,17,0,NA,20,V,RF,"FUMB,4,08:10,71","FG,4,05:48,69",4,-2,2:22,FUMB,4,08:10,LK29,FG,4,05:48,LK31,NA
2022_02_RF_LK,RF,LK,Rhein Fire,Leipzig Kings,6/11/2022,Dessau,Paul-Greifzu-Stadion,15:00,17:48,2:48,2250,25 C,NA,sunny,M. Scholz,E. Summer,M. Burzec,K. Haltermann,M. Zoladek,E. Christensen,K. Przybala,RF,1,10,LK29,"V,1,10,H29","20,2,167","RUSH:21,H20, TACK:49 PEN:V,OH,A,75,H34,N NOPLAY:","J. Aguemon rush for 9 yards to the LK20 (A.J. Wentland), PENALTY RF Offensive Holding (V. Hahn) 5 yards to the LK34, NO PLAY.","V,1,15,H34",penalty,NA,NA,0,25,17,0,NA,20,V,RF,"FUMB,4,08:10,71","FG,4,05:48,69",4,-2,2:22,FUMB,4,08:10,LK29,FG,4,05:48,LK31,NA
2022_02_RF_LK,RF,LK,Rhein Fire,Leipzig Kings,6/11/2022,Dessau,Paul-Greifzu-Stadion,15:00,17:48,2:48,2250,25 C,NA,sunny,M. Scholz,E. Summer,M. Burzec,K. Haltermann,M. Zoladek,E. Christensen,K. Przybala,RF,1,15,LK34,"V,1,15,H34","20,3,168","RUSH:21,H30, TACK:4",J. Aguemon rush for 4 yards to the LK30 (M. Tavarres).,"V,2,11,H30",rush,NA,NA,0,25,17,0,NA,20,V,RF,"FUMB,4,08:10,71","FG,4,05:48,69",4,-2,2:22,FUMB,4,08:10,LK29,FG,4,05:48,LK31,NA
2022_02_RF_LK,RF,LK,Rhein Fire,Leipzig Kings,6/11/2022,Dessau,Paul-Greifzu-Stadion,15:00,17:48,2:48,2250,25 C,NA,sunny,M. Scholz,E. Summer,M. Burzec,K. Haltermann,M. Zoladek,E. Christensen,K. Przybala,RF,2,11,LK30,"V,2,11,H30","20,4,169","PASS:11,C,6,H27 TACK:24",M. Adam pass complete to T. Knuettel for 3 yards to the LK27 (W. James).,"V,3,8,H27",pass,NA,NA,0,25,17,0,NA,20,V,RF,"FUMB,4,08:10,71","FG,4,05:48,69",4,-2,2:22,FUMB,4,08:10,LK29,FG,4,05:48,LK31,NA
2022_02_RF_LK,RF,LK,Rhein Fire,Leipzig Kings,6/11/2022,Dessau,Paul-Greifzu-Stadion,15:00,17:48,2:48,2250,25 C,NA,sunny,M. Scholz,E. Summer,M. Burzec,K. Haltermann,M. Zoladek,E. Christensen,K. Przybala,RF,3,8,LK27,"V,3,8,H27","20,5,170","RUSH:23,H31, TACK:4",D. Rennich rush for loss of 4 yards to the LK31 (M. Tavarres).,"V,4,12,H31",rush,NA,NA,0,25,17,0,NA,20,V,RF,"FUMB,4,08:10,71","FG,4,05:48,69",4,-2,2:22,FUMB,4,08:10,LK29,FG,4,05:48,LK31,NA
2022_02_RF_LK,RF,LK,Rhein Fire,Leipzig Kings,6/11/2022,Dessau,Paul-Greifzu-Stadion,15:00,17:48,2:48,2250,25 C,NA,sunny,M. Scholz,E. Summer,M. Burzec,K. Haltermann,M. Zoladek,E. Christensen,K. Przybala,RF,4,12,LK31,"V,4,12,H31","20,6,171","FGA:2,48,G T:05:48","D. Schuhmacher field goal attempt from 48 GOOD, clock 05:48.","V,1,0,V30",field_goal,05:48,NA,1,28,17,0,NA,20,V,RF,"FUMB,4,08:10,71","FG,4,05:48,69",4,-2,2:22,FUMB,4,08:10,LK29,FG,4,05:48,LK31,NA
2022_02_RF_LK,RF,LK,Rhein Fire,Leipzig Kings,6/11/2022,Dessau,Paul-Greifzu-Stadion,15:00,17:48,2:48,2250,25 C,NA,sunny,M. Scholz,E. Summer,M. Burzec,K. Haltermann,M. Zoladek,E. Christensen,K. Przybala,RF,1,0,RF30,"V,1,0,V30","20,7,172","KO:2,H07 RET:24,H33 TACK:52,22","D. Schuhmacher kickoff 63 yards to the LK7, W. James return 26 yards to the LK33 (L. Fiedler;O. Williams).","H,1,10,H33",kick_off,NA,NA,0,28,17,0,NA,20,V,RF,"FUMB,4,08:10,71","FG,4,05:48,69",4,-2,2:22,FUMB,4,08:10,LK29,FG,4,05:48,LK31,NA
2022_02_RF_LK,RF,LK,Rhein Fire,Leipzig Kings,6/11/2022,Dessau,Paul-Greifzu-Stadion,15:00,17:48,2:48,2250,25 C,NA,sunny,M. Scholz,E. Summer,M. Burzec,K. Haltermann,M. Zoladek,E. Christensen,K. Przybala,LK,1,10,LK33,"H,1,10,H33","21,1,173",{DRIVE}:05:39,LEIPZIG KINGS drive start at 05:39.,"H,1,10,H33",NA,05:39,NA,0,28,17,0,NA,21,H,LK,"KO,4,05:39,33","INT,4,03:23,62",9,29,2:16,KO,4,05:39,LK33,INT,4,03:23,RF38,NA
2022_02_RF_LK,RF,LK,Rhein Fire,Leipzig Kings,6/11/2022,Dessau,Paul-Greifzu-Stadion,15:00,17:48,2:48,2250,25 C,NA,sunny,M. Scholz,E. Summer,M. Burzec,K. Haltermann,M. Zoladek,E. Christensen,K. Przybala,LK,1,10,LK33,"H,1,10,H33","21,2,174","PASS:8,C,11,H39 TACK:45,7",J. Barlow pass complete to A. Dablé-Wolf for 6 yards to the LK39 (M. Pinter;T. Janssen).,"H,2,4,H39",pass,NA,NA,0,28,17,0,NA,21,H,LK,"KO,4,05:39,33","INT,4,03:23,62",9,29,2:16,KO,4,05:39,LK33,INT,4,03:23,RF38,NA
2022_02_RF_LK,RF,LK,Rhein Fire,Leipzig Kings,6/11/2022,Dessau,Paul-Greifzu-Stadion,15:00,17:48,2:48,2250,25 C,NA,sunny,M. Scholz,E. Summer,M. Burzec,K. Haltermann,M. Zoladek,E. Christensen,K. Przybala,LK,2,4,LK39,"H,2,4,H39","21,3,175","PASS:8,I,7,*",J. Barlow pass incomplete to S. Jones.,"H,3,4,H39",pass,NA,NA,0,28,17,0,NA,21,H,LK,"KO,4,05:39,33","INT,4,03:23,62",9,29,2:16,KO,4,05:39,LK33,INT,4,03:23,RF38,NA
2022_02_RF_LK,RF,LK,Rhein Fire,Leipzig Kings,6/11/2022,Dessau,Paul-Greifzu-Stadion,15:00,17:48,2:48,2250,25 C,NA,sunny,M. Scholz,E. Summer,M. Burzec,K. Haltermann,M. Zoladek,E. Christensen,K. Przybala,LK,3,4,LK39,"H,3,4,H39","21,4,176","PASS:8,C,7,H45 TACK:7","J. Barlow pass complete to S. Jones for 6 yards to the LK45, 1ST DOWN LK (T. Janssen).","H,1,10,H45",pass,NA,pass,0,28,17,0,NA,21,H,LK,"KO,4,05:39,33","INT,4,03:23,62",9,29,2:16,KO,4,05:39,LK33,INT,4,03:23,RF38,NA
2022_02_RF_LK,RF,LK,Rhein Fire,Leipzig Kings,6/11/2022,Dessau,Paul-Greifzu-Stadion,15:00,17:48,2:48,2250,25 C,NA,sunny,M. Scholz,E. Summer,M. Burzec,K. Haltermann,M. Zoladek,E. Christensen,K. Przybala,LK,1,10,LK45,"H,1,10,H45","21,5,177","PASS:8,I,22,*",J. Barlow pass incomplete to O. Bahr.,"H,2,10,H45",pass,NA,NA,0,28,17,0,NA,21,H,LK,"KO,4,05:39,33","INT,4,03:23,62",9,29,2:16,KO,4,05:39,LK33,INT,4,03:23,RF38,NA
2022_02_RF_LK,RF,LK,Rhein Fire,Leipzig Kings,6/11/2022,Dessau,Paul-Greifzu-Stadion,15:00,17:48,2:48,2250,25 C,NA,sunny,M. Scholz,E. Summer,M. Burzec,K. Haltermann,M. Zoladek,E. Christensen,K. Przybala,LK,2,10,LK45,"H,2,10,H45","21,6,178","PASS:8,C,7,V46 TACK:22",J. Barlow pass complete to S. Jones for 9 yards to the RF46 (O. Williams).,"H,3,1,V46",pass,NA,NA,0,28,17,0,NA,21,H,LK,"KO,4,05:39,33","INT,4,03:23,62",9,29,2:16,KO,4,05:39,LK33,INT,4,03:23,RF38,NA
2022_02_RF_LK,RF,LK,Rhein Fire,Leipzig Kings,6/11/2022,Dessau,Paul-Greifzu-Stadion,15:00,17:48,2:48,2250,25 C,NA,sunny,M. Scholz,E. Summer,M. Burzec,K. Haltermann,M. Zoladek,E. Christensen,K. Przybala,LK,3,1,RF46,"H,3,1,V46","21,7,179","RUSH:22,V41, TACK:45","O. Bahr rush for 5 yards to the RF41, 1ST DOWN LK (M. Pinter).","H,1,10,V41",rush,NA,rush,0,28,17,0,NA,21,H,LK,"KO,4,05:39,33","INT,4,03:23,62",9,29,2:16,KO,4,05:39,LK33,INT,4,03:23,RF38,NA
2022_02_RF_LK,RF,LK,Rhein Fire,Leipzig Kings,6/11/2022,Dessau,Paul-Greifzu-Stadion,15:00,17:48,2:48,2250,25 C,NA,sunny,M. Scholz,E. Summer,M. Burzec,K. Haltermann,M. Zoladek,E. Christensen,K. Przybala,LK,1,10,RF41,"H,1,10,V41","21,8,180","PASS:8,I,13,* BRUP:9",J. Barlow pass incomplete to A. Jallai (R. Grooten).,"H,2,10,V41",pass,NA,NA,0,28,17,0,NA,21,H,LK,"KO,4,05:39,33","INT,4,03:23,62",9,29,2:16,KO,4,05:39,LK33,INT,4,03:23,RF38,NA
2022_02_RF_LK,RF,LK,Rhein Fire,Leipzig Kings,6/11/2022,Dessau,Paul-Greifzu-Stadion,15:00,17:48,2:48,2250,25 C,NA,sunny,M. Scholz,E. Summer,M. Burzec,K. Haltermann,M. Zoladek,E. Christensen,K. Przybala,LK,2,10,RF41,"H,2,10,V41","21,9,181","RUSH:22,V38, TACK:96,95",O. Bahr rush for 3 yards to the RF38 (T. Owusu-Bediak;C. van Horn).,"H,3,7,V38",rush,NA,NA,0,28,17,0,NA,21,H,LK,"KO,4,05:39,33","INT,4,03:23,62",9,29,2:16,KO,4,05:39,LK33,INT,4,03:23,RF38,NA
2022_02_RF_LK,RF,LK,Rhein Fire,Leipzig Kings,6/11/2022,Dessau,Paul-Greifzu-Stadion,15:00,17:48,2:48,2250,25 C,NA,sunny,M. Scholz,E. Summer,M. Burzec,K. Haltermann,M. Zoladek,E. Christensen,K. Przybala,LK,3,7,RF38,"H,3,7,V38","21,10,182","PASS:8,X,29,V31 RET:29,V40 TACK:72","J. Barlow pass intercepted by R. Hanssen at the RF31, R. Hanssen return 9 yards to the RF40 (N. Schoenborn).","V,1,10,V40",pass,NA,NA,0,28,17,0,I,21,H,LK,"KO,4,05:39,33","INT,4,03:23,62",9,29,2:16,KO,4,05:39,LK33,INT,4,03:23,RF38,NA
2022_02_RF_LK,RF,LK,Rhein Fire,Leipzig Kings,6/11/2022,Dessau,Paul-Greifzu-Stadion,15:00,17:48,2:48,2250,25 C,NA,sunny,M. Scholz,E. Summer,M. Burzec,K. Haltermann,M. Zoladek,E. Christensen,K. Przybala,RF,1,10,RF40,"V,1,10,V40","22,1,183",{DRIVE}:03:23,RHEIN FIRE drive start at 03:23.,"V,1,10,V40",NA,03:23,NA,0,28,17,0,NA,22,V,RF,"INT,4,03:23,40","PUNT,4,02:20,45",3,5,1:03,INT,4,03:23,RF40,PUNT,4,02:20,RF45,NA
2022_02_RF_LK,RF,LK,Rhein Fire,Leipzig Kings,6/11/2022,Dessau,Paul-Greifzu-Stadion,15:00,17:48,2:48,2250,25 C,NA,sunny,M. Scholz,E. Summer,M. Burzec,K. Haltermann,M. Zoladek,E. Christensen,K. Przybala,RF,1,10,RF40,"V,1,10,V40","22,2,184","RUSH:11,V38, FUMB:V,V38,11","M. Adam rush for loss of 2 yards to the RF38, fumble by M. Adam recovered by RF M. Adam at RF38.","V,2,12,V38",rush,NA,NA,0,28,17,0,NA,22,V,RF,"INT,4,03:23,40","PUNT,4,02:20,45",3,5,1:03,INT,4,03:23,RF40,PUNT,4,02:20,RF45,NA
2022_02_RF_LK,RF,LK,Rhein Fire,Leipzig Kings,6/11/2022,Dessau,Paul-Greifzu-Stadion,15:00,17:48,2:48,2250,25 C,NA,sunny,M. Scholz,E. Summer,M. Burzec,K. Haltermann,M. Zoladek,E. Christensen,K. Przybala,RF,2,12,RF38,"V,2,12,V38","22,3,185","RUSH:23,V40, TACK:92",D. Rennich rush for 2 yards to the RF40 (A. Zetterberg).,"V,3,10,V40",rush,NA,NA,0,28,17,0,NA,22,V,RF,"INT,4,03:23,40","PUNT,4,02:20,45",3,5,1:03,INT,4,03:23,RF40,PUNT,4,02:20,RF45,NA
2022_02_RF_LK,RF,LK,Rhein Fire,Leipzig Kings,6/11/2022,Dessau,Paul-Greifzu-Stadion,15:00,17:48,2:48,2250,25 C,NA,sunny,M. Scholz,E. Summer,M. Burzec,K. Haltermann,M. Zoladek,E. Christensen,K. Przybala,RF,3,10,RF40,"V,3,10,V40","22,4,186",TOUT:H T:02:29,"Timeout Leipzig Kings, clock 02:29.","V,3,10,V40",NA,02:29,NA,0,28,17,0,NA,22,V,RF,"INT,4,03:23,40","PUNT,4,02:20,45",3,5,1:03,INT,4,03:23,RF40,PUNT,4,02:20,RF45,NA
2022_02_RF_LK,RF,LK,Rhein Fire,Leipzig Kings,6/11/2022,Dessau,Paul-Greifzu-Stadion,15:00,17:48,2:48,2250,25 C,NA,sunny,M. Scholz,E. Summer,M. Burzec,K. Haltermann,M. Zoladek,E. Christensen,K. Przybala,RF,3,10,RF40,"V,3,10,V40","22,5,187","RUSH:23,V45, TACK:92",D. Rennich rush for 5 yards to the RF45 (A. Zetterberg).,"V,4,5,V45",rush,NA,NA,0,28,17,0,NA,22,V,RF,"INT,4,03:23,40","PUNT,4,02:20,45",3,5,1:03,INT,4,03:23,RF40,PUNT,4,02:20,RF45,NA
2022_02_RF_LK,RF,LK,Rhein Fire,Leipzig Kings,6/11/2022,Dessau,Paul-Greifzu-Stadion,15:00,17:48,2:48,2250,25 C,NA,sunny,M. Scholz,E. Summer,M. Burzec,K. Haltermann,M. Zoladek,E. Christensen,K. Przybala,RF,4,5,RF45,"V,4,5,V45","22,6,188",TOUT:H T:02:25,"Timeout Leipzig Kings, clock 02:25.","V,4,5,V45",NA,02:25,NA,0,28,17,0,NA,22,V,RF,"INT,4,03:23,40","PUNT,4,02:20,45",3,5,1:03,INT,4,03:23,RF40,PUNT,4,02:20,RF45,NA
2022_02_RF_LK,RF,LK,Rhein Fire,Leipzig Kings,6/11/2022,Dessau,Paul-Greifzu-Stadion,15:00,17:48,2:48,2250,25 C,NA,sunny,M. Scholz,E. Summer,M. Burzec,K. Haltermann,M. Zoladek,E. Christensen,K. Przybala,RF,4,5,RF45,"V,4,5,V45","22,7,189","PUNT:14,H16 OB:","M. Eisenhut punt 39 yards to the LK16, out-of-bounds.","H,1,10,H16",punt,NA,NA,0,28,17,1,NA,22,V,RF,"INT,4,03:23,40","PUNT,4,02:20,45",3,5,1:03,INT,4,03:23,RF40,PUNT,4,02:20,RF45,NA
2022_02_RF_LK,RF,LK,Rhein Fire,Leipzig Kings,6/11/2022,Dessau,Paul-Greifzu-Stadion,15:00,17:48,2:48,2250,25 C,NA,sunny,M. Scholz,E. Summer,M. Burzec,K. Haltermann,M. Zoladek,E. Christensen,K. Przybala,LK,1,10,LK16,"H,1,10,H16","23,1,190",{DRIVE}:02:20,LEIPZIG KINGS drive start at 02:20.,"H,1,10,H16",NA,02:20,NA,0,28,17,0,NA,23,H,LK,"PUNT,4,02:20,16","INT,4,00:49,53",9,37,1:31,PUNT,4,02:20,LK16,INT,4,00:49,RF47,NA
2022_02_RF_LK,RF,LK,Rhein Fire,Leipzig Kings,6/11/2022,Dessau,Paul-Greifzu-Stadion,15:00,17:48,2:48,2250,25 C,NA,sunny,M. Scholz,E. Summer,M. Burzec,K. Haltermann,M. Zoladek,E. Christensen,K. Przybala,LK,1,10,LK16,"H,1,10,H16","23,2,191","RUSH:22,H17, TACK:96",O. Bahr rush for 1 yard to the LK17 (T. Owusu-Bediak).,"H,2,9,H17",rush,NA,NA,0,28,17,0,NA,23,H,LK,"PUNT,4,02:20,16","INT,4,00:49,53",9,37,1:31,PUNT,4,02:20,LK16,INT,4,00:49,RF47,NA
2022_02_RF_LK,RF,LK,Rhein Fire,Leipzig Kings,6/11/2022,Dessau,Paul-Greifzu-Stadion,15:00,17:48,2:48,2250,25 C,NA,sunny,M. Scholz,E. Summer,M. Burzec,K. Haltermann,M. Zoladek,E. Christensen,K. Przybala,LK,2,9,LK17,"H,2,9,H17","23,3,193","PASS:8,C,22,H22 OB:","J. Barlow pass complete to O. Bahr for 5 yards to the LK22, out-of-bounds.","H,3,4,H22",pass,NA,NA,0,28,17,1,NA,23,H,LK,"PUNT,4,02:20,16","INT,4,00:49,53",9,37,1:31,PUNT,4,02:20,LK16,INT,4,00:49,RF47,NA
2022_02_RF_LK,RF,LK,Rhein Fire,Leipzig Kings,6/11/2022,Dessau,Paul-Greifzu-Stadion,15:00,17:48,2:48,2250,25 C,NA,sunny,M. Scholz,E. Summer,M. Burzec,K. Haltermann,M. Zoladek,E. Christensen,K. Przybala,LK,3,4,LK22,"H,3,4,H22","23,4,194","PEN:H,FS,A,74,H17,N",PENALTY LK False Start (T. Bruetsch) 5 yards to the LK17.,"H,3,9,H17",penalty,NA,NA,0,28,17,0,NA,23,H,LK,"PUNT,4,02:20,16","INT,4,00:49,53",9,37,1:31,PUNT,4,02:20,LK16,INT,4,00:49,RF47,NA
2022_02_RF_LK,RF,LK,Rhein Fire,Leipzig Kings,6/11/2022,Dessau,Paul-Greifzu-Stadion,15:00,17:48,2:48,2250,25 C,NA,sunny,M. Scholz,E. Summer,M. Burzec,K. Haltermann,M. Zoladek,E. Christensen,K. Przybala,LK,3,9,LK17,"H,3,9,H17","23,5,195","PASS:8,I,22,*",J. Barlow pass incomplete to O. Bahr.,"H,4,9,H17",pass,NA,NA,0,28,17,0,NA,23,H,LK,"PUNT,4,02:20,16","INT,4,00:49,53",9,37,1:31,PUNT,4,02:20,LK16,INT,4,00:49,RF47,NA
2022_02_RF_LK,RF,LK,Rhein Fire,Leipzig Kings,6/11/2022,Dessau,Paul-Greifzu-Stadion,15:00,17:48,2:48,2250,25 C,NA,sunny,M. Scholz,E. Summer,M. Burzec,K. Haltermann,M. Zoladek,E. Christensen,K. Przybala,LK,4,9,LK17,"H,4,9,H17","23,6,196","QBH:V,41",QB hurry by A. Sobotta.,"H,4,9,H17",NA,NA,NA,0,28,17,0,NA,23,H,LK,"PUNT,4,02:20,16","INT,4,00:49,53",9,37,1:31,PUNT,4,02:20,LK16,INT,4,00:49,RF47,NA
2022_02_RF_LK,RF,LK,Rhein Fire,Leipzig Kings,6/11/2022,Dessau,Paul-Greifzu-Stadion,15:00,17:48,2:48,2250,25 C,NA,sunny,M. Scholz,E. Summer,M. Burzec,K. Haltermann,M. Zoladek,E. Christensen,K. Przybala,LK,4,9,LK17,"H,4,9,H17","23,7,197","PASS:8,C,11,H35 TACK:9","J. Barlow pass complete to A. Dablé-Wolf for 18 yards to the LK35, 1ST DOWN LK (R. Grooten).","H,1,10,H35",pass,NA,pass,0,28,17,0,NA,23,H,LK,"PUNT,4,02:20,16","INT,4,00:49,53",9,37,1:31,PUNT,4,02:20,LK16,INT,4,00:49,RF47,NA
2022_02_RF_LK,RF,LK,Rhein Fire,Leipzig Kings,6/11/2022,Dessau,Paul-Greifzu-Stadion,15:00,17:48,2:48,2250,25 C,NA,sunny,M. Scholz,E. Summer,M. Burzec,K. Haltermann,M. Zoladek,E. Christensen,K. Przybala,LK,1,10,LK35,"H,1,10,H35","23,8,198","PASS:8,C,11,H41 OB:","J. Barlow pass complete to A. Dablé-Wolf for 6 yards to the LK41, out-of-bounds.","H,2,4,H41",pass,NA,NA,0,28,17,1,NA,23,H,LK,"PUNT,4,02:20,16","INT,4,00:49,53",9,37,1:31,PUNT,4,02:20,LK16,INT,4,00:49,RF47,NA
2022_02_RF_LK,RF,LK,Rhein Fire,Leipzig Kings,6/11/2022,Dessau,Paul-Greifzu-Stadion,15:00,17:48,2:48,2250,25 C,NA,sunny,M. Scholz,E. Summer,M. Burzec,K. Haltermann,M. Zoladek,E. Christensen,K. Przybala,LK,2,4,LK41,"H,2,4,H41","23,9,199","PASS:8,C,7,V47 TACK:25","J. Barlow pass complete to S. Jones for 12 yards to the RF47, 1ST DOWN LK (L. Meyer).","H,1,10,V47",pass,NA,pass,0,28,17,0,NA,23,H,LK,"PUNT,4,02:20,16","INT,4,00:49,53",9,37,1:31,PUNT,4,02:20,LK16,INT,4,00:49,RF47,NA
2022_02_RF_LK,RF,LK,Rhein Fire,Leipzig Kings,6/11/2022,Dessau,Paul-Greifzu-Stadion,15:00,17:48,2:48,2250,25 C,NA,sunny,M. Scholz,E. Summer,M. Burzec,K. Haltermann,M. Zoladek,E. Christensen,K. Przybala,LK,1,10,RF47,"H,1,10,V47","23,10,200","PASS:8,I,TM,*",J. Barlow pass incomplete.,"H,2,10,V47",pass,NA,NA,0,28,17,0,NA,23,H,LK,"PUNT,4,02:20,16","INT,4,00:49,53",9,37,1:31,PUNT,4,02:20,LK16,INT,4,00:49,RF47,NA
2022_02_RF_LK,RF,LK,Rhein Fire,Leipzig Kings,6/11/2022,Dessau,Paul-Greifzu-Stadion,15:00,17:48,2:48,2250,25 C,NA,sunny,M. Scholz,E. Summer,M. Burzec,K. Haltermann,M. Zoladek,E. Christensen,K. Przybala,LK,2,10,RF47,"H,2,10,V47","23,11,202","PASS:8,I,16,* BRUP:25",J. Barlow pass incomplete to L. Kusterer (L. Meyer).,"H,3,10,V47",pass,NA,NA,0,28,17,0,NA,23,H,LK,"PUNT,4,02:20,16","INT,4,00:49,53",9,37,1:31,PUNT,4,02:20,LK16,INT,4,00:49,RF47,NA
2022_02_RF_LK,RF,LK,Rhein Fire,Leipzig Kings,6/11/2022,Dessau,Paul-Greifzu-Stadion,15:00,17:48,2:48,2250,25 C,NA,sunny,M. Scholz,E. Summer,M. Burzec,K. Haltermann,M. Zoladek,E. Christensen,K. Przybala,LK,3,10,RF47,"H,3,10,V47","23,12,203","PASS:8,X,25,V36 RET:25,V36 TACK:7","J. Barlow pass intercepted by L. Meyer at the RF36, L. Meyer return 0 yards to the RF36 (S. Jones).","V,1,10,V36",pass,NA,NA,0,28,17,0,I,23,H,LK,"PUNT,4,02:20,16","INT,4,00:49,53",9,37,1:31,PUNT,4,02:20,LK16,INT,4,00:49,RF47,NA
2022_02_RF_LK,RF,LK,Rhein Fire,Leipzig Kings,6/11/2022,Dessau,Paul-Greifzu-Stadion,15:00,17:48,2:48,2250,25 C,NA,sunny,M. Scholz,E. Summer,M. Burzec,K. Haltermann,M. Zoladek,E. Christensen,K. Przybala,RF,1,10,RF36,"V,1,10,V36","24,1,204",{DRIVE}:00:49,RHEIN FIRE drive start at 00:49.,"V,1,10,V36",NA,00:49,NA,0,28,17,0,NA,24,V,RF,"INT,4,00:49,36","HALF,4,00:00,34",2,-2,0:49,INT,4,00:49,RF36,HALF,4,00:00,RF34,NA
2022_02_RF_LK,RF,LK,Rhein Fire,Leipzig Kings,6/11/2022,Dessau,Paul-Greifzu-Stadion,15:00,17:48,2:48,2250,25 C,NA,sunny,M. Scholz,E. Summer,M. Burzec,K. Haltermann,M. Zoladek,E. Christensen,K. Przybala,RF,1,10,RF36,"V,1,10,V36","24,2,205","RUSH:11,V35,",M. Adam rush for loss of 1 yard to the RF35.,"V,2,11,V35",rush,NA,NA,0,28,17,0,NA,24,V,RF,"INT,4,00:49,36","HALF,4,00:00,34",2,-2,0:49,INT,4,00:49,RF36,HALF,4,00:00,RF34,NA
2022_02_RF_LK,RF,LK,Rhein Fire,Leipzig Kings,6/11/2022,Dessau,Paul-Greifzu-Stadion,15:00,17:48,2:48,2250,25 C,NA,sunny,M. Scholz,E. Summer,M. Burzec,K. Haltermann,M. Zoladek,E. Christensen,K. Przybala,RF,2,11,RF35,"V,2,11,V35","24,3,207","RUSH:11,V34,",M. Adam rush for loss of 1 yard to the RF34.,"V,3,12,V34",rush,NA,NA,0,28,17,0,NA,24,V,RF,"INT,4,00:49,36","HALF,4,00:00,34",2,-2,0:49,INT,4,00:49,RF36,HALF,4,00:00,RF34,NA
2022_02_RF_LK,RF,LK,Rhein Fire,Leipzig Kings,6/11/2022,Dessau,Paul-Greifzu-Stadion,15:00,17:48,2:48,2250,25 C,NA,sunny,M. Scholz,E. Summer,M. Burzec,K. Haltermann,M. Zoladek,E. Christensen,K. Przybala,RF,3,12,RF34,"V,3,12,V34","24,4,209",HALF: T:00:00,"End of game, clock 00:00.","V,3,12,V34",NA,00:00,NA,0,28,17,0,NA,24,V,RF,"INT,4,00:49,36","HALF,4,00:00,34",2,-2,0:49,INT,4,00:49,RF36,HALF,4,00:00,RF34,NA
