game_id,away_team_id,home_team_id,away_team,home_team,date,location,stadium,start,end,leaguegame,duration,attend,temp,wind,weather,ref,ump,lj,bj,fj,sj,posteam,down,togo,spot,context,play_id,tokens,desc,newcontext,play_type,first_down_with,score,away_score_post,home_score_post,clock,oob,turnover,drive_number,drive_vh,drive_team,drive_start,drive_end,drive_plays,drive_yards,drive_top,drive_start_how,drive_start_qtr,drive_start_time,drive_start_spot,drive_end_how,drive_end_qtr,drive_end_time,drive_end_spot,drive_rz
2022_01_BT_HD,BT,HD,Berlin Thunder,Hamburg Sea Devils,6/5/2022,Hamburg,Stadion Hoheluft,15:00,17:48,Y,02:48,4936,23 degr.,SE,mostly sunny,F Kristensen,M. Kattillus,K. Haltermann,J. Ford-Banist.,M. Hoffmann,R. Krahl,BT,1,10,BT30,"V,1,10,V30","0,1,0","CMT:BT win Coin Toss, BT elect to receive","BT win Coin Toss, BT elect to receive","V,1,10,V30",NA,NA,0,0,0,NA,0,NA,0,NA,NA,NA,NA,NA,NA,NA,NA,NA,NA,NA,NA,NA,NA,NA,NA
2022_01_BT_HD,BT,HD,Berlin Thunder,Hamburg Sea Devils,6/5/2022,Hamburg,Stadion Hoheluft,15:00,17:48,Y,02:48,4936,23 degr.,SE,mostly sunny,F Kristensen,M. Kattillus,K. Haltermann,J. Ford-Banist.,M. Hoffmann,R. Krahl,BT,1,10,BT30,"V,1,10,V30","0,2,2","SPOT:H,H30,N",HD ball on HD30.,"H,1,10,H30",NA,NA,0,0,0,NA,0,NA,0,NA,NA,NA,NA,NA,NA,NA,NA,NA,NA,NA,NA,NA,NA,NA,NA
2022_01_BT_HD,BT,HD,Berlin Thunder,Hamburg Sea Devils,6/5/2022,Hamburg,Stadion Hoheluft,15:00,17:48,Y,02:48,4936,23 degr.,SE,mostly sunny,F Kristensen,M. Kattillus,K. Haltermann,J. Ford-Banist.,M. Hoffmann,R. Krahl,HD,1,10,HD30,"H,1,10,H30","0,3,3","KO:8,V09 RET:22,V27 TACK:16","E. Schlomm kickoff 61 yards to the BT9, A. Wiesigstrauc return 18 yards to the BT27 (L. Jordan II).","V,1,10,V27",kick_off,NA,0,0,0,NA,0,NA,0,NA,NA,NA,NA,NA,NA,NA,NA,NA,NA,NA,NA,NA,NA,NA,NA
2022_01_BT_HD,BT,HD,Berlin Thunder,Hamburg Sea Devils,6/5/2022,Hamburg,Stadion Hoheluft,15:00,17:48,Y,02:48,4936,23 degr.,SE,mostly sunny,F Kristensen,M. Kattillus,K. Haltermann,J. Ford-Banist.,M. Hoffmann,R. Krahl,BT,1,10,BT27,"V,1,10,V27","1,1,4","PASS:9,C,85,V35 TACK:3,52",J. Germinerio pass complete to N. Schumann for 8 yards to the BT35 (M. Boock;A. Mati).,"V,2,2,V35",pass,NA,0,0,0,NA,0,NA,1,V,BT,"KO,1,15:00,27","FG,1,09:10,96",8,69,5:50,KO,1,15:00,BT27,FG,1,09:10,HD04,1
2022_01_BT_HD,BT,HD,Berlin Thunder,Hamburg Sea Devils,6/5/2022,Hamburg,Stadion Hoheluft,15:00,17:48,Y,02:48,4936,23 degr.,SE,mostly sunny,F Kristensen,M. Kattillus,K. Haltermann,J. Ford-Banist.,M. Hoffmann,R. Krahl,BT,2,2,BT35,"V,2,2,V35","1,2,5","RUSH:1,V40, TACK:95 PEN:H,OS,A,76,V40,N NOPLAY:","J. Crawford rush for 5 yards to the BT40 (E. Yeboah), PENALTY HD Offensive Offside (76) 5 yards to the BT40, 1ST DOWN BT, NO PLAY.","V,1,10,V40",penalty,penalty,0,0,0,NA,0,NA,1,V,BT,"KO,1,15:00,27","FG,1,09:10,96",8,69,5:50,KO,1,15:00,BT27,FG,1,09:10,HD04,1
2022_01_BT_HD,BT,HD,Berlin Thunder,Hamburg Sea Devils,6/5/2022,Hamburg,Stadion Hoheluft,15:00,17:48,Y,02:48,4936,23 degr.,SE,mostly sunny,F Kristensen,M. Kattillus,K. Haltermann,J. Ford-Banist.,M. Hoffmann,R. Krahl,BT,1,10,BT40,"V,1,10,V40","1,3,6","PASS:9,C,17,V41 TACK:96",J. Germinerio pass complete to E. Drossard for 1 yard to the BT41 (T. Haenni).,"V,2,9,V41",pass,NA,0,0,0,NA,0,NA,1,V,BT,"KO,1,15:00,27","FG,1,09:10,96",8,69,5:50,KO,1,15:00,BT27,FG,1,09:10,HD04,1
2022_01_BT_HD,BT,HD,Berlin Thunder,Hamburg Sea Devils,6/5/2022,Hamburg,Stadion Hoheluft,15:00,17:48,Y,02:48,4936,23 degr.,SE,mostly sunny,F Kristensen,M. Kattillus,K. Haltermann,J. Ford-Banist.,M. Hoffmann,R. Krahl,BT,2,9,BT41,"V,2,9,V41","1,4,7","PASS:9,C,7,H10 TACK:23","J. Germinerio pass complete to R. Wilzeck for 49 yards to the HD10, 1ST DOWN BT (J. Rogers).","V,1,0,H10",pass,pass,0,0,0,NA,0,NA,1,V,BT,"KO,1,15:00,27","FG,1,09:10,96",8,69,5:50,KO,1,15:00,BT27,FG,1,09:10,HD04,1
2022_01_BT_HD,BT,HD,Berlin Thunder,Hamburg Sea Devils,6/5/2022,Hamburg,Stadion Hoheluft,15:00,17:48,Y,02:48,4936,23 degr.,SE,mostly sunny,F Kristensen,M. Kattillus,K. Haltermann,J. Ford-Banist.,M. Hoffmann,R. Krahl,BT,1,0,HD10,"V,1,0,H10","1,5,8","RUSH:1,H08, TACK:95,99",J. Crawford rush for 2 yards to the HD8 (E. Yeboah;N. Imasuen).,"V,2,0,H08",rush,NA,0,0,0,NA,0,NA,1,V,BT,"KO,1,15:00,27","FG,1,09:10,96",8,69,5:50,KO,1,15:00,BT27,FG,1,09:10,HD04,1
2022_01_BT_HD,BT,HD,Berlin Thunder,Hamburg Sea Devils,6/5/2022,Hamburg,Stadion Hoheluft,15:00,17:48,Y,02:48,4936,23 degr.,SE,mostly sunny,F Kristensen,M. Kattillus,K. Haltermann,J. Ford-Banist.,M. Hoffmann,R. Krahl,BT,2,0,HD08,"V,2,0,H08","1,6,9","PEN:V,DG,A,9,H13,N",PENALTY BT Delay of Game (J. Germinerio) 5 yards to the HD13.,"V,2,0,H13",penalty,NA,0,0,0,NA,0,NA,1,V,BT,"KO,1,15:00,27","FG,1,09:10,96",8,69,5:50,KO,1,15:00,BT27,FG,1,09:10,HD04,1
2022_01_BT_HD,BT,HD,Berlin Thunder,Hamburg Sea Devils,6/5/2022,Hamburg,Stadion Hoheluft,15:00,17:48,Y,02:48,4936,23 degr.,SE,mostly sunny,F Kristensen,M. Kattillus,K. Haltermann,J. Ford-Banist.,M. Hoffmann,R. Krahl,BT,2,0,HD13,"V,2,0,H13","1,7,10","PEN:H,IC,A,25,H08,1","PENALTY HD Illegal Contact (D. Brown Jr.) 5 yards to the HD8, 1ST DOWN BT.","V,1,0,H08",penalty,penalty,0,0,0,NA,0,NA,1,V,BT,"KO,1,15:00,27","FG,1,09:10,96",8,69,5:50,KO,1,15:00,BT27,FG,1,09:10,HD04,1
2022_01_BT_HD,BT,HD,Berlin Thunder,Hamburg Sea Devils,6/5/2022,Hamburg,Stadion Hoheluft,15:00,17:48,Y,02:48,4936,23 degr.,SE,mostly sunny,F Kristensen,M. Kattillus,K. Haltermann,J. Ford-Banist.,M. Hoffmann,R. Krahl,BT,1,0,HD08,"V,1,0,H08","1,8,11","RUSH:1,H05, TACK:91",J. Crawford rush for 3 yards to the HD5 (K. Edebali).,"V,2,0,H05",rush,NA,0,0,0,NA,0,NA,1,V,BT,"KO,1,15:00,27","FG,1,09:10,96",8,69,5:50,KO,1,15:00,BT27,FG,1,09:10,HD04,1
2022_01_BT_HD,BT,HD,Berlin Thunder,Hamburg Sea Devils,6/5/2022,Hamburg,Stadion Hoheluft,15:00,17:48,Y,02:48,4936,23 degr.,SE,mostly sunny,F Kristensen,M. Kattillus,K. Haltermann,J. Ford-Banist.,M. Hoffmann,R. Krahl,BT,2,0,HD05,"V,2,0,H05","1,9,12","RUSH:9,H04, TACK:95",J. Germinerio rush for 1 yard to the HD4 (E. Yeboah).,"V,3,0,H04",rush,NA,0,0,0,NA,0,NA,1,V,BT,"KO,1,15:00,27","FG,1,09:10,96",8,69,5:50,KO,1,15:00,BT27,FG,1,09:10,HD04,1
2022_01_BT_HD,BT,HD,Berlin Thunder,Hamburg Sea Devils,6/5/2022,Hamburg,Stadion Hoheluft,15:00,17:48,Y,02:48,4936,23 degr.,SE,mostly sunny,F Kristensen,M. Kattillus,K. Haltermann,J. Ford-Banist.,M. Hoffmann,R. Krahl,BT,3,0,HD04,"V,3,0,H04","1,10,13","PASS:9,I,17,*",J. Germinerio pass incomplete to E. Drossard.,"V,4,0,H04",pass,NA,0,0,0,NA,0,NA,1,V,BT,"KO,1,15:00,27","FG,1,09:10,96",8,69,5:50,KO,1,15:00,BT27,FG,1,09:10,HD04,1
2022_01_BT_HD,BT,HD,Berlin Thunder,Hamburg Sea Devils,6/5/2022,Hamburg,Stadion Hoheluft,15:00,17:48,Y,02:48,4936,23 degr.,SE,mostly sunny,F Kristensen,M. Kattillus,K. Haltermann,J. Ford-Banist.,M. Hoffmann,R. Krahl,BT,4,0,HD04,"V,4,0,H04","1,11,14","FGA:26,21,G T:09:10","J. Schenderlein field goal attempt from 21 GOOD, clock 09:10.","V,1,0,V30",field_goal,NA,1,3,0,09:10,0,NA,1,V,BT,"KO,1,15:00,27","FG,1,09:10,96",8,69,5:50,KO,1,15:00,BT27,FG,1,09:10,HD04,1
2022_01_BT_HD,BT,HD,Berlin Thunder,Hamburg Sea Devils,6/5/2022,Hamburg,Stadion Hoheluft,15:00,17:48,Y,02:48,4936,23 degr.,SE,mostly sunny,F Kristensen,M. Kattillus,K. Haltermann,J. Ford-Banist.,M. Hoffmann,R. Krahl,BT,1,0,BT30,"V,1,0,V30","1,12,15","KO:26,H11 RET:23,H41 TACK:30","J. Schenderlein kickoff 59 yards to the HD11, J. Rogers return 30 yards to the HD41 (L. Myr√©n).","H,1,10,H41",kick_off,NA,0,3,0,NA,0,NA,1,V,BT,"KO,1,15:00,27","FG,1,09:10,96",8,69,5:50,KO,1,15:00,BT27,FG,1,09:10,HD04,1
2022_01_BT_HD,BT,HD,Berlin Thunder,Hamburg Sea Devils,6/5/2022,Hamburg,Stadion Hoheluft,15:00,17:48,Y,02:48,4936,23 degr.,SE,mostly sunny,F Kristensen,M. Kattillus,K. Haltermann,J. Ford-Banist.,M. Hoffmann,R. Krahl,HD,1,10,HD41,"H,1,10,H41","2,1,16",{DRIVE}:09:10,HAMBURG SEA DEVILS drive start at 09:10.,"H,1,10,H41",NA,NA,0,3,0,09:10,0,NA,2,H,HD,"KO,1,09:10,41","DOWNS,1,05:52,72",8,31,3:18,KO,1,09:10,HD41,DOWNS,1,05:52,BT28,NA
2022_01_BT_HD,BT,HD,Berlin Thunder,Hamburg Sea Devils,6/5/2022,Hamburg,Stadion Hoheluft,15:00,17:48,Y,02:48,4936,23 degr.,SE,mostly sunny,F Kristensen,M. Kattillus,K. Haltermann,J. Ford-Banist.,M. Hoffmann,R. Krahl,HD,1,10,HD41,"H,1,10,H41","2,2,17","PASS:1,C,5,V47 TACK:15,21","S. Ceesay pass complete to J. Constant for 12 yards to the BT47, 1ST DOWN HD (M. Thiele;A. Kilani).","H,1,10,V47",pass,pass,0,3,0,NA,0,NA,2,H,HD,"KO,1,09:10,41","DOWNS,1,05:52,72",8,31,3:18,KO,1,09:10,HD41,DOWNS,1,05:52,BT28,NA
2022_01_BT_HD,BT,HD,Berlin Thunder,Hamburg Sea Devils,6/5/2022,Hamburg,Stadion Hoheluft,15:00,17:48,Y,02:48,4936,23 degr.,SE,mostly sunny,F Kristensen,M. Kattillus,K. Haltermann,J. Ford-Banist.,M. Hoffmann,R. Krahl,HD,1,10,BT47,"H,1,10,V47","2,3,18","RUSH:7,V46, TACK:45",G. Toonga rush for 1 yard to the BT46 (K. Kitchens).,"H,2,9,V46",rush,NA,0,3,0,NA,0,NA,2,H,HD,"KO,1,09:10,41","DOWNS,1,05:52,72",8,31,3:18,KO,1,09:10,HD41,DOWNS,1,05:52,BT28,NA
2022_01_BT_HD,BT,HD,Berlin Thunder,Hamburg Sea Devils,6/5/2022,Hamburg,Stadion Hoheluft,15:00,17:48,Y,02:48,4936,23 degr.,SE,mostly sunny,F Kristensen,M. Kattillus,K. Haltermann,J. Ford-Banist.,M. Hoffmann,R. Krahl,HD,2,9,BT46,"H,2,9,V46","2,4,19","PASS:1,C,10,V42 TACK:8",S. Ceesay pass complete to J. Madin Cerezo for 4 yards to the BT42 (P. Seifert).,"H,3,5,V42",pass,NA,0,3,0,NA,0,NA,2,H,HD,"KO,1,09:10,41","DOWNS,1,05:52,72",8,31,3:18,KO,1,09:10,HD41,DOWNS,1,05:52,BT28,NA
2022_01_BT_HD,BT,HD,Berlin Thunder,Hamburg Sea Devils,6/5/2022,Hamburg,Stadion Hoheluft,15:00,17:48,Y,02:48,4936,23 degr.,SE,mostly sunny,F Kristensen,M. Kattillus,K. Haltermann,J. Ford-Banist.,M. Hoffmann,R. Krahl,HD,3,5,BT42,"H,3,5,V42","2,5,20","RUSH:1,V34, TACK:15","S. Ceesay rush for 8 yards to the BT34, 1ST DOWN HD (M. Thiele).","H,1,10,V34",rush,rush,0,3,0,NA,0,NA,2,H,HD,"KO,1,09:10,41","DOWNS,1,05:52,72",8,31,3:18,KO,1,09:10,HD41,DOWNS,1,05:52,BT28,NA
2022_01_BT_HD,BT,HD,Berlin Thunder,Hamburg Sea Devils,6/5/2022,Hamburg,Stadion Hoheluft,15:00,17:48,Y,02:48,4936,23 degr.,SE,mostly sunny,F Kristensen,M. Kattillus,K. Haltermann,J. Ford-Banist.,M. Hoffmann,R. Krahl,HD,1,10,BT34,"H,1,10,V34","2,6,21","PASS:1,C,2,V29 TACK:20",S. Ceesay pass complete to T. Nill for 5 yards to the BT29 (R. Kendall).,"H,2,5,V29",pass,NA,0,3,0,NA,0,NA,2,H,HD,"KO,1,09:10,41","DOWNS,1,05:52,72",8,31,3:18,KO,1,09:10,HD41,DOWNS,1,05:52,BT28,NA
2022_01_BT_HD,BT,HD,Berlin Thunder,Hamburg Sea Devils,6/5/2022,Hamburg,Stadion Hoheluft,15:00,17:48,Y,02:48,4936,23 degr.,SE,mostly sunny,F Kristensen,M. Kattillus,K. Haltermann,J. Ford-Banist.,M. Hoffmann,R. Krahl,HD,2,5,BT29,"H,2,5,V29","2,7,22","RUSH:7,V26, TACK:2",G. Toonga rush for 3 yards to the BT26 (S. Zeregbe).,"H,3,2,V26",rush,NA,0,3,0,NA,0,NA,2,H,HD,"KO,1,09:10,41","DOWNS,1,05:52,72",8,31,3:18,KO,1,09:10,HD41,DOWNS,1,05:52,BT28,NA
2022_01_BT_HD,BT,HD,Berlin Thunder,Hamburg Sea Devils,6/5/2022,Hamburg,Stadion Hoheluft,15:00,17:48,Y,02:48,4936,23 degr.,SE,mostly sunny,F Kristensen,M. Kattillus,K. Haltermann,J. Ford-Banist.,M. Hoffmann,R. Krahl,HD,3,2,BT26,"H,3,2,V26","2,8,23","RUSH:1,V25, TACK:20",S. Ceesay rush for 1 yard to the BT25 (R. Kendall).,"H,4,1,V25",rush,NA,0,3,0,NA,0,NA,2,H,HD,"KO,1,09:10,41","DOWNS,1,05:52,72",8,31,3:18,KO,1,09:10,HD41,DOWNS,1,05:52,BT28,NA
2022_01_BT_HD,BT,HD,Berlin Thunder,Hamburg Sea Devils,6/5/2022,Hamburg,Stadion Hoheluft,15:00,17:48,Y,02:48,4936,23 degr.,SE,mostly sunny,F Kristensen,M. Kattillus,K. Haltermann,J. Ford-Banist.,M. Hoffmann,R. Krahl,HD,4,1,BT25,"H,4,1,V25","2,9,24","RUSH:45,V28,",J. Sarfo rush for loss of 3 yards to the BT28.,"V,1,10,V28",rush,NA,0,3,0,NA,0,NA,2,H,HD,"KO,1,09:10,41","DOWNS,1,05:52,72",8,31,3:18,KO,1,09:10,HD41,DOWNS,1,05:52,BT28,NA
2022_01_BT_HD,BT,HD,Berlin Thunder,Hamburg Sea Devils,6/5/2022,Hamburg,Stadion Hoheluft,15:00,17:48,Y,02:48,4936,23 degr.,SE,mostly sunny,F Kristensen,M. Kattillus,K. Haltermann,J. Ford-Banist.,M. Hoffmann,R. Krahl,BT,1,10,BT28,"V,1,10,V28","3,1,25",{DRIVE}:05:52,BERLIN THUNDER drive start at 05:52.,"V,1,10,V28",NA,NA,0,3,0,05:52,0,NA,3,V,BT,"DOWNS,1,05:52,28","PUNT,1,04:20,29",3,1,1:32,DOWNS,1,05:52,BT28,PUNT,1,04:20,BT29,NA
2022_01_BT_HD,BT,HD,Berlin Thunder,Hamburg Sea Devils,6/5/2022,Hamburg,Stadion Hoheluft,15:00,17:48,Y,02:48,4936,23 degr.,SE,mostly sunny,F Kristensen,M. Kattillus,K. Haltermann,J. Ford-Banist.,M. Hoffmann,R. Krahl,BT,1,10,BT28,"V,1,10,V28","3,2,26","PASS:9,I,11,*",J. Germinerio pass incomplete to B. Zerbe.,"V,2,10,V28",pass,NA,0,3,0,NA,0,NA,3,V,BT,"DOWNS,1,05:52,28","PUNT,1,04:20,29",3,1,1:32,DOWNS,1,05:52,BT28,PUNT,1,04:20,BT29,NA
2022_01_BT_HD,BT,HD,Berlin Thunder,Hamburg Sea Devils,6/5/2022,Hamburg,Stadion Hoheluft,15:00,17:48,Y,02:48,4936,23 degr.,SE,mostly sunny,F Kristensen,M. Kattillus,K. Haltermann,J. Ford-Banist.,M. Hoffmann,R. Krahl,BT,2,10,BT28,"V,2,10,V28","3,3,27","RUSH:1,V29, TACK:57,98",J. Crawford rush for 1 yard to the BT29 (D. Laporte;H. Awuah).,"V,3,9,V29",rush,NA,0,3,0,NA,0,NA,3,V,BT,"DOWNS,1,05:52,28","PUNT,1,04:20,29",3,1,1:32,DOWNS,1,05:52,BT28,PUNT,1,04:20,BT29,NA
2022_01_BT_HD,BT,HD,Berlin Thunder,Hamburg Sea Devils,6/5/2022,Hamburg,Stadion Hoheluft,15:00,17:48,Y,02:48,4936,23 degr.,SE,mostly sunny,F Kristensen,M. Kattillus,K. Haltermann,J. Ford-Banist.,M. Hoffmann,R. Krahl,BT,3,9,BT29,"V,3,9,V29","3,4,28","PASS:9,I,7,* BRUP:15",J. Germinerio pass incomplete to R. Wilzeck (K. Fortes).,"V,4,9,V29",pass,NA,0,3,0,NA,0,NA,3,V,BT,"DOWNS,1,05:52,28","PUNT,1,04:20,29",3,1,1:32,DOWNS,1,05:52,BT28,PUNT,1,04:20,BT29,NA
2022_01_BT_HD,BT,HD,Berlin Thunder,Hamburg Sea Devils,6/5/2022,Hamburg,Stadion Hoheluft,15:00,17:48,Y,02:48,4936,23 degr.,SE,mostly sunny,F Kristensen,M. Kattillus,K. Haltermann,J. Ford-Banist.,M. Hoffmann,R. Krahl,BT,4,9,BT29,"V,4,9,V29","3,5,29","PUNT:26,H45 OB:","J. Schenderlein punt 26 yards to the HD45, out-of-bounds.","H,1,10,H45",punt,NA,0,3,0,NA,1,NA,3,V,BT,"DOWNS,1,05:52,28","PUNT,1,04:20,29",3,1,1:32,DOWNS,1,05:52,BT28,PUNT,1,04:20,BT29,NA
2022_01_BT_HD,BT,HD,Berlin Thunder,Hamburg Sea Devils,6/5/2022,Hamburg,Stadion Hoheluft,15:00,17:48,Y,02:48,4936,23 degr.,SE,mostly sunny,F Kristensen,M. Kattillus,K. Haltermann,J. Ford-Banist.,M. Hoffmann,R. Krahl,HD,1,10,HD45,"H,1,10,H45","4,1,30",{DRIVE}:04:20,HAMBURG SEA DEVILS drive start at 04:20.,"H,1,10,H45",NA,NA,0,3,0,04:20,0,NA,4,H,HD,"PUNT,1,04:20,45","PUNT,1,03:11,41",3,-4,1:09,PUNT,1,04:20,HD45,PUNT,1,03:11,HD41,NA
2022_01_BT_HD,BT,HD,Berlin Thunder,Hamburg Sea Devils,6/5/2022,Hamburg,Stadion Hoheluft,15:00,17:48,Y,02:48,4936,23 degr.,SE,mostly sunny,F Kristensen,M. Kattillus,K. Haltermann,J. Ford-Banist.,M. Hoffmann,R. Krahl,HD,1,10,HD45,"H,1,10,H45","4,2,31","RUSH:20,H47, TACK:92,45",G. Ameln rush for 2 yards to the HD47 (T. Hiller;K. Kitchens).,"H,2,8,H47",rush,NA,0,3,0,NA,0,NA,4,H,HD,"PUNT,1,04:20,45","PUNT,1,03:11,41",3,-4,1:09,PUNT,1,04:20,HD45,PUNT,1,03:11,HD41,NA
2022_01_BT_HD,BT,HD,Berlin Thunder,Hamburg Sea Devils,6/5/2022,Hamburg,Stadion Hoheluft,15:00,17:48,Y,02:48,4936,23 degr.,SE,mostly sunny,F Kristensen,M. Kattillus,K. Haltermann,J. Ford-Banist.,M. Hoffmann,R. Krahl,HD,2,8,HD47,"H,2,8,H47","4,3,32","RUSH:20,V49, TACK:97",G. Ameln rush for 4 yards to the BT49 (K. Wagner).,"H,3,4,V49",rush,NA,0,3,0,NA,0,NA,4,H,HD,"PUNT,1,04:20,45","PUNT,1,03:11,41",3,-4,1:09,PUNT,1,04:20,HD45,PUNT,1,03:11,HD41,NA
2022_01_BT_HD,BT,HD,Berlin Thunder,Hamburg Sea Devils,6/5/2022,Hamburg,Stadion Hoheluft,15:00,17:48,Y,02:48,4936,23 degr.,SE,mostly sunny,F Kristensen,M. Kattillus,K. Haltermann,J. Ford-Banist.,M. Hoffmann,R. Krahl,HD,3,4,BT49,"H,3,4,V49","4,4,33","PASS:1,S,TM,H41 SACK:45",S. Ceesay sacked for loss of 10 yards to the HD41 (K. Kitchens).,"H,4,14,H41",pass,NA,0,3,0,NA,0,NA,4,H,HD,"PUNT,1,04:20,45","PUNT,1,03:11,41",3,-4,1:09,PUNT,1,04:20,HD45,PUNT,1,03:11,HD41,NA
2022_01_BT_HD,BT,HD,Berlin Thunder,Hamburg Sea Devils,6/5/2022,Hamburg,Stadion Hoheluft,15:00,17:48,Y,02:48,4936,23 degr.,SE,mostly sunny,F Kristensen,M. Kattillus,K. Haltermann,J. Ford-Banist.,M. Hoffmann,R. Krahl,HD,4,14,HD41,"H,4,14,H41","4,5,34","PUNT:8,V20 FC:21 T:03:11","E. Schlomm punt 39 yards to the BT20, fair catch by A. Kilani, clock 03:11.","V,1,10,V20",punt,NA,0,3,0,03:11,0,NA,4,H,HD,"PUNT,1,04:20,45","PUNT,1,03:11,41",3,-4,1:09,PUNT,1,04:20,HD45,PUNT,1,03:11,HD41,NA
2022_01_BT_HD,BT,HD,Berlin Thunder,Hamburg Sea Devils,6/5/2022,Hamburg,Stadion Hoheluft,15:00,17:48,Y,02:48,4936,23 degr.,SE,mostly sunny,F Kristensen,M. Kattillus,K. Haltermann,J. Ford-Banist.,M. Hoffmann,R. Krahl,BT,1,10,BT20,"V,1,10,V20","5,1,35","PASS:9,C,17,V22 TACK:27,3",J. Germinerio pass complete to E. Drossard for 2 yards to the BT22 (L. Mueller;M. Boock).,"V,2,8,V22",pass,NA,0,3,0,NA,0,NA,5,V,BT,"PUNT,1,03:11,20","FUMB,1,00:59,11",3,-9,2:12,PUNT,1,03:11,BT20,FUMB,1,00:59,BT11,NA
2022_01_BT_HD,BT,HD,Berlin Thunder,Hamburg Sea Devils,6/5/2022,Hamburg,Stadion Hoheluft,15:00,17:48,Y,02:48,4936,23 degr.,SE,mostly sunny,F Kristensen,M. Kattillus,K. Haltermann,J. Ford-Banist.,M. Hoffmann,R. Krahl,BT,2,8,BT22,"V,2,8,V22","5,2,36","RUSH:1,V24, TACK:96",J. Crawford rush for 2 yards to the BT24 (T. Haenni).,"V,3,6,V24",rush,NA,0,3,0,NA,0,NA,5,V,BT,"PUNT,1,03:11,20","FUMB,1,00:59,11",3,-9,2:12,PUNT,1,03:11,BT20,FUMB,1,00:59,BT11,NA
2022_01_BT_HD,BT,HD,Berlin Thunder,Hamburg Sea Devils,6/5/2022,Hamburg,Stadion Hoheluft,15:00,17:48,Y,02:48,4936,23 degr.,SE,mostly sunny,F Kristensen,M. Kattillus,K. Haltermann,J. Ford-Banist.,M. Hoffmann,R. Krahl,BT,3,6,BT24,"V,3,6,V24","5,3,37",TOUT:V T:01:08,"Timeout Berlin Thunder, clock 01:08.","V,3,6,V24",NA,NA,0,3,0,01:08,0,NA,5,V,BT,"PUNT,1,03:11,20","FUMB,1,00:59,11",3,-9,2:12,PUNT,1,03:11,BT20,FUMB,1,00:59,BT11,NA
2022_01_BT_HD,BT,HD,Berlin Thunder,Hamburg Sea Devils,6/5/2022,Hamburg,Stadion Hoheluft,15:00,17:48,Y,02:48,4936,23 degr.,SE,mostly sunny,F Kristensen,M. Kattillus,K. Haltermann,J. Ford-Banist.,M. Hoffmann,R. Krahl,BT,3,6,BT24,"V,3,6,V24","5,4,38","PASS:9,F,TM,V11 SACK:91 FUMB:H,V11,56 +:56,V00 T:00:59 PAT:K,8,G","J. Germinerio sacked for loss of 13 yards to the BT11 (K. Edebali), fumble by Team recovered by HD G. Nanguy at BT11, G. Nanguy for 11 yards to the BT0, TOUCHDOWN, clock 00:59, E. Schlomm kick attempt good.","H,1,0,H30",pat,NA,1,3,7,00:59,0,F,5,V,BT,"PUNT,1,03:11,20","FUMB,1,00:59,11",3,-9,2:12,PUNT,1,03:11,BT20,FUMB,1,00:59,BT11,NA
2022_01_BT_HD,BT,HD,Berlin Thunder,Hamburg Sea Devils,6/5/2022,Hamburg,Stadion Hoheluft,15:00,17:48,Y,02:48,4936,23 degr.,SE,mostly sunny,F Kristensen,M. Kattillus,K. Haltermann,J. Ford-Banist.,M. Hoffmann,R. Krahl,HD,1,0,HD30,"H,1,0,H30","6,1,39","KO:8,V08 RET:22,V36 TACK:14,88 T:00:53","E. Schlomm kickoff 62 yards to the BT8, A. Wiesigstrauc return 28 yards to the BT36 (M. Wessel;B. Camara), clock 00:53.","V,1,10,V36",kick_off,NA,0,3,7,00:53,0,NA,6,H,HD,"FUMB,1,00:59,89","TD,1,00:59,89",0,0,0:00,FUMB,1,00:59,BT11,TD,1,00:59,BT11,NA
2022_01_BT_HD,BT,HD,Berlin Thunder,Hamburg Sea Devils,6/5/2022,Hamburg,Stadion Hoheluft,15:00,17:48,Y,02:48,4936,23 degr.,SE,mostly sunny,F Kristensen,M. Kattillus,K. Haltermann,J. Ford-Banist.,M. Hoffmann,R. Krahl,BT,1,10,BT36,"V,1,10,V36","7,1,40","RUSH:1,V36, TACK:3,95",J. Crawford rush for no gain to the BT36 (M. Boock;E. Yeboah).,"V,2,10,V36",rush,NA,0,3,7,NA,0,NA,7,V,BT,"KO,1,00:53,36","PUNT,2,14:44,36",3,0,1:09,KO,1,00:53,BT36,PUNT,2,14:44,BT36,NA
2022_01_BT_HD,BT,HD,Berlin Thunder,Hamburg Sea Devils,6/5/2022,Hamburg,Stadion Hoheluft,15:00,17:48,Y,02:48,4936,23 degr.,SE,mostly sunny,F Kristensen,M. Kattillus,K. Haltermann,J. Ford-Banist.,M. Hoffmann,R. Krahl,BT,2,10,BT36,"V,2,10,V36","7,2,41","PASS:9,S,TM,V36 SACK:98",J. Germinerio sacked for no gain to the BT36 (H. Awuah).,"V,3,10,V36",pass,NA,0,3,7,NA,0,NA,7,V,BT,"KO,1,00:53,36","PUNT,2,14:44,36",3,0,1:09,KO,1,00:53,BT36,PUNT,2,14:44,BT36,NA
2022_01_BT_HD,BT,HD,Berlin Thunder,Hamburg Sea Devils,6/5/2022,Hamburg,Stadion Hoheluft,15:00,17:48,Y,02:48,4936,23 degr.,SE,mostly sunny,F Kristensen,M. Kattillus,K. Haltermann,J. Ford-Banist.,M. Hoffmann,R. Krahl,BT,3,10,BT36,"V,3,10,V36","7,3,42",Q:2 T:15:00,"Start of 2nd quarter, clock 15:00.","V,3,10,V36",NA,NA,0,3,7,15:00,0,NA,7,V,BT,"KO,1,00:53,36","PUNT,2,14:44,36",3,0,1:09,KO,1,00:53,BT36,PUNT,2,14:44,BT36,NA
2022_01_BT_HD,BT,HD,Berlin Thunder,Hamburg Sea Devils,6/5/2022,Hamburg,Stadion Hoheluft,15:00,17:48,Y,02:48,4936,23 degr.,SE,mostly sunny,F Kristensen,M. Kattillus,K. Haltermann,J. Ford-Banist.,M. Hoffmann,R. Krahl,BT,3,10,BT36,"V,3,10,V36","7,4,43","PASS:9,I,22,* BRUP:95",J. Germinerio pass incomplete to A. Wiesigstrauc (E. Yeboah).,"V,4,10,V36",pass,NA,0,3,7,NA,0,NA,7,V,BT,"KO,1,00:53,36","PUNT,2,14:44,36",3,0,1:09,KO,1,00:53,BT36,PUNT,2,14:44,BT36,NA
2022_01_BT_HD,BT,HD,Berlin Thunder,Hamburg Sea Devils,6/5/2022,Hamburg,Stadion Hoheluft,15:00,17:48,Y,02:48,4936,23 degr.,SE,mostly sunny,F Kristensen,M. Kattillus,K. Haltermann,J. Ford-Banist.,M. Hoffmann,R. Krahl,BT,4,10,BT36,"V,4,10,V36","7,5,44","PUNT:26,H30 RET:23,H43 TACK:8,85","J. Schenderlein punt 34 yards to the HD30, J. Rogers return 13 yards to the HD43 (P. Seifert;N. Schumann).","H,1,10,H43",punt,NA,0,3,7,NA,0,NA,7,V,BT,"KO,1,00:53,36","PUNT,2,14:44,36",3,0,1:09,KO,1,00:53,BT36,PUNT,2,14:44,BT36,NA
2022_01_BT_HD,BT,HD,Berlin Thunder,Hamburg Sea Devils,6/5/2022,Hamburg,Stadion Hoheluft,15:00,17:48,Y,02:48,4936,23 degr.,SE,mostly sunny,F Kristensen,M. Kattillus,K. Haltermann,J. Ford-Banist.,M. Hoffmann,R. Krahl,HD,1,10,HD43,"H,1,10,H43","8,1,45",{DRIVE}:14:44,HAMBURG SEA DEVILS drive start at 14:44.,"H,1,10,H43",NA,NA,0,3,7,14:44,0,NA,8,H,HD,"PUNT,2,14:44,43","FG,2,10:13,94",11,51,4:31,PUNT,2,14:44,HD43,FG,2,10:13,BT06,1
2022_01_BT_HD,BT,HD,Berlin Thunder,Hamburg Sea Devils,6/5/2022,Hamburg,Stadion Hoheluft,15:00,17:48,Y,02:48,4936,23 degr.,SE,mostly sunny,F Kristensen,M. Kattillus,K. Haltermann,J. Ford-Banist.,M. Hoffmann,R. Krahl,HD,1,10,HD43,"H,1,10,H43","8,2,46","RUSH:26,H43, TACK:97,20 PEN:V,DO,A,22,H48,N NOPLAY:","S. Homadi rush for no gain to the HD43 (K. Wagner;R. Kendall), PENALTY BT Defensive Offside (A. Wiesigstrauc) 5 yards to the HD48, NO PLAY.","H,1,5,H48",penalty,NA,0,3,7,NA,0,NA,8,H,HD,"PUNT,2,14:44,43","FG,2,10:13,94",11,51,4:31,PUNT,2,14:44,HD43,FG,2,10:13,BT06,1
2022_01_BT_HD,BT,HD,Berlin Thunder,Hamburg Sea Devils,6/5/2022,Hamburg,Stadion Hoheluft,15:00,17:48,Y,02:48,4936,23 degr.,SE,mostly sunny,F Kristensen,M. Kattillus,K. Haltermann,J. Ford-Banist.,M. Hoffmann,R. Krahl,HD,1,5,HD48,"H,1,5,H48","8,3,47","RUSH:26,H50, TACK:21,8",S. Homadi rush for 2 yards to the 50 yardline (A. Kilani;P. Seifert).,"H,2,3,H50",rush,NA,0,3,7,NA,0,NA,8,H,HD,"PUNT,2,14:44,43","FG,2,10:13,94",11,51,4:31,PUNT,2,14:44,HD43,FG,2,10:13,BT06,1
2022_01_BT_HD,BT,HD,Berlin Thunder,Hamburg Sea Devils,6/5/2022,Hamburg,Stadion Hoheluft,15:00,17:48,Y,02:48,4936,23 degr.,SE,mostly sunny,F Kristensen,M. Kattillus,K. Haltermann,J. Ford-Banist.,M. Hoffmann,R. Krahl,HD,2,3,HD50,"H,2,3,H50","8,4,48","RUSH:1,H50, TACK:2,20",S. Ceesay rush for no gain to the 50 yardline (S. Zeregbe;R. Kendall).,"H,3,3,H50",rush,NA,0,3,7,NA,0,NA,8,H,HD,"PUNT,2,14:44,43","FG,2,10:13,94",11,51,4:31,PUNT,2,14:44,HD43,FG,2,10:13,BT06,1
2022_01_BT_HD,BT,HD,Berlin Thunder,Hamburg Sea Devils,6/5/2022,Hamburg,Stadion Hoheluft,15:00,17:48,Y,02:48,4936,23 degr.,SE,mostly sunny,F Kristensen,M. Kattillus,K. Haltermann,J. Ford-Banist.,M. Hoffmann,R. Krahl,HD,3,3,HD50,"H,3,3,H50","8,5,49",TOUT:H T:13:29,"Timeout Hamburg Sea Devils, clock 13:29.","H,3,3,H50",NA,NA,0,3,7,13:29,0,NA,8,H,HD,"PUNT,2,14:44,43","FG,2,10:13,94",11,51,4:31,PUNT,2,14:44,HD43,FG,2,10:13,BT06,1
2022_01_BT_HD,BT,HD,Berlin Thunder,Hamburg Sea Devils,6/5/2022,Hamburg,Stadion Hoheluft,15:00,17:48,Y,02:48,4936,23 degr.,SE,mostly sunny,F Kristensen,M. Kattillus,K. Haltermann,J. Ford-Banist.,M. Hoffmann,R. Krahl,HD,3,3,HD50,"H,3,3,H50","8,6,50","PASS:1,C,44,V37 TACK:21","S. Ceesay pass complete to J. Kruse for 13 yards to the BT37, 1ST DOWN HD (A. Kilani).","H,1,10,V37",pass,pass,0,3,7,NA,0,NA,8,H,HD,"PUNT,2,14:44,43","FG,2,10:13,94",11,51,4:31,PUNT,2,14:44,HD43,FG,2,10:13,BT06,1
2022_01_BT_HD,BT,HD,Berlin Thunder,Hamburg Sea Devils,6/5/2022,Hamburg,Stadion Hoheluft,15:00,17:48,Y,02:48,4936,23 degr.,SE,mostly sunny,F Kristensen,M. Kattillus,K. Haltermann,J. Ford-Banist.,M. Hoffmann,R. Krahl,HD,1,10,BT37,"H,1,10,V37","8,7,51","RUSH:1,V33, TACK:8,27",S. Ceesay rush for 4 yards to the BT33 (P. Seifert;R. Khefif).,"H,2,6,V33",rush,NA,0,3,7,NA,0,NA,8,H,HD,"PUNT,2,14:44,43","FG,2,10:13,94",11,51,4:31,PUNT,2,14:44,HD43,FG,2,10:13,BT06,1
2022_01_BT_HD,BT,HD,Berlin Thunder,Hamburg Sea Devils,6/5/2022,Hamburg,Stadion Hoheluft,15:00,17:48,Y,02:48,4936,23 degr.,SE,mostly sunny,F Kristensen,M. Kattillus,K. Haltermann,J. Ford-Banist.,M. Hoffmann,R. Krahl,HD,2,6,BT33,"H,2,6,V33","8,8,52","RUSH:26,V28, TACK:27",S. Homadi rush for 5 yards to the BT28 (R. Khefif).,"H,3,1,V28",rush,NA,0,3,7,NA,0,NA,8,H,HD,"PUNT,2,14:44,43","FG,2,10:13,94",11,51,4:31,PUNT,2,14:44,HD43,FG,2,10:13,BT06,1
2022_01_BT_HD,BT,HD,Berlin Thunder,Hamburg Sea Devils,6/5/2022,Hamburg,Stadion Hoheluft,15:00,17:48,Y,02:48,4936,23 degr.,SE,mostly sunny,F Kristensen,M. Kattillus,K. Haltermann,J. Ford-Banist.,M. Hoffmann,R. Krahl,HD,3,1,BT28,"H,3,1,V28","8,9,53","RUSH:1,V25, TACK:90","S. Ceesay rush for 3 yards to the BT25, 1ST DOWN HD (B. Baierl).","H,1,10,V25",rush,rush,0,3,7,NA,0,NA,8,H,HD,"PUNT,2,14:44,43","FG,2,10:13,94",11,51,4:31,PUNT,2,14:44,HD43,FG,2,10:13,BT06,1
2022_01_BT_HD,BT,HD,Berlin Thunder,Hamburg Sea Devils,6/5/2022,Hamburg,Stadion Hoheluft,15:00,17:48,Y,02:48,4936,23 degr.,SE,mostly sunny,F Kristensen,M. Kattillus,K. Haltermann,J. Ford-Banist.,M. Hoffmann,R. Krahl,HD,1,10,BT25,"H,1,10,V25","8,10,54","PASS:1,C,44,V11 TACK:27","S. Ceesay pass complete to J. Kruse for 14 yards to the BT11, 1ST DOWN HD (R. Khefif).","H,1,10,V11",pass,pass,0,3,7,NA,0,NA,8,H,HD,"PUNT,2,14:44,43","FG,2,10:13,94",11,51,4:31,PUNT,2,14:44,HD43,FG,2,10:13,BT06,1
2022_01_BT_HD,BT,HD,Berlin Thunder,Hamburg Sea Devils,6/5/2022,Hamburg,Stadion Hoheluft,15:00,17:48,Y,02:48,4936,23 degr.,SE,mostly sunny,F Kristensen,M. Kattillus,K. Haltermann,J. Ford-Banist.,M. Hoffmann,R. Krahl,HD,1,10,BT11,"H,1,10,V11","8,11,55","RUSH:20,V08, TACK:8,97",G. Ameln rush for 3 yards to the BT8 (P. Seifert;K. Wagner).,"H,2,7,V08",rush,NA,0,3,7,NA,0,NA,8,H,HD,"PUNT,2,14:44,43","FG,2,10:13,94",11,51,4:31,PUNT,2,14:44,HD43,FG,2,10:13,BT06,1
2022_01_BT_HD,BT,HD,Berlin Thunder,Hamburg Sea Devils,6/5/2022,Hamburg,Stadion Hoheluft,15:00,17:48,Y,02:48,4936,23 degr.,SE,mostly sunny,F Kristensen,M. Kattillus,K. Haltermann,J. Ford-Banist.,M. Hoffmann,R. Krahl,HD,2,7,BT08,"H,2,7,V08","8,12,56",TOUT:V T:10:51,"Timeout Berlin Thunder, clock 10:51.","H,2,7,V08",NA,NA,0,3,7,10:51,0,NA,8,H,HD,"PUNT,2,14:44,43","FG,2,10:13,94",11,51,4:31,PUNT,2,14:44,HD43,FG,2,10:13,BT06,1
2022_01_BT_HD,BT,HD,Berlin Thunder,Hamburg Sea Devils,6/5/2022,Hamburg,Stadion Hoheluft,15:00,17:48,Y,02:48,4936,23 degr.,SE,mostly sunny,F Kristensen,M. Kattillus,K. Haltermann,J. Ford-Banist.,M. Hoffmann,R. Krahl,HD,2,7,BT08,"H,2,7,V08","8,13,57","RUSH:7,V10, FORCE:45 FUMB:H,V06,44","G. Toonga rush for loss of 2 yards to the BT10, fumble forced by K. Kitchens, fumble by G. Toonga recovered by HD J. Kruse at BT6.","H,3,5,V06",rush,NA,0,3,7,NA,0,NA,8,H,HD,"PUNT,2,14:44,43","FG,2,10:13,94",11,51,4:31,PUNT,2,14:44,HD43,FG,2,10:13,BT06,1
2022_01_BT_HD,BT,HD,Berlin Thunder,Hamburg Sea Devils,6/5/2022,Hamburg,Stadion Hoheluft,15:00,17:48,Y,02:48,4936,23 degr.,SE,mostly sunny,F Kristensen,M. Kattillus,K. Haltermann,J. Ford-Banist.,M. Hoffmann,R. Krahl,HD,3,5,BT06,"H,3,5,V06","8,14,58","PASS:1,I,5,* BRUP:21",S. Ceesay pass incomplete to J. Constant (A. Kilani).,"H,4,5,V06",pass,NA,0,3,7,NA,0,NA,8,H,HD,"PUNT,2,14:44,43","FG,2,10:13,94",11,51,4:31,PUNT,2,14:44,HD43,FG,2,10:13,BT06,1
2022_01_BT_HD,BT,HD,Berlin Thunder,Hamburg Sea Devils,6/5/2022,Hamburg,Stadion Hoheluft,15:00,17:48,Y,02:48,4936,23 degr.,SE,mostly sunny,F Kristensen,M. Kattillus,K. Haltermann,J. Ford-Banist.,M. Hoffmann,R. Krahl,HD,4,5,BT06,"H,4,5,V06","8,15,59","FGA:8,30,G T:10:13","E. Schlomm field goal attempt from 30 GOOD, clock 10:13.","H,1,0,H30",field_goal,NA,1,3,10,10:13,0,NA,8,H,HD,"PUNT,2,14:44,43","FG,2,10:13,94",11,51,4:31,PUNT,2,14:44,HD43,FG,2,10:13,BT06,1
2022_01_BT_HD,BT,HD,Berlin Thunder,Hamburg Sea Devils,6/5/2022,Hamburg,Stadion Hoheluft,15:00,17:48,Y,02:48,4936,23 degr.,SE,mostly sunny,F Kristensen,M. Kattillus,K. Haltermann,J. Ford-Banist.,M. Hoffmann,R. Krahl,HD,1,0,HD30,"H,1,0,H30","8,16,60","KO:8,V16 RET:22,V31 TACK:26,58","E. Schlomm kickoff 54 yards to the BT16, A. Wiesigstrauc return 15 yards to the BT31 (S. Homadi;B. Lohse).","V,1,10,V31",kick_off,NA,0,3,10,NA,0,NA,8,H,HD,"PUNT,2,14:44,43","FG,2,10:13,94",11,51,4:31,PUNT,2,14:44,HD43,FG,2,10:13,BT06,1
2022_01_BT_HD,BT,HD,Berlin Thunder,Hamburg Sea Devils,6/5/2022,Hamburg,Stadion Hoheluft,15:00,17:48,Y,02:48,4936,23 degr.,SE,mostly sunny,F Kristensen,M. Kattillus,K. Haltermann,J. Ford-Banist.,M. Hoffmann,R. Krahl,BT,1,10,BT31,"V,1,10,V31","9,1,61",{DRIVE}:10:13,BERLIN THUNDER drive start at 10:13.,"V,1,10,V31",NA,NA,0,3,10,10:13,0,NA,9,V,BT,"KO,2,10:13,31","DOWNS,2,07:31,5",4,-26,2:42,KO,2,10:13,BT31,DOWNS,2,07:31,BT05,NA
2022_01_BT_HD,BT,HD,Berlin Thunder,Hamburg Sea Devils,6/5/2022,Hamburg,Stadion Hoheluft,15:00,17:48,Y,02:48,4936,23 degr.,SE,mostly sunny,F Kristensen,M. Kattillus,K. Haltermann,J. Ford-Banist.,M. Hoffmann,R. Krahl,BT,1,10,BT31,"V,1,10,V31","9,2,62","RUSH:1,V37, TACK:57,27",J. Crawford rush for 6 yards to the BT37 (D. Laporte;L. Mueller).,"V,2,4,V37",rush,NA,0,3,10,NA,0,NA,9,V,BT,"KO,2,10:13,31","DOWNS,2,07:31,5",4,-26,2:42,KO,2,10:13,BT31,DOWNS,2,07:31,BT05,NA
2022_01_BT_HD,BT,HD,Berlin Thunder,Hamburg Sea Devils,6/5/2022,Hamburg,Stadion Hoheluft,15:00,17:48,Y,02:48,4936,23 degr.,SE,mostly sunny,F Kristensen,M. Kattillus,K. Haltermann,J. Ford-Banist.,M. Hoffmann,R. Krahl,BT,2,4,BT37,"V,2,4,V37","9,3,63","RUSH:1,V35, TACK:96",J. Crawford rush for loss of 2 yards to the BT35 (T. Haenni).,"V,3,6,V35",rush,NA,0,3,10,NA,0,NA,9,V,BT,"KO,2,10:13,31","DOWNS,2,07:31,5",4,-26,2:42,KO,2,10:13,BT31,DOWNS,2,07:31,BT05,NA
2022_01_BT_HD,BT,HD,Berlin Thunder,Hamburg Sea Devils,6/5/2022,Hamburg,Stadion Hoheluft,15:00,17:48,Y,02:48,4936,23 degr.,SE,mostly sunny,F Kristensen,M. Kattillus,K. Haltermann,J. Ford-Banist.,M. Hoffmann,R. Krahl,BT,3,6,BT35,"V,3,6,V35","9,4,64","RUSH:9,V37, TACK:95,91",J. Germinerio rush for 2 yards to the BT37 (E. Yeboah;K. Edebali).,"V,4,4,V37",rush,NA,0,3,10,NA,0,NA,9,V,BT,"KO,2,10:13,31","DOWNS,2,07:31,5",4,-26,2:42,KO,2,10:13,BT31,DOWNS,2,07:31,BT05,NA
2022_01_BT_HD,BT,HD,Berlin Thunder,Hamburg Sea Devils,6/5/2022,Hamburg,Stadion Hoheluft,15:00,17:48,Y,02:48,4936,23 degr.,SE,mostly sunny,F Kristensen,M. Kattillus,K. Haltermann,J. Ford-Banist.,M. Hoffmann,R. Krahl,BT,4,4,BT37,"V,4,4,V37","9,5,65","PEN:V,DG,A,26,V32,N",PENALTY BT Delay of Game (J. Schenderlein) 5 yards to the BT32.,"V,4,9,V32",penalty,NA,0,3,10,NA,0,NA,9,V,BT,"KO,2,10:13,31","DOWNS,2,07:31,5",4,-26,2:42,KO,2,10:13,BT31,DOWNS,2,07:31,BT05,NA
2022_01_BT_HD,BT,HD,Berlin Thunder,Hamburg Sea Devils,6/5/2022,Hamburg,Stadion Hoheluft,15:00,17:48,Y,02:48,4936,23 degr.,SE,mostly sunny,F Kristensen,M. Kattillus,K. Haltermann,J. Ford-Banist.,M. Hoffmann,R. Krahl,BT,4,9,BT32,"V,4,9,V32","9,6,66","RUSH:44,V05, FUMB:V,V05,26 TACK:3,91","M. Steffen rush for loss of 27 yards to the BT5, fumble by M. Steffen recovered by BT J. Schenderlein at BT5 (M. Boock;K. Edebali).","H,1,0,V05",rush,NA,0,3,10,NA,0,NA,9,V,BT,"KO,2,10:13,31","DOWNS,2,07:31,5",4,-26,2:42,KO,2,10:13,BT31,DOWNS,2,07:31,BT05,NA
2022_01_BT_HD,BT,HD,Berlin Thunder,Hamburg Sea Devils,6/5/2022,Hamburg,Stadion Hoheluft,15:00,17:48,Y,02:48,4936,23 degr.,SE,mostly sunny,F Kristensen,M. Kattillus,K. Haltermann,J. Ford-Banist.,M. Hoffmann,R. Krahl,HD,1,0,BT05,"H,1,0,V05","10,1,67",{DRIVE}:07:31,HAMBURG SEA DEVILS drive start at 07:31.,"H,1,0,V05",NA,NA,0,3,10,07:31,0,NA,10,H,HD,"DOWNS,2,07:31,95","TD,2,07:22,100",2,5,0:09,DOWNS,2,07:31,BT05,TD,2,07:22,BT00,1
2022_01_BT_HD,BT,HD,Berlin Thunder,Hamburg Sea Devils,6/5/2022,Hamburg,Stadion Hoheluft,15:00,17:48,Y,02:48,4936,23 degr.,SE,mostly sunny,F Kristensen,M. Kattillus,K. Haltermann,J. Ford-Banist.,M. Hoffmann,R. Krahl,HD,1,0,BT05,"H,1,0,V05","10,2,68","PASS:1,I,16,* BRUP:19",S. Ceesay pass incomplete to L. Jordan II (P. Ruffin).,"H,2,0,V05",pass,NA,0,3,10,NA,0,NA,10,H,HD,"DOWNS,2,07:31,95","TD,2,07:22,100",2,5,0:09,DOWNS,2,07:31,BT05,TD,2,07:22,BT00,1
2022_01_BT_HD,BT,HD,Berlin Thunder,Hamburg Sea Devils,6/5/2022,Hamburg,Stadion Hoheluft,15:00,17:48,Y,02:48,4936,23 degr.,SE,mostly sunny,F Kristensen,M. Kattillus,K. Haltermann,J. Ford-Banist.,M. Hoffmann,R. Krahl,HD,2,0,BT05,"H,2,0,V05","10,3,69","RUSH:26,V00, T:07:22 PAT:K,8,M","S. Homadi rush for 5 yards to the BT0, 1ST DOWN HD, TOUCHDOWN, clock 07:22, E. Schlomm kick attempt failed.","H,1,0,H30",pat,rush,1,3,16,07:22,0,NA,10,H,HD,"DOWNS,2,07:31,95","TD,2,07:22,100",2,5,0:09,DOWNS,2,07:31,BT05,TD,2,07:22,BT00,1
2022_01_BT_HD,BT,HD,Berlin Thunder,Hamburg Sea Devils,6/5/2022,Hamburg,Stadion Hoheluft,15:00,17:48,Y,02:48,4936,23 degr.,SE,mostly sunny,F Kristensen,M. Kattillus,K. Haltermann,J. Ford-Banist.,M. Hoffmann,R. Krahl,HD,1,0,HD30,"H,1,0,H30","10,4,70","KO:8,V20 OB: SPOT:V,V40,Y","E. Schlomm kickoff 50 yards to the BT20, out-of-bounds, BT ball on BT40.","V,1,10,V40",kick_off,NA,0,3,16,NA,1,NA,10,H,HD,"DOWNS,2,07:31,95","TD,2,07:22,100",2,5,0:09,DOWNS,2,07:31,BT05,TD,2,07:22,BT00,1
2022_01_BT_HD,BT,HD,Berlin Thunder,Hamburg Sea Devils,6/5/2022,Hamburg,Stadion Hoheluft,15:00,17:48,Y,02:48,4936,23 degr.,SE,mostly sunny,F Kristensen,M. Kattillus,K. Haltermann,J. Ford-Banist.,M. Hoffmann,R. Krahl,BT,1,10,BT40,"V,1,10,V40","11,1,71","PASS:9,C,11,V40 PEN:H,DO,A,56,V45,N NOPLAY:","J. Germinerio pass complete to B. Zerbe for no gain to the BT40, PENALTY HD Defensive Offside (G. Nanguy) 5 yards to the BT45, NO PLAY.","V,1,5,V45",penalty,NA,0,3,16,NA,0,NA,11,V,BT,"KO,2,06:07,40","FG,2,03:43,85",7,45,2:24,KO,2,06:07,BT40,FG,2,03:43,HD15,1
2022_01_BT_HD,BT,HD,Berlin Thunder,Hamburg Sea Devils,6/5/2022,Hamburg,Stadion Hoheluft,15:00,17:48,Y,02:48,4936,23 degr.,SE,mostly sunny,F Kristensen,M. Kattillus,K. Haltermann,J. Ford-Banist.,M. Hoffmann,R. Krahl,BT,1,5,BT45,"V,1,5,V45","11,2,72","PASS:9,C,7,H44 TACK:3","J. Germinerio pass complete to R. Wilzeck for 11 yards to the HD44, 1ST DOWN BT (M. Boock).","V,1,10,H44",pass,pass,0,3,16,NA,0,NA,11,V,BT,"KO,2,06:07,40","FG,2,03:43,85",7,45,2:24,KO,2,06:07,BT40,FG,2,03:43,HD15,1
2022_01_BT_HD,BT,HD,Berlin Thunder,Hamburg Sea Devils,6/5/2022,Hamburg,Stadion Hoheluft,15:00,17:48,Y,02:48,4936,23 degr.,SE,mostly sunny,F Kristensen,M. Kattillus,K. Haltermann,J. Ford-Banist.,M. Hoffmann,R. Krahl,BT,1,10,HD44,"V,1,10,H44","11,3,73","RUSH:1,H44, TACK:3 PEN:H,DO,A,99,H39,N NOPLAY:","J. Crawford rush for no gain to the HD44 (M. Boock), PENALTY HD Defensive Offside (N. Imasuen) 5 yards to the HD39, NO PLAY.","V,1,5,H39",penalty,NA,0,3,16,NA,0,NA,11,V,BT,"KO,2,06:07,40","FG,2,03:43,85",7,45,2:24,KO,2,06:07,BT40,FG,2,03:43,HD15,1
2022_01_BT_HD,BT,HD,Berlin Thunder,Hamburg Sea Devils,6/5/2022,Hamburg,Stadion Hoheluft,15:00,17:48,Y,02:48,4936,23 degr.,SE,mostly sunny,F Kristensen,M. Kattillus,K. Haltermann,J. Ford-Banist.,M. Hoffmann,R. Krahl,BT,1,5,HD39,"V,1,5,H39","11,4,74",TOUT:H T:06:07,"Timeout Hamburg Sea Devils, clock 06:07.","V,1,5,H39",NA,NA,0,3,16,06:07,0,NA,11,V,BT,"KO,2,06:07,40","FG,2,03:43,85",7,45,2:24,KO,2,06:07,BT40,FG,2,03:43,HD15,1
2022_01_BT_HD,BT,HD,Berlin Thunder,Hamburg Sea Devils,6/5/2022,Hamburg,Stadion Hoheluft,15:00,17:48,Y,02:48,4936,23 degr.,SE,mostly sunny,F Kristensen,M. Kattillus,K. Haltermann,J. Ford-Banist.,M. Hoffmann,R. Krahl,BT,1,5,HD39,"V,1,5,H39","11,5,75","RUSH:1,H43, TACK:96",J. Crawford rush for loss of 4 yards to the HD43 (T. Haenni).,"V,2,9,H43",rush,NA,0,3,16,NA,0,NA,11,V,BT,"KO,2,06:07,40","FG,2,03:43,85",7,45,2:24,KO,2,06:07,BT40,FG,2,03:43,HD15,1
2022_01_BT_HD,BT,HD,Berlin Thunder,Hamburg Sea Devils,6/5/2022,Hamburg,Stadion Hoheluft,15:00,17:48,Y,02:48,4936,23 degr.,SE,mostly sunny,F Kristensen,M. Kattillus,K. Haltermann,J. Ford-Banist.,M. Hoffmann,R. Krahl,BT,2,9,HD43,"V,2,9,H43","11,6,76","PASS:9,C,17,H20 TACK:25","J. Germinerio pass complete to E. Drossard for 23 yards to the HD20, 1ST DOWN BT (D. Brown Jr.).","V,1,10,H20",pass,pass,0,3,16,NA,0,NA,11,V,BT,"KO,2,06:07,40","FG,2,03:43,85",7,45,2:24,KO,2,06:07,BT40,FG,2,03:43,HD15,1
2022_01_BT_HD,BT,HD,Berlin Thunder,Hamburg Sea Devils,6/5/2022,Hamburg,Stadion Hoheluft,15:00,17:48,Y,02:48,4936,23 degr.,SE,mostly sunny,F Kristensen,M. Kattillus,K. Haltermann,J. Ford-Banist.,M. Hoffmann,R. Krahl,BT,1,10,HD20,"V,1,10,H20","11,7,77","PASS:9,I,17,* BRUP:27",J. Germinerio pass incomplete to E. Drossard (L. Mueller).,"V,2,10,H20",pass,NA,0,3,16,NA,0,NA,11,V,BT,"KO,2,06:07,40","FG,2,03:43,85",7,45,2:24,KO,2,06:07,BT40,FG,2,03:43,HD15,1
2022_01_BT_HD,BT,HD,Berlin Thunder,Hamburg Sea Devils,6/5/2022,Hamburg,Stadion Hoheluft,15:00,17:48,Y,02:48,4936,23 degr.,SE,mostly sunny,F Kristensen,M. Kattillus,K. Haltermann,J. Ford-Banist.,M. Hoffmann,R. Krahl,BT,2,10,HD20,"V,2,10,H20","11,8,78","RUSH:9,H20, PEN:H,DO,A,91,H15,N NOPLAY:","J. Germinerio rush for no gain to the HD20, PENALTY HD Defensive Offside (K. Edebali) 5 yards to the HD15, NO PLAY.","V,2,5,H15",penalty,NA,0,3,16,NA,0,NA,11,V,BT,"KO,2,06:07,40","FG,2,03:43,85",7,45,2:24,KO,2,06:07,BT40,FG,2,03:43,HD15,1
2022_01_BT_HD,BT,HD,Berlin Thunder,Hamburg Sea Devils,6/5/2022,Hamburg,Stadion Hoheluft,15:00,17:48,Y,02:48,4936,23 degr.,SE,mostly sunny,F Kristensen,M. Kattillus,K. Haltermann,J. Ford-Banist.,M. Hoffmann,R. Krahl,BT,2,5,HD15,"V,2,5,H15","11,9,79","PASS:9,I,17,*",J. Germinerio pass incomplete to E. Drossard.,"V,3,5,H15",pass,NA,0,3,16,NA,0,NA,11,V,BT,"KO,2,06:07,40","FG,2,03:43,85",7,45,2:24,KO,2,06:07,BT40,FG,2,03:43,HD15,1
2022_01_BT_HD,BT,HD,Berlin Thunder,Hamburg Sea Devils,6/5/2022,Hamburg,Stadion Hoheluft,15:00,17:48,Y,02:48,4936,23 degr.,SE,mostly sunny,F Kristensen,M. Kattillus,K. Haltermann,J. Ford-Banist.,M. Hoffmann,R. Krahl,BT,3,5,HD15,"V,3,5,H15","11,10,80",TOUT:V T:03:54,"Timeout Berlin Thunder, clock 03:54.","V,3,5,H15",NA,NA,0,3,16,03:54,0,NA,11,V,BT,"KO,2,06:07,40","FG,2,03:43,85",7,45,2:24,KO,2,06:07,BT40,FG,2,03:43,HD15,1
2022_01_BT_HD,BT,HD,Berlin Thunder,Hamburg Sea Devils,6/5/2022,Hamburg,Stadion Hoheluft,15:00,17:48,Y,02:48,4936,23 degr.,SE,mostly sunny,F Kristensen,M. Kattillus,K. Haltermann,J. Ford-Banist.,M. Hoffmann,R. Krahl,BT,3,5,HD15,"V,3,5,H15","11,11,81","PASS:9,I,11,* BRUP:23",J. Germinerio pass incomplete to B. Zerbe (J. Rogers).,"V,4,5,H15",pass,NA,0,3,16,NA,0,NA,11,V,BT,"KO,2,06:07,40","FG,2,03:43,85",7,45,2:24,KO,2,06:07,BT40,FG,2,03:43,HD15,1
2022_01_BT_HD,BT,HD,Berlin Thunder,Hamburg Sea Devils,6/5/2022,Hamburg,Stadion Hoheluft,15:00,17:48,Y,02:48,4936,23 degr.,SE,mostly sunny,F Kristensen,M. Kattillus,K. Haltermann,J. Ford-Banist.,M. Hoffmann,R. Krahl,BT,4,5,HD15,"V,4,5,H15","11,12,82","FGA:26,32,G T:03:43","J. Schenderlein field goal attempt from 32 GOOD, clock 03:43.","V,1,0,V30",field_goal,NA,1,6,16,03:43,0,NA,11,V,BT,"KO,2,06:07,40","FG,2,03:43,85",7,45,2:24,KO,2,06:07,BT40,FG,2,03:43,HD15,1
2022_01_BT_HD,BT,HD,Berlin Thunder,Hamburg Sea Devils,6/5/2022,Hamburg,Stadion Hoheluft,15:00,17:48,Y,02:48,4936,23 degr.,SE,mostly sunny,F Kristensen,M. Kattillus,K. Haltermann,J. Ford-Banist.,M. Hoffmann,R. Krahl,BT,1,0,BT30,"V,1,0,V30","11,13,83","KO:26,H10 RET:5,H34 TACK:21","J. Schenderlein kickoff 60 yards to the HD10, J. Constant return 24 yards to the HD34 (A. Kilani).","H,1,10,H34",kick_off,NA,0,6,16,NA,0,NA,11,V,BT,"KO,2,06:07,40","FG,2,03:43,85",7,45,2:24,KO,2,06:07,BT40,FG,2,03:43,HD15,1
2022_01_BT_HD,BT,HD,Berlin Thunder,Hamburg Sea Devils,6/5/2022,Hamburg,Stadion Hoheluft,15:00,17:48,Y,02:48,4936,23 degr.,SE,mostly sunny,F Kristensen,M. Kattillus,K. Haltermann,J. Ford-Banist.,M. Hoffmann,R. Krahl,HD,1,10,HD34,"H,1,10,H34","12,1,84",{DRIVE}:03:43,HAMBURG SEA DEVILS drive start at 03:43.,"H,1,10,H34",NA,NA,0,6,16,03:43,0,NA,12,H,HD,"KO,2,03:43,34","TD,2,00:03,100",13,66,3:40,KO,2,03:43,HD34,TD,2,00:03,BT00,1
2022_01_BT_HD,BT,HD,Berlin Thunder,Hamburg Sea Devils,6/5/2022,Hamburg,Stadion Hoheluft,15:00,17:48,Y,02:48,4936,23 degr.,SE,mostly sunny,F Kristensen,M. Kattillus,K. Haltermann,J. Ford-Banist.,M. Hoffmann,R. Krahl,HD,1,10,HD34,"H,1,10,H34","12,2,85","PASS:1,C,5,H47 TACK:20","S. Ceesay pass complete to J. Constant for 13 yards to the HD47, 1ST DOWN HD (R. Kendall).","H,1,10,H47",pass,pass,0,6,16,NA,0,NA,12,H,HD,"KO,2,03:43,34","TD,2,00:03,100",13,66,3:40,KO,2,03:43,HD34,TD,2,00:03,BT00,1
2022_01_BT_HD,BT,HD,Berlin Thunder,Hamburg Sea Devils,6/5/2022,Hamburg,Stadion Hoheluft,15:00,17:48,Y,02:48,4936,23 degr.,SE,mostly sunny,F Kristensen,M. Kattillus,K. Haltermann,J. Ford-Banist.,M. Hoffmann,R. Krahl,HD,1,10,HD47,"H,1,10,H47","12,3,86","PEN:V,UC,A,21,V38,1","PENALTY BT Unsportsmanlike Conduct (A. Kilani) 15 yards to the BT38, 1ST DOWN HD.","H,1,10,V38",penalty,penalty,0,6,16,NA,0,NA,12,H,HD,"KO,2,03:43,34","TD,2,00:03,100",13,66,3:40,KO,2,03:43,HD34,TD,2,00:03,BT00,1
2022_01_BT_HD,BT,HD,Berlin Thunder,Hamburg Sea Devils,6/5/2022,Hamburg,Stadion Hoheluft,15:00,17:48,Y,02:48,4936,23 degr.,SE,mostly sunny,F Kristensen,M. Kattillus,K. Haltermann,J. Ford-Banist.,M. Hoffmann,R. Krahl,HD,1,10,BT38,"H,1,10,V38","12,4,87","RUSH:20,V33, TACK:27,97",G. Ameln rush for 5 yards to the BT33 (R. Khefif;K. Wagner).,"H,2,5,V33",rush,NA,0,6,16,NA,0,NA,12,H,HD,"KO,2,03:43,34","TD,2,00:03,100",13,66,3:40,KO,2,03:43,HD34,TD,2,00:03,BT00,1
2022_01_BT_HD,BT,HD,Berlin Thunder,Hamburg Sea Devils,6/5/2022,Hamburg,Stadion Hoheluft,15:00,17:48,Y,02:48,4936,23 degr.,SE,mostly sunny,F Kristensen,M. Kattillus,K. Haltermann,J. Ford-Banist.,M. Hoffmann,R. Krahl,HD,2,5,BT33,"H,2,5,V33","12,5,88","PASS:1,I,16,* BRUP:20",S. Ceesay pass incomplete to L. Jordan II (R. Kendall).,"H,3,5,V33",pass,NA,0,6,16,NA,0,NA,12,H,HD,"KO,2,03:43,34","TD,2,00:03,100",13,66,3:40,KO,2,03:43,HD34,TD,2,00:03,BT00,1
2022_01_BT_HD,BT,HD,Berlin Thunder,Hamburg Sea Devils,6/5/2022,Hamburg,Stadion Hoheluft,15:00,17:48,Y,02:48,4936,23 degr.,SE,mostly sunny,F Kristensen,M. Kattillus,K. Haltermann,J. Ford-Banist.,M. Hoffmann,R. Krahl,HD,3,5,BT33,"H,3,5,V33","12,6,89","RUSH:26,V33, TACK:92,2",S. Homadi rush for no gain to the BT33 (T. Hiller;S. Zeregbe).,"H,4,5,V33",rush,NA,0,6,16,NA,0,NA,12,H,HD,"KO,2,03:43,34","TD,2,00:03,100",13,66,3:40,KO,2,03:43,HD34,TD,2,00:03,BT00,1
2022_01_BT_HD,BT,HD,Berlin Thunder,Hamburg Sea Devils,6/5/2022,Hamburg,Stadion Hoheluft,15:00,17:48,Y,02:48,4936,23 degr.,SE,mostly sunny,F Kristensen,M. Kattillus,K. Haltermann,J. Ford-Banist.,M. Hoffmann,R. Krahl,HD,4,5,BT33,"H,4,5,V33","12,7,90","PASS:1,C,5,V28 TACK:27","S. Ceesay pass complete to J. Constant for 5 yards to the BT28, 1ST DOWN HD (R. Khefif).","H,1,10,V28",pass,pass,0,6,16,NA,0,NA,12,H,HD,"KO,2,03:43,34","TD,2,00:03,100",13,66,3:40,KO,2,03:43,HD34,TD,2,00:03,BT00,1
2022_01_BT_HD,BT,HD,Berlin Thunder,Hamburg Sea Devils,6/5/2022,Hamburg,Stadion Hoheluft,15:00,17:48,Y,02:48,4936,23 degr.,SE,mostly sunny,F Kristensen,M. Kattillus,K. Haltermann,J. Ford-Banist.,M. Hoffmann,R. Krahl,HD,1,10,BT28,"H,1,10,V28","12,8,92","PASS:1,I,11,*",S. Ceesay pass incomplete to B. Mau.,"H,2,10,V28",pass,NA,0,6,16,NA,0,NA,12,H,HD,"KO,2,03:43,34","TD,2,00:03,100",13,66,3:40,KO,2,03:43,HD34,TD,2,00:03,BT00,1
2022_01_BT_HD,BT,HD,Berlin Thunder,Hamburg Sea Devils,6/5/2022,Hamburg,Stadion Hoheluft,15:00,17:48,Y,02:48,4936,23 degr.,SE,mostly sunny,F Kristensen,M. Kattillus,K. Haltermann,J. Ford-Banist.,M. Hoffmann,R. Krahl,HD,2,10,BT28,"H,2,10,V28","12,9,93","PASS:1,I,16,* BRUP:20",S. Ceesay pass incomplete to L. Jordan II (R. Kendall).,"H,3,10,V28",pass,NA,0,6,16,NA,0,NA,12,H,HD,"KO,2,03:43,34","TD,2,00:03,100",13,66,3:40,KO,2,03:43,HD34,TD,2,00:03,BT00,1
2022_01_BT_HD,BT,HD,Berlin Thunder,Hamburg Sea Devils,6/5/2022,Hamburg,Stadion Hoheluft,15:00,17:48,Y,02:48,4936,23 degr.,SE,mostly sunny,F Kristensen,M. Kattillus,K. Haltermann,J. Ford-Banist.,M. Hoffmann,R. Krahl,HD,3,10,BT28,"H,3,10,V28","12,10,94","RUSH:1,V14,","S. Ceesay rush for 14 yards to the BT14, 1ST DOWN HD.","H,1,10,V14",rush,rush,0,6,16,NA,0,NA,12,H,HD,"KO,2,03:43,34","TD,2,00:03,100",13,66,3:40,KO,2,03:43,HD34,TD,2,00:03,BT00,1
2022_01_BT_HD,BT,HD,Berlin Thunder,Hamburg Sea Devils,6/5/2022,Hamburg,Stadion Hoheluft,15:00,17:48,Y,02:48,4936,23 degr.,SE,mostly sunny,F Kristensen,M. Kattillus,K. Haltermann,J. Ford-Banist.,M. Hoffmann,R. Krahl,HD,1,10,BT14,"H,1,10,V14","12,11,95","PASS:1,I,5,*",S. Ceesay pass incomplete to J. Constant.,"H,2,10,V14",pass,NA,0,6,16,NA,0,NA,12,H,HD,"KO,2,03:43,34","TD,2,00:03,100",13,66,3:40,KO,2,03:43,HD34,TD,2,00:03,BT00,1
2022_01_BT_HD,BT,HD,Berlin Thunder,Hamburg Sea Devils,6/5/2022,Hamburg,Stadion Hoheluft,15:00,17:48,Y,02:48,4936,23 degr.,SE,mostly sunny,F Kristensen,M. Kattillus,K. Haltermann,J. Ford-Banist.,M. Hoffmann,R. Krahl,HD,2,10,BT14,"H,2,10,V14","12,12,96","RUSH:26,V09, TACK:27",S. Homadi rush for 5 yards to the BT9 (R. Khefif).,"H,3,5,V09",rush,NA,0,6,16,NA,0,NA,12,H,HD,"KO,2,03:43,34","TD,2,00:03,100",13,66,3:40,KO,2,03:43,HD34,TD,2,00:03,BT00,1
2022_01_BT_HD,BT,HD,Berlin Thunder,Hamburg Sea Devils,6/5/2022,Hamburg,Stadion Hoheluft,15:00,17:48,Y,02:48,4936,23 degr.,SE,mostly sunny,F Kristensen,M. Kattillus,K. Haltermann,J. Ford-Banist.,M. Hoffmann,R. Krahl,HD,3,5,BT09,"H,3,5,V09","12,13,97","RUSH:26,V03, TACK:8,96","S. Homadi rush for 6 yards to the BT3, 1ST DOWN HD (P. Seifert;M. Behm).","H,1,0,V03",rush,rush,0,6,16,NA,0,NA,12,H,HD,"KO,2,03:43,34","TD,2,00:03,100",13,66,3:40,KO,2,03:43,HD34,TD,2,00:03,BT00,1
2022_01_BT_HD,BT,HD,Berlin Thunder,Hamburg Sea Devils,6/5/2022,Hamburg,Stadion Hoheluft,15:00,17:48,Y,02:48,4936,23 degr.,SE,mostly sunny,F Kristensen,M. Kattillus,K. Haltermann,J. Ford-Banist.,M. Hoffmann,R. Krahl,HD,1,0,BT03,"H,1,0,V03","12,14,98","RUSH:26,V01, TACK:96",S. Homadi rush for 2 yards to the BT1 (M. Behm).,"H,2,0,V01",rush,NA,0,6,16,NA,0,NA,12,H,HD,"KO,2,03:43,34","TD,2,00:03,100",13,66,3:40,KO,2,03:43,HD34,TD,2,00:03,BT00,1
2022_01_BT_HD,BT,HD,Berlin Thunder,Hamburg Sea Devils,6/5/2022,Hamburg,Stadion Hoheluft,15:00,17:48,Y,02:48,4936,23 degr.,SE,mostly sunny,F Kristensen,M. Kattillus,K. Haltermann,J. Ford-Banist.,M. Hoffmann,R. Krahl,HD,2,0,BT01,"H,2,0,V01","12,15,99",TOUT:H T:00:08,"Timeout Hamburg Sea Devils, clock 00:08.","H,2,0,V01",NA,NA,0,6,16,00:08,0,NA,12,H,HD,"KO,2,03:43,34","TD,2,00:03,100",13,66,3:40,KO,2,03:43,HD34,TD,2,00:03,BT00,1
2022_01_BT_HD,BT,HD,Berlin Thunder,Hamburg Sea Devils,6/5/2022,Hamburg,Stadion Hoheluft,15:00,17:48,Y,02:48,4936,23 degr.,SE,mostly sunny,F Kristensen,M. Kattillus,K. Haltermann,J. Ford-Banist.,M. Hoffmann,R. Krahl,HD,2,0,BT01,"H,2,0,V01","12,16,100","RUSH:1,V00, T:00:03","S. Ceesay rush for 1 yard to the BT0, 1ST DOWN HD, TOUCHDOWN, clock 00:03.","H,1,10,V15",rush,rush,1,6,22,00:03,0,NA,12,H,HD,"KO,2,03:43,34","TD,2,00:03,100",13,66,3:40,KO,2,03:43,HD34,TD,2,00:03,BT00,1
2022_01_BT_HD,BT,HD,Berlin Thunder,Hamburg Sea Devils,6/5/2022,Hamburg,Stadion Hoheluft,15:00,17:48,Y,02:48,4936,23 degr.,SE,mostly sunny,F Kristensen,M. Kattillus,K. Haltermann,J. Ford-Banist.,M. Hoffmann,R. Krahl,HD,1,10,BT15,"H,1,10,V15","12,17,101","PEN:H,FS,A,20,V20,N",PENALTY HD False Start (G. Ameln) 5 yards to the BT20.,"H,1,15,V20",penalty,NA,0,6,22,NA,0,NA,12,H,HD,"KO,2,03:43,34","TD,2,00:03,100",13,66,3:40,KO,2,03:43,HD34,TD,2,00:03,BT00,1
2022_01_BT_HD,BT,HD,Berlin Thunder,Hamburg Sea Devils,6/5/2022,Hamburg,Stadion Hoheluft,15:00,17:48,Y,02:48,4936,23 degr.,SE,mostly sunny,F Kristensen,M. Kattillus,K. Haltermann,J. Ford-Banist.,M. Hoffmann,R. Krahl,HD,1,15,BT20,"H,1,15,V20","12,18,102","PAT:K,8,G",E. Schlomm kick attempt good.,"H,1,0,H30",pat,NA,1,6,23,NA,0,NA,12,H,HD,"KO,2,03:43,34","TD,2,00:03,100",13,66,3:40,KO,2,03:43,HD34,TD,2,00:03,BT00,1
2022_01_BT_HD,BT,HD,Berlin Thunder,Hamburg Sea Devils,6/5/2022,Hamburg,Stadion Hoheluft,15:00,17:48,Y,02:48,4936,23 degr.,SE,mostly sunny,F Kristensen,M. Kattillus,K. Haltermann,J. Ford-Banist.,M. Hoffmann,R. Krahl,HD,1,0,HD30,"H,1,0,H30","12,19,103","KO:8,V17 RET:22,V34 TACK:16,59","E. Schlomm kickoff 53 yards to the BT17, A. Wiesigstrauc return 17 yards to the BT34 (L. Jordan II;L. Deiana).","V,1,10,V34",kick_off,NA,0,6,23,NA,0,NA,12,H,HD,"KO,2,03:43,34","TD,2,00:03,100",13,66,3:40,KO,2,03:43,HD34,TD,2,00:03,BT00,1
2022_01_BT_HD,BT,HD,Berlin Thunder,Hamburg Sea Devils,6/5/2022,Hamburg,Stadion Hoheluft,15:00,17:48,Y,02:48,4936,23 degr.,SE,mostly sunny,F Kristensen,M. Kattillus,K. Haltermann,J. Ford-Banist.,M. Hoffmann,R. Krahl,BT,1,10,BT34,"V,1,10,V34","13,1,104",{DRIVE}:00:00,BERLIN THUNDER drive start at 00:00.,"V,1,10,V34",NA,NA,0,6,23,00:00,0,NA,13,V,BT,"KO,2,00:00,34","HALF,2,00:00,34",0,0,0:00,KO,2,00:00,BT34,HALF,2,00:00,BT34,NA
2022_01_BT_HD,BT,HD,Berlin Thunder,Hamburg Sea Devils,6/5/2022,Hamburg,Stadion Hoheluft,15:00,17:48,Y,02:48,4936,23 degr.,SE,mostly sunny,F Kristensen,M. Kattillus,K. Haltermann,J. Ford-Banist.,M. Hoffmann,R. Krahl,BT,1,10,BT34,"V,1,10,V34","13,2,105",HALF: T:00:00,"End of half, clock 00:00.","V,1,10,V34",NA,NA,0,6,23,00:00,0,NA,13,V,BT,"KO,2,00:00,34","HALF,2,00:00,34",0,0,0:00,KO,2,00:00,BT34,HALF,2,00:00,BT34,NA
2022_01_BT_HD,BT,HD,Berlin Thunder,Hamburg Sea Devils,6/5/2022,Hamburg,Stadion Hoheluft,15:00,17:48,Y,02:48,4936,23 degr.,SE,mostly sunny,F Kristensen,M. Kattillus,K. Haltermann,J. Ford-Banist.,M. Hoffmann,R. Krahl,BT,1,10,BT34,"V,1,10,V34","13,3,106","Q:3 T:15:00 SPOT:V,V30,N","Start of 3rd quarter, clock 15:00, BT ball on BT30.","V,1,10,V30",NA,NA,0,6,23,15:00,0,NA,13,V,BT,"KO,2,00:00,34","HALF,2,00:00,34",0,0,0:00,KO,2,00:00,BT34,HALF,2,00:00,BT34,NA
2022_01_BT_HD,BT,HD,Berlin Thunder,Hamburg Sea Devils,6/5/2022,Hamburg,Stadion Hoheluft,15:00,17:48,Y,02:48,4936,23 degr.,SE,mostly sunny,F Kristensen,M. Kattillus,K. Haltermann,J. Ford-Banist.,M. Hoffmann,R. Krahl,BT,1,10,BT30,"V,1,10,V30","13,4,107","KO:26,H02 RET:23,H17 TACK:71","J. Schenderlein kickoff 68 yards to the HD2, J. Rogers return 15 yards to the HD17 (G. Grabert).","H,1,10,H17",kick_off,NA,0,6,23,NA,0,NA,13,V,BT,"KO,2,00:00,34","HALF,2,00:00,34",0,0,0:00,KO,2,00:00,BT34,HALF,2,00:00,BT34,NA
2022_01_BT_HD,BT,HD,Berlin Thunder,Hamburg Sea Devils,6/5/2022,Hamburg,Stadion Hoheluft,15:00,17:48,Y,02:48,4936,23 degr.,SE,mostly sunny,F Kristensen,M. Kattillus,K. Haltermann,J. Ford-Banist.,M. Hoffmann,R. Krahl,HD,1,10,HD17,"H,1,10,H17","14,1,108",{DRIVE}:15:00,HAMBURG SEA DEVILS drive start at 15:00.,"H,1,10,H17",NA,NA,0,6,23,15:00,0,NA,14,H,HD,"KO,3,15:00,17","TD,3,08:56,100",14,83,6:04,KO,3,15:00,HD17,TD,3,08:56,BT00,NA
2022_01_BT_HD,BT,HD,Berlin Thunder,Hamburg Sea Devils,6/5/2022,Hamburg,Stadion Hoheluft,15:00,17:48,Y,02:48,4936,23 degr.,SE,mostly sunny,F Kristensen,M. Kattillus,K. Haltermann,J. Ford-Banist.,M. Hoffmann,R. Krahl,HD,1,10,HD17,"H,1,10,H17","14,2,109","RUSH:20,H22, TACK:2,90",G. Ameln rush for 5 yards to the HD22 (S. Zeregbe;B. Baierl).,"H,2,5,H22",rush,NA,0,6,23,NA,0,NA,14,H,HD,"KO,3,15:00,17","TD,3,08:56,100",14,83,6:04,KO,3,15:00,HD17,TD,3,08:56,BT00,NA
2022_01_BT_HD,BT,HD,Berlin Thunder,Hamburg Sea Devils,6/5/2022,Hamburg,Stadion Hoheluft,15:00,17:48,Y,02:48,4936,23 degr.,SE,mostly sunny,F Kristensen,M. Kattillus,K. Haltermann,J. Ford-Banist.,M. Hoffmann,R. Krahl,HD,2,5,HD22,"H,2,5,H22","14,3,110","PASS:1,C,16,H27 TACK:19","S. Ceesay pass complete to L. Jordan II for 5 yards to the HD27, 1ST DOWN HD (P. Ruffin).","H,1,10,H27",pass,pass,0,6,23,NA,0,NA,14,H,HD,"KO,3,15:00,17","TD,3,08:56,100",14,83,6:04,KO,3,15:00,HD17,TD,3,08:56,BT00,NA
2022_01_BT_HD,BT,HD,Berlin Thunder,Hamburg Sea Devils,6/5/2022,Hamburg,Stadion Hoheluft,15:00,17:48,Y,02:48,4936,23 degr.,SE,mostly sunny,F Kristensen,M. Kattillus,K. Haltermann,J. Ford-Banist.,M. Hoffmann,R. Krahl,HD,1,10,HD27,"H,1,10,H27","14,4,111","RUSH:20,H37, TACK:20","G. Ameln rush for 10 yards to the HD37, 1ST DOWN HD (R. Kendall).","H,1,10,H37",rush,rush,0,6,23,NA,0,NA,14,H,HD,"KO,3,15:00,17","TD,3,08:56,100",14,83,6:04,KO,3,15:00,HD17,TD,3,08:56,BT00,NA
2022_01_BT_HD,BT,HD,Berlin Thunder,Hamburg Sea Devils,6/5/2022,Hamburg,Stadion Hoheluft,15:00,17:48,Y,02:48,4936,23 degr.,SE,mostly sunny,F Kristensen,M. Kattillus,K. Haltermann,J. Ford-Banist.,M. Hoffmann,R. Krahl,HD,1,10,HD37,"H,1,10,H37","14,5,112","PASS:1,I,16,*",S. Ceesay pass incomplete to L. Jordan II.,"H,2,10,H37",pass,NA,0,6,23,NA,0,NA,14,H,HD,"KO,3,15:00,17","TD,3,08:56,100",14,83,6:04,KO,3,15:00,HD17,TD,3,08:56,BT00,NA
2022_01_BT_HD,BT,HD,Berlin Thunder,Hamburg Sea Devils,6/5/2022,Hamburg,Stadion Hoheluft,15:00,17:48,Y,02:48,4936,23 degr.,SE,mostly sunny,F Kristensen,M. Kattillus,K. Haltermann,J. Ford-Banist.,M. Hoffmann,R. Krahl,HD,2,10,HD37,"H,2,10,H37","14,6,113","RUSH:20,H44, TACK:21",G. Ameln rush for 7 yards to the HD44 (A. Kilani).,"H,3,3,H44",rush,NA,0,6,23,NA,0,NA,14,H,HD,"KO,3,15:00,17","TD,3,08:56,100",14,83,6:04,KO,3,15:00,HD17,TD,3,08:56,BT00,NA
2022_01_BT_HD,BT,HD,Berlin Thunder,Hamburg Sea Devils,6/5/2022,Hamburg,Stadion Hoheluft,15:00,17:48,Y,02:48,4936,23 degr.,SE,mostly sunny,F Kristensen,M. Kattillus,K. Haltermann,J. Ford-Banist.,M. Hoffmann,R. Krahl,HD,3,3,HD44,"H,3,3,H44","14,7,114","RUSH:20,H48, TACK:95","G. Ameln rush for 4 yards to the HD48, 1ST DOWN HD (N. Rudloff).","H,1,10,H48",rush,rush,0,6,23,NA,0,NA,14,H,HD,"KO,3,15:00,17","TD,3,08:56,100",14,83,6:04,KO,3,15:00,HD17,TD,3,08:56,BT00,NA
2022_01_BT_HD,BT,HD,Berlin Thunder,Hamburg Sea Devils,6/5/2022,Hamburg,Stadion Hoheluft,15:00,17:48,Y,02:48,4936,23 degr.,SE,mostly sunny,F Kristensen,M. Kattillus,K. Haltermann,J. Ford-Banist.,M. Hoffmann,R. Krahl,HD,1,10,HD48,"H,1,10,H48","14,8,115","RUSH:20,H50, TACK:8,27",G. Ameln rush for 2 yards to the 50 yardline (P. Seifert;R. Khefif).,"H,2,8,H50",rush,NA,0,6,23,NA,0,NA,14,H,HD,"KO,3,15:00,17","TD,3,08:56,100",14,83,6:04,KO,3,15:00,HD17,TD,3,08:56,BT00,NA
2022_01_BT_HD,BT,HD,Berlin Thunder,Hamburg Sea Devils,6/5/2022,Hamburg,Stadion Hoheluft,15:00,17:48,Y,02:48,4936,23 degr.,SE,mostly sunny,F Kristensen,M. Kattillus,K. Haltermann,J. Ford-Banist.,M. Hoffmann,R. Krahl,HD,2,8,HD50,"H,2,8,H50","14,9,116","PASS:1,C,10,V44 TACK:8",S. Ceesay pass complete to J. Madin Cerezo for 6 yards to the BT44 (P. Seifert).,"H,3,2,V44",pass,NA,0,6,23,NA,0,NA,14,H,HD,"KO,3,15:00,17","TD,3,08:56,100",14,83,6:04,KO,3,15:00,HD17,TD,3,08:56,BT00,NA
2022_01_BT_HD,BT,HD,Berlin Thunder,Hamburg Sea Devils,6/5/2022,Hamburg,Stadion Hoheluft,15:00,17:48,Y,02:48,4936,23 degr.,SE,mostly sunny,F Kristensen,M. Kattillus,K. Haltermann,J. Ford-Banist.,M. Hoffmann,R. Krahl,HD,3,2,BT44,"H,3,2,V44","14,10,117","RUSH:1,V45, TACK:44",S. Ceesay rush for loss of 1 yard to the BT45 (M. Steffen).,"H,4,3,V45",rush,NA,0,6,23,NA,0,NA,14,H,HD,"KO,3,15:00,17","TD,3,08:56,100",14,83,6:04,KO,3,15:00,HD17,TD,3,08:56,BT00,NA
2022_01_BT_HD,BT,HD,Berlin Thunder,Hamburg Sea Devils,6/5/2022,Hamburg,Stadion Hoheluft,15:00,17:48,Y,02:48,4936,23 degr.,SE,mostly sunny,F Kristensen,M. Kattillus,K. Haltermann,J. Ford-Banist.,M. Hoffmann,R. Krahl,HD,4,3,BT45,"H,4,3,V45","14,11,118","RUSH:1,V38, TACK:30,8","S. Ceesay rush for 7 yards to the BT38, 1ST DOWN HD (L. Myr√©n;P. Seifert).","H,1,10,V38",rush,rush,0,6,23,NA,0,NA,14,H,HD,"KO,3,15:00,17","TD,3,08:56,100",14,83,6:04,KO,3,15:00,HD17,TD,3,08:56,BT00,NA
2022_01_BT_HD,BT,HD,Berlin Thunder,Hamburg Sea Devils,6/5/2022,Hamburg,Stadion Hoheluft,15:00,17:48,Y,02:48,4936,23 degr.,SE,mostly sunny,F Kristensen,M. Kattillus,K. Haltermann,J. Ford-Banist.,M. Hoffmann,R. Krahl,HD,1,10,BT38,"H,1,10,V38","14,12,119","RUSH:26,V39, TACK:30",S. Homadi rush for loss of 1 yard to the BT39 (L. Myr√©n).,"H,2,11,V39",rush,NA,0,6,23,NA,0,NA,14,H,HD,"KO,3,15:00,17","TD,3,08:56,100",14,83,6:04,KO,3,15:00,HD17,TD,3,08:56,BT00,NA
2022_01_BT_HD,BT,HD,Berlin Thunder,Hamburg Sea Devils,6/5/2022,Hamburg,Stadion Hoheluft,15:00,17:48,Y,02:48,4936,23 degr.,SE,mostly sunny,F Kristensen,M. Kattillus,K. Haltermann,J. Ford-Banist.,M. Hoffmann,R. Krahl,HD,2,11,BT39,"H,2,11,V39","14,13,120","RUSH:7,V27, TACK:20","G. Toonga rush for 12 yards to the BT27, 1ST DOWN HD (R. Kendall).","H,1,10,V27",rush,rush,0,6,23,NA,0,NA,14,H,HD,"KO,3,15:00,17","TD,3,08:56,100",14,83,6:04,KO,3,15:00,HD17,TD,3,08:56,BT00,NA
2022_01_BT_HD,BT,HD,Berlin Thunder,Hamburg Sea Devils,6/5/2022,Hamburg,Stadion Hoheluft,15:00,17:48,Y,02:48,4936,23 degr.,SE,mostly sunny,F Kristensen,M. Kattillus,K. Haltermann,J. Ford-Banist.,M. Hoffmann,R. Krahl,HD,1,10,BT27,"H,1,10,V27","14,14,121","RUSH:7,V23, TACK:45,8",G. Toonga rush for 4 yards to the BT23 (K. Kitchens;P. Seifert).,"H,2,6,V23",rush,NA,0,6,23,NA,0,NA,14,H,HD,"KO,3,15:00,17","TD,3,08:56,100",14,83,6:04,KO,3,15:00,HD17,TD,3,08:56,BT00,NA
2022_01_BT_HD,BT,HD,Berlin Thunder,Hamburg Sea Devils,6/5/2022,Hamburg,Stadion Hoheluft,15:00,17:48,Y,02:48,4936,23 degr.,SE,mostly sunny,F Kristensen,M. Kattillus,K. Haltermann,J. Ford-Banist.,M. Hoffmann,R. Krahl,HD,2,6,BT23,"H,2,6,V23","14,15,122","RUSH:7,V00, T:08:56 PAT:K,8,G","G. Toonga rush for 23 yards to the BT0, 1ST DOWN HD, TOUCHDOWN, clock 08:56, E. Schlomm kick attempt good.","H,1,0,H30",pat,rush,1,6,30,08:56,0,NA,14,H,HD,"KO,3,15:00,17","TD,3,08:56,100",14,83,6:04,KO,3,15:00,HD17,TD,3,08:56,BT00,NA
2022_01_BT_HD,BT,HD,Berlin Thunder,Hamburg Sea Devils,6/5/2022,Hamburg,Stadion Hoheluft,15:00,17:48,Y,02:48,4936,23 degr.,SE,mostly sunny,F Kristensen,M. Kattillus,K. Haltermann,J. Ford-Banist.,M. Hoffmann,R. Krahl,HD,1,0,HD30,"H,1,0,H30","14,16,123","KO:8,V00 TB:","E. Schlomm kickoff 70 yards to the BT0, touchback.","V,1,10,V20",kick_off,NA,0,6,30,NA,0,NA,14,H,HD,"KO,3,15:00,17","TD,3,08:56,100",14,83,6:04,KO,3,15:00,HD17,TD,3,08:56,BT00,NA
2022_01_BT_HD,BT,HD,Berlin Thunder,Hamburg Sea Devils,6/5/2022,Hamburg,Stadion Hoheluft,15:00,17:48,Y,02:48,4936,23 degr.,SE,mostly sunny,F Kristensen,M. Kattillus,K. Haltermann,J. Ford-Banist.,M. Hoffmann,R. Krahl,BT,1,10,BT20,"V,1,10,V20","15,1,124",{DRIVE}:08:56,BERLIN THUNDER drive start at 08:56.,"V,1,10,V20",NA,NA,0,6,30,08:56,0,NA,15,V,BT,"KO,3,08:56,20","INT,3,05:16,36",6,16,3:40,KO,3,08:56,BT20,INT,3,05:16,BT36,NA
2022_01_BT_HD,BT,HD,Berlin Thunder,Hamburg Sea Devils,6/5/2022,Hamburg,Stadion Hoheluft,15:00,17:48,Y,02:48,4936,23 degr.,SE,mostly sunny,F Kristensen,M. Kattillus,K. Haltermann,J. Ford-Banist.,M. Hoffmann,R. Krahl,BT,1,10,BT20,"V,1,10,V20","15,2,125","PASS:9,C,11,V24 TACK:52",J. Germinerio pass complete to B. Zerbe for 4 yards to the BT24 (A. Mati).,"V,2,6,V24",pass,NA,0,6,30,NA,0,NA,15,V,BT,"KO,3,08:56,20","INT,3,05:16,36",6,16,3:40,KO,3,08:56,BT20,INT,3,05:16,BT36,NA
2022_01_BT_HD,BT,HD,Berlin Thunder,Hamburg Sea Devils,6/5/2022,Hamburg,Stadion Hoheluft,15:00,17:48,Y,02:48,4936,23 degr.,SE,mostly sunny,F Kristensen,M. Kattillus,K. Haltermann,J. Ford-Banist.,M. Hoffmann,R. Krahl,BT,2,6,BT24,"V,2,6,V24","15,3,126","RUSH:5,V27, TACK:99,95",G. DePauli rush for 3 yards to the BT27 (N. Imasuen;E. Yeboah).,"V,3,3,V27",rush,NA,0,6,30,NA,0,NA,15,V,BT,"KO,3,08:56,20","INT,3,05:16,36",6,16,3:40,KO,3,08:56,BT20,INT,3,05:16,BT36,NA
2022_01_BT_HD,BT,HD,Berlin Thunder,Hamburg Sea Devils,6/5/2022,Hamburg,Stadion Hoheluft,15:00,17:48,Y,02:48,4936,23 degr.,SE,mostly sunny,F Kristensen,M. Kattillus,K. Haltermann,J. Ford-Banist.,M. Hoffmann,R. Krahl,BT,3,3,BT27,"V,3,3,V27","15,4,127","PASS:9,C,1,V32 TACK:27","J. Germinerio pass complete to J. Crawford for 5 yards to the BT32, 1ST DOWN BT (L. Mueller).","V,1,10,V32",pass,pass,0,6,30,NA,0,NA,15,V,BT,"KO,3,08:56,20","INT,3,05:16,36",6,16,3:40,KO,3,08:56,BT20,INT,3,05:16,BT36,NA
2022_01_BT_HD,BT,HD,Berlin Thunder,Hamburg Sea Devils,6/5/2022,Hamburg,Stadion Hoheluft,15:00,17:48,Y,02:48,4936,23 degr.,SE,mostly sunny,F Kristensen,M. Kattillus,K. Haltermann,J. Ford-Banist.,M. Hoffmann,R. Krahl,BT,1,10,BT32,"V,1,10,V32","15,5,128","RUSH:1,V37, TACK:96,95",J. Crawford rush for 5 yards to the BT37 (T. Haenni;E. Yeboah).,"V,2,5,V37",rush,NA,0,6,30,NA,0,NA,15,V,BT,"KO,3,08:56,20","INT,3,05:16,36",6,16,3:40,KO,3,08:56,BT20,INT,3,05:16,BT36,NA
2022_01_BT_HD,BT,HD,Berlin Thunder,Hamburg Sea Devils,6/5/2022,Hamburg,Stadion Hoheluft,15:00,17:48,Y,02:48,4936,23 degr.,SE,mostly sunny,F Kristensen,M. Kattillus,K. Haltermann,J. Ford-Banist.,M. Hoffmann,R. Krahl,BT,2,5,BT37,"V,2,5,V37","15,6,129","PASS:9,C,1,V36",J. Germinerio pass complete to J. Crawford for loss of 1 yard to the BT36.,"V,3,6,V36",pass,NA,0,6,30,NA,0,NA,15,V,BT,"KO,3,08:56,20","INT,3,05:16,36",6,16,3:40,KO,3,08:56,BT20,INT,3,05:16,BT36,NA
2022_01_BT_HD,BT,HD,Berlin Thunder,Hamburg Sea Devils,6/5/2022,Hamburg,Stadion Hoheluft,15:00,17:48,Y,02:48,4936,23 degr.,SE,mostly sunny,F Kristensen,M. Kattillus,K. Haltermann,J. Ford-Banist.,M. Hoffmann,R. Krahl,BT,3,6,BT36,"V,3,6,V36","15,7,130","PASS:9,X,25,H46 RET:25,V21 TACK:70,66","J. Germinerio pass intercepted by D. Brown Jr. at the HD46, D. Brown Jr. return 33 yards to the BT21 (T. Rodlauer;L. Cornwall-Bap).","H,1,10,V21",pass,NA,0,6,30,NA,0,I,15,V,BT,"KO,3,08:56,20","INT,3,05:16,36",6,16,3:40,KO,3,08:56,BT20,INT,3,05:16,BT36,NA
2022_01_BT_HD,BT,HD,Berlin Thunder,Hamburg Sea Devils,6/5/2022,Hamburg,Stadion Hoheluft,15:00,17:48,Y,02:48,4936,23 degr.,SE,mostly sunny,F Kristensen,M. Kattillus,K. Haltermann,J. Ford-Banist.,M. Hoffmann,R. Krahl,HD,1,10,BT21,"H,1,10,V21","16,1,131",{DRIVE}:05:16,HAMBURG SEA DEVILS drive start at 05:16.,"H,1,10,V21",NA,NA,0,6,30,05:16,0,NA,16,H,HD,"INT,3,05:16,79","TD,3,03:58,100",4,21,1:18,INT,3,05:16,BT21,TD,3,03:58,BT00,1
2022_01_BT_HD,BT,HD,Berlin Thunder,Hamburg Sea Devils,6/5/2022,Hamburg,Stadion Hoheluft,15:00,17:48,Y,02:48,4936,23 degr.,SE,mostly sunny,F Kristensen,M. Kattillus,K. Haltermann,J. Ford-Banist.,M. Hoffmann,R. Krahl,HD,1,10,BT21,"H,1,10,V21","16,2,132","RUSH:7,V14, TACK:30,27",G. Toonga rush for 7 yards to the BT14 (L. Myr√©n;R. Khefif).,"H,2,3,V14",rush,NA,0,6,30,NA,0,NA,16,H,HD,"INT,3,05:16,79","TD,3,03:58,100",4,21,1:18,INT,3,05:16,BT21,TD,3,03:58,BT00,1
2022_01_BT_HD,BT,HD,Berlin Thunder,Hamburg Sea Devils,6/5/2022,Hamburg,Stadion Hoheluft,15:00,17:48,Y,02:48,4936,23 degr.,SE,mostly sunny,F Kristensen,M. Kattillus,K. Haltermann,J. Ford-Banist.,M. Hoffmann,R. Krahl,HD,2,3,BT14,"H,2,3,V14","16,3,133","RUSH:7,V10, TACK:30","G. Toonga rush for 4 yards to the BT10, 1ST DOWN HD (L. Myr√©n).","H,1,0,V10",rush,rush,0,6,30,NA,0,NA,16,H,HD,"INT,3,05:16,79","TD,3,03:58,100",4,21,1:18,INT,3,05:16,BT21,TD,3,03:58,BT00,1
2022_01_BT_HD,BT,HD,Berlin Thunder,Hamburg Sea Devils,6/5/2022,Hamburg,Stadion Hoheluft,15:00,17:48,Y,02:48,4936,23 degr.,SE,mostly sunny,F Kristensen,M. Kattillus,K. Haltermann,J. Ford-Banist.,M. Hoffmann,R. Krahl,HD,1,0,BT10,"H,1,0,V10","16,4,134","RUSH:7,V01, TACK:21",G. Toonga rush for 9 yards to the BT1 (A. Kilani).,"H,2,0,V01",rush,NA,0,6,30,NA,0,NA,16,H,HD,"INT,3,05:16,79","TD,3,03:58,100",4,21,1:18,INT,3,05:16,BT21,TD,3,03:58,BT00,1
2022_01_BT_HD,BT,HD,Berlin Thunder,Hamburg Sea Devils,6/5/2022,Hamburg,Stadion Hoheluft,15:00,17:48,Y,02:48,4936,23 degr.,SE,mostly sunny,F Kristensen,M. Kattillus,K. Haltermann,J. Ford-Banist.,M. Hoffmann,R. Krahl,HD,2,0,BT01,"H,2,0,V01","16,5,135","RUSH:7,V00, T:03:58 PAT:K,8,G","G. Toonga rush for 1 yard to the BT0, 1ST DOWN HD, TOUCHDOWN, clock 03:58, E. Schlomm kick attempt good.","H,1,0,H30",pat,rush,1,6,37,03:58,0,NA,16,H,HD,"INT,3,05:16,79","TD,3,03:58,100",4,21,1:18,INT,3,05:16,BT21,TD,3,03:58,BT00,1
2022_01_BT_HD,BT,HD,Berlin Thunder,Hamburg Sea Devils,6/5/2022,Hamburg,Stadion Hoheluft,15:00,17:48,Y,02:48,4936,23 degr.,SE,mostly sunny,F Kristensen,M. Kattillus,K. Haltermann,J. Ford-Banist.,M. Hoffmann,R. Krahl,HD,1,0,HD30,"H,1,0,H30","16,6,136","KO:8,V04 RET:22,V24 TACK:59 PEN:H,IS,A,37,V29,N D:1,10 SPOT:V,V29,Y","E. Schlomm kickoff 66 yards to the BT4, A. Wiesigstrauc return 20 yards to the BT24 (L. Deiana), PENALTY HD IS (37) 5 yards to the BT29, 1st and 10, BT ball on BT29.","V,1,10,V29",kick_off,NA,0,6,37,NA,0,NA,16,H,HD,"INT,3,05:16,79","TD,3,03:58,100",4,21,1:18,INT,3,05:16,BT21,TD,3,03:58,BT00,1
2022_01_BT_HD,BT,HD,Berlin Thunder,Hamburg Sea Devils,6/5/2022,Hamburg,Stadion Hoheluft,15:00,17:48,Y,02:48,4936,23 degr.,SE,mostly sunny,F Kristensen,M. Kattillus,K. Haltermann,J. Ford-Banist.,M. Hoffmann,R. Krahl,BT,1,10,BT29,"V,1,10,V29","17,1,137",{DRIVE}:03:58,BERLIN THUNDER drive start at 03:58.,"V,1,10,V29",NA,NA,0,6,37,03:58,0,NA,17,V,BT,"KO,3,03:58,29","TD,4,14:56,100",7,71,4:02,KO,3,03:58,BT29,TD,4,14:56,HD00,1
2022_01_BT_HD,BT,HD,Berlin Thunder,Hamburg Sea Devils,6/5/2022,Hamburg,Stadion Hoheluft,15:00,17:48,Y,02:48,4936,23 degr.,SE,mostly sunny,F Kristensen,M. Kattillus,K. Haltermann,J. Ford-Banist.,M. Hoffmann,R. Krahl,BT,1,10,BT29,"V,1,10,V29","17,2,138","RUSH:1,V34, TACK:3,27",J. Crawford rush for 5 yards to the BT34 (M. Boock;L. Mueller).,"V,2,5,V34",rush,NA,0,6,37,NA,0,NA,17,V,BT,"KO,3,03:58,29","TD,4,14:56,100",7,71,4:02,KO,3,03:58,BT29,TD,4,14:56,HD00,1
2022_01_BT_HD,BT,HD,Berlin Thunder,Hamburg Sea Devils,6/5/2022,Hamburg,Stadion Hoheluft,15:00,17:48,Y,02:48,4936,23 degr.,SE,mostly sunny,F Kristensen,M. Kattillus,K. Haltermann,J. Ford-Banist.,M. Hoffmann,R. Krahl,BT,2,5,BT34,"V,2,5,V34","17,3,139","RUSH:9,V32, TACK:99",J. Germinerio rush for loss of 2 yards to the BT32 (N. Imasuen).,"V,3,7,V32",rush,NA,0,6,37,NA,0,NA,17,V,BT,"KO,3,03:58,29","TD,4,14:56,100",7,71,4:02,KO,3,03:58,BT29,TD,4,14:56,HD00,1
2022_01_BT_HD,BT,HD,Berlin Thunder,Hamburg Sea Devils,6/5/2022,Hamburg,Stadion Hoheluft,15:00,17:48,Y,02:48,4936,23 degr.,SE,mostly sunny,F Kristensen,M. Kattillus,K. Haltermann,J. Ford-Banist.,M. Hoffmann,R. Krahl,BT,3,7,BT32,"V,3,7,V32","17,4,140",TOUT:V T:02:27,"Timeout Berlin Thunder, clock 02:27.","V,3,7,V32",NA,NA,0,6,37,02:27,0,NA,17,V,BT,"KO,3,03:58,29","TD,4,14:56,100",7,71,4:02,KO,3,03:58,BT29,TD,4,14:56,HD00,1
2022_01_BT_HD,BT,HD,Berlin Thunder,Hamburg Sea Devils,6/5/2022,Hamburg,Stadion Hoheluft,15:00,17:48,Y,02:48,4936,23 degr.,SE,mostly sunny,F Kristensen,M. Kattillus,K. Haltermann,J. Ford-Banist.,M. Hoffmann,R. Krahl,BT,3,7,BT32,"V,3,7,V32","17,5,141","PASS:9,B,7,* BRUP:23 PEN:H,DPI,A,23,H35,1 NOPLAY:","J. Germinerio pass incomplete to R. Wilzeck (J. Rogers), PENALTY HD Defensive Pass Interference (J. Rogers) 33 yards to the HD35, 1ST DOWN BT, NO PLAY.","V,1,10,H35",penalty,penalty,0,6,37,NA,0,NA,17,V,BT,"KO,3,03:58,29","TD,4,14:56,100",7,71,4:02,KO,3,03:58,BT29,TD,4,14:56,HD00,1
2022_01_BT_HD,BT,HD,Berlin Thunder,Hamburg Sea Devils,6/5/2022,Hamburg,Stadion Hoheluft,15:00,17:48,Y,02:48,4936,23 degr.,SE,mostly sunny,F Kristensen,M. Kattillus,K. Haltermann,J. Ford-Banist.,M. Hoffmann,R. Krahl,BT,1,10,HD35,"V,1,10,H35","17,6,142","RUSH:1,H32, TACK:3",J. Crawford rush for 3 yards to the HD32 (M. Boock).,"V,2,7,H32",rush,NA,0,6,37,NA,0,NA,17,V,BT,"KO,3,03:58,29","TD,4,14:56,100",7,71,4:02,KO,3,03:58,BT29,TD,4,14:56,HD00,1
2022_01_BT_HD,BT,HD,Berlin Thunder,Hamburg Sea Devils,6/5/2022,Hamburg,Stadion Hoheluft,15:00,17:48,Y,02:48,4936,23 degr.,SE,mostly sunny,F Kristensen,M. Kattillus,K. Haltermann,J. Ford-Banist.,M. Hoffmann,R. Krahl,BT,2,7,HD32,"V,2,7,H32","17,7,143","PASS:9,C,13,H24 TACK:27,52","J. Germinerio pass complete to Y. Binner for 8 yards to the HD24, 1ST DOWN BT (L. Mueller;A. Mati).","V,1,10,H24",pass,pass,0,6,37,NA,0,NA,17,V,BT,"KO,3,03:58,29","TD,4,14:56,100",7,71,4:02,KO,3,03:58,BT29,TD,4,14:56,HD00,1
2022_01_BT_HD,BT,HD,Berlin Thunder,Hamburg Sea Devils,6/5/2022,Hamburg,Stadion Hoheluft,15:00,17:48,Y,02:48,4936,23 degr.,SE,mostly sunny,F Kristensen,M. Kattillus,K. Haltermann,J. Ford-Banist.,M. Hoffmann,R. Krahl,BT,1,10,HD24,"V,1,10,H24","17,8,144","RUSH:9,H13, TACK:91","J. Germinerio rush for 11 yards to the HD13, 1ST DOWN BT (K. Edebali).","V,1,10,H13",rush,rush,0,6,37,NA,0,NA,17,V,BT,"KO,3,03:58,29","TD,4,14:56,100",7,71,4:02,KO,3,03:58,BT29,TD,4,14:56,HD00,1
2022_01_BT_HD,BT,HD,Berlin Thunder,Hamburg Sea Devils,6/5/2022,Hamburg,Stadion Hoheluft,15:00,17:48,Y,02:48,4936,23 degr.,SE,mostly sunny,F Kristensen,M. Kattillus,K. Haltermann,J. Ford-Banist.,M. Hoffmann,R. Krahl,BT,1,10,HD13,"V,1,10,H13","17,9,145","PASS:9,C,11,H08 TACK:27",J. Germinerio pass complete to B. Zerbe for 5 yards to the HD8 (L. Mueller).,"V,2,5,H08",pass,NA,0,6,37,NA,0,NA,17,V,BT,"KO,3,03:58,29","TD,4,14:56,100",7,71,4:02,KO,3,03:58,BT29,TD,4,14:56,HD00,1
2022_01_BT_HD,BT,HD,Berlin Thunder,Hamburg Sea Devils,6/5/2022,Hamburg,Stadion Hoheluft,15:00,17:48,Y,02:48,4936,23 degr.,SE,mostly sunny,F Kristensen,M. Kattillus,K. Haltermann,J. Ford-Banist.,M. Hoffmann,R. Krahl,BT,2,5,HD08,"V,2,5,H08","17,10,146",Q:4 T:15:00,"Start of 4th quarter, clock 15:00.","V,2,5,H08",NA,NA,0,6,37,15:00,0,NA,17,V,BT,"KO,3,03:58,29","TD,4,14:56,100",7,71,4:02,KO,3,03:58,BT29,TD,4,14:56,HD00,1
2022_01_BT_HD,BT,HD,Berlin Thunder,Hamburg Sea Devils,6/5/2022,Hamburg,Stadion Hoheluft,15:00,17:48,Y,02:48,4936,23 degr.,SE,mostly sunny,F Kristensen,M. Kattillus,K. Haltermann,J. Ford-Banist.,M. Hoffmann,R. Krahl,BT,2,5,HD08,"V,2,5,H08","17,11,147",TOUT:H T:15:00,"Timeout Hamburg Sea Devils, clock 15:00.","V,2,5,H08",NA,NA,0,6,37,15:00,0,NA,17,V,BT,"KO,3,03:58,29","TD,4,14:56,100",7,71,4:02,KO,3,03:58,BT29,TD,4,14:56,HD00,1
2022_01_BT_HD,BT,HD,Berlin Thunder,Hamburg Sea Devils,6/5/2022,Hamburg,Stadion Hoheluft,15:00,17:48,Y,02:48,4936,23 degr.,SE,mostly sunny,F Kristensen,M. Kattillus,K. Haltermann,J. Ford-Banist.,M. Hoffmann,R. Krahl,BT,2,5,HD08,"V,2,5,H08","17,12,148","PASS:9,C,13,H00 T:14:56 PEN:V,DG,A,9,H07,N PAT:P,9,X,27,N","J. Germinerio pass complete to Y. Binner for 8 yards to the HD0, 1ST DOWN BT, TOUCHDOWN, clock 14:56, PENALTY BT Delay of Game (J. Germinerio) 8 yards to the HD7, J. Germinerio pass attempt failed (intercepted), returned by L. Mueller - no score.","V,1,0,V30",pat,pass,1,12,37,14:56,0,NA,17,V,BT,"KO,3,03:58,29","TD,4,14:56,100",7,71,4:02,KO,3,03:58,BT29,TD,4,14:56,HD00,1
2022_01_BT_HD,BT,HD,Berlin Thunder,Hamburg Sea Devils,6/5/2022,Hamburg,Stadion Hoheluft,15:00,17:48,Y,02:48,4936,23 degr.,SE,mostly sunny,F Kristensen,M. Kattillus,K. Haltermann,J. Ford-Banist.,M. Hoffmann,R. Krahl,BT,1,0,BT30,"V,1,0,V30","17,13,149","D:1,10",1st and 10.,"V,1,10,V30",NA,NA,0,12,37,NA,0,NA,17,V,BT,"KO,3,03:58,29","TD,4,14:56,100",7,71,4:02,KO,3,03:58,BT29,TD,4,14:56,HD00,1
2022_01_BT_HD,BT,HD,Berlin Thunder,Hamburg Sea Devils,6/5/2022,Hamburg,Stadion Hoheluft,15:00,17:48,Y,02:48,4936,23 degr.,SE,mostly sunny,F Kristensen,M. Kattillus,K. Haltermann,J. Ford-Banist.,M. Hoffmann,R. Krahl,BT,1,10,BT30,"V,1,10,V30","17,14,150","KO:26,H10 RET:16,H36 TACK:30","J. Schenderlein kickoff 60 yards to the HD10, L. Jordan II return 26 yards to the HD36 (L. Myr√©n).","H,1,10,H36",kick_off,NA,0,12,37,NA,0,NA,17,V,BT,"KO,3,03:58,29","TD,4,14:56,100",7,71,4:02,KO,3,03:58,BT29,TD,4,14:56,HD00,1
2022_01_BT_HD,BT,HD,Berlin Thunder,Hamburg Sea Devils,6/5/2022,Hamburg,Stadion Hoheluft,15:00,17:48,Y,02:48,4936,23 degr.,SE,mostly sunny,F Kristensen,M. Kattillus,K. Haltermann,J. Ford-Banist.,M. Hoffmann,R. Krahl,HD,1,10,HD36,"H,1,10,H36","18,1,151",{DRIVE}:14:49,HAMBURG SEA DEVILS drive start at 14:49.,"H,1,10,H36",NA,NA,0,12,37,14:49,0,NA,18,H,HD,"KO,4,14:49,36","FUMB,4,12:39,82",5,46,2:10,KO,4,14:49,HD36,FUMB,4,12:39,BT18,NA
2022_01_BT_HD,BT,HD,Berlin Thunder,Hamburg Sea Devils,6/5/2022,Hamburg,Stadion Hoheluft,15:00,17:48,Y,02:48,4936,23 degr.,SE,mostly sunny,F Kristensen,M. Kattillus,K. Haltermann,J. Ford-Banist.,M. Hoffmann,R. Krahl,HD,1,10,HD36,"H,1,10,H36","18,2,152","PASS:1,C,5,H47 TACK:8","S. Ceesay pass complete to J. Constant for 11 yards to the HD47, 1ST DOWN HD (P. Seifert).","H,1,10,H47",pass,pass,0,12,37,NA,0,NA,18,H,HD,"KO,4,14:49,36","FUMB,4,12:39,82",5,46,2:10,KO,4,14:49,HD36,FUMB,4,12:39,BT18,NA
2022_01_BT_HD,BT,HD,Berlin Thunder,Hamburg Sea Devils,6/5/2022,Hamburg,Stadion Hoheluft,15:00,17:48,Y,02:48,4936,23 degr.,SE,mostly sunny,F Kristensen,M. Kattillus,K. Haltermann,J. Ford-Banist.,M. Hoffmann,R. Krahl,HD,1,10,HD47,"H,1,10,H47","18,3,153","RUSH:20,V49, TACK:27,8",G. Ameln rush for 4 yards to the BT49 (R. Khefif;P. Seifert).,"H,2,6,V49",rush,NA,0,12,37,NA,0,NA,18,H,HD,"KO,4,14:49,36","FUMB,4,12:39,82",5,46,2:10,KO,4,14:49,HD36,FUMB,4,12:39,BT18,NA
2022_01_BT_HD,BT,HD,Berlin Thunder,Hamburg Sea Devils,6/5/2022,Hamburg,Stadion Hoheluft,15:00,17:48,Y,02:48,4936,23 degr.,SE,mostly sunny,F Kristensen,M. Kattillus,K. Haltermann,J. Ford-Banist.,M. Hoffmann,R. Krahl,HD,2,6,BT49,"H,2,6,V49","18,4,155","RUSH:26,V30, TACK:20","S. Homadi rush for 19 yards to the BT30, 1ST DOWN HD (R. Kendall).","H,1,10,V30",rush,rush,0,12,37,NA,0,NA,18,H,HD,"KO,4,14:49,36","FUMB,4,12:39,82",5,46,2:10,KO,4,14:49,HD36,FUMB,4,12:39,BT18,NA
2022_01_BT_HD,BT,HD,Berlin Thunder,Hamburg Sea Devils,6/5/2022,Hamburg,Stadion Hoheluft,15:00,17:48,Y,02:48,4936,23 degr.,SE,mostly sunny,F Kristensen,M. Kattillus,K. Haltermann,J. Ford-Banist.,M. Hoffmann,R. Krahl,HD,1,10,BT30,"H,1,10,V30","18,5,156","RUSH:26,V29, TACK:21",S. Homadi rush for 1 yard to the BT29 (A. Kilani).,"H,2,9,V29",rush,NA,0,12,37,NA,0,NA,18,H,HD,"KO,4,14:49,36","FUMB,4,12:39,82",5,46,2:10,KO,4,14:49,HD36,FUMB,4,12:39,BT18,NA
2022_01_BT_HD,BT,HD,Berlin Thunder,Hamburg Sea Devils,6/5/2022,Hamburg,Stadion Hoheluft,15:00,17:48,Y,02:48,4936,23 degr.,SE,mostly sunny,F Kristensen,M. Kattillus,K. Haltermann,J. Ford-Banist.,M. Hoffmann,R. Krahl,HD,2,9,BT29,"H,2,9,V29","18,6,157","RUSH:45,V26, FORCE:45 FUMB:V,V18,20","J. Sarfo rush for 3 yards to the BT26, fumble forced by K. Kitchens, fumble by J. Sarfo recovered by BT R. Kendall at BT18.","V,1,10,V18",rush,NA,0,12,37,NA,0,F,18,H,HD,"KO,4,14:49,36","FUMB,4,12:39,82",5,46,2:10,KO,4,14:49,HD36,FUMB,4,12:39,BT18,NA
2022_01_BT_HD,BT,HD,Berlin Thunder,Hamburg Sea Devils,6/5/2022,Hamburg,Stadion Hoheluft,15:00,17:48,Y,02:48,4936,23 degr.,SE,mostly sunny,F Kristensen,M. Kattillus,K. Haltermann,J. Ford-Banist.,M. Hoffmann,R. Krahl,BT,1,10,BT18,"V,1,10,V18","19,1,158","RUSH:1,V20, FORCE:94 FUMB:H,V16,15 +:15,V00 T:12:39","J. Crawford rush for 2 yards to the BT20, fumble forced by B. Grube, fumble by J. Crawford recovered by HD K. Fortes at BT16, K. Fortes for 16 yards to the BT0, TOUCHDOWN, clock 12:39.","H,1,10,V15",rush,NA,1,12,43,12:39,0,F,19,V,BT,"FUMB,4,00:00,18","FUMB,4,12:39,16",1,-2,0:00,FUMB,4,00:00,BT18,FUMB,4,12:39,BT16,NA
2022_01_BT_HD,BT,HD,Berlin Thunder,Hamburg Sea Devils,6/5/2022,Hamburg,Stadion Hoheluft,15:00,17:48,Y,02:48,4936,23 degr.,SE,mostly sunny,F Kristensen,M. Kattillus,K. Haltermann,J. Ford-Banist.,M. Hoffmann,R. Krahl,HD,1,10,BT15,"H,1,10,V15","20,1,159","PAT:K,8,M",E. Schlomm kick attempt failed.,"H,1,0,H30",pat,NA,0,12,43,NA,0,NA,20,H,HD,"FUMB,4,12:39,84","TD,4,12:39,84",0,0,0:00,FUMB,4,12:39,BT16,TD,4,12:39,BT16,NA
2022_01_BT_HD,BT,HD,Berlin Thunder,Hamburg Sea Devils,6/5/2022,Hamburg,Stadion Hoheluft,15:00,17:48,Y,02:48,4936,23 degr.,SE,mostly sunny,F Kristensen,M. Kattillus,K. Haltermann,J. Ford-Banist.,M. Hoffmann,R. Krahl,HD,1,0,HD30,"H,1,0,H30","20,2,160","KO:8,V00 TB:","E. Schlomm kickoff 70 yards to the BT0, touchback.","V,1,10,V20",kick_off,NA,0,12,43,NA,0,NA,20,H,HD,"FUMB,4,12:39,84","TD,4,12:39,84",0,0,0:00,FUMB,4,12:39,BT16,TD,4,12:39,BT16,NA
2022_01_BT_HD,BT,HD,Berlin Thunder,Hamburg Sea Devils,6/5/2022,Hamburg,Stadion Hoheluft,15:00,17:48,Y,02:48,4936,23 degr.,SE,mostly sunny,F Kristensen,M. Kattillus,K. Haltermann,J. Ford-Banist.,M. Hoffmann,R. Krahl,BT,1,10,BT20,"V,1,10,V20","21,1,161",{DRIVE}:12:39,BERLIN THUNDER drive start at 12:39.,"V,1,10,V20",NA,NA,0,12,43,12:39,0,NA,21,V,BT,"KO,4,12:39,20","PUNT,4,12:03,22",3,2,0:36,KO,4,12:39,BT20,PUNT,4,12:03,BT22,NA
2022_01_BT_HD,BT,HD,Berlin Thunder,Hamburg Sea Devils,6/5/2022,Hamburg,Stadion Hoheluft,15:00,17:48,Y,02:48,4936,23 degr.,SE,mostly sunny,F Kristensen,M. Kattillus,K. Haltermann,J. Ford-Banist.,M. Hoffmann,R. Krahl,BT,1,10,BT20,"V,1,10,V20","21,2,162","RUSH:9,V22, TACK:40",J. Germinerio rush for 2 yards to the BT22 (M. Spiegel).,"V,2,8,V22",rush,NA,0,12,43,NA,0,NA,21,V,BT,"KO,4,12:39,20","PUNT,4,12:03,22",3,2,0:36,KO,4,12:39,BT20,PUNT,4,12:03,BT22,NA
2022_01_BT_HD,BT,HD,Berlin Thunder,Hamburg Sea Devils,6/5/2022,Hamburg,Stadion Hoheluft,15:00,17:48,Y,02:48,4936,23 degr.,SE,mostly sunny,F Kristensen,M. Kattillus,K. Haltermann,J. Ford-Banist.,M. Hoffmann,R. Krahl,BT,2,8,BT22,"V,2,8,V22","21,3,163","PASS:9,I,7,*",J. Germinerio pass incomplete to R. Wilzeck.,"V,3,8,V22",pass,NA,0,12,43,NA,0,NA,21,V,BT,"KO,4,12:39,20","PUNT,4,12:03,22",3,2,0:36,KO,4,12:39,BT20,PUNT,4,12:03,BT22,NA
2022_01_BT_HD,BT,HD,Berlin Thunder,Hamburg Sea Devils,6/5/2022,Hamburg,Stadion Hoheluft,15:00,17:48,Y,02:48,4936,23 degr.,SE,mostly sunny,F Kristensen,M. Kattillus,K. Haltermann,J. Ford-Banist.,M. Hoffmann,R. Krahl,BT,3,8,BT22,"V,3,8,V22","21,4,164",TOUT:V T:12:19,"Timeout Berlin Thunder, clock 12:19.","V,3,8,V22",NA,NA,0,12,43,12:19,0,NA,21,V,BT,"KO,4,12:39,20","PUNT,4,12:03,22",3,2,0:36,KO,4,12:39,BT20,PUNT,4,12:03,BT22,NA
2022_01_BT_HD,BT,HD,Berlin Thunder,Hamburg Sea Devils,6/5/2022,Hamburg,Stadion Hoheluft,15:00,17:48,Y,02:48,4936,23 degr.,SE,mostly sunny,F Kristensen,M. Kattillus,K. Haltermann,J. Ford-Banist.,M. Hoffmann,R. Krahl,BT,3,8,BT22,"V,3,8,V22","21,5,165","PASS:9,I,83,*",J. Germinerio pass incomplete to 83.,"V,4,8,V22",pass,NA,0,12,43,NA,0,NA,21,V,BT,"KO,4,12:39,20","PUNT,4,12:03,22",3,2,0:36,KO,4,12:39,BT20,PUNT,4,12:03,BT22,NA
2022_01_BT_HD,BT,HD,Berlin Thunder,Hamburg Sea Devils,6/5/2022,Hamburg,Stadion Hoheluft,15:00,17:48,Y,02:48,4936,23 degr.,SE,mostly sunny,F Kristensen,M. Kattillus,K. Haltermann,J. Ford-Banist.,M. Hoffmann,R. Krahl,BT,4,8,BT22,"V,4,8,V22","21,6,166","PUNT:26,V44 OB:","J. Schenderlein punt 22 yards to the BT44, out-of-bounds.","H,1,10,V44",punt,NA,0,12,43,NA,1,NA,21,V,BT,"KO,4,12:39,20","PUNT,4,12:03,22",3,2,0:36,KO,4,12:39,BT20,PUNT,4,12:03,BT22,NA
2022_01_BT_HD,BT,HD,Berlin Thunder,Hamburg Sea Devils,6/5/2022,Hamburg,Stadion Hoheluft,15:00,17:48,Y,02:48,4936,23 degr.,SE,mostly sunny,F Kristensen,M. Kattillus,K. Haltermann,J. Ford-Banist.,M. Hoffmann,R. Krahl,HD,1,10,BT44,"H,1,10,V44","22,1,167",{DRIVE}:12:03,HAMBURG SEA DEVILS drive start at 12:03.,"H,1,10,V44",NA,NA,0,12,43,12:03,0,NA,22,H,HD,"PUNT,4,12:03,56","INT,4,07:52,89",8,33,4:11,PUNT,4,12:03,BT44,INT,4,07:52,BT11,1
2022_01_BT_HD,BT,HD,Berlin Thunder,Hamburg Sea Devils,6/5/2022,Hamburg,Stadion Hoheluft,15:00,17:48,Y,02:48,4936,23 degr.,SE,mostly sunny,F Kristensen,M. Kattillus,K. Haltermann,J. Ford-Banist.,M. Hoffmann,R. Krahl,HD,1,10,BT44,"H,1,10,V44","22,2,168","RUSH:7,V44, TACK:95",G. Toonga rush for no gain to the BT44 (N. Rudloff).,"H,2,10,V44",rush,NA,0,12,43,NA,0,NA,22,H,HD,"PUNT,4,12:03,56","INT,4,07:52,89",8,33,4:11,PUNT,4,12:03,BT44,INT,4,07:52,BT11,1
2022_01_BT_HD,BT,HD,Berlin Thunder,Hamburg Sea Devils,6/5/2022,Hamburg,Stadion Hoheluft,15:00,17:48,Y,02:48,4936,23 degr.,SE,mostly sunny,F Kristensen,M. Kattillus,K. Haltermann,J. Ford-Banist.,M. Hoffmann,R. Krahl,HD,2,10,BT44,"H,2,10,V44","22,3,169","RUSH:7,V33, TACK:27,8","G. Toonga rush for 11 yards to the BT33, 1ST DOWN HD (R. Khefif;P. Seifert).","H,1,10,V33",rush,rush,0,12,43,NA,0,NA,22,H,HD,"PUNT,4,12:03,56","INT,4,07:52,89",8,33,4:11,PUNT,4,12:03,BT44,INT,4,07:52,BT11,1
2022_01_BT_HD,BT,HD,Berlin Thunder,Hamburg Sea Devils,6/5/2022,Hamburg,Stadion Hoheluft,15:00,17:48,Y,02:48,4936,23 degr.,SE,mostly sunny,F Kristensen,M. Kattillus,K. Haltermann,J. Ford-Banist.,M. Hoffmann,R. Krahl,HD,1,10,BT33,"H,1,10,V33","22,4,170","RUSH:7,V24, TACK:23",G. Toonga rush for 9 yards to the BT24 (P. Fischer).,"H,2,1,V24",rush,NA,0,12,43,NA,0,NA,22,H,HD,"PUNT,4,12:03,56","INT,4,07:52,89",8,33,4:11,PUNT,4,12:03,BT44,INT,4,07:52,BT11,1
2022_01_BT_HD,BT,HD,Berlin Thunder,Hamburg Sea Devils,6/5/2022,Hamburg,Stadion Hoheluft,15:00,17:48,Y,02:48,4936,23 degr.,SE,mostly sunny,F Kristensen,M. Kattillus,K. Haltermann,J. Ford-Banist.,M. Hoffmann,R. Krahl,HD,2,1,BT24,"H,2,1,V24","22,5,171","RUSH:7,V21, TACK:45,92","G. Toonga rush for 3 yards to the BT21, 1ST DOWN HD (K. Kitchens;T. Hiller).","H,1,10,V21",rush,rush,0,12,43,NA,0,NA,22,H,HD,"PUNT,4,12:03,56","INT,4,07:52,89",8,33,4:11,PUNT,4,12:03,BT44,INT,4,07:52,BT11,1
2022_01_BT_HD,BT,HD,Berlin Thunder,Hamburg Sea Devils,6/5/2022,Hamburg,Stadion Hoheluft,15:00,17:48,Y,02:48,4936,23 degr.,SE,mostly sunny,F Kristensen,M. Kattillus,K. Haltermann,J. Ford-Banist.,M. Hoffmann,R. Krahl,HD,1,10,BT21,"H,1,10,V21","22,6,172","RUSH:7,V09, TACK:45","G. Toonga rush for 12 yards to the BT9, 1ST DOWN HD (K. Kitchens).","H,1,0,V09",rush,rush,0,12,43,NA,0,NA,22,H,HD,"PUNT,4,12:03,56","INT,4,07:52,89",8,33,4:11,PUNT,4,12:03,BT44,INT,4,07:52,BT11,1
2022_01_BT_HD,BT,HD,Berlin Thunder,Hamburg Sea Devils,6/5/2022,Hamburg,Stadion Hoheluft,15:00,17:48,Y,02:48,4936,23 degr.,SE,mostly sunny,F Kristensen,M. Kattillus,K. Haltermann,J. Ford-Banist.,M. Hoffmann,R. Krahl,HD,1,0,BT09,"H,1,0,V09","22,7,173","RUSH:20,V11, TACK:20,3",G. Ameln rush for loss of 2 yards to the BT11 (R. Kendall;A. Gehrt).,"H,2,0,V11",rush,NA,0,12,43,NA,0,NA,22,H,HD,"PUNT,4,12:03,56","INT,4,07:52,89",8,33,4:11,PUNT,4,12:03,BT44,INT,4,07:52,BT11,1
2022_01_BT_HD,BT,HD,Berlin Thunder,Hamburg Sea Devils,6/5/2022,Hamburg,Stadion Hoheluft,15:00,17:48,Y,02:48,4936,23 degr.,SE,mostly sunny,F Kristensen,M. Kattillus,K. Haltermann,J. Ford-Banist.,M. Hoffmann,R. Krahl,HD,2,0,BT11,"H,2,0,V11","22,8,174","PASS:4,I,44,*",M. Maack pass incomplete to J. Kruse.,"H,3,0,V11",pass,NA,0,12,43,NA,0,NA,22,H,HD,"PUNT,4,12:03,56","INT,4,07:52,89",8,33,4:11,PUNT,4,12:03,BT44,INT,4,07:52,BT11,1
2022_01_BT_HD,BT,HD,Berlin Thunder,Hamburg Sea Devils,6/5/2022,Hamburg,Stadion Hoheluft,15:00,17:48,Y,02:48,4936,23 degr.,SE,mostly sunny,F Kristensen,M. Kattillus,K. Haltermann,J. Ford-Banist.,M. Hoffmann,R. Krahl,HD,3,0,BT11,"H,3,0,V11","22,9,175","PASS:4,X,20,V00 RET:20,H29 TACK:45","M. Maack pass intercepted by R. Kendall at the BT0, R. Kendall return 71 yards to the HD29 (J. Sarfo).","V,1,10,H29",pass,NA,0,12,43,NA,0,I,22,H,HD,"PUNT,4,12:03,56","INT,4,07:52,89",8,33,4:11,PUNT,4,12:03,BT44,INT,4,07:52,BT11,1
2022_01_BT_HD,BT,HD,Berlin Thunder,Hamburg Sea Devils,6/5/2022,Hamburg,Stadion Hoheluft,15:00,17:48,Y,02:48,4936,23 degr.,SE,mostly sunny,F Kristensen,M. Kattillus,K. Haltermann,J. Ford-Banist.,M. Hoffmann,R. Krahl,BT,1,10,HD29,"V,1,10,H29","23,1,176",{DRIVE}:07:52,BERLIN THUNDER drive start at 07:52.,"V,1,10,H29",NA,NA,0,12,43,07:52,0,NA,23,V,BT,"INT,4,07:52,71","TD,4,05:37,100",4,29,2:15,INT,4,07:52,HD29,TD,4,05:37,HD00,NA
2022_01_BT_HD,BT,HD,Berlin Thunder,Hamburg Sea Devils,6/5/2022,Hamburg,Stadion Hoheluft,15:00,17:48,Y,02:48,4936,23 degr.,SE,mostly sunny,F Kristensen,M. Kattillus,K. Haltermann,J. Ford-Banist.,M. Hoffmann,R. Krahl,BT,1,10,HD29,"V,1,10,H29","23,2,177",TOUT:H T:07:52,"Timeout Hamburg Sea Devils, clock 07:52.","V,1,10,H29",NA,NA,0,12,43,07:52,0,NA,23,V,BT,"INT,4,07:52,71","TD,4,05:37,100",4,29,2:15,INT,4,07:52,HD29,TD,4,05:37,HD00,NA
2022_01_BT_HD,BT,HD,Berlin Thunder,Hamburg Sea Devils,6/5/2022,Hamburg,Stadion Hoheluft,15:00,17:48,Y,02:48,4936,23 degr.,SE,mostly sunny,F Kristensen,M. Kattillus,K. Haltermann,J. Ford-Banist.,M. Hoffmann,R. Krahl,BT,1,10,HD29,"V,1,10,H29","23,3,178","RUSH:22,H26, TACK:62",A. Wiesigstrauc rush for 3 yards to the HD26 (E. De Souza).,"V,2,7,H26",rush,NA,0,12,43,NA,0,NA,23,V,BT,"INT,4,07:52,71","TD,4,05:37,100",4,29,2:15,INT,4,07:52,HD29,TD,4,05:37,HD00,NA
2022_01_BT_HD,BT,HD,Berlin Thunder,Hamburg Sea Devils,6/5/2022,Hamburg,Stadion Hoheluft,15:00,17:48,Y,02:48,4936,23 degr.,SE,mostly sunny,F Kristensen,M. Kattillus,K. Haltermann,J. Ford-Banist.,M. Hoffmann,R. Krahl,BT,2,7,HD26,"V,2,7,H26","23,4,179","RUSH:9,H23, TACK:96",J. Germinerio rush for 3 yards to the HD23 (T. Haenni).,"V,3,4,H23",rush,NA,0,12,43,NA,0,NA,23,V,BT,"INT,4,07:52,71","TD,4,05:37,100",4,29,2:15,INT,4,07:52,HD29,TD,4,05:37,HD00,NA
2022_01_BT_HD,BT,HD,Berlin Thunder,Hamburg Sea Devils,6/5/2022,Hamburg,Stadion Hoheluft,15:00,17:48,Y,02:48,4936,23 degr.,SE,mostly sunny,F Kristensen,M. Kattillus,K. Haltermann,J. Ford-Banist.,M. Hoffmann,R. Krahl,BT,3,4,HD23,"V,3,4,H23","23,5,180","RUSH:9,H26, FORCE:91 FUMB:V,H26,9","J. Germinerio rush for loss of 3 yards to the HD26, fumble forced by K. Edebali, fumble by J. Germinerio recovered by BT J. Germinerio at HD26.","V,4,7,H26",rush,NA,0,12,43,NA,0,NA,23,V,BT,"INT,4,07:52,71","TD,4,05:37,100",4,29,2:15,INT,4,07:52,HD29,TD,4,05:37,HD00,NA
2022_01_BT_HD,BT,HD,Berlin Thunder,Hamburg Sea Devils,6/5/2022,Hamburg,Stadion Hoheluft,15:00,17:48,Y,02:48,4936,23 degr.,SE,mostly sunny,F Kristensen,M. Kattillus,K. Haltermann,J. Ford-Banist.,M. Hoffmann,R. Krahl,BT,4,7,HD26,"V,4,7,H26","23,6,181","PASS:9,C,17,H00 T:05:37 PAT:P,9,M","J. Germinerio pass complete to E. Drossard for 26 yards to the HD0, 1ST DOWN BT, TOUCHDOWN, clock 05:37, J. Germinerio pass attempt failed.","V,1,0,V30",pat,pass,1,18,43,05:37,0,NA,23,V,BT,"INT,4,07:52,71","TD,4,05:37,100",4,29,2:15,INT,4,07:52,HD29,TD,4,05:37,HD00,NA
2022_01_BT_HD,BT,HD,Berlin Thunder,Hamburg Sea Devils,6/5/2022,Hamburg,Stadion Hoheluft,15:00,17:48,Y,02:48,4936,23 degr.,SE,mostly sunny,F Kristensen,M. Kattillus,K. Haltermann,J. Ford-Banist.,M. Hoffmann,R. Krahl,BT,1,0,BT30,"V,1,0,V30","23,7,182","KO:26,H19 RET:23,H26 TACK:55","J. Schenderlein kickoff 51 yards to the HD19, J. Rogers return 7 yards to the HD26 (M. Markert).","H,1,10,H26",kick_off,NA,0,18,43,NA,0,NA,23,V,BT,"INT,4,07:52,71","TD,4,05:37,100",4,29,2:15,INT,4,07:52,HD29,TD,4,05:37,HD00,NA
2022_01_BT_HD,BT,HD,Berlin Thunder,Hamburg Sea Devils,6/5/2022,Hamburg,Stadion Hoheluft,15:00,17:48,Y,02:48,4936,23 degr.,SE,mostly sunny,F Kristensen,M. Kattillus,K. Haltermann,J. Ford-Banist.,M. Hoffmann,R. Krahl,HD,1,10,HD26,"H,1,10,H26","24,1,183",{DRIVE}:05:33,HAMBURG SEA DEVILS drive start at 05:33.,"H,1,10,H26",NA,NA,0,18,43,05:33,0,NA,24,H,HD,"KO,4,05:33,26","PUNT,4,02:26,36",5,10,3:07,KO,4,05:33,HD26,PUNT,4,02:26,HD36,NA
2022_01_BT_HD,BT,HD,Berlin Thunder,Hamburg Sea Devils,6/5/2022,Hamburg,Stadion Hoheluft,15:00,17:48,Y,02:48,4936,23 degr.,SE,mostly sunny,F Kristensen,M. Kattillus,K. Haltermann,J. Ford-Banist.,M. Hoffmann,R. Krahl,HD,1,10,HD26,"H,1,10,H26","24,2,184","RUSH:7,H34,",G. Toonga rush for 8 yards to the HD34.,"H,2,2,H34",rush,NA,0,18,43,NA,0,NA,24,H,HD,"KO,4,05:33,26","PUNT,4,02:26,36",5,10,3:07,KO,4,05:33,HD26,PUNT,4,02:26,HD36,NA
2022_01_BT_HD,BT,HD,Berlin Thunder,Hamburg Sea Devils,6/5/2022,Hamburg,Stadion Hoheluft,15:00,17:48,Y,02:48,4936,23 degr.,SE,mostly sunny,F Kristensen,M. Kattillus,K. Haltermann,J. Ford-Banist.,M. Hoffmann,R. Krahl,HD,2,2,HD34,"H,2,2,H34","24,3,185","RUSH:7,H39, TACK:30","G. Toonga rush for 5 yards to the HD39, 1ST DOWN HD (L. Myr√©n).","H,1,10,H39",rush,rush,0,18,43,NA,0,NA,24,H,HD,"KO,4,05:33,26","PUNT,4,02:26,36",5,10,3:07,KO,4,05:33,HD26,PUNT,4,02:26,HD36,NA
2022_01_BT_HD,BT,HD,Berlin Thunder,Hamburg Sea Devils,6/5/2022,Hamburg,Stadion Hoheluft,15:00,17:48,Y,02:48,4936,23 degr.,SE,mostly sunny,F Kristensen,M. Kattillus,K. Haltermann,J. Ford-Banist.,M. Hoffmann,R. Krahl,HD,1,10,HD39,"H,1,10,H39","24,4,186","RUSH:20,H42, TACK:21",G. Ameln rush for 3 yards to the HD42 (A. Kilani).,"H,2,7,H42",rush,NA,0,18,43,NA,0,NA,24,H,HD,"KO,4,05:33,26","PUNT,4,02:26,36",5,10,3:07,KO,4,05:33,HD26,PUNT,4,02:26,HD36,NA
2022_01_BT_HD,BT,HD,Berlin Thunder,Hamburg Sea Devils,6/5/2022,Hamburg,Stadion Hoheluft,15:00,17:48,Y,02:48,4936,23 degr.,SE,mostly sunny,F Kristensen,M. Kattillus,K. Haltermann,J. Ford-Banist.,M. Hoffmann,R. Krahl,HD,2,7,HD42,"H,2,7,H42","24,5,187","RUSH:20,H42, TACK:21",G. Ameln rush for no gain to the HD42 (A. Kilani).,"H,3,7,H42",rush,NA,0,18,43,NA,0,NA,24,H,HD,"KO,4,05:33,26","PUNT,4,02:26,36",5,10,3:07,KO,4,05:33,HD26,PUNT,4,02:26,HD36,NA
2022_01_BT_HD,BT,HD,Berlin Thunder,Hamburg Sea Devils,6/5/2022,Hamburg,Stadion Hoheluft,15:00,17:48,Y,02:48,4936,23 degr.,SE,mostly sunny,F Kristensen,M. Kattillus,K. Haltermann,J. Ford-Banist.,M. Hoffmann,R. Krahl,HD,3,7,HD42,"H,3,7,H42","24,6,188","RUSH:4,H36, OB:","M. Maack rush for loss of 6 yards to the HD36, out-of-bounds.","H,4,13,H36",rush,NA,0,18,43,NA,1,NA,24,H,HD,"KO,4,05:33,26","PUNT,4,02:26,36",5,10,3:07,KO,4,05:33,HD26,PUNT,4,02:26,HD36,NA
2022_01_BT_HD,BT,HD,Berlin Thunder,Hamburg Sea Devils,6/5/2022,Hamburg,Stadion Hoheluft,15:00,17:48,Y,02:48,4936,23 degr.,SE,mostly sunny,F Kristensen,M. Kattillus,K. Haltermann,J. Ford-Banist.,M. Hoffmann,R. Krahl,HD,4,13,HD36,"H,4,13,H36","24,7,189","PUNT:8,V24",E. Schlomm punt 40 yards to the BT24.,"V,1,10,V24",punt,NA,0,18,43,NA,0,NA,24,H,HD,"KO,4,05:33,26","PUNT,4,02:26,36",5,10,3:07,KO,4,05:33,HD26,PUNT,4,02:26,HD36,NA
2022_01_BT_HD,BT,HD,Berlin Thunder,Hamburg Sea Devils,6/5/2022,Hamburg,Stadion Hoheluft,15:00,17:48,Y,02:48,4936,23 degr.,SE,mostly sunny,F Kristensen,M. Kattillus,K. Haltermann,J. Ford-Banist.,M. Hoffmann,R. Krahl,BT,1,10,BT24,"V,1,10,V24","25,1,190",{DRIVE}:02:26,BERLIN THUNDER drive start at 02:26.,"V,1,10,V24",NA,NA,0,18,43,02:26,0,NA,25,V,BT,"PUNT,4,02:26,24","DOWNS,4,01:22,74",9,50,1:04,PUNT,4,02:26,BT24,DOWNS,4,01:22,HD26,NA
2022_01_BT_HD,BT,HD,Berlin Thunder,Hamburg Sea Devils,6/5/2022,Hamburg,Stadion Hoheluft,15:00,17:48,Y,02:48,4936,23 degr.,SE,mostly sunny,F Kristensen,M. Kattillus,K. Haltermann,J. Ford-Banist.,M. Hoffmann,R. Krahl,BT,1,10,BT24,"V,1,10,V24","25,2,191","PASS:9,C,89,V24 TACK:25",J. Germinerio pass complete to P. Schumann for no gain to the BT24 (D. Brown Jr.).,"V,2,10,V24",pass,NA,0,18,43,NA,0,NA,25,V,BT,"PUNT,4,02:26,24","DOWNS,4,01:22,74",9,50,1:04,PUNT,4,02:26,BT24,DOWNS,4,01:22,HD26,NA
2022_01_BT_HD,BT,HD,Berlin Thunder,Hamburg Sea Devils,6/5/2022,Hamburg,Stadion Hoheluft,15:00,17:48,Y,02:48,4936,23 degr.,SE,mostly sunny,F Kristensen,M. Kattillus,K. Haltermann,J. Ford-Banist.,M. Hoffmann,R. Krahl,BT,2,10,BT24,"V,2,10,V24","25,3,192","PASS:9,C,17,V34 TACK:23","J. Germinerio pass complete to E. Drossard for 10 yards to the BT34, 1ST DOWN BT (J. Rogers).","V,1,10,V34",pass,pass,0,18,43,NA,0,NA,25,V,BT,"PUNT,4,02:26,24","DOWNS,4,01:22,74",9,50,1:04,PUNT,4,02:26,BT24,DOWNS,4,01:22,HD26,NA
2022_01_BT_HD,BT,HD,Berlin Thunder,Hamburg Sea Devils,6/5/2022,Hamburg,Stadion Hoheluft,15:00,17:48,Y,02:48,4936,23 degr.,SE,mostly sunny,F Kristensen,M. Kattillus,K. Haltermann,J. Ford-Banist.,M. Hoffmann,R. Krahl,BT,1,10,BT34,"V,1,10,V34","25,4,193","PASS:9,I,13,*",J. Germinerio pass incomplete to Y. Binner.,"V,2,10,V34",pass,NA,0,18,43,NA,0,NA,25,V,BT,"PUNT,4,02:26,24","DOWNS,4,01:22,74",9,50,1:04,PUNT,4,02:26,BT24,DOWNS,4,01:22,HD26,NA
2022_01_BT_HD,BT,HD,Berlin Thunder,Hamburg Sea Devils,6/5/2022,Hamburg,Stadion Hoheluft,15:00,17:48,Y,02:48,4936,23 degr.,SE,mostly sunny,F Kristensen,M. Kattillus,K. Haltermann,J. Ford-Banist.,M. Hoffmann,R. Krahl,BT,2,10,BT34,"V,2,10,V34","25,5,194","PASS:9,C,17,V45 TACK:58","J. Germinerio pass complete to E. Drossard for 11 yards to the BT45, 1ST DOWN BT (B. Lohse).","V,1,10,V45",pass,pass,0,18,43,NA,0,NA,25,V,BT,"PUNT,4,02:26,24","DOWNS,4,01:22,74",9,50,1:04,PUNT,4,02:26,BT24,DOWNS,4,01:22,HD26,NA
2022_01_BT_HD,BT,HD,Berlin Thunder,Hamburg Sea Devils,6/5/2022,Hamburg,Stadion Hoheluft,15:00,17:48,Y,02:48,4936,23 degr.,SE,mostly sunny,F Kristensen,M. Kattillus,K. Haltermann,J. Ford-Banist.,M. Hoffmann,R. Krahl,BT,1,10,BT45,"V,1,10,V45","25,6,196","PEN:H,IC,A,56,H50,N",PENALTY HD Illegal Contact (G. Nanguy) 5 yards to the 50 yardline.,"V,1,5,V50",penalty,NA,0,18,43,NA,0,NA,25,V,BT,"PUNT,4,02:26,24","DOWNS,4,01:22,74",9,50,1:04,PUNT,4,02:26,BT24,DOWNS,4,01:22,HD26,NA
2022_01_BT_HD,BT,HD,Berlin Thunder,Hamburg Sea Devils,6/5/2022,Hamburg,Stadion Hoheluft,15:00,17:48,Y,02:48,4936,23 degr.,SE,mostly sunny,F Kristensen,M. Kattillus,K. Haltermann,J. Ford-Banist.,M. Hoffmann,R. Krahl,BT,1,5,BT50,"V,1,5,V50","25,7,197","PASS:9,C,17,H34 TACK:14","J. Germinerio pass complete to E. Drossard for 16 yards to the HD34, 1ST DOWN BT (M. Wessel).","V,1,10,H34",pass,pass,0,18,43,NA,0,NA,25,V,BT,"PUNT,4,02:26,24","DOWNS,4,01:22,74",9,50,1:04,PUNT,4,02:26,BT24,DOWNS,4,01:22,HD26,NA
2022_01_BT_HD,BT,HD,Berlin Thunder,Hamburg Sea Devils,6/5/2022,Hamburg,Stadion Hoheluft,15:00,17:48,Y,02:48,4936,23 degr.,SE,mostly sunny,F Kristensen,M. Kattillus,K. Haltermann,J. Ford-Banist.,M. Hoffmann,R. Krahl,BT,1,10,HD34,"V,1,10,H34","25,8,198","PASS:9,B,7,* BRUP:23",J. Germinerio pass incomplete to R. Wilzeck (J. Rogers).,"V,2,10,H34",pass,NA,0,18,43,NA,0,NA,25,V,BT,"PUNT,4,02:26,24","DOWNS,4,01:22,74",9,50,1:04,PUNT,4,02:26,BT24,DOWNS,4,01:22,HD26,NA
2022_01_BT_HD,BT,HD,Berlin Thunder,Hamburg Sea Devils,6/5/2022,Hamburg,Stadion Hoheluft,15:00,17:48,Y,02:48,4936,23 degr.,SE,mostly sunny,F Kristensen,M. Kattillus,K. Haltermann,J. Ford-Banist.,M. Hoffmann,R. Krahl,BT,2,10,HD34,"V,2,10,H34","25,9,199","PASS:9,I,17,*",J. Germinerio pass incomplete to E. Drossard.,"V,3,10,H34",pass,NA,0,18,43,NA,0,NA,25,V,BT,"PUNT,4,02:26,24","DOWNS,4,01:22,74",9,50,1:04,PUNT,4,02:26,BT24,DOWNS,4,01:22,HD26,NA
2022_01_BT_HD,BT,HD,Berlin Thunder,Hamburg Sea Devils,6/5/2022,Hamburg,Stadion Hoheluft,15:00,17:48,Y,02:48,4936,23 degr.,SE,mostly sunny,F Kristensen,M. Kattillus,K. Haltermann,J. Ford-Banist.,M. Hoffmann,R. Krahl,BT,3,10,HD34,"V,3,10,H34","25,10,200","PASS:9,B,17,* BRUP:21",J. Germinerio pass incomplete to E. Drossard (V. Wilson Oberk).,"V,4,10,H34",pass,NA,0,18,43,NA,0,NA,25,V,BT,"PUNT,4,02:26,24","DOWNS,4,01:22,74",9,50,1:04,PUNT,4,02:26,BT24,DOWNS,4,01:22,HD26,NA
2022_01_BT_HD,BT,HD,Berlin Thunder,Hamburg Sea Devils,6/5/2022,Hamburg,Stadion Hoheluft,15:00,17:48,Y,02:48,4936,23 degr.,SE,mostly sunny,F Kristensen,M. Kattillus,K. Haltermann,J. Ford-Banist.,M. Hoffmann,R. Krahl,BT,4,10,HD34,"V,4,10,H34","25,11,201",TOUT:V T:01:30,"Timeout Berlin Thunder, clock 01:30.","V,4,10,H34",NA,NA,0,18,43,01:30,0,NA,25,V,BT,"PUNT,4,02:26,24","DOWNS,4,01:22,74",9,50,1:04,PUNT,4,02:26,BT24,DOWNS,4,01:22,HD26,NA
2022_01_BT_HD,BT,HD,Berlin Thunder,Hamburg Sea Devils,6/5/2022,Hamburg,Stadion Hoheluft,15:00,17:48,Y,02:48,4936,23 degr.,SE,mostly sunny,F Kristensen,M. Kattillus,K. Haltermann,J. Ford-Banist.,M. Hoffmann,R. Krahl,BT,4,10,HD34,"V,4,10,H34","25,12,202","PASS:9,C,7,H26 OB:","J. Germinerio pass complete to R. Wilzeck for 8 yards to the HD26, out-of-bounds.","H,1,10,H26",pass,NA,0,18,43,NA,1,NA,25,V,BT,"PUNT,4,02:26,24","DOWNS,4,01:22,74",9,50,1:04,PUNT,4,02:26,BT24,DOWNS,4,01:22,HD26,NA
2022_01_BT_HD,BT,HD,Berlin Thunder,Hamburg Sea Devils,6/5/2022,Hamburg,Stadion Hoheluft,15:00,17:48,Y,02:48,4936,23 degr.,SE,mostly sunny,F Kristensen,M. Kattillus,K. Haltermann,J. Ford-Banist.,M. Hoffmann,R. Krahl,HD,1,10,HD26,"H,1,10,H26","26,1,203",{DRIVE}:01:22,HAMBURG SEA DEVILS drive start at 01:22.,"H,1,10,H26",NA,NA,0,18,43,01:22,0,NA,26,H,HD,"DOWNS,4,01:22,26","HALF,4,00:00,42",2,16,1:22,DOWNS,4,01:22,HD26,HALF,4,00:00,HD42,NA
2022_01_BT_HD,BT,HD,Berlin Thunder,Hamburg Sea Devils,6/5/2022,Hamburg,Stadion Hoheluft,15:00,17:48,Y,02:48,4936,23 degr.,SE,mostly sunny,F Kristensen,M. Kattillus,K. Haltermann,J. Ford-Banist.,M. Hoffmann,R. Krahl,HD,1,10,HD26,"H,1,10,H26","26,2,204","RUSH:26,H43, TACK:8","S. Homadi rush for 17 yards to the HD43, 1ST DOWN HD (P. Seifert).","H,1,10,H43",rush,rush,0,18,43,NA,0,NA,26,H,HD,"DOWNS,4,01:22,26","HALF,4,00:00,42",2,16,1:22,DOWNS,4,01:22,HD26,HALF,4,00:00,HD42,NA
2022_01_BT_HD,BT,HD,Berlin Thunder,Hamburg Sea Devils,6/5/2022,Hamburg,Stadion Hoheluft,15:00,17:48,Y,02:48,4936,23 degr.,SE,mostly sunny,F Kristensen,M. Kattillus,K. Haltermann,J. Ford-Banist.,M. Hoffmann,R. Krahl,HD,1,10,HD43,"H,1,10,H43","26,3,205","RUSH:4,H42,",M. Maack rush for loss of 1 yard to the HD42.,"H,2,11,H42",rush,NA,0,18,43,NA,0,NA,26,H,HD,"DOWNS,4,01:22,26","HALF,4,00:00,42",2,16,1:22,DOWNS,4,01:22,HD26,HALF,4,00:00,HD42,NA
2022_01_BT_HD,BT,HD,Berlin Thunder,Hamburg Sea Devils,6/5/2022,Hamburg,Stadion Hoheluft,15:00,17:48,Y,02:48,4936,23 degr.,SE,mostly sunny,F Kristensen,M. Kattillus,K. Haltermann,J. Ford-Banist.,M. Hoffmann,R. Krahl,HD,2,11,HD42,"H,2,11,H42","26,4,206",HALF: T:00:00,"End of game, clock 00:00.","H,2,11,H42",NA,NA,0,18,43,00:00,0,NA,26,H,HD,"DOWNS,4,01:22,26","HALF,4,00:00,42",2,16,1:22,DOWNS,4,01:22,HD26,HALF,4,00:00,HD42,NA
